item_no,description,unit,rate,currency,raw_line,page,line,data_origin,is_real,source_artifact_id,annotation_origin,verification_status
1.1.1,Group A,Point,1406,INR,1.1.1 Group A Point 1406 ,12,14,real,True,sha256:dc58bcdf21a288b9f21c605684be24ed4e38695d9c31d99e0c928e5a4b7a4691,machine_text_pattern,machine_extracted_unverified
1.1.2,Group B,Point,1661,INR,1.1.2 Group B Point 1661 ,12,16,real,True,sha256:dc58bcdf21a288b9f21c605684be24ed4e38695d9c31d99e0c928e5a4b7a4691,machine_text_pattern,machine_extracted_unverified
1.1.3,Group C,Point,2078,INR,1.1.3 Group C Point 2078 ,12,18,real,True,sha256:dc58bcdf21a288b9f21c605684be24ed4e38695d9c31d99e0c928e5a4b7a4691,machine_text_pattern,machine_extracted_unverified
1.3.1,Group A,Point,1429,INR,1.3.1 Group A Point 1429 ,12,45,real,True,sha256:dc58bcdf21a288b9f21c605684be24ed4e38695d9c31d99e0c928e5a4b7a4691,machine_text_pattern,machine_extracted_unverified
1.3.2,Group B,Point,1684,INR,1.3.2 Group B Point 1684 ,12,47,real,True,sha256:dc58bcdf21a288b9f21c605684be24ed4e38695d9c31d99e0c928e5a4b7a4691,machine_text_pattern,machine_extracted_unverified
1.3.3,Group C,Point,2101,INR,1.3.3 Group C Point 2101 ,12,49,real,True,sha256:dc58bcdf21a288b9f21c605684be24ed4e38695d9c31d99e0c928e5a4b7a4691,machine_text_pattern,machine_extracted_unverified
1.7.1,2 X 1.5 sq. mm + 1 X 1.5 sq. mm earth wire,Metre,370,INR,1.7.1 2 X 1.5 sq. mm + 1 X 1.5 sq. mm earth wire Metre 370 ,13,40,real,True,sha256:dc58bcdf21a288b9f21c605684be24ed4e38695d9c31d99e0c928e5a4b7a4691,machine_text_pattern,machine_extracted_unverified
1.7.2,2 X 2.5 sq. mm + 1 X 2.5 sq. mm earth wire,Metre,414,INR,1.7.2 2 X 2.5 sq. mm + 1 X 2.5 sq. mm earth wire Metre 414 ,13,41,real,True,sha256:dc58bcdf21a288b9f21c605684be24ed4e38695d9c31d99e0c928e5a4b7a4691,machine_text_pattern,machine_extracted_unverified
1.7.3,2 X 4 sq. mm + 1 X 4 sq. mm earth wire,Metre,476,INR,1.7.3 2 X 4 sq. mm + 1 X 4 sq. mm earth wire Metre 476 ,13,42,real,True,sha256:dc58bcdf21a288b9f21c605684be24ed4e38695d9c31d99e0c928e5a4b7a4691,machine_text_pattern,machine_extracted_unverified
1.7.4,2 X 6 sq. mm + 1 X 6 sq. mm earth wire,Metre,652,INR,1.7.4 2 X 6 sq. mm + 1 X 6 sq. mm earth wire Metre 652 ,13,43,real,True,sha256:dc58bcdf21a288b9f21c605684be24ed4e38695d9c31d99e0c928e5a4b7a4691,machine_text_pattern,machine_extracted_unverified
1.7.5,2 X 10 sq. mm + 1 X 6 sq. mm earth wire,Metre,778,INR,1.7.5 2 X 10 sq. mm + 1 X 6 sq. mm earth wire Metre 778 ,13,44,real,True,sha256:dc58bcdf21a288b9f21c605684be24ed4e38695d9c31d99e0c928e5a4b7a4691,machine_text_pattern,machine_extracted_unverified
1.7.6,2 X 16 sq. mm + 1 X 6 sq. mm earth wire,Metre,1020,INR,1.7.6 2 X 16 sq. mm + 1 X 6 sq. mm earth wire Metre 1020 ,13,45,real,True,sha256:dc58bcdf21a288b9f21c605684be24ed4e38695d9c31d99e0c928e5a4b7a4691,machine_text_pattern,machine_extracted_unverified
1.7.7,4 X 2.5 sq. mm + 2 X 2.5 sq. mm earth wire,Metre,621,INR,1.7.7 4 X 2.5 sq. mm + 2 X 2.5 sq. mm earth wire Metre 621 ,13,46,real,True,sha256:dc58bcdf21a288b9f21c605684be24ed4e38695d9c31d99e0c928e5a4b7a4691,machine_text_pattern,machine_extracted_unverified
1.7.8,4 X 4 sq. mm + 2 X 4 sq. mm earth wire,Metre,744,INR,1.7.8 4 X 4 sq. mm + 2 X 4 sq. mm earth wire Metre 744 ,13,47,real,True,sha256:dc58bcdf21a288b9f21c605684be24ed4e38695d9c31d99e0c928e5a4b7a4691,machine_text_pattern,machine_extracted_unverified
1.7.9,4 X 6 sq. mm + 2 X 6 sq. mm earth wire,Metre,1001,INR,1.7.9 4 X 6 sq. mm + 2 X 6 sq. mm earth wire Metre 1001 ,13,48,real,True,sha256:dc58bcdf21a288b9f21c605684be24ed4e38695d9c31d99e0c928e5a4b7a4691,machine_text_pattern,machine_extracted_unverified
1.7.10,4 X 10 sq. mm + 2 X 6 sq. mm earth wire,Metre,1253,INR,1.7.10 4 X 10 sq. mm + 2 X 6 sq. mm earth wire Metre 1253 ,13,49,real,True,sha256:dc58bcdf21a288b9f21c605684be24ed4e38695d9c31d99e0c928e5a4b7a4691,machine_text_pattern,machine_extracted_unverified
1.7.11,4 X 16 sq. mm + 2 X 6 sq. mm earth wire,Metre,1760,INR,1.7.11 4 X 16 sq. mm + 2 X 6 sq. mm earth wire Metre 1760 ,13,50,real,True,sha256:dc58bcdf21a288b9f21c605684be24ed4e38695d9c31d99e0c928e5a4b7a4691,machine_text_pattern,machine_extracted_unverified
1.8.1,Group A,Point,1166,INR,1.8.1 Group A Point 1166 ,14,3,real,True,sha256:dc58bcdf21a288b9f21c605684be24ed4e38695d9c31d99e0c928e5a4b7a4691,machine_text_pattern,machine_extracted_unverified
1.8.2,Group B,Point,1339,INR,1.8.2 Group B Point 1339 ,14,4,real,True,sha256:dc58bcdf21a288b9f21c605684be24ed4e38695d9c31d99e0c928e5a4b7a4691,machine_text_pattern,machine_extracted_unverified
1.8.3,Group C,Point,1680,INR,1.8.3 Group C Point 1680 ,14,5,real,True,sha256:dc58bcdf21a288b9f21c605684be24ed4e38695d9c31d99e0c928e5a4b7a4691,machine_text_pattern,machine_extracted_unverified
1.10.1,Group A,Point,1189,INR,1.10.1 Group A Point 1189 ,14,32,real,True,sha256:dc58bcdf21a288b9f21c605684be24ed4e38695d9c31d99e0c928e5a4b7a4691,machine_text_pattern,machine_extracted_unverified
1.10.2,Group B,Point,1362,INR,1.10.2 Group B Point 1362 ,14,33,real,True,sha256:dc58bcdf21a288b9f21c605684be24ed4e38695d9c31d99e0c928e5a4b7a4691,machine_text_pattern,machine_extracted_unverified
1.10.3,Group C,Point,1704,INR,1.10.3 Group C Point 1704 ,14,34,real,True,sha256:dc58bcdf21a288b9f21c605684be24ed4e38695d9c31d99e0c928e5a4b7a4691,machine_text_pattern,machine_extracted_unverified
1.14.1,2 X 1.5 sq. mm + 1 X 1.5 sq. mm earth wire,Metre,267,INR,1.14.1 2 X 1.5 sq. mm + 1 X 1.5 sq. mm earth wire Metre 267 ,15,8,real,True,sha256:dc58bcdf21a288b9f21c605684be24ed4e38695d9c31d99e0c928e5a4b7a4691,machine_text_pattern,machine_extracted_unverified
1.14.2,2 X 2.5 sq. mm + 1 X 2.5 sq. mm earth wire,Metre,311,INR,1.14.2 2 X 2.5 sq. mm + 1 X 2.5 sq. mm earth wire Metre 311 ,15,9,real,True,sha256:dc58bcdf21a288b9f21c605684be24ed4e38695d9c31d99e0c928e5a4b7a4691,machine_text_pattern,machine_extracted_unverified
1.14.3,2 X 4 sq. mm + 1 X 4 sq. mm earth wire,Metre,4508,INR,1.14.3 2 X 4 sq. mm + 1 X 4 sq. mm earth wire Metre 4508 ,15,10,real,True,sha256:dc58bcdf21a288b9f21c605684be24ed4e38695d9c31d99e0c928e5a4b7a4691,machine_text_pattern,machine_extracted_unverified
1.14.4,2 X 6 sq. mm + 1 X 6 sq. mm earth wire,Metre,4525,INR,1.14.4 2 X 6 sq. mm + 1 X 6 sq. mm earth wire Metre 4525 ,15,11,real,True,sha256:dc58bcdf21a288b9f21c605684be24ed4e38695d9c31d99e0c928e5a4b7a4691,machine_text_pattern,machine_extracted_unverified
1.14.5,2 X 10 sq. mm + 1 X 6 sq. mm earth wire,Metre,4279,INR,1.14.5 2 X 10 sq. mm + 1 X 6 sq. mm earth wire Metre 4279 ,15,12,real,True,sha256:dc58bcdf21a288b9f21c605684be24ed4e38695d9c31d99e0c928e5a4b7a4691,machine_text_pattern,machine_extracted_unverified
1.14.6,2 X 16 sq. mm + 1 X 6 sq. mm earth wire,Metre,832,INR,1.14.6 2 X 16 sq. mm + 1 X 6 sq. mm earth wire Metre 832 ,15,13,real,True,sha256:dc58bcdf21a288b9f21c605684be24ed4e38695d9c31d99e0c928e5a4b7a4691,machine_text_pattern,machine_extracted_unverified
1.14.7,4 X 2.5 sq. mm + 2 X 2.5 sq. mm earth wire,Metre,452,INR,1.14.7 4 X 2.5 sq. mm + 2 X 2.5 sq. mm earth wire Metre 452 ,15,14,real,True,sha256:dc58bcdf21a288b9f21c605684be24ed4e38695d9c31d99e0c928e5a4b7a4691,machine_text_pattern,machine_extracted_unverified
1.14.8,4 X 4 sq. mm + 2 X 4 sq. mm earth wire,Metre,587,INR,1.14.8 4 X 4 sq. mm + 2 X 4 sq. mm earth wire Metre 587 ,15,15,real,True,sha256:dc58bcdf21a288b9f21c605684be24ed4e38695d9c31d99e0c928e5a4b7a4691,machine_text_pattern,machine_extracted_unverified
1.14.9,4 X 6 sq. mm + 2 X 6 sq. mm earth wire,Metre,813,INR,1.14.9 4 X 6 sq. mm + 2 X 6 sq. mm earth wire Metre 813 ,15,16,real,True,sha256:dc58bcdf21a288b9f21c605684be24ed4e38695d9c31d99e0c928e5a4b7a4691,machine_text_pattern,machine_extracted_unverified
1.14.10,4 X 10 sq. mm + 2 X 6 sq. mm earth wire,Metre,1078,INR,1.14.10 4 X 10 sq. mm + 2 X 6  sq. mm earth wire Metre 1078 ,15,17,real,True,sha256:dc58bcdf21a288b9f21c605684be24ed4e38695d9c31d99e0c928e5a4b7a4691,machine_text_pattern,machine_extracted_unverified
1.14.11,4 X 16 sq. mm + 2 X 6 sq. mm earth wire,Metre,1454,INR,1.14.11 4 X 16 sq. mm + 2 X 6 sq. mm earth wire Metre 1454 ,15,18,real,True,sha256:dc58bcdf21a288b9f21c605684be24ed4e38695d9c31d99e0c928e5a4b7a4691,machine_text_pattern,machine_extracted_unverified
1.15.1,Group A,Point,687,INR,1.15.1 Group A Point 687 ,15,26,real,True,sha256:dc58bcdf21a288b9f21c605684be24ed4e38695d9c31d99e0c928e5a4b7a4691,machine_text_pattern,machine_extracted_unverified
1.15.2,Group B,Point,752,INR,1.15.2 Group B Point 752 ,15,27,real,True,sha256:dc58bcdf21a288b9f21c605684be24ed4e38695d9c31d99e0c928e5a4b7a4691,machine_text_pattern,machine_extracted_unverified
1.15.3,Group C,Point,1064,INR,1.15.3 Group C Point 1064 ,15,28,real,True,sha256:dc58bcdf21a288b9f21c605684be24ed4e38695d9c31d99e0c928e5a4b7a4691,machine_text_pattern,machine_extracted_unverified
1.17.1,1 x 1.5 sq. mm,Metre,51,INR,1.17.1 1 x 1.5 sq. mm Metre 51 ,16,7,real,True,sha256:dc58bcdf21a288b9f21c605684be24ed4e38695d9c31d99e0c928e5a4b7a4691,machine_text_pattern,machine_extracted_unverified
1.17.2,2 x 1.5 sq. mm,Metre,77,INR,1.17.2 2 x 1.5 sq. mm Metre 77 ,16,8,real,True,sha256:dc58bcdf21a288b9f21c605684be24ed4e38695d9c31d99e0c928e5a4b7a4691,machine_text_pattern,machine_extracted_unverified
1.17.3,3 x 1.5 sq. mm,Metre,104,INR,1.17.3 3 x 1.5 sq. mm Metre 104 ,16,9,real,True,sha256:dc58bcdf21a288b9f21c605684be24ed4e38695d9c31d99e0c928e5a4b7a4691,machine_text_pattern,machine_extracted_unverified
1.17.4,4 x 1.5 sq. mm,Metre,130,INR,1.17.4 4 x 1.5 sq. mm Metre 130 ,16,10,real,True,sha256:dc58bcdf21a288b9f21c605684be24ed4e38695d9c31d99e0c928e5a4b7a4691,machine_text_pattern,machine_extracted_unverified
1.17.5,5 x 1.5 sq. mm,Metre,169,INR,1.17.5 5 x 1.5 sq. mm Metre 169 ,16,11,real,True,sha256:dc58bcdf21a288b9f21c605684be24ed4e38695d9c31d99e0c928e5a4b7a4691,machine_text_pattern,machine_extracted_unverified
1.17.6,6 x 1.5 sq. mm,Metre,195,INR,1.17.6 6 x 1.5 sq. mm Metre 195 ,16,12,real,True,sha256:dc58bcdf21a288b9f21c605684be24ed4e38695d9c31d99e0c928e5a4b7a4691,machine_text_pattern,machine_extracted_unverified
1.17.7,7 x 1.5 sq. mm,Metre,234,INR,1.17.7 7 x 1.5 sq. mm Metre 234 ,16,13,real,True,sha256:dc58bcdf21a288b9f21c605684be24ed4e38695d9c31d99e0c928e5a4b7a4691,machine_text_pattern,machine_extracted_unverified
1.17.8,8 x 1.5 sq. mm,Metre,260,INR,1.17.8 8 x 1.5 sq. mm Metre 260 ,16,14,real,True,sha256:dc58bcdf21a288b9f21c605684be24ed4e38695d9c31d99e0c928e5a4b7a4691,machine_text_pattern,machine_extracted_unverified
1.17.9,9 x 1.5 sq. mm,Metre,311,INR,1.17.9 9 x 1.5 sq. mm Metre 311 ,16,15,real,True,sha256:dc58bcdf21a288b9f21c605684be24ed4e38695d9c31d99e0c928e5a4b7a4691,machine_text_pattern,machine_extracted_unverified
1.17.10,10 x 1.5 sq. mm,Metre,338,INR,1.17.10 10 x 1.5 sq. mm Metre 338 ,16,16,real,True,sha256:dc58bcdf21a288b9f21c605684be24ed4e38695d9c31d99e0c928e5a4b7a4691,machine_text_pattern,machine_extracted_unverified
1.17.11,2 x 2.5 sq. mm,Metre,107,INR,1.17.11 2 x 2.5 sq. mm Metre 107 ,16,17,real,True,sha256:dc58bcdf21a288b9f21c605684be24ed4e38695d9c31d99e0c928e5a4b7a4691,machine_text_pattern,machine_extracted_unverified
1.17.12,3 x 2.5 sq. mm,Metre,148,INR,1.17.12 3 x 2.5 sq. mm Metre 148 ,16,18,real,True,sha256:dc58bcdf21a288b9f21c605684be24ed4e38695d9c31d99e0c928e5a4b7a4691,machine_text_pattern,machine_extracted_unverified
1.17.13,4 x 2.5 sq. mm,Metre,189,INR,1.17.13 4 x 2.5 sq. mm Metre 189 ,16,19,real,True,sha256:dc58bcdf21a288b9f21c605684be24ed4e38695d9c31d99e0c928e5a4b7a4691,machine_text_pattern,machine_extracted_unverified
1.17.14,5 x 2.5 sq. mm,Metre,242,INR,1.17.14 5 x 2.5 sq. mm Metre 242 ,16,20,real,True,sha256:dc58bcdf21a288b9f21c605684be24ed4e38695d9c31d99e0c928e5a4b7a4691,machine_text_pattern,machine_extracted_unverified
1.17.15,6 x 2.5 sq. mm,Metre,283,INR,1.17.15 6 x 2.5 sq. mm Metre 283 ,16,21,real,True,sha256:dc58bcdf21a288b9f21c605684be24ed4e38695d9c31d99e0c928e5a4b7a4691,machine_text_pattern,machine_extracted_unverified
1.17.16,7 x 2.5 sq. mm,Metre,337,INR,1.17.16 7 x 2.5 sq. mm Metre 337 ,16,22,real,True,sha256:dc58bcdf21a288b9f21c605684be24ed4e38695d9c31d99e0c928e5a4b7a4691,machine_text_pattern,machine_extracted_unverified
1.17.17,8 x 2.5 sq. mm,Metre,378,INR,1.17.17 8 x 2.5 sq. mm Metre 378 ,16,23,real,True,sha256:dc58bcdf21a288b9f21c605684be24ed4e38695d9c31d99e0c928e5a4b7a4691,machine_text_pattern,machine_extracted_unverified
1.17.18,9 x 2.5 sq. mm,Metre,443,INR,1.17.18 9 x 2.5 sq. mm Metre 443 ,16,24,real,True,sha256:dc58bcdf21a288b9f21c605684be24ed4e38695d9c31d99e0c928e5a4b7a4691,machine_text_pattern,machine_extracted_unverified
1.17.19,10 x 2.5 sq. mm,Metre,484,INR,1.17.19 10 x 2.5 sq. mm Metre 484 ,16,25,real,True,sha256:dc58bcdf21a288b9f21c605684be24ed4e38695d9c31d99e0c928e5a4b7a4691,machine_text_pattern,machine_extracted_unverified
1.17.20,2 x 4 sq. mm,Metre,160,INR,1.17.20 2 x 4 sq. mm Metre 160 ,16,26,real,True,sha256:dc58bcdf21a288b9f21c605684be24ed4e38695d9c31d99e0c928e5a4b7a4691,machine_text_pattern,machine_extracted_unverified
1.17.21,3 x 4 sq. mm,Metre,4357,INR,1.17.21 3 x 4 sq. mm Metre 4357 ,16,27,real,True,sha256:dc58bcdf21a288b9f21c605684be24ed4e38695d9c31d99e0c928e5a4b7a4691,machine_text_pattern,machine_extracted_unverified
1.17.22,4 x 4 sq. mm,Metre,296,INR,1.17.22 4 x 4 sq. mm Metre 296 ,17,3,real,True,sha256:dc58bcdf21a288b9f21c605684be24ed4e38695d9c31d99e0c928e5a4b7a4691,machine_text_pattern,machine_extracted_unverified
1.17.23,5 x 4 sq. mm,Metre,362,INR,1.17.23 5 x 4 sq. mm Metre 362 ,17,4,real,True,sha256:dc58bcdf21a288b9f21c605684be24ed4e38695d9c31d99e0c928e5a4b7a4691,machine_text_pattern,machine_extracted_unverified
1.17.24,6 x 4 sq. mm,Metre,424,INR,1.17.24 6 x 4 sq. mm Metre 424 ,17,5,real,True,sha256:dc58bcdf21a288b9f21c605684be24ed4e38695d9c31d99e0c928e5a4b7a4691,machine_text_pattern,machine_extracted_unverified
1.17.25,7 x 4 sq. mm,Metre,488,INR,1.17.25 7 x 4 sq. mm Metre 488 ,17,6,real,True,sha256:dc58bcdf21a288b9f21c605684be24ed4e38695d9c31d99e0c928e5a4b7a4691,machine_text_pattern,machine_extracted_unverified
1.17.26,8 x 4 sq. mm,Metre,550,INR,1.17.26 8 x 4 sq. mm Metre 550 ,17,7,real,True,sha256:dc58bcdf21a288b9f21c605684be24ed4e38695d9c31d99e0c928e5a4b7a4691,machine_text_pattern,machine_extracted_unverified
1.17.27,9 x 4 sq. mm,Metre,616,INR,1.17.27 9 x 4 sq. mm Metre 616 ,17,8,real,True,sha256:dc58bcdf21a288b9f21c605684be24ed4e38695d9c31d99e0c928e5a4b7a4691,machine_text_pattern,machine_extracted_unverified
1.17.28,10 x 4 sq. mm,Metre,690,INR,1.17.28 10 x 4 sq. mm Metre 690 ,17,9,real,True,sha256:dc58bcdf21a288b9f21c605684be24ed4e38695d9c31d99e0c928e5a4b7a4691,machine_text_pattern,machine_extracted_unverified
1.17.29,2 x 6 sq. mm,Metre,234,INR,1.17.29 2 x 6 sq. mm Metre 234 ,17,10,real,True,sha256:dc58bcdf21a288b9f21c605684be24ed4e38695d9c31d99e0c928e5a4b7a4691,machine_text_pattern,machine_extracted_unverified
1.17.30,3 x 6 sq. mm,Metre,326,INR,1.17.30 3 x 6 sq. mm Metre 326 ,17,11,real,True,sha256:dc58bcdf21a288b9f21c605684be24ed4e38695d9c31d99e0c928e5a4b7a4691,machine_text_pattern,machine_extracted_unverified
1.17.31,4 x 6 sq. mm,Metre,431,INR,1.17.31 4 x 6 sq. mm Metre 431 ,17,12,real,True,sha256:dc58bcdf21a288b9f21c605684be24ed4e38695d9c31d99e0c928e5a4b7a4691,machine_text_pattern,machine_extracted_unverified
1.17.32,5 x 6 sq. mm,Metre,524,INR,1.17.32 5 x 6 sq. mm Metre 524 ,17,13,real,True,sha256:dc58bcdf21a288b9f21c605684be24ed4e38695d9c31d99e0c928e5a4b7a4691,machine_text_pattern,machine_extracted_unverified
1.17.33,6 x 6 sq. mm,Metre,641,INR,1.17.33 6 x 6 sq. mm Metre 641 ,17,14,real,True,sha256:dc58bcdf21a288b9f21c605684be24ed4e38695d9c31d99e0c928e5a4b7a4691,machine_text_pattern,machine_extracted_unverified
1.17.34,7 x 6 sq. mm,Metre,733,INR,1.17.34 7 x 6 sq. mm Metre 733 ,17,15,real,True,sha256:dc58bcdf21a288b9f21c605684be24ed4e38695d9c31d99e0c928e5a4b7a4691,machine_text_pattern,machine_extracted_unverified
1.17.35,8 x 6 sq. mm,Metre,838,INR,1.17.35 8 x 6 sq. mm Metre 838 ,17,16,real,True,sha256:dc58bcdf21a288b9f21c605684be24ed4e38695d9c31d99e0c928e5a4b7a4691,machine_text_pattern,machine_extracted_unverified
1.17.36,9 x 6 sq. mm,Metre,930,INR,1.17.36 9 x 6 sq. mm Metre 930 ,17,17,real,True,sha256:dc58bcdf21a288b9f21c605684be24ed4e38695d9c31d99e0c928e5a4b7a4691,machine_text_pattern,machine_extracted_unverified
1.17.37,10 x 6 sq. mm,Metre,1029,INR,1.17.37 10 x 6 sq. mm Metre 1029 ,17,18,real,True,sha256:dc58bcdf21a288b9f21c605684be24ed4e38695d9c31d99e0c928e5a4b7a4691,machine_text_pattern,machine_extracted_unverified
1.18.1,1 Pair,Metre,33,INR,1.18.1 1 Pair Metre 33 ,17,24,real,True,sha256:dc58bcdf21a288b9f21c605684be24ed4e38695d9c31d99e0c928e5a4b7a4691,machine_text_pattern,machine_extracted_unverified
1.18.2,2 Pair,Metre,39,INR,1.18.2 2 Pair Metre 39 ,17,25,real,True,sha256:dc58bcdf21a288b9f21c605684be24ed4e38695d9c31d99e0c928e5a4b7a4691,machine_text_pattern,machine_extracted_unverified
1.18.3,4 Pair,Metre,53,INR,1.18.3 4 Pair Metre 53 ,17,26,real,True,sha256:dc58bcdf21a288b9f21c605684be24ed4e38695d9c31d99e0c928e5a4b7a4691,machine_text_pattern,machine_extracted_unverified
1.20.1,20 mm,Metre,254,INR,1.20.1 20 mm Metre 254 ,18,9,real,True,sha256:dc58bcdf21a288b9f21c605684be24ed4e38695d9c31d99e0c928e5a4b7a4691,machine_text_pattern,machine_extracted_unverified
1.20.2,25 mm,Metre,289,INR,1.20.2 25 mm Metre 289 ,18,10,real,True,sha256:dc58bcdf21a288b9f21c605684be24ed4e38695d9c31d99e0c928e5a4b7a4691,machine_text_pattern,machine_extracted_unverified
1.20.3,32 mm,Metre,379,INR,1.20.3 32 mm Metre 379 ,18,11,real,True,sha256:dc58bcdf21a288b9f21c605684be24ed4e38695d9c31d99e0c928e5a4b7a4691,machine_text_pattern,machine_extracted_unverified
1.20.4,40 mm,Metre,515,INR,1.20.4 40 mm Metre 515 ,18,12,real,True,sha256:dc58bcdf21a288b9f21c605684be24ed4e38695d9c31d99e0c928e5a4b7a4691,machine_text_pattern,machine_extracted_unverified
1.20.5,50 mm,Metre,634,INR,1.20.5 50 mm Metre 634 ,18,13,real,True,sha256:dc58bcdf21a288b9f21c605684be24ed4e38695d9c31d99e0c928e5a4b7a4691,machine_text_pattern,machine_extracted_unverified
1.21.1,20 mm,Metre,151,INR,1.21.1 20 mm Metre 151 ,18,19,real,True,sha256:dc58bcdf21a288b9f21c605684be24ed4e38695d9c31d99e0c928e5a4b7a4691,machine_text_pattern,machine_extracted_unverified
1.21.2,25 mm,Metre,168,INR,1.21.2 25 mm Metre 168 ,18,20,real,True,sha256:dc58bcdf21a288b9f21c605684be24ed4e38695d9c31d99e0c928e5a4b7a4691,machine_text_pattern,machine_extracted_unverified
1.21.3,32 mm,Metre,209,INR,1.21.3 32 mm Metre 209 ,18,21,real,True,sha256:dc58bcdf21a288b9f21c605684be24ed4e38695d9c31d99e0c928e5a4b7a4691,machine_text_pattern,machine_extracted_unverified
1.21.4,40 mm,Metre,257,INR,1.21.4 40 mm Metre 257 ,18,22,real,True,sha256:dc58bcdf21a288b9f21c605684be24ed4e38695d9c31d99e0c928e5a4b7a4691,machine_text_pattern,machine_extracted_unverified
1.21.5,50 mm,Metre,329,INR,1.21.5 50 mm Metre 329 ,18,23,real,True,sha256:dc58bcdf21a288b9f21c605684be24ed4e38695d9c31d99e0c928e5a4b7a4691,machine_text_pattern,machine_extracted_unverified
1.22.1,75 mm X 75 mm X 60 mm deep,Each,229,INR,1.22.1 75 mm X 75 mm X 60 mm deep Each 229 ,18,29,real,True,sha256:dc58bcdf21a288b9f21c605684be24ed4e38695d9c31d99e0c928e5a4b7a4691,machine_text_pattern,machine_extracted_unverified
1.22.2,100 mm X 100 mm X 60 mm deep,Each,245,INR,1.22.2 100 mm X 100 mm X 60 mm deep Each 245 ,18,30,real,True,sha256:dc58bcdf21a288b9f21c605684be24ed4e38695d9c31d99e0c928e5a4b7a4691,machine_text_pattern,machine_extracted_unverified
1.22.3,150 mm X 75 mm X 60 mm deep,Each,252,INR,1.22.3 150 mm X 75 mm X 60 mm deep Each 252 ,18,31,real,True,sha256:dc58bcdf21a288b9f21c605684be24ed4e38695d9c31d99e0c928e5a4b7a4691,machine_text_pattern,machine_extracted_unverified
1.22.4,150 mm X 150 mm X 60 mm deep,Each,360,INR,1.22.4 150 mm X 150 mm X 60 mm deep Each 360 ,18,32,real,True,sha256:dc58bcdf21a288b9f21c605684be24ed4e38695d9c31d99e0c928e5a4b7a4691,machine_text_pattern,machine_extracted_unverified
1.22.5,180 mm X 100 mm X 60 mm deep,Each,282,INR,1.22.5 180 mm X 100 mm X 60 mm deep Each 282 ,18,33,real,True,sha256:dc58bcdf21a288b9f21c605684be24ed4e38695d9c31d99e0c928e5a4b7a4691,machine_text_pattern,machine_extracted_unverified
1.22.6,200 mm X 125 mm X 60 mm deep,Each,372,INR,1.22.6 200 mm X 125 mm X 60 mm deep Each 372 ,18,34,real,True,sha256:dc58bcdf21a288b9f21c605684be24ed4e38695d9c31d99e0c928e5a4b7a4691,machine_text_pattern,machine_extracted_unverified
1.22.7,200 mm X 150 mm X 60 mm deep,Each,406,INR,1.22.7 200 mm X 150 mm X 60 mm deep Each 406 ,18,35,real,True,sha256:dc58bcdf21a288b9f21c605684be24ed4e38695d9c31d99e0c928e5a4b7a4691,machine_text_pattern,machine_extracted_unverified
1.22.8,200 mm X 150 mm X 75 mm deep,Each,414,INR,1.22.8 200 mm X 150 mm X 75 mm deep Each 414 ,19,3,real,True,sha256:dc58bcdf21a288b9f21c605684be24ed4e38695d9c31d99e0c928e5a4b7a4691,machine_text_pattern,machine_extracted_unverified
1.22.9,200 mm X 250 mm X 60 mm deep,Each,528,INR,1.22.9 200 mm X 250 mm X 60 mm deep Each 528 ,19,4,real,True,sha256:dc58bcdf21a288b9f21c605684be24ed4e38695d9c31d99e0c928e5a4b7a4691,machine_text_pattern,machine_extracted_unverified
1.22.10,200 mm X 250 mm X 75 mm deep,Each,549,INR,1.22.10 200 mm X 250 mm X 75 mm deep Each 549 ,19,5,real,True,sha256:dc58bcdf21a288b9f21c605684be24ed4e38695d9c31d99e0c928e5a4b7a4691,machine_text_pattern,machine_extracted_unverified
1.22.11,200 mm X 150 mm X 100 mm deep,Each,469,INR,1.22.11 200 mm X 150 mm X 100 mm deep Each 469 ,19,6,real,True,sha256:dc58bcdf21a288b9f21c605684be24ed4e38695d9c31d99e0c928e5a4b7a4691,machine_text_pattern,machine_extracted_unverified
1.22.12,200 mm X 250 mm X 100 mm deep,Each,568,INR,1.22.12 200 mm X 250 mm X 100 mm deep Each 568 ,19,7,real,True,sha256:dc58bcdf21a288b9f21c605684be24ed4e38695d9c31d99e0c928e5a4b7a4691,machine_text_pattern,machine_extracted_unverified
1.22.13,200 mm X 300 mm X 60 mm deep,Each,587,INR,1.22.13 200 mm X 300 mm X 60 mm deep Each 587 ,19,8,real,True,sha256:dc58bcdf21a288b9f21c605684be24ed4e38695d9c31d99e0c928e5a4b7a4691,machine_text_pattern,machine_extracted_unverified
1.22.14,200 mm X 300 mm X 100 mm deep,Each,625,INR,1.22.14 200 mm X 300 mm X 100 mm deep Each 625 ,19,9,real,True,sha256:dc58bcdf21a288b9f21c605684be24ed4e38695d9c31d99e0c928e5a4b7a4691,machine_text_pattern,machine_extracted_unverified
1.22.15,250 mm X 300 mm X 60 mm deep,Each,673,INR,1.22.15 250 mm X 300 mm X 60 mm deep Each 673 ,19,10,real,True,sha256:dc58bcdf21a288b9f21c605684be24ed4e38695d9c31d99e0c928e5a4b7a4691,machine_text_pattern,machine_extracted_unverified
1.22.16,250 mm X 300 mm X 100 mm deep,Each,721,INR,1.22.16 250 mm X 300 mm X 100 mm deep Each 721 ,19,11,real,True,sha256:dc58bcdf21a288b9f21c605684be24ed4e38695d9c31d99e0c928e5a4b7a4691,machine_text_pattern,machine_extracted_unverified
1.23.1,5/6 amps switch,Each,63,INR,1.23.1 5/6 amps switch Each 63 ,19,16,real,True,sha256:dc58bcdf21a288b9f21c605684be24ed4e38695d9c31d99e0c928e5a4b7a4691,machine_text_pattern,machine_extracted_unverified
1.23.2,2 way 5/6 A switch,Each,75,INR,1.23.2 2 way 5/6 A switch Each 75 ,19,17,real,True,sha256:dc58bcdf21a288b9f21c605684be24ed4e38695d9c31d99e0c928e5a4b7a4691,machine_text_pattern,machine_extracted_unverified
1.23.3,15/16 A switch,Each,140,INR,1.23.3 15/16 A switch Each 140 ,19,18,real,True,sha256:dc58bcdf21a288b9f21c605684be24ed4e38695d9c31d99e0c928e5a4b7a4691,machine_text_pattern,machine_extracted_unverified
1.23.4,3 pin 5/6 A socket outlet,Each,81,INR,1.23.4 3 pin 5/6 A socket outlet Each 81 ,19,19,real,True,sha256:dc58bcdf21a288b9f21c605684be24ed4e38695d9c31d99e0c928e5a4b7a4691,machine_text_pattern,machine_extracted_unverified
1.23.5,6 pin 15/16 A socket outlet,Each,156,INR,1.23.5 6 pin 15/16 A socket outlet Each 156 ,19,20,real,True,sha256:dc58bcdf21a288b9f21c605684be24ed4e38695d9c31d99e0c928e5a4b7a4691,machine_text_pattern,machine_extracted_unverified
1.23.6,Telephone socket outlet,Each,127,INR,1.23.6 Telephone socket outlet Each 127 ,19,21,real,True,sha256:dc58bcdf21a288b9f21c605684be24ed4e38695d9c31d99e0c928e5a4b7a4691,machine_text_pattern,machine_extracted_unverified
1.23.7,TV antenna socket outlet,Each,112,INR,1.23.7 TV antenna socket outlet Each 112 ,19,22,real,True,sha256:dc58bcdf21a288b9f21c605684be24ed4e38695d9c31d99e0c928e5a4b7a4691,machine_text_pattern,machine_extracted_unverified
1.23.8,Bell push,Each,100,INR,1.23.8 Bell push Each 100 ,19,23,real,True,sha256:dc58bcdf21a288b9f21c605684be24ed4e38695d9c31d99e0c928e5a4b7a4691,machine_text_pattern,machine_extracted_unverified
1.24.1,5/6 A switch,Each,121,INR,1.24.1 5/6 A switch Each 121 ,19,28,real,True,sha256:dc58bcdf21a288b9f21c605684be24ed4e38695d9c31d99e0c928e5a4b7a4691,machine_text_pattern,machine_extracted_unverified
1.24.2,2 way 5/6 A switch,Each,168,INR,1.24.2 2 way 5/6 A switch Each 168 ,19,29,real,True,sha256:dc58bcdf21a288b9f21c605684be24ed4e38695d9c31d99e0c928e5a4b7a4691,machine_text_pattern,machine_extracted_unverified
1.24.3,15/16 A switch,Each,176,INR,1.24.3 15/16 A switch Each 176 ,19,30,real,True,sha256:dc58bcdf21a288b9f21c605684be24ed4e38695d9c31d99e0c928e5a4b7a4691,machine_text_pattern,machine_extracted_unverified
1.24.4,3 pin 5/6 A socket outlet,Each,136,INR,1.24.4 3 pin 5/6 A socket outlet Each 136 ,20,3,real,True,sha256:dc58bcdf21a288b9f21c605684be24ed4e38695d9c31d99e0c928e5a4b7a4691,machine_text_pattern,machine_extracted_unverified
1.24.5,6 pin 15/16 A socket outlet,Each,219,INR,1.24.5 6 pin 15/16 A socket outlet Each 219 ,20,4,real,True,sha256:dc58bcdf21a288b9f21c605684be24ed4e38695d9c31d99e0c928e5a4b7a4691,machine_text_pattern,machine_extracted_unverified
1.24.6,Telephone socket outlet,Each,168,INR,1.24.6 Telephone socket outlet Each 168 ,20,5,real,True,sha256:dc58bcdf21a288b9f21c605684be24ed4e38695d9c31d99e0c928e5a4b7a4691,machine_text_pattern,machine_extracted_unverified
1.24.7,TV antenna socket outlet,Each,168,INR,1.24.7 TV antenna socket outlet Each 168 ,20,6,real,True,sha256:dc58bcdf21a288b9f21c605684be24ed4e38695d9c31d99e0c928e5a4b7a4691,machine_text_pattern,machine_extracted_unverified
1.24.8,Bell push,Each,159,INR,1.24.8 Bell push Each 159 ,20,7,real,True,sha256:dc58bcdf21a288b9f21c605684be24ed4e38695d9c31d99e0c928e5a4b7a4691,machine_text_pattern,machine_extracted_unverified
1.27.1,1 or 2 Module (75mmX75mm),Each,354,INR,1.27.1 1 or 2 Module (75mmX75mm) Each 354 ,20,29,real,True,sha256:dc58bcdf21a288b9f21c605684be24ed4e38695d9c31d99e0c928e5a4b7a4691,machine_text_pattern,machine_extracted_unverified
1.27.2,3 Module (100mmX75mm),Each,384,INR,1.27.2 3 Module (100mmX75mm) Each 384 ,20,30,real,True,sha256:dc58bcdf21a288b9f21c605684be24ed4e38695d9c31d99e0c928e5a4b7a4691,machine_text_pattern,machine_extracted_unverified
1.27.3,4 Module (125mmX75mm),Each,401,INR,1.27.3 4 Module (125mmX75mm) Each 401 ,20,31,real,True,sha256:dc58bcdf21a288b9f21c605684be24ed4e38695d9c31d99e0c928e5a4b7a4691,machine_text_pattern,machine_extracted_unverified
1.27.4,6 Module (200mmX75mm),Each,462,INR,1.27.4 6 Module (200mmX75mm) Each 462 ,20,32,real,True,sha256:dc58bcdf21a288b9f21c605684be24ed4e38695d9c31d99e0c928e5a4b7a4691,machine_text_pattern,machine_extracted_unverified
1.27.5,8 Module (125mmX125mm),Each,517,INR,1.27.5 8 Module (125mmX125mm) Each 517 ,20,33,real,True,sha256:dc58bcdf21a288b9f21c605684be24ed4e38695d9c31d99e0c928e5a4b7a4691,machine_text_pattern,machine_extracted_unverified
1.27.6,12 Module (200mmX150mm),Each,614,INR,1.27.6 12 Module (200mmX150mm) Each 614 ,20,34,real,True,sha256:dc58bcdf21a288b9f21c605684be24ed4e38695d9c31d99e0c928e5a4b7a4691,machine_text_pattern,machine_extracted_unverified
1.28.1,1 or 2 Module,Each,156,INR,1.28.1 1 or 2 Module Each 156 ,20,38,real,True,sha256:dc58bcdf21a288b9f21c605684be24ed4e38695d9c31d99e0c928e5a4b7a4691,machine_text_pattern,machine_extracted_unverified
1.28.2,3 Module,Each,175,INR,1.28.2 3 Module Each 175 ,20,39,real,True,sha256:dc58bcdf21a288b9f21c605684be24ed4e38695d9c31d99e0c928e5a4b7a4691,machine_text_pattern,machine_extracted_unverified
1.28.3,4 Module,Each,182,INR,1.28.3 4 Module Each 182 ,20,40,real,True,sha256:dc58bcdf21a288b9f21c605684be24ed4e38695d9c31d99e0c928e5a4b7a4691,machine_text_pattern,machine_extracted_unverified
1.28.4,6 Module,Each,207,INR,1.28.4 6 Module Each 207 ,20,41,real,True,sha256:dc58bcdf21a288b9f21c605684be24ed4e38695d9c31d99e0c928e5a4b7a4691,machine_text_pattern,machine_extracted_unverified
1.28.5,8 Module,Each,238,INR,1.28.5 8 Module Each 238 ,20,42,real,True,sha256:dc58bcdf21a288b9f21c605684be24ed4e38695d9c31d99e0c928e5a4b7a4691,machine_text_pattern,machine_extracted_unverified
1.28.6,12 Module,Each,301,INR,1.28.6 12 Module Each 301 ,20,43,real,True,sha256:dc58bcdf21a288b9f21c605684be24ed4e38695d9c31d99e0c928e5a4b7a4691,machine_text_pattern,machine_extracted_unverified
1.50.1,Upto 450 mm sweep,Each,556,INR,1.50.1 Upto 450 mm sweep Each 556 ,23,15,real,True,sha256:dc58bcdf21a288b9f21c605684be24ed4e38695d9c31d99e0c928e5a4b7a4691,machine_text_pattern,machine_extracted_unverified
1.50.2,510 mm sweep,Each,800,INR,1.50.2 510 mm sweep Each 800 ,23,16,real,True,sha256:dc58bcdf21a288b9f21c605684be24ed4e38695d9c31d99e0c928e5a4b7a4691,machine_text_pattern,machine_extracted_unverified
1.54.1,Group A,Point,914,INR,1.54.1 Group A Point 914 ,23,45,real,True,sha256:dc58bcdf21a288b9f21c605684be24ed4e38695d9c31d99e0c928e5a4b7a4691,machine_text_pattern,machine_extracted_unverified
1.54.2,Group B,Point,1083,INR,1.54.2 Group B Point 1083 ,23,46,real,True,sha256:dc58bcdf21a288b9f21c605684be24ed4e38695d9c31d99e0c928e5a4b7a4691,machine_text_pattern,machine_extracted_unverified
1.54.3,Group C,Point,1246,INR,1.54.3 Group C Point 1246 ,23,47,real,True,sha256:dc58bcdf21a288b9f21c605684be24ed4e38695d9c31d99e0c928e5a4b7a4691,machine_text_pattern,machine_extracted_unverified
1.55.1,Group A,Point,776,INR,1.55.1 Group A Point 776 ,23,56,real,True,sha256:dc58bcdf21a288b9f21c605684be24ed4e38695d9c31d99e0c928e5a4b7a4691,machine_text_pattern,machine_extracted_unverified
1.55.2,Group B,Point,885,INR,1.55.2 Group B Point 885 ,23,57,real,True,sha256:dc58bcdf21a288b9f21c605684be24ed4e38695d9c31d99e0c928e5a4b7a4691,machine_text_pattern,machine_extracted_unverified
1.55.3,Group C,Point,994,INR,1.55.3 Group C Point 994 ,23,58,real,True,sha256:dc58bcdf21a288b9f21c605684be24ed4e38695d9c31d99e0c928e5a4b7a4691,machine_text_pattern,machine_extracted_unverified
2.1.1,32 A TP&N,Each,2292,INR,2.1.1 32 A  TP&N Each 2292 ,25,11,real,True,sha256:dc58bcdf21a288b9f21c605684be24ed4e38695d9c31d99e0c928e5a4b7a4691,machine_text_pattern,machine_extracted_unverified
2.1.2,63 A TP&N,Each,3342,INR,2.1.2 63 A  TP&N Each 3342 ,25,12,real,True,sha256:dc58bcdf21a288b9f21c605684be24ed4e38695d9c31d99e0c928e5a4b7a4691,machine_text_pattern,machine_extracted_unverified
2.1.3,100 A TP&N,Each,6414,INR,2.1.3 100 A  TP&N Each 6414 ,25,13,real,True,sha256:dc58bcdf21a288b9f21c605684be24ed4e38695d9c31d99e0c928e5a4b7a4691,machine_text_pattern,machine_extracted_unverified
2.1.4,125 A TP&N,Each,7577,INR,2.1.4 125 A  TP&N Each 7577 ,25,14,real,True,sha256:dc58bcdf21a288b9f21c605684be24ed4e38695d9c31d99e0c928e5a4b7a4691,machine_text_pattern,machine_extracted_unverified
2.1.5,160 A TP&N,Each,8546,INR,2.1.5 160 A  TP&N Each 8546 ,25,15,real,True,sha256:dc58bcdf21a288b9f21c605684be24ed4e38695d9c31d99e0c928e5a4b7a4691,machine_text_pattern,machine_extracted_unverified
2.1.6,200 A TP&N,Each,10198,INR,2.1.6 200 A  TP&N Each 10198 ,25,16,real,True,sha256:dc58bcdf21a288b9f21c605684be24ed4e38695d9c31d99e0c928e5a4b7a4691,machine_text_pattern,machine_extracted_unverified
2.1.7,315 A TP&N,Each,15308,INR,2.1.7 315 A  TP&N Each 15308 ,25,17,real,True,sha256:dc58bcdf21a288b9f21c605684be24ed4e38695d9c31d99e0c928e5a4b7a4691,machine_text_pattern,machine_extracted_unverified
2.1.8,400 A TP&N,Each,18722,INR,2.1.8 400 A  TP&N Each 18722 ,25,18,real,True,sha256:dc58bcdf21a288b9f21c605684be24ed4e38695d9c31d99e0c928e5a4b7a4691,machine_text_pattern,machine_extracted_unverified
2.2.1,"100 A, 16 KA,TPMCCB",Each,4003,INR,"2.2.1 100 A, 16 KA,TPMCCB Each 4003 ",25,25,real,True,sha256:dc58bcdf21a288b9f21c605684be24ed4e38695d9c31d99e0c928e5a4b7a4691,machine_text_pattern,machine_extracted_unverified
2.2.2,"125 A, 16 KA,TPMCCB",Each,5103,INR,"2.2.2 125 A, 16 KA,TPMCCB Each 5103 ",25,26,real,True,sha256:dc58bcdf21a288b9f21c605684be24ed4e38695d9c31d99e0c928e5a4b7a4691,machine_text_pattern,machine_extracted_unverified
2.2.3,"150 A, 16 KA,TPMCCB",Each,6326,INR,"2.2.3 150 A, 16 KA,TPMCCB Each 6326 ",25,27,real,True,sha256:dc58bcdf21a288b9f21c605684be24ed4e38695d9c31d99e0c928e5a4b7a4691,machine_text_pattern,machine_extracted_unverified
2.2.4,"200 A, 16 KA,TPMCCB",Each,8111,INR,"2.2.4 200 A, 16 KA,TPMCCB Each 8111 ",25,28,real,True,sha256:dc58bcdf21a288b9f21c605684be24ed4e38695d9c31d99e0c928e5a4b7a4691,machine_text_pattern,machine_extracted_unverified
2.2.5,"200 A, 25 KA,TPMCCB",Each,11586,INR,"2.2.5 200 A, 25 KA,TPMCCB Each 11586 ",25,29,real,True,sha256:dc58bcdf21a288b9f21c605684be24ed4e38695d9c31d99e0c928e5a4b7a4691,machine_text_pattern,machine_extracted_unverified
2.2.6,"250 A, 25 KA,TPMCCB",Each,13647,INR,"2.2.6 250 A, 25 KA,TPMCCB Each 13647 ",25,30,real,True,sha256:dc58bcdf21a288b9f21c605684be24ed4e38695d9c31d99e0c928e5a4b7a4691,machine_text_pattern,machine_extracted_unverified
2.2.7,"250 A, 35 KA,TPMCCB",Each,14584,INR,"2.2.7 250 A, 35 KA,TPMCCB Each 14584 ",25,31,real,True,sha256:dc58bcdf21a288b9f21c605684be24ed4e38695d9c31d99e0c928e5a4b7a4691,machine_text_pattern,machine_extracted_unverified
2.2.8,"315 A, 35 KA,TPMCCB",Each,22644,INR,"2.2.8 315 A, 35 KA,TPMCCB Each 22644 ",25,32,real,True,sha256:dc58bcdf21a288b9f21c605684be24ed4e38695d9c31d99e0c928e5a4b7a4691,machine_text_pattern,machine_extracted_unverified
2.2.9,"400 A, 35 KA,TPMCCB",Each,22644,INR,"2.2.9 400 A, 35 KA,TPMCCB Each 22644 ",26,1,real,True,sha256:dc58bcdf21a288b9f21c605684be24ed4e38695d9c31d99e0c928e5a4b7a4691,machine_text_pattern,machine_extracted_unverified
2.2.10,"500 A, 35 KA,TPMCCB",Each,26812,INR,"2.2.10 500 A, 35 KA,TPMCCB Each 26812 ",26,2,real,True,sha256:dc58bcdf21a288b9f21c605684be24ed4e38695d9c31d99e0c928e5a4b7a4691,machine_text_pattern,machine_extracted_unverified
2.2.11,"630 A, 50 KA,TPMCCB",Each,29222,INR,"2.2.11 630 A, 50 KA,TPMCCB Each 29222 ",26,3,real,True,sha256:dc58bcdf21a288b9f21c605684be24ed4e38695d9c31d99e0c928e5a4b7a4691,machine_text_pattern,machine_extracted_unverified
2.2.12,"800 A, 50 KA,TPMCCB",Each,37895,INR,"2.2.12 800 A, 50 KA,TPMCCB Each 37895 ",26,4,real,True,sha256:dc58bcdf21a288b9f21c605684be24ed4e38695d9c31d99e0c928e5a4b7a4691,machine_text_pattern,machine_extracted_unverified
2.2.13,"100 A,30KA,FPMCCB",Each,8127,INR,"2.2.13 100 A,30KA,FPMCCB Each 8127 ",26,5,real,True,sha256:dc58bcdf21a288b9f21c605684be24ed4e38695d9c31d99e0c928e5a4b7a4691,machine_text_pattern,machine_extracted_unverified
2.2.14,"125 A,36KA,FPMCCB",Each,8644,INR,"2.2.14 125 A,36KA,FPMCCB Each 8644 ",26,6,real,True,sha256:dc58bcdf21a288b9f21c605684be24ed4e38695d9c31d99e0c928e5a4b7a4691,machine_text_pattern,machine_extracted_unverified
2.2.15,"200 A,36KA,FPMCCB",Each,15956,INR,"2.2.15 200 A,36KA,FPMCCB Each 15956 ",26,7,real,True,sha256:dc58bcdf21a288b9f21c605684be24ed4e38695d9c31d99e0c928e5a4b7a4691,machine_text_pattern,machine_extracted_unverified
2.2.16,"250 A,36KA,FPMCCB",Each,18372,INR,"2.2.16 250 A,36KA,FPMCCB Each 18372 ",26,8,real,True,sha256:dc58bcdf21a288b9f21c605684be24ed4e38695d9c31d99e0c928e5a4b7a4691,machine_text_pattern,machine_extracted_unverified
2.2.17,"250 A,50KA,FPMCCB",Each,19313,INR,"2.2.17 250 A,50KA,FPMCCB Each 19313 ",26,9,real,True,sha256:dc58bcdf21a288b9f21c605684be24ed4e38695d9c31d99e0c928e5a4b7a4691,machine_text_pattern,machine_extracted_unverified
2.2.18,"400 A,50KA,FPMCCB",Each,44663,INR,"2.2.18 400 A,50KA,FPMCCB Each 44663 ",26,10,real,True,sha256:dc58bcdf21a288b9f21c605684be24ed4e38695d9c31d99e0c928e5a4b7a4691,machine_text_pattern,machine_extracted_unverified
2.2.19,"630 A,50KA,FPMCCB",Each,45108,INR,"2.2.19 630 A,50KA,FPMCCB Each 45108 ",26,11,real,True,sha256:dc58bcdf21a288b9f21c605684be24ed4e38695d9c31d99e0c928e5a4b7a4691,machine_text_pattern,machine_extracted_unverified
2.3.1,"6 way, Double door",Each,2390,INR,"2.3.1  6 way, Double door Each 2390 ",26,17,real,True,sha256:dc58bcdf21a288b9f21c605684be24ed4e38695d9c31d99e0c928e5a4b7a4691,machine_text_pattern,machine_extracted_unverified
2.3.2,"8 way, Double door",Each,2773,INR,"2.3.2  8 way, Double door Each 2773 ",26,18,real,True,sha256:dc58bcdf21a288b9f21c605684be24ed4e38695d9c31d99e0c928e5a4b7a4691,machine_text_pattern,machine_extracted_unverified
2.3.3,"12 way, Double door",Each,2503,INR,"2.3.3 12 way, Double door Each 2503 ",26,19,real,True,sha256:dc58bcdf21a288b9f21c605684be24ed4e38695d9c31d99e0c928e5a4b7a4691,machine_text_pattern,machine_extracted_unverified
2.3.4,"16 way, Double door",Each,3367,INR,"2.3.4 16 way, Double door Each 3367 ",26,20,real,True,sha256:dc58bcdf21a288b9f21c605684be24ed4e38695d9c31d99e0c928e5a4b7a4691,machine_text_pattern,machine_extracted_unverified
2.4.1,"4 way (4 + 12), Double door",Each,4377,INR,"2.4.1 4 way (4 + 12), Double door Each 4377 ",26,27,real,True,sha256:dc58bcdf21a288b9f21c605684be24ed4e38695d9c31d99e0c928e5a4b7a4691,machine_text_pattern,machine_extracted_unverified
2.4.2,"6 way (4 + 18), Double door",Each,5299,INR,"2.4.2 6 way (4 + 18), Double door Each 5299 ",26,28,real,True,sha256:dc58bcdf21a288b9f21c605684be24ed4e38695d9c31d99e0c928e5a4b7a4691,machine_text_pattern,machine_extracted_unverified
2.4.3,"8 way (4 + 24), Double door",Each,19477,INR,"2.4.3 8 way (4 + 24), Double door Each 19477 ",27,3,real,True,sha256:dc58bcdf21a288b9f21c605684be24ed4e38695d9c31d99e0c928e5a4b7a4691,machine_text_pattern,machine_extracted_unverified
2.5.1,"4 way (4 + 12), Double door",Each,7951,INR,"2.5.1 4 way (4 + 12), Double door Each 7951 ",27,12,real,True,sha256:dc58bcdf21a288b9f21c605684be24ed4e38695d9c31d99e0c928e5a4b7a4691,machine_text_pattern,machine_extracted_unverified
2.5.2,"8 way (4 + 24), Double door",Each,10724,INR,"2.5.2 8 way (4 + 24), Double door Each 10724 ",27,13,real,True,sha256:dc58bcdf21a288b9f21c605684be24ed4e38695d9c31d99e0c928e5a4b7a4691,machine_text_pattern,machine_extracted_unverified
2.5.3,"12 way (4 + 36), Double door",Each,13512,INR,"2.5.3 12 way (4 + 36), Double door Each 13512 ",27,14,real,True,sha256:dc58bcdf21a288b9f21c605684be24ed4e38695d9c31d99e0c928e5a4b7a4691,machine_text_pattern,machine_extracted_unverified
2.10.1,Single pole,Each,285,INR,2.10.1 Single pole Each 285 ,27,24,real,True,sha256:dc58bcdf21a288b9f21c605684be24ed4e38695d9c31d99e0c928e5a4b7a4691,machine_text_pattern,machine_extracted_unverified
2.10.2,Single pole and neutral,Each,285,INR,2.10.2 Single pole and neutral Each 285 ,27,25,real,True,sha256:dc58bcdf21a288b9f21c605684be24ed4e38695d9c31d99e0c928e5a4b7a4691,machine_text_pattern,machine_extracted_unverified
2.10.3,Double pole,Each,696,INR,2.10.3 Double pole Each 696 ,27,26,real,True,sha256:dc58bcdf21a288b9f21c605684be24ed4e38695d9c31d99e0c928e5a4b7a4691,machine_text_pattern,machine_extracted_unverified
2.10.4,Triple pole,Each,1070,INR,2.10.4 Triple pole Each 1070 ,27,27,real,True,sha256:dc58bcdf21a288b9f21c605684be24ed4e38695d9c31d99e0c928e5a4b7a4691,machine_text_pattern,machine_extracted_unverified
2.10.5,Triple pole and neutral,Each,1301,INR,2.10.5 Triple pole and neutral Each 1301 ,27,28,real,True,sha256:dc58bcdf21a288b9f21c605684be24ed4e38695d9c31d99e0c928e5a4b7a4691,machine_text_pattern,machine_extracted_unverified
2.12.1,40 A,Each,472,INR,2.12.1 40 A Each 472 ,27,39,real,True,sha256:dc58bcdf21a288b9f21c605684be24ed4e38695d9c31d99e0c928e5a4b7a4691,machine_text_pattern,machine_extracted_unverified
2.12.2,63 A,Each,569,INR,2.12.2 63 A Each 569 ,27,40,real,True,sha256:dc58bcdf21a288b9f21c605684be24ed4e38695d9c31d99e0c928e5a4b7a4691,machine_text_pattern,machine_extracted_unverified
2.13.1,40 A,Each,1049,INR,2.13.1 40 A Each 1049 ,28,7,real,True,sha256:dc58bcdf21a288b9f21c605684be24ed4e38695d9c31d99e0c928e5a4b7a4691,machine_text_pattern,machine_extracted_unverified
2.13.2,63 A,Each,1115,INR,2.13.2 63 A Each 1115 ,28,8,real,True,sha256:dc58bcdf21a288b9f21c605684be24ed4e38695d9c31d99e0c928e5a4b7a4691,machine_text_pattern,machine_extracted_unverified
2.13.3,100 A,Each,1317,INR,2.13.3 100 A Each 1317 ,28,9,real,True,sha256:dc58bcdf21a288b9f21c605684be24ed4e38695d9c31d99e0c928e5a4b7a4691,machine_text_pattern,machine_extracted_unverified
2.14.1,25 A,Each,2141,INR,2.14.1 25 A Each 2141 ,28,16,real,True,sha256:dc58bcdf21a288b9f21c605684be24ed4e38695d9c31d99e0c928e5a4b7a4691,machine_text_pattern,machine_extracted_unverified
2.14.2,40 A,Each,2512,INR,2.14.2 40 A Each 2512 ,28,17,real,True,sha256:dc58bcdf21a288b9f21c605684be24ed4e38695d9c31d99e0c928e5a4b7a4691,machine_text_pattern,machine_extracted_unverified
2.14.3,63 A,Each,2866,INR,2.14.3 63 A Each 2866 ,28,18,real,True,sha256:dc58bcdf21a288b9f21c605684be24ed4e38695d9c31d99e0c928e5a4b7a4691,machine_text_pattern,machine_extracted_unverified
2.15.1,25 A,Each,2737,INR,2.15.1 25 A Each 2737 ,28,25,real,True,sha256:dc58bcdf21a288b9f21c605684be24ed4e38695d9c31d99e0c928e5a4b7a4691,machine_text_pattern,machine_extracted_unverified
2.15.2,40 A,Each,3366,INR,2.15.2 40 A Each 3366 ,28,26,real,True,sha256:dc58bcdf21a288b9f21c605684be24ed4e38695d9c31d99e0c928e5a4b7a4691,machine_text_pattern,machine_extracted_unverified
2.15.3,63 A,Each,3036,INR,2.15.3 63 A Each 3036 ,28,27,real,True,sha256:dc58bcdf21a288b9f21c605684be24ed4e38695d9c31d99e0c928e5a4b7a4691,machine_text_pattern,machine_extracted_unverified
2.23.1,"For 6 way, Double door SPN MCBDB",Each,834,INR,"2.23.1 For 6 way, Double door SPN MCBDB Each 834 ",29,68,real,True,sha256:dc58bcdf21a288b9f21c605684be24ed4e38695d9c31d99e0c928e5a4b7a4691,machine_text_pattern,machine_extracted_unverified
2.23.2,"For 8 way, Double door SPN MCBDB",Each,918,INR,"2.23.2 For 8 way, Double door SPN MCBDB Each 918 ",29,69,real,True,sha256:dc58bcdf21a288b9f21c605684be24ed4e38695d9c31d99e0c928e5a4b7a4691,machine_text_pattern,machine_extracted_unverified
2.23.3,"For 10 way, Double door SPN MCBDB",Each,895,INR,"2.23.3 For 10 way, Double door SPN MCBDB Each 895 ",29,70,real,True,sha256:dc58bcdf21a288b9f21c605684be24ed4e38695d9c31d99e0c928e5a4b7a4691,machine_text_pattern,machine_extracted_unverified
2.23.4,"For 14 way, Double door SPN MCBDB",Each,990,INR,"2.23.4 For 14 way, Double door SPN MCBDB Each 990 ",29,71,real,True,sha256:dc58bcdf21a288b9f21c605684be24ed4e38695d9c31d99e0c928e5a4b7a4691,machine_text_pattern,machine_extracted_unverified
2.24.1,"For 4 way, Double door TPN MCBDB",Each,1177,INR,"2.24.1 For 4 way, Double door TPN MCBDB Each 1177 ",29,77,real,True,sha256:dc58bcdf21a288b9f21c605684be24ed4e38695d9c31d99e0c928e5a4b7a4691,machine_text_pattern,machine_extracted_unverified
2.24.2,"For 6 way, Double door TPN MCBDB",Each,1223,INR,"2.24.2 For 6 way, Double door TPN MCBDB Each 1223 ",29,78,real,True,sha256:dc58bcdf21a288b9f21c605684be24ed4e38695d9c31d99e0c928e5a4b7a4691,machine_text_pattern,machine_extracted_unverified
2.24.3,"For 8 way, Double door TPN MCBDB",Each,1448,INR,"2.24.3 For 8 way, Double door TPN MCBDB Each 1448 ",29,79,real,True,sha256:dc58bcdf21a288b9f21c605684be24ed4e38695d9c31d99e0c928e5a4b7a4691,machine_text_pattern,machine_extracted_unverified
3.1.1,200 A (S.C. rating for 1 sec - 15 kA),Metre,7778,INR,3.1.1 200 A (S.C. rating for 1 sec - 15 kA) Metre 7778 ,30,18,real,True,sha256:dc58bcdf21a288b9f21c605684be24ed4e38695d9c31d99e0c928e5a4b7a4691,machine_text_pattern,machine_extracted_unverified
3.1.2,300 A (S.C. rating for 1 sec - 20 kA),Metre,8097,INR,3.1.2 300 A (S.C. rating for 1 sec - 20 kA) Metre 8097 ,30,19,real,True,sha256:dc58bcdf21a288b9f21c605684be24ed4e38695d9c31d99e0c928e5a4b7a4691,machine_text_pattern,machine_extracted_unverified
3.1.3,400 A (S.C. rating for 1 sec - 25 kA),Metre,9907,INR,3.1.3 400 A (S.C. rating for 1 sec - 25 kA) Metre 9907 ,30,20,real,True,sha256:dc58bcdf21a288b9f21c605684be24ed4e38695d9c31d99e0c928e5a4b7a4691,machine_text_pattern,machine_extracted_unverified
3.1.4,600 A (S.C. rating for 1 sec - 45 kA),Metre,11033,INR,3.1.4 600 A (S.C. rating for 1 sec - 45 kA) Metre 11033 ,30,21,real,True,sha256:dc58bcdf21a288b9f21c605684be24ed4e38695d9c31d99e0c928e5a4b7a4691,machine_text_pattern,machine_extracted_unverified
3.1.5,800 A (S.C. rating for 1 sec - 50 kA),Metre,13241,INR,3.1.5 800 A (S.C. rating for 1 sec - 50 kA) Metre 13241 ,30,22,real,True,sha256:dc58bcdf21a288b9f21c605684be24ed4e38695d9c31d99e0c928e5a4b7a4691,machine_text_pattern,machine_extracted_unverified
3.2.1,16 A TPN,Each,8550,INR,3.2.1 16 A TPN Each 8550 ,30,29,real,True,sha256:dc58bcdf21a288b9f21c605684be24ed4e38695d9c31d99e0c928e5a4b7a4691,machine_text_pattern,machine_extracted_unverified
3.2.2,32 A TPN,Each,10711,INR,3.2.2 32 A TPN Each 10711 ,30,30,real,True,sha256:dc58bcdf21a288b9f21c605684be24ed4e38695d9c31d99e0c928e5a4b7a4691,machine_text_pattern,machine_extracted_unverified
3.2.3,63 A TPN,Each,12116,INR,3.2.3 63 A TPN Each 12116 ,30,31,real,True,sha256:dc58bcdf21a288b9f21c605684be24ed4e38695d9c31d99e0c928e5a4b7a4691,machine_text_pattern,machine_extracted_unverified
3.2.4,100 A TPN,Each,14902,INR,3.2.4 100 A TPN Each 14902 ,30,32,real,True,sha256:dc58bcdf21a288b9f21c605684be24ed4e38695d9c31d99e0c928e5a4b7a4691,machine_text_pattern,machine_extracted_unverified
3.2.5,200 A TPN,Each,19804,INR,3.2.5 200 A TPN Each 19804 ,30,33,real,True,sha256:dc58bcdf21a288b9f21c605684be24ed4e38695d9c31d99e0c928e5a4b7a4691,machine_text_pattern,machine_extracted_unverified
3.2.6,315 A TPN,Each,26889,INR,3.2.6 315 A TPN Each 26889 ,30,34,real,True,sha256:dc58bcdf21a288b9f21c605684be24ed4e38695d9c31d99e0c928e5a4b7a4691,machine_text_pattern,machine_extracted_unverified
3.2.7,400 A TPN,Each,30594,INR,3.2.7 400 A TPN  Each 30594 ,30,35,real,True,sha256:dc58bcdf21a288b9f21c605684be24ed4e38695d9c31d99e0c928e5a4b7a4691,machine_text_pattern,machine_extracted_unverified
3.3.1,"16 A TPN, 2 way",Each,12817,INR,"3.3.1 16 A TPN, 2 way Each 12817 ",31,6,real,True,sha256:dc58bcdf21a288b9f21c605684be24ed4e38695d9c31d99e0c928e5a4b7a4691,machine_text_pattern,machine_extracted_unverified
3.3.2,"16 A TPN, 4 way",Each,28498,INR,"3.3.2 16 A TPN, 4 way Each 28498 ",31,7,real,True,sha256:dc58bcdf21a288b9f21c605684be24ed4e38695d9c31d99e0c928e5a4b7a4691,machine_text_pattern,machine_extracted_unverified
3.3.3,"16 A TPN, 6 way",Each,40364,INR,"3.3.3 16 A TPN, 6 way Each 40364 ",31,8,real,True,sha256:dc58bcdf21a288b9f21c605684be24ed4e38695d9c31d99e0c928e5a4b7a4691,machine_text_pattern,machine_extracted_unverified
3.3.4,"16 A TPN, 8 way",Each,55866,INR,"3.3.4 16 A TPN, 8 way Each 55866 ",31,9,real,True,sha256:dc58bcdf21a288b9f21c605684be24ed4e38695d9c31d99e0c928e5a4b7a4691,machine_text_pattern,machine_extracted_unverified
3.3.5,"32 A TPN, 2 way",Each,15772,INR,"3.3.5 32 A TPN, 2 way Each 15772 ",31,10,real,True,sha256:dc58bcdf21a288b9f21c605684be24ed4e38695d9c31d99e0c928e5a4b7a4691,machine_text_pattern,machine_extracted_unverified
3.3.6,"32 A TPN, 4 way",Each,32134,INR,"3.3.6 32 A TPN, 4 way Each 32134 ",31,11,real,True,sha256:dc58bcdf21a288b9f21c605684be24ed4e38695d9c31d99e0c928e5a4b7a4691,machine_text_pattern,machine_extracted_unverified
3.3.7,"32 A TPN, 6 way",Each,42181,INR,"3.3.7 32 A TPN, 6 way Each 42181 ",31,12,real,True,sha256:dc58bcdf21a288b9f21c605684be24ed4e38695d9c31d99e0c928e5a4b7a4691,machine_text_pattern,machine_extracted_unverified
3.3.8,"32 A TPN, 8 way",Each,58592,INR,"3.3.8 32 A TPN, 8 way Each 58592 ",31,13,real,True,sha256:dc58bcdf21a288b9f21c605684be24ed4e38695d9c31d99e0c928e5a4b7a4691,machine_text_pattern,machine_extracted_unverified
3.3.9,"63 A TPN, 2 way",Each,17953,INR,"3.3.9 63 A TPN, 2 way Each 17953 ",31,14,real,True,sha256:dc58bcdf21a288b9f21c605684be24ed4e38695d9c31d99e0c928e5a4b7a4691,machine_text_pattern,machine_extracted_unverified
3.3.10,"63 A TPN, 4 way",Each,30315,INR,"3.3.10 63 A TPN, 4 way Each 30315 ",31,15,real,True,sha256:dc58bcdf21a288b9f21c605684be24ed4e38695d9c31d99e0c928e5a4b7a4691,machine_text_pattern,machine_extracted_unverified
3.3.11,"63 A TPN, 6 way",Each,32727,INR,"3.3.11 63 A TPN, 6 way Each 32727 ",31,16,real,True,sha256:dc58bcdf21a288b9f21c605684be24ed4e38695d9c31d99e0c928e5a4b7a4691,machine_text_pattern,machine_extracted_unverified
3.3.12,"63 A TPN, 8 way",Each,56230,INR,"3.3.12 63 A TPN, 8 way Each 56230 ",31,17,real,True,sha256:dc58bcdf21a288b9f21c605684be24ed4e38695d9c31d99e0c928e5a4b7a4691,machine_text_pattern,machine_extracted_unverified
3.4.1,200 A TPN,Each,25637,INR,3.4.1 200 A TPN Each 25637 ,31,25,real,True,sha256:dc58bcdf21a288b9f21c605684be24ed4e38695d9c31d99e0c928e5a4b7a4691,machine_text_pattern,machine_extracted_unverified
3.4.2,300 A TPN,Each,28194,INR,3.4.2 300 A TPN Each 28194 ,31,26,real,True,sha256:dc58bcdf21a288b9f21c605684be24ed4e38695d9c31d99e0c928e5a4b7a4691,machine_text_pattern,machine_extracted_unverified
3.4.3,400 A TPN,Each,31265,INR,3.4.3 400 A TPN Each 31265 ,31,27,real,True,sha256:dc58bcdf21a288b9f21c605684be24ed4e38695d9c31d99e0c928e5a4b7a4691,machine_text_pattern,machine_extracted_unverified
3.4.4,600 A TPN,Each,33791,INR,3.4.4 600 A TPN Each 33791 ,31,28,real,True,sha256:dc58bcdf21a288b9f21c605684be24ed4e38695d9c31d99e0c928e5a4b7a4691,machine_text_pattern,machine_extracted_unverified
3.4.5,800 A TPN,Each,38140,INR,3.4.5 800 A TPN Each 38140 ,31,29,real,True,sha256:dc58bcdf21a288b9f21c605684be24ed4e38695d9c31d99e0c928e5a4b7a4691,machine_text_pattern,machine_extracted_unverified
3.5.1,800 A,Metre,14713,INR,3.5.1 800 A Metre 14713 ,32,9,real,True,sha256:dc58bcdf21a288b9f21c605684be24ed4e38695d9c31d99e0c928e5a4b7a4691,machine_text_pattern,machine_extracted_unverified
3.5.2,1000 A,Metre,17350,INR,3.5.2 1000 A Metre 17350 ,32,10,real,True,sha256:dc58bcdf21a288b9f21c605684be24ed4e38695d9c31d99e0c928e5a4b7a4691,machine_text_pattern,machine_extracted_unverified
3.5.3,1250 A,Metre,22339,INR,3.5.3 1250 A Metre 22339 ,32,11,real,True,sha256:dc58bcdf21a288b9f21c605684be24ed4e38695d9c31d99e0c928e5a4b7a4691,machine_text_pattern,machine_extracted_unverified
3.5.4,1400 A,Metre,27793,INR,3.5.4 1400 A Metre 27793 ,32,12,real,True,sha256:dc58bcdf21a288b9f21c605684be24ed4e38695d9c31d99e0c928e5a4b7a4691,machine_text_pattern,machine_extracted_unverified
3.5.5,1600 A,Metre,27906,INR,3.5.5 1600 A Metre 27906 ,32,13,real,True,sha256:dc58bcdf21a288b9f21c605684be24ed4e38695d9c31d99e0c928e5a4b7a4691,machine_text_pattern,machine_extracted_unverified
3.6.1,200 A,Metre,8623,INR,3.6.1 200 A Metre 8623 ,32,23,real,True,sha256:dc58bcdf21a288b9f21c605684be24ed4e38695d9c31d99e0c928e5a4b7a4691,machine_text_pattern,machine_extracted_unverified
3.6.2,400 A,Metre,10986,INR,3.6.2 400 A Metre 10986 ,32,24,real,True,sha256:dc58bcdf21a288b9f21c605684be24ed4e38695d9c31d99e0c928e5a4b7a4691,machine_text_pattern,machine_extracted_unverified
3.7.1,32 A,Each,10711,INR,3.7.1 32 A Each 10711 ,32,32,real,True,sha256:dc58bcdf21a288b9f21c605684be24ed4e38695d9c31d99e0c928e5a4b7a4691,machine_text_pattern,machine_extracted_unverified
3.7.2,63 A,Each,12116,INR,3.7.2 63 A Each 12116 ,32,33,real,True,sha256:dc58bcdf21a288b9f21c605684be24ed4e38695d9c31d99e0c928e5a4b7a4691,machine_text_pattern,machine_extracted_unverified
3.7.3,100 A,Each,14902,INR,3.7.3 100 A Each 14902 ,32,34,real,True,sha256:dc58bcdf21a288b9f21c605684be24ed4e38695d9c31d99e0c928e5a4b7a4691,machine_text_pattern,machine_extracted_unverified
3.8.1,"200 A, Isc = 15kA for 1 second",Metre,8445,INR,"3.8.1 200 A, Isc = 15kA for 1 second Metre 8445 ",33,10,real,True,sha256:dc58bcdf21a288b9f21c605684be24ed4e38695d9c31d99e0c928e5a4b7a4691,machine_text_pattern,machine_extracted_unverified
3.8.2,"315 A, Isc = 25kA for 1 second",Metre,9849,INR,"3.8.2 315 A, Isc = 25kA for 1 second Metre 9849 ",33,11,real,True,sha256:dc58bcdf21a288b9f21c605684be24ed4e38695d9c31d99e0c928e5a4b7a4691,machine_text_pattern,machine_extracted_unverified
3.8.3,"400 A, Isc = 30kA for 1 second",Metre,11717,INR,"3.8.3 400 A, Isc = 30kA for 1 second Metre 11717 ",33,12,real,True,sha256:dc58bcdf21a288b9f21c605684be24ed4e38695d9c31d99e0c928e5a4b7a4691,machine_text_pattern,machine_extracted_unverified
3.8.4,"500 A, Isc = 35kA for 1 second",Metre,11779,INR,"3.8.4 500 A, Isc = 35kA for 1 second Metre 11779 ",33,13,real,True,sha256:dc58bcdf21a288b9f21c605684be24ed4e38695d9c31d99e0c928e5a4b7a4691,machine_text_pattern,machine_extracted_unverified
3.8.5,"630 A, Isc = 50kA for 1 second",Metre,13584,INR,"3.8.5 630 A, Isc = 50kA for 1 second Metre 13584 ",33,14,real,True,sha256:dc58bcdf21a288b9f21c605684be24ed4e38695d9c31d99e0c928e5a4b7a4691,machine_text_pattern,machine_extracted_unverified
3.8.6,"800 A, Isc = 50kA for 1 second",Metre,19714,INR,"3.8.6 800 A, Isc = 50kA for 1 second Metre 19714 ",33,15,real,True,sha256:dc58bcdf21a288b9f21c605684be24ed4e38695d9c31d99e0c928e5a4b7a4691,machine_text_pattern,machine_extracted_unverified
3.8.7,"1000 A, Isc = 50kA for 1 second",Metre,20411,INR,"3.8.7 1000 A, Isc = 50kA for 1 second Metre 20411 ",33,16,real,True,sha256:dc58bcdf21a288b9f21c605684be24ed4e38695d9c31d99e0c928e5a4b7a4691,machine_text_pattern,machine_extracted_unverified
3.8.8,"1250 A, Isc = 50kA for 1 second",Metre,24174,INR,"3.8.8 1250 A, Isc = 50kA for 1 second Metre 24174 ",33,17,real,True,sha256:dc58bcdf21a288b9f21c605684be24ed4e38695d9c31d99e0c928e5a4b7a4691,machine_text_pattern,machine_extracted_unverified
3.9.1,"200 A, Isc = 15kA for 1 second",Metre,8522,INR,"3.9.1 200 A, Isc = 15kA for 1 second Metre 8522 ",33,32,real,True,sha256:dc58bcdf21a288b9f21c605684be24ed4e38695d9c31d99e0c928e5a4b7a4691,machine_text_pattern,machine_extracted_unverified
3.9.2,"315 A, Isc = 25kA for 1 second",Metre,9940,INR,"3.9.2 315 A, Isc = 25kA for 1 second Metre 9940 ",33,33,real,True,sha256:dc58bcdf21a288b9f21c605684be24ed4e38695d9c31d99e0c928e5a4b7a4691,machine_text_pattern,machine_extracted_unverified
3.9.3,"400 A, Isc = 30kA for 1 second",Metre,11827,INR,"3.9.3 400 A, Isc = 30kA for 1 second Metre 11827 ",33,34,real,True,sha256:dc58bcdf21a288b9f21c605684be24ed4e38695d9c31d99e0c928e5a4b7a4691,machine_text_pattern,machine_extracted_unverified
3.9.4,"500 A, Isc = 35kA for 1 second",Metre,11888,INR,"3.9.4 500 A, Isc = 35kA for 1 second Metre 11888 ",33,35,real,True,sha256:dc58bcdf21a288b9f21c605684be24ed4e38695d9c31d99e0c928e5a4b7a4691,machine_text_pattern,machine_extracted_unverified
3.9.5,"630 A, Isc = 50kA for 1 second",Metre,13711,INR,"3.9.5 630 A, Isc = 50kA for 1 second Metre 13711 ",33,36,real,True,sha256:dc58bcdf21a288b9f21c605684be24ed4e38695d9c31d99e0c928e5a4b7a4691,machine_text_pattern,machine_extracted_unverified
3.9.6,"800 A, Isc = 50kA for 1 second",Metre,19902,INR,"3.9.6 800 A, Isc = 50kA for 1 second Metre 19902 ",34,3,real,True,sha256:dc58bcdf21a288b9f21c605684be24ed4e38695d9c31d99e0c928e5a4b7a4691,machine_text_pattern,machine_extracted_unverified
3.9.7,"1000 A, Isc = 50kA for 1 second",Metre,19902,INR,"3.9.7 1000 A, Isc = 50kA for 1 second Metre 19902 ",34,4,real,True,sha256:dc58bcdf21a288b9f21c605684be24ed4e38695d9c31d99e0c928e5a4b7a4691,machine_text_pattern,machine_extracted_unverified
3.9.8,"1250 A, Isc = 50kA for 1 second",Metre,23098,INR,"3.9.8 1250 A, Isc = 50kA for 1 second Metre 23098 ",34,5,real,True,sha256:dc58bcdf21a288b9f21c605684be24ed4e38695d9c31d99e0c928e5a4b7a4691,machine_text_pattern,machine_extracted_unverified
3.11.1,"200 A, Isc= 15kA for 1 sec",Each,8899,INR,"3.11.1 200 A, Isc= 15kA for 1 sec Each 8899 ",34,17,real,True,sha256:dc58bcdf21a288b9f21c605684be24ed4e38695d9c31d99e0c928e5a4b7a4691,machine_text_pattern,machine_extracted_unverified
3.11.2,"315 A, Isc= 25kA for 1 sec",Each,10718,INR,"3.11.2 315 A, Isc= 25kA for 1 sec Each 10718 ",34,18,real,True,sha256:dc58bcdf21a288b9f21c605684be24ed4e38695d9c31d99e0c928e5a4b7a4691,machine_text_pattern,machine_extracted_unverified
3.11.3,"400 A, Isc= 30kA for 1 sec",Each,11888,INR,"3.11.3 400 A, Isc= 30kA for 1 sec Each 11888 ",34,19,real,True,sha256:dc58bcdf21a288b9f21c605684be24ed4e38695d9c31d99e0c928e5a4b7a4691,machine_text_pattern,machine_extracted_unverified
3.11.4,"500 A, Isc= 35kA for 1 sec",Each,11888,INR,"3.11.4 500 A, Isc= 35kA for 1 sec Each 11888 ",34,20,real,True,sha256:dc58bcdf21a288b9f21c605684be24ed4e38695d9c31d99e0c928e5a4b7a4691,machine_text_pattern,machine_extracted_unverified
3.11.5,"630 A, Isc= 50kA for 1 sec",Each,14120,INR,"3.11.5 630 A, Isc= 50kA for 1 sec Each 14120 ",34,21,real,True,sha256:dc58bcdf21a288b9f21c605684be24ed4e38695d9c31d99e0c928e5a4b7a4691,machine_text_pattern,machine_extracted_unverified
3.11.6,"800 A, Isc= 50kA for 1 sec",Each,18772,INR,"3.11.6 800 A, Isc=  50kA for 1 sec Each 18772 ",34,22,real,True,sha256:dc58bcdf21a288b9f21c605684be24ed4e38695d9c31d99e0c928e5a4b7a4691,machine_text_pattern,machine_extracted_unverified
3.11.7,"1000 A, Isc= 50kA for 1 sec",Each,18772,INR,"3.11.7 1000 A, Isc= 50kA for 1 sec Each 18772 ",34,23,real,True,sha256:dc58bcdf21a288b9f21c605684be24ed4e38695d9c31d99e0c928e5a4b7a4691,machine_text_pattern,machine_extracted_unverified
3.11.8,"1250 A, Isc= 50kA for 1 sec",Each,20873,INR,"3.11.8 1250 A, Isc= 50kA for 1 sec Each 20873 ",34,24,real,True,sha256:dc58bcdf21a288b9f21c605684be24ed4e38695d9c31d99e0c928e5a4b7a4691,machine_text_pattern,machine_extracted_unverified
3.12.1,"125 A, Isc= 15kA for 1 sec",Each,9104,INR,"3.12.1 125 A, Isc= 15kA for 1 sec Each 9104 ",34,33,real,True,sha256:dc58bcdf21a288b9f21c605684be24ed4e38695d9c31d99e0c928e5a4b7a4691,machine_text_pattern,machine_extracted_unverified
3.12.2,"200 A, Isc= 25kA for 1 sec",Each,9104,INR,"3.12.2 200 A, Isc= 25kA for 1 sec Each 9104 ",34,34,real,True,sha256:dc58bcdf21a288b9f21c605684be24ed4e38695d9c31d99e0c928e5a4b7a4691,machine_text_pattern,machine_extracted_unverified
3.12.3,"250 A, Isc= 30kA for 1 sec",Each,11171,INR,"3.12.3 250 A, Isc= 30kA for 1 sec Each 11171 ",34,35,real,True,sha256:dc58bcdf21a288b9f21c605684be24ed4e38695d9c31d99e0c928e5a4b7a4691,machine_text_pattern,machine_extracted_unverified
3.12.4,"400 A, Isc= 35kA for 1 sec",Each,11171,INR,"3.12.4 400 A, Isc= 35kA for 1 sec Each 11171 ",35,3,real,True,sha256:dc58bcdf21a288b9f21c605684be24ed4e38695d9c31d99e0c928e5a4b7a4691,machine_text_pattern,machine_extracted_unverified
3.12.5,"500 A, Isc= 50kA for 1 sec",Each,16806,INR,"3.12.5 500 A, Isc= 50kA for 1 sec Each 16806 ",35,4,real,True,sha256:dc58bcdf21a288b9f21c605684be24ed4e38695d9c31d99e0c928e5a4b7a4691,machine_text_pattern,machine_extracted_unverified
3.12.6,"630 A, Isc= 50kA for 1 sec",Each,16806,INR,"3.12.6 630 A, Isc= 50kA for 1 sec Each 16806 ",35,5,real,True,sha256:dc58bcdf21a288b9f21c605684be24ed4e38695d9c31d99e0c928e5a4b7a4691,machine_text_pattern,machine_extracted_unverified
3.13.1,"400 A, Isc= 25kA for 1 sec",Meter,16196,INR,"3.13.1 400 A, Isc= 25kA for 1 sec Meter 16196 ",35,21,real,True,sha256:dc58bcdf21a288b9f21c605684be24ed4e38695d9c31d99e0c928e5a4b7a4691,machine_text_pattern,machine_extracted_unverified
3.13.2,"500 A, Isc= 30kA for 1 sec",Meter,17152,INR,"3.13.2 500 A, Isc= 30kA for 1 sec Meter 17152 ",35,23,real,True,sha256:dc58bcdf21a288b9f21c605684be24ed4e38695d9c31d99e0c928e5a4b7a4691,machine_text_pattern,machine_extracted_unverified
3.13.3,"630 A, Isc= 50kA for 1 sec",Meter,20225,INR,"3.13.3 630 A, Isc= 50kA for 1 sec Meter 20225 ",35,25,real,True,sha256:dc58bcdf21a288b9f21c605684be24ed4e38695d9c31d99e0c928e5a4b7a4691,machine_text_pattern,machine_extracted_unverified
3.13.4,"800 A, Isc= 50kA for 1 sec",Meter,22841,INR,"3.13.4 800 A, Isc= 50kA for 1 sec Meter 22841 ",35,27,real,True,sha256:dc58bcdf21a288b9f21c605684be24ed4e38695d9c31d99e0c928e5a4b7a4691,machine_text_pattern,machine_extracted_unverified
3.13.5,"1000 A, Isc= 50kA for 1 sec",Meter,25416,INR,"3.13.5 1000 A, Isc= 50kA for 1 sec Meter 25416 ",35,29,real,True,sha256:dc58bcdf21a288b9f21c605684be24ed4e38695d9c31d99e0c928e5a4b7a4691,machine_text_pattern,machine_extracted_unverified
3.13.6,"1250 A, Isc= 50kA for 1 sec",Meter,27733,INR,"3.13.6 1250 A, Isc= 50kA for 1 sec Meter 27733 ",35,31,real,True,sha256:dc58bcdf21a288b9f21c605684be24ed4e38695d9c31d99e0c928e5a4b7a4691,machine_text_pattern,machine_extracted_unverified
3.13.7,"1600 A, Isc= 50kA for 1 sec",Meter,32974,INR,"3.13.7 1600 A, Isc= 50kA for 1 sec Meter 32974 ",35,33,real,True,sha256:dc58bcdf21a288b9f21c605684be24ed4e38695d9c31d99e0c928e5a4b7a4691,machine_text_pattern,machine_extracted_unverified
3.13.8,"2000 A, Isc= 50kA for 1 sec",Meter,42110,INR,"3.13.8 2000 A, Isc= 50kA for 1 sec Meter 42110 ",35,35,real,True,sha256:dc58bcdf21a288b9f21c605684be24ed4e38695d9c31d99e0c928e5a4b7a4691,machine_text_pattern,machine_extracted_unverified
3.13.9,"2500 A, Isc= 50kA for 1 sec",Meter,46745,INR,"3.13.9 2500 A, Isc= 50kA for 1 sec Meter 46745 ",35,37,real,True,sha256:dc58bcdf21a288b9f21c605684be24ed4e38695d9c31d99e0c928e5a4b7a4691,machine_text_pattern,machine_extracted_unverified
3.13.10,"3200 A, Isc= 50kA for 1 sec",Meter,58373,INR,"3.13.10 3200 A, Isc= 50kA for 1 sec Meter 58373 ",35,39,real,True,sha256:dc58bcdf21a288b9f21c605684be24ed4e38695d9c31d99e0c928e5a4b7a4691,machine_text_pattern,machine_extracted_unverified
3.13.11,"4000 A, Isc= 50kA for 1 sec",Meter,98975,INR,"3.13.11 4000 A, Isc= 50kA for 1 sec Meter 98975 ",35,41,real,True,sha256:dc58bcdf21a288b9f21c605684be24ed4e38695d9c31d99e0c928e5a4b7a4691,machine_text_pattern,machine_extracted_unverified
4.1.1,100 mm width X 50 mm depth X 1.6 mm thickness,Meter,623,INR,4.1.1 100 mm width X 50 mm depth X 1.6 mm thickness Meter 623 ,36,14,real,True,sha256:dc58bcdf21a288b9f21c605684be24ed4e38695d9c31d99e0c928e5a4b7a4691,machine_text_pattern,machine_extracted_unverified
4.1.2,150 mm width X 50 mm depth X 1.6 mm thickness,Meter,686,INR,4.1.2 150 mm width X 50 mm depth X 1.6 mm thickness Meter 686 ,36,16,real,True,sha256:dc58bcdf21a288b9f21c605684be24ed4e38695d9c31d99e0c928e5a4b7a4691,machine_text_pattern,machine_extracted_unverified
4.1.3,200 mm width X 50 mm depth X 1.6 mm thickness,Meter,819,INR,4.1.3 200 mm width X 50 mm depth X 1.6 mm thickness Meter 819 ,36,18,real,True,sha256:dc58bcdf21a288b9f21c605684be24ed4e38695d9c31d99e0c928e5a4b7a4691,machine_text_pattern,machine_extracted_unverified
4.1.4,300 mm width X 50 mm depth X 1.6 mm thickness,Meter,866,INR,4.1.4 300 mm width X 50 mm depth X 1.6 mm thickness Meter 866 ,36,20,real,True,sha256:dc58bcdf21a288b9f21c605684be24ed4e38695d9c31d99e0c928e5a4b7a4691,machine_text_pattern,machine_extracted_unverified
4.1.5,375 mm width X 50 mm depth X 2.0 mm thickness,Meter,1116,INR,4.1.5 375 mm width X 50 mm depth X 2.0 mm thickness Meter 1116 ,36,22,real,True,sha256:dc58bcdf21a288b9f21c605684be24ed4e38695d9c31d99e0c928e5a4b7a4691,machine_text_pattern,machine_extracted_unverified
4.1.6,450 mm width X 50 mm depth X 2.0 mm thickness,Meter,1243,INR,4.1.6 450 mm width X 50 mm depth X 2.0 mm thickness Meter 1243 ,36,24,real,True,sha256:dc58bcdf21a288b9f21c605684be24ed4e38695d9c31d99e0c928e5a4b7a4691,machine_text_pattern,machine_extracted_unverified
4.1.7,600 mm width X 50 mm depth X 2.0 mm thickness,Meter,1526,INR,4.1.7 600 mm width X 50 mm depth X 2.0 mm thickness Meter 1526 ,36,26,real,True,sha256:dc58bcdf21a288b9f21c605684be24ed4e38695d9c31d99e0c928e5a4b7a4691,machine_text_pattern,machine_extracted_unverified
4.1.8,300 mm width X 62.5 mm depth X 2.0 mm thickness,Meter,1025,INR,4.1.8 300 mm width X 62.5 mm depth X 2.0 mm thickness Meter 1025 ,36,28,real,True,sha256:dc58bcdf21a288b9f21c605684be24ed4e38695d9c31d99e0c928e5a4b7a4691,machine_text_pattern,machine_extracted_unverified
4.1.9,375 mm width X 62.5 mm depth X 2.0 mm thickness,Meter,1160,INR,4.1.9 375 mm width X 62.5 mm depth X 2.0 mm thickness Meter 1160 ,36,30,real,True,sha256:dc58bcdf21a288b9f21c605684be24ed4e38695d9c31d99e0c928e5a4b7a4691,machine_text_pattern,machine_extracted_unverified
4.1.10,450 mm width X 62.5 mm depth X 2.0 mm thickness,Meter,1348,INR,4.1.10 450 mm width X 62.5 mm depth X 2.0 mm thickness Meter 1348 ,36,32,real,True,sha256:dc58bcdf21a288b9f21c605684be24ed4e38695d9c31d99e0c928e5a4b7a4691,machine_text_pattern,machine_extracted_unverified
4.1.11,600 mm width X 62.5 mm depth X 2.0 mm thickness,Meter,1597,INR,4.1.11 600 mm width X 62.5 mm depth X 2.0 mm thickness Meter 1597 ,36,34,real,True,sha256:dc58bcdf21a288b9f21c605684be24ed4e38695d9c31d99e0c928e5a4b7a4691,machine_text_pattern,machine_extracted_unverified
4.1.12,750 mm width X 62.5 mm depth X 2.0 mm thickness,Meter,1830,INR,4.1.12 750 mm width X 62.5 mm depth X 2.0 mm thickness Meter 1830 ,36,36,real,True,sha256:dc58bcdf21a288b9f21c605684be24ed4e38695d9c31d99e0c928e5a4b7a4691,machine_text_pattern,machine_extracted_unverified
4.1.13,900 mm width X 62.5 mm depth X 2.0 mm thickness,Meter,2109,INR,4.1.13 900 mm width X 62.5 mm depth X 2.0 mm thickness Meter 2109 ,36,38,real,True,sha256:dc58bcdf21a288b9f21c605684be24ed4e38695d9c31d99e0c928e5a4b7a4691,machine_text_pattern,machine_extracted_unverified
4.1.14,600 mm width X 75 mm depth X 2.0 mm thickness,Meter,1633,INR,4.1.14 600 mm width X 75 mm depth X 2.0 mm thickness Meter 1633 ,36,40,real,True,sha256:dc58bcdf21a288b9f21c605684be24ed4e38695d9c31d99e0c928e5a4b7a4691,machine_text_pattern,machine_extracted_unverified
4.1.15,750 mm width X 75 mm depth X 2.0 mm thickness,Meter,1844,INR,4.1.15 750 mm width X 75 mm depth X 2.0 mm thickness Meter 1844 ,36,42,real,True,sha256:dc58bcdf21a288b9f21c605684be24ed4e38695d9c31d99e0c928e5a4b7a4691,machine_text_pattern,machine_extracted_unverified
4.1.16,900 mm width X 75 mm depth X 2.0 mm thickness,Meter,2145,INR,4.1.16 900 mm width X 75 mm depth X 2.0 mm thickness Meter 2145 ,36,44,real,True,sha256:dc58bcdf21a288b9f21c605684be24ed4e38695d9c31d99e0c928e5a4b7a4691,machine_text_pattern,machine_extracted_unverified
4.3.1,100 mm width X 50 mm depth X 1.6 mm thickness,Each,1089,INR,4.3.1 100 mm width X 50 mm depth X 1.6 mm thickness Each 1089 ,37,61,real,True,sha256:dc58bcdf21a288b9f21c605684be24ed4e38695d9c31d99e0c928e5a4b7a4691,machine_text_pattern,machine_extracted_unverified
4.3.2,150 mm width X 50 mm depth X 1.6 mm thickness,Each,1281,INR,4.3.2 150 mm width X 50 mm depth X 1.6 mm thickness Each 1281 ,37,62,real,True,sha256:dc58bcdf21a288b9f21c605684be24ed4e38695d9c31d99e0c928e5a4b7a4691,machine_text_pattern,machine_extracted_unverified
4.3.3,225 mm width X 50 mm depth X 1.6 mm thickness,Each,1552,INR,4.3.3 225 mm width X 50 mm depth X 1.6 mm thickness Each 1552 ,38,3,real,True,sha256:dc58bcdf21a288b9f21c605684be24ed4e38695d9c31d99e0c928e5a4b7a4691,machine_text_pattern,machine_extracted_unverified
4.3.4,300 mm width X 50 mm depth X 1.6 mm thickness,Each,1826,INR,4.3.4 300 mm width X 50 mm depth X 1.6 mm thickness Each 1826 ,38,4,real,True,sha256:dc58bcdf21a288b9f21c605684be24ed4e38695d9c31d99e0c928e5a4b7a4691,machine_text_pattern,machine_extracted_unverified
4.3.5,375 mm width X 50 mm depth X 2.0 mm thickness,Each,2558,INR,4.3.5 375 mm width X 50 mm depth X 2.0 mm thickness Each 2558 ,38,5,real,True,sha256:dc58bcdf21a288b9f21c605684be24ed4e38695d9c31d99e0c928e5a4b7a4691,machine_text_pattern,machine_extracted_unverified
4.3.6,450 mm width X 50 mm depth X 2.0 mm thickness,Each,2923,INR,4.3.6 450 mm width X 50 mm depth X 2.0 mm thickness Each 2923 ,38,6,real,True,sha256:dc58bcdf21a288b9f21c605684be24ed4e38695d9c31d99e0c928e5a4b7a4691,machine_text_pattern,machine_extracted_unverified
4.3.7,600 mm width X 50 mm depth X 2.0 mm thickness,Each,3628,INR,4.3.7 600 mm width X 50 mm depth X 2.0 mm thickness Each 3628 ,38,7,real,True,sha256:dc58bcdf21a288b9f21c605684be24ed4e38695d9c31d99e0c928e5a4b7a4691,machine_text_pattern,machine_extracted_unverified
4.3.8,300 mm width X 62.5 mm depth X 2.0 mm thickness,Each,2305,INR,4.3.8 300 mm width X 62.5 mm depth X 2.0 mm thickness Each 2305 ,38,8,real,True,sha256:dc58bcdf21a288b9f21c605684be24ed4e38695d9c31d99e0c928e5a4b7a4691,machine_text_pattern,machine_extracted_unverified
4.3.9,375 mm width X 62.5 mm depth X 2.0 mm thickness,Each,2686,INR,4.3.9 375 mm width X 62.5 mm depth X 2.0 mm thickness Each 2686 ,38,9,real,True,sha256:dc58bcdf21a288b9f21c605684be24ed4e38695d9c31d99e0c928e5a4b7a4691,machine_text_pattern,machine_extracted_unverified
4.3.10,450 mm width X 62.5 mm depth X 2.0 mm thickness,Each,3165,INR,4.3.10 450 mm width X 62.5 mm depth X 2.0 mm thickness Each 3165 ,38,10,real,True,sha256:dc58bcdf21a288b9f21c605684be24ed4e38695d9c31d99e0c928e5a4b7a4691,machine_text_pattern,machine_extracted_unverified
4.3.11,600 mm width X 62.5 mm depth X 2.0 mm thickness,Each,3885,INR,4.3.11 600 mm width X 62.5 mm depth X 2.0 mm thickness Each 3885 ,38,11,real,True,sha256:dc58bcdf21a288b9f21c605684be24ed4e38695d9c31d99e0c928e5a4b7a4691,machine_text_pattern,machine_extracted_unverified
4.3.12,750 mm width X 62.5 mm depth X 2.0 mm thickness,Each,4578,INR,4.3.12 750 mm width X 62.5 mm depth X 2.0 mm thickness Each 4578 ,38,12,real,True,sha256:dc58bcdf21a288b9f21c605684be24ed4e38695d9c31d99e0c928e5a4b7a4691,machine_text_pattern,machine_extracted_unverified
4.3.13,900 mm width X 62.5 mm depth X 2.0 mm thickness,Each,5309,INR,4.3.13 900 mm width X 62.5 mm depth X 2.0 mm thickness Each 5309 ,38,13,real,True,sha256:dc58bcdf21a288b9f21c605684be24ed4e38695d9c31d99e0c928e5a4b7a4691,machine_text_pattern,machine_extracted_unverified
4.3.14,600 mm width X 75 mm depth X 2.0 mm thickness,Each,3995,INR,4.3.14 600 mm width X 75 mm depth X 2.0 mm thickness Each 3995 ,38,14,real,True,sha256:dc58bcdf21a288b9f21c605684be24ed4e38695d9c31d99e0c928e5a4b7a4691,machine_text_pattern,machine_extracted_unverified
4.3.15,750 mm width X 75 mm depth X 2.0 mm thickness,Each,4691,INR,4.3.15 750 mm width X 75 mm depth X 2.0 mm thickness Each 4691 ,38,15,real,True,sha256:dc58bcdf21a288b9f21c605684be24ed4e38695d9c31d99e0c928e5a4b7a4691,machine_text_pattern,machine_extracted_unverified
4.3.16,900 mm width X 75 mm depth X 2.0 mm thickness,Each,5422,INR,4.3.16 900 mm width X 75 mm depth X 2.0 mm thickness Each 5422 ,38,16,real,True,sha256:dc58bcdf21a288b9f21c605684be24ed4e38695d9c31d99e0c928e5a4b7a4691,machine_text_pattern,machine_extracted_unverified
4.4.1,100 mm width X 50 mm depth X 1.6 mm thickness,Each,1231,INR,4.4.1 100 mm width X 50 mm depth X 1.6 mm thickness Each 1231 ,38,24,real,True,sha256:dc58bcdf21a288b9f21c605684be24ed4e38695d9c31d99e0c928e5a4b7a4691,machine_text_pattern,machine_extracted_unverified
4.4.2,150 mm width X 50 mm depth X 1.6 mm thickness,Each,1498,INR,4.4.2 150 mm width X 50 mm depth X 1.6 mm thickness Each 1498 ,38,25,real,True,sha256:dc58bcdf21a288b9f21c605684be24ed4e38695d9c31d99e0c928e5a4b7a4691,machine_text_pattern,machine_extracted_unverified
4.4.3,225 mm width X 50 mm depth X 1.6 mm thickness,Each,1783,INR,4.4.3 225 mm width X 50 mm depth X 1.6 mm thickness Each 1783 ,38,26,real,True,sha256:dc58bcdf21a288b9f21c605684be24ed4e38695d9c31d99e0c928e5a4b7a4691,machine_text_pattern,machine_extracted_unverified
4.4.4,300 mm width X 50 mm depth X 1.6 mm thickness,Each,2110,INR,4.4.4 300 mm width X 50 mm depth X 1.6 mm thickness Each 2110 ,38,27,real,True,sha256:dc58bcdf21a288b9f21c605684be24ed4e38695d9c31d99e0c928e5a4b7a4691,machine_text_pattern,machine_extracted_unverified
4.4.5,375 mm width X 50 mm depth X 2.0 mm thickness,Each,2978,INR,4.4.5 375 mm width X 50 mm depth X 2.0 mm thickness Each 2978 ,38,28,real,True,sha256:dc58bcdf21a288b9f21c605684be24ed4e38695d9c31d99e0c928e5a4b7a4691,machine_text_pattern,machine_extracted_unverified
4.4.6,450 mm width X 50 mm depth X 2.0 mm thickness,Each,3410,INR,4.4.6 450 mm width X 50 mm depth X 2.0 mm thickness Each 3410 ,38,29,real,True,sha256:dc58bcdf21a288b9f21c605684be24ed4e38695d9c31d99e0c928e5a4b7a4691,machine_text_pattern,machine_extracted_unverified
4.4.7,600 mm width X 50 mm depth X 2.0 mm thickness,Each,4247,INR,4.4.7 600 mm width X 50 mm depth X 2.0 mm thickness Each 4247 ,39,3,real,True,sha256:dc58bcdf21a288b9f21c605684be24ed4e38695d9c31d99e0c928e5a4b7a4691,machine_text_pattern,machine_extracted_unverified
4.4.8,300 mm width X 62.5 mm depth X 2.0 mm thickness,Each,2681,INR,4.4.8 300 mm width X 62.5 mm depth X 2.0 mm thickness Each 2681 ,39,4,real,True,sha256:dc58bcdf21a288b9f21c605684be24ed4e38695d9c31d99e0c928e5a4b7a4691,machine_text_pattern,machine_extracted_unverified
4.4.9,375 mm width X 62.5 mm depth X 2.0 mm thickness,Each,3129,INR,4.4.9 375 mm width X 62.5 mm depth X 2.0 mm thickness Each 3129 ,39,5,real,True,sha256:dc58bcdf21a288b9f21c605684be24ed4e38695d9c31d99e0c928e5a4b7a4691,machine_text_pattern,machine_extracted_unverified
4.4.10,450 mm width X 62.5 mm depth X 2.0 mm thickness,Each,3674,INR,4.4.10 450 mm width X 62.5 mm depth X 2.0 mm thickness Each 3674 ,39,6,real,True,sha256:dc58bcdf21a288b9f21c605684be24ed4e38695d9c31d99e0c928e5a4b7a4691,machine_text_pattern,machine_extracted_unverified
4.4.11,600 mm width X 62.5 mm depth X 2.0 mm thickness,Each,4526,INR,4.4.11 600 mm width X 62.5 mm depth X 2.0 mm thickness Each 4526 ,39,7,real,True,sha256:dc58bcdf21a288b9f21c605684be24ed4e38695d9c31d99e0c928e5a4b7a4691,machine_text_pattern,machine_extracted_unverified
4.4.12,750 mm width X 62.5 mm depth X 2.0 mm thickness,Each,5352,INR,4.4.12 750 mm width X 62.5 mm depth X 2.0 mm thickness Each 5352 ,39,8,real,True,sha256:dc58bcdf21a288b9f21c605684be24ed4e38695d9c31d99e0c928e5a4b7a4691,machine_text_pattern,machine_extracted_unverified
4.4.13,900 mm width X 62.5 mm depth X 2.0 mm thickness,Each,6215,INR,4.4.13 900 mm width X 62.5 mm depth X 2.0 mm thickness Each 6215 ,39,9,real,True,sha256:dc58bcdf21a288b9f21c605684be24ed4e38695d9c31d99e0c928e5a4b7a4691,machine_text_pattern,machine_extracted_unverified
4.4.14,600 mm width X 75 mm depth X 2.0 mm thickness,Each,4658,INR,4.4.14 600 mm width X 75 mm depth X 2.0 mm thickness Each 4658 ,39,10,real,True,sha256:dc58bcdf21a288b9f21c605684be24ed4e38695d9c31d99e0c928e5a4b7a4691,machine_text_pattern,machine_extracted_unverified
4.4.15,750 mm width X 75 mm depth X 2.0 mm thickness,Each,5487,INR,4.4.15 750 mm width X 75 mm depth X 2.0 mm thickness Each 5487 ,39,11,real,True,sha256:dc58bcdf21a288b9f21c605684be24ed4e38695d9c31d99e0c928e5a4b7a4691,machine_text_pattern,machine_extracted_unverified
4.4.16,900 mm width X 75 mm depth X 2.0 mm thickness,Each,6350,INR,4.4.16 900 mm width X 75 mm depth X 2.0 mm thickness Each 6350 ,39,12,real,True,sha256:dc58bcdf21a288b9f21c605684be24ed4e38695d9c31d99e0c928e5a4b7a4691,machine_text_pattern,machine_extracted_unverified
4.5.1,100 mm width X 50 mm depth X 1.6 mm thickness,Each,1089,INR,4.5.1 100 mm width X 50 mm depth X 1.6 mm thickness Each 1089 ,39,20,real,True,sha256:dc58bcdf21a288b9f21c605684be24ed4e38695d9c31d99e0c928e5a4b7a4691,machine_text_pattern,machine_extracted_unverified
4.5.2,150 mm width X 50 mm depth X 1.6 mm thickness,Each,1281,INR,4.5.2 150 mm width X 50 mm depth X 1.6 mm thickness Each 1281 ,39,21,real,True,sha256:dc58bcdf21a288b9f21c605684be24ed4e38695d9c31d99e0c928e5a4b7a4691,machine_text_pattern,machine_extracted_unverified
4.5.3,225 mm width X 50 mm depth X 1.6 mm thickness,Each,1562,INR,4.5.3 225 mm width X 50 mm depth X 1.6 mm thickness Each 1562 ,39,22,real,True,sha256:dc58bcdf21a288b9f21c605684be24ed4e38695d9c31d99e0c928e5a4b7a4691,machine_text_pattern,machine_extracted_unverified
4.5.4,300 mm width X 50 mm depth X 1.6 mm thickness,Each,1876,INR,4.5.4 300 mm width X 50 mm depth X 1.6 mm thickness Each 1876 ,39,23,real,True,sha256:dc58bcdf21a288b9f21c605684be24ed4e38695d9c31d99e0c928e5a4b7a4691,machine_text_pattern,machine_extracted_unverified
4.5.5,375 mm width X 50 mm depth X 2.0 mm thickness,Each,2568,INR,4.5.5 375 mm width X 50 mm depth X 2.0 mm thickness Each 2568 ,39,24,real,True,sha256:dc58bcdf21a288b9f21c605684be24ed4e38695d9c31d99e0c928e5a4b7a4691,machine_text_pattern,machine_extracted_unverified
4.5.6,450 mm width X 50 mm depth X 2.0 mm thickness,Each,2933,INR,4.5.6 450 mm width X 50 mm depth X 2.0 mm thickness Each 2933 ,39,25,real,True,sha256:dc58bcdf21a288b9f21c605684be24ed4e38695d9c31d99e0c928e5a4b7a4691,machine_text_pattern,machine_extracted_unverified
4.5.7,600 mm width X 50 mm depth X 2.0 mm thickness,Each,3628,INR,4.5.7 600 mm width X 50 mm depth X 2.0 mm thickness Each 3628 ,39,26,real,True,sha256:dc58bcdf21a288b9f21c605684be24ed4e38695d9c31d99e0c928e5a4b7a4691,machine_text_pattern,machine_extracted_unverified
4.5.8,300 mm width X 62.5 mm depth X 2.0 mm thickness,Each,2305,INR,4.5.8 300 mm width X 62.5 mm depth X 2.0 mm thickness Each 2305 ,39,27,real,True,sha256:dc58bcdf21a288b9f21c605684be24ed4e38695d9c31d99e0c928e5a4b7a4691,machine_text_pattern,machine_extracted_unverified
4.5.9,375 mm width X 62.5 mm depth X 2.0 mm thickness,Each,2686,INR,4.5.9 375 mm width X 62.5 mm depth X 2.0 mm thickness Each 2686 ,39,28,real,True,sha256:dc58bcdf21a288b9f21c605684be24ed4e38695d9c31d99e0c928e5a4b7a4691,machine_text_pattern,machine_extracted_unverified
4.5.10,450 mm width X 62.5 mm depth X 2.0 mm thickness,Each,3165,INR,4.5.10 450 mm width X 62.5 mm depth X 2.0 mm thickness Each 3165 ,39,29,real,True,sha256:dc58bcdf21a288b9f21c605684be24ed4e38695d9c31d99e0c928e5a4b7a4691,machine_text_pattern,machine_extracted_unverified
4.5.11,600 mm width X 62.5 mm depth X 2.0 mm thickness,Each,3885,INR,4.5.11 600 mm width X 62.5 mm depth X 2.0 mm thickness Each 3885 ,40,3,real,True,sha256:dc58bcdf21a288b9f21c605684be24ed4e38695d9c31d99e0c928e5a4b7a4691,machine_text_pattern,machine_extracted_unverified
4.5.12,750 mm width X 62.5 mm depth X 2.0 mm thickness,Each,3880,INR,4.5.12 750 mm width X 62.5 mm depth X 2.0 mm thickness Each 3880 ,40,4,real,True,sha256:dc58bcdf21a288b9f21c605684be24ed4e38695d9c31d99e0c928e5a4b7a4691,machine_text_pattern,machine_extracted_unverified
4.5.13,900 mm width X 62.5 mm depth X 2.0 mm thickness,Each,5309,INR,4.5.13 900 mm width X 62.5 mm depth X 2.0 mm thickness Each 5309 ,40,5,real,True,sha256:dc58bcdf21a288b9f21c605684be24ed4e38695d9c31d99e0c928e5a4b7a4691,machine_text_pattern,machine_extracted_unverified
4.5.14,600 mm width X 75 mm depth X 2.0 mm thickness,Each,3995,INR,4.5.14 600 mm width X 75 mm depth X 2.0 mm thickness Each 3995 ,40,6,real,True,sha256:dc58bcdf21a288b9f21c605684be24ed4e38695d9c31d99e0c928e5a4b7a4691,machine_text_pattern,machine_extracted_unverified
4.5.15,750 mm width X 75 mm depth X 2.0 mm thickness,Each,4691,INR,4.5.15 750 mm width X 75 mm depth X 2.0 mm thickness Each 4691 ,40,7,real,True,sha256:dc58bcdf21a288b9f21c605684be24ed4e38695d9c31d99e0c928e5a4b7a4691,machine_text_pattern,machine_extracted_unverified
4.5.16,900 mm width X 75 mm depth X 2.0 mm thickness,Each,5422,INR,4.5.16 900 mm width X 75 mm depth X 2.0 mm thickness Each 5422 ,40,8,real,True,sha256:dc58bcdf21a288b9f21c605684be24ed4e38695d9c31d99e0c928e5a4b7a4691,machine_text_pattern,machine_extracted_unverified
4.6.1,100 mm width X 50 mm depth X 1.6 mm thickness,Metre,754,INR,4.6.1 100 mm width X 50 mm depth X 1.6 mm thickness Metre 754 ,40,17,real,True,sha256:dc58bcdf21a288b9f21c605684be24ed4e38695d9c31d99e0c928e5a4b7a4691,machine_text_pattern,machine_extracted_unverified
4.6.2,150 mm width X 50 mm depth X 1.6 mm thickness,Metre,803,INR,4.6.2 150 mm width X 50 mm depth X 1.6 mm thickness Metre 803 ,40,18,real,True,sha256:dc58bcdf21a288b9f21c605684be24ed4e38695d9c31d99e0c928e5a4b7a4691,machine_text_pattern,machine_extracted_unverified
4.6.3,225 mm width X 50 mm depth X 1.6 mm thickness,Metre,991,INR,4.6.3 225 mm width X 50 mm depth X 1.6 mm thickness Metre 991 ,40,19,real,True,sha256:dc58bcdf21a288b9f21c605684be24ed4e38695d9c31d99e0c928e5a4b7a4691,machine_text_pattern,machine_extracted_unverified
4.6.4,300 mm width X 50 mm depth X 1.6 mm thickness,Metre,1062,INR,4.6.4 300 mm width X 50 mm depth X 1.6 mm thickness Metre 1062 ,40,20,real,True,sha256:dc58bcdf21a288b9f21c605684be24ed4e38695d9c31d99e0c928e5a4b7a4691,machine_text_pattern,machine_extracted_unverified
4.6.5,375 mm width X 50 mm depth X 2.0 mm thickness,Metre,1322,INR,4.6.5 375 mm width X 50 mm depth X 2.0 mm thickness Metre 1322 ,40,21,real,True,sha256:dc58bcdf21a288b9f21c605684be24ed4e38695d9c31d99e0c928e5a4b7a4691,machine_text_pattern,machine_extracted_unverified
4.6.6,450 mm width X 50 mm depth X 2.0 mm thickness,Metre,1439,INR,4.6.6 450 mm width X 50 mm depth X 2.0 mm thickness Metre 1439 ,40,22,real,True,sha256:dc58bcdf21a288b9f21c605684be24ed4e38695d9c31d99e0c928e5a4b7a4691,machine_text_pattern,machine_extracted_unverified
4.6.7,600 mm width X 50 mm depth X 2.0 mm thickness,Metre,1925,INR,4.6.7 600 mm width X 50 mm depth X 2.0 mm thickness Metre 1925 ,40,23,real,True,sha256:dc58bcdf21a288b9f21c605684be24ed4e38695d9c31d99e0c928e5a4b7a4691,machine_text_pattern,machine_extracted_unverified
4.6.8,300 mm width X 62.5 mm depth X 2.0 mm thickness,Metre,1299,INR,4.6.8 300 mm width X 62.5 mm depth X 2.0 mm thickness Metre 1299 ,40,24,real,True,sha256:dc58bcdf21a288b9f21c605684be24ed4e38695d9c31d99e0c928e5a4b7a4691,machine_text_pattern,machine_extracted_unverified
4.6.9,375 mm width X 62.5 mm depth X 2.0 mm thickness,Metre,1477,INR,4.6.9 375 mm width X 62.5 mm depth X 2.0 mm thickness Metre 1477 ,40,25,real,True,sha256:dc58bcdf21a288b9f21c605684be24ed4e38695d9c31d99e0c928e5a4b7a4691,machine_text_pattern,machine_extracted_unverified
4.6.10,450 mm width X 62.5 mm depth X 2.0 mm thickness,Metre,1713,INR,4.6.10 450 mm width X 62.5 mm depth X 2.0 mm thickness Metre 1713 ,40,26,real,True,sha256:dc58bcdf21a288b9f21c605684be24ed4e38695d9c31d99e0c928e5a4b7a4691,machine_text_pattern,machine_extracted_unverified
4.6.11,600 mm width X 62.5 mm depth X 2.0 mm thickness,Metre,2064,INR,4.6.11 600 mm width X 62.5 mm depth X 2.0 mm thickness Metre 2064 ,40,27,real,True,sha256:dc58bcdf21a288b9f21c605684be24ed4e38695d9c31d99e0c928e5a4b7a4691,machine_text_pattern,machine_extracted_unverified
4.6.12,750 mm width X 62.5 mm depth X 2.0 mm thickness,Metre,2428,INR,4.6.12 750 mm width X 62.5 mm depth X 2.0 mm thickness Metre 2428 ,40,28,real,True,sha256:dc58bcdf21a288b9f21c605684be24ed4e38695d9c31d99e0c928e5a4b7a4691,machine_text_pattern,machine_extracted_unverified
4.6.13,900 mm width X 62.5 mm depth X 2.0 mm thickness,Metre,2793,INR,4.6.13 900 mm width X 62.5 mm depth X 2.0 mm thickness Metre 2793 ,40,29,real,True,sha256:dc58bcdf21a288b9f21c605684be24ed4e38695d9c31d99e0c928e5a4b7a4691,machine_text_pattern,machine_extracted_unverified
4.6.14,600 mm width X 75 mm depth X 2.0 mm thickness,Metre,2111,INR,4.6.14 600 mm width X 75 mm depth X 2.0 mm thickness Metre 2111 ,41,3,real,True,sha256:dc58bcdf21a288b9f21c605684be24ed4e38695d9c31d99e0c928e5a4b7a4691,machine_text_pattern,machine_extracted_unverified
4.6.15,750 mm width X 75 mm depth X 2.0 mm thickness,Metre,2441,INR,4.6.15 750 mm width X 75 mm depth X 2.0 mm thickness Metre 2441 ,41,4,real,True,sha256:dc58bcdf21a288b9f21c605684be24ed4e38695d9c31d99e0c928e5a4b7a4691,machine_text_pattern,machine_extracted_unverified
4.6.16,900 mm width X 75 mm depth X 2.0 mm thickness,Metre,2799,INR,4.6.16 900 mm width X 75 mm depth X 2.0 mm thickness Metre 2799 ,41,5,real,True,sha256:dc58bcdf21a288b9f21c605684be24ed4e38695d9c31d99e0c928e5a4b7a4691,machine_text_pattern,machine_extracted_unverified
4.7.1,100 mm width X 50 mm depth X 1.6 mm thickness,Each,1252,INR,4.7.1 100 mm width X 50 mm depth X 1.6 mm thickness Each 1252 ,41,13,real,True,sha256:dc58bcdf21a288b9f21c605684be24ed4e38695d9c31d99e0c928e5a4b7a4691,machine_text_pattern,machine_extracted_unverified
4.7.2,150 mm width X 50 mm depth X 1.6 mm thickness,Each,1368,INR,4.7.2 150 mm width X 50 mm depth X 1.6 mm thickness Each 1368 ,41,14,real,True,sha256:dc58bcdf21a288b9f21c605684be24ed4e38695d9c31d99e0c928e5a4b7a4691,machine_text_pattern,machine_extracted_unverified
4.7.3,225 mm width X 50 mm depth X 1.6 mm thickness,Each,1811,INR,4.7.3 225 mm width X 50 mm depth X 1.6 mm thickness Each 1811 ,41,15,real,True,sha256:dc58bcdf21a288b9f21c605684be24ed4e38695d9c31d99e0c928e5a4b7a4691,machine_text_pattern,machine_extracted_unverified
4.7.4,300 mm width X 50 mm depth X 1.6 mm thickness,Each,1977,INR,4.7.4 300 mm width X 50 mm depth X 1.6 mm thickness Each 1977 ,41,16,real,True,sha256:dc58bcdf21a288b9f21c605684be24ed4e38695d9c31d99e0c928e5a4b7a4691,machine_text_pattern,machine_extracted_unverified
4.7.5,375 mm width X 50 mm depth X 2.0 mm thickness,Each,2580,INR,4.7.5 375 mm width X 50 mm depth X 2.0 mm thickness Each 2580 ,41,17,real,True,sha256:dc58bcdf21a288b9f21c605684be24ed4e38695d9c31d99e0c928e5a4b7a4691,machine_text_pattern,machine_extracted_unverified
4.7.6,450 mm width X 50 mm depth X 2.0 mm thickness,Each,2844,INR,4.7.6 450 mm width X 50 mm depth X 2.0 mm thickness Each 2844 ,41,18,real,True,sha256:dc58bcdf21a288b9f21c605684be24ed4e38695d9c31d99e0c928e5a4b7a4691,machine_text_pattern,machine_extracted_unverified
4.7.7,600 mm width X 50 mm depth X 2.0 mm thickness,Each,3985,INR,4.7.7 600 mm width X 50 mm depth X 2.0 mm thickness Each 3985 ,41,19,real,True,sha256:dc58bcdf21a288b9f21c605684be24ed4e38695d9c31d99e0c928e5a4b7a4691,machine_text_pattern,machine_extracted_unverified
4.7.8,300 mm width X 62.5 mm depth X 2.0 mm thickness,Each,2537,INR,4.7.8 300 mm width X 62.5 mm depth X 2.0 mm thickness Each 2537 ,41,20,real,True,sha256:dc58bcdf21a288b9f21c605684be24ed4e38695d9c31d99e0c928e5a4b7a4691,machine_text_pattern,machine_extracted_unverified
4.7.9,375 mm width X 62.5 mm depth X 2.0 mm thickness,Each,2946,INR,4.7.9 375 mm width X 62.5 mm depth X 2.0 mm thickness Each 2946 ,41,21,real,True,sha256:dc58bcdf21a288b9f21c605684be24ed4e38695d9c31d99e0c928e5a4b7a4691,machine_text_pattern,machine_extracted_unverified
4.7.10,450 mm width X 62.5 mm depth X 2.0 mm thickness,Each,3460,INR,4.7.10 450 mm width X 62.5 mm depth X 2.0 mm thickness Each 3460 ,41,22,real,True,sha256:dc58bcdf21a288b9f21c605684be24ed4e38695d9c31d99e0c928e5a4b7a4691,machine_text_pattern,machine_extracted_unverified
4.7.11,600 mm width X 62.5 mm depth X 2.0 mm thickness,Each,3966,INR,4.7.11 600 mm width X 62.5 mm depth X 2.0 mm thickness Each 3966 ,41,23,real,True,sha256:dc58bcdf21a288b9f21c605684be24ed4e38695d9c31d99e0c928e5a4b7a4691,machine_text_pattern,machine_extracted_unverified
4.7.12,750 mm width X 62.5 mm depth X 2.0 mm thickness,Each,5122,INR,4.7.12 750 mm width X 62.5 mm depth X 2.0 mm thickness Each 5122 ,41,24,real,True,sha256:dc58bcdf21a288b9f21c605684be24ed4e38695d9c31d99e0c928e5a4b7a4691,machine_text_pattern,machine_extracted_unverified
4.7.13,900 mm width X 62.5 mm depth X 2.0 mm thickness,Each,5932,INR,4.7.13 900 mm width X 62.5 mm depth X 2.0 mm thickness Each 5932 ,41,25,real,True,sha256:dc58bcdf21a288b9f21c605684be24ed4e38695d9c31d99e0c928e5a4b7a4691,machine_text_pattern,machine_extracted_unverified
4.7.14,600 mm width X 75 mm depth X 2.0 mm thickness,Each,4383,INR,4.7.14 600 mm width X 75 mm depth X 2.0 mm thickness Each 4383 ,41,26,real,True,sha256:dc58bcdf21a288b9f21c605684be24ed4e38695d9c31d99e0c928e5a4b7a4691,machine_text_pattern,machine_extracted_unverified
4.7.15,750 mm width X 75 mm depth X 2.0 mm thickness,Each,5156,INR,4.7.15 750 mm width X 75 mm depth X 2.0 mm thickness Each 5156 ,41,27,real,True,sha256:dc58bcdf21a288b9f21c605684be24ed4e38695d9c31d99e0c928e5a4b7a4691,machine_text_pattern,machine_extracted_unverified
4.7.16,900 mm width X 75 mm depth X 2.0 mm thickness,Each,5957,INR,4.7.16 900 mm width X 75 mm depth X 2.0 mm thickness Each 5957 ,41,28,real,True,sha256:dc58bcdf21a288b9f21c605684be24ed4e38695d9c31d99e0c928e5a4b7a4691,machine_text_pattern,machine_extracted_unverified
4.8.1,100 mm width X 50 mm depth X 1.6 mm thickness,Each,1427,INR,4.8.1 100 mm width X 50 mm depth X 1.6 mm thickness Each 1427 ,42,8,real,True,sha256:dc58bcdf21a288b9f21c605684be24ed4e38695d9c31d99e0c928e5a4b7a4691,machine_text_pattern,machine_extracted_unverified
4.8.2,150 mm width X 50 mm depth X 1.6 mm thickness,Each,1486,INR,4.8.2 150 mm width X 50 mm depth X 1.6 mm thickness Each 1486 ,42,9,real,True,sha256:dc58bcdf21a288b9f21c605684be24ed4e38695d9c31d99e0c928e5a4b7a4691,machine_text_pattern,machine_extracted_unverified
4.8.3,225 mm width X 50 mm depth X 1.6 mm thickness,Each,2097,INR,4.8.3 225 mm width X 50 mm depth X 1.6 mm thickness Each 2097 ,42,10,real,True,sha256:dc58bcdf21a288b9f21c605684be24ed4e38695d9c31d99e0c928e5a4b7a4691,machine_text_pattern,machine_extracted_unverified
4.8.4,300 mm width X 50 mm depth X 1.6 mm thickness,Each,2294,INR,4.8.4 300 mm width X 50 mm depth X 1.6 mm thickness Each 2294 ,42,11,real,True,sha256:dc58bcdf21a288b9f21c605684be24ed4e38695d9c31d99e0c928e5a4b7a4691,machine_text_pattern,machine_extracted_unverified
4.8.5,375 mm width X 50 mm depth X 2.0 mm thickness,Each,3012,INR,4.8.5 375 mm width X 50 mm depth X 2.0 mm thickness Each 3012 ,42,12,real,True,sha256:dc58bcdf21a288b9f21c605684be24ed4e38695d9c31d99e0c928e5a4b7a4691,machine_text_pattern,machine_extracted_unverified
4.8.6,450 mm width X 50 mm depth X 2.0 mm thickness,Each,3324,INR,4.8.6 450 mm width X 50 mm depth X 2.0 mm thickness Each 3324 ,42,13,real,True,sha256:dc58bcdf21a288b9f21c605684be24ed4e38695d9c31d99e0c928e5a4b7a4691,machine_text_pattern,machine_extracted_unverified
4.8.7,600 mm width X 50 mm depth X 2.0 mm thickness,Each,4687,INR,4.8.7 600 mm width X 50 mm depth X 2.0 mm thickness Each 4687 ,42,14,real,True,sha256:dc58bcdf21a288b9f21c605684be24ed4e38695d9c31d99e0c928e5a4b7a4691,machine_text_pattern,machine_extracted_unverified
4.8.8,300 mm width X 62.5 mm depth X 2.0 mm thickness,Each,2965,INR,4.8.8 300 mm width X 62.5 mm depth X 2.0 mm thickness Each 2965 ,42,15,real,True,sha256:dc58bcdf21a288b9f21c605684be24ed4e38695d9c31d99e0c928e5a4b7a4691,machine_text_pattern,machine_extracted_unverified
4.8.9,375 mm width X 62.5 mm depth X 2.0 mm thickness,Each,3505,INR,4.8.9 375 mm width X 62.5 mm depth X 2.0 mm thickness Each 3505 ,42,16,real,True,sha256:dc58bcdf21a288b9f21c605684be24ed4e38695d9c31d99e0c928e5a4b7a4691,machine_text_pattern,machine_extracted_unverified
4.8.10,450 mm width X 62.5 mm depth X 2.0 mm thickness,Each,4038,INR,4.8.10 450 mm width X 62.5 mm depth X 2.0 mm thickness Each 4038 ,42,17,real,True,sha256:dc58bcdf21a288b9f21c605684be24ed4e38695d9c31d99e0c928e5a4b7a4691,machine_text_pattern,machine_extracted_unverified
4.8.11,600 mm width X 62.5 mm depth X 2.0 mm thickness,Each,5084,INR,4.8.11 600 mm width X 62.5 mm depth X 2.0 mm thickness Each 5084 ,42,18,real,True,sha256:dc58bcdf21a288b9f21c605684be24ed4e38695d9c31d99e0c928e5a4b7a4691,machine_text_pattern,machine_extracted_unverified
4.8.12,750 mm width X 62.5 mm depth X 2.0 mm thickness,Each,6014,INR,4.8.12 750 mm width X 62.5 mm depth X 2.0 mm thickness Each 6014 ,42,19,real,True,sha256:dc58bcdf21a288b9f21c605684be24ed4e38695d9c31d99e0c928e5a4b7a4691,machine_text_pattern,machine_extracted_unverified
4.8.13,900 mm width X 62.5 mm depth X 2.0 mm thickness,Each,6984,INR,4.8.13 900 mm width X 62.5 mm depth X 2.0 mm thickness Each 6984 ,42,20,real,True,sha256:dc58bcdf21a288b9f21c605684be24ed4e38695d9c31d99e0c928e5a4b7a4691,machine_text_pattern,machine_extracted_unverified
4.8.14,600 mm width X 75 mm depth X 2.0 mm thickness,Each,5137,INR,4.8.14 600 mm width X 75 mm depth X 2.0 mm thickness Each 5137 ,42,21,real,True,sha256:dc58bcdf21a288b9f21c605684be24ed4e38695d9c31d99e0c928e5a4b7a4691,machine_text_pattern,machine_extracted_unverified
4.8.15,750 mm width X 75 mm depth X 2.0 mm thickness,Each,6061,INR,4.8.15 750 mm width X 75 mm depth X 2.0 mm thickness Each 6061 ,42,22,real,True,sha256:dc58bcdf21a288b9f21c605684be24ed4e38695d9c31d99e0c928e5a4b7a4691,machine_text_pattern,machine_extracted_unverified
4.8.16,900 mm width X 75 mm depth X 2.0 mm thickness,Each,7013,INR,4.8.16 900 mm width X 75 mm depth X 2.0 mm thickness Each 7013 ,42,23,real,True,sha256:dc58bcdf21a288b9f21c605684be24ed4e38695d9c31d99e0c928e5a4b7a4691,machine_text_pattern,machine_extracted_unverified
4.9.1,100 mm width X 50 mm depth X 1.6 mm thickness,Each,1427,INR,4.9.1 100 mm width X 50 mm depth X 1.6 mm thickness Each 1427 ,42,32,real,True,sha256:dc58bcdf21a288b9f21c605684be24ed4e38695d9c31d99e0c928e5a4b7a4691,machine_text_pattern,machine_extracted_unverified
4.9.2,150 mm width X 50 mm depth X 1.6 mm thickness,Each,1486,INR,4.9.2 150 mm width X 50 mm depth X 1.6 mm thickness Each 1486 ,43,3,real,True,sha256:dc58bcdf21a288b9f21c605684be24ed4e38695d9c31d99e0c928e5a4b7a4691,machine_text_pattern,machine_extracted_unverified
4.9.3,225 mm width X 50 mm depth X 1.6 mm thickness,Each,2117,INR,4.9.3 225 mm width X 50 mm depth X 1.6 mm thickness Each 2117 ,43,4,real,True,sha256:dc58bcdf21a288b9f21c605684be24ed4e38695d9c31d99e0c928e5a4b7a4691,machine_text_pattern,machine_extracted_unverified
4.9.4,300 mm width X 50 mm depth X 1.6 mm thickness,Each,2513,INR,4.9.4 300 mm width X 50 mm depth X 1.6 mm thickness Each 2513 ,43,5,real,True,sha256:dc58bcdf21a288b9f21c605684be24ed4e38695d9c31d99e0c928e5a4b7a4691,machine_text_pattern,machine_extracted_unverified
4.9.5,375 mm width X 50 mm depth X 2.0 mm thickness,Each,3289,INR,4.9.5 375 mm width X 50 mm depth X 2.0 mm thickness Each 3289 ,43,6,real,True,sha256:dc58bcdf21a288b9f21c605684be24ed4e38695d9c31d99e0c928e5a4b7a4691,machine_text_pattern,machine_extracted_unverified
4.9.6,450 mm width X 50 mm depth X 2.0 mm thickness,Each,3770,INR,4.9.6 450 mm width X 50 mm depth X 2.0 mm thickness Each 3770 ,43,7,real,True,sha256:dc58bcdf21a288b9f21c605684be24ed4e38695d9c31d99e0c928e5a4b7a4691,machine_text_pattern,machine_extracted_unverified
4.9.7,600 mm width X 50 mm depth X 2.0 mm thickness,Each,4702,INR,4.9.7 600 mm width X 50 mm depth X 2.0 mm thickness Each 4702 ,43,8,real,True,sha256:dc58bcdf21a288b9f21c605684be24ed4e38695d9c31d99e0c928e5a4b7a4691,machine_text_pattern,machine_extracted_unverified
4.9.8,300 mm width X 62.5 mm depth X 2.0 mm thickness,Each,2972,INR,4.9.8 300 mm width X 62.5 mm depth X 2.0 mm thickness Each 2972 ,43,9,real,True,sha256:dc58bcdf21a288b9f21c605684be24ed4e38695d9c31d99e0c928e5a4b7a4691,machine_text_pattern,machine_extracted_unverified
4.9.9,375 mm width X 62.5 mm depth X 2.0 mm thickness,Each,3448,INR,4.9.9 375 mm width X 62.5 mm depth X 2.0 mm thickness Each 3448 ,43,10,real,True,sha256:dc58bcdf21a288b9f21c605684be24ed4e38695d9c31d99e0c928e5a4b7a4691,machine_text_pattern,machine_extracted_unverified
4.9.10,450 mm width X 62.5 mm depth X 2.0 mm thickness,Each,4044,INR,4.9.10 450 mm width X 62.5 mm depth X 2.0 mm thickness Each 4044 ,43,11,real,True,sha256:dc58bcdf21a288b9f21c605684be24ed4e38695d9c31d99e0c928e5a4b7a4691,machine_text_pattern,machine_extracted_unverified
4.9.11,600 mm width X 62.5 mm depth X 2.0 mm thickness,Each,5000,INR,4.9.11 600 mm width X 62.5 mm depth X 2.0 mm thickness Each 5000 ,43,12,real,True,sha256:dc58bcdf21a288b9f21c605684be24ed4e38695d9c31d99e0c928e5a4b7a4691,machine_text_pattern,machine_extracted_unverified
4.9.12,750mm width X 62.5 mm depth X 2 mm thickness,Each,6014,INR,4.9.12 750mm width  X 62.5 mm depth  X 2 mm thickness Each 6014 ,43,13,real,True,sha256:dc58bcdf21a288b9f21c605684be24ed4e38695d9c31d99e0c928e5a4b7a4691,machine_text_pattern,machine_extracted_unverified
4.9.13,900 mm width X 62.5 mm depth X 2.0 mm thickness,Each,6984,INR,4.9.13 900 mm width X 62.5 mm depth X 2.0 mm thickness Each 6984 ,43,14,real,True,sha256:dc58bcdf21a288b9f21c605684be24ed4e38695d9c31d99e0c928e5a4b7a4691,machine_text_pattern,machine_extracted_unverified
4.9.14,600 mm width X 75 mm depth X 2.0 mm thickness,Each,5140,INR,4.9.14 600 mm width X 75 mm depth X 2.0 mm thickness Each 5140 ,43,15,real,True,sha256:dc58bcdf21a288b9f21c605684be24ed4e38695d9c31d99e0c928e5a4b7a4691,machine_text_pattern,machine_extracted_unverified
4.9.15,750 mm width X 75 mm depth X 2.0 mm thickness,Each,4505,INR,4.9.15 750 mm width X 75 mm depth X 2.0 mm thickness Each 4505 ,43,16,real,True,sha256:dc58bcdf21a288b9f21c605684be24ed4e38695d9c31d99e0c928e5a4b7a4691,machine_text_pattern,machine_extracted_unverified
4.9.16,900 mm width X 75 mm depth X 2.0 mm thickness,Each,5197,INR,4.9.16 900 mm width X 75 mm depth X 2.0 mm thickness Each 5197 ,43,17,real,True,sha256:dc58bcdf21a288b9f21c605684be24ed4e38695d9c31d99e0c928e5a4b7a4691,machine_text_pattern,machine_extracted_unverified
4.10.1,100 mm width X 50 mm depth X 1.6 mm thickness,Each,1771,INR,4.10.1 100 mm width X 50 mm depth X 1.6 mm thickness Each 1771 ,43,25,real,True,sha256:dc58bcdf21a288b9f21c605684be24ed4e38695d9c31d99e0c928e5a4b7a4691,machine_text_pattern,machine_extracted_unverified
4.10.2,150 mm width X 50 mm depth X 1.6 mm thickness,Each,2049,INR,4.10.2 150 mm width X 50 mm depth X 1.6 mm thickness Each 2049 ,43,26,real,True,sha256:dc58bcdf21a288b9f21c605684be24ed4e38695d9c31d99e0c928e5a4b7a4691,machine_text_pattern,machine_extracted_unverified
4.10.3,225 mm width X 50 mm depth X 1.6 mm thickness,Each,2572,INR,4.10.3 225 mm width X 50 mm depth X 1.6 mm thickness Each 2572 ,43,27,real,True,sha256:dc58bcdf21a288b9f21c605684be24ed4e38695d9c31d99e0c928e5a4b7a4691,machine_text_pattern,machine_extracted_unverified
4.10.4,300 mm width X 50 mm depth X 1.6 mm thickness,Each,2991,INR,4.10.4 300 mm width X 50 mm depth X 1.6 mm thickness Each 2991 ,43,28,real,True,sha256:dc58bcdf21a288b9f21c605684be24ed4e38695d9c31d99e0c928e5a4b7a4691,machine_text_pattern,machine_extracted_unverified
4.10.5,375 mm width X 50 mm depth X 2.0 mm thickness,Each,3624,INR,4.10.5 375 mm width X 50 mm depth X 2.0 mm thickness Each 3624 ,43,29,real,True,sha256:dc58bcdf21a288b9f21c605684be24ed4e38695d9c31d99e0c928e5a4b7a4691,machine_text_pattern,machine_extracted_unverified
4.10.6,450 mm width X 50 mm depth X 2.0 mm thickness,Each,3929,INR,4.10.6 450 mm width X 50 mm depth X 2.0 mm thickness Each 3929 ,44,3,real,True,sha256:dc58bcdf21a288b9f21c605684be24ed4e38695d9c31d99e0c928e5a4b7a4691,machine_text_pattern,machine_extracted_unverified
4.10.7,600 mm width X 50 mm depth X 2.0 mm thickness,Each,5418,INR,4.10.7 600 mm width X 50 mm depth X 2.0 mm thickness Each 5418 ,44,4,real,True,sha256:dc58bcdf21a288b9f21c605684be24ed4e38695d9c31d99e0c928e5a4b7a4691,machine_text_pattern,machine_extracted_unverified
4.10.8,300 mm width X 62.5 mm depth X 2.0 mm thickness,Each,3583,INR,4.10.8 300 mm width X 62.5 mm depth X 2.0 mm thickness Each 3583 ,44,5,real,True,sha256:dc58bcdf21a288b9f21c605684be24ed4e38695d9c31d99e0c928e5a4b7a4691,machine_text_pattern,machine_extracted_unverified
4.10.9,375 mm width X 62.5 mm depth X 2.0 mm thickness,Each,4178,INR,4.10.9 375 mm width X 62.5 mm depth X 2.0 mm thickness Each 4178 ,44,6,real,True,sha256:dc58bcdf21a288b9f21c605684be24ed4e38695d9c31d99e0c928e5a4b7a4691,machine_text_pattern,machine_extracted_unverified
4.10.10,450 mm width X 62.5 mm depth X 2.0 mm thickness,Each,5000,INR,4.10.10 450 mm width X 62.5 mm depth X 2.0 mm thickness Each 5000 ,44,7,real,True,sha256:dc58bcdf21a288b9f21c605684be24ed4e38695d9c31d99e0c928e5a4b7a4691,machine_text_pattern,machine_extracted_unverified
4.10.11,600 mm width X 62.5 mm depth X 2.0 mm thickness,Each,6291,INR,4.10.11 600 mm width X 62.5 mm depth X 2.0 mm thickness Each 6291 ,44,8,real,True,sha256:dc58bcdf21a288b9f21c605684be24ed4e38695d9c31d99e0c928e5a4b7a4691,machine_text_pattern,machine_extracted_unverified
4.10.12,750mm width X 62.5 mm depth X 2 mm thickness,Each,6758,INR,4.10.12 750mm width  X 62.5 mm depth  X 2 mm thickness Each 6758 ,44,9,real,True,sha256:dc58bcdf21a288b9f21c605684be24ed4e38695d9c31d99e0c928e5a4b7a4691,machine_text_pattern,machine_extracted_unverified
4.10.13,900 mm width X 62.5 mm depth X 2.0 mm thickness,Each,7826,INR,4.10.13 900 mm width X 62.5 mm depth X 2.0 mm thickness Each 7826 ,44,10,real,True,sha256:dc58bcdf21a288b9f21c605684be24ed4e38695d9c31d99e0c928e5a4b7a4691,machine_text_pattern,machine_extracted_unverified
4.10.14,600 mm width X 75 mm depth X 2.0 mm thickness,Each,5567,INR,4.10.14 600 mm width X 75 mm depth X 2.0 mm thickness Each 5567 ,44,11,real,True,sha256:dc58bcdf21a288b9f21c605684be24ed4e38695d9c31d99e0c928e5a4b7a4691,machine_text_pattern,machine_extracted_unverified
4.10.15,750 mm width X 75 mm depth X 2.0 mm thickness,Each,6842,INR,4.10.15 750 mm width X 75 mm depth X 2.0 mm thickness Each 6842 ,44,12,real,True,sha256:dc58bcdf21a288b9f21c605684be24ed4e38695d9c31d99e0c928e5a4b7a4691,machine_text_pattern,machine_extracted_unverified
4.10.16,900 mm width X 75 mm depth X 2.0 mm thickness,Each,7912,INR,4.10.16 900 mm width X 75 mm depth X 2.0 mm thickness Each 7912 ,44,13,real,True,sha256:dc58bcdf21a288b9f21c605684be24ed4e38695d9c31d99e0c928e5a4b7a4691,machine_text_pattern,machine_extracted_unverified
7.4.1,1 output per phase and suitable for single phase supply,Each,4673,INR,7.4.1 1 output per phase and suitable for single phase supply Each 4673 ,48,83,real,True,sha256:dc58bcdf21a288b9f21c605684be24ed4e38695d9c31d99e0c928e5a4b7a4691,machine_text_pattern,machine_extracted_unverified
7.4.2,2 output per phase and suitable for single phase supply,Each,9029,INR,7.4.2 2 output per phase and suitable for single phase supply Each 9029 ,48,84,real,True,sha256:dc58bcdf21a288b9f21c605684be24ed4e38695d9c31d99e0c928e5a4b7a4691,machine_text_pattern,machine_extracted_unverified
7.4.3,3output(1output per phase) and suitable for three phase supply,Each,11161,INR,7.4.3 3output(1output per phase) and suitable for three phase supply Each 11161 ,48,85,real,True,sha256:dc58bcdf21a288b9f21c605684be24ed4e38695d9c31d99e0c928e5a4b7a4691,machine_text_pattern,machine_extracted_unverified
8.1.1,5 - 7 watt,Each,542,INR,8.1.1 5 - 7 watt Each 542 ,49,38,real,True,sha256:dc58bcdf21a288b9f21c605684be24ed4e38695d9c31d99e0c928e5a4b7a4691,machine_text_pattern,machine_extracted_unverified
8.1.2,8 - 10 watt,Each,624,INR,8.1.2 8 - 10 watt Each 624 ,49,39,real,True,sha256:dc58bcdf21a288b9f21c605684be24ed4e38695d9c31d99e0c928e5a4b7a4691,machine_text_pattern,machine_extracted_unverified
8.1.3,12 -15 watt,Each,715,INR,8.1.3 12 -15 watt Each 715 ,49,40,real,True,sha256:dc58bcdf21a288b9f21c605684be24ed4e38695d9c31d99e0c928e5a4b7a4691,machine_text_pattern,machine_extracted_unverified
8.1.4,18 watt,Each,920,INR,8.1.4 18 watt Each 920 ,49,41,real,True,sha256:dc58bcdf21a288b9f21c605684be24ed4e38695d9c31d99e0c928e5a4b7a4691,machine_text_pattern,machine_extracted_unverified
8.1.5,22 watt,Each,942,INR,8.1.5 22 watt Each 942 ,49,42,real,True,sha256:dc58bcdf21a288b9f21c605684be24ed4e38695d9c31d99e0c928e5a4b7a4691,machine_text_pattern,machine_extracted_unverified
8.1.6,30 watt,Each,1439,INR,8.1.6 30 watt Each 1439 ,50,3,real,True,sha256:dc58bcdf21a288b9f21c605684be24ed4e38695d9c31d99e0c928e5a4b7a4691,machine_text_pattern,machine_extracted_unverified
8.2.1,5 - 7 watt,Each,542,INR,8.2.1 5 - 7 watt Each  542 ,50,38,real,True,sha256:dc58bcdf21a288b9f21c605684be24ed4e38695d9c31d99e0c928e5a4b7a4691,machine_text_pattern,machine_extracted_unverified
8.2.2,8 - 10 watt,Each,624,INR,8.2.2 8 - 10 watt Each  624 ,50,39,real,True,sha256:dc58bcdf21a288b9f21c605684be24ed4e38695d9c31d99e0c928e5a4b7a4691,machine_text_pattern,machine_extracted_unverified
8.2.3,12 -15 watt,Each,715,INR,8.2.3 12 -15 watt Each  715 ,50,40,real,True,sha256:dc58bcdf21a288b9f21c605684be24ed4e38695d9c31d99e0c928e5a4b7a4691,machine_text_pattern,machine_extracted_unverified
8.2.4,18 watt,Each,942,INR,8.2.4 18 watt Each  942 ,50,41,real,True,sha256:dc58bcdf21a288b9f21c605684be24ed4e38695d9c31d99e0c928e5a4b7a4691,machine_text_pattern,machine_extracted_unverified
8.2.5,22 watt,Each,967,INR,8.2.5 22 watt Each  967 ,50,42,real,True,sha256:dc58bcdf21a288b9f21c605684be24ed4e38695d9c31d99e0c928e5a4b7a4691,machine_text_pattern,machine_extracted_unverified
8.2.6,30 watt,Each,1539,INR,8.2.6 30 watt Each  1539 ,51,3,real,True,sha256:dc58bcdf21a288b9f21c605684be24ed4e38695d9c31d99e0c928e5a4b7a4691,machine_text_pattern,machine_extracted_unverified
8.3.1,5 - 7 watt,Each,567,INR,8.3.1 5 - 7 watt Each  567 ,51,38,real,True,sha256:dc58bcdf21a288b9f21c605684be24ed4e38695d9c31d99e0c928e5a4b7a4691,machine_text_pattern,machine_extracted_unverified
8.3.2,8 - 10 watt,Each,657,INR,8.3.2 8 - 10 watt Each  657 ,51,39,real,True,sha256:dc58bcdf21a288b9f21c605684be24ed4e38695d9c31d99e0c928e5a4b7a4691,machine_text_pattern,machine_extracted_unverified
8.3.3,12 -15 watt,Each,756,INR,8.3.3 12 -15 watt Each  756 ,51,40,real,True,sha256:dc58bcdf21a288b9f21c605684be24ed4e38695d9c31d99e0c928e5a4b7a4691,machine_text_pattern,machine_extracted_unverified
8.3.4,18 watt,Each,1004,INR,8.3.4 18 watt Each  1004 ,51,41,real,True,sha256:dc58bcdf21a288b9f21c605684be24ed4e38695d9c31d99e0c928e5a4b7a4691,machine_text_pattern,machine_extracted_unverified
8.3.5,22 watt,Each,1029,INR,8.3.5 22 watt Each  1029 ,51,42,real,True,sha256:dc58bcdf21a288b9f21c605684be24ed4e38695d9c31d99e0c928e5a4b7a4691,machine_text_pattern,machine_extracted_unverified
8.3.6,30 watt,Each,1579,INR,8.3.6 30 watt Each  1579 ,52,3,real,True,sha256:dc58bcdf21a288b9f21c605684be24ed4e38695d9c31d99e0c928e5a4b7a4691,machine_text_pattern,machine_extracted_unverified
8.4.1,5 - 7 watt,Each,826,INR,8.4.1 5 - 7 watt Each 826 ,52,36,real,True,sha256:dc58bcdf21a288b9f21c605684be24ed4e38695d9c31d99e0c928e5a4b7a4691,machine_text_pattern,machine_extracted_unverified
8.4.2,8 - 10 watt,Each,878,INR,8.4.2 8 - 10 watt Each 878 ,52,37,real,True,sha256:dc58bcdf21a288b9f21c605684be24ed4e38695d9c31d99e0c928e5a4b7a4691,machine_text_pattern,machine_extracted_unverified
8.4.3,12 -15 watt,Each,1042,INR,8.4.3 12 -15 watt Each 1042 ,52,38,real,True,sha256:dc58bcdf21a288b9f21c605684be24ed4e38695d9c31d99e0c928e5a4b7a4691,machine_text_pattern,machine_extracted_unverified
8.4.4,18 watt,Each,1181,INR,8.4.4 18 watt Each 1181 ,52,39,real,True,sha256:dc58bcdf21a288b9f21c605684be24ed4e38695d9c31d99e0c928e5a4b7a4691,machine_text_pattern,machine_extracted_unverified
8.4.5,22 watt,Each,1330,INR,8.4.5 22 watt Each 1330 ,52,40,real,True,sha256:dc58bcdf21a288b9f21c605684be24ed4e38695d9c31d99e0c928e5a4b7a4691,machine_text_pattern,machine_extracted_unverified
8.4.6,30 watt,Each,1654,INR,8.4.6 30 watt Each 1654 ,52,41,real,True,sha256:dc58bcdf21a288b9f21c605684be24ed4e38695d9c31d99e0c928e5a4b7a4691,machine_text_pattern,machine_extracted_unverified
8.5.1,5 - 7 watt,Each,926,INR,8.5.1 5 - 7 watt Each  926 ,53,35,real,True,sha256:dc58bcdf21a288b9f21c605684be24ed4e38695d9c31d99e0c928e5a4b7a4691,machine_text_pattern,machine_extracted_unverified
8.5.2,8 - 10 watt,Each,945,INR,8.5.2 8 - 10 watt Each  945 ,53,36,real,True,sha256:dc58bcdf21a288b9f21c605684be24ed4e38695d9c31d99e0c928e5a4b7a4691,machine_text_pattern,machine_extracted_unverified
8.5.3,12 -15 watt,Each,1187,INR,8.5.3 12 -15 watt Each  1187 ,53,37,real,True,sha256:dc58bcdf21a288b9f21c605684be24ed4e38695d9c31d99e0c928e5a4b7a4691,machine_text_pattern,machine_extracted_unverified
8.5.4,18 watt,Each,1470,INR,8.5.4 18 watt Each  1470 ,53,38,real,True,sha256:dc58bcdf21a288b9f21c605684be24ed4e38695d9c31d99e0c928e5a4b7a4691,machine_text_pattern,machine_extracted_unverified
8.5.5,22 watt,Each,1506,INR,8.5.5 22 watt Each  1506 ,53,39,real,True,sha256:dc58bcdf21a288b9f21c605684be24ed4e38695d9c31d99e0c928e5a4b7a4691,machine_text_pattern,machine_extracted_unverified
8.5.6,30 watt,Each,2052,INR,8.5.6 30 watt Each  2052 ,53,40,real,True,sha256:dc58bcdf21a288b9f21c605684be24ed4e38695d9c31d99e0c928e5a4b7a4691,machine_text_pattern,machine_extracted_unverified
8.6.1,15 watt,Each,1508,INR,8.6.1 15 watt Each  1508 ,54,31,real,True,sha256:dc58bcdf21a288b9f21c605684be24ed4e38695d9c31d99e0c928e5a4b7a4691,machine_text_pattern,machine_extracted_unverified
8.6.2,18 watt,Each,2060,INR,8.6.2 18 watt Each  2060 ,54,32,real,True,sha256:dc58bcdf21a288b9f21c605684be24ed4e38695d9c31d99e0c928e5a4b7a4691,machine_text_pattern,machine_extracted_unverified
8.6.3,22 watt,Each,2370,INR,8.6.3 22 watt Each  2370 ,54,33,real,True,sha256:dc58bcdf21a288b9f21c605684be24ed4e38695d9c31d99e0c928e5a4b7a4691,machine_text_pattern,machine_extracted_unverified
8.6.4,36 watt,Each,2508,INR,8.6.4 36 watt Each  2508 ,54,34,real,True,sha256:dc58bcdf21a288b9f21c605684be24ed4e38695d9c31d99e0c928e5a4b7a4691,machine_text_pattern,machine_extracted_unverified
8.6.5,40 watt,Each,2681,INR,8.6.5 40 watt Each  2681 ,54,35,real,True,sha256:dc58bcdf21a288b9f21c605684be24ed4e38695d9c31d99e0c928e5a4b7a4691,machine_text_pattern,machine_extracted_unverified
8.6.6,45 watt,Each,3166,INR,8.6.6 45 watt Each  3166 ,54,36,real,True,sha256:dc58bcdf21a288b9f21c605684be24ed4e38695d9c31d99e0c928e5a4b7a4691,machine_text_pattern,machine_extracted_unverified
8.6.7,15 watt,Each,1388,INR,8.6.7 15 watt Each  1388 ,54,38,real,True,sha256:dc58bcdf21a288b9f21c605684be24ed4e38695d9c31d99e0c928e5a4b7a4691,machine_text_pattern,machine_extracted_unverified
8.6.8,18 watt,Each,1920,INR,8.6.8 18 watt Each  1920 ,54,39,real,True,sha256:dc58bcdf21a288b9f21c605684be24ed4e38695d9c31d99e0c928e5a4b7a4691,machine_text_pattern,machine_extracted_unverified
8.6.9,22 watt,Each,1948,INR,8.6.9 22 watt Each  1948 ,55,3,real,True,sha256:dc58bcdf21a288b9f21c605684be24ed4e38695d9c31d99e0c928e5a4b7a4691,machine_text_pattern,machine_extracted_unverified
8.6.10,36 watt,Each,2059,INR,8.6.10 36 watt Each  2059 ,55,4,real,True,sha256:dc58bcdf21a288b9f21c605684be24ed4e38695d9c31d99e0c928e5a4b7a4691,machine_text_pattern,machine_extracted_unverified
8.6.11,40 watt,Each,2197,INR,8.6.11 40 watt Each  2197 ,55,5,real,True,sha256:dc58bcdf21a288b9f21c605684be24ed4e38695d9c31d99e0c928e5a4b7a4691,machine_text_pattern,machine_extracted_unverified
8.6.12,45 watt,Each,2527,INR,8.6.12 45 watt Each  2527 ,55,6,real,True,sha256:dc58bcdf21a288b9f21c605684be24ed4e38695d9c31d99e0c928e5a4b7a4691,machine_text_pattern,machine_extracted_unverified
8.7.1,15 watt,Each,1633,INR,8.7.1 15 watt Each  1633 ,55,37,real,True,sha256:dc58bcdf21a288b9f21c605684be24ed4e38695d9c31d99e0c928e5a4b7a4691,machine_text_pattern,machine_extracted_unverified
8.7.2,18 watt,Each,2240,INR,8.7.2 18 watt Each  2240 ,55,38,real,True,sha256:dc58bcdf21a288b9f21c605684be24ed4e38695d9c31d99e0c928e5a4b7a4691,machine_text_pattern,machine_extracted_unverified
8.7.3,22 watt,Each,2695,INR,8.7.3 22 watt Each  2695 ,55,39,real,True,sha256:dc58bcdf21a288b9f21c605684be24ed4e38695d9c31d99e0c928e5a4b7a4691,machine_text_pattern,machine_extracted_unverified
8.7.4,36 watt,Each,2962,INR,8.7.4 36 watt Each  2962 ,55,40,real,True,sha256:dc58bcdf21a288b9f21c605684be24ed4e38695d9c31d99e0c928e5a4b7a4691,machine_text_pattern,machine_extracted_unverified
8.7.5,40 watt,Each,3685,INR,8.7.5 40 watt Each  3685 ,56,3,real,True,sha256:dc58bcdf21a288b9f21c605684be24ed4e38695d9c31d99e0c928e5a4b7a4691,machine_text_pattern,machine_extracted_unverified
8.7.6,45 watt,Each,3913,INR,8.7.6 45 watt Each  3913 ,56,4,real,True,sha256:dc58bcdf21a288b9f21c605684be24ed4e38695d9c31d99e0c928e5a4b7a4691,machine_text_pattern,machine_extracted_unverified
8.7.7,15 watt,Each,1549,INR,8.7.7 15 watt Each  1549 ,56,6,real,True,sha256:dc58bcdf21a288b9f21c605684be24ed4e38695d9c31d99e0c928e5a4b7a4691,machine_text_pattern,machine_extracted_unverified
8.7.8,18 watt,Each,1920,INR,8.7.8 18 watt Each  1920 ,56,7,real,True,sha256:dc58bcdf21a288b9f21c605684be24ed4e38695d9c31d99e0c928e5a4b7a4691,machine_text_pattern,machine_extracted_unverified
8.7.9,22 watt,Each,2031,INR,8.7.9 22 watt Each  2031 ,56,8,real,True,sha256:dc58bcdf21a288b9f21c605684be24ed4e38695d9c31d99e0c928e5a4b7a4691,machine_text_pattern,machine_extracted_unverified
8.7.10,36 watt,Each,2225,INR,8.7.10 36 watt Each  2225 ,56,9,real,True,sha256:dc58bcdf21a288b9f21c605684be24ed4e38695d9c31d99e0c928e5a4b7a4691,machine_text_pattern,machine_extracted_unverified
8.7.11,40 watt,Each,2527,INR,8.7.11 40 watt Each  2527 ,56,10,real,True,sha256:dc58bcdf21a288b9f21c605684be24ed4e38695d9c31d99e0c928e5a4b7a4691,machine_text_pattern,machine_extracted_unverified
8.7.12,45 watt,Each,2584,INR,8.7.12 45 watt Each  2584 ,56,11,real,True,sha256:dc58bcdf21a288b9f21c605684be24ed4e38695d9c31d99e0c928e5a4b7a4691,machine_text_pattern,machine_extracted_unverified
8.8.1,15 watt,Each,1758,INR,8.8.1 15 watt Each  1758 ,57,3,real,True,sha256:dc58bcdf21a288b9f21c605684be24ed4e38695d9c31d99e0c928e5a4b7a4691,machine_text_pattern,machine_extracted_unverified
8.8.2,18 watt,Each,2420,INR,8.8.2 18 watt Each  2420 ,57,4,real,True,sha256:dc58bcdf21a288b9f21c605684be24ed4e38695d9c31d99e0c928e5a4b7a4691,machine_text_pattern,machine_extracted_unverified
8.8.3,22 watt,Each,3581,INR,8.8.3 22 watt Each  3581 ,57,5,real,True,sha256:dc58bcdf21a288b9f21c605684be24ed4e38695d9c31d99e0c928e5a4b7a4691,machine_text_pattern,machine_extracted_unverified
8.8.4,36 watt,Each,3997,INR,8.8.4 36 watt Each  3997 ,57,6,real,True,sha256:dc58bcdf21a288b9f21c605684be24ed4e38695d9c31d99e0c928e5a4b7a4691,machine_text_pattern,machine_extracted_unverified
8.8.5,40 watt,Each,4246,INR,8.8.5 40 watt Each  4246 ,57,7,real,True,sha256:dc58bcdf21a288b9f21c605684be24ed4e38695d9c31d99e0c928e5a4b7a4691,machine_text_pattern,machine_extracted_unverified
8.8.6,45 watt,Each,4827,INR,8.8.6 45 watt Each  4827 ,57,8,real,True,sha256:dc58bcdf21a288b9f21c605684be24ed4e38695d9c31d99e0c928e5a4b7a4691,machine_text_pattern,machine_extracted_unverified
8.8.7,15 watt,Each,1646,INR,8.8.7 15 watt Each  1646 ,57,10,real,True,sha256:dc58bcdf21a288b9f21c605684be24ed4e38695d9c31d99e0c928e5a4b7a4691,machine_text_pattern,machine_extracted_unverified
8.8.8,18 watt,Each,2024,INR,8.8.8 18 watt Each  2024 ,57,11,real,True,sha256:dc58bcdf21a288b9f21c605684be24ed4e38695d9c31d99e0c928e5a4b7a4691,machine_text_pattern,machine_extracted_unverified
8.8.9,22 watt,Each,2793,INR,8.8.9 22 watt Each  2793 ,57,12,real,True,sha256:dc58bcdf21a288b9f21c605684be24ed4e38695d9c31d99e0c928e5a4b7a4691,machine_text_pattern,machine_extracted_unverified
8.8.10,36 watt,Each,2846,INR,8.8.10 36 watt Each  2846 ,57,13,real,True,sha256:dc58bcdf21a288b9f21c605684be24ed4e38695d9c31d99e0c928e5a4b7a4691,machine_text_pattern,machine_extracted_unverified
8.8.11,40 watt,Each,2867,INR,8.8.11 40 watt Each  2867 ,57,14,real,True,sha256:dc58bcdf21a288b9f21c605684be24ed4e38695d9c31d99e0c928e5a4b7a4691,machine_text_pattern,machine_extracted_unverified
8.8.12,45 watt,Each,2924,INR,8.8.12 45 watt Each  2924 ,57,15,real,True,sha256:dc58bcdf21a288b9f21c605684be24ed4e38695d9c31d99e0c928e5a4b7a4691,machine_text_pattern,machine_extracted_unverified
8.9.1,18- 22 Watt,Each,681,INR,8.9.1 18- 22 Watt Each  681 ,58,32,real,True,sha256:dc58bcdf21a288b9f21c605684be24ed4e38695d9c31d99e0c928e5a4b7a4691,machine_text_pattern,machine_extracted_unverified
8.9.2,24 -26watt,Each,692,INR,8.9.2 24 -26watt Each  692 ,58,33,real,True,sha256:dc58bcdf21a288b9f21c605684be24ed4e38695d9c31d99e0c928e5a4b7a4691,machine_text_pattern,machine_extracted_unverified
8.9.3,36 watt,Each,678,INR,8.9.3 36 watt Each  678 ,58,34,real,True,sha256:dc58bcdf21a288b9f21c605684be24ed4e38695d9c31d99e0c928e5a4b7a4691,machine_text_pattern,machine_extracted_unverified
8.9.4,40 watt,Each,721,INR,8.9.4 40 watt Each  721 ,58,35,real,True,sha256:dc58bcdf21a288b9f21c605684be24ed4e38695d9c31d99e0c928e5a4b7a4691,machine_text_pattern,machine_extracted_unverified
8.9.5,18- 22 Watt,Each,629,INR,8.9.5 18- 22 Watt Each  629 ,58,37,real,True,sha256:dc58bcdf21a288b9f21c605684be24ed4e38695d9c31d99e0c928e5a4b7a4691,machine_text_pattern,machine_extracted_unverified
8.9.6,24 -26watt,Each,639,INR,8.9.6 24 -26watt Each  639 ,58,38,real,True,sha256:dc58bcdf21a288b9f21c605684be24ed4e38695d9c31d99e0c928e5a4b7a4691,machine_text_pattern,machine_extracted_unverified
8.9.7,36 watt,Each,649,INR,8.9.7 36 watt Each  649 ,58,39,real,True,sha256:dc58bcdf21a288b9f21c605684be24ed4e38695d9c31d99e0c928e5a4b7a4691,machine_text_pattern,machine_extracted_unverified
8.9.8,40 watt,Each,663,INR,8.9.8 40 watt Each  663 ,58,40,real,True,sha256:dc58bcdf21a288b9f21c605684be24ed4e38695d9c31d99e0c928e5a4b7a4691,machine_text_pattern,machine_extracted_unverified
8.10.1,18- 22 Watt,Each,734,INR,8.10.1 18- 22 Watt Each 734 ,59,34,real,True,sha256:dc58bcdf21a288b9f21c605684be24ed4e38695d9c31d99e0c928e5a4b7a4691,machine_text_pattern,machine_extracted_unverified
8.10.2,24 -26watt,Each,745,INR,8.10.2 24 -26watt Each 745 ,59,35,real,True,sha256:dc58bcdf21a288b9f21c605684be24ed4e38695d9c31d99e0c928e5a4b7a4691,machine_text_pattern,machine_extracted_unverified
8.10.3,36 watt,Each,760,INR,8.10.3 36 watt Each 760 ,59,36,real,True,sha256:dc58bcdf21a288b9f21c605684be24ed4e38695d9c31d99e0c928e5a4b7a4691,machine_text_pattern,machine_extracted_unverified
8.10.4,40 watt,Each,779,INR,8.10.4 40 watt Each 779 ,59,37,real,True,sha256:dc58bcdf21a288b9f21c605684be24ed4e38695d9c31d99e0c928e5a4b7a4691,machine_text_pattern,machine_extracted_unverified
8.10.5,18- 22 Watt,Each,681,INR,8.10.5 18- 22 Watt Each 681 ,59,39,real,True,sha256:dc58bcdf21a288b9f21c605684be24ed4e38695d9c31d99e0c928e5a4b7a4691,machine_text_pattern,machine_extracted_unverified
8.10.6,24 -26watt,Each,692,INR,8.10.6 24 -26watt Each 692 ,59,40,real,True,sha256:dc58bcdf21a288b9f21c605684be24ed4e38695d9c31d99e0c928e5a4b7a4691,machine_text_pattern,machine_extracted_unverified
8.10.7,36 watt,Each,705,INR,8.10.7 36 watt Each 705 ,59,41,real,True,sha256:dc58bcdf21a288b9f21c605684be24ed4e38695d9c31d99e0c928e5a4b7a4691,machine_text_pattern,machine_extracted_unverified
8.10.8,40 watt,Each,721,INR,8.10.8 40 watt Each 721 ,60,3,real,True,sha256:dc58bcdf21a288b9f21c605684be24ed4e38695d9c31d99e0c928e5a4b7a4691,machine_text_pattern,machine_extracted_unverified
8.11.1,18- 22 Watt,Each,787,INR,8.11.1 18- 22 Watt Each 787 ,60,35,real,True,sha256:dc58bcdf21a288b9f21c605684be24ed4e38695d9c31d99e0c928e5a4b7a4691,machine_text_pattern,machine_extracted_unverified
8.11.2,24 -26watt,Each,797,INR,8.11.2 24 -26watt Each 797 ,60,36,real,True,sha256:dc58bcdf21a288b9f21c605684be24ed4e38695d9c31d99e0c928e5a4b7a4691,machine_text_pattern,machine_extracted_unverified
8.11.3,36 watt,Each,816,INR,8.11.3 36 watt Each 816 ,60,37,real,True,sha256:dc58bcdf21a288b9f21c605684be24ed4e38695d9c31d99e0c928e5a4b7a4691,machine_text_pattern,machine_extracted_unverified
8.11.4,40 watt,Each,837,INR,8.11.4 40 watt Each 837 ,60,38,real,True,sha256:dc58bcdf21a288b9f21c605684be24ed4e38695d9c31d99e0c928e5a4b7a4691,machine_text_pattern,machine_extracted_unverified
8.11.5,18- 22 Watt,Each,734,INR,8.11.5 18- 22 Watt Each 734 ,60,40,real,True,sha256:dc58bcdf21a288b9f21c605684be24ed4e38695d9c31d99e0c928e5a4b7a4691,machine_text_pattern,machine_extracted_unverified
8.11.6,24 -26watt,Each,745,INR,8.11.6 24 -26watt Each 745 ,60,41,real,True,sha256:dc58bcdf21a288b9f21c605684be24ed4e38695d9c31d99e0c928e5a4b7a4691,machine_text_pattern,machine_extracted_unverified
8.11.7,36 watt,Each,760,INR,8.11.7 36 watt Each 760 ,61,3,real,True,sha256:dc58bcdf21a288b9f21c605684be24ed4e38695d9c31d99e0c928e5a4b7a4691,machine_text_pattern,machine_extracted_unverified
8.11.8,40 watt,Each,779,INR,8.11.8 40 watt Each 779 ,61,4,real,True,sha256:dc58bcdf21a288b9f21c605684be24ed4e38695d9c31d99e0c928e5a4b7a4691,machine_text_pattern,machine_extracted_unverified
8.12.1,10 watt,Each,778,INR,8.12.1 10 watt Each 778 ,61,35,real,True,sha256:dc58bcdf21a288b9f21c605684be24ed4e38695d9c31d99e0c928e5a4b7a4691,machine_text_pattern,machine_extracted_unverified
8.12.2,14 watt,Each,917,INR,8.12.2 14 watt Each 917 ,61,36,real,True,sha256:dc58bcdf21a288b9f21c605684be24ed4e38695d9c31d99e0c928e5a4b7a4691,machine_text_pattern,machine_extracted_unverified
8.12.3,15 watt,Each,930,INR,8.12.3 15 watt Each 930 ,61,37,real,True,sha256:dc58bcdf21a288b9f21c605684be24ed4e38695d9c31d99e0c928e5a4b7a4691,machine_text_pattern,machine_extracted_unverified
8.12.4,18 watt,Each,973,INR,8.12.4 18 watt Each 973 ,61,38,real,True,sha256:dc58bcdf21a288b9f21c605684be24ed4e38695d9c31d99e0c928e5a4b7a4691,machine_text_pattern,machine_extracted_unverified
8.12.5,20 watt,Each,982,INR,8.12.5 20 watt Each 982 ,61,39,real,True,sha256:dc58bcdf21a288b9f21c605684be24ed4e38695d9c31d99e0c928e5a4b7a4691,machine_text_pattern,machine_extracted_unverified
8.12.6,24 watt,Each,986,INR,8.12.6 24 watt Each 986 ,61,40,real,True,sha256:dc58bcdf21a288b9f21c605684be24ed4e38695d9c31d99e0c928e5a4b7a4691,machine_text_pattern,machine_extracted_unverified
8.12.7,25 watt,Each,1000,INR,8.12.7 25 watt Each 1000 ,62,3,real,True,sha256:dc58bcdf21a288b9f21c605684be24ed4e38695d9c31d99e0c928e5a4b7a4691,machine_text_pattern,machine_extracted_unverified
8.12.8,30 watt,Each,1020,INR,8.12.8 30 watt Each 1020 ,62,4,real,True,sha256:dc58bcdf21a288b9f21c605684be24ed4e38695d9c31d99e0c928e5a4b7a4691,machine_text_pattern,machine_extracted_unverified
8.12.9,36 watt,Each,1228,INR,8.12.9 36 watt Each 1228 ,62,5,real,True,sha256:dc58bcdf21a288b9f21c605684be24ed4e38695d9c31d99e0c928e5a4b7a4691,machine_text_pattern,machine_extracted_unverified
8.12.10,40 watt,Each,1297,INR,8.12.10 40 watt Each 1297 ,62,6,real,True,sha256:dc58bcdf21a288b9f21c605684be24ed4e38695d9c31d99e0c928e5a4b7a4691,machine_text_pattern,machine_extracted_unverified
8.12.11,45 watt,Each,1366,INR,8.12.11 45 watt Each 1366 ,62,7,real,True,sha256:dc58bcdf21a288b9f21c605684be24ed4e38695d9c31d99e0c928e5a4b7a4691,machine_text_pattern,machine_extracted_unverified
8.12.12,50 watt,Each,1782,INR,8.12.12 50 watt Each 1782 ,62,8,real,True,sha256:dc58bcdf21a288b9f21c605684be24ed4e38695d9c31d99e0c928e5a4b7a4691,machine_text_pattern,machine_extracted_unverified
8.12.13,72 watt,Each,1920,INR,8.12.13 72 watt Each 1920 ,62,9,real,True,sha256:dc58bcdf21a288b9f21c605684be24ed4e38695d9c31d99e0c928e5a4b7a4691,machine_text_pattern,machine_extracted_unverified
8.12.14,90 watt,Each,2162,INR,8.12.14 90 watt Each 2162 ,62,10,real,True,sha256:dc58bcdf21a288b9f21c605684be24ed4e38695d9c31d99e0c928e5a4b7a4691,machine_text_pattern,machine_extracted_unverified
8.12.15,100 watt,Each,2543,INR,8.12.15 100 watt Each 2543 ,62,11,real,True,sha256:dc58bcdf21a288b9f21c605684be24ed4e38695d9c31d99e0c928e5a4b7a4691,machine_text_pattern,machine_extracted_unverified
8.12.16,120 watt,Each,2612,INR,8.12.16 120 watt Each 2612 ,62,12,real,True,sha256:dc58bcdf21a288b9f21c605684be24ed4e38695d9c31d99e0c928e5a4b7a4691,machine_text_pattern,machine_extracted_unverified
8.12.17,150 watt,Each,3374,INR,8.12.17 150 watt Each 3374 ,62,13,real,True,sha256:dc58bcdf21a288b9f21c605684be24ed4e38695d9c31d99e0c928e5a4b7a4691,machine_text_pattern,machine_extracted_unverified
8.12.18,180 watt,Each,4550,INR,8.12.18 180 watt Each 4550 ,62,14,real,True,sha256:dc58bcdf21a288b9f21c605684be24ed4e38695d9c31d99e0c928e5a4b7a4691,machine_text_pattern,machine_extracted_unverified
8.12.19,200 watt,Each,4689,INR,8.12.19 200 watt Each 4689 ,62,15,real,True,sha256:dc58bcdf21a288b9f21c605684be24ed4e38695d9c31d99e0c928e5a4b7a4691,machine_text_pattern,machine_extracted_unverified
8.13.1,10 watt,Each,830,INR,8.13.1 10 watt Each 830 ,63,12,real,True,sha256:dc58bcdf21a288b9f21c605684be24ed4e38695d9c31d99e0c928e5a4b7a4691,machine_text_pattern,machine_extracted_unverified
8.13.2,14 watt,Each,982,INR,8.13.2 14 watt Each 982 ,63,13,real,True,sha256:dc58bcdf21a288b9f21c605684be24ed4e38695d9c31d99e0c928e5a4b7a4691,machine_text_pattern,machine_extracted_unverified
8.13.3,15 watt,Each,1011,INR,8.13.3 15 watt Each 1011 ,63,14,real,True,sha256:dc58bcdf21a288b9f21c605684be24ed4e38695d9c31d99e0c928e5a4b7a4691,machine_text_pattern,machine_extracted_unverified
8.13.4,18 watt,Each,1173,INR,8.13.4 18 watt Each 1173 ,63,15,real,True,sha256:dc58bcdf21a288b9f21c605684be24ed4e38695d9c31d99e0c928e5a4b7a4691,machine_text_pattern,machine_extracted_unverified
8.13.5,20 watt,Each,1297,INR,8.13.5 20 watt Each 1297 ,63,16,real,True,sha256:dc58bcdf21a288b9f21c605684be24ed4e38695d9c31d99e0c928e5a4b7a4691,machine_text_pattern,machine_extracted_unverified
8.13.6,24 watt,Each,1477,INR,8.13.6 24 watt Each 1477 ,63,17,real,True,sha256:dc58bcdf21a288b9f21c605684be24ed4e38695d9c31d99e0c928e5a4b7a4691,machine_text_pattern,machine_extracted_unverified
8.13.7,25 watt,Each,1526,INR,8.13.7 25 watt Each 1526 ,63,18,real,True,sha256:dc58bcdf21a288b9f21c605684be24ed4e38695d9c31d99e0c928e5a4b7a4691,machine_text_pattern,machine_extracted_unverified
8.13.8,30 watt,Each,1553,INR,8.13.8 30 watt Each 1553 ,63,19,real,True,sha256:dc58bcdf21a288b9f21c605684be24ed4e38695d9c31d99e0c928e5a4b7a4691,machine_text_pattern,machine_extracted_unverified
8.13.9,36 watt,Each,1629,INR,8.13.9 36 watt Each 1629 ,63,20,real,True,sha256:dc58bcdf21a288b9f21c605684be24ed4e38695d9c31d99e0c928e5a4b7a4691,machine_text_pattern,machine_extracted_unverified
8.13.10,40 watt,Each,1643,INR,8.13.10 40 watt Each 1643 ,63,21,real,True,sha256:dc58bcdf21a288b9f21c605684be24ed4e38695d9c31d99e0c928e5a4b7a4691,machine_text_pattern,machine_extracted_unverified
8.13.11,45 watt,Each,1744,INR,8.13.11 45 watt Each 1744 ,63,22,real,True,sha256:dc58bcdf21a288b9f21c605684be24ed4e38695d9c31d99e0c928e5a4b7a4691,machine_text_pattern,machine_extracted_unverified
8.13.12,50 watt,Each,1934,INR,8.13.12 50 watt Each 1934 ,63,23,real,True,sha256:dc58bcdf21a288b9f21c605684be24ed4e38695d9c31d99e0c928e5a4b7a4691,machine_text_pattern,machine_extracted_unverified
8.13.13,72 watt,Each,2128,INR,8.13.13 72 watt Each 2128 ,63,24,real,True,sha256:dc58bcdf21a288b9f21c605684be24ed4e38695d9c31d99e0c928e5a4b7a4691,machine_text_pattern,machine_extracted_unverified
8.13.14,90 watt,Each,2335,INR,8.13.14 90 watt Each 2335 ,63,25,real,True,sha256:dc58bcdf21a288b9f21c605684be24ed4e38695d9c31d99e0c928e5a4b7a4691,machine_text_pattern,machine_extracted_unverified
8.13.15,100 watt,Each,2681,INR,8.13.15 100 watt Each 2681 ,63,26,real,True,sha256:dc58bcdf21a288b9f21c605684be24ed4e38695d9c31d99e0c928e5a4b7a4691,machine_text_pattern,machine_extracted_unverified
8.13.16,120 watt,Each,2958,INR,8.13.16 120 watt Each 2958 ,63,27,real,True,sha256:dc58bcdf21a288b9f21c605684be24ed4e38695d9c31d99e0c928e5a4b7a4691,machine_text_pattern,machine_extracted_unverified
8.13.17,150 watt,Each,3443,INR,8.13.17 150 watt Each 3443 ,63,28,real,True,sha256:dc58bcdf21a288b9f21c605684be24ed4e38695d9c31d99e0c928e5a4b7a4691,machine_text_pattern,machine_extracted_unverified
8.13.18,180 watt,Each,4827,INR,8.13.18 180 watt Each 4827 ,63,29,real,True,sha256:dc58bcdf21a288b9f21c605684be24ed4e38695d9c31d99e0c928e5a4b7a4691,machine_text_pattern,machine_extracted_unverified
8.13.19,200 watt,Each,5035,INR,8.13.19 200 watt Each 5035 ,63,30,real,True,sha256:dc58bcdf21a288b9f21c605684be24ed4e38695d9c31d99e0c928e5a4b7a4691,machine_text_pattern,machine_extracted_unverified
8.14.1,10 watt,Each,916,INR,8.14.1 10 watt Each 916 ,64,20,real,True,sha256:dc58bcdf21a288b9f21c605684be24ed4e38695d9c31d99e0c928e5a4b7a4691,machine_text_pattern,machine_extracted_unverified
8.14.2,14 watt,Each,1055,INR,8.14.2 14 watt Each 1055 ,64,21,real,True,sha256:dc58bcdf21a288b9f21c605684be24ed4e38695d9c31d99e0c928e5a4b7a4691,machine_text_pattern,machine_extracted_unverified
8.14.3,15 watt,Each,1087,INR,8.14.3 15 watt Each 1087 ,64,22,real,True,sha256:dc58bcdf21a288b9f21c605684be24ed4e38695d9c31d99e0c928e5a4b7a4691,machine_text_pattern,machine_extracted_unverified
8.14.4,18 watt,Each,1193,INR,8.14.4 18 watt Each 1193 ,64,23,real,True,sha256:dc58bcdf21a288b9f21c605684be24ed4e38695d9c31d99e0c928e5a4b7a4691,machine_text_pattern,machine_extracted_unverified
8.14.5,20 watt,Each,1228,INR,8.14.5 20 watt Each 1228 ,64,24,real,True,sha256:dc58bcdf21a288b9f21c605684be24ed4e38695d9c31d99e0c928e5a4b7a4691,machine_text_pattern,machine_extracted_unverified
8.14.6,24 watt,Each,1539,INR,8.14.6 24 watt Each 1539 ,64,25,real,True,sha256:dc58bcdf21a288b9f21c605684be24ed4e38695d9c31d99e0c928e5a4b7a4691,machine_text_pattern,machine_extracted_unverified
8.14.7,25 watt,Each,1591,INR,8.14.7 25 watt Each 1591 ,64,26,real,True,sha256:dc58bcdf21a288b9f21c605684be24ed4e38695d9c31d99e0c928e5a4b7a4691,machine_text_pattern,machine_extracted_unverified
8.14.8,30 watt,Each,1678,INR,8.14.8 30 watt Each 1678 ,64,27,real,True,sha256:dc58bcdf21a288b9f21c605684be24ed4e38695d9c31d99e0c928e5a4b7a4691,machine_text_pattern,machine_extracted_unverified
8.14.9,36 watt,Each,1747,INR,8.14.9 36 watt Each 1747 ,64,28,real,True,sha256:dc58bcdf21a288b9f21c605684be24ed4e38695d9c31d99e0c928e5a4b7a4691,machine_text_pattern,machine_extracted_unverified
8.14.10,40 watt,Each,1886,INR,8.14.10 40 watt Each 1886 ,64,29,real,True,sha256:dc58bcdf21a288b9f21c605684be24ed4e38695d9c31d99e0c928e5a4b7a4691,machine_text_pattern,machine_extracted_unverified
8.14.11,45 watt,Each,1966,INR,8.14.11 45 watt Each 1966 ,64,30,real,True,sha256:dc58bcdf21a288b9f21c605684be24ed4e38695d9c31d99e0c928e5a4b7a4691,machine_text_pattern,machine_extracted_unverified
8.14.12,50 watt,Each,2185,INR,8.14.12 50 watt Each 2185 ,64,31,real,True,sha256:dc58bcdf21a288b9f21c605684be24ed4e38695d9c31d99e0c928e5a4b7a4691,machine_text_pattern,machine_extracted_unverified
8.14.13,72 watt,Each,2578,INR,8.14.13 72 watt Each 2578 ,64,32,real,True,sha256:dc58bcdf21a288b9f21c605684be24ed4e38695d9c31d99e0c928e5a4b7a4691,machine_text_pattern,machine_extracted_unverified
8.14.14,90 watt,Each,2820,INR,8.14.14 90 watt Each 2820 ,64,33,real,True,sha256:dc58bcdf21a288b9f21c605684be24ed4e38695d9c31d99e0c928e5a4b7a4691,machine_text_pattern,machine_extracted_unverified
8.14.15,100 watt,Each,3374,INR,8.14.15 100 watt Each 3374 ,65,3,real,True,sha256:dc58bcdf21a288b9f21c605684be24ed4e38695d9c31d99e0c928e5a4b7a4691,machine_text_pattern,machine_extracted_unverified
8.14.16,120 watt,Each,4066,INR,8.14.16 120 watt Each 4066 ,65,4,real,True,sha256:dc58bcdf21a288b9f21c605684be24ed4e38695d9c31d99e0c928e5a4b7a4691,machine_text_pattern,machine_extracted_unverified
8.14.17,150 watt,Each,5090,INR,8.14.17 150 watt Each 5090 ,65,5,real,True,sha256:dc58bcdf21a288b9f21c605684be24ed4e38695d9c31d99e0c928e5a4b7a4691,machine_text_pattern,machine_extracted_unverified
8.14.18,180 watt,Each,5450,INR,8.14.18 180 watt Each 5450 ,65,6,real,True,sha256:dc58bcdf21a288b9f21c605684be24ed4e38695d9c31d99e0c928e5a4b7a4691,machine_text_pattern,machine_extracted_unverified
8.14.19,200 watt,Each,6142,INR,8.14.19 200 watt Each 6142 ,65,7,real,True,sha256:dc58bcdf21a288b9f21c605684be24ed4e38695d9c31d99e0c928e5a4b7a4691,machine_text_pattern,machine_extracted_unverified
8.15.1,50 watt,Each,1436,INR,8.15.1 50 watt Each 1436 ,65,38,real,True,sha256:dc58bcdf21a288b9f21c605684be24ed4e38695d9c31d99e0c928e5a4b7a4691,machine_text_pattern,machine_extracted_unverified
8.15.2,70 watt,Each,2114,INR,8.15.2 70 watt Each 2114 ,65,39,real,True,sha256:dc58bcdf21a288b9f21c605684be24ed4e38695d9c31d99e0c928e5a4b7a4691,machine_text_pattern,machine_extracted_unverified
8.15.3,100 watt,Each,2266,INR,8.15.3 100 watt Each 2266 ,65,40,real,True,sha256:dc58bcdf21a288b9f21c605684be24ed4e38695d9c31d99e0c928e5a4b7a4691,machine_text_pattern,machine_extracted_unverified
8.15.4,150 watt,Each,3166,INR,8.15.4 150 watt Each 3166 ,66,3,real,True,sha256:dc58bcdf21a288b9f21c605684be24ed4e38695d9c31d99e0c928e5a4b7a4691,machine_text_pattern,machine_extracted_unverified
8.15.5,200 watt,Each,4550,INR,8.15.5 200 watt Each 4550 ,66,4,real,True,sha256:dc58bcdf21a288b9f21c605684be24ed4e38695d9c31d99e0c928e5a4b7a4691,machine_text_pattern,machine_extracted_unverified
8.15.6,250 watt,Each,5450,INR,8.15.6 250 watt Each 5450 ,66,5,real,True,sha256:dc58bcdf21a288b9f21c605684be24ed4e38695d9c31d99e0c928e5a4b7a4691,machine_text_pattern,machine_extracted_unverified
8.16.1,50 watt,Each,2009,INR,8.16.1 50 watt Each 2009 ,66,37,real,True,sha256:dc58bcdf21a288b9f21c605684be24ed4e38695d9c31d99e0c928e5a4b7a4691,machine_text_pattern,machine_extracted_unverified
8.16.2,70 watt,Each,2299,INR,8.16.2 70 watt Each 2299 ,66,38,real,True,sha256:dc58bcdf21a288b9f21c605684be24ed4e38695d9c31d99e0c928e5a4b7a4691,machine_text_pattern,machine_extracted_unverified
8.16.3,100 watt,Each,2467,INR,8.16.3 100 watt Each 2467 ,66,39,real,True,sha256:dc58bcdf21a288b9f21c605684be24ed4e38695d9c31d99e0c928e5a4b7a4691,machine_text_pattern,machine_extracted_unverified
8.16.4,150 watt,Each,3457,INR,8.16.4 150 watt Each 3457 ,66,40,real,True,sha256:dc58bcdf21a288b9f21c605684be24ed4e38695d9c31d99e0c928e5a4b7a4691,machine_text_pattern,machine_extracted_unverified
8.16.5,200 watt,Each,4689,INR,8.16.5 200 watt Each 4689 ,66,41,real,True,sha256:dc58bcdf21a288b9f21c605684be24ed4e38695d9c31d99e0c928e5a4b7a4691,machine_text_pattern,machine_extracted_unverified
8.16.6,250 watt,Each,5969,INR,8.16.6 250 watt Each 5969 ,67,3,real,True,sha256:dc58bcdf21a288b9f21c605684be24ed4e38695d9c31d99e0c928e5a4b7a4691,machine_text_pattern,machine_extracted_unverified
8.17.1,50 watt,Each,2089,INR,8.17.1 50 watt Each 2089 ,67,35,real,True,sha256:dc58bcdf21a288b9f21c605684be24ed4e38695d9c31d99e0c928e5a4b7a4691,machine_text_pattern,machine_extracted_unverified
8.17.2,70 watt,Each,2392,INR,8.17.2 70 watt Each 2392 ,67,36,real,True,sha256:dc58bcdf21a288b9f21c605684be24ed4e38695d9c31d99e0c928e5a4b7a4691,machine_text_pattern,machine_extracted_unverified
8.17.3,100 watt,Each,2567,INR,8.17.3 100 watt Each 2567 ,67,37,real,True,sha256:dc58bcdf21a288b9f21c605684be24ed4e38695d9c31d99e0c928e5a4b7a4691,machine_text_pattern,machine_extracted_unverified
8.17.4,150 watt,Each,3602,INR,8.17.4 150 watt Each 3602 ,67,38,real,True,sha256:dc58bcdf21a288b9f21c605684be24ed4e38695d9c31d99e0c928e5a4b7a4691,machine_text_pattern,machine_extracted_unverified
8.17.5,200 watt,Each,5504,INR,8.17.5 200 watt Each 5504 ,67,39,real,True,sha256:dc58bcdf21a288b9f21c605684be24ed4e38695d9c31d99e0c928e5a4b7a4691,machine_text_pattern,machine_extracted_unverified
8.17.6,250 watt,Each,6229,INR,8.17.6 250 watt Each 6229 ,67,40,real,True,sha256:dc58bcdf21a288b9f21c605684be24ed4e38695d9c31d99e0c928e5a4b7a4691,machine_text_pattern,machine_extracted_unverified
8.18.1,45 watt,Each,5081,INR,8.18.1 45 watt Each 5081 ,68,44,real,True,sha256:dc58bcdf21a288b9f21c605684be24ed4e38695d9c31d99e0c928e5a4b7a4691,machine_text_pattern,machine_extracted_unverified
8.18.2,50 watt,Each,5300,INR,8.18.2 50 watt Each 5300 ,68,45,real,True,sha256:dc58bcdf21a288b9f21c605684be24ed4e38695d9c31d99e0c928e5a4b7a4691,machine_text_pattern,machine_extracted_unverified
8.18.3,72 watt,Each,5825,INR,8.18.3 72 watt Each 5825 ,69,3,real,True,sha256:dc58bcdf21a288b9f21c605684be24ed4e38695d9c31d99e0c928e5a4b7a4691,machine_text_pattern,machine_extracted_unverified
8.18.4,90 watt,Each,6088,INR,8.18.4 90 watt Each 6088 ,69,4,real,True,sha256:dc58bcdf21a288b9f21c605684be24ed4e38695d9c31d99e0c928e5a4b7a4691,machine_text_pattern,machine_extracted_unverified
8.18.5,100 watt,Each,7226,INR,8.18.5 100 watt Each 7226 ,69,5,real,True,sha256:dc58bcdf21a288b9f21c605684be24ed4e38695d9c31d99e0c928e5a4b7a4691,machine_text_pattern,machine_extracted_unverified
8.18.6,120 watt,Each,7576,INR,8.18.6 120 watt Each 7576 ,69,6,real,True,sha256:dc58bcdf21a288b9f21c605684be24ed4e38695d9c31d99e0c928e5a4b7a4691,machine_text_pattern,machine_extracted_unverified
8.18.7,150 watt,Each,9485,INR,8.18.7 150 watt Each 9485 ,69,7,real,True,sha256:dc58bcdf21a288b9f21c605684be24ed4e38695d9c31d99e0c928e5a4b7a4691,machine_text_pattern,machine_extracted_unverified
8.18.8,180 watt,Each,9660,INR,8.18.8 180 watt Each 9660 ,69,8,real,True,sha256:dc58bcdf21a288b9f21c605684be24ed4e38695d9c31d99e0c928e5a4b7a4691,machine_text_pattern,machine_extracted_unverified
8.18.9,200 watt,Each,11341,INR,8.18.9 200 watt Each 11341 ,69,9,real,True,sha256:dc58bcdf21a288b9f21c605684be24ed4e38695d9c31d99e0c928e5a4b7a4691,machine_text_pattern,machine_extracted_unverified
8.19.1,45 watt,Each,5563,INR,8.19.1 45 watt Each 5563 ,70,16,real,True,sha256:dc58bcdf21a288b9f21c605684be24ed4e38695d9c31d99e0c928e5a4b7a4691,machine_text_pattern,machine_extracted_unverified
8.19.2,50 watt,Each,5804,INR,8.19.2 50 watt Each 5804 ,70,17,real,True,sha256:dc58bcdf21a288b9f21c605684be24ed4e38695d9c31d99e0c928e5a4b7a4691,machine_text_pattern,machine_extracted_unverified
8.19.3,72 watt,Each,6382,INR,8.19.3 72 watt Each 6382 ,70,18,real,True,sha256:dc58bcdf21a288b9f21c605684be24ed4e38695d9c31d99e0c928e5a4b7a4691,machine_text_pattern,machine_extracted_unverified
8.19.4,90 watt,Each,6671,INR,8.19.4 90 watt Each 6671 ,70,19,real,True,sha256:dc58bcdf21a288b9f21c605684be24ed4e38695d9c31d99e0c928e5a4b7a4691,machine_text_pattern,machine_extracted_unverified
8.19.5,100 watt,Each,7923,INR,8.19.5 100 watt Each 7923 ,70,20,real,True,sha256:dc58bcdf21a288b9f21c605684be24ed4e38695d9c31d99e0c928e5a4b7a4691,machine_text_pattern,machine_extracted_unverified
8.19.6,120 watt,Each,8308,INR,8.19.6 120 watt Each 8308 ,70,21,real,True,sha256:dc58bcdf21a288b9f21c605684be24ed4e38695d9c31d99e0c928e5a4b7a4691,machine_text_pattern,machine_extracted_unverified
8.19.7,150 watt,Each,10408,INR,8.19.7 150 watt Each 10408 ,70,22,real,True,sha256:dc58bcdf21a288b9f21c605684be24ed4e38695d9c31d99e0c928e5a4b7a4691,machine_text_pattern,machine_extracted_unverified
8.19.8,180 watt,Each,10600,INR,8.19.8 180 watt Each 10600 ,70,23,real,True,sha256:dc58bcdf21a288b9f21c605684be24ed4e38695d9c31d99e0c928e5a4b7a4691,machine_text_pattern,machine_extracted_unverified
8.19.9,200 watt,Each,12449,INR,8.19.9 200 watt Each 12449 ,70,24,real,True,sha256:dc58bcdf21a288b9f21c605684be24ed4e38695d9c31d99e0c928e5a4b7a4691,machine_text_pattern,machine_extracted_unverified
8.20.1,45 watt,Each,5804,INR,8.20.1 45 watt Each 5804 ,71,46,real,True,sha256:dc58bcdf21a288b9f21c605684be24ed4e38695d9c31d99e0c928e5a4b7a4691,machine_text_pattern,machine_extracted_unverified
8.20.2,50 watt,Each,6056,INR,8.20.2 50 watt Each 6056 ,71,47,real,True,sha256:dc58bcdf21a288b9f21c605684be24ed4e38695d9c31d99e0c928e5a4b7a4691,machine_text_pattern,machine_extracted_unverified
8.20.3,72 watt,Each,6660,INR,8.20.3 72 watt Each 6660 ,71,48,real,True,sha256:dc58bcdf21a288b9f21c605684be24ed4e38695d9c31d99e0c928e5a4b7a4691,machine_text_pattern,machine_extracted_unverified
8.20.4,90 watt,Each,6962,INR,8.20.4 90 watt Each 6962 ,72,3,real,True,sha256:dc58bcdf21a288b9f21c605684be24ed4e38695d9c31d99e0c928e5a4b7a4691,machine_text_pattern,machine_extracted_unverified
8.20.5,100 watt,Each,8271,INR,8.20.5 100 watt Each 8271 ,72,4,real,True,sha256:dc58bcdf21a288b9f21c605684be24ed4e38695d9c31d99e0c928e5a4b7a4691,machine_text_pattern,machine_extracted_unverified
8.20.6,120 watt,Each,8674,INR,8.20.6 120 watt Each 8674 ,72,5,real,True,sha256:dc58bcdf21a288b9f21c605684be24ed4e38695d9c31d99e0c928e5a4b7a4691,machine_text_pattern,machine_extracted_unverified
8.20.7,150 watt,Each,10869,INR,8.20.7 150 watt Each 10869 ,72,6,real,True,sha256:dc58bcdf21a288b9f21c605684be24ed4e38695d9c31d99e0c928e5a4b7a4691,machine_text_pattern,machine_extracted_unverified
8.20.8,180 watt,Each,11070,INR,8.20.8 180 watt Each 11070 ,72,7,real,True,sha256:dc58bcdf21a288b9f21c605684be24ed4e38695d9c31d99e0c928e5a4b7a4691,machine_text_pattern,machine_extracted_unverified
8.20.9,200 watt,Each,13003,INR,8.20.9 200 watt Each 13003 ,72,8,real,True,sha256:dc58bcdf21a288b9f21c605684be24ed4e38695d9c31d99e0c928e5a4b7a4691,machine_text_pattern,machine_extracted_unverified
9.2.3,"1200mm, service value ≥ 6.0 CM/Min/Watt, air delivery 210",Each,2695,INR,"9.2.3 1200mm,  service value  ≥ 6.0 CM/Min/Watt, air delivery 210 Each  2695 ",75,61,real,True,sha256:dc58bcdf21a288b9f21c605684be24ed4e38695d9c31d99e0c928e5a4b7a4691,machine_text_pattern,machine_extracted_unverified
10.1.1,Upto 35 sq. mm,Metre,484,INR,10.1.1 Upto 35 sq. mm Metre 484 ,77,12,real,True,sha256:dc58bcdf21a288b9f21c605684be24ed4e38695d9c31d99e0c928e5a4b7a4691,machine_text_pattern,machine_extracted_unverified
10.1.2,Above 35 sq. mm and upto 95 sq. mm,Metre,475,INR,10.1.2 Above 35 sq. mm and upto 95 sq. mm Metre 475 ,77,13,real,True,sha256:dc58bcdf21a288b9f21c605684be24ed4e38695d9c31d99e0c928e5a4b7a4691,machine_text_pattern,machine_extracted_unverified
10.1.3,Above 95 sq. mm and upto 185 sq. mm,Metre,497,INR,10.1.3 Above 95 sq. mm and upto 185 sq. mm Metre 497 ,77,14,real,True,sha256:dc58bcdf21a288b9f21c605684be24ed4e38695d9c31d99e0c928e5a4b7a4691,machine_text_pattern,machine_extracted_unverified
10.1.4,Above 185 sq. mm and upto 400 sq. mm,Metre,564,INR,10.1.4 Above 185 sq. mm and upto 400 sq. mm Metre 564 ,77,15,real,True,sha256:dc58bcdf21a288b9f21c605684be24ed4e38695d9c31d99e0c928e5a4b7a4691,machine_text_pattern,machine_extracted_unverified
10.2.1,Upto 35 sq. mm,Metre,313,INR,10.2.1 Upto 35 sq. mm Metre 313 ,77,22,real,True,sha256:dc58bcdf21a288b9f21c605684be24ed4e38695d9c31d99e0c928e5a4b7a4691,machine_text_pattern,machine_extracted_unverified
10.2.2,Above 35 sq. mm and upto 95 sq. mm,Metre,335,INR,10.2.2 Above 35 sq. mm and upto 95 sq. mm Metre 335 ,77,23,real,True,sha256:dc58bcdf21a288b9f21c605684be24ed4e38695d9c31d99e0c928e5a4b7a4691,machine_text_pattern,machine_extracted_unverified
10.2.3,Above 95 sq. mm and upto 185 sq. mm,Metre,357,INR,10.2.3 Above 95 sq. mm and upto 185 sq. mm Metre 357 ,77,24,real,True,sha256:dc58bcdf21a288b9f21c605684be24ed4e38695d9c31d99e0c928e5a4b7a4691,machine_text_pattern,machine_extracted_unverified
10.2.4,Above 185 sq. mm and upto 400 sq. mm,Metre,423,INR,10.2.4 Above 185 sq. mm and upto 400 sq. mm Metre 423 ,77,25,real,True,sha256:dc58bcdf21a288b9f21c605684be24ed4e38695d9c31d99e0c928e5a4b7a4691,machine_text_pattern,machine_extracted_unverified
10.3.1,Upto 35 sq. mm,Metre,253,INR,10.3.1 Upto 35 sq. mm Metre 253 ,77,31,real,True,sha256:dc58bcdf21a288b9f21c605684be24ed4e38695d9c31d99e0c928e5a4b7a4691,machine_text_pattern,machine_extracted_unverified
10.3.2,Above 35 sq. mm and upto 95 sq. mm,Metre,276,INR,10.3.2 Above 35 sq. mm and upto 95 sq. mm Metre 276 ,77,32,real,True,sha256:dc58bcdf21a288b9f21c605684be24ed4e38695d9c31d99e0c928e5a4b7a4691,machine_text_pattern,machine_extracted_unverified
10.3.3,Above 95 sq. mm and upto 185 sq. mm,Metre,298,INR,10.3.3 Above 95 sq. mm and upto 185 sq. mm Metre 298 ,77,33,real,True,sha256:dc58bcdf21a288b9f21c605684be24ed4e38695d9c31d99e0c928e5a4b7a4691,machine_text_pattern,machine_extracted_unverified
10.3.4,Above 185 sq. mm and upto 400 sq. mm,Metre,364,INR,10.3.4 Above 185 sq. mm and upto 400 sq. mm Metre 364 ,77,34,real,True,sha256:dc58bcdf21a288b9f21c605684be24ed4e38695d9c31d99e0c928e5a4b7a4691,machine_text_pattern,machine_extracted_unverified
10.4.1,Upto 35 sq. mm,Metre,160,INR,10.4.1 Upto 35 sq. mm Metre 160 ,78,4,real,True,sha256:dc58bcdf21a288b9f21c605684be24ed4e38695d9c31d99e0c928e5a4b7a4691,machine_text_pattern,machine_extracted_unverified
10.4.2,Above 35 sq. mm and upto 95 sq. mm,Metre,182,INR,10.4.2 Above 35 sq. mm and upto 95 sq. mm Metre 182 ,78,5,real,True,sha256:dc58bcdf21a288b9f21c605684be24ed4e38695d9c31d99e0c928e5a4b7a4691,machine_text_pattern,machine_extracted_unverified
10.4.3,Above 95 sq. mm and upto 185 sq. mm,Metre,204,INR,10.4.3 Above 95 sq. mm and upto 185 sq. mm Metre 204 ,78,6,real,True,sha256:dc58bcdf21a288b9f21c605684be24ed4e38695d9c31d99e0c928e5a4b7a4691,machine_text_pattern,machine_extracted_unverified
10.4.4,Above 185 sq. mm and upto 400 sq. mm,Metre,270,INR,10.4.4 Above 185 sq. mm and upto 400 sq. mm Metre 270 ,78,7,real,True,sha256:dc58bcdf21a288b9f21c605684be24ed4e38695d9c31d99e0c928e5a4b7a4691,machine_text_pattern,machine_extracted_unverified
10.5.1,Upto 35 sq. mm,Metre,47,INR,10.5.1 Upto 35 sq. mm Metre 47 ,78,12,real,True,sha256:dc58bcdf21a288b9f21c605684be24ed4e38695d9c31d99e0c928e5a4b7a4691,machine_text_pattern,machine_extracted_unverified
10.5.2,Above 35 sq. mm and upto 95 sq. mm,Metre,72,INR,10.5.2 Above 35 sq. mm and upto 95 sq. mm Metre 72 ,78,13,real,True,sha256:dc58bcdf21a288b9f21c605684be24ed4e38695d9c31d99e0c928e5a4b7a4691,machine_text_pattern,machine_extracted_unverified
10.5.3,Above 95 sq. mm and upto 185 sq. mm,Metre,97,INR,10.5.3 Above 95 sq. mm and upto 185 sq. mm Metre 97 ,78,14,real,True,sha256:dc58bcdf21a288b9f21c605684be24ed4e38695d9c31d99e0c928e5a4b7a4691,machine_text_pattern,machine_extracted_unverified
10.5.4,Above 185 sq. mm and upto 400 sq. mm,Metre,170,INR,10.5.4 Above 185 sq. mm and upto 400 sq. mm Metre 170 ,78,15,real,True,sha256:dc58bcdf21a288b9f21c605684be24ed4e38695d9c31d99e0c928e5a4b7a4691,machine_text_pattern,machine_extracted_unverified
10.6.1,Upto 35 sq. mm,Metre,36,INR,10.6.1 Upto 35 sq. mm Metre 36 ,78,20,real,True,sha256:dc58bcdf21a288b9f21c605684be24ed4e38695d9c31d99e0c928e5a4b7a4691,machine_text_pattern,machine_extracted_unverified
10.6.2,Above 35 sq. mm and upto 95 sq. mm,Metre,58,INR,10.6.2 Above 35 sq. mm and upto 95 sq. mm Metre 58 ,78,21,real,True,sha256:dc58bcdf21a288b9f21c605684be24ed4e38695d9c31d99e0c928e5a4b7a4691,machine_text_pattern,machine_extracted_unverified
10.6.3,Above 95 sq. mm and upto 185 sq. mm,Metre,80,INR,10.6.3 Above 95 sq. mm and upto 185 sq. mm Metre 80 ,78,22,real,True,sha256:dc58bcdf21a288b9f21c605684be24ed4e38695d9c31d99e0c928e5a4b7a4691,machine_text_pattern,machine_extracted_unverified
10.6.4,Above 185 sq. mm and upto 400 sq. mm,Metre,146,INR,10.6.4 Above 185 sq. mm and upto 400 sq. mm Metre 146 ,78,23,real,True,sha256:dc58bcdf21a288b9f21c605684be24ed4e38695d9c31d99e0c928e5a4b7a4691,machine_text_pattern,machine_extracted_unverified
10.7.1,Upto 35 sq. mm (clamped with 1mm thick saddle),Metre,64,INR,10.7.1 Upto 35 sq. mm (clamped with 1mm thick saddle) Metre 64 ,78,28,real,True,sha256:dc58bcdf21a288b9f21c605684be24ed4e38695d9c31d99e0c928e5a4b7a4691,machine_text_pattern,machine_extracted_unverified
10.8.1,Upto 35 sq. mm (clamped with 1mm thick saddle),Metre,53,INR,10.8.1 Upto 35 sq. mm (clamped with 1mm thick saddle) Metre 53 ,79,3,real,True,sha256:dc58bcdf21a288b9f21c605684be24ed4e38695d9c31d99e0c928e5a4b7a4691,machine_text_pattern,machine_extracted_unverified
11.1.1,2 X 6 sq. mm (19mm),Each,294,INR,11.1.1 2 X 6 sq. mm (19mm) Each 294 ,80,12,real,True,sha256:dc58bcdf21a288b9f21c605684be24ed4e38695d9c31d99e0c928e5a4b7a4691,machine_text_pattern,machine_extracted_unverified
11.1.2,2 X 10 sq. mm (19mm),Each,294,INR,11.1.2 2 X 10 sq. mm (19mm) Each 294 ,80,13,real,True,sha256:dc58bcdf21a288b9f21c605684be24ed4e38695d9c31d99e0c928e5a4b7a4691,machine_text_pattern,machine_extracted_unverified
11.1.3,2 X 16 sq. mm (22mm),Each,298,INR,11.1.3 2 X 16 sq. mm (22mm) Each 298 ,80,14,real,True,sha256:dc58bcdf21a288b9f21c605684be24ed4e38695d9c31d99e0c928e5a4b7a4691,machine_text_pattern,machine_extracted_unverified
11.1.4,2 X 25 sq. mm (22mm),Each,314,INR,11.1.4 2 X 25 sq. mm (22mm) Each 314 ,80,15,real,True,sha256:dc58bcdf21a288b9f21c605684be24ed4e38695d9c31d99e0c928e5a4b7a4691,machine_text_pattern,machine_extracted_unverified
11.1.5,2 X 35 sq. mm (25mm),Each,366,INR,11.1.5 2 X 35 sq. mm (25mm) Each 366 ,80,16,real,True,sha256:dc58bcdf21a288b9f21c605684be24ed4e38695d9c31d99e0c928e5a4b7a4691,machine_text_pattern,machine_extracted_unverified
11.1.6,2 X 50 sq. mm (28mm),Each,383,INR,11.1.6 2 X 50 sq. mm (28mm) Each 383 ,80,17,real,True,sha256:dc58bcdf21a288b9f21c605684be24ed4e38695d9c31d99e0c928e5a4b7a4691,machine_text_pattern,machine_extracted_unverified
11.1.7,3 X 10 sq. mm (22mm),Each,358,INR,11.1.7 3 X 10 sq. mm (22mm) Each 358 ,80,18,real,True,sha256:dc58bcdf21a288b9f21c605684be24ed4e38695d9c31d99e0c928e5a4b7a4691,machine_text_pattern,machine_extracted_unverified
11.1.8,3 X 16 sq. mm (25mm),Each,315,INR,11.1.8 3 X 16 sq. mm (25mm) Each 315 ,80,19,real,True,sha256:dc58bcdf21a288b9f21c605684be24ed4e38695d9c31d99e0c928e5a4b7a4691,machine_text_pattern,machine_extracted_unverified
11.1.9,3 X 25 sq. mm (25mm),Each,330,INR,11.1.9 3 X 25 sq. mm (25mm) Each 330 ,80,20,real,True,sha256:dc58bcdf21a288b9f21c605684be24ed4e38695d9c31d99e0c928e5a4b7a4691,machine_text_pattern,machine_extracted_unverified
11.1.10,3 X 35 sq. mm (28mm),Each,383,INR,11.1.10 3 X 35 sq. mm (28mm) Each 383 ,80,21,real,True,sha256:dc58bcdf21a288b9f21c605684be24ed4e38695d9c31d99e0c928e5a4b7a4691,machine_text_pattern,machine_extracted_unverified
11.1.11,3 X 50 sq. mm (32mm),Each,442,INR,11.1.11 3 X 50 sq. mm (32mm) Each 442 ,80,22,real,True,sha256:dc58bcdf21a288b9f21c605684be24ed4e38695d9c31d99e0c928e5a4b7a4691,machine_text_pattern,machine_extracted_unverified
11.1.12,3 X 70 sq. mm (35mm),Each,495,INR,11.1.12 3 X 70 sq. mm (35mm) Each 495 ,80,23,real,True,sha256:dc58bcdf21a288b9f21c605684be24ed4e38695d9c31d99e0c928e5a4b7a4691,machine_text_pattern,machine_extracted_unverified
11.1.13,3 X 95 sq. mm (38mm),Each,636,INR,11.1.13 3 X 95 sq. mm (38mm) Each 636 ,80,24,real,True,sha256:dc58bcdf21a288b9f21c605684be24ed4e38695d9c31d99e0c928e5a4b7a4691,machine_text_pattern,machine_extracted_unverified
11.1.14,3 X 120 sq. mm (45mm),Each,694,INR,11.1.14 3 X 120 sq. mm (45mm) Each 694 ,80,25,real,True,sha256:dc58bcdf21a288b9f21c605684be24ed4e38695d9c31d99e0c928e5a4b7a4691,machine_text_pattern,machine_extracted_unverified
11.1.15,3 X 150 sq. mm (50mm),Each,781,INR,11.1.15 3 X 150 sq. mm (50mm) Each 781 ,80,26,real,True,sha256:dc58bcdf21a288b9f21c605684be24ed4e38695d9c31d99e0c928e5a4b7a4691,machine_text_pattern,machine_extracted_unverified
11.1.16,3 X 185 sq. mm (57mm),Each,984,INR,11.1.16 3 X 185 sq. mm (57mm) Each 984 ,80,27,real,True,sha256:dc58bcdf21a288b9f21c605684be24ed4e38695d9c31d99e0c928e5a4b7a4691,machine_text_pattern,machine_extracted_unverified
11.1.17,3 X 225 sq. mm (62mm),Each,1102,INR,11.1.17 3 X 225 sq. mm (62mm) Each 1102 ,80,28,real,True,sha256:dc58bcdf21a288b9f21c605684be24ed4e38695d9c31d99e0c928e5a4b7a4691,machine_text_pattern,machine_extracted_unverified
11.1.18,3 X 240 sq. mm (62mm),Each,1136,INR,11.1.18 3 X 240 sq. mm (62mm) Each 1136 ,80,29,real,True,sha256:dc58bcdf21a288b9f21c605684be24ed4e38695d9c31d99e0c928e5a4b7a4691,machine_text_pattern,machine_extracted_unverified
11.1.19,3 X 300 sq. mm (70mm),Each,1305,INR,11.1.19 3 X 300 sq. mm (70mm) Each 1305 ,81,3,real,True,sha256:dc58bcdf21a288b9f21c605684be24ed4e38695d9c31d99e0c928e5a4b7a4691,machine_text_pattern,machine_extracted_unverified
11.1.20,3½ X 25 sq. mm (28mm),Each,371,INR,11.1.20 3½ X 25 sq. mm (28mm) Each 371 ,81,4,real,True,sha256:dc58bcdf21a288b9f21c605684be24ed4e38695d9c31d99e0c928e5a4b7a4691,machine_text_pattern,machine_extracted_unverified
11.1.21,3½ X 35 sq. mm (32mm),Each,437,INR,11.1.21 3½ X 35 sq. mm (32mm) Each 437 ,81,5,real,True,sha256:dc58bcdf21a288b9f21c605684be24ed4e38695d9c31d99e0c928e5a4b7a4691,machine_text_pattern,machine_extracted_unverified
11.1.22,3½ X 50 sq. mm (35mm),Each,484,INR,11.1.22 3½ X 50 sq. mm (35mm) Each 484 ,81,6,real,True,sha256:dc58bcdf21a288b9f21c605684be24ed4e38695d9c31d99e0c928e5a4b7a4691,machine_text_pattern,machine_extracted_unverified
11.1.23,3½ X 70 sq. mm (38mm),Each,542,INR,11.1.23 3½ X 70 sq. mm (38mm) Each 542 ,81,7,real,True,sha256:dc58bcdf21a288b9f21c605684be24ed4e38695d9c31d99e0c928e5a4b7a4691,machine_text_pattern,machine_extracted_unverified
11.1.24,3½ X 95 sq. mm (45mm),Each,684,INR,11.1.24 3½ X 95 sq. mm (45mm) Each 684 ,81,8,real,True,sha256:dc58bcdf21a288b9f21c605684be24ed4e38695d9c31d99e0c928e5a4b7a4691,machine_text_pattern,machine_extracted_unverified
11.1.25,3½ X 120 sq. mm (45mm),Each,710,INR,11.1.25 3½ X 120 sq. mm (45mm) Each 710 ,81,9,real,True,sha256:dc58bcdf21a288b9f21c605684be24ed4e38695d9c31d99e0c928e5a4b7a4691,machine_text_pattern,machine_extracted_unverified
11.1.26,3½ X 150 sq. mm (50mm),Each,798,INR,11.1.26 3½ X 150 sq. mm (50mm) Each 798 ,81,10,real,True,sha256:dc58bcdf21a288b9f21c605684be24ed4e38695d9c31d99e0c928e5a4b7a4691,machine_text_pattern,machine_extracted_unverified
11.1.27,3½ X 185 sq. mm (57mm),Each,1001,INR,11.1.27 3½ X 185 sq. mm (57mm) Each 1001 ,81,11,real,True,sha256:dc58bcdf21a288b9f21c605684be24ed4e38695d9c31d99e0c928e5a4b7a4691,machine_text_pattern,machine_extracted_unverified
11.1.28,3½ X 225 sq. mm (62mm),Each,1126,INR,11.1.28 3½ X 225 sq. mm (62mm) Each 1126 ,81,12,real,True,sha256:dc58bcdf21a288b9f21c605684be24ed4e38695d9c31d99e0c928e5a4b7a4691,machine_text_pattern,machine_extracted_unverified
11.1.29,3½ X 240 sq. mm (62mm),Each,1160,INR,11.1.29 3½ X 240 sq. mm (62mm) Each 1160 ,81,13,real,True,sha256:dc58bcdf21a288b9f21c605684be24ed4e38695d9c31d99e0c928e5a4b7a4691,machine_text_pattern,machine_extracted_unverified
11.1.30,3½ X 300 sq. mm (70mm),Each,1336,INR,11.1.30 3½ X 300 sq. mm (70mm) Each 1336 ,81,14,real,True,sha256:dc58bcdf21a288b9f21c605684be24ed4e38695d9c31d99e0c928e5a4b7a4691,machine_text_pattern,machine_extracted_unverified
11.1.31,3½ X 400 sq. mm (82mm),Each,1713,INR,11.1.31 3½ X 400 sq. mm (82mm) Each 1713 ,81,15,real,True,sha256:dc58bcdf21a288b9f21c605684be24ed4e38695d9c31d99e0c928e5a4b7a4691,machine_text_pattern,machine_extracted_unverified
11.1.32,4 X 10 sq. mm (25mm),Each,325,INR,11.1.32 4 X 10 sq. mm (25mm) Each 325 ,81,16,real,True,sha256:dc58bcdf21a288b9f21c605684be24ed4e38695d9c31d99e0c928e5a4b7a4691,machine_text_pattern,machine_extracted_unverified
11.1.33,4 X 16 sq. mm (28mm),Each,366,INR,11.1.33 4 X 16 sq. mm (28mm) Each 366 ,81,17,real,True,sha256:dc58bcdf21a288b9f21c605684be24ed4e38695d9c31d99e0c928e5a4b7a4691,machine_text_pattern,machine_extracted_unverified
11.1.34,4 X 25 sq. mm (28mm),Each,373,INR,11.1.34 4 X 25 sq. mm (28mm) Each 373 ,81,18,real,True,sha256:dc58bcdf21a288b9f21c605684be24ed4e38695d9c31d99e0c928e5a4b7a4691,machine_text_pattern,machine_extracted_unverified
11.1.34,4 X 35 sq. mm (32mm),Each,438,INR,11.1.34 4 X 35 sq. mm (32mm) Each 438 ,81,19,real,True,sha256:dc58bcdf21a288b9f21c605684be24ed4e38695d9c31d99e0c928e5a4b7a4691,machine_text_pattern,machine_extracted_unverified
11.1.35,4 X 50 sq. mm (35mm),Each,489,INR,11.1.35 4 X 50 sq. mm (35mm) Each 489 ,81,20,real,True,sha256:dc58bcdf21a288b9f21c605684be24ed4e38695d9c31d99e0c928e5a4b7a4691,machine_text_pattern,machine_extracted_unverified
11.2.1,2 X 16 sq. mm,Each,1477,INR,11.2.1 2 X 16 sq. mm Each 1477 ,81,26,real,True,sha256:dc58bcdf21a288b9f21c605684be24ed4e38695d9c31d99e0c928e5a4b7a4691,machine_text_pattern,machine_extracted_unverified
11.2.2,2 X 25 sq. mm,Each,1582,INR,11.2.2 2 X 25 sq. mm Each 1582 ,81,27,real,True,sha256:dc58bcdf21a288b9f21c605684be24ed4e38695d9c31d99e0c928e5a4b7a4691,machine_text_pattern,machine_extracted_unverified
11.2.3,2 X 35 sq. mm,Each,1582,INR,11.2.3 2 X 35 sq. mm Each 1582 ,81,28,real,True,sha256:dc58bcdf21a288b9f21c605684be24ed4e38695d9c31d99e0c928e5a4b7a4691,machine_text_pattern,machine_extracted_unverified
11.2.4,2 X 50 sq. mm,Each,1582,INR,11.2.4 2 X 50 sq. mm Each 1582 ,82,3,real,True,sha256:dc58bcdf21a288b9f21c605684be24ed4e38695d9c31d99e0c928e5a4b7a4691,machine_text_pattern,machine_extracted_unverified
11.2.5,3 X 16 sq. mm,Each,1582,INR,11.2.5 3 X 16 sq. mm Each 1582 ,82,4,real,True,sha256:dc58bcdf21a288b9f21c605684be24ed4e38695d9c31d99e0c928e5a4b7a4691,machine_text_pattern,machine_extracted_unverified
11.2.6,3 X 25 sq. mm,Each,1582,INR,11.2.6 3 X 25 sq. mm Each 1582 ,82,5,real,True,sha256:dc58bcdf21a288b9f21c605684be24ed4e38695d9c31d99e0c928e5a4b7a4691,machine_text_pattern,machine_extracted_unverified
11.2.7,3 X 35 sq. mm,Each,1582,INR,11.2.7 3 X 35 sq. mm Each 1582 ,82,6,real,True,sha256:dc58bcdf21a288b9f21c605684be24ed4e38695d9c31d99e0c928e5a4b7a4691,machine_text_pattern,machine_extracted_unverified
11.2.8,3 X 50 sq. mm,Each,1679,INR,11.2.8 3 X 50 sq. mm Each 1679 ,82,7,real,True,sha256:dc58bcdf21a288b9f21c605684be24ed4e38695d9c31d99e0c928e5a4b7a4691,machine_text_pattern,machine_extracted_unverified
11.2.9,3 X 70 sq. mm,Each,1679,INR,11.2.9 3 X 70 sq. mm Each 1679 ,82,8,real,True,sha256:dc58bcdf21a288b9f21c605684be24ed4e38695d9c31d99e0c928e5a4b7a4691,machine_text_pattern,machine_extracted_unverified
11.2.10,3 X 95 sq. mm,Each,2023,INR,11.2.10 3 X 95 sq. mm Each 2023 ,82,9,real,True,sha256:dc58bcdf21a288b9f21c605684be24ed4e38695d9c31d99e0c928e5a4b7a4691,machine_text_pattern,machine_extracted_unverified
11.2.11,3 X 120 sq. mm,Each,2023,INR,11.2.11 3 X 120 sq. mm Each 2023 ,82,10,real,True,sha256:dc58bcdf21a288b9f21c605684be24ed4e38695d9c31d99e0c928e5a4b7a4691,machine_text_pattern,machine_extracted_unverified
11.2.12,3 X 150 sq. mm,Each,2023,INR,11.2.12 3 X 150 sq. mm Each 2023 ,82,11,real,True,sha256:dc58bcdf21a288b9f21c605684be24ed4e38695d9c31d99e0c928e5a4b7a4691,machine_text_pattern,machine_extracted_unverified
11.2.13,3 X 185 sq. mm,Each,2643,INR,11.2.13 3 X 185 sq. mm Each 2643 ,82,12,real,True,sha256:dc58bcdf21a288b9f21c605684be24ed4e38695d9c31d99e0c928e5a4b7a4691,machine_text_pattern,machine_extracted_unverified
11.2.14,3 X 225 sq. mm,Each,2643,INR,11.2.14 3 X 225 sq. mm Each 2643 ,82,13,real,True,sha256:dc58bcdf21a288b9f21c605684be24ed4e38695d9c31d99e0c928e5a4b7a4691,machine_text_pattern,machine_extracted_unverified
11.2.15,3 X 240 sq. mm,Each,3028,INR,11.2.15 3 X 240 sq. mm Each 3028 ,82,14,real,True,sha256:dc58bcdf21a288b9f21c605684be24ed4e38695d9c31d99e0c928e5a4b7a4691,machine_text_pattern,machine_extracted_unverified
11.2.16,3 X 300 sq. mm,Each,3028,INR,11.2.16 3 X 300 sq. mm Each 3028 ,82,15,real,True,sha256:dc58bcdf21a288b9f21c605684be24ed4e38695d9c31d99e0c928e5a4b7a4691,machine_text_pattern,machine_extracted_unverified
11.2.17,3½ X 25 sq. mm,Each,1582,INR,11.2.17 3½ X 25 sq. mm Each 1582 ,82,16,real,True,sha256:dc58bcdf21a288b9f21c605684be24ed4e38695d9c31d99e0c928e5a4b7a4691,machine_text_pattern,machine_extracted_unverified
11.2.18,3½ X 35 sq. mm,Each,1679,INR,11.2.18 3½ X 35 sq. mm Each 1679 ,82,17,real,True,sha256:dc58bcdf21a288b9f21c605684be24ed4e38695d9c31d99e0c928e5a4b7a4691,machine_text_pattern,machine_extracted_unverified
11.2.19,3½ X 50 sq. mm,Each,1679,INR,11.2.19 3½ X 50 sq. mm Each 1679 ,82,18,real,True,sha256:dc58bcdf21a288b9f21c605684be24ed4e38695d9c31d99e0c928e5a4b7a4691,machine_text_pattern,machine_extracted_unverified
11.2.20,3½ X 70 sq. mm,Each,1827,INR,11.2.20 3½ X 70 sq. mm Each 1827 ,82,19,real,True,sha256:dc58bcdf21a288b9f21c605684be24ed4e38695d9c31d99e0c928e5a4b7a4691,machine_text_pattern,machine_extracted_unverified
11.2.21,3½ X 95 sq. mm,Each,2023,INR,11.2.21 3½ X 95 sq. mm Each 2023 ,82,20,real,True,sha256:dc58bcdf21a288b9f21c605684be24ed4e38695d9c31d99e0c928e5a4b7a4691,machine_text_pattern,machine_extracted_unverified
11.2.22,3½ X 120 sq. mm,Each,2023,INR,11.2.22 3½ X 120 sq. mm Each 2023 ,82,21,real,True,sha256:dc58bcdf21a288b9f21c605684be24ed4e38695d9c31d99e0c928e5a4b7a4691,machine_text_pattern,machine_extracted_unverified
11.2.23,3½ X 150 sq. mm,Each,2643,INR,11.2.23 3½ X 150 sq. mm Each 2643 ,82,22,real,True,sha256:dc58bcdf21a288b9f21c605684be24ed4e38695d9c31d99e0c928e5a4b7a4691,machine_text_pattern,machine_extracted_unverified
11.2.24,3½ X 185 sq. mm,Each,2117,INR,11.2.24 3½ X 185 sq. mm Each 2117 ,82,23,real,True,sha256:dc58bcdf21a288b9f21c605684be24ed4e38695d9c31d99e0c928e5a4b7a4691,machine_text_pattern,machine_extracted_unverified
11.2.25,3½ X 225 sq. mm,Each,3028,INR,11.2.25 3½ X 225 sq. mm Each 3028 ,82,24,real,True,sha256:dc58bcdf21a288b9f21c605684be24ed4e38695d9c31d99e0c928e5a4b7a4691,machine_text_pattern,machine_extracted_unverified
11.2.26,3½ X 240 sq. mm,Each,3028,INR,11.2.26 3½ X 240 sq. mm Each 3028 ,82,25,real,True,sha256:dc58bcdf21a288b9f21c605684be24ed4e38695d9c31d99e0c928e5a4b7a4691,machine_text_pattern,machine_extracted_unverified
11.2.27,3½ X 300 sq. mm,Each,3444,INR,11.2.27 3½ X 300 sq. mm Each 3444 ,83,3,real,True,sha256:dc58bcdf21a288b9f21c605684be24ed4e38695d9c31d99e0c928e5a4b7a4691,machine_text_pattern,machine_extracted_unverified
11.2.28,3½ X 400 sq. mm,Each,3897,INR,11.2.28 3½ X 400 sq. mm Each 3897 ,83,4,real,True,sha256:dc58bcdf21a288b9f21c605684be24ed4e38695d9c31d99e0c928e5a4b7a4691,machine_text_pattern,machine_extracted_unverified
11.2.29,4 X 16 sq. mm,Each,1582,INR,11.2.29 4 X 16 sq. mm Each 1582 ,83,5,real,True,sha256:dc58bcdf21a288b9f21c605684be24ed4e38695d9c31d99e0c928e5a4b7a4691,machine_text_pattern,machine_extracted_unverified
11.2.30,4 X 25 sq. mm,Each,1582,INR,11.2.30 4 X 25 sq. mm Each 1582 ,83,6,real,True,sha256:dc58bcdf21a288b9f21c605684be24ed4e38695d9c31d99e0c928e5a4b7a4691,machine_text_pattern,machine_extracted_unverified
11.2.31,4 X 35 sq. mm,Each,1679,INR,11.2.31 4 X 35 sq. mm Each 1679 ,83,7,real,True,sha256:dc58bcdf21a288b9f21c605684be24ed4e38695d9c31d99e0c928e5a4b7a4691,machine_text_pattern,machine_extracted_unverified
11.2.32,4 X 50 sq. mm,Each,1679,INR,11.2.32 4 X 50 sq. mm Each 1679 ,83,8,real,True,sha256:dc58bcdf21a288b9f21c605684be24ed4e38695d9c31d99e0c928e5a4b7a4691,machine_text_pattern,machine_extracted_unverified
11.3.1,2 X 16 sq. mm,Each,2902,INR,11.3.1 2 X 16 sq. mm Each 2902 ,83,14,real,True,sha256:dc58bcdf21a288b9f21c605684be24ed4e38695d9c31d99e0c928e5a4b7a4691,machine_text_pattern,machine_extracted_unverified
11.3.2,2 X 25 sq. mm,Each,2902,INR,11.3.2 2 X 25 sq. mm Each 2902 ,83,15,real,True,sha256:dc58bcdf21a288b9f21c605684be24ed4e38695d9c31d99e0c928e5a4b7a4691,machine_text_pattern,machine_extracted_unverified
11.3.3,2 X 35 sq. mm,Each,2902,INR,11.3.3 2 X 35 sq. mm Each 2902 ,83,16,real,True,sha256:dc58bcdf21a288b9f21c605684be24ed4e38695d9c31d99e0c928e5a4b7a4691,machine_text_pattern,machine_extracted_unverified
11.3.4,2 X 50 sq. mm,Each,3285,INR,11.3.4 2 X 50 sq. mm Each 3285 ,83,17,real,True,sha256:dc58bcdf21a288b9f21c605684be24ed4e38695d9c31d99e0c928e5a4b7a4691,machine_text_pattern,machine_extracted_unverified
11.3.5,3 X 16 sq. mm,Each,3285,INR,11.3.5 3 X 16 sq. mm Each 3285 ,83,18,real,True,sha256:dc58bcdf21a288b9f21c605684be24ed4e38695d9c31d99e0c928e5a4b7a4691,machine_text_pattern,machine_extracted_unverified
11.3.6,3 X 25 sq. mm,Each,2902,INR,11.3.6 3 X 25 sq. mm Each 2902 ,83,19,real,True,sha256:dc58bcdf21a288b9f21c605684be24ed4e38695d9c31d99e0c928e5a4b7a4691,machine_text_pattern,machine_extracted_unverified
11.3.7,3 X 35 sq. mm,Each,2902,INR,11.3.7 3 X 35 sq. mm Each 2902 ,83,20,real,True,sha256:dc58bcdf21a288b9f21c605684be24ed4e38695d9c31d99e0c928e5a4b7a4691,machine_text_pattern,machine_extracted_unverified
11.3.8,3 X 50 sq. mm,Each,3285,INR,11.3.8 3 X 50 sq. mm Each 3285 ,83,21,real,True,sha256:dc58bcdf21a288b9f21c605684be24ed4e38695d9c31d99e0c928e5a4b7a4691,machine_text_pattern,machine_extracted_unverified
11.3.9,3 X 70 sq. mm,Each,3810,INR,11.3.9 3 X 70 sq. mm Each 3810 ,83,22,real,True,sha256:dc58bcdf21a288b9f21c605684be24ed4e38695d9c31d99e0c928e5a4b7a4691,machine_text_pattern,machine_extracted_unverified
11.3.10,3 X 95 sq. mm,Each,4093,INR,11.3.10 3 X 95 sq. mm Each 4093 ,83,23,real,True,sha256:dc58bcdf21a288b9f21c605684be24ed4e38695d9c31d99e0c928e5a4b7a4691,machine_text_pattern,machine_extracted_unverified
11.3.11,3 X 120 sq. mm,Each,4565,INR,11.3.11 3 X 120 sq. mm Each 4565 ,83,24,real,True,sha256:dc58bcdf21a288b9f21c605684be24ed4e38695d9c31d99e0c928e5a4b7a4691,machine_text_pattern,machine_extracted_unverified
11.3.12,3 X 150 sq. mm,Each,4565,INR,11.3.12 3 X 150 sq. mm Each 4565 ,83,25,real,True,sha256:dc58bcdf21a288b9f21c605684be24ed4e38695d9c31d99e0c928e5a4b7a4691,machine_text_pattern,machine_extracted_unverified
11.3.13,3 X 185 sq. mm,Each,5386,INR,11.3.13 3 X 185 sq. mm Each 5386 ,83,26,real,True,sha256:dc58bcdf21a288b9f21c605684be24ed4e38695d9c31d99e0c928e5a4b7a4691,machine_text_pattern,machine_extracted_unverified
11.3.14,3 X 225 sq. mm,Each,6067,INR,11.3.14 3 X 225 sq. mm Each 6067 ,83,27,real,True,sha256:dc58bcdf21a288b9f21c605684be24ed4e38695d9c31d99e0c928e5a4b7a4691,machine_text_pattern,machine_extracted_unverified
11.3.15,3 X 240 sq. mm,Each,6067,INR,11.3.15 3 X 240 sq. mm Each 6067 ,83,28,real,True,sha256:dc58bcdf21a288b9f21c605684be24ed4e38695d9c31d99e0c928e5a4b7a4691,machine_text_pattern,machine_extracted_unverified
11.3.16,3 X 300 sq. mm,Each,7845,INR,11.3.16 3 X 300 sq. mm Each 7845 ,84,3,real,True,sha256:dc58bcdf21a288b9f21c605684be24ed4e38695d9c31d99e0c928e5a4b7a4691,machine_text_pattern,machine_extracted_unverified
11.3.17,3½ X 25 sq. mm,Each,3285,INR,11.3.17 3½ X 25 sq. mm Each 3285 ,84,4,real,True,sha256:dc58bcdf21a288b9f21c605684be24ed4e38695d9c31d99e0c928e5a4b7a4691,machine_text_pattern,machine_extracted_unverified
11.3.18,3½ X 35 sq. mm,Each,3285,INR,11.3.18 3½ X 35 sq. mm Each 3285 ,84,5,real,True,sha256:dc58bcdf21a288b9f21c605684be24ed4e38695d9c31d99e0c928e5a4b7a4691,machine_text_pattern,machine_extracted_unverified
11.3.19,3½ X 50 sq. mm,Each,3810,INR,11.3.19 3½ X 50 sq. mm Each 3810 ,84,6,real,True,sha256:dc58bcdf21a288b9f21c605684be24ed4e38695d9c31d99e0c928e5a4b7a4691,machine_text_pattern,machine_extracted_unverified
11.3.20,3½ X 70 sq. mm,Each,3841,INR,11.3.20 3½ X 70 sq. mm Each 3841 ,84,7,real,True,sha256:dc58bcdf21a288b9f21c605684be24ed4e38695d9c31d99e0c928e5a4b7a4691,machine_text_pattern,machine_extracted_unverified
11.3.21,3½ X 95 sq. mm,Each,4565,INR,11.3.21 3½ X 95 sq. mm Each 4565 ,84,8,real,True,sha256:dc58bcdf21a288b9f21c605684be24ed4e38695d9c31d99e0c928e5a4b7a4691,machine_text_pattern,machine_extracted_unverified
11.3.22,3½ X 120 sq. mm,Each,5386,INR,11.3.22 3½ X 120 sq. mm Each 5386 ,84,9,real,True,sha256:dc58bcdf21a288b9f21c605684be24ed4e38695d9c31d99e0c928e5a4b7a4691,machine_text_pattern,machine_extracted_unverified
11.3.23,3½ X 150 sq. mm,Each,5386,INR,11.3.23 3½ X 150 sq. mm Each 5386 ,84,10,real,True,sha256:dc58bcdf21a288b9f21c605684be24ed4e38695d9c31d99e0c928e5a4b7a4691,machine_text_pattern,machine_extracted_unverified
11.3.24,3½ X 185 sq. mm,Each,6067,INR,11.3.24 3½ X 185 sq. mm Each 6067 ,84,11,real,True,sha256:dc58bcdf21a288b9f21c605684be24ed4e38695d9c31d99e0c928e5a4b7a4691,machine_text_pattern,machine_extracted_unverified
11.3.25,3½ X 225 sq. mm,Each,6172,INR,11.3.25 3½ X 225 sq. mm Each 6172 ,84,12,real,True,sha256:dc58bcdf21a288b9f21c605684be24ed4e38695d9c31d99e0c928e5a4b7a4691,machine_text_pattern,machine_extracted_unverified
11.3.26,3½ X 240 sq. mm,Each,7429,INR,11.3.26 3½ X 240 sq. mm Each 7429 ,84,13,real,True,sha256:dc58bcdf21a288b9f21c605684be24ed4e38695d9c31d99e0c928e5a4b7a4691,machine_text_pattern,machine_extracted_unverified
11.3.27,3½ X 300 sq. mm,Each,9156,INR,11.3.27 3½ X 300 sq. mm Each 9156 ,84,14,real,True,sha256:dc58bcdf21a288b9f21c605684be24ed4e38695d9c31d99e0c928e5a4b7a4691,machine_text_pattern,machine_extracted_unverified
11.3.28,3½ X 400 sq. mm,Each,5482,INR,11.3.28 3½ X 400 sq. mm Each 5482 ,84,15,real,True,sha256:dc58bcdf21a288b9f21c605684be24ed4e38695d9c31d99e0c928e5a4b7a4691,machine_text_pattern,machine_extracted_unverified
11.3.29,4 X 16 sq. mm,Each,2902,INR,11.3.29 4 X 16 sq. mm Each 2902 ,84,16,real,True,sha256:dc58bcdf21a288b9f21c605684be24ed4e38695d9c31d99e0c928e5a4b7a4691,machine_text_pattern,machine_extracted_unverified
11.3.30,4 X 25 sq. mm,Each,3285,INR,11.3.30 4 X 25 sq. mm Each 3285 ,84,17,real,True,sha256:dc58bcdf21a288b9f21c605684be24ed4e38695d9c31d99e0c928e5a4b7a4691,machine_text_pattern,machine_extracted_unverified
11.3.31,4 X 35 sq. mm,Each,3285,INR,11.3.31 4 X 35 sq. mm Each 3285 ,84,18,real,True,sha256:dc58bcdf21a288b9f21c605684be24ed4e38695d9c31d99e0c928e5a4b7a4691,machine_text_pattern,machine_extracted_unverified
11.3.32,4 X 50 sq. mm,Each,3810,INR,11.3.32 4 X 50 sq. mm Each 3810 ,84,19,real,True,sha256:dc58bcdf21a288b9f21c605684be24ed4e38695d9c31d99e0c928e5a4b7a4691,machine_text_pattern,machine_extracted_unverified
11.4.1,2 X 16 sq. mm,Each,2374,INR,11.4.1 2 X 16 sq. mm Each 2374 ,84,25,real,True,sha256:dc58bcdf21a288b9f21c605684be24ed4e38695d9c31d99e0c928e5a4b7a4691,machine_text_pattern,machine_extracted_unverified
11.4.2,2 X 25 sq. mm,Each,2698,INR,11.4.2 2 X 25 sq. mm Each 2698 ,84,26,real,True,sha256:dc58bcdf21a288b9f21c605684be24ed4e38695d9c31d99e0c928e5a4b7a4691,machine_text_pattern,machine_extracted_unverified
11.4.3,2 X 35 sq. mm,Each,2698,INR,11.4.3 2 X 35 sq. mm Each 2698 ,84,27,real,True,sha256:dc58bcdf21a288b9f21c605684be24ed4e38695d9c31d99e0c928e5a4b7a4691,machine_text_pattern,machine_extracted_unverified
11.4.4,2 X 50 sq. mm,Each,2698,INR,11.4.4 2 X 50 sq. mm Each 2698 ,84,28,real,True,sha256:dc58bcdf21a288b9f21c605684be24ed4e38695d9c31d99e0c928e5a4b7a4691,machine_text_pattern,machine_extracted_unverified
11.4.5,3 X 16 sq. mm,Each,2374,INR,11.4.5 3 X 16 sq. mm Each 2374 ,85,3,real,True,sha256:dc58bcdf21a288b9f21c605684be24ed4e38695d9c31d99e0c928e5a4b7a4691,machine_text_pattern,machine_extracted_unverified
11.4.6,3 X 25 sq. mm,Each,2698,INR,11.4.6 3 X 25 sq. mm Each 2698 ,85,4,real,True,sha256:dc58bcdf21a288b9f21c605684be24ed4e38695d9c31d99e0c928e5a4b7a4691,machine_text_pattern,machine_extracted_unverified
11.4.7,3 X 35 sq. mm,Each,2698,INR,11.4.7 3 X 35 sq. mm Each 2698 ,85,5,real,True,sha256:dc58bcdf21a288b9f21c605684be24ed4e38695d9c31d99e0c928e5a4b7a4691,machine_text_pattern,machine_extracted_unverified
11.4.8,3 X 50 sq. mm,Each,2698,INR,11.4.8 3 X 50 sq. mm Each 2698 ,85,6,real,True,sha256:dc58bcdf21a288b9f21c605684be24ed4e38695d9c31d99e0c928e5a4b7a4691,machine_text_pattern,machine_extracted_unverified
11.4.9,3 X 70 sq. mm,Each,3623,INR,11.4.9 3 X 70 sq. mm Each 3623 ,85,7,real,True,sha256:dc58bcdf21a288b9f21c605684be24ed4e38695d9c31d99e0c928e5a4b7a4691,machine_text_pattern,machine_extracted_unverified
11.4.10,3 X 95 sq. mm,Each,3819,INR,11.4.10 3 X 95 sq. mm Each 3819 ,85,8,real,True,sha256:dc58bcdf21a288b9f21c605684be24ed4e38695d9c31d99e0c928e5a4b7a4691,machine_text_pattern,machine_extracted_unverified
11.4.11,3 X 120 sq. mm,Each,4886,INR,11.4.11 3 X 120 sq. mm Each 4886 ,85,9,real,True,sha256:dc58bcdf21a288b9f21c605684be24ed4e38695d9c31d99e0c928e5a4b7a4691,machine_text_pattern,machine_extracted_unverified
11.4.12,3 X 150 sq. mm,Each,4886,INR,11.4.12 3 X 150 sq. mm Each 4886 ,85,10,real,True,sha256:dc58bcdf21a288b9f21c605684be24ed4e38695d9c31d99e0c928e5a4b7a4691,machine_text_pattern,machine_extracted_unverified
11.4.13,3 X 185 sq. mm,Each,4886,INR,11.4.13 3 X 185 sq. mm Each 4886 ,85,11,real,True,sha256:dc58bcdf21a288b9f21c605684be24ed4e38695d9c31d99e0c928e5a4b7a4691,machine_text_pattern,machine_extracted_unverified
11.4.14,3 X 225 sq. mm,Each,5283,INR,11.4.14 3 X 225 sq. mm Each 5283 ,85,12,real,True,sha256:dc58bcdf21a288b9f21c605684be24ed4e38695d9c31d99e0c928e5a4b7a4691,machine_text_pattern,machine_extracted_unverified
11.4.15,3 X 240 sq. mm,Each,5283,INR,11.4.15 3 X 240 sq. mm Each 5283 ,85,13,real,True,sha256:dc58bcdf21a288b9f21c605684be24ed4e38695d9c31d99e0c928e5a4b7a4691,machine_text_pattern,machine_extracted_unverified
11.4.16,3 X 300 sq. mm,Each,6599,INR,11.4.16 3 X 300 sq. mm Each 6599 ,85,14,real,True,sha256:dc58bcdf21a288b9f21c605684be24ed4e38695d9c31d99e0c928e5a4b7a4691,machine_text_pattern,machine_extracted_unverified
11.4.17,3½ X 25 sq. mm,Each,2698,INR,11.4.17 3½ X 25 sq. mm Each 2698 ,85,15,real,True,sha256:dc58bcdf21a288b9f21c605684be24ed4e38695d9c31d99e0c928e5a4b7a4691,machine_text_pattern,machine_extracted_unverified
11.4.18,3½ X 35 sq. mm,Each,2698,INR,11.4.18 3½ X 35 sq. mm Each 2698 ,85,16,real,True,sha256:dc58bcdf21a288b9f21c605684be24ed4e38695d9c31d99e0c928e5a4b7a4691,machine_text_pattern,machine_extracted_unverified
11.4.19,3½ X 50 sq. mm,Each,2698,INR,11.4.19 3½ X 50 sq. mm Each 2698 ,85,17,real,True,sha256:dc58bcdf21a288b9f21c605684be24ed4e38695d9c31d99e0c928e5a4b7a4691,machine_text_pattern,machine_extracted_unverified
11.4.20,3½ X 70 sq. mm,Each,3623,INR,11.4.20 3½ X 70 sq. mm Each 3623 ,85,18,real,True,sha256:dc58bcdf21a288b9f21c605684be24ed4e38695d9c31d99e0c928e5a4b7a4691,machine_text_pattern,machine_extracted_unverified
11.4.21,3½ X 95 sq. mm,Each,3819,INR,11.4.21 3½ X 95 sq. mm Each 3819 ,85,19,real,True,sha256:dc58bcdf21a288b9f21c605684be24ed4e38695d9c31d99e0c928e5a4b7a4691,machine_text_pattern,machine_extracted_unverified
11.4.22,3½ X 120 sq. mm,Each,4886,INR,11.4.22 3½ X 120 sq. mm Each 4886 ,85,20,real,True,sha256:dc58bcdf21a288b9f21c605684be24ed4e38695d9c31d99e0c928e5a4b7a4691,machine_text_pattern,machine_extracted_unverified
11.4.23,3½ X 150 sq. mm,Each,4886,INR,11.4.23 3½ X 150 sq. mm Each 4886 ,85,21,real,True,sha256:dc58bcdf21a288b9f21c605684be24ed4e38695d9c31d99e0c928e5a4b7a4691,machine_text_pattern,machine_extracted_unverified
11.4.24,3½ X 185 sq. mm,Each,4886,INR,11.4.24 3½ X 185 sq. mm Each 4886 ,85,22,real,True,sha256:dc58bcdf21a288b9f21c605684be24ed4e38695d9c31d99e0c928e5a4b7a4691,machine_text_pattern,machine_extracted_unverified
11.4.25,3½ X 225 sq. mm,Each,5283,INR,11.4.25 3½ X 225 sq. mm Each 5283 ,85,23,real,True,sha256:dc58bcdf21a288b9f21c605684be24ed4e38695d9c31d99e0c928e5a4b7a4691,machine_text_pattern,machine_extracted_unverified
11.4.26,3½ X 240 sq. mm,Each,5283,INR,11.4.26 3½ X 240 sq. mm Each 5283 ,85,24,real,True,sha256:dc58bcdf21a288b9f21c605684be24ed4e38695d9c31d99e0c928e5a4b7a4691,machine_text_pattern,machine_extracted_unverified
11.4.27,3½ X 300 sq. mm,Each,6599,INR,11.4.27 3½ X 300 sq. mm Each 6599 ,85,25,real,True,sha256:dc58bcdf21a288b9f21c605684be24ed4e38695d9c31d99e0c928e5a4b7a4691,machine_text_pattern,machine_extracted_unverified
11.4.28,3½ X 400 sq. mm,Each,8541,INR,11.4.28 3½ X 400 sq. mm Each 8541 ,86,3,real,True,sha256:dc58bcdf21a288b9f21c605684be24ed4e38695d9c31d99e0c928e5a4b7a4691,machine_text_pattern,machine_extracted_unverified
11.4.29,4 X 16 sq. mm,Each,4210,INR,11.4.29 4 X 16 sq. mm Each 4210 ,86,4,real,True,sha256:dc58bcdf21a288b9f21c605684be24ed4e38695d9c31d99e0c928e5a4b7a4691,machine_text_pattern,machine_extracted_unverified
11.4.30,4 X 25 sq. mm,Each,2698,INR,11.4.30 4 X 25 sq. mm Each 2698 ,86,5,real,True,sha256:dc58bcdf21a288b9f21c605684be24ed4e38695d9c31d99e0c928e5a4b7a4691,machine_text_pattern,machine_extracted_unverified
11.4.31,4 X 35 sq. mm,Each,3623,INR,11.4.31 4 X 35 sq. mm Each 3623 ,86,6,real,True,sha256:dc58bcdf21a288b9f21c605684be24ed4e38695d9c31d99e0c928e5a4b7a4691,machine_text_pattern,machine_extracted_unverified
11.4.32,4 X 50 sq. mm,Each,3623,INR,11.4.32 4 X 50 sq. mm Each 3623 ,86,7,real,True,sha256:dc58bcdf21a288b9f21c605684be24ed4e38695d9c31d99e0c928e5a4b7a4691,machine_text_pattern,machine_extracted_unverified
12.1.1,Above 4.5 metre and upto 6.5 metre,Each,6847,INR,12.1.1 Above 4.5 metre and upto 6.5 metre Each 6847 ,87,12,real,True,sha256:dc58bcdf21a288b9f21c605684be24ed4e38695d9c31d99e0c928e5a4b7a4691,machine_text_pattern,machine_extracted_unverified
12.1.2,Above 6.5 metre and upto 8.0 metre,Each,7594,INR,12.1.2 Above 6.5 metre and upto 8.0 metre Each 7594 ,87,13,real,True,sha256:dc58bcdf21a288b9f21c605684be24ed4e38695d9c31d99e0c928e5a4b7a4691,machine_text_pattern,machine_extracted_unverified
12.1.3,Above 8.0 metre and upto 11.0 metre,Each,9135,INR,12.1.3 Above 8.0 metre and upto 11.0 metre Each 9135 ,87,14,real,True,sha256:dc58bcdf21a288b9f21c605684be24ed4e38695d9c31d99e0c928e5a4b7a4691,machine_text_pattern,machine_extracted_unverified
12.1.4,Above 11.00 metre and upto 13.00 metre,Each,10016,INR,12.1.4 Above 11.00 metre and upto 13.00 metre Each 10016 ,87,15,real,True,sha256:dc58bcdf21a288b9f21c605684be24ed4e38695d9c31d99e0c928e5a4b7a4691,machine_text_pattern,machine_extracted_unverified
12.3.1,Above 4.5 metre and upto 6.5 metre,Each,6123,INR,12.3.1 Above 4.5 metre and upto 6.5 metre Each 6123 ,87,29,real,True,sha256:dc58bcdf21a288b9f21c605684be24ed4e38695d9c31d99e0c928e5a4b7a4691,machine_text_pattern,machine_extracted_unverified
12.3.2,Above 6.5 metre and upto 8.0 metre,Each,7178,INR,12.3.2 Above 6.5 metre and upto 8.0 metre Each 7178 ,87,30,real,True,sha256:dc58bcdf21a288b9f21c605684be24ed4e38695d9c31d99e0c928e5a4b7a4691,machine_text_pattern,machine_extracted_unverified
12.3.3,Above 8.0 metre and upto 10.0 metre,Each,8300,INR,12.3.3 Above 8.0 metre and upto 10.0 metre Each 8300 ,87,31,real,True,sha256:dc58bcdf21a288b9f21c605684be24ed4e38695d9c31d99e0c928e5a4b7a4691,machine_text_pattern,machine_extracted_unverified
12.3.4,Above 10.00 metre and upto 12.00 metre,Each,9517,INR,12.3.4 Above 10.00 metre and upto 12.00 metre Each 9517 ,87,32,real,True,sha256:dc58bcdf21a288b9f21c605684be24ed4e38695d9c31d99e0c928e5a4b7a4691,machine_text_pattern,machine_extracted_unverified
12.6.1,32 mm dia,Metre,559,INR,12.6.1 32 mm dia Metre 559 ,88,2,real,True,sha256:dc58bcdf21a288b9f21c605684be24ed4e38695d9c31d99e0c928e5a4b7a4691,machine_text_pattern,machine_extracted_unverified
12.6.2,40 mm dia,Metre,626,INR,12.6.2 40 mm dia Metre 626 ,88,3,real,True,sha256:dc58bcdf21a288b9f21c605684be24ed4e38695d9c31d99e0c928e5a4b7a4691,machine_text_pattern,machine_extracted_unverified
13.20,Erection of LV/MV shackle/pin insulator etc. as required.,Set,107,INR,13.20 Erection of LV/MV shackle/pin insulator etc. as required. Set 107 ,91,65,real,True,sha256:dc58bcdf21a288b9f21c605684be24ed4e38695d9c31d99e0c928e5a4b7a4691,machine_text_pattern,machine_extracted_unverified
13.26,Erection of hexagonal type guard as required.,Each,279,INR,13.26 Erection of hexagonal type guard as required. Each 279 ,91,102,real,True,sha256:dc58bcdf21a288b9f21c605684be24ed4e38695d9c31d99e0c928e5a4b7a4691,machine_text_pattern,machine_extracted_unverified
13.27,Erection of ring type guard as required.,Each,93,INR,13.27 Erection of ring type guard as required. Each 93 ,92,3,real,True,sha256:dc58bcdf21a288b9f21c605684be24ed4e38695d9c31d99e0c928e5a4b7a4691,machine_text_pattern,machine_extracted_unverified
13.28,Erection of cradle guard as required.,Each,186,INR,13.28 Erection of cradle guard as required. Each 186 ,92,4,real,True,sha256:dc58bcdf21a288b9f21c605684be24ed4e38695d9c31d99e0c928e5a4b7a4691,machine_text_pattern,machine_extracted_unverified
13.29,Supplying and erection of 15 A aerial fuse complete as required.,Each,160,INR,13.29 Supplying and erection of 15 A aerial fuse complete as required. Each 160 ,92,5,real,True,sha256:dc58bcdf21a288b9f21c605684be24ed4e38695d9c31d99e0c928e5a4b7a4691,machine_text_pattern,machine_extracted_unverified
13.30,Supplying and erection of 30 A aerial fuse complete as required.,Each,170,INR,13.30 Supplying and erection of 30 A aerial fuse complete as required. Each 170 ,92,6,real,True,sha256:dc58bcdf21a288b9f21c605684be24ed4e38695d9c31d99e0c928e5a4b7a4691,machine_text_pattern,machine_extracted_unverified
13.31,Erection of aerial fuse as required.,Each,142,INR,13.31 Erection of aerial fuse as required. Each 142 ,92,7,real,True,sha256:dc58bcdf21a288b9f21c605684be24ed4e38695d9c31d99e0c928e5a4b7a4691,machine_text_pattern,machine_extracted_unverified
13.33,Fixing of MV lightning arrestor as required.,Each,213,INR,13.33 Fixing of MV lightning arrestor as required. Each 213 ,92,15,real,True,sha256:dc58bcdf21a288b9f21c605684be24ed4e38695d9c31d99e0c928e5a4b7a4691,machine_text_pattern,machine_extracted_unverified
15.13.3,100 mm dia,Metre,1918,INR,15.13.3 100 mm dia Metre 1918 ,99,31,real,True,sha256:dc58bcdf21a288b9f21c605684be24ed4e38695d9c31d99e0c928e5a4b7a4691,machine_text_pattern,machine_extracted_unverified
15.13.4,150 mm dia,Metre,2894,INR,15.13.4 150 mm dia Metre 2894 ,99,33,real,True,sha256:dc58bcdf21a288b9f21c605684be24ed4e38695d9c31d99e0c928e5a4b7a4691,machine_text_pattern,machine_extracted_unverified
15.14.1,100 mm dia,Metre,771,INR,15.14.1 100 mm dia Metre 771 ,99,40,real,True,sha256:dc58bcdf21a288b9f21c605684be24ed4e38695d9c31d99e0c928e5a4b7a4691,machine_text_pattern,machine_extracted_unverified
15.14.2,150 mm dia,Metre,846,INR,15.14.2 150 mm dia Metre 846 ,99,41,real,True,sha256:dc58bcdf21a288b9f21c605684be24ed4e38695d9c31d99e0c928e5a4b7a4691,machine_text_pattern,machine_extracted_unverified
15.14.3,250 mm dia,Metre,1110,INR,15.14.3 250 mm dia Metre 1110 ,99,42,real,True,sha256:dc58bcdf21a288b9f21c605684be24ed4e38695d9c31d99e0c928e5a4b7a4691,machine_text_pattern,machine_extracted_unverified
15.14.4,300 mm dia,Metre,1293,INR,15.14.4 300 mm dia Metre 1293 ,99,43,real,True,sha256:dc58bcdf21a288b9f21c605684be24ed4e38695d9c31d99e0c928e5a4b7a4691,machine_text_pattern,machine_extracted_unverified
15.15.1,63 mm dia (OD-63 mm & ID-51 mm nominal),Metre,136,INR,15.15.1 63 mm dia (OD-63 mm & ID-51 mm nominal) Metre 136 ,99,49,real,True,sha256:dc58bcdf21a288b9f21c605684be24ed4e38695d9c31d99e0c928e5a4b7a4691,machine_text_pattern,machine_extracted_unverified
15.15.2,90 mm dia (OD-90 mm & ID-76 mm nominal),Metre,181,INR,15.15.2 90 mm dia (OD-90 mm & ID-76 mm nominal) Metre 181 ,99,50,real,True,sha256:dc58bcdf21a288b9f21c605684be24ed4e38695d9c31d99e0c928e5a4b7a4691,machine_text_pattern,machine_extracted_unverified
15.15.3,120 mm dia (OD-120 mm & ID-103 mm nominal),Metre,264,INR,15.15.3 120 mm dia (OD-120 mm & ID-103 mm nominal) Metre 264 ,99,51,real,True,sha256:dc58bcdf21a288b9f21c605684be24ed4e38695d9c31d99e0c928e5a4b7a4691,machine_text_pattern,machine_extracted_unverified
15.15.4,160 mm dia (OD-160 mm & ID-135 mm nominal),Metre,385,INR,15.15.4 160 mm dia (OD-160 mm & ID-135 mm nominal) Metre 385 ,100,3,real,True,sha256:dc58bcdf21a288b9f21c605684be24ed4e38695d9c31d99e0c928e5a4b7a4691,machine_text_pattern,machine_extracted_unverified
15.15.5,200 mm dia (OD-200 mm & ID-175 mm nominal),Metre,580,INR,15.15.5 200 mm dia (OD-200 mm & ID-175 mm nominal) Metre 580 ,100,4,real,True,sha256:dc58bcdf21a288b9f21c605684be24ed4e38695d9c31d99e0c928e5a4b7a4691,machine_text_pattern,machine_extracted_unverified
15.16.1,63 mm dia (OD-63 mm & ID-51 mm nominal),Metre,289,INR,15.16.1 63 mm dia (OD-63 mm & ID-51 mm nominal) Metre 289 ,100,13,real,True,sha256:dc58bcdf21a288b9f21c605684be24ed4e38695d9c31d99e0c928e5a4b7a4691,machine_text_pattern,machine_extracted_unverified
15.16.2,90 mm dia (OD-90 mm & ID-76 mm nominal),Metre,334,INR,15.16.2 90 mm dia (OD-90 mm & ID-76 mm nominal) Metre 334 ,100,14,real,True,sha256:dc58bcdf21a288b9f21c605684be24ed4e38695d9c31d99e0c928e5a4b7a4691,machine_text_pattern,machine_extracted_unverified
15.16.3,120 mm dia (OD-120 mm & ID-103 mm nominal),Metre,417,INR,15.16.3 120 mm dia (OD-120 mm & ID-103 mm nominal) Metre 417 ,100,15,real,True,sha256:dc58bcdf21a288b9f21c605684be24ed4e38695d9c31d99e0c928e5a4b7a4691,machine_text_pattern,machine_extracted_unverified
15.16.4,160 mm dia (OD-160 mm & ID-135 mm nominal),Metre,537,INR,15.16.4 160 mm dia (OD-160 mm & ID-135 mm nominal) Metre 537 ,100,16,real,True,sha256:dc58bcdf21a288b9f21c605684be24ed4e38695d9c31d99e0c928e5a4b7a4691,machine_text_pattern,machine_extracted_unverified
15.16.5,200 mm dia (OD-200 mm & ID-175 mm nominal),Metre,733,INR,15.16.5 200 mm dia (OD-200 mm & ID-175 mm nominal) Metre 733 ,100,17,real,True,sha256:dc58bcdf21a288b9f21c605684be24ed4e38695d9c31d99e0c928e5a4b7a4691,machine_text_pattern,machine_extracted_unverified
16.1.1,100 LPD,Each,16477,INR,16.1.1 100 LPD Each  16477 ,102,46,real,True,sha256:dc58bcdf21a288b9f21c605684be24ed4e38695d9c31d99e0c928e5a4b7a4691,machine_text_pattern,machine_extracted_unverified
16.1.2,200 LPD,Each,32378,INR,16.1.2 200 LPD Each  32378 ,102,47,real,True,sha256:dc58bcdf21a288b9f21c605684be24ed4e38695d9c31d99e0c928e5a4b7a4691,machine_text_pattern,machine_extracted_unverified
16.1.3,300 LPD,Each,48351,INR,16.1.3 300 LPD Each  48351 ,103,3,real,True,sha256:dc58bcdf21a288b9f21c605684be24ed4e38695d9c31d99e0c928e5a4b7a4691,machine_text_pattern,machine_extracted_unverified
16.1.4,500 LPD,Each,65835,INR,16.1.4 500 LPD Each  65835 ,103,4,real,True,sha256:dc58bcdf21a288b9f21c605684be24ed4e38695d9c31d99e0c928e5a4b7a4691,machine_text_pattern,machine_extracted_unverified
16.2.1,100 LPD,Each,20879,INR,16.2.1 100 LPD Each 20879 ,104,18,real,True,sha256:dc58bcdf21a288b9f21c605684be24ed4e38695d9c31d99e0c928e5a4b7a4691,machine_text_pattern,machine_extracted_unverified
16.2.2,200 LPD,Each,41759,INR,16.2.2 200 LPD Each 41759 ,104,19,real,True,sha256:dc58bcdf21a288b9f21c605684be24ed4e38695d9c31d99e0c928e5a4b7a4691,machine_text_pattern,machine_extracted_unverified
16.2.3,250 LPD,Each,48641,INR,16.2.3 250 LPD Each 48641 ,104,20,real,True,sha256:dc58bcdf21a288b9f21c605684be24ed4e38695d9c31d99e0c928e5a4b7a4691,machine_text_pattern,machine_extracted_unverified
16.2.4,300 LPD,Each,62638,INR,16.2.4 300 LPD Each 62638 ,104,21,real,True,sha256:dc58bcdf21a288b9f21c605684be24ed4e38695d9c31d99e0c928e5a4b7a4691,machine_text_pattern,machine_extracted_unverified
16.2.5,500 LPD,Each,104397,INR,16.2.5 500 LPD Each 104397 ,104,22,real,True,sha256:dc58bcdf21a288b9f21c605684be24ed4e38695d9c31d99e0c928e5a4b7a4691,machine_text_pattern,machine_extracted_unverified
19.1.1,25W,Each,36027,INR,19.1.1 25W Each 36027 ,111,4,real,True,sha256:dc58bcdf21a288b9f21c605684be24ed4e38695d9c31d99e0c928e5a4b7a4691,machine_text_pattern,machine_extracted_unverified
19.1.2,40W,Each,42765,INR,19.1.2 40W Each 42765 ,111,5,real,True,sha256:dc58bcdf21a288b9f21c605684be24ed4e38695d9c31d99e0c928e5a4b7a4691,machine_text_pattern,machine_extracted_unverified
19.1.3,50W,Each,43888,INR,19.1.3 50W Each 43888 ,111,6,real,True,sha256:dc58bcdf21a288b9f21c605684be24ed4e38695d9c31d99e0c928e5a4b7a4691,machine_text_pattern,machine_extracted_unverified
19.1.4,60W,Each,45759,INR,19.1.4 60W Each 45759 ,111,7,real,True,sha256:dc58bcdf21a288b9f21c605684be24ed4e38695d9c31d99e0c928e5a4b7a4691,machine_text_pattern,machine_extracted_unverified
19.1.5,100W,Each,48627,INR,19.1.5 100W Each 48627 ,111,8,real,True,sha256:dc58bcdf21a288b9f21c605684be24ed4e38695d9c31d99e0c928e5a4b7a4691,machine_text_pattern,machine_extracted_unverified
19.1.6,120W,Each,80196,INR,19.1.6 120W Each 80196 ,111,9,real,True,sha256:dc58bcdf21a288b9f21c605684be24ed4e38695d9c31d99e0c928e5a4b7a4691,machine_text_pattern,machine_extracted_unverified
19.1.7,150W,Each,86372,INR,19.1.7 150W Each 86372 ,111,10,real,True,sha256:dc58bcdf21a288b9f21c605684be24ed4e38695d9c31d99e0c928e5a4b7a4691,machine_text_pattern,machine_extracted_unverified
19.1.8,200W,Each,94933,INR,19.1.8 200W Each 94933 ,111,11,real,True,sha256:dc58bcdf21a288b9f21c605684be24ed4e38695d9c31d99e0c928e5a4b7a4691,machine_text_pattern,machine_extracted_unverified
19.2.1,120W,Each,65878,INR,19.2.1 120W Each 65878 ,112,15,real,True,sha256:dc58bcdf21a288b9f21c605684be24ed4e38695d9c31d99e0c928e5a4b7a4691,machine_text_pattern,machine_extracted_unverified
19.2.2,100W,Each,56408,INR,19.2.2 100W Each 56408 ,112,16,real,True,sha256:dc58bcdf21a288b9f21c605684be24ed4e38695d9c31d99e0c928e5a4b7a4691,machine_text_pattern,machine_extracted_unverified
19.2.3,80W,Each,42783,INR,19.2.3 80W Each 42783 ,112,17,real,True,sha256:dc58bcdf21a288b9f21c605684be24ed4e38695d9c31d99e0c928e5a4b7a4691,machine_text_pattern,machine_extracted_unverified
19.2.4,60W,Each,42307,INR,19.2.4 60W Each 42307 ,112,18,real,True,sha256:dc58bcdf21a288b9f21c605684be24ed4e38695d9c31d99e0c928e5a4b7a4691,machine_text_pattern,machine_extracted_unverified
19.2.5,50W,Each,26613,INR,19.2.5 50W Each 26613 ,112,19,real,True,sha256:dc58bcdf21a288b9f21c605684be24ed4e38695d9c31d99e0c928e5a4b7a4691,machine_text_pattern,machine_extracted_unverified
19.2.6,40W,Each,25631,INR,19.2.6 40W Each 25631 ,112,20,real,True,sha256:dc58bcdf21a288b9f21c605684be24ed4e38695d9c31d99e0c928e5a4b7a4691,machine_text_pattern,machine_extracted_unverified
19.2.7,25W,Each,19715,INR,19.2.7 25W Each 19715 ,112,21,real,True,sha256:dc58bcdf21a288b9f21c605684be24ed4e38695d9c31d99e0c928e5a4b7a4691,machine_text_pattern,machine_extracted_unverified
19.3.1,100W,Each,24162,INR,19.3.1 100W Each 24162 ,113,23,real,True,sha256:dc58bcdf21a288b9f21c605684be24ed4e38695d9c31d99e0c928e5a4b7a4691,machine_text_pattern,machine_extracted_unverified
19.3.2,50W,Each,16362,INR,19.3.2 50W Each 16362 ,113,24,real,True,sha256:dc58bcdf21a288b9f21c605684be24ed4e38695d9c31d99e0c928e5a4b7a4691,machine_text_pattern,machine_extracted_unverified
19.3.3,40W,Each,16507,INR,19.3.3 40W Each 16507 ,113,25,real,True,sha256:dc58bcdf21a288b9f21c605684be24ed4e38695d9c31d99e0c928e5a4b7a4691,machine_text_pattern,machine_extracted_unverified
19.3.4,30W,Each,12012,INR,19.3.4 30W Each 12012 ,113,26,real,True,sha256:dc58bcdf21a288b9f21c605684be24ed4e38695d9c31d99e0c928e5a4b7a4691,machine_text_pattern,machine_extracted_unverified
19.3.5,15W,Each,3426,INR,19.3.5 15W Each 3426 ,113,27,real,True,sha256:dc58bcdf21a288b9f21c605684be24ed4e38695d9c31d99e0c928e5a4b7a4691,machine_text_pattern,machine_extracted_unverified
20.5.1,15 mm internal threaded with 6 mm orfice.,Each,2322,INR,20.5.1 15 mm internal threaded with 6 mm orfice. Each 2322 ,117,57,real,True,sha256:dc58bcdf21a288b9f21c605684be24ed4e38695d9c31d99e0c928e5a4b7a4691,machine_text_pattern,machine_extracted_unverified
20.5.2,15 mm internal threaded with 8 mm orfice.,Each,2538,INR,20.5.2 15 mm internal threaded with 8 mm orfice. Each 2538 ,117,58,real,True,sha256:dc58bcdf21a288b9f21c605684be24ed4e38695d9c31d99e0c928e5a4b7a4691,machine_text_pattern,machine_extracted_unverified
20.5.3,15 mm internal threaded with 10 mm orfice.,Each,2764,INR,20.5.3 15 mm internal threaded with 10 mm orfice. Each 2764 ,117,59,real,True,sha256:dc58bcdf21a288b9f21c605684be24ed4e38695d9c31d99e0c928e5a4b7a4691,machine_text_pattern,machine_extracted_unverified
20.5.4,25 mm internal threaded with 12 mm orfice.,Each,3078,INR,20.5.4 25 mm internal threaded with 12 mm orfice. Each 3078 ,117,60,real,True,sha256:dc58bcdf21a288b9f21c605684be24ed4e38695d9c31d99e0c928e5a4b7a4691,machine_text_pattern,machine_extracted_unverified
20.5.5,25 mm internal threaded with 14 mm orfice.,Each,3726,INR,20.5.5 25 mm internal threaded with 14 mm orfice. Each 3726 ,117,61,real,True,sha256:dc58bcdf21a288b9f21c605684be24ed4e38695d9c31d99e0c928e5a4b7a4691,machine_text_pattern,machine_extracted_unverified
20.5.6,40 mm internal threaded with 17 mm orfice.,Each,3078,INR,20.5.6 40 mm internal threaded with 17 mm orfice. Each 3078 ,117,62,real,True,sha256:dc58bcdf21a288b9f21c605684be24ed4e38695d9c31d99e0c928e5a4b7a4691,machine_text_pattern,machine_extracted_unverified
20.5.7,40 mm internal threaded with 20 mm orfice.,Each,7829,INR,20.5.7 40 mm internal threaded with 20 mm orfice. Each 7829 ,117,63,real,True,sha256:dc58bcdf21a288b9f21c605684be24ed4e38695d9c31d99e0c928e5a4b7a4691,machine_text_pattern,machine_extracted_unverified
20.9.1,15 mm Dia inlet 290 mm long,Each,4158,INR,20.9.1 15 mm Dia inlet 290 mm long Each 4158 ,118,15,real,True,sha256:dc58bcdf21a288b9f21c605684be24ed4e38695d9c31d99e0c928e5a4b7a4691,machine_text_pattern,machine_extracted_unverified
20.9.2,25 mm Dia inlet 330 mm long,Each,5237,INR,20.9.2 25 mm Dia inlet 330 mm long Each 5237 ,118,16,real,True,sha256:dc58bcdf21a288b9f21c605684be24ed4e38695d9c31d99e0c928e5a4b7a4691,machine_text_pattern,machine_extracted_unverified
20.9.3,25 mm Dia inlet 488 mm long,Each,6317,INR,20.9.3 25 mm Dia inlet 488 mm long Each 6317 ,118,17,real,True,sha256:dc58bcdf21a288b9f21c605684be24ed4e38695d9c31d99e0c928e5a4b7a4691,machine_text_pattern,machine_extracted_unverified
20.9.4,25 mm Dia inlet 636 mm long,Each,7289,INR,20.9.4 25 mm Dia inlet 636 mm long Each 7289 ,118,18,real,True,sha256:dc58bcdf21a288b9f21c605684be24ed4e38695d9c31d99e0c928e5a4b7a4691,machine_text_pattern,machine_extracted_unverified
20.10.1,25 mm Dia inlet 32 mm orfice 160 mm long.,Each,17816,INR,20.10.1 25 mm Dia inlet 32 mm orfice 160 mm long. Each 17816 ,118,23,real,True,sha256:dc58bcdf21a288b9f21c605684be24ed4e38695d9c31d99e0c928e5a4b7a4691,machine_text_pattern,machine_extracted_unverified
20.10.2,25 mm Dia inlet 50 mm orfice 180 mm long.,Each,29801,INR,20.10.2 25 mm Dia inlet 50 mm orfice 180 mm long. Each 29801 ,118,24,real,True,sha256:dc58bcdf21a288b9f21c605684be24ed4e38695d9c31d99e0c928e5a4b7a4691,machine_text_pattern,machine_extracted_unverified
20.10.3,40 mm Dia inlet 50 mm orfice 180 mm long.,Each,41570,INR,20.10.3 40 mm Dia inlet 50 mm orfice 180 mm long. Each 41570 ,118,25,real,True,sha256:dc58bcdf21a288b9f21c605684be24ed4e38695d9c31d99e0c928e5a4b7a4691,machine_text_pattern,machine_extracted_unverified
20.20.1,80 mm dia,Each,17486,INR,20.20.1 80 mm dia Each 17486 ,120,6,real,True,sha256:dc58bcdf21a288b9f21c605684be24ed4e38695d9c31d99e0c928e5a4b7a4691,machine_text_pattern,machine_extracted_unverified
20.20.2,50 mm dia,Each,7881,INR,20.20.2 50 mm dia Each 7881 ,120,8,real,True,sha256:dc58bcdf21a288b9f21c605684be24ed4e38695d9c31d99e0c928e5a4b7a4691,machine_text_pattern,machine_extracted_unverified
20.21.1,100 mm dia,Each,36832,INR,20.21.1 100 mm dia Each 36832 ,120,14,real,True,sha256:dc58bcdf21a288b9f21c605684be24ed4e38695d9c31d99e0c928e5a4b7a4691,machine_text_pattern,machine_extracted_unverified
20.21.2,50 mm dia,Each,7881,INR,20.21.2 50 mm dia Each 7881 ,120,15,real,True,sha256:dc58bcdf21a288b9f21c605684be24ed4e38695d9c31d99e0c928e5a4b7a4691,machine_text_pattern,machine_extracted_unverified
20.28.1,3 Core 1.5 Sq mm Flat Cable,Meter,76.00,INR,20.28.1 3 Core 1.5 Sq mm Flat Cable Meter 76.00 ,121,9,real,True,sha256:dc58bcdf21a288b9f21c605684be24ed4e38695d9c31d99e0c928e5a4b7a4691,machine_text_pattern,machine_extracted_unverified
20.28.2,3 Core 2.5 Sq mm Flat Cable,Meter,124.00,INR,20.28.2 3 Core 2.5 Sq mm Flat Cable Meter 124.00 ,121,10,real,True,sha256:dc58bcdf21a288b9f21c605684be24ed4e38695d9c31d99e0c928e5a4b7a4691,machine_text_pattern,machine_extracted_unverified
20.28.3,3 Core 4.0 Sq mm Flat Cable,Meter,186.00,INR,20.28.3 3 Core 4.0 Sq mm Flat Cable Meter 186.00 ,121,11,real,True,sha256:dc58bcdf21a288b9f21c605684be24ed4e38695d9c31d99e0c928e5a4b7a4691,machine_text_pattern,machine_extracted_unverified
20.28.4,3 Core 6 Sq mm Flat Cable,Meter,266.00,INR,20.28.4 3 Core 6 Sq mm Flat Cable Meter 266.00 ,121,12,real,True,sha256:dc58bcdf21a288b9f21c605684be24ed4e38695d9c31d99e0c928e5a4b7a4691,machine_text_pattern,machine_extracted_unverified
20.28.5,3 Core 10 Sq mm Flat Cable,Meter,461.00,INR,20.28.5 3 Core 10 Sq mm Flat Cable Meter 461.00 ,121,13,real,True,sha256:dc58bcdf21a288b9f21c605684be24ed4e38695d9c31d99e0c928e5a4b7a4691,machine_text_pattern,machine_extracted_unverified
21.2.1,2000 kg,Each,3391945,INR,21.2.1 2000 kg Each  3391945 ,124,29,real,True,sha256:dc58bcdf21a288b9f21c605684be24ed4e38695d9c31d99e0c928e5a4b7a4691,machine_text_pattern,machine_extracted_unverified
21.3.1,20 passenger (1360kg),Each,2581451,INR,21.3.1 20 passenger (1360kg) Each  2581451 ,125,43,real,True,sha256:dc58bcdf21a288b9f21c605684be24ed4e38695d9c31d99e0c928e5a4b7a4691,machine_text_pattern,machine_extracted_unverified
22.1.1,Upto 120 sq. mm,Metre,628,INR,22.1.1 Upto 120 sq. mm Metre 628 ,126,12,real,True,sha256:dc58bcdf21a288b9f21c605684be24ed4e38695d9c31d99e0c928e5a4b7a4691,machine_text_pattern,machine_extracted_unverified
22.1.2,Above 120 sq. mm and upto 400 sq. mm,Metre,694,INR,22.1.2 Above 120 sq. mm and upto 400 sq. mm Metre 694 ,126,13,real,True,sha256:dc58bcdf21a288b9f21c605684be24ed4e38695d9c31d99e0c928e5a4b7a4691,machine_text_pattern,machine_extracted_unverified
22.2.1,Upto 120 sq. mm,Metre,432,INR,22.2.1 Upto 120 sq. mm Metre 432 ,126,20,real,True,sha256:dc58bcdf21a288b9f21c605684be24ed4e38695d9c31d99e0c928e5a4b7a4691,machine_text_pattern,machine_extracted_unverified
22.2.2,Above 120 sq. mm and upto 400 sq. mm,Metre,498,INR,22.2.2 Above 120 sq. mm and upto 400 sq. mm Metre 498 ,126,21,real,True,sha256:dc58bcdf21a288b9f21c605684be24ed4e38695d9c31d99e0c928e5a4b7a4691,machine_text_pattern,machine_extracted_unverified
22.3.1,Upto 120 sq. mm,Metre,98,INR,22.3.1 Upto 120 sq. mm Metre 98 ,126,26,real,True,sha256:dc58bcdf21a288b9f21c605684be24ed4e38695d9c31d99e0c928e5a4b7a4691,machine_text_pattern,machine_extracted_unverified
22.3.2,Above 120 sq. mm and upto 400 sq. mm,Metre,170,INR,22.3.2 Above 120 sq. mm and upto 400 sq. mm Metre 170 ,126,27,real,True,sha256:dc58bcdf21a288b9f21c605684be24ed4e38695d9c31d99e0c928e5a4b7a4691,machine_text_pattern,machine_extracted_unverified
22.4.1,Upto 120 sq. mm,Metre,80,INR,22.4.1 Upto 120 sq. mm Metre 80 ,126,32,real,True,sha256:dc58bcdf21a288b9f21c605684be24ed4e38695d9c31d99e0c928e5a4b7a4691,machine_text_pattern,machine_extracted_unverified
22.4.2,Above 120 sq. mm and upto 400 sq. mm,Metre,146,INR,22.4.2 Above 120 sq. mm and upto 400 sq. mm Metre 146 ,126,33,real,True,sha256:dc58bcdf21a288b9f21c605684be24ed4e38695d9c31d99e0c928e5a4b7a4691,machine_text_pattern,machine_extracted_unverified
22.5.1,Upto 120 sq. mm,Metre,635,INR,22.5.1 Upto 120 sq. mm Metre 635 ,126,39,real,True,sha256:dc58bcdf21a288b9f21c605684be24ed4e38695d9c31d99e0c928e5a4b7a4691,machine_text_pattern,machine_extracted_unverified
22.5.2,Above 120 sq. mm and upto 400 sq. mm,Metre,701,INR,22.5.2 Above 120 sq. mm and upto 400 sq. mm Metre 701 ,126,40,real,True,sha256:dc58bcdf21a288b9f21c605684be24ed4e38695d9c31d99e0c928e5a4b7a4691,machine_text_pattern,machine_extracted_unverified
22.6.1,Upto 120 sq. mm,Metre,439,INR,22.6.1 Upto 120 sq. mm Metre 439 ,127,8,real,True,sha256:dc58bcdf21a288b9f21c605684be24ed4e38695d9c31d99e0c928e5a4b7a4691,machine_text_pattern,machine_extracted_unverified
22.6.2,Above 120 sq. mm and upto 400 sq. mm,Metre,505,INR,22.6.2 Above 120 sq. mm and upto 400 sq. mm Metre 505 ,127,9,real,True,sha256:dc58bcdf21a288b9f21c605684be24ed4e38695d9c31d99e0c928e5a4b7a4691,machine_text_pattern,machine_extracted_unverified
22.7.1,Upto 120 sq. mm,Metre,104,INR,22.7.1 Upto 120 sq. mm Metre 104 ,127,14,real,True,sha256:dc58bcdf21a288b9f21c605684be24ed4e38695d9c31d99e0c928e5a4b7a4691,machine_text_pattern,machine_extracted_unverified
22.7.2,Above 120 sq. mm and upto 400 sq. mm,Metre,177,INR,22.7.2 Above 120 sq. mm and upto 400 sq. mm Metre 177 ,127,15,real,True,sha256:dc58bcdf21a288b9f21c605684be24ed4e38695d9c31d99e0c928e5a4b7a4691,machine_text_pattern,machine_extracted_unverified
22.8.1,Upto 120 sq. mm,Metre,86,INR,22.8.1 Upto 120 sq. mm Metre 86 ,127,19,real,True,sha256:dc58bcdf21a288b9f21c605684be24ed4e38695d9c31d99e0c928e5a4b7a4691,machine_text_pattern,machine_extracted_unverified
22.8.2,Above 120 sq. mm and upto 400 sq. mm,Metre,153,INR,22.8.2 Above 120 sq. mm and upto 400 sq. mm Metre 153 ,127,20,real,True,sha256:dc58bcdf21a288b9f21c605684be24ed4e38695d9c31d99e0c928e5a4b7a4691,machine_text_pattern,machine_extracted_unverified
23.1.1,70 sq. mm,Each,2385,INR,23.1.1 70 sq. mm Each 2385 ,128,12,real,True,sha256:dc58bcdf21a288b9f21c605684be24ed4e38695d9c31d99e0c928e5a4b7a4691,machine_text_pattern,machine_extracted_unverified
23.1.2,120 sq. mm,Each,3120,INR,23.1.2 120 sq. mm Each 3120 ,128,13,real,True,sha256:dc58bcdf21a288b9f21c605684be24ed4e38695d9c31d99e0c928e5a4b7a4691,machine_text_pattern,machine_extracted_unverified
23.1.3,240 sq. mm,Each,4144,INR,23.1.3 240 sq. mm Each 4144 ,128,14,real,True,sha256:dc58bcdf21a288b9f21c605684be24ed4e38695d9c31d99e0c928e5a4b7a4691,machine_text_pattern,machine_extracted_unverified
23.1.4,300 sq. mm,Each,4206,INR,23.1.4 300 sq. mm Each 4206 ,128,15,real,True,sha256:dc58bcdf21a288b9f21c605684be24ed4e38695d9c31d99e0c928e5a4b7a4691,machine_text_pattern,machine_extracted_unverified
23.2.1,70 sq. mm,Each,5201,INR,23.2.1 70 sq. mm Each 5201 ,128,21,real,True,sha256:dc58bcdf21a288b9f21c605684be24ed4e38695d9c31d99e0c928e5a4b7a4691,machine_text_pattern,machine_extracted_unverified
23.2.2,120 sq. mm,Each,5988,INR,23.2.2 120 sq. mm Each 5988 ,128,22,real,True,sha256:dc58bcdf21a288b9f21c605684be24ed4e38695d9c31d99e0c928e5a4b7a4691,machine_text_pattern,machine_extracted_unverified
23.2.3,240 sq. mm,Each,7010,INR,23.2.3 240 sq. mm Each 7010 ,128,23,real,True,sha256:dc58bcdf21a288b9f21c605684be24ed4e38695d9c31d99e0c928e5a4b7a4691,machine_text_pattern,machine_extracted_unverified
23.2.4,300 sq. mm,Each,7010,INR,23.2.4 300 sq. mm Each 7010 ,128,24,real,True,sha256:dc58bcdf21a288b9f21c605684be24ed4e38695d9c31d99e0c928e5a4b7a4691,machine_text_pattern,machine_extracted_unverified
23.3.1,70 sq. mm,Each,5077,INR,23.3.1 70 sq. mm Each 5077 ,128,30,real,True,sha256:dc58bcdf21a288b9f21c605684be24ed4e38695d9c31d99e0c928e5a4b7a4691,machine_text_pattern,machine_extracted_unverified
23.3.2,120 sq. mm,Each,5715,INR,23.3.2 120 sq. mm Each 5715 ,128,31,real,True,sha256:dc58bcdf21a288b9f21c605684be24ed4e38695d9c31d99e0c928e5a4b7a4691,machine_text_pattern,machine_extracted_unverified
23.3.3,240 sq. mm,Each,8392,INR,23.3.3 240 sq. mm Each 8392 ,128,32,real,True,sha256:dc58bcdf21a288b9f21c605684be24ed4e38695d9c31d99e0c928e5a4b7a4691,machine_text_pattern,machine_extracted_unverified
23.3.4,300 sq. mm,Each,9491,INR,23.3.4 300 sq. mm Each 9491 ,128,33,real,True,sha256:dc58bcdf21a288b9f21c605684be24ed4e38695d9c31d99e0c928e5a4b7a4691,machine_text_pattern,machine_extracted_unverified
23.3,70 sq. mm,Each,12946,INR,23.3 70 sq. mm Each 12946 ,129,3,real,True,sha256:dc58bcdf21a288b9f21c605684be24ed4e38695d9c31d99e0c928e5a4b7a4691,machine_text_pattern,machine_extracted_unverified
23.3.1,120 sq. mm,Each,15989,INR,23.3.1 120 sq. mm Each 15989 ,129,4,real,True,sha256:dc58bcdf21a288b9f21c605684be24ed4e38695d9c31d99e0c928e5a4b7a4691,machine_text_pattern,machine_extracted_unverified
23.3.2,240 sq. mm,Each,17414,INR,23.3.2 240 sq. mm Each 17414 ,129,5,real,True,sha256:dc58bcdf21a288b9f21c605684be24ed4e38695d9c31d99e0c928e5a4b7a4691,machine_text_pattern,machine_extracted_unverified
23.3.3,300 sq. mm,Each,17414,INR,23.3.3 300 sq. mm Each 17414 ,129,6,real,True,sha256:dc58bcdf21a288b9f21c605684be24ed4e38695d9c31d99e0c928e5a4b7a4691,machine_text_pattern,machine_extracted_unverified
23.5.1,70 sq. mm,Each,19286,INR,23.5.1 70 sq. mm Each 19286 ,129,12,real,True,sha256:dc58bcdf21a288b9f21c605684be24ed4e38695d9c31d99e0c928e5a4b7a4691,machine_text_pattern,machine_extracted_unverified
23.5.2,120 sq. mm,Each,21351,INR,23.5.2 120 sq. mm Each 21351 ,129,13,real,True,sha256:dc58bcdf21a288b9f21c605684be24ed4e38695d9c31d99e0c928e5a4b7a4691,machine_text_pattern,machine_extracted_unverified
23.5.3,240 sq. mm,Each,24255,INR,23.5.3 240 sq. mm Each 24255 ,129,14,real,True,sha256:dc58bcdf21a288b9f21c605684be24ed4e38695d9c31d99e0c928e5a4b7a4691,machine_text_pattern,machine_extracted_unverified
23.5.4,300 sq. mm,Each,24255,INR,23.5.4 300 sq. mm Each 24255 ,129,15,real,True,sha256:dc58bcdf21a288b9f21c605684be24ed4e38695d9c31d99e0c928e5a4b7a4691,machine_text_pattern,machine_extracted_unverified
23.6.1,70 sq. mm,Each,30799,INR,23.6.1 70 sq. mm Each 30799 ,129,21,real,True,sha256:dc58bcdf21a288b9f21c605684be24ed4e38695d9c31d99e0c928e5a4b7a4691,machine_text_pattern,machine_extracted_unverified
23.6.2,120 sq. mm,Each,40144,INR,23.6.2 120 sq. mm Each 40144 ,129,22,real,True,sha256:dc58bcdf21a288b9f21c605684be24ed4e38695d9c31d99e0c928e5a4b7a4691,machine_text_pattern,machine_extracted_unverified
23.6.3,240 sq. mm,Each,44211,INR,23.6.3 240 sq. mm Each 44211 ,129,23,real,True,sha256:dc58bcdf21a288b9f21c605684be24ed4e38695d9c31d99e0c928e5a4b7a4691,machine_text_pattern,machine_extracted_unverified
23.6.4,300 sq. mm,Each,44211,INR,23.6.4 300 sq. mm Each 44211 ,129,24,real,True,sha256:dc58bcdf21a288b9f21c605684be24ed4e38695d9c31d99e0c928e5a4b7a4691,machine_text_pattern,machine_extracted_unverified
23.7.1,70 sq. mm,Each,20950,INR,23.7.1 70 sq. mm Each 20950 ,129,30,real,True,sha256:dc58bcdf21a288b9f21c605684be24ed4e38695d9c31d99e0c928e5a4b7a4691,machine_text_pattern,machine_extracted_unverified
23.7.2,120 sq. mm,Each,31787,INR,23.7.2 120 sq. mm Each 31787 ,129,31,real,True,sha256:dc58bcdf21a288b9f21c605684be24ed4e38695d9c31d99e0c928e5a4b7a4691,machine_text_pattern,machine_extracted_unverified
23.7.3,240 sq. mm,Each,36190,INR,23.7.3 240 sq. mm Each 36190 ,129,32,real,True,sha256:dc58bcdf21a288b9f21c605684be24ed4e38695d9c31d99e0c928e5a4b7a4691,machine_text_pattern,machine_extracted_unverified
23.8.1,70 sq. mm,Each,33200,INR,23.8.1 70 sq. mm Each 33200 ,130,3,real,True,sha256:dc58bcdf21a288b9f21c605684be24ed4e38695d9c31d99e0c928e5a4b7a4691,machine_text_pattern,machine_extracted_unverified
23.8.2,120 sq. mm,Each,43405,INR,23.8.2 120 sq. mm Each 43405 ,130,4,real,True,sha256:dc58bcdf21a288b9f21c605684be24ed4e38695d9c31d99e0c928e5a4b7a4691,machine_text_pattern,machine_extracted_unverified
23.8.3,240 sq. mm,Each,75301,INR,23.8.3 240 sq. mm Each 75301 ,130,5,real,True,sha256:dc58bcdf21a288b9f21c605684be24ed4e38695d9c31d99e0c928e5a4b7a4691,machine_text_pattern,machine_extracted_unverified
23.9.1,70 sq. mm,Each,57525,INR,23.9.1 70 sq. mm Each 57525 ,130,11,real,True,sha256:dc58bcdf21a288b9f21c605684be24ed4e38695d9c31d99e0c928e5a4b7a4691,machine_text_pattern,machine_extracted_unverified
23.9.2,120 sq. mm,Each,73107,INR,23.9.2 120 sq. mm Each 73107 ,130,12,real,True,sha256:dc58bcdf21a288b9f21c605684be24ed4e38695d9c31d99e0c928e5a4b7a4691,machine_text_pattern,machine_extracted_unverified
23.9.3,240 sq. mm,Each,103493,INR,23.9.3 240 sq. mm Each 103493 ,130,13,real,True,sha256:dc58bcdf21a288b9f21c605684be24ed4e38695d9c31d99e0c928e5a4b7a4691,machine_text_pattern,machine_extracted_unverified
24.1.1,500 KVA,Each,1328495,INR,24.1.1 500 KVA  Each  1328495 ,132,47,real,True,sha256:dc58bcdf21a288b9f21c605684be24ed4e38695d9c31d99e0c928e5a4b7a4691,machine_text_pattern,machine_extracted_unverified
24.1.2,630KVA,Each,1673904,INR,24.1.2 630KVA Each  1673904 ,133,3,real,True,sha256:dc58bcdf21a288b9f21c605684be24ed4e38695d9c31d99e0c928e5a4b7a4691,machine_text_pattern,machine_extracted_unverified
24.1.3,1000KVA,Each,2008307,INR,24.1.3 1000KVA Each  2008307 ,133,4,real,True,sha256:dc58bcdf21a288b9f21c605684be24ed4e38695d9c31d99e0c928e5a4b7a4691,machine_text_pattern,machine_extracted_unverified
24.1.4,1250 KVA,Each,2510384,INR,24.1.4 1250 KVA  Each  2510384 ,133,5,real,True,sha256:dc58bcdf21a288b9f21c605684be24ed4e38695d9c31d99e0c928e5a4b7a4691,machine_text_pattern,machine_extracted_unverified
24.1.5,1600KVA,Each,3213291,INR,24.1.5 1600KVA  Each  3213291 ,133,6,real,True,sha256:dc58bcdf21a288b9f21c605684be24ed4e38695d9c31d99e0c928e5a4b7a4691,machine_text_pattern,machine_extracted_unverified
24.1.6,2000KVA,Each,4016614,INR,24.1.6 2000KVA  Each  4016614 ,133,7,real,True,sha256:dc58bcdf21a288b9f21c605684be24ed4e38695d9c31d99e0c928e5a4b7a4691,machine_text_pattern,machine_extracted_unverified
24.1.7,2500KVA,Each,5020768,INR,24.1.7 2500KVA Each  5020768 ,133,8,real,True,sha256:dc58bcdf21a288b9f21c605684be24ed4e38695d9c31d99e0c928e5a4b7a4691,machine_text_pattern,machine_extracted_unverified
24.2.1,500 KVA,Each,1594194,INR,24.2.1 500 KVA  Each  1594194 ,135,7,real,True,sha256:dc58bcdf21a288b9f21c605684be24ed4e38695d9c31d99e0c928e5a4b7a4691,machine_text_pattern,machine_extracted_unverified
24.2.2,630KVA,Each,2008685,INR,24.2.2 630KVA Each  2008685 ,135,8,real,True,sha256:dc58bcdf21a288b9f21c605684be24ed4e38695d9c31d99e0c928e5a4b7a4691,machine_text_pattern,machine_extracted_unverified
24.2.3,1000KVA,Each,2409969,INR,24.2.3 1000KVA  Each  2409969 ,135,9,real,True,sha256:dc58bcdf21a288b9f21c605684be24ed4e38695d9c31d99e0c928e5a4b7a4691,machine_text_pattern,machine_extracted_unverified
24.2.4,1250 KVA,Each,3012461,INR,24.2.4 1250 KVA  Each  3012461 ,135,10,real,True,sha256:dc58bcdf21a288b9f21c605684be24ed4e38695d9c31d99e0c928e5a4b7a4691,machine_text_pattern,machine_extracted_unverified
24.2.5,1600KVA,Each,3855950,INR,24.2.5 1600KVA  Each  3855950 ,135,11,real,True,sha256:dc58bcdf21a288b9f21c605684be24ed4e38695d9c31d99e0c928e5a4b7a4691,machine_text_pattern,machine_extracted_unverified
24.2.6,2000KVA,Each,4819937,INR,24.2.6 2000KVA  Each  4819937 ,135,12,real,True,sha256:dc58bcdf21a288b9f21c605684be24ed4e38695d9c31d99e0c928e5a4b7a4691,machine_text_pattern,machine_extracted_unverified
24.2.7,2500KVA,Each,6024922,INR,24.2.7 2500KVA Each  6024922 ,135,13,real,True,sha256:dc58bcdf21a288b9f21c605684be24ed4e38695d9c31d99e0c928e5a4b7a4691,machine_text_pattern,machine_extracted_unverified
24.3.1,500KVA,Each,1859893,INR,24.3.1 500KVA Each  1859893 ,137,11,real,True,sha256:dc58bcdf21a288b9f21c605684be24ed4e38695d9c31d99e0c928e5a4b7a4691,machine_text_pattern,machine_extracted_unverified
24.3.2,630KVA,Each,2343466,INR,24.3.2 630KVA Each  2343466 ,137,12,real,True,sha256:dc58bcdf21a288b9f21c605684be24ed4e38695d9c31d99e0c928e5a4b7a4691,machine_text_pattern,machine_extracted_unverified
24.3.3,1000KVA,Each,2811630,INR,24.3.3 1000KVA Each  2811630 ,137,13,real,True,sha256:dc58bcdf21a288b9f21c605684be24ed4e38695d9c31d99e0c928e5a4b7a4691,machine_text_pattern,machine_extracted_unverified
24.3.4,1250 KVA,Each,3514538,INR,24.3.4 1250 KVA  Each  3514538 ,137,14,real,True,sha256:dc58bcdf21a288b9f21c605684be24ed4e38695d9c31d99e0c928e5a4b7a4691,machine_text_pattern,machine_extracted_unverified
24.3.5,1600KVA,Each,4498608,INR,24.3.5 1600KVA  Each  4498608 ,137,15,real,True,sha256:dc58bcdf21a288b9f21c605684be24ed4e38695d9c31d99e0c928e5a4b7a4691,machine_text_pattern,machine_extracted_unverified
24.3.6,2000KVA,Each,5623260,INR,24.3.6 2000KVA  Each  5623260 ,137,16,real,True,sha256:dc58bcdf21a288b9f21c605684be24ed4e38695d9c31d99e0c928e5a4b7a4691,machine_text_pattern,machine_extracted_unverified
24.3.7,2500 KVA,Each,7029075,INR,24.3.7 2500 KVA Each  7029075 ,137,17,real,True,sha256:dc58bcdf21a288b9f21c605684be24ed4e38695d9c31d99e0c928e5a4b7a4691,machine_text_pattern,machine_extracted_unverified
24.4.1,1000KVA,Each,1749171,INR,24.4.1 1000KVA  Each  1749171 ,139,18,real,True,sha256:dc58bcdf21a288b9f21c605684be24ed4e38695d9c31d99e0c928e5a4b7a4691,machine_text_pattern,machine_extracted_unverified
24.4.2,1250 KVA,Each,2186463,INR,24.4.2 1250 KVA Each  2186463 ,139,19,real,True,sha256:dc58bcdf21a288b9f21c605684be24ed4e38695d9c31d99e0c928e5a4b7a4691,machine_text_pattern,machine_extracted_unverified
24.4.3,1600KVA,Each,2798673,INR,24.4.3 1600KVA Each  2798673 ,139,20,real,True,sha256:dc58bcdf21a288b9f21c605684be24ed4e38695d9c31d99e0c928e5a4b7a4691,machine_text_pattern,machine_extracted_unverified
24.4.4,2000KVA,Each,3498342,INR,24.4.4 2000KVA Each  3498342 ,139,21,real,True,sha256:dc58bcdf21a288b9f21c605684be24ed4e38695d9c31d99e0c928e5a4b7a4691,machine_text_pattern,machine_extracted_unverified
24.5.1,1000KVA,Each,2099005,INR,24.5.1 1000KVA Each  2099005 ,141,16,real,True,sha256:dc58bcdf21a288b9f21c605684be24ed4e38695d9c31d99e0c928e5a4b7a4691,machine_text_pattern,machine_extracted_unverified
24.5.2,1250 KVA,Each,2623756,INR,24.5.2 1250 KVA Each  2623756 ,141,17,real,True,sha256:dc58bcdf21a288b9f21c605684be24ed4e38695d9c31d99e0c928e5a4b7a4691,machine_text_pattern,machine_extracted_unverified
24.5.3,1600KVA,Each,3358408,INR,24.5.3 1600KVA  Each  3358408 ,141,18,real,True,sha256:dc58bcdf21a288b9f21c605684be24ed4e38695d9c31d99e0c928e5a4b7a4691,machine_text_pattern,machine_extracted_unverified
24.5.4,2000KVA,Each,4198010,INR,24.5.4 2000KVA  Each  4198010 ,141,19,real,True,sha256:dc58bcdf21a288b9f21c605684be24ed4e38695d9c31d99e0c928e5a4b7a4691,machine_text_pattern,machine_extracted_unverified
24.6.1,1000KVA,Each,2448839,INR,24.6.1 1000KVA  Each  2448839 ,143,14,real,True,sha256:dc58bcdf21a288b9f21c605684be24ed4e38695d9c31d99e0c928e5a4b7a4691,machine_text_pattern,machine_extracted_unverified
24.6.2,1250 KVA,Each,3061049,INR,24.6.2 1250 KVA  Each  3061049 ,143,15,real,True,sha256:dc58bcdf21a288b9f21c605684be24ed4e38695d9c31d99e0c928e5a4b7a4691,machine_text_pattern,machine_extracted_unverified
24.6.3,1600KVA,Each,3918143,INR,24.6.3 1600KVA  Each  3918143 ,143,16,real,True,sha256:dc58bcdf21a288b9f21c605684be24ed4e38695d9c31d99e0c928e5a4b7a4691,machine_text_pattern,machine_extracted_unverified
24.6.4,2000KVA,Each,4897678,INR,24.6.4 2000KVA  Each  4897678 ,143,17,real,True,sha256:dc58bcdf21a288b9f21c605684be24ed4e38695d9c31d99e0c928e5a4b7a4691,machine_text_pattern,machine_extracted_unverified
24.7.1,200KVA,Each,336877,INR,24.7.1 200KVA   Each  336877 ,145,14,real,True,sha256:dc58bcdf21a288b9f21c605684be24ed4e38695d9c31d99e0c928e5a4b7a4691,machine_text_pattern,machine_extracted_unverified
24.7.2,250KVA,Each,421097,INR,24.7.2 250KVA  Each  421097 ,145,15,real,True,sha256:dc58bcdf21a288b9f21c605684be24ed4e38695d9c31d99e0c928e5a4b7a4691,machine_text_pattern,machine_extracted_unverified
24.7.3,315KVA,Each,530582,INR,24.7.3 315KVA   Each  530582 ,145,16,real,True,sha256:dc58bcdf21a288b9f21c605684be24ed4e38695d9c31d99e0c928e5a4b7a4691,machine_text_pattern,machine_extracted_unverified
24.7.4,400KVA,Each,673755,INR,24.7.4 400KVA  Each  673755 ,145,17,real,True,sha256:dc58bcdf21a288b9f21c605684be24ed4e38695d9c31d99e0c928e5a4b7a4691,machine_text_pattern,machine_extracted_unverified
24.7.5,500KVA,Each,842193,INR,24.7.5 500KVA  Each  842193 ,145,18,real,True,sha256:dc58bcdf21a288b9f21c605684be24ed4e38695d9c31d99e0c928e5a4b7a4691,machine_text_pattern,machine_extracted_unverified
24.7.6,630KVA,Each,1061164,INR,24.7.6 630KVA  Each  1061164 ,145,19,real,True,sha256:dc58bcdf21a288b9f21c605684be24ed4e38695d9c31d99e0c928e5a4b7a4691,machine_text_pattern,machine_extracted_unverified
24.8.1,200KVA,Each,377303,INR,24.8.1 200KVA Each  377303 ,147,18,real,True,sha256:dc58bcdf21a288b9f21c605684be24ed4e38695d9c31d99e0c928e5a4b7a4691,machine_text_pattern,machine_extracted_unverified
24.8.2,250KVA,Each,471628,INR,24.8.2 250KVA  Each  471628 ,147,19,real,True,sha256:dc58bcdf21a288b9f21c605684be24ed4e38695d9c31d99e0c928e5a4b7a4691,machine_text_pattern,machine_extracted_unverified
24.8.3,315KVA,Each,594252,INR,24.8.3 315KVA  Each  594252 ,147,20,real,True,sha256:dc58bcdf21a288b9f21c605684be24ed4e38695d9c31d99e0c928e5a4b7a4691,machine_text_pattern,machine_extracted_unverified
24.8.4,400KVA,Each,754605,INR,24.8.4 400KVA  Each  754605 ,147,21,real,True,sha256:dc58bcdf21a288b9f21c605684be24ed4e38695d9c31d99e0c928e5a4b7a4691,machine_text_pattern,machine_extracted_unverified
24.8.5,500KVA,Each,943257,INR,24.8.5 500KVA Each  943257 ,147,22,real,True,sha256:dc58bcdf21a288b9f21c605684be24ed4e38695d9c31d99e0c928e5a4b7a4691,machine_text_pattern,machine_extracted_unverified
24.8.6,630KVA,Each,1188503,INR,24.8.6 630KVA  Each  1188503 ,147,23,real,True,sha256:dc58bcdf21a288b9f21c605684be24ed4e38695d9c31d99e0c928e5a4b7a4691,machine_text_pattern,machine_extracted_unverified
24.9.1,200KVA,Each,497830,INR,24.9.1 200KVA  Each  497830 ,149,22,real,True,sha256:dc58bcdf21a288b9f21c605684be24ed4e38695d9c31d99e0c928e5a4b7a4691,machine_text_pattern,machine_extracted_unverified
24.9.2,250KVA,Each,622287,INR,24.9.2 250KVA  Each  622287 ,149,23,real,True,sha256:dc58bcdf21a288b9f21c605684be24ed4e38695d9c31d99e0c928e5a4b7a4691,machine_text_pattern,machine_extracted_unverified
24.9.3,315KVA,Each,784082,INR,24.9.3 315KVA  Each  784082 ,149,24,real,True,sha256:dc58bcdf21a288b9f21c605684be24ed4e38695d9c31d99e0c928e5a4b7a4691,machine_text_pattern,machine_extracted_unverified
24.9.4,400KVA,Each,995660,INR,24.9.4 400KVA   Each  995660 ,149,25,real,True,sha256:dc58bcdf21a288b9f21c605684be24ed4e38695d9c31d99e0c928e5a4b7a4691,machine_text_pattern,machine_extracted_unverified
24.9.5,500KVA,Each,1244575,INR,24.9.5 500KVA  Each  1244575 ,149,26,real,True,sha256:dc58bcdf21a288b9f21c605684be24ed4e38695d9c31d99e0c928e5a4b7a4691,machine_text_pattern,machine_extracted_unverified
24.8.6,630KVA,Each,1568164,INR,24.8.6 630KVA   Each  1568164 ,149,27,real,True,sha256:dc58bcdf21a288b9f21c605684be24ed4e38695d9c31d99e0c928e5a4b7a4691,machine_text_pattern,machine_extracted_unverified
24.10.1,63KVA,Each,112012,INR,24.10.1 63KVA  Each  112012 ,151,16,real,True,sha256:dc58bcdf21a288b9f21c605684be24ed4e38695d9c31d99e0c928e5a4b7a4691,machine_text_pattern,machine_extracted_unverified
24.10.2,100KVA,Each,177796,INR,24.10.2 100KVA  Each  177796 ,151,18,real,True,sha256:dc58bcdf21a288b9f21c605684be24ed4e38695d9c31d99e0c928e5a4b7a4691,machine_text_pattern,machine_extracted_unverified
24.10.3,160KVA,Each,284474,INR,24.10.3 160KVA  Each  284474 ,151,20,real,True,sha256:dc58bcdf21a288b9f21c605684be24ed4e38695d9c31d99e0c928e5a4b7a4691,machine_text_pattern,machine_extracted_unverified
24.11.1,63KVA,Nos,125453,INR,24.11.1 63KVA  Nos 125453 ,153,8,real,True,sha256:dc58bcdf21a288b9f21c605684be24ed4e38695d9c31d99e0c928e5a4b7a4691,machine_text_pattern,machine_extracted_unverified
24.11.2,100KVA,Nos,199132,INR,24.11.2 100KVA  Nos 199132 ,153,9,real,True,sha256:dc58bcdf21a288b9f21c605684be24ed4e38695d9c31d99e0c928e5a4b7a4691,machine_text_pattern,machine_extracted_unverified
24.11.3,160KVA,Nos,318611,INR,24.11.3 160KVA  Nos 318611 ,153,10,real,True,sha256:dc58bcdf21a288b9f21c605684be24ed4e38695d9c31d99e0c928e5a4b7a4691,machine_text_pattern,machine_extracted_unverified
24.12.1,63KVA,Each,156816,INR,24.12.1 63KVA  Each  156816 ,154,47,real,True,sha256:dc58bcdf21a288b9f21c605684be24ed4e38695d9c31d99e0c928e5a4b7a4691,machine_text_pattern,machine_extracted_unverified
24.12.2,100KVA,Each,248915,INR,24.12.2 100KVA  Each  248915 ,155,3,real,True,sha256:dc58bcdf21a288b9f21c605684be24ed4e38695d9c31d99e0c928e5a4b7a4691,machine_text_pattern,machine_extracted_unverified
24.12.3,160KVA,Each,398264,INR,24.12.3 160KVA  Each  398264 ,155,4,real,True,sha256:dc58bcdf21a288b9f21c605684be24ed4e38695d9c31d99e0c928e5a4b7a4691,machine_text_pattern,machine_extracted_unverified
24.13.1,500 KVA,Each,1476106,INR,24.13.1 500 KVA  Each  1476106 ,157,3,real,True,sha256:dc58bcdf21a288b9f21c605684be24ed4e38695d9c31d99e0c928e5a4b7a4691,machine_text_pattern,machine_extracted_unverified
24.13.2,630KVA,Each,1859893,INR,24.13.2 630KVA Each  1859893 ,157,4,real,True,sha256:dc58bcdf21a288b9f21c605684be24ed4e38695d9c31d99e0c928e5a4b7a4691,machine_text_pattern,machine_extracted_unverified
24.13.3,1000KVA,Each,2231452,INR,24.13.3 1000KVA Each  2231452 ,157,5,real,True,sha256:dc58bcdf21a288b9f21c605684be24ed4e38695d9c31d99e0c928e5a4b7a4691,machine_text_pattern,machine_extracted_unverified
24.13.4,1250 KVA,Each,2789316,INR,24.13.4 1250 KVA  Each  2789316 ,157,6,real,True,sha256:dc58bcdf21a288b9f21c605684be24ed4e38695d9c31d99e0c928e5a4b7a4691,machine_text_pattern,machine_extracted_unverified
24.13.5,1600KVA,Each,3570324,INR,24.13.5 1600KVA  Each  3570324 ,157,7,real,True,sha256:dc58bcdf21a288b9f21c605684be24ed4e38695d9c31d99e0c928e5a4b7a4691,machine_text_pattern,machine_extracted_unverified
24.13.6,2000KVA,Each,4462905,INR,24.13.6 2000KVA  Each  4462905 ,157,8,real,True,sha256:dc58bcdf21a288b9f21c605684be24ed4e38695d9c31d99e0c928e5a4b7a4691,machine_text_pattern,machine_extracted_unverified
24.13.7,2500KVA,Each,5578631,INR,24.13.7 2500KVA Each  5578631 ,157,9,real,True,sha256:dc58bcdf21a288b9f21c605684be24ed4e38695d9c31d99e0c928e5a4b7a4691,machine_text_pattern,machine_extracted_unverified
24.14.1,500 KVA,Each,1771327,INR,24.14.1 500 KVA  Each  1771327 ,159,9,real,True,sha256:dc58bcdf21a288b9f21c605684be24ed4e38695d9c31d99e0c928e5a4b7a4691,machine_text_pattern,machine_extracted_unverified
24.14.2,630KVA,Each,2231872,INR,24.14.2 630KVA Each  2231872 ,159,10,real,True,sha256:dc58bcdf21a288b9f21c605684be24ed4e38695d9c31d99e0c928e5a4b7a4691,machine_text_pattern,machine_extracted_unverified
24.14.3,1000KVA,Each,2677743,INR,24.14.3 1000KVA  Each  2677743 ,159,11,real,True,sha256:dc58bcdf21a288b9f21c605684be24ed4e38695d9c31d99e0c928e5a4b7a4691,machine_text_pattern,machine_extracted_unverified
24.14.4,1250 KVA,Each,3347179,INR,24.14.4 1250 KVA  Each  3347179 ,159,12,real,True,sha256:dc58bcdf21a288b9f21c605684be24ed4e38695d9c31d99e0c928e5a4b7a4691,machine_text_pattern,machine_extracted_unverified
24.14.5,1600KVA,Each,4284389,INR,24.14.5 1600KVA  Each  4284389 ,159,13,real,True,sha256:dc58bcdf21a288b9f21c605684be24ed4e38695d9c31d99e0c928e5a4b7a4691,machine_text_pattern,machine_extracted_unverified
24.14.6,2000KVA,Each,5355486,INR,24.14.6 2000KVA  Each  5355486 ,159,14,real,True,sha256:dc58bcdf21a288b9f21c605684be24ed4e38695d9c31d99e0c928e5a4b7a4691,machine_text_pattern,machine_extracted_unverified
24.14.7,2500KVA,Each,6694357,INR,24.14.7 2500KVA Each  6694357 ,159,15,real,True,sha256:dc58bcdf21a288b9f21c605684be24ed4e38695d9c31d99e0c928e5a4b7a4691,machine_text_pattern,machine_extracted_unverified
24.15.1,500KVA,Each,2066548,INR,24.15.1 500KVA Each  2066548 ,161,16,real,True,sha256:dc58bcdf21a288b9f21c605684be24ed4e38695d9c31d99e0c928e5a4b7a4691,machine_text_pattern,machine_extracted_unverified
24.15.2,630KVA,Each,2603851,INR,24.15.2 630KVA Each  2603851 ,161,17,real,True,sha256:dc58bcdf21a288b9f21c605684be24ed4e38695d9c31d99e0c928e5a4b7a4691,machine_text_pattern,machine_extracted_unverified
24.15.3,1000KVA,Each,3124033,INR,24.15.3 1000KVA Each  3124033 ,161,18,real,True,sha256:dc58bcdf21a288b9f21c605684be24ed4e38695d9c31d99e0c928e5a4b7a4691,machine_text_pattern,machine_extracted_unverified
24.15.4,1250 KVA,Each,3905042,INR,24.15.4 1250 KVA  Each  3905042 ,161,19,real,True,sha256:dc58bcdf21a288b9f21c605684be24ed4e38695d9c31d99e0c928e5a4b7a4691,machine_text_pattern,machine_extracted_unverified
24.15.5,1600KVA,Each,4998453,INR,24.15.5 1600KVA  Each  4998453 ,161,20,real,True,sha256:dc58bcdf21a288b9f21c605684be24ed4e38695d9c31d99e0c928e5a4b7a4691,machine_text_pattern,machine_extracted_unverified
24.15.6,2000KVA,Each,6248067,INR,24.15.6 2000KVA  Each  6248067 ,161,21,real,True,sha256:dc58bcdf21a288b9f21c605684be24ed4e38695d9c31d99e0c928e5a4b7a4691,machine_text_pattern,machine_extracted_unverified
24.15.7,2500 KVA,Each,7810083,INR,24.15.7 2500 KVA Each  7810083 ,161,22,real,True,sha256:dc58bcdf21a288b9f21c605684be24ed4e38695d9c31d99e0c928e5a4b7a4691,machine_text_pattern,machine_extracted_unverified
24.16.1,1000KVA,Each,1943523,INR,24.16.1 1000KVA  Each  1943523 ,163,24,real,True,sha256:dc58bcdf21a288b9f21c605684be24ed4e38695d9c31d99e0c928e5a4b7a4691,machine_text_pattern,machine_extracted_unverified
24.16.2,1250 KVA,Each,2429404,INR,24.16.2 1250 KVA Each  2429404 ,163,25,real,True,sha256:dc58bcdf21a288b9f21c605684be24ed4e38695d9c31d99e0c928e5a4b7a4691,machine_text_pattern,machine_extracted_unverified
24.16.3,1600KVA,Each,3109637,INR,24.16.3 1600KVA Each  3109637 ,163,26,real,True,sha256:dc58bcdf21a288b9f21c605684be24ed4e38695d9c31d99e0c928e5a4b7a4691,machine_text_pattern,machine_extracted_unverified
24.16.4,2000KVA,Each,3887046,INR,24.16.4 2000KVA Each  3887046 ,163,27,real,True,sha256:dc58bcdf21a288b9f21c605684be24ed4e38695d9c31d99e0c928e5a4b7a4691,machine_text_pattern,machine_extracted_unverified
24.17.1,1000KVA,Each,2332228,INR,24.17.1 1000KVA Each  2332228 ,165,24,real,True,sha256:dc58bcdf21a288b9f21c605684be24ed4e38695d9c31d99e0c928e5a4b7a4691,machine_text_pattern,machine_extracted_unverified
24.17.2,1250 KVA,Each,2915285,INR,24.17.2 1250 KVA Each  2915285 ,165,25,real,True,sha256:dc58bcdf21a288b9f21c605684be24ed4e38695d9c31d99e0c928e5a4b7a4691,machine_text_pattern,machine_extracted_unverified
24.17.3,1600KVA,Each,3731564,INR,24.17.3 1600KVA  Each  3731564 ,165,26,real,True,sha256:dc58bcdf21a288b9f21c605684be24ed4e38695d9c31d99e0c928e5a4b7a4691,machine_text_pattern,machine_extracted_unverified
24.17.4,2000KVA,Each,4664455,INR,24.17.4 2000KVA  Each  4664455 ,165,27,real,True,sha256:dc58bcdf21a288b9f21c605684be24ed4e38695d9c31d99e0c928e5a4b7a4691,machine_text_pattern,machine_extracted_unverified
24.18.1,1000KVA,Each,2720932,INR,24.18.1 1000KVA  Each  2720932 ,167,24,real,True,sha256:dc58bcdf21a288b9f21c605684be24ed4e38695d9c31d99e0c928e5a4b7a4691,machine_text_pattern,machine_extracted_unverified
24.18.2,1250 KVA,Each,3401165,INR,24.18.2 1250 KVA  Each  3401165 ,167,25,real,True,sha256:dc58bcdf21a288b9f21c605684be24ed4e38695d9c31d99e0c928e5a4b7a4691,machine_text_pattern,machine_extracted_unverified
24.18.3,1600KVA,Each,4353492,INR,24.18.3 1600KVA  Each  4353492 ,167,26,real,True,sha256:dc58bcdf21a288b9f21c605684be24ed4e38695d9c31d99e0c928e5a4b7a4691,machine_text_pattern,machine_extracted_unverified
24.18.4,2000KVA,Each,5441865,INR,24.18.4 2000KVA  Each  5441865 ,167,27,real,True,sha256:dc58bcdf21a288b9f21c605684be24ed4e38695d9c31d99e0c928e5a4b7a4691,machine_text_pattern,machine_extracted_unverified
24.19.1,200KVA,Each,374308,INR,24.19.1 200KVA Each  374308 ,169,26,real,True,sha256:dc58bcdf21a288b9f21c605684be24ed4e38695d9c31d99e0c928e5a4b7a4691,machine_text_pattern,machine_extracted_unverified
24.19.2,250KVA,Each,467885,INR,24.19.2 250KVA  Each  467885 ,169,27,real,True,sha256:dc58bcdf21a288b9f21c605684be24ed4e38695d9c31d99e0c928e5a4b7a4691,machine_text_pattern,machine_extracted_unverified
24.19.3,315KVA,Each,589535,INR,24.19.3 315KVA   Each  589535 ,169,28,real,True,sha256:dc58bcdf21a288b9f21c605684be24ed4e38695d9c31d99e0c928e5a4b7a4691,machine_text_pattern,machine_extracted_unverified
24.19.4,400KVA,Each,748616,INR,24.19.4 400KVA  Each  748616 ,169,29,real,True,sha256:dc58bcdf21a288b9f21c605684be24ed4e38695d9c31d99e0c928e5a4b7a4691,machine_text_pattern,machine_extracted_unverified
24.19.5,500KVA,Each,935770,INR,24.19.5 500KVA  Each  935770 ,169,30,real,True,sha256:dc58bcdf21a288b9f21c605684be24ed4e38695d9c31d99e0c928e5a4b7a4691,machine_text_pattern,machine_extracted_unverified
24.19.6,630KVA,Each,1179071,INR,24.19.6 630KVA  Each  1179071 ,169,31,real,True,sha256:dc58bcdf21a288b9f21c605684be24ed4e38695d9c31d99e0c928e5a4b7a4691,machine_text_pattern,machine_extracted_unverified
24.20.1,200KVA,Each,419225,INR,24.20.1 200KVA  Each 419225 ,171,33,real,True,sha256:dc58bcdf21a288b9f21c605684be24ed4e38695d9c31d99e0c928e5a4b7a4691,machine_text_pattern,machine_extracted_unverified
24.20.2,250KVA,Each,524031,INR,24.20.2 250KVA   Each 524031 ,171,34,real,True,sha256:dc58bcdf21a288b9f21c605684be24ed4e38695d9c31d99e0c928e5a4b7a4691,machine_text_pattern,machine_extracted_unverified
24.20.3,315KVA,Each,660280,INR,24.20.3 315KVA  Each 660280 ,171,35,real,True,sha256:dc58bcdf21a288b9f21c605684be24ed4e38695d9c31d99e0c928e5a4b7a4691,machine_text_pattern,machine_extracted_unverified
24.20.4,400KVA,Each,838450,INR,24.20.4 400KVA   Each 838450 ,171,36,real,True,sha256:dc58bcdf21a288b9f21c605684be24ed4e38695d9c31d99e0c928e5a4b7a4691,machine_text_pattern,machine_extracted_unverified
24.20.5,500KVA,Each,1048063,INR,24.20.5 500KVA Each 1048063 ,171,37,real,True,sha256:dc58bcdf21a288b9f21c605684be24ed4e38695d9c31d99e0c928e5a4b7a4691,machine_text_pattern,machine_extracted_unverified
24.20.6,630KVA,Each,1320559,INR,24.20.6 630KVA  Each 1320559 ,171,38,real,True,sha256:dc58bcdf21a288b9f21c605684be24ed4e38695d9c31d99e0c928e5a4b7a4691,machine_text_pattern,machine_extracted_unverified
24.21.1,200KVA,Each,524031,INR,24.21.1 200KVA  Each 524031 ,173,39,real,True,sha256:dc58bcdf21a288b9f21c605684be24ed4e38695d9c31d99e0c928e5a4b7a4691,machine_text_pattern,machine_extracted_unverified
24.21.2,250KVA,Each,655039,INR,24.21.2 250KVA  Each 655039 ,173,40,real,True,sha256:dc58bcdf21a288b9f21c605684be24ed4e38695d9c31d99e0c928e5a4b7a4691,machine_text_pattern,machine_extracted_unverified
24.21.3,315KVA,Each,825349,INR,24.21.3 315KVA  Each 825349 ,173,41,real,True,sha256:dc58bcdf21a288b9f21c605684be24ed4e38695d9c31d99e0c928e5a4b7a4691,machine_text_pattern,machine_extracted_unverified
24.21.4,400KVA,Each,1048063,INR,24.21.4 400KVA   Each 1048063 ,173,42,real,True,sha256:dc58bcdf21a288b9f21c605684be24ed4e38695d9c31d99e0c928e5a4b7a4691,machine_text_pattern,machine_extracted_unverified
24.21.5,500KVA,Each,1310079,INR,24.21.5 500KVA  Each 1310079 ,173,43,real,True,sha256:dc58bcdf21a288b9f21c605684be24ed4e38695d9c31d99e0c928e5a4b7a4691,machine_text_pattern,machine_extracted_unverified
24.21.6,630KVA,Each,1650699,INR,24.21.6 630KVA   Each 1650699 ,174,3,real,True,sha256:dc58bcdf21a288b9f21c605684be24ed4e38695d9c31d99e0c928e5a4b7a4691,machine_text_pattern,machine_extracted_unverified
24.22.1,63KVA,Nos,117907,INR,24.22.1 63KVA  Nos 117907 ,175,40,real,True,sha256:dc58bcdf21a288b9f21c605684be24ed4e38695d9c31d99e0c928e5a4b7a4691,machine_text_pattern,machine_extracted_unverified
24.22.2,100KVA,Nos,187154,INR,24.22.2 100KVA  Nos 187154 ,175,41,real,True,sha256:dc58bcdf21a288b9f21c605684be24ed4e38695d9c31d99e0c928e5a4b7a4691,machine_text_pattern,machine_extracted_unverified
24.22.3,160KVA,Nos,299447,INR,24.22.3 160KVA  Nos 299447 ,175,42,real,True,sha256:dc58bcdf21a288b9f21c605684be24ed4e38695d9c31d99e0c928e5a4b7a4691,machine_text_pattern,machine_extracted_unverified
24.23.1,63KVA,Each,132056,INR,24.23.1 63KVA  Each  132056 ,177,35,real,True,sha256:dc58bcdf21a288b9f21c605684be24ed4e38695d9c31d99e0c928e5a4b7a4691,machine_text_pattern,machine_extracted_unverified
24.23.2,100KVA,Each,209613,INR,24.23.2 100KVA  Each  209613 ,177,36,real,True,sha256:dc58bcdf21a288b9f21c605684be24ed4e38695d9c31d99e0c928e5a4b7a4691,machine_text_pattern,machine_extracted_unverified
24.23.3,160KVA,Each,335380,INR,24.23.3 160KVA  Each  335380 ,177,37,real,True,sha256:dc58bcdf21a288b9f21c605684be24ed4e38695d9c31d99e0c928e5a4b7a4691,machine_text_pattern,machine_extracted_unverified
24.24.1,63KVA,Nos,165070,INR,24.24.1 63KVA  Nos 165070 ,179,30,real,True,sha256:dc58bcdf21a288b9f21c605684be24ed4e38695d9c31d99e0c928e5a4b7a4691,machine_text_pattern,machine_extracted_unverified
24.24.2,100KVA,Nos,262016,INR,24.24.2 100KVA  Nos 262016 ,179,31,real,True,sha256:dc58bcdf21a288b9f21c605684be24ed4e38695d9c31d99e0c928e5a4b7a4691,machine_text_pattern,machine_extracted_unverified
24.24.3,160KVA,Nos,419225,INR,24.24.3 160KVA  Nos 419225 ,179,32,real,True,sha256:dc58bcdf21a288b9f21c605684be24ed4e38695d9c31d99e0c928e5a4b7a4691,machine_text_pattern,machine_extracted_unverified
24.27.23,"630 KVA (losses at 50% loading < 1860watt, losses at 100%",Each,1684484,INR,"24.27.23 630 KVA (losses at 50% loading  < 1860watt, losses at 100% Each 1684484 ",185,70,real,True,sha256:dc58bcdf21a288b9f21c605684be24ed4e38695d9c31d99e0c928e5a4b7a4691,machine_text_pattern,machine_extracted_unverified
24.28.38,"1000 KVA (losses at 50% loading < 2620watt, losses at 100%",Each,3181619,INR,"24.28.38 1000 KVA (losses at 50% loading  < 2620watt, losses at 100% Each 3181619 ",189,70,real,True,sha256:dc58bcdf21a288b9f21c605684be24ed4e38695d9c31d99e0c928e5a4b7a4691,machine_text_pattern,machine_extracted_unverified
25.1.1,50 KVAR,Each,219906,INR,25.1.1  50 KVAR Each  219906 ,192,44,real,True,sha256:dc58bcdf21a288b9f21c605684be24ed4e38695d9c31d99e0c928e5a4b7a4691,machine_text_pattern,machine_extracted_unverified
25.1.2,75 KVAR,Each,271373,INR,25.1.2 75 KVAR Each  271373 ,192,45,real,True,sha256:dc58bcdf21a288b9f21c605684be24ed4e38695d9c31d99e0c928e5a4b7a4691,machine_text_pattern,machine_extracted_unverified
25.1.3,100 KVAR,Each,297575,INR,25.1.3 100 KVAR Each  297575 ,193,3,real,True,sha256:dc58bcdf21a288b9f21c605684be24ed4e38695d9c31d99e0c928e5a4b7a4691,machine_text_pattern,machine_extracted_unverified
25.1.4,125 KVAR,Each,320033,INR,25.1.4 125 KVAR Each  320033 ,193,4,real,True,sha256:dc58bcdf21a288b9f21c605684be24ed4e38695d9c31d99e0c928e5a4b7a4691,machine_text_pattern,machine_extracted_unverified
25.1.5,150 KVAR,Each,374776,INR,25.1.5 150 KVAR Each  374776 ,193,5,real,True,sha256:dc58bcdf21a288b9f21c605684be24ed4e38695d9c31d99e0c928e5a4b7a4691,machine_text_pattern,machine_extracted_unverified
25.1.6,175 KVAR,Each,402381,INR,25.1.6 175 KVAR Each  402381 ,193,6,real,True,sha256:dc58bcdf21a288b9f21c605684be24ed4e38695d9c31d99e0c928e5a4b7a4691,machine_text_pattern,machine_extracted_unverified
25.1.7,200 KVAR,Each,428583,INR,25.1.7 200 KVAR Each  428583 ,193,7,real,True,sha256:dc58bcdf21a288b9f21c605684be24ed4e38695d9c31d99e0c928e5a4b7a4691,machine_text_pattern,machine_extracted_unverified
25.2.1,250 KVAR,Each,1365289,INR,25.2.1 250 KVAR Each  1365289 ,194,22,real,True,sha256:dc58bcdf21a288b9f21c605684be24ed4e38695d9c31d99e0c928e5a4b7a4691,machine_text_pattern,machine_extracted_unverified
25.2.2,300 KVAR,Each,1624497,INR,25.2.2 300 KVAR Each  1624497 ,194,23,real,True,sha256:dc58bcdf21a288b9f21c605684be24ed4e38695d9c31d99e0c928e5a4b7a4691,machine_text_pattern,machine_extracted_unverified
25.2.3,350 KVAR,Each,1818202,INR,25.2.3 350 KVAR Each  1818202 ,194,24,real,True,sha256:dc58bcdf21a288b9f21c605684be24ed4e38695d9c31d99e0c928e5a4b7a4691,machine_text_pattern,machine_extracted_unverified
25.2.4,400 KVAR,Each,2183152,INR,25.2.4 400 KVAR Each  2183152 ,194,25,real,True,sha256:dc58bcdf21a288b9f21c605684be24ed4e38695d9c31d99e0c928e5a4b7a4691,machine_text_pattern,machine_extracted_unverified
25.2.5,450 KVAR,Each,2350655,INR,25.2.5 450  KVAR Each  2350655 ,194,26,real,True,sha256:dc58bcdf21a288b9f21c605684be24ed4e38695d9c31d99e0c928e5a4b7a4691,machine_text_pattern,machine_extracted_unverified
25.2.6,500 KVAR,Each,2662267,INR,25.2.6 500 KVAR Each  2662267 ,194,27,real,True,sha256:dc58bcdf21a288b9f21c605684be24ed4e38695d9c31d99e0c928e5a4b7a4691,machine_text_pattern,machine_extracted_unverified
25.2.7,550 KVAR,Each,2853164,INR,25.2.7 550 KVAR Each  2853164 ,194,28,real,True,sha256:dc58bcdf21a288b9f21c605684be24ed4e38695d9c31d99e0c928e5a4b7a4691,machine_text_pattern,machine_extracted_unverified
25.2.8,600 KVAR,Each,3132023,INR,25.2.8 600 KVAR Each  3132023 ,194,29,real,True,sha256:dc58bcdf21a288b9f21c605684be24ed4e38695d9c31d99e0c928e5a4b7a4691,machine_text_pattern,machine_extracted_unverified
25.2.9,650KVAR,Each,3314499,INR,25.2.9 650KVAR Each  3314499 ,194,30,real,True,sha256:dc58bcdf21a288b9f21c605684be24ed4e38695d9c31d99e0c928e5a4b7a4691,machine_text_pattern,machine_extracted_unverified
25.2.10,700KVAR,Each,3566221,INR,25.2.10 700KVAR Each  3566221 ,194,31,real,True,sha256:dc58bcdf21a288b9f21c605684be24ed4e38695d9c31d99e0c928e5a4b7a4691,machine_text_pattern,machine_extracted_unverified
25.2.11,750KVAR,Each,3876897,INR,25.2.11 750KVAR Each  3876897 ,194,32,real,True,sha256:dc58bcdf21a288b9f21c605684be24ed4e38695d9c31d99e0c928e5a4b7a4691,machine_text_pattern,machine_extracted_unverified
25.2.12,800KVAR,Each,4067794,INR,25.2.12 800KVAR Each  4067794 ,194,33,real,True,sha256:dc58bcdf21a288b9f21c605684be24ed4e38695d9c31d99e0c928e5a4b7a4691,machine_text_pattern,machine_extracted_unverified
25.2.13,850KVAR,Each,4214710,INR,25.2.13 850KVAR Each  4214710 ,194,34,real,True,sha256:dc58bcdf21a288b9f21c605684be24ed4e38695d9c31d99e0c928e5a4b7a4691,machine_text_pattern,machine_extracted_unverified
25.2.14,900KVAR,Each,4482340,INR,25.2.14 900KVAR Each  4482340 ,195,3,real,True,sha256:dc58bcdf21a288b9f21c605684be24ed4e38695d9c31d99e0c928e5a4b7a4691,machine_text_pattern,machine_extracted_unverified
25.2.15,950KVAR,Each,4741548,INR,25.2.15 950KVAR Each  4741548 ,195,4,real,True,sha256:dc58bcdf21a288b9f21c605684be24ed4e38695d9c31d99e0c928e5a4b7a4691,machine_text_pattern,machine_extracted_unverified
25.2.16,1000KVAR,Each,4992335,INR,25.2.16 1000KVAR Each  4992335 ,195,5,real,True,sha256:dc58bcdf21a288b9f21c605684be24ed4e38695d9c31d99e0c928e5a4b7a4691,machine_text_pattern,machine_extracted_unverified
26.1.1,2KVA,Each,45894,INR,26.1.1 2KVA Each 45894 ,197,10,real,True,sha256:dc58bcdf21a288b9f21c605684be24ed4e38695d9c31d99e0c928e5a4b7a4691,machine_text_pattern,machine_extracted_unverified
26.1.2,3KVA,Each,55233,INR,26.1.2 3KVA Each 55233 ,197,11,real,True,sha256:dc58bcdf21a288b9f21c605684be24ed4e38695d9c31d99e0c928e5a4b7a4691,machine_text_pattern,machine_extracted_unverified
26.1.3,6KVA,Each,109793,INR,26.1.3 6KVA Each 109793 ,197,12,real,True,sha256:dc58bcdf21a288b9f21c605684be24ed4e38695d9c31d99e0c928e5a4b7a4691,machine_text_pattern,machine_extracted_unverified
26.1.4,10KVA,Each,168506,INR,26.1.4 10KVA Each 168506 ,197,13,real,True,sha256:dc58bcdf21a288b9f21c605684be24ed4e38695d9c31d99e0c928e5a4b7a4691,machine_text_pattern,machine_extracted_unverified
26.2.1,10KVA (Each Power module shall be < 10 KVA),Each,208893,INR,26.2.1 10KVA (Each Power module shall be <  10 KVA) Each 208893 ,198,45,real,True,sha256:dc58bcdf21a288b9f21c605684be24ed4e38695d9c31d99e0c928e5a4b7a4691,machine_text_pattern,machine_extracted_unverified
26.2.2,20KVA (Each Power module shall be < 10 KVA),Each,341772,INR,26.2.2 20KVA (Each Power module shall be <  10 KVA) Each 341772 ,198,46,real,True,sha256:dc58bcdf21a288b9f21c605684be24ed4e38695d9c31d99e0c928e5a4b7a4691,machine_text_pattern,machine_extracted_unverified
26.2.3,30KVA (Each Power module shall be < 10 KVA),Each,505748,INR,26.2.3 30KVA (Each Power module shall be <  10 KVA) Each 505748 ,199,3,real,True,sha256:dc58bcdf21a288b9f21c605684be24ed4e38695d9c31d99e0c928e5a4b7a4691,machine_text_pattern,machine_extracted_unverified
26.2.4,40KVA (Each Power module shall be < 10 KVA),Each,599469,INR,26.2.4 40KVA (Each Power module shall be < 10 KVA) Each 599469 ,199,4,real,True,sha256:dc58bcdf21a288b9f21c605684be24ed4e38695d9c31d99e0c928e5a4b7a4691,machine_text_pattern,machine_extracted_unverified
26.2.5,60KVA (Each Power module shall be < 10 KVA),Each,913600,INR,26.2.5 60KVA (Each Power module shall be <  10 KVA) Each 913600 ,199,5,real,True,sha256:dc58bcdf21a288b9f21c605684be24ed4e38695d9c31d99e0c928e5a4b7a4691,machine_text_pattern,machine_extracted_unverified
26.2.6,80KVA (Each Power module shall be < 25 KVA),Each,1124076,INR,26.2.6 80KVA (Each Power module shall be < 25 KVA) Each 1124076 ,199,6,real,True,sha256:dc58bcdf21a288b9f21c605684be24ed4e38695d9c31d99e0c928e5a4b7a4691,machine_text_pattern,machine_extracted_unverified
26.2.7,100KVA (Each Power module shall be < 25 KVA),Each,1276967,INR,26.2.7 100KVA (Each Power module shall be < 25 KVA) Each 1276967 ,199,7,real,True,sha256:dc58bcdf21a288b9f21c605684be24ed4e38695d9c31d99e0c928e5a4b7a4691,machine_text_pattern,machine_extracted_unverified
26.2.8,120KVA (Each Power module shall be < 25 KVA),Each,1464409,INR,26.2.8 120KVA (Each Power module shall be <  25 KVA) Each 1464409 ,199,8,real,True,sha256:dc58bcdf21a288b9f21c605684be24ed4e38695d9c31d99e0c928e5a4b7a4691,machine_text_pattern,machine_extracted_unverified
26.2.9,160KVA (Each Power module shall be < 25 KVA),Each,1958639,INR,26.2.9 160KVA (Each Power module shall be <  25 KVA) Each 1958639 ,199,9,real,True,sha256:dc58bcdf21a288b9f21c605684be24ed4e38695d9c31d99e0c928e5a4b7a4691,machine_text_pattern,machine_extracted_unverified
26.2.10,200KVA (Each Power module shall be < 50 KVA),Each,2375417,INR,26.2.10 200KVA (Each Power module shall be < 50 KVA) Each 2375417 ,199,10,real,True,sha256:dc58bcdf21a288b9f21c605684be24ed4e38695d9c31d99e0c928e5a4b7a4691,machine_text_pattern,machine_extracted_unverified
26.2.11,300KVA (Each Power module shall be < 50 KVA),Each,3963347,INR,26.2.11 300KVA (Each Power module shall be <  50 KVA) Each 3963347 ,199,11,real,True,sha256:dc58bcdf21a288b9f21c605684be24ed4e38695d9c31d99e0c928e5a4b7a4691,machine_text_pattern,machine_extracted_unverified
26.2.12,400KVA (Each Power module shall be < 50 KVA),Each,5130901,INR,26.2.12 400KVA (Each Power module shall be <  50 KVA) Each 5130901 ,199,12,real,True,sha256:dc58bcdf21a288b9f21c605684be24ed4e38695d9c31d99e0c928e5a4b7a4691,machine_text_pattern,machine_extracted_unverified
26.2.13,500KVA (Each Power module shall be < 50 KVA),Each,6183283,INR,26.2.13 500KVA (Each Power module shall be < 50 KVA) Each 6183283 ,199,13,real,True,sha256:dc58bcdf21a288b9f21c605684be24ed4e38695d9c31d99e0c928e5a4b7a4691,machine_text_pattern,machine_extracted_unverified
27.1.1,2850 lpm at 88 m Head,Each,475390,INR,27.1.1 2850 lpm at 88 m Head Each  475390 ,200,27,real,True,sha256:dc58bcdf21a288b9f21c605684be24ed4e38695d9c31d99e0c928e5a4b7a4691,machine_text_pattern,machine_extracted_unverified
27.1.2,2850 lpm at 70 m Head,Each,425556,INR,27.1.2 2850 lpm at 70 m Head Each  425556 ,200,28,real,True,sha256:dc58bcdf21a288b9f21c605684be24ed4e38695d9c31d99e0c928e5a4b7a4691,machine_text_pattern,machine_extracted_unverified
27.1.3,2850 lpm at 56 m Head,Each,424172,INR,27.1.3 2850 lpm at 56 m Head Each  424172 ,200,29,real,True,sha256:dc58bcdf21a288b9f21c605684be24ed4e38695d9c31d99e0c928e5a4b7a4691,machine_text_pattern,machine_extracted_unverified
27.1.4,2280 lpm at 88 m Head,Each,424172,INR,27.1.4 2280 lpm at 88 m Head Each  424172 ,200,30,real,True,sha256:dc58bcdf21a288b9f21c605684be24ed4e38695d9c31d99e0c928e5a4b7a4691,machine_text_pattern,machine_extracted_unverified
27.1.5,2280 lpm at 70 m Head,Each,388181,INR,27.1.5 2280 lpm at 70 m Head Each  388181 ,200,31,real,True,sha256:dc58bcdf21a288b9f21c605684be24ed4e38695d9c31d99e0c928e5a4b7a4691,machine_text_pattern,machine_extracted_unverified
27.1.6,2280 lpm at 56 m Head,Each,349421,INR,27.1.6 2280 lpm at 56 m Head Each  349421 ,200,32,real,True,sha256:dc58bcdf21a288b9f21c605684be24ed4e38695d9c31d99e0c928e5a4b7a4691,machine_text_pattern,machine_extracted_unverified
27.1.7,1620 lpm at 88 m Head,Each,388181,INR,27.1.7 1620 lpm at 88 m Head Each  388181 ,200,33,real,True,sha256:dc58bcdf21a288b9f21c605684be24ed4e38695d9c31d99e0c928e5a4b7a4691,machine_text_pattern,machine_extracted_unverified
27.1.8,1620 lpm at 70 m Head,Each,349421,INR,27.1.8 1620 lpm at 70 m Head Each  349421 ,200,34,real,True,sha256:dc58bcdf21a288b9f21c605684be24ed4e38695d9c31d99e0c928e5a4b7a4691,machine_text_pattern,machine_extracted_unverified
27.1.9,1620 lpm at 56 m Head,Each,299587,INR,27.1.9 1620 lpm at 56 m Head Each  299587 ,200,35,real,True,sha256:dc58bcdf21a288b9f21c605684be24ed4e38695d9c31d99e0c928e5a4b7a4691,machine_text_pattern,machine_extracted_unverified
27.2.1,2850 lpm at 88 m Head,Each,718247,INR,27.2.1 2850 lpm at 88 m Head Each  718247 ,201,23,real,True,sha256:dc58bcdf21a288b9f21c605684be24ed4e38695d9c31d99e0c928e5a4b7a4691,machine_text_pattern,machine_extracted_unverified
27.2.2,2850 lpm at 70 m Head,Each,647234,INR,27.2.2 2850 lpm at 70 m Head Each  647234 ,201,24,real,True,sha256:dc58bcdf21a288b9f21c605684be24ed4e38695d9c31d99e0c928e5a4b7a4691,machine_text_pattern,machine_extracted_unverified
27.2.3,2850 lpm at 56 m Head,Each,643496,INR,27.2.3 2850 lpm at 56 m Head Each  643496 ,201,25,real,True,sha256:dc58bcdf21a288b9f21c605684be24ed4e38695d9c31d99e0c928e5a4b7a4691,machine_text_pattern,machine_extracted_unverified
27.2.4,2280 lpm at 88 m Head,Each,667029,INR,27.2.4 2280 lpm at 88 m Head Each  667029 ,201,26,real,True,sha256:dc58bcdf21a288b9f21c605684be24ed4e38695d9c31d99e0c928e5a4b7a4691,machine_text_pattern,machine_extracted_unverified
27.2.5,2280 lpm at 70 m Head,Each,642112,INR,27.2.5 2280 lpm at 70 m Head Each  642112 ,201,27,real,True,sha256:dc58bcdf21a288b9f21c605684be24ed4e38695d9c31d99e0c928e5a4b7a4691,machine_text_pattern,machine_extracted_unverified
27.2.6,2280 lpm at 56 m Head,Each,639343,INR,27.2.6 2280 lpm at 56 m Head Each  639343 ,201,28,real,True,sha256:dc58bcdf21a288b9f21c605684be24ed4e38695d9c31d99e0c928e5a4b7a4691,machine_text_pattern,machine_extracted_unverified
27.2.7,1620 lpm at 88 m Head,Each,660246,INR,27.2.7 1620 lpm at 88 m Head Each  660246 ,201,29,real,True,sha256:dc58bcdf21a288b9f21c605684be24ed4e38695d9c31d99e0c928e5a4b7a4691,machine_text_pattern,machine_extracted_unverified
27.2.8,1620 lpm at 70 m Head,Each,621348,INR,27.2.8 1620 lpm at 70 m Head Each  621348 ,201,30,real,True,sha256:dc58bcdf21a288b9f21c605684be24ed4e38695d9c31d99e0c928e5a4b7a4691,machine_text_pattern,machine_extracted_unverified
27.2.9,1620 lpm at 56 m Head,Each,538291,INR,27.2.9 1620 lpm at 56 m Head Each  538291 ,201,31,real,True,sha256:dc58bcdf21a288b9f21c605684be24ed4e38695d9c31d99e0c928e5a4b7a4691,machine_text_pattern,machine_extracted_unverified
27.3.1,180 lpm at 88 m Head,Each,134171,INR,27.3.1 180 lpm at 88 m Head  Each  134171 ,202,14,real,True,sha256:dc58bcdf21a288b9f21c605684be24ed4e38695d9c31d99e0c928e5a4b7a4691,machine_text_pattern,machine_extracted_unverified
27.3.2,180 lpm at 70 m Head,Each,109254,INR,27.3.2 180 lpm at 70 m Head  Each  109254 ,202,15,real,True,sha256:dc58bcdf21a288b9f21c605684be24ed4e38695d9c31d99e0c928e5a4b7a4691,machine_text_pattern,machine_extracted_unverified
27.3.3,180 lpm at 56 m Head,Each,87105,INR,27.3.3 180 lpm at 56 m Head  Each  87105 ,202,16,real,True,sha256:dc58bcdf21a288b9f21c605684be24ed4e38695d9c31d99e0c928e5a4b7a4691,machine_text_pattern,machine_extracted_unverified
27.3.4,300 lpm at 88 m Head,Each,175699,INR,27.3.4 300 lpm at 88 m Head  Each  175699 ,202,17,real,True,sha256:dc58bcdf21a288b9f21c605684be24ed4e38695d9c31d99e0c928e5a4b7a4691,machine_text_pattern,machine_extracted_unverified
27.3.5,300 lpm at 70 m Head,Each,134448,INR,27.3.5 300 lpm at 70 m Head  Each  134448 ,202,18,real,True,sha256:dc58bcdf21a288b9f21c605684be24ed4e38695d9c31d99e0c928e5a4b7a4691,machine_text_pattern,machine_extracted_unverified
27.3.6,300 lpm at 56 m Head,Each,121712,INR,27.3.6 300 lpm at 56 m Head  Each  121712 ,202,19,real,True,sha256:dc58bcdf21a288b9f21c605684be24ed4e38695d9c31d99e0c928e5a4b7a4691,machine_text_pattern,machine_extracted_unverified
27.4.1,900 lpm at 35 m Head,Each,107744,INR,27.4.1 900 lpm at 35 m Head  Each  107744 ,202,40,real,True,sha256:dc58bcdf21a288b9f21c605684be24ed4e38695d9c31d99e0c928e5a4b7a4691,machine_text_pattern,machine_extracted_unverified
27.4.2,450 lpm at 35 m Head,Each,91384,INR,27.4.2 450 lpm at 35 m Head  Each  91384 ,202,41,real,True,sha256:dc58bcdf21a288b9f21c605684be24ed4e38695d9c31d99e0c928e5a4b7a4691,machine_text_pattern,machine_extracted_unverified
27.6.1,200 mm. dia (wall thickness = 6.3 mm),Meter,5940,INR,27.6.1 200 mm. dia (wall thickness = 6.3 mm) Meter 5940 ,209,11,real,True,sha256:dc58bcdf21a288b9f21c605684be24ed4e38695d9c31d99e0c928e5a4b7a4691,machine_text_pattern,machine_extracted_unverified
27.6.2,150 mm. Dia,Meter,4104,INR,27.6.2 150 mm. Dia Meter 4104 ,209,12,real,True,sha256:dc58bcdf21a288b9f21c605684be24ed4e38695d9c31d99e0c928e5a4b7a4691,machine_text_pattern,machine_extracted_unverified
27.7.1,25 mm dia,Meter,852,INR,27.7.1 25 mm dia Meter 852 ,209,20,real,True,sha256:dc58bcdf21a288b9f21c605684be24ed4e38695d9c31d99e0c928e5a4b7a4691,machine_text_pattern,machine_extracted_unverified
27.7.2,32 mm dia,Meter,965,INR,27.7.2 32 mm dia Meter 965 ,209,21,real,True,sha256:dc58bcdf21a288b9f21c605684be24ed4e38695d9c31d99e0c928e5a4b7a4691,machine_text_pattern,machine_extracted_unverified
27.7.3,40 mm dia,Meter,1177,INR,27.7.3 40 mm dia Meter 1177 ,209,22,real,True,sha256:dc58bcdf21a288b9f21c605684be24ed4e38695d9c31d99e0c928e5a4b7a4691,machine_text_pattern,machine_extracted_unverified
27.7.4,50 mm dia,Meter,1436,INR,27.7.4 50 mm dia Meter 1436 ,209,23,real,True,sha256:dc58bcdf21a288b9f21c605684be24ed4e38695d9c31d99e0c928e5a4b7a4691,machine_text_pattern,machine_extracted_unverified
27.7.5,65 mm dia,Meter,1805,INR,27.7.5 65 mm dia Meter 1805 ,209,24,real,True,sha256:dc58bcdf21a288b9f21c605684be24ed4e38695d9c31d99e0c928e5a4b7a4691,machine_text_pattern,machine_extracted_unverified
27.7.6,80 mm dia,Meter,2088,INR,27.7.6 80 mm dia Meter 2088 ,209,25,real,True,sha256:dc58bcdf21a288b9f21c605684be24ed4e38695d9c31d99e0c928e5a4b7a4691,machine_text_pattern,machine_extracted_unverified
27.7.7,100 mm dia,Meter,2800,INR,27.7.7 100 mm dia Meter 2800 ,209,26,real,True,sha256:dc58bcdf21a288b9f21c605684be24ed4e38695d9c31d99e0c928e5a4b7a4691,machine_text_pattern,machine_extracted_unverified
27.7.8,150 mm dia,Meter,3886,INR,27.7.8 150 mm dia Meter 3886 ,209,27,real,True,sha256:dc58bcdf21a288b9f21c605684be24ed4e38695d9c31d99e0c928e5a4b7a4691,machine_text_pattern,machine_extracted_unverified
27.7.9,200 mm dia (wall thickness 6.3 mm),Meter,5882,INR,27.7.9 200 mm dia (wall thickness 6.3 mm) Meter 5882 ,209,28,real,True,sha256:dc58bcdf21a288b9f21c605684be24ed4e38695d9c31d99e0c928e5a4b7a4691,machine_text_pattern,machine_extracted_unverified
27.7.10,250 mm dia (wall thickness 6.3 mm),Meter,7131,INR,27.7.10 250 mm dia (wall thickness 6.3 mm) Meter 7131 ,209,29,real,True,sha256:dc58bcdf21a288b9f21c605684be24ed4e38695d9c31d99e0c928e5a4b7a4691,machine_text_pattern,machine_extracted_unverified
27.7.11,300 mm dia (wall thickness 7.1 mm),Meter,4674,INR,27.7.11 300 mm dia (wall thickness 7.1 mm) Meter 4674 ,209,30,real,True,sha256:dc58bcdf21a288b9f21c605684be24ed4e38695d9c31d99e0c928e5a4b7a4691,machine_text_pattern,machine_extracted_unverified
27.8.1,25 mm,Meter,711,INR,27.8.1 25 mm  Meter 711 ,210,3,real,True,sha256:dc58bcdf21a288b9f21c605684be24ed4e38695d9c31d99e0c928e5a4b7a4691,machine_text_pattern,machine_extracted_unverified
27.8.2,32 mm,Meter,785,INR,27.8.2 32 mm  Meter 785 ,210,4,real,True,sha256:dc58bcdf21a288b9f21c605684be24ed4e38695d9c31d99e0c928e5a4b7a4691,machine_text_pattern,machine_extracted_unverified
27.8.3,40 mm,Meter,966,INR,27.8.3 40 mm  Meter 966 ,210,5,real,True,sha256:dc58bcdf21a288b9f21c605684be24ed4e38695d9c31d99e0c928e5a4b7a4691,machine_text_pattern,machine_extracted_unverified
27.8.4,50 mm,Meter,1066,INR,27.8.4 50 mm Meter 1066 ,210,6,real,True,sha256:dc58bcdf21a288b9f21c605684be24ed4e38695d9c31d99e0c928e5a4b7a4691,machine_text_pattern,machine_extracted_unverified
27.8.5,65 mm,Meter,1330,INR,27.8.5 65 mm  Meter 1330 ,210,7,real,True,sha256:dc58bcdf21a288b9f21c605684be24ed4e38695d9c31d99e0c928e5a4b7a4691,machine_text_pattern,machine_extracted_unverified
27.8.6,80 mm,Meter,1514,INR,27.8.6 80 mm  Meter 1514 ,210,8,real,True,sha256:dc58bcdf21a288b9f21c605684be24ed4e38695d9c31d99e0c928e5a4b7a4691,machine_text_pattern,machine_extracted_unverified
27.8.7,100 mm,Meter,1925,INR,27.8.7 100 mm  Meter 1925 ,210,9,real,True,sha256:dc58bcdf21a288b9f21c605684be24ed4e38695d9c31d99e0c928e5a4b7a4691,machine_text_pattern,machine_extracted_unverified
27.8.8,150 mm,Meter,2633,INR,27.8.8 150 mm Meter 2633 ,210,10,real,True,sha256:dc58bcdf21a288b9f21c605684be24ed4e38695d9c31d99e0c928e5a4b7a4691,machine_text_pattern,machine_extracted_unverified
27.9.1,Single headed Gunmetal,Each,8208,INR,27.9.1 Single headed Gunmetal Each 8208 ,210,16,real,True,sha256:dc58bcdf21a288b9f21c605684be24ed4e38695d9c31d99e0c928e5a4b7a4691,machine_text_pattern,machine_extracted_unverified
27.9.2,Single headed Stainless steel,Each,6632,INR,27.9.2 Single headed Stainless steel Each 6632 ,210,17,real,True,sha256:dc58bcdf21a288b9f21c605684be24ed4e38695d9c31d99e0c928e5a4b7a4691,machine_text_pattern,machine_extracted_unverified
27.10.1,Single headed Gunmetal,Each,8208,INR,27.10.1 Single headed Gunmetal Each 8208 ,210,24,real,True,sha256:dc58bcdf21a288b9f21c605684be24ed4e38695d9c31d99e0c928e5a4b7a4691,machine_text_pattern,machine_extracted_unverified
27.10.2,Single headed Stainless steel,Each,6632,INR,27.10.2 Single headed Stainless steel Each 6632 ,210,25,real,True,sha256:dc58bcdf21a288b9f21c605684be24ed4e38695d9c31d99e0c928e5a4b7a4691,machine_text_pattern,machine_extracted_unverified
27.11.1,40 mm dia,Each,3870,INR,27.11.1 40 mm dia  Each 3870 ,210,31,real,True,sha256:dc58bcdf21a288b9f21c605684be24ed4e38695d9c31d99e0c928e5a4b7a4691,machine_text_pattern,machine_extracted_unverified
27.11.2,50mm dia,Each,4114,INR,27.11.2 50mm dia  Each 4114 ,210,32,real,True,sha256:dc58bcdf21a288b9f21c605684be24ed4e38695d9c31d99e0c928e5a4b7a4691,machine_text_pattern,machine_extracted_unverified
27.11.3,65 mm dia,Each,4712,INR,27.11.3 65 mm dia  Each 4712 ,210,33,real,True,sha256:dc58bcdf21a288b9f21c605684be24ed4e38695d9c31d99e0c928e5a4b7a4691,machine_text_pattern,machine_extracted_unverified
27.11.4,80 mm dia,Each,5406,INR,27.11.4 80 mm dia  Each 5406 ,210,34,real,True,sha256:dc58bcdf21a288b9f21c605684be24ed4e38695d9c31d99e0c928e5a4b7a4691,machine_text_pattern,machine_extracted_unverified
27.11.5,100 mm dia,Each,7271,INR,27.11.5 100 mm dia  Each 7271 ,211,3,real,True,sha256:dc58bcdf21a288b9f21c605684be24ed4e38695d9c31d99e0c928e5a4b7a4691,machine_text_pattern,machine_extracted_unverified
27.11.6,150 mm dia,Each,9737,INR,27.11.6 150 mm dia  Each 9737 ,211,4,real,True,sha256:dc58bcdf21a288b9f21c605684be24ed4e38695d9c31d99e0c928e5a4b7a4691,machine_text_pattern,machine_extracted_unverified
27.11.7,200 mm dia,Each,16248,INR,27.11.7 200 mm dia  Each 16248 ,211,5,real,True,sha256:dc58bcdf21a288b9f21c605684be24ed4e38695d9c31d99e0c928e5a4b7a4691,machine_text_pattern,machine_extracted_unverified
27.11.8,250 mm dia,Each,21721,INR,27.11.8 250 mm dia  Each 21721 ,211,6,real,True,sha256:dc58bcdf21a288b9f21c605684be24ed4e38695d9c31d99e0c928e5a4b7a4691,machine_text_pattern,machine_extracted_unverified
27.11.9,300 mm dia,Each,26141,INR,27.11.9 300 mm dia  Each 26141 ,211,7,real,True,sha256:dc58bcdf21a288b9f21c605684be24ed4e38695d9c31d99e0c928e5a4b7a4691,machine_text_pattern,machine_extracted_unverified
27.12.1,40mm dia,Each,6073,INR,27.12.1 40mm dia  Each 6073 ,211,13,real,True,sha256:dc58bcdf21a288b9f21c605684be24ed4e38695d9c31d99e0c928e5a4b7a4691,machine_text_pattern,machine_extracted_unverified
27.12.2,50 mm dia,Each,7639,INR,27.12.2 50 mm dia  Each 7639 ,211,14,real,True,sha256:dc58bcdf21a288b9f21c605684be24ed4e38695d9c31d99e0c928e5a4b7a4691,machine_text_pattern,machine_extracted_unverified
27.12.3,65mm dia,Each,9797,INR,27.12.3 65mm dia  Each 9797 ,211,15,real,True,sha256:dc58bcdf21a288b9f21c605684be24ed4e38695d9c31d99e0c928e5a4b7a4691,machine_text_pattern,machine_extracted_unverified
27.12.4,80mm dia,Each,11314,INR,27.12.4 80mm dia  Each 11314 ,211,16,real,True,sha256:dc58bcdf21a288b9f21c605684be24ed4e38695d9c31d99e0c928e5a4b7a4691,machine_text_pattern,machine_extracted_unverified
27.12.5,100mm dia,Each,15816,INR,27.12.5 100mm dia  Each 15816 ,211,17,real,True,sha256:dc58bcdf21a288b9f21c605684be24ed4e38695d9c31d99e0c928e5a4b7a4691,machine_text_pattern,machine_extracted_unverified
27.12.6,150mm dia,Each,23968,INR,27.12.6 150mm dia  Each 23968 ,211,18,real,True,sha256:dc58bcdf21a288b9f21c605684be24ed4e38695d9c31d99e0c928e5a4b7a4691,machine_text_pattern,machine_extracted_unverified
27.12.7,200mm dia,Each,41386,INR,27.12.7 200mm dia  Each 41386 ,211,19,real,True,sha256:dc58bcdf21a288b9f21c605684be24ed4e38695d9c31d99e0c928e5a4b7a4691,machine_text_pattern,machine_extracted_unverified
27.12.8,250mm dia,Each,48894,INR,27.12.8 250mm dia  Each 48894 ,211,20,real,True,sha256:dc58bcdf21a288b9f21c605684be24ed4e38695d9c31d99e0c928e5a4b7a4691,machine_text_pattern,machine_extracted_unverified
27.12.9,300mm dia,Each,68961,INR,27.12.9 300mm dia  Each 68961 ,211,21,real,True,sha256:dc58bcdf21a288b9f21c605684be24ed4e38695d9c31d99e0c928e5a4b7a4691,machine_text_pattern,machine_extracted_unverified
27.14.1,40mm dia,Each,6257,INR,27.14.1 40mm dia  Each 6257 ,211,42,real,True,sha256:dc58bcdf21a288b9f21c605684be24ed4e38695d9c31d99e0c928e5a4b7a4691,machine_text_pattern,machine_extracted_unverified
27.14.2,50mm dia,Each,6257,INR,27.14.2 50mm dia  Each 6257 ,211,43,real,True,sha256:dc58bcdf21a288b9f21c605684be24ed4e38695d9c31d99e0c928e5a4b7a4691,machine_text_pattern,machine_extracted_unverified
27.14.3,65mm dia,Each,6955,INR,27.14.3 65mm dia  Each 6955 ,212,3,real,True,sha256:dc58bcdf21a288b9f21c605684be24ed4e38695d9c31d99e0c928e5a4b7a4691,machine_text_pattern,machine_extracted_unverified
27.14.4,80mm dia,Each,8255,INR,27.14.4 80mm dia  Each 8255 ,212,4,real,True,sha256:dc58bcdf21a288b9f21c605684be24ed4e38695d9c31d99e0c928e5a4b7a4691,machine_text_pattern,machine_extracted_unverified
27.14.5,100mm dia,Each,11853,INR,27.14.5 100mm dia  Each 11853 ,212,5,real,True,sha256:dc58bcdf21a288b9f21c605684be24ed4e38695d9c31d99e0c928e5a4b7a4691,machine_text_pattern,machine_extracted_unverified
27.14.6,125mm dia,Each,16929,INR,27.14.6 125mm dia  Each 16929 ,212,6,real,True,sha256:dc58bcdf21a288b9f21c605684be24ed4e38695d9c31d99e0c928e5a4b7a4691,machine_text_pattern,machine_extracted_unverified
27.14.7,150mm dia,Each,18884,INR,27.14.7 150mm dia  Each 18884 ,212,7,real,True,sha256:dc58bcdf21a288b9f21c605684be24ed4e38695d9c31d99e0c928e5a4b7a4691,machine_text_pattern,machine_extracted_unverified
27.14.8,200mm dia,Each,30896,INR,27.14.8 200mm dia  Each 30896 ,212,8,real,True,sha256:dc58bcdf21a288b9f21c605684be24ed4e38695d9c31d99e0c928e5a4b7a4691,machine_text_pattern,machine_extracted_unverified
27.14.9,250mm dia,Each,47622,INR,27.14.9 250mm dia  Each 47622 ,212,9,real,True,sha256:dc58bcdf21a288b9f21c605684be24ed4e38695d9c31d99e0c928e5a4b7a4691,machine_text_pattern,machine_extracted_unverified
27.14.10,300mm dia,Each,63466,INR,27.14.10 300mm dia  Each 63466 ,212,10,real,True,sha256:dc58bcdf21a288b9f21c605684be24ed4e38695d9c31d99e0c928e5a4b7a4691,machine_text_pattern,machine_extracted_unverified
27.15.1,80 mm dia,Each,5117,INR,27.15.1 80 mm dia  Each 5117 ,212,16,real,True,sha256:dc58bcdf21a288b9f21c605684be24ed4e38695d9c31d99e0c928e5a4b7a4691,machine_text_pattern,machine_extracted_unverified
27.15.2,100mm dia,Each,7270,INR,27.15.2 100mm dia  Each 7270 ,212,17,real,True,sha256:dc58bcdf21a288b9f21c605684be24ed4e38695d9c31d99e0c928e5a4b7a4691,machine_text_pattern,machine_extracted_unverified
27.15.3,150mm dia,Each,11682,INR,27.15.3 150mm dia  Each 11682 ,212,18,real,True,sha256:dc58bcdf21a288b9f21c605684be24ed4e38695d9c31d99e0c928e5a4b7a4691,machine_text_pattern,machine_extracted_unverified
27.15.4,200mm dia,Each,23571,INR,27.15.4 200mm dia  Each 23571 ,212,19,real,True,sha256:dc58bcdf21a288b9f21c605684be24ed4e38695d9c31d99e0c928e5a4b7a4691,machine_text_pattern,machine_extracted_unverified
27.15.5,250mm dia,Each,28985,INR,27.15.5 250mm dia  Each 28985 ,212,20,real,True,sha256:dc58bcdf21a288b9f21c605684be24ed4e38695d9c31d99e0c928e5a4b7a4691,machine_text_pattern,machine_extracted_unverified
27.15.6,300mm dia,Each,38558,INR,27.15.6 300mm dia  Each 38558 ,212,21,real,True,sha256:dc58bcdf21a288b9f21c605684be24ed4e38695d9c31d99e0c928e5a4b7a4691,machine_text_pattern,machine_extracted_unverified
27.16.1,Gun Metal,Each,5455,INR,27.16.1 Gun Metal  Each 5455 ,212,26,real,True,sha256:dc58bcdf21a288b9f21c605684be24ed4e38695d9c31d99e0c928e5a4b7a4691,machine_text_pattern,machine_extracted_unverified
27.16.2,Stainless Steel (Grade 304),Each,4667,INR,27.16.2 Stainless Steel (Grade 304) Each 4667 ,212,27,real,True,sha256:dc58bcdf21a288b9f21c605684be24ed4e38695d9c31d99e0c928e5a4b7a4691,machine_text_pattern,machine_extracted_unverified
27.17.1,30 m,Each,9440,INR,27.17.1 30 m Each 9440 ,213,7,real,True,sha256:dc58bcdf21a288b9f21c605684be24ed4e38695d9c31d99e0c928e5a4b7a4691,machine_text_pattern,machine_extracted_unverified
27.17.2,40 m,Each,12991,INR,27.17.2 40 m Each 12991 ,213,8,real,True,sha256:dc58bcdf21a288b9f21c605684be24ed4e38695d9c31d99e0c928e5a4b7a4691,machine_text_pattern,machine_extracted_unverified
27.18.1,Gun metal,Each,4977,INR,27.18.1 Gun metal  Each 4977 ,213,14,real,True,sha256:dc58bcdf21a288b9f21c605684be24ed4e38695d9c31d99e0c928e5a4b7a4691,machine_text_pattern,machine_extracted_unverified
27.18.2,Stainless Steel (Grade 304),Each,3402,INR,27.18.2 Stainless Steel (Grade 304) Each 3402 ,213,15,real,True,sha256:dc58bcdf21a288b9f21c605684be24ed4e38695d9c31d99e0c928e5a4b7a4691,machine_text_pattern,machine_extracted_unverified
27.19.1,2 way-100 mm dia M.S. Pipe,Each,7262,INR,27.19.1 2 way-100 mm dia M.S. Pipe Each 7262 ,213,21,real,True,sha256:dc58bcdf21a288b9f21c605684be24ed4e38695d9c31d99e0c928e5a4b7a4691,machine_text_pattern,machine_extracted_unverified
27.19.2,4 way - 150 mm dia M.S. Pipe,Each,14820,INR,27.19.2 4 way - 150 mm dia M.S. Pipe Each 14820 ,213,22,real,True,sha256:dc58bcdf21a288b9f21c605684be24ed4e38695d9c31d99e0c928e5a4b7a4691,machine_text_pattern,machine_extracted_unverified
27.19.3,3 way - 150 mm dia M.S. Pipe,Each,10097,INR,27.19.3 3 way - 150 mm dia M.S. Pipe Each 10097 ,213,23,real,True,sha256:dc58bcdf21a288b9f21c605684be24ed4e38695d9c31d99e0c928e5a4b7a4691,machine_text_pattern,machine_extracted_unverified
27.21.1,Pendent Sprinkler,Each,599,INR,27.21.1 Pendent Sprinkler Each 599 ,213,46,real,True,sha256:dc58bcdf21a288b9f21c605684be24ed4e38695d9c31d99e0c928e5a4b7a4691,machine_text_pattern,machine_extracted_unverified
27.21.2,Upright Sprinkler,Each,599,INR,27.21.2 Upright Sprinkler Each 599 ,213,47,real,True,sha256:dc58bcdf21a288b9f21c605684be24ed4e38695d9c31d99e0c928e5a4b7a4691,machine_text_pattern,machine_extracted_unverified
27.21.3,Horizontal side wall sprinkler,Each,699,INR,27.21.3 Horizontal side wall sprinkler Each 699 ,213,48,real,True,sha256:dc58bcdf21a288b9f21c605684be24ed4e38695d9c31d99e0c928e5a4b7a4691,machine_text_pattern,machine_extracted_unverified
27.21.4,Concealed sprinkler,Each,1553,INR,27.21.4 Concealed sprinkler  Each 1553 ,213,49,real,True,sha256:dc58bcdf21a288b9f21c605684be24ed4e38695d9c31d99e0c928e5a4b7a4691,machine_text_pattern,machine_extracted_unverified
27.23.1,100mm dia,Each,8069,INR,27.23.1 100mm dia  Each 8069 ,214,6,real,True,sha256:dc58bcdf21a288b9f21c605684be24ed4e38695d9c31d99e0c928e5a4b7a4691,machine_text_pattern,machine_extracted_unverified
27.23.2,150mm dia,Each,9644,INR,27.23.2 150mm dia  Each 9644 ,214,7,real,True,sha256:dc58bcdf21a288b9f21c605684be24ed4e38695d9c31d99e0c928e5a4b7a4691,machine_text_pattern,machine_extracted_unverified
27.24.1,80mm dia,Each,45052,INR,27.24.1 80mm dia  Each 45052 ,214,18,real,True,sha256:dc58bcdf21a288b9f21c605684be24ed4e38695d9c31d99e0c928e5a4b7a4691,machine_text_pattern,machine_extracted_unverified
27.24.2,100mm dia,Each,47460,INR,27.24.2 100mm dia  Each 47460 ,214,19,real,True,sha256:dc58bcdf21a288b9f21c605684be24ed4e38695d9c31d99e0c928e5a4b7a4691,machine_text_pattern,machine_extracted_unverified
27.24.3,150mm dia,Each,50805,INR,27.24.3 150mm dia  Each 50805 ,214,20,real,True,sha256:dc58bcdf21a288b9f21c605684be24ed4e38695d9c31d99e0c928e5a4b7a4691,machine_text_pattern,machine_extracted_unverified
27.25.1,700mm,Each,1495,INR,27.25.1 700mm Each 1495 ,214,29,real,True,sha256:dc58bcdf21a288b9f21c605684be24ed4e38695d9c31d99e0c928e5a4b7a4691,machine_text_pattern,machine_extracted_unverified
27.25.2,1000mm,Each,1703,INR,27.25.2 1000mm Each 1703 ,214,30,real,True,sha256:dc58bcdf21a288b9f21c605684be24ed4e38695d9c31d99e0c928e5a4b7a4691,machine_text_pattern,machine_extracted_unverified
27.25.3,1200mm,Each,1800,INR,27.25.3 1200mm Each 1800 ,214,31,real,True,sha256:dc58bcdf21a288b9f21c605684be24ed4e38695d9c31d99e0c928e5a4b7a4691,machine_text_pattern,machine_extracted_unverified
27.25.4,1500mm,Each,1969,INR,27.25.4 1500mm Each 1969 ,214,32,real,True,sha256:dc58bcdf21a288b9f21c605684be24ed4e38695d9c31d99e0c928e5a4b7a4691,machine_text_pattern,machine_extracted_unverified
27.26.1,50 mm dia,Each,87237,INR,27.26.1 50 mm dia Each 87237 ,214,38,real,True,sha256:dc58bcdf21a288b9f21c605684be24ed4e38695d9c31d99e0c928e5a4b7a4691,machine_text_pattern,machine_extracted_unverified
27.26.2,80 mm dia,Each,87862,INR,27.26.2 80 mm dia Each 87862 ,214,39,real,True,sha256:dc58bcdf21a288b9f21c605684be24ed4e38695d9c31d99e0c928e5a4b7a4691,machine_text_pattern,machine_extracted_unverified
27.26.3,100mm dia,Each,98253,INR,27.26.3 100mm dia  Each 98253 ,214,40,real,True,sha256:dc58bcdf21a288b9f21c605684be24ed4e38695d9c31d99e0c928e5a4b7a4691,machine_text_pattern,machine_extracted_unverified
27.26.4,150mm dia,Each,121301,INR,27.26.4 150mm dia  Each 121301 ,215,3,real,True,sha256:dc58bcdf21a288b9f21c605684be24ed4e38695d9c31d99e0c928e5a4b7a4691,machine_text_pattern,machine_extracted_unverified
28.1.9.1,4 Zone,Each,9808,INR,28.1.9.1 4 Zone Each 9808 ,217,10,real,True,sha256:dc58bcdf21a288b9f21c605684be24ed4e38695d9c31d99e0c928e5a4b7a4691,machine_text_pattern,machine_extracted_unverified
28.1.9.2,6 Zone,Each,13269,INR,28.1.9.2 6 Zone Each 13269 ,217,11,real,True,sha256:dc58bcdf21a288b9f21c605684be24ed4e38695d9c31d99e0c928e5a4b7a4691,machine_text_pattern,machine_extracted_unverified
28.1.9.3,10 Zone,Each,17780,INR,28.1.9.3 10 Zone Each 17780 ,217,12,real,True,sha256:dc58bcdf21a288b9f21c605684be24ed4e38695d9c31d99e0c928e5a4b7a4691,machine_text_pattern,machine_extracted_unverified
28.2.1.1,Ten Loop Panel.,Each,476893,INR,28.2.1.1 Ten Loop Panel. Each 476893 ,219,5,real,True,sha256:dc58bcdf21a288b9f21c605684be24ed4e38695d9c31d99e0c928e5a4b7a4691,machine_text_pattern,machine_extracted_unverified
28.2.1.2,Two Loop Panel.,Each,250420,INR,28.2.1.2 Two Loop Panel. Each 250420 ,219,6,real,True,sha256:dc58bcdf21a288b9f21c605684be24ed4e38695d9c31d99e0c928e5a4b7a4691,machine_text_pattern,machine_extracted_unverified
28.5.3.1,"speaker cable Single pair, 2-core, 1.5 sqmm",Meter,61,INR,"28.5.3.1 speaker cable Single pair, 2-core, 1.5 sqmm Meter 61 ",221,86,real,True,sha256:dc58bcdf21a288b9f21c605684be24ed4e38695d9c31d99e0c928e5a4b7a4691,machine_text_pattern,machine_extracted_unverified
28.5.3.2,"speaker cable Two pair, 2-core, 1.5 sqmm",Meter,97,INR,"28.5.3.2 speaker cable Two pair, 2-core, 1.5 sqmm Meter 97 ",221,87,real,True,sha256:dc58bcdf21a288b9f21c605684be24ed4e38695d9c31d99e0c928e5a4b7a4691,machine_text_pattern,machine_extracted_unverified
28.5.3.3,"speaker cable Three pair, 2-core, 1.5 sqmm",Meter,134,INR,"28.5.3.3 speaker cable Three pair, 2-core, 1.5 sqmm Meter 134 ",221,88,real,True,sha256:dc58bcdf21a288b9f21c605684be24ed4e38695d9c31d99e0c928e5a4b7a4691,machine_text_pattern,machine_extracted_unverified
28.5.3.4,"speaker cable Four pair, 2-core, 1.5 sqmm",Meter,171,INR,"28.5.3.4 speaker cable Four pair, 2-core, 1.5 sqmm Meter 171 ",221,89,real,True,sha256:dc58bcdf21a288b9f21c605684be24ed4e38695d9c31d99e0c928e5a4b7a4691,machine_text_pattern,machine_extracted_unverified
29.1.1,25KVA,Each,403101,INR,29.1.1 25KVA Each  403101 ,225,12,real,True,sha256:dc58bcdf21a288b9f21c605684be24ed4e38695d9c31d99e0c928e5a4b7a4691,machine_text_pattern,machine_extracted_unverified
29.1.2,35KVA,Each,446290,INR,29.1.2 35KVA Each  446290 ,225,13,real,True,sha256:dc58bcdf21a288b9f21c605684be24ed4e38695d9c31d99e0c928e5a4b7a4691,machine_text_pattern,machine_extracted_unverified
29.1.3,40KVA,Each,532669,INR,29.1.3 40KVA Each  532669 ,225,14,real,True,sha256:dc58bcdf21a288b9f21c605684be24ed4e38695d9c31d99e0c928e5a4b7a4691,machine_text_pattern,machine_extracted_unverified
29.1.4,50KVA,Each,565061,INR,29.1.4 50KVA Each  565061 ,225,15,real,True,sha256:dc58bcdf21a288b9f21c605684be24ed4e38695d9c31d99e0c928e5a4b7a4691,machine_text_pattern,machine_extracted_unverified
29.1.5,62.5KVA,Each,597453,INR,29.1.5 62.5KVA Each  597453 ,225,16,real,True,sha256:dc58bcdf21a288b9f21c605684be24ed4e38695d9c31d99e0c928e5a4b7a4691,machine_text_pattern,machine_extracted_unverified
29.1.6,82.5KVA,Each,741418,INR,29.1.6 82.5KVA Each  741418 ,225,17,real,True,sha256:dc58bcdf21a288b9f21c605684be24ed4e38695d9c31d99e0c928e5a4b7a4691,machine_text_pattern,machine_extracted_unverified
29.1.7,100KVA,Each,863788,INR,29.1.7 100KVA Each  863788 ,225,18,real,True,sha256:dc58bcdf21a288b9f21c605684be24ed4e38695d9c31d99e0c928e5a4b7a4691,machine_text_pattern,machine_extracted_unverified
29.1.8,125KVA,Each,885383,INR,29.1.8 125KVA Each  885383 ,225,19,real,True,sha256:dc58bcdf21a288b9f21c605684be24ed4e38695d9c31d99e0c928e5a4b7a4691,machine_text_pattern,machine_extracted_unverified
29.1.9,160KVA,Each,1249613,INR,29.1.9 160KVA Each  1249613 ,225,20,real,True,sha256:dc58bcdf21a288b9f21c605684be24ed4e38695d9c31d99e0c928e5a4b7a4691,machine_text_pattern,machine_extracted_unverified
29.1.10,200KVA,Each,1547620,INR,29.1.10 200KVA Each  1547620 ,225,21,real,True,sha256:dc58bcdf21a288b9f21c605684be24ed4e38695d9c31d99e0c928e5a4b7a4691,machine_text_pattern,machine_extracted_unverified
29.1.11,250KVA,Each,1871541,INR,29.1.11 250KVA Each  1871541 ,225,22,real,True,sha256:dc58bcdf21a288b9f21c605684be24ed4e38695d9c31d99e0c928e5a4b7a4691,machine_text_pattern,machine_extracted_unverified
29.1.12,320KVA,Each,2447399,INR,29.1.12 320KVA Each  2447399 ,225,23,real,True,sha256:dc58bcdf21a288b9f21c605684be24ed4e38695d9c31d99e0c928e5a4b7a4691,machine_text_pattern,machine_extracted_unverified
29.1.13,380KVA,Each,2843302,INR,29.1.13 380KVA Each  2843302 ,225,24,real,True,sha256:dc58bcdf21a288b9f21c605684be24ed4e38695d9c31d99e0c928e5a4b7a4691,machine_text_pattern,machine_extracted_unverified
29.1.14,400 KVA,Each,2951276,INR,29.1.14 400 KVA Each  2951276 ,225,25,real,True,sha256:dc58bcdf21a288b9f21c605684be24ed4e38695d9c31d99e0c928e5a4b7a4691,machine_text_pattern,machine_extracted_unverified
29.1.15,500KVA,Each,3455152,INR,29.1.15 500KVA Each  3455152 ,225,26,real,True,sha256:dc58bcdf21a288b9f21c605684be24ed4e38695d9c31d99e0c928e5a4b7a4691,machine_text_pattern,machine_extracted_unverified
29.1.16,625KVA,Each,5038764,INR,29.1.16 625KVA Each  5038764 ,225,27,real,True,sha256:dc58bcdf21a288b9f21c605684be24ed4e38695d9c31d99e0c928e5a4b7a4691,machine_text_pattern,machine_extracted_unverified
29.1.17,750KVA,Each,6406428,INR,29.1.17 750KVA Each  6406428 ,225,28,real,True,sha256:dc58bcdf21a288b9f21c605684be24ed4e38695d9c31d99e0c928e5a4b7a4691,machine_text_pattern,machine_extracted_unverified
30.1.1,400mm dia.(75 mm thick insulation),Meter,22662,INR,30.1.1 400mm dia.(75 mm thick insulation) Meter 22662 ,226,29,real,True,sha256:dc58bcdf21a288b9f21c605684be24ed4e38695d9c31d99e0c928e5a4b7a4691,machine_text_pattern,machine_extracted_unverified
30.1.2,350 mm dia.(75 mm thick insulation),Meter,13512,INR,30.1.2 350 mm dia.(75 mm thick insulation) Meter 13512 ,226,30,real,True,sha256:dc58bcdf21a288b9f21c605684be24ed4e38695d9c31d99e0c928e5a4b7a4691,machine_text_pattern,machine_extracted_unverified
30.1.3,300 mm dia.(75 mm thick insulation),Meter,11875,INR,30.1.3 300 mm dia.(75 mm thick insulation) Meter 11875 ,226,31,real,True,sha256:dc58bcdf21a288b9f21c605684be24ed4e38695d9c31d99e0c928e5a4b7a4691,machine_text_pattern,machine_extracted_unverified
30.1.4,250mm dia.(75 mm thick insulation),Meter,10027,INR,30.1.4 250mm dia.(75 mm thick insulation) Meter 10027 ,226,32,real,True,sha256:dc58bcdf21a288b9f21c605684be24ed4e38695d9c31d99e0c928e5a4b7a4691,machine_text_pattern,machine_extracted_unverified
30.1.5,200mm dia.(75 mm thick insulation),Meter,8415,INR,30.1.5 200mm dia.(75 mm thick insulation) Meter 8415 ,226,33,real,True,sha256:dc58bcdf21a288b9f21c605684be24ed4e38695d9c31d99e0c928e5a4b7a4691,machine_text_pattern,machine_extracted_unverified
30.1.6,150mm dia. (50mm thick insulation),Meter,5578,INR,30.1.6 150mm dia. (50mm thick insulation) Meter 5578 ,226,34,real,True,sha256:dc58bcdf21a288b9f21c605684be24ed4e38695d9c31d99e0c928e5a4b7a4691,machine_text_pattern,machine_extracted_unverified
30.1.7,125mm dia.(50mm thick insulation),Meter,4742,INR,30.1.7 125mm dia.(50mm thick insulation) Meter 4742 ,226,35,real,True,sha256:dc58bcdf21a288b9f21c605684be24ed4e38695d9c31d99e0c928e5a4b7a4691,machine_text_pattern,machine_extracted_unverified
30.1.8,100mm dia. (50mm thick insulation),Meter,3877,INR,30.1.8 100mm dia. (50mm thick insulation) Meter 3877 ,226,36,real,True,sha256:dc58bcdf21a288b9f21c605684be24ed4e38695d9c31d99e0c928e5a4b7a4691,machine_text_pattern,machine_extracted_unverified
30.1.9,80mm dia. (50mm thick insulation),Meter,3183,INR,30.1.9 80mm dia. (50mm thick insulation) Meter 3183 ,226,37,real,True,sha256:dc58bcdf21a288b9f21c605684be24ed4e38695d9c31d99e0c928e5a4b7a4691,machine_text_pattern,machine_extracted_unverified
30.1.10,65mm dia.(50mm thick insulation),Meter,2704,INR,30.1.10 65mm dia.(50mm thick insulation) Meter 2704 ,226,38,real,True,sha256:dc58bcdf21a288b9f21c605684be24ed4e38695d9c31d99e0c928e5a4b7a4691,machine_text_pattern,machine_extracted_unverified
30.1.11,50mm dia.(50mm thick insulation),Meter,2251,INR,30.1.11 50mm dia.(50mm thick insulation) Meter 2251 ,226,39,real,True,sha256:dc58bcdf21a288b9f21c605684be24ed4e38695d9c31d99e0c928e5a4b7a4691,machine_text_pattern,machine_extracted_unverified
30.1.12,40mm dia. (50mm thick insulation),Meter,1936,INR,30.1.12 40mm dia. (50mm thick insulation) Meter 1936 ,227,3,real,True,sha256:dc58bcdf21a288b9f21c605684be24ed4e38695d9c31d99e0c928e5a4b7a4691,machine_text_pattern,machine_extracted_unverified
30.1.13,32 mm dia (50mm thick insulation),Meter,1695,INR,30.1.13 32 mm dia (50mm thick insulation) Meter 1695 ,227,4,real,True,sha256:dc58bcdf21a288b9f21c605684be24ed4e38695d9c31d99e0c928e5a4b7a4691,machine_text_pattern,machine_extracted_unverified
30.1.14,25 mm dia (50mm thick insulation),Meter,1534,INR,30.1.14 25 mm dia (50mm thick insulation) Meter 1534 ,227,5,real,True,sha256:dc58bcdf21a288b9f21c605684be24ed4e38695d9c31d99e0c928e5a4b7a4691,machine_text_pattern,machine_extracted_unverified
30.2.1,400mm dia.(32 mm thick insulation),Meter,19846,INR,30.2.1 400mm dia.(32 mm thick insulation) Meter 19846 ,227,27,real,True,sha256:dc58bcdf21a288b9f21c605684be24ed4e38695d9c31d99e0c928e5a4b7a4691,machine_text_pattern,machine_extracted_unverified
30.2.2,350mm dia.(32 mm thick insulation),Meter,10921,INR,30.2.2 350mm dia.(32 mm thick insulation) Meter 10921 ,227,28,real,True,sha256:dc58bcdf21a288b9f21c605684be24ed4e38695d9c31d99e0c928e5a4b7a4691,machine_text_pattern,machine_extracted_unverified
30.2.3,300mm dia. (32 mm thick insulation),Meter,9663,INR,30.2.3 300mm dia. (32 mm thick insulation) Meter 9663 ,227,29,real,True,sha256:dc58bcdf21a288b9f21c605684be24ed4e38695d9c31d99e0c928e5a4b7a4691,machine_text_pattern,machine_extracted_unverified
30.2.4,250mm dia.(32 mm thick insulation),Meter,8276,INR,30.2.4 250mm dia.(32 mm thick insulation) Meter 8276 ,227,30,real,True,sha256:dc58bcdf21a288b9f21c605684be24ed4e38695d9c31d99e0c928e5a4b7a4691,machine_text_pattern,machine_extracted_unverified
30.2.5,200mm dia.(32 mm thick insulation),Meter,6728,INR,30.2.5 200mm dia.(32 mm thick insulation) Meter 6728 ,227,31,real,True,sha256:dc58bcdf21a288b9f21c605684be24ed4e38695d9c31d99e0c928e5a4b7a4691,machine_text_pattern,machine_extracted_unverified
30.2.6,150mm dia. (32 mm thick insulation),Meter,4676,INR,30.2.6 150mm dia. (32 mm thick insulation) Meter 4676 ,227,32,real,True,sha256:dc58bcdf21a288b9f21c605684be24ed4e38695d9c31d99e0c928e5a4b7a4691,machine_text_pattern,machine_extracted_unverified
30.2.7,125mm dia.(32 mm thick insulation),Meter,4105,INR,30.2.7 125mm dia.(32 mm thick insulation) Meter 4105 ,227,33,real,True,sha256:dc58bcdf21a288b9f21c605684be24ed4e38695d9c31d99e0c928e5a4b7a4691,machine_text_pattern,machine_extracted_unverified
30.2.8,100mm dia. (32 mm thick insulation),Meter,3279,INR,30.2.8 100mm dia. (32 mm thick insulation) Meter 3279 ,227,34,real,True,sha256:dc58bcdf21a288b9f21c605684be24ed4e38695d9c31d99e0c928e5a4b7a4691,machine_text_pattern,machine_extracted_unverified
30.2.9,80mm dia.(32 mm thick insulation),Meter,2467,INR,30.2.9 80mm dia.(32 mm thick insulation) Meter 2467 ,227,35,real,True,sha256:dc58bcdf21a288b9f21c605684be24ed4e38695d9c31d99e0c928e5a4b7a4691,machine_text_pattern,machine_extracted_unverified
30.2.10,65mm dia(32 mm thick insulation),Meter,1989,INR,30.2.10 65mm dia(32 mm thick insulation) Meter 1989 ,227,36,real,True,sha256:dc58bcdf21a288b9f21c605684be24ed4e38695d9c31d99e0c928e5a4b7a4691,machine_text_pattern,machine_extracted_unverified
30.2.11,50mm dia(32 mm thick insulation),Meter,1738,INR,30.2.11 50mm dia(32 mm thick insulation) Meter 1738 ,227,37,real,True,sha256:dc58bcdf21a288b9f21c605684be24ed4e38695d9c31d99e0c928e5a4b7a4691,machine_text_pattern,machine_extracted_unverified
30.2.12,40mm dia. (32 mm thick insulation),Meter,1428,INR,30.2.12 40mm dia. (32 mm thick insulation) Meter 1428 ,228,3,real,True,sha256:dc58bcdf21a288b9f21c605684be24ed4e38695d9c31d99e0c928e5a4b7a4691,machine_text_pattern,machine_extracted_unverified
30.2.13,32 mm dia(19 mm thick insulation),Meter,1252,INR,30.2.13 32 mm dia(19 mm thick insulation) Meter 1252 ,228,4,real,True,sha256:dc58bcdf21a288b9f21c605684be24ed4e38695d9c31d99e0c928e5a4b7a4691,machine_text_pattern,machine_extracted_unverified
30.2.14,25 mm dia(19 mm thick insulation),Meter,1042,INR,30.2.14 25 mm dia(19 mm thick insulation) Meter 1042 ,228,5,real,True,sha256:dc58bcdf21a288b9f21c605684be24ed4e38695d9c31d99e0c928e5a4b7a4691,machine_text_pattern,machine_extracted_unverified
30.3.1,400mm dia.(75 mm thick insulation),Meter,21473,INR,30.3.1 400mm dia.(75 mm thick insulation) Meter 21473 ,228,29,real,True,sha256:dc58bcdf21a288b9f21c605684be24ed4e38695d9c31d99e0c928e5a4b7a4691,machine_text_pattern,machine_extracted_unverified
30.3.2,350 mm dia.(75 mm thick insulation),Meter,12391,INR,30.3.2 350 mm dia.(75 mm thick insulation) Meter 12391 ,228,30,real,True,sha256:dc58bcdf21a288b9f21c605684be24ed4e38695d9c31d99e0c928e5a4b7a4691,machine_text_pattern,machine_extracted_unverified
30.3.3,300 mm dia.(75 mm thick insulation),Meter,11020,INR,30.3.3 300 mm dia.(75 mm thick insulation) Meter 11020 ,228,31,real,True,sha256:dc58bcdf21a288b9f21c605684be24ed4e38695d9c31d99e0c928e5a4b7a4691,machine_text_pattern,machine_extracted_unverified
30.3.4,250mm dia.(75 mm thick insulation),Meter,9291,INR,30.3.4 250mm dia.(75 mm thick insulation) Meter 9291 ,228,32,real,True,sha256:dc58bcdf21a288b9f21c605684be24ed4e38695d9c31d99e0c928e5a4b7a4691,machine_text_pattern,machine_extracted_unverified
30.3.5,200mm dia (75 mm thick insulation),Meter,7810,INR,30.3.5 200mm dia (75 mm thick insulation) Meter 7810 ,228,33,real,True,sha256:dc58bcdf21a288b9f21c605684be24ed4e38695d9c31d99e0c928e5a4b7a4691,machine_text_pattern,machine_extracted_unverified
30.3.6,150mm dia. (75 mm thick insulation),Meter,5289,INR,30.3.6 150mm dia. (75 mm thick insulation) Meter 5289 ,228,34,real,True,sha256:dc58bcdf21a288b9f21c605684be24ed4e38695d9c31d99e0c928e5a4b7a4691,machine_text_pattern,machine_extracted_unverified
30.3.7,125mm dia.(50mm thick insulation),Meter,4445,INR,30.3.7 125mm dia.(50mm thick insulation) Meter 4445 ,228,35,real,True,sha256:dc58bcdf21a288b9f21c605684be24ed4e38695d9c31d99e0c928e5a4b7a4691,machine_text_pattern,machine_extracted_unverified
30.3.8,100mm dia.(50mm thick insulation),Meter,3819,INR,30.3.8 100mm dia.(50mm thick insulation) Meter 3819 ,228,36,real,True,sha256:dc58bcdf21a288b9f21c605684be24ed4e38695d9c31d99e0c928e5a4b7a4691,machine_text_pattern,machine_extracted_unverified
30.3.9,80mm dia. (50mm thick insulation),Meter,3020,INR,30.3.9 80mm dia. (50mm thick insulation) Meter 3020 ,228,37,real,True,sha256:dc58bcdf21a288b9f21c605684be24ed4e38695d9c31d99e0c928e5a4b7a4691,machine_text_pattern,machine_extracted_unverified
30.3.10,65mm dia.(50mm thick insulation),Meter,2566,INR,30.3.10 65mm dia.(50mm thick insulation) Meter 2566 ,228,38,real,True,sha256:dc58bcdf21a288b9f21c605684be24ed4e38695d9c31d99e0c928e5a4b7a4691,machine_text_pattern,machine_extracted_unverified
30.3.11,50mm dia.((50mm thick insulation),Meter,2143,INR,30.3.11 50mm dia.((50mm thick insulation) Meter 2143 ,229,3,real,True,sha256:dc58bcdf21a288b9f21c605684be24ed4e38695d9c31d99e0c928e5a4b7a4691,machine_text_pattern,machine_extracted_unverified
30.3.12,40mm dia. (50mm thick insulation),Meter,1845,INR,30.3.12 40mm dia. (50mm thick insulation) Meter 1845 ,229,4,real,True,sha256:dc58bcdf21a288b9f21c605684be24ed4e38695d9c31d99e0c928e5a4b7a4691,machine_text_pattern,machine_extracted_unverified
30.3.13,32 mm dia (50mm thick insulation),Meter,1613,INR,30.3.13 32 mm dia (50mm thick insulation) Meter 1613 ,229,5,real,True,sha256:dc58bcdf21a288b9f21c605684be24ed4e38695d9c31d99e0c928e5a4b7a4691,machine_text_pattern,machine_extracted_unverified
30.3.14,25 mm dia (50mm thick insulation),Meter,1469,INR,30.3.14 25 mm dia (50mm thick insulation) Meter 1469 ,229,6,real,True,sha256:dc58bcdf21a288b9f21c605684be24ed4e38695d9c31d99e0c928e5a4b7a4691,machine_text_pattern,machine_extracted_unverified
30.7.1.1,200 mm dia,Each,16887,INR,30.7.1.1 200 mm dia Each 16887 ,230,19,real,True,sha256:dc58bcdf21a288b9f21c605684be24ed4e38695d9c31d99e0c928e5a4b7a4691,machine_text_pattern,machine_extracted_unverified
30.7.1.2,150mm dia.,Each,9272,INR,30.7.1.2 150mm dia. Each 9272 ,230,20,real,True,sha256:dc58bcdf21a288b9f21c605684be24ed4e38695d9c31d99e0c928e5a4b7a4691,machine_text_pattern,machine_extracted_unverified
30.7.1.3,125mm dia.,Each,8505,INR,30.7.1.3 125mm dia. Each 8505 ,230,21,real,True,sha256:dc58bcdf21a288b9f21c605684be24ed4e38695d9c31d99e0c928e5a4b7a4691,machine_text_pattern,machine_extracted_unverified
30.7.1.4,100mm dia.,Each,7482,INR,30.7.1.4 100mm dia. Each 7482 ,230,22,real,True,sha256:dc58bcdf21a288b9f21c605684be24ed4e38695d9c31d99e0c928e5a4b7a4691,machine_text_pattern,machine_extracted_unverified
30.7.1.5,80mm dia.,Each,5419,INR,30.7.1.5 80mm dia. Each 5419 ,230,23,real,True,sha256:dc58bcdf21a288b9f21c605684be24ed4e38695d9c31d99e0c928e5a4b7a4691,machine_text_pattern,machine_extracted_unverified
30.7.1.6,65mm dia.,Each,5086,INR,30.7.1.6 65mm dia. Each 5086 ,230,24,real,True,sha256:dc58bcdf21a288b9f21c605684be24ed4e38695d9c31d99e0c928e5a4b7a4691,machine_text_pattern,machine_extracted_unverified
30.7.1.7,50mm dia.,Each,4627,INR,30.7.1.7 50mm dia. Each 4627 ,230,25,real,True,sha256:dc58bcdf21a288b9f21c605684be24ed4e38695d9c31d99e0c928e5a4b7a4691,machine_text_pattern,machine_extracted_unverified
30.7.1.8,40mm dia.,Each,3906,INR,30.7.1.8 40mm dia. Each 3906 ,230,26,real,True,sha256:dc58bcdf21a288b9f21c605684be24ed4e38695d9c31d99e0c928e5a4b7a4691,machine_text_pattern,machine_extracted_unverified
30.7.2.1,200 mm dia,Each,73203,INR,30.7.2.1 200 mm dia Each 73203 ,230,32,real,True,sha256:dc58bcdf21a288b9f21c605684be24ed4e38695d9c31d99e0c928e5a4b7a4691,machine_text_pattern,machine_extracted_unverified
30.7.2.2,150mm dia.,Each,36463,INR,30.7.2.2 150mm dia. Each 36463 ,230,33,real,True,sha256:dc58bcdf21a288b9f21c605684be24ed4e38695d9c31d99e0c928e5a4b7a4691,machine_text_pattern,machine_extracted_unverified
30.7.2.3,125mm dia.,Each,28132,INR,30.7.2.3 125mm dia. Each 28132 ,230,34,real,True,sha256:dc58bcdf21a288b9f21c605684be24ed4e38695d9c31d99e0c928e5a4b7a4691,machine_text_pattern,machine_extracted_unverified
30.7.2.4,100mm dia.,Each,21241,INR,30.7.2.4 100mm dia. Each 21241 ,230,35,real,True,sha256:dc58bcdf21a288b9f21c605684be24ed4e38695d9c31d99e0c928e5a4b7a4691,machine_text_pattern,machine_extracted_unverified
30.7.2.5,80mm dia.,Each,14722,INR,30.7.2.5 80mm dia. Each 14722 ,230,36,real,True,sha256:dc58bcdf21a288b9f21c605684be24ed4e38695d9c31d99e0c928e5a4b7a4691,machine_text_pattern,machine_extracted_unverified
30.7.2.6,65 mm dia,Each,13214,INR,30.7.2.6 65 mm dia Each 13214 ,230,37,real,True,sha256:dc58bcdf21a288b9f21c605684be24ed4e38695d9c31d99e0c928e5a4b7a4691,machine_text_pattern,machine_extracted_unverified
30.7.2.7,50mm dia.,Each,11524,INR,30.7.2.7 50mm dia. Each 11524 ,231,3,real,True,sha256:dc58bcdf21a288b9f21c605684be24ed4e38695d9c31d99e0c928e5a4b7a4691,machine_text_pattern,machine_extracted_unverified
30.7.2.8,40 mm dia,Each,8200,INR,30.7.2.8 40 mm dia Each 8200 ,231,4,real,True,sha256:dc58bcdf21a288b9f21c605684be24ed4e38695d9c31d99e0c928e5a4b7a4691,machine_text_pattern,machine_extracted_unverified
30.7.3.1,200 mm dia,Each,15686,INR,30.7.3.1 200 mm dia Each 15686 ,231,10,real,True,sha256:dc58bcdf21a288b9f21c605684be24ed4e38695d9c31d99e0c928e5a4b7a4691,machine_text_pattern,machine_extracted_unverified
30.7.3.2,150mm dia.,Each,10155,INR,30.7.3.2 150mm dia. Each 10155 ,231,11,real,True,sha256:dc58bcdf21a288b9f21c605684be24ed4e38695d9c31d99e0c928e5a4b7a4691,machine_text_pattern,machine_extracted_unverified
30.7.3.3,125mm dia.,Each,8732,INR,30.7.3.3 125mm dia. Each 8732 ,231,12,real,True,sha256:dc58bcdf21a288b9f21c605684be24ed4e38695d9c31d99e0c928e5a4b7a4691,machine_text_pattern,machine_extracted_unverified
30.7.3.4,100 mm dia,Each,6945,INR,30.7.3.4 100 mm dia Each 6945 ,231,13,real,True,sha256:dc58bcdf21a288b9f21c605684be24ed4e38695d9c31d99e0c928e5a4b7a4691,machine_text_pattern,machine_extracted_unverified
30.7.3.5,80mm dia.,Each,4821,INR,30.7.3.5 80mm dia. Each 4821 ,231,14,real,True,sha256:dc58bcdf21a288b9f21c605684be24ed4e38695d9c31d99e0c928e5a4b7a4691,machine_text_pattern,machine_extracted_unverified
30.7.3.6,65 mm dia,Each,4307,INR,30.7.3.6 65 mm dia Each 4307 ,231,15,real,True,sha256:dc58bcdf21a288b9f21c605684be24ed4e38695d9c31d99e0c928e5a4b7a4691,machine_text_pattern,machine_extracted_unverified
30.7.4.1,200mm dia,Each,52447,INR,30.7.4.1 200mm dia Each 52447 ,231,20,real,True,sha256:dc58bcdf21a288b9f21c605684be24ed4e38695d9c31d99e0c928e5a4b7a4691,machine_text_pattern,machine_extracted_unverified
30.7.4.2,150mm dia.,Each,29286,INR,30.7.4.2 150mm dia. Each 29286 ,231,21,real,True,sha256:dc58bcdf21a288b9f21c605684be24ed4e38695d9c31d99e0c928e5a4b7a4691,machine_text_pattern,machine_extracted_unverified
30.7.4.3,125mm dia.,Each,23397,INR,30.7.4.3 125mm dia. Each 23397 ,231,22,real,True,sha256:dc58bcdf21a288b9f21c605684be24ed4e38695d9c31d99e0c928e5a4b7a4691,machine_text_pattern,machine_extracted_unverified
30.7.4.4,100 mm dia,Each,15834,INR,30.7.4.4 100 mm dia Each 15834 ,231,23,real,True,sha256:dc58bcdf21a288b9f21c605684be24ed4e38695d9c31d99e0c928e5a4b7a4691,machine_text_pattern,machine_extracted_unverified
30.7.4.5,80 mm dia,Each,10666,INR,30.7.4.5 80 mm dia Each 10666 ,231,24,real,True,sha256:dc58bcdf21a288b9f21c605684be24ed4e38695d9c31d99e0c928e5a4b7a4691,machine_text_pattern,machine_extracted_unverified
30.7.4.6,65mm dia.,Each,8661,INR,30.7.4.6 65mm dia. Each 8661 ,231,25,real,True,sha256:dc58bcdf21a288b9f21c605684be24ed4e38695d9c31d99e0c928e5a4b7a4691,machine_text_pattern,machine_extracted_unverified
30.7.4.7,50mm dia.,Each,6461,INR,30.7.4.7 50mm dia. Each 6461 ,231,26,real,True,sha256:dc58bcdf21a288b9f21c605684be24ed4e38695d9c31d99e0c928e5a4b7a4691,machine_text_pattern,machine_extracted_unverified
30.7.4.8,40mm dia.,Each,4837,INR,30.7.4.8 40mm dia. Each 4837 ,231,27,real,True,sha256:dc58bcdf21a288b9f21c605684be24ed4e38695d9c31d99e0c928e5a4b7a4691,machine_text_pattern,machine_extracted_unverified
30.10.1,300mm dia.,Meter,8445,INR,30.10.1 300mm dia. Meter 8445 ,232,19,real,True,sha256:dc58bcdf21a288b9f21c605684be24ed4e38695d9c31d99e0c928e5a4b7a4691,machine_text_pattern,machine_extracted_unverified
30.10.2,250 mm dia,Meter,7124,INR,30.10.2 250 mm dia Meter 7124 ,232,20,real,True,sha256:dc58bcdf21a288b9f21c605684be24ed4e38695d9c31d99e0c928e5a4b7a4691,machine_text_pattern,machine_extracted_unverified
30.10.3,200mm dia.,Meter,5962,INR,30.10.3 200mm dia. Meter 5962 ,232,21,real,True,sha256:dc58bcdf21a288b9f21c605684be24ed4e38695d9c31d99e0c928e5a4b7a4691,machine_text_pattern,machine_extracted_unverified
30.10.4,150mm dia.,Meter,4045,INR,30.10.4 150mm dia. Meter 4045 ,232,22,real,True,sha256:dc58bcdf21a288b9f21c605684be24ed4e38695d9c31d99e0c928e5a4b7a4691,machine_text_pattern,machine_extracted_unverified
30.10.5,125mm dia.,Meter,3506,INR,30.10.5 125mm dia. Meter 3506 ,232,23,real,True,sha256:dc58bcdf21a288b9f21c605684be24ed4e38695d9c31d99e0c928e5a4b7a4691,machine_text_pattern,machine_extracted_unverified
30.10.6,100mm dia.,Meter,2973,INR,30.10.6 100mm dia. Meter 2973 ,232,24,real,True,sha256:dc58bcdf21a288b9f21c605684be24ed4e38695d9c31d99e0c928e5a4b7a4691,machine_text_pattern,machine_extracted_unverified
30.11.1.1,200mm dia.,Each,15064,INR,30.11.1.1 200mm dia. Each 15064 ,232,33,real,True,sha256:dc58bcdf21a288b9f21c605684be24ed4e38695d9c31d99e0c928e5a4b7a4691,machine_text_pattern,machine_extracted_unverified
30.11.1.2,150mm dia.,Each,7648,INR,30.11.1.2 150mm dia. Each 7648 ,232,34,real,True,sha256:dc58bcdf21a288b9f21c605684be24ed4e38695d9c31d99e0c928e5a4b7a4691,machine_text_pattern,machine_extracted_unverified
30.11.1.3,125mm dia.,Each,6976,INR,30.11.1.3 125mm dia. Each 6976 ,232,35,real,True,sha256:dc58bcdf21a288b9f21c605684be24ed4e38695d9c31d99e0c928e5a4b7a4691,machine_text_pattern,machine_extracted_unverified
30.11.1.4,100mm dia.,Each,5962,INR,30.11.1.4 100mm dia. Each 5962 ,232,36,real,True,sha256:dc58bcdf21a288b9f21c605684be24ed4e38695d9c31d99e0c928e5a4b7a4691,machine_text_pattern,machine_extracted_unverified
30.11.1.5,80mm dia.,Each,4438,INR,30.11.1.5 80mm dia. Each 4438 ,232,37,real,True,sha256:dc58bcdf21a288b9f21c605684be24ed4e38695d9c31d99e0c928e5a4b7a4691,machine_text_pattern,machine_extracted_unverified
30.11.1.6,65mm dia.,Each,4210,INR,30.11.1.6 65mm dia. Each 4210 ,232,38,real,True,sha256:dc58bcdf21a288b9f21c605684be24ed4e38695d9c31d99e0c928e5a4b7a4691,machine_text_pattern,machine_extracted_unverified
30.11.1.7,50mm dia.,Each,3708,INR,30.11.1.7 50mm dia. Each 3708 ,233,3,real,True,sha256:dc58bcdf21a288b9f21c605684be24ed4e38695d9c31d99e0c928e5a4b7a4691,machine_text_pattern,machine_extracted_unverified
30.11.1.8,40mm dia.,Each,3113,INR,30.11.1.8 40mm dia. Each 3113 ,233,4,real,True,sha256:dc58bcdf21a288b9f21c605684be24ed4e38695d9c31d99e0c928e5a4b7a4691,machine_text_pattern,machine_extracted_unverified
30.11.2.1,200mm dia.,Each,13833,INR,30.11.2.1 200mm dia. Each 13833 ,233,9,real,True,sha256:dc58bcdf21a288b9f21c605684be24ed4e38695d9c31d99e0c928e5a4b7a4691,machine_text_pattern,machine_extracted_unverified
30.11.2.2,150mm dia.,Each,8546,INR,30.11.2.2 150mm dia. Each 8546 ,233,10,real,True,sha256:dc58bcdf21a288b9f21c605684be24ed4e38695d9c31d99e0c928e5a4b7a4691,machine_text_pattern,machine_extracted_unverified
30.11.2.3,125mm dia.,Each,7334,INR,30.11.2.3 125mm dia. Each 7334 ,233,11,real,True,sha256:dc58bcdf21a288b9f21c605684be24ed4e38695d9c31d99e0c928e5a4b7a4691,machine_text_pattern,machine_extracted_unverified
30.11.2.4,100mm dia.,Each,5631,INR,30.11.2.4 100mm dia. Each 5631 ,233,12,real,True,sha256:dc58bcdf21a288b9f21c605684be24ed4e38695d9c31d99e0c928e5a4b7a4691,machine_text_pattern,machine_extracted_unverified
30.11.2.5,80mm dia.,Each,3837,INR,30.11.2.5 80mm dia. Each 3837 ,233,13,real,True,sha256:dc58bcdf21a288b9f21c605684be24ed4e38695d9c31d99e0c928e5a4b7a4691,machine_text_pattern,machine_extracted_unverified
30.11.2.6,65mm dia.,Each,3384,INR,30.11.2.6 65mm dia. Each 3384 ,233,14,real,True,sha256:dc58bcdf21a288b9f21c605684be24ed4e38695d9c31d99e0c928e5a4b7a4691,machine_text_pattern,machine_extracted_unverified
30.11.3.1,350mm dia.,Each,117120,INR,30.11.3.1 350mm dia. Each 117120 ,233,22,real,True,sha256:dc58bcdf21a288b9f21c605684be24ed4e38695d9c31d99e0c928e5a4b7a4691,machine_text_pattern,machine_extracted_unverified
30.11.3.2,300mm dia.,Each,104953,INR,30.11.3.2 300mm dia. Each 104953 ,233,23,real,True,sha256:dc58bcdf21a288b9f21c605684be24ed4e38695d9c31d99e0c928e5a4b7a4691,machine_text_pattern,machine_extracted_unverified
30.11.3.3,250mm dia.,Each,75561,INR,30.11.3.3 250mm dia. Each 75561 ,233,24,real,True,sha256:dc58bcdf21a288b9f21c605684be24ed4e38695d9c31d99e0c928e5a4b7a4691,machine_text_pattern,machine_extracted_unverified
30.11.3.4,200mm dia.,Each,57795,INR,30.11.3.4 200mm dia. Each 57795 ,233,25,real,True,sha256:dc58bcdf21a288b9f21c605684be24ed4e38695d9c31d99e0c928e5a4b7a4691,machine_text_pattern,machine_extracted_unverified
30.11.3.5,150mm dia.,Each,44806,INR,30.11.3.5 150mm dia. Each 44806 ,233,26,real,True,sha256:dc58bcdf21a288b9f21c605684be24ed4e38695d9c31d99e0c928e5a4b7a4691,machine_text_pattern,machine_extracted_unverified
30.11.3.6,125mm dia.,Each,44420,INR,30.11.3.6 125mm dia. Each 44420 ,233,27,real,True,sha256:dc58bcdf21a288b9f21c605684be24ed4e38695d9c31d99e0c928e5a4b7a4691,machine_text_pattern,machine_extracted_unverified
30.11.3.7,100mm dia.,Each,43595,INR,30.11.3.7 100mm dia. Each 43595 ,233,28,real,True,sha256:dc58bcdf21a288b9f21c605684be24ed4e38695d9c31d99e0c928e5a4b7a4691,machine_text_pattern,machine_extracted_unverified
30.11.3.8,80mm dia.,Each,18641,INR,30.11.3.8 80mm dia. Each 18641 ,233,29,real,True,sha256:dc58bcdf21a288b9f21c605684be24ed4e38695d9c31d99e0c928e5a4b7a4691,machine_text_pattern,machine_extracted_unverified
30.11.3.9,65mm dia.,Each,18460,INR,30.11.3.9 65mm dia. Each 18460 ,233,30,real,True,sha256:dc58bcdf21a288b9f21c605684be24ed4e38695d9c31d99e0c928e5a4b7a4691,machine_text_pattern,machine_extracted_unverified
30.11.4.1,150mm dia.,Each,168917,INR,30.11.4.1 150mm dia. Each 168917 ,234,13,real,True,sha256:dc58bcdf21a288b9f21c605684be24ed4e38695d9c31d99e0c928e5a4b7a4691,machine_text_pattern,machine_extracted_unverified
30.11.4.2,125mm dia.,Each,153790,INR,30.11.4.2 125mm dia. Each 153790 ,234,14,real,True,sha256:dc58bcdf21a288b9f21c605684be24ed4e38695d9c31d99e0c928e5a4b7a4691,machine_text_pattern,machine_extracted_unverified
30.11.4.3,100mm dia.,Each,121015,INR,30.11.4.3 100mm dia. Each 121015 ,234,15,real,True,sha256:dc58bcdf21a288b9f21c605684be24ed4e38695d9c31d99e0c928e5a4b7a4691,machine_text_pattern,machine_extracted_unverified
30.11.4.4,80mm dia.,Each,71582,INR,30.11.4.4 80mm dia. Each 71582 ,234,16,real,True,sha256:dc58bcdf21a288b9f21c605684be24ed4e38695d9c31d99e0c928e5a4b7a4691,machine_text_pattern,machine_extracted_unverified
30.11.4.5,65mm dia.,Each,56243,INR,30.11.4.5 65mm dia. Each 56243 ,234,17,real,True,sha256:dc58bcdf21a288b9f21c605684be24ed4e38695d9c31d99e0c928e5a4b7a4691,machine_text_pattern,machine_extracted_unverified
30.11.4.6,50mm dia.,Each,36431,INR,30.11.4.6 50mm dia. Each 36431 ,234,18,real,True,sha256:dc58bcdf21a288b9f21c605684be24ed4e38695d9c31d99e0c928e5a4b7a4691,machine_text_pattern,machine_extracted_unverified
30.11.4.7,40mm dia.,Each,33234,INR,30.11.4.7 40mm dia. Each 33234 ,234,19,real,True,sha256:dc58bcdf21a288b9f21c605684be24ed4e38695d9c31d99e0c928e5a4b7a4691,machine_text_pattern,machine_extracted_unverified
30.11.4.8,32mm dia.,Each,17895,INR,30.11.4.8 32mm dia. Each 17895 ,234,20,real,True,sha256:dc58bcdf21a288b9f21c605684be24ed4e38695d9c31d99e0c928e5a4b7a4691,machine_text_pattern,machine_extracted_unverified
30.11.4.9,25mm dia.,Each,16832,INR,30.11.4.9 25mm dia. Each 16832 ,234,21,real,True,sha256:dc58bcdf21a288b9f21c605684be24ed4e38695d9c31d99e0c928e5a4b7a4691,machine_text_pattern,machine_extracted_unverified
30.12.1.1,Thickness 0.63 mm sheet,sq. m,1191,INR,30.12.1.1 Thickness 0.63 mm sheet sq. m 1191 ,234,35,real,True,sha256:dc58bcdf21a288b9f21c605684be24ed4e38695d9c31d99e0c928e5a4b7a4691,machine_text_pattern,machine_extracted_unverified
30.12.1.2,Thickness 0.80 mm sheet,sq. m,1382,INR,30.12.1.2 Thickness 0.80 mm sheet sq. m 1382 ,234,36,real,True,sha256:dc58bcdf21a288b9f21c605684be24ed4e38695d9c31d99e0c928e5a4b7a4691,machine_text_pattern,machine_extracted_unverified
30.12.1.3,Thickness 1.00 mm sheet,sq. m,1488,INR,30.12.1.3 Thickness 1.00 mm sheet sq. m 1488 ,234,37,real,True,sha256:dc58bcdf21a288b9f21c605684be24ed4e38695d9c31d99e0c928e5a4b7a4691,machine_text_pattern,machine_extracted_unverified
30.12.1.4,Thickness 1.25 mm sheet,sq. m,2013,INR,30.12.1.4 Thickness 1.25 mm sheet sq. m 2013 ,235,3,real,True,sha256:dc58bcdf21a288b9f21c605684be24ed4e38695d9c31d99e0c928e5a4b7a4691,machine_text_pattern,machine_extracted_unverified
30.12.2.1,Thickness 0.63 mm sheet,sq. m,1213,INR,30.12.2.1 Thickness 0.63 mm sheet sq. m 1213 ,235,13,real,True,sha256:dc58bcdf21a288b9f21c605684be24ed4e38695d9c31d99e0c928e5a4b7a4691,machine_text_pattern,machine_extracted_unverified
30.12.2.2,Thickness 0.80 mm sheet,sq. m,1387,INR,30.12.2.2 Thickness 0.80 mm sheet sq. m 1387 ,235,14,real,True,sha256:dc58bcdf21a288b9f21c605684be24ed4e38695d9c31d99e0c928e5a4b7a4691,machine_text_pattern,machine_extracted_unverified
30.12.2.3,Thickness 1.00 mm sheet,sq. m,1851,INR,30.12.2.3 Thickness 1.00 mm sheet sq. m 1851 ,235,15,real,True,sha256:dc58bcdf21a288b9f21c605684be24ed4e38695d9c31d99e0c928e5a4b7a4691,machine_text_pattern,machine_extracted_unverified
30.12.2.4,Thickness 1.25 mm sheet,sq. m,2014,INR,30.12.2.4 Thickness 1.25 mm sheet sq. m 2014 ,235,16,real,True,sha256:dc58bcdf21a288b9f21c605684be24ed4e38695d9c31d99e0c928e5a4b7a4691,machine_text_pattern,machine_extracted_unverified
30.14.1,Damper,sq. m,9788,INR,30.14.1 Damper sq. m 9788 ,235,39,real,True,sha256:dc58bcdf21a288b9f21c605684be24ed4e38695d9c31d99e0c928e5a4b7a4691,machine_text_pattern,machine_extracted_unverified
30.14.2,Actuator,Each,9798,INR,30.14.2 Actuator Each 9798 ,235,40,real,True,sha256:dc58bcdf21a288b9f21c605684be24ed4e38695d9c31d99e0c928e5a4b7a4691,machine_text_pattern,machine_extracted_unverified
30.19.1,200 mm dia.,Meter,633,INR,30.19.1 200 mm dia.  Meter 633 ,236,35,real,True,sha256:dc58bcdf21a288b9f21c605684be24ed4e38695d9c31d99e0c928e5a4b7a4691,machine_text_pattern,machine_extracted_unverified
30.20.1,Fire damper,sq. m,11355,INR,30.20.1 Fire damper sq. m 11355 ,236,47,real,True,sha256:dc58bcdf21a288b9f21c605684be24ed4e38695d9c31d99e0c928e5a4b7a4691,machine_text_pattern,machine_extracted_unverified
30.20.2,Actuator,Each,10627,INR,30.20.2 Actuator Each 10627 ,236,48,real,True,sha256:dc58bcdf21a288b9f21c605684be24ed4e38695d9c31d99e0c928e5a4b7a4691,machine_text_pattern,machine_extracted_unverified
30.23.1,19mm,sq.m,810,INR,30.23.1 19mm sq.m 810 ,237,28,real,True,sha256:dc58bcdf21a288b9f21c605684be24ed4e38695d9c31d99e0c928e5a4b7a4691,machine_text_pattern,machine_extracted_unverified
30.23.2,25mm,sq.m,1033,INR,30.23.2 25mm sq.m 1033 ,237,29,real,True,sha256:dc58bcdf21a288b9f21c605684be24ed4e38695d9c31d99e0c928e5a4b7a4691,machine_text_pattern,machine_extracted_unverified
30.26.1,4300 CMH,Set,110362,INR,30.26.1 4300 CMH Set 110362 ,238,17,real,True,sha256:dc58bcdf21a288b9f21c605684be24ed4e38695d9c31d99e0c928e5a4b7a4691,machine_text_pattern,machine_extracted_unverified
30.26.2,5100 CMH,Set,129837,INR,30.26.2 5100 CMH Set 129837 ,238,18,real,True,sha256:dc58bcdf21a288b9f21c605684be24ed4e38695d9c31d99e0c928e5a4b7a4691,machine_text_pattern,machine_extracted_unverified
30.26.3,6800 CMH,Set,145902,INR,30.26.3 6800 CMH Set 145902 ,238,19,real,True,sha256:dc58bcdf21a288b9f21c605684be24ed4e38695d9c31d99e0c928e5a4b7a4691,machine_text_pattern,machine_extracted_unverified
30.26.4,8500 CMH,Set,180747,INR,30.26.4 8500 CMH Set 180747 ,238,20,real,True,sha256:dc58bcdf21a288b9f21c605684be24ed4e38695d9c31d99e0c928e5a4b7a4691,machine_text_pattern,machine_extracted_unverified
30.26.5,10200 CMH,Set,208449,INR,30.26.5 10200 CMH Set 208449 ,238,21,real,True,sha256:dc58bcdf21a288b9f21c605684be24ed4e38695d9c31d99e0c928e5a4b7a4691,machine_text_pattern,machine_extracted_unverified
30.26.6,11900 CMH,Set,236902,INR,30.26.6 11900 CMH Set 236902 ,238,22,real,True,sha256:dc58bcdf21a288b9f21c605684be24ed4e38695d9c31d99e0c928e5a4b7a4691,machine_text_pattern,machine_extracted_unverified
30.26.7,13600 CMH,Set,254450,INR,30.26.7 13600 CMH Set 254450 ,238,23,real,True,sha256:dc58bcdf21a288b9f21c605684be24ed4e38695d9c31d99e0c928e5a4b7a4691,machine_text_pattern,machine_extracted_unverified
30.26.8,15300 CMH,Set,288419,INR,30.26.8 15300 CMH Set 288419 ,238,24,real,True,sha256:dc58bcdf21a288b9f21c605684be24ed4e38695d9c31d99e0c928e5a4b7a4691,machine_text_pattern,machine_extracted_unverified
30.26.9,17000 CMH,Set,305215,INR,30.26.9 17000 CMH Set 305215 ,238,25,real,True,sha256:dc58bcdf21a288b9f21c605684be24ed4e38695d9c31d99e0c928e5a4b7a4691,machine_text_pattern,machine_extracted_unverified
30.26.10,18700 CMH,Set,337303,INR,30.26.10 18700 CMH Set 337303 ,238,26,real,True,sha256:dc58bcdf21a288b9f21c605684be24ed4e38695d9c31d99e0c928e5a4b7a4691,machine_text_pattern,machine_extracted_unverified
30.26.11,20400 CMH,Set,362372,INR,30.26.11 20400 CMH Set 362372 ,238,27,real,True,sha256:dc58bcdf21a288b9f21c605684be24ed4e38695d9c31d99e0c928e5a4b7a4691,machine_text_pattern,machine_extracted_unverified
30.26.12,23800 CMH,Set,397358,INR,30.26.12 23800 CMH  Set  397358 ,238,28,real,True,sha256:dc58bcdf21a288b9f21c605684be24ed4e38695d9c31d99e0c928e5a4b7a4691,machine_text_pattern,machine_extracted_unverified
30.26.13,28900 CMH,Set,419639,INR,30.26.13  28900 CMH  Set  419639 ,238,29,real,True,sha256:dc58bcdf21a288b9f21c605684be24ed4e38695d9c31d99e0c928e5a4b7a4691,machine_text_pattern,machine_extracted_unverified
30.26.14,34000 CMH,Set,465104,INR,30.26.14  34000 CMH  Set  465104 ,238,30,real,True,sha256:dc58bcdf21a288b9f21c605684be24ed4e38695d9c31d99e0c928e5a4b7a4691,machine_text_pattern,machine_extracted_unverified
30.26.15,39100 CMH,Set,644915,INR,30.26.15 39100 CMH  Set  644915 ,238,31,real,True,sha256:dc58bcdf21a288b9f21c605684be24ed4e38695d9c31d99e0c928e5a4b7a4691,machine_text_pattern,machine_extracted_unverified
30.27.1,4300 CMH*,Each,97252,INR,30.27.1 4300 CMH* Each 97252 ,239,25,real,True,sha256:dc58bcdf21a288b9f21c605684be24ed4e38695d9c31d99e0c928e5a4b7a4691,machine_text_pattern,machine_extracted_unverified
30.27.2,5100 CMH*,Each,114150,INR,30.27.2 5100 CMH* Each 114150 ,239,26,real,True,sha256:dc58bcdf21a288b9f21c605684be24ed4e38695d9c31d99e0c928e5a4b7a4691,machine_text_pattern,machine_extracted_unverified
30.27.3,6800 CMH*,Each,127371,INR,30.27.3 6800 CMH* Each 127371 ,239,27,real,True,sha256:dc58bcdf21a288b9f21c605684be24ed4e38695d9c31d99e0c928e5a4b7a4691,machine_text_pattern,machine_extracted_unverified
30.27.4,8500 CMH*,Each,157605,INR,30.27.4 8500 CMH* Each 157605 ,239,28,real,True,sha256:dc58bcdf21a288b9f21c605684be24ed4e38695d9c31d99e0c928e5a4b7a4691,machine_text_pattern,machine_extracted_unverified
30.27.5,10200 CMH*,Each,184382,INR,30.27.5 10200 CMH* Each 184382 ,239,29,real,True,sha256:dc58bcdf21a288b9f21c605684be24ed4e38695d9c31d99e0c928e5a4b7a4691,machine_text_pattern,machine_extracted_unverified
30.27.6,11900 CMH*,Each,206403,INR,30.27.6 11900 CMH* Each 206403 ,239,30,real,True,sha256:dc58bcdf21a288b9f21c605684be24ed4e38695d9c31d99e0c928e5a4b7a4691,machine_text_pattern,machine_extracted_unverified
30.27.7,13600 CMH*,Each,223114,INR,30.27.7 13600 CMH* Each 223114 ,239,31,real,True,sha256:dc58bcdf21a288b9f21c605684be24ed4e38695d9c31d99e0c928e5a4b7a4691,machine_text_pattern,machine_extracted_unverified
30.27.8,15300 CMH*,Each,253573,INR,30.27.8 15300 CMH* Each 253573 ,239,32,real,True,sha256:dc58bcdf21a288b9f21c605684be24ed4e38695d9c31d99e0c928e5a4b7a4691,machine_text_pattern,machine_extracted_unverified
30.27.9,17000 CMH*,Each,266859,INR,30.27.9 17000 CMH* Each 266859 ,239,33,real,True,sha256:dc58bcdf21a288b9f21c605684be24ed4e38695d9c31d99e0c928e5a4b7a4691,machine_text_pattern,machine_extracted_unverified
30.27.10,18700 CMH*,Each,291987,INR,30.27.10 18700 CMH* Each 291987 ,239,34,real,True,sha256:dc58bcdf21a288b9f21c605684be24ed4e38695d9c31d99e0c928e5a4b7a4691,machine_text_pattern,machine_extracted_unverified
30.27.11,20400 CMH*,Each,316621,INR,30.27.11 20400 CMH* Each 316621 ,239,35,real,True,sha256:dc58bcdf21a288b9f21c605684be24ed4e38695d9c31d99e0c928e5a4b7a4691,machine_text_pattern,machine_extracted_unverified
30.27.12,23800 CMH*,Each,301047,INR,30.27.12  23800 CMH* Each 301047 ,239,36,real,True,sha256:dc58bcdf21a288b9f21c605684be24ed4e38695d9c31d99e0c928e5a4b7a4691,machine_text_pattern,machine_extracted_unverified
30.27.13,28900 CMH*,Each,384197,INR,30.27.13  28900 CMH* Each 384197 ,240,3,real,True,sha256:dc58bcdf21a288b9f21c605684be24ed4e38695d9c31d99e0c928e5a4b7a4691,machine_text_pattern,machine_extracted_unverified
30.27.14,34000 CMH*,Each,425772,INR,30.27.14 34000 CMH* Each 425772 ,240,4,real,True,sha256:dc58bcdf21a288b9f21c605684be24ed4e38695d9c31d99e0c928e5a4b7a4691,machine_text_pattern,machine_extracted_unverified
30.27.15,39100 CMH*,Each,487835,INR,30.27.15  39100 CMH* Each 487835 ,240,5,real,True,sha256:dc58bcdf21a288b9f21c605684be24ed4e38695d9c31d99e0c928e5a4b7a4691,machine_text_pattern,machine_extracted_unverified
31.1.1,6 HP to 8 HP,Per HP,20947,INR,31.1.1 6 HP to 8 HP Per HP 20947 ,241,38,real,True,sha256:dc58bcdf21a288b9f21c605684be24ed4e38695d9c31d99e0c928e5a4b7a4691,machine_text_pattern,machine_extracted_unverified
31.1.2,10 HP to 12 HP,Per HP,20083,INR,31.1.2 10 HP to 12 HP Per HP 20083 ,241,39,real,True,sha256:dc58bcdf21a288b9f21c605684be24ed4e38695d9c31d99e0c928e5a4b7a4691,machine_text_pattern,machine_extracted_unverified
31.1.3,14 HP to 22 HP,Per HP,19111,INR,31.1.3 14 HP to 22 HP Per HP 19111 ,241,40,real,True,sha256:dc58bcdf21a288b9f21c605684be24ed4e38695d9c31d99e0c928e5a4b7a4691,machine_text_pattern,machine_extracted_unverified
31.2.1,6 HP to 8 HP,Per HP,22343,INR,31.2.1 6 HP to 8 HP Per HP 22343 ,242,28,real,True,sha256:dc58bcdf21a288b9f21c605684be24ed4e38695d9c31d99e0c928e5a4b7a4691,machine_text_pattern,machine_extracted_unverified
31.2.2,10 HP to 12 HP,Per HP,21422,INR,31.2.2 10 HP to 12 HP Per HP 21422 ,242,29,real,True,sha256:dc58bcdf21a288b9f21c605684be24ed4e38695d9c31d99e0c928e5a4b7a4691,machine_text_pattern,machine_extracted_unverified
31.2.3,14 HP to 22 HP,Per HP,20385,INR,31.2.3 14 HP to 22 HP Per HP 20385 ,242,30,real,True,sha256:dc58bcdf21a288b9f21c605684be24ed4e38695d9c31d99e0c928e5a4b7a4691,machine_text_pattern,machine_extracted_unverified
31.3.1,6 HP to 8 HP,Per HP,23740,INR,31.3.1 6 HP to 8 HP Per HP 23740 ,243,19,real,True,sha256:dc58bcdf21a288b9f21c605684be24ed4e38695d9c31d99e0c928e5a4b7a4691,machine_text_pattern,machine_extracted_unverified
31.3.2,10 HP to 12 HP,Per HP,22761,INR,31.3.2 10 HP to 12 HP Per HP 22761 ,243,20,real,True,sha256:dc58bcdf21a288b9f21c605684be24ed4e38695d9c31d99e0c928e5a4b7a4691,machine_text_pattern,machine_extracted_unverified
31.3.3,14 HP to 22 HP,Per HP,21659,INR,31.3.3 14 HP to 22 HP Per HP 21659 ,243,21,real,True,sha256:dc58bcdf21a288b9f21c605684be24ed4e38695d9c31d99e0c928e5a4b7a4691,machine_text_pattern,machine_extracted_unverified
31.4.1,0.8 TR,Each,22304,INR,31.4.1 0.8 TR Each 22304 ,243,38,real,True,sha256:dc58bcdf21a288b9f21c605684be24ed4e38695d9c31d99e0c928e5a4b7a4691,machine_text_pattern,machine_extracted_unverified
31.4.2,1.0 TR,Each,27880,INR,31.4.2 1.0 TR Each 27880 ,243,39,real,True,sha256:dc58bcdf21a288b9f21c605684be24ed4e38695d9c31d99e0c928e5a4b7a4691,machine_text_pattern,machine_extracted_unverified
31.4.3,1.2 TR,Each,38601,INR,31.4.3 1.2 TR Each 38601 ,243,40,real,True,sha256:dc58bcdf21a288b9f21c605684be24ed4e38695d9c31d99e0c928e5a4b7a4691,machine_text_pattern,machine_extracted_unverified
31.4.4,1.6 TR,Each,39464,INR,31.4.4 1.6 TR Each 39464 ,244,3,real,True,sha256:dc58bcdf21a288b9f21c605684be24ed4e38695d9c31d99e0c928e5a4b7a4691,machine_text_pattern,machine_extracted_unverified
31.4.5,2.0 TR,Each,39734,INR,31.4.5 2.0 TR Each 39734 ,244,4,real,True,sha256:dc58bcdf21a288b9f21c605684be24ed4e38695d9c31d99e0c928e5a4b7a4691,machine_text_pattern,machine_extracted_unverified
31.4.6,2.4 TR,Each,40814,INR,31.4.6 2.4 TR Each 40814 ,244,5,real,True,sha256:dc58bcdf21a288b9f21c605684be24ed4e38695d9c31d99e0c928e5a4b7a4691,machine_text_pattern,machine_extracted_unverified
31.4.7,2.6 TR,Each,40814,INR,31.4.7 2.6 TR Each 40814 ,244,6,real,True,sha256:dc58bcdf21a288b9f21c605684be24ed4e38695d9c31d99e0c928e5a4b7a4691,machine_text_pattern,machine_extracted_unverified
31.4.8,3.6 TR,Each,44269,INR,31.4.8 3.6 TR Each 44269 ,244,7,real,True,sha256:dc58bcdf21a288b9f21c605684be24ed4e38695d9c31d99e0c928e5a4b7a4691,machine_text_pattern,machine_extracted_unverified
31.4.9,4.1 TR,Each,45781,INR,31.4.9 4.1 TR Each 45781 ,244,8,real,True,sha256:dc58bcdf21a288b9f21c605684be24ed4e38695d9c31d99e0c928e5a4b7a4691,machine_text_pattern,machine_extracted_unverified
31.4.10,4.6TR,Each,52799,INR,31.4.10 4.6TR Each 52799 ,244,9,real,True,sha256:dc58bcdf21a288b9f21c605684be24ed4e38695d9c31d99e0c928e5a4b7a4691,machine_text_pattern,machine_extracted_unverified
31.5.1,0.6 TR,Each,22610,INR,31.5.1 0.6 TR Each 22610 ,244,26,real,True,sha256:dc58bcdf21a288b9f21c605684be24ed4e38695d9c31d99e0c928e5a4b7a4691,machine_text_pattern,machine_extracted_unverified
31.5.2,0.8 TR,Each,25122,INR,31.5.2 0.8 TR Each 25122 ,244,27,real,True,sha256:dc58bcdf21a288b9f21c605684be24ed4e38695d9c31d99e0c928e5a4b7a4691,machine_text_pattern,machine_extracted_unverified
31.5.3,1.0 TR,Each,39410,INR,31.5.3 1.0 TR Each 39410 ,244,28,real,True,sha256:dc58bcdf21a288b9f21c605684be24ed4e38695d9c31d99e0c928e5a4b7a4691,machine_text_pattern,machine_extracted_unverified
31.5.4,1.2 TR,Each,39950,INR,31.5.4 1.2 TR Each 39950 ,244,29,real,True,sha256:dc58bcdf21a288b9f21c605684be24ed4e38695d9c31d99e0c928e5a4b7a4691,machine_text_pattern,machine_extracted_unverified
31.5.5,1.6 TR,Each,39950,INR,31.5.5 1.6 TR Each 39950 ,244,30,real,True,sha256:dc58bcdf21a288b9f21c605684be24ed4e38695d9c31d99e0c928e5a4b7a4691,machine_text_pattern,machine_extracted_unverified
31.6.1,0.6 TR,Each,30233,INR,31.6.1 0.6 TR Each 30233 ,245,19,real,True,sha256:dc58bcdf21a288b9f21c605684be24ed4e38695d9c31d99e0c928e5a4b7a4691,machine_text_pattern,machine_extracted_unverified
31.6.2,0.8 TR,Each,30880,INR,31.6.2 0.8 TR Each 30880 ,245,20,real,True,sha256:dc58bcdf21a288b9f21c605684be24ed4e38695d9c31d99e0c928e5a4b7a4691,machine_text_pattern,machine_extracted_unverified
31.6.3,1.0 TR,Each,32392,INR,31.6.3 1.0 TR Each 32392 ,245,21,real,True,sha256:dc58bcdf21a288b9f21c605684be24ed4e38695d9c31d99e0c928e5a4b7a4691,machine_text_pattern,machine_extracted_unverified
31.6.4,1.2 TR,Each,42326,INR,31.6.4 1.2 TR Each 42326 ,245,22,real,True,sha256:dc58bcdf21a288b9f21c605684be24ed4e38695d9c31d99e0c928e5a4b7a4691,machine_text_pattern,machine_extracted_unverified
31.6.5,1.6 TR,Each,42326,INR,31.6.5 1.6 TR Each 42326 ,245,23,real,True,sha256:dc58bcdf21a288b9f21c605684be24ed4e38695d9c31d99e0c928e5a4b7a4691,machine_text_pattern,machine_extracted_unverified
31.6.6,2.0 TR,Each,43621,INR,31.6.6 2.0 TR Each 43621 ,245,24,real,True,sha256:dc58bcdf21a288b9f21c605684be24ed4e38695d9c31d99e0c928e5a4b7a4691,machine_text_pattern,machine_extracted_unverified
31.7.1,0.6 TR,Each,44053,INR,31.7.1 0.6 TR Each 44053 ,245,39,real,True,sha256:dc58bcdf21a288b9f21c605684be24ed4e38695d9c31d99e0c928e5a4b7a4691,machine_text_pattern,machine_extracted_unverified
31.7.2,1.0 TR,Each,46861,INR,31.7.2 1.0 TR Each 46861 ,245,40,real,True,sha256:dc58bcdf21a288b9f21c605684be24ed4e38695d9c31d99e0c928e5a4b7a4691,machine_text_pattern,machine_extracted_unverified
31.7.3,2.0 TR,Each,57226,INR,31.7.3 2.0 TR Each 57226 ,245,41,real,True,sha256:dc58bcdf21a288b9f21c605684be24ed4e38695d9c31d99e0c928e5a4b7a4691,machine_text_pattern,machine_extracted_unverified
31.7.4,3.3 TR,Each,60541,INR,31.7.4 3.3 TR Each 60541 ,246,3,real,True,sha256:dc58bcdf21a288b9f21c605684be24ed4e38695d9c31d99e0c928e5a4b7a4691,machine_text_pattern,machine_extracted_unverified
31.7.5,4.2 TR,Each,64173,INR,31.7.5 4.2 TR Each 64173 ,246,4,real,True,sha256:dc58bcdf21a288b9f21c605684be24ed4e38695d9c31d99e0c928e5a4b7a4691,machine_text_pattern,machine_extracted_unverified
31.8.1,0.6 TR,Each,16790,INR,31.8.1 0.6 TR Each 16790 ,246,20,real,True,sha256:dc58bcdf21a288b9f21c605684be24ed4e38695d9c31d99e0c928e5a4b7a4691,machine_text_pattern,machine_extracted_unverified
31.8.2,0.8 TR,Each,17276,INR,31.8.2 0.8 TR Each 17276 ,246,21,real,True,sha256:dc58bcdf21a288b9f21c605684be24ed4e38695d9c31d99e0c928e5a4b7a4691,machine_text_pattern,machine_extracted_unverified
31.8.3,1.0 TR,Each,17816,INR,31.8.3 1.0 TR Each 17816 ,246,22,real,True,sha256:dc58bcdf21a288b9f21c605684be24ed4e38695d9c31d99e0c928e5a4b7a4691,machine_text_pattern,machine_extracted_unverified
31.8.4,1.2 TR,Each,21595,INR,31.8.4 1.2 TR Each 21595 ,246,23,real,True,sha256:dc58bcdf21a288b9f21c605684be24ed4e38695d9c31d99e0c928e5a4b7a4691,machine_text_pattern,machine_extracted_unverified
31.8.5,1.6 TR,Each,22027,INR,31.8.5 1.6 TR Each 22027 ,246,24,real,True,sha256:dc58bcdf21a288b9f21c605684be24ed4e38695d9c31d99e0c928e5a4b7a4691,machine_text_pattern,machine_extracted_unverified
31.8.6,2.0 TR,Each,22674,INR,31.8.6 2.0 TR Each 22674 ,246,25,real,True,sha256:dc58bcdf21a288b9f21c605684be24ed4e38695d9c31d99e0c928e5a4b7a4691,machine_text_pattern,machine_extracted_unverified
31.9.1,0.5 TR,Each,30233,INR,31.9.1 0.5 TR Each 30233 ,247,6,real,True,sha256:dc58bcdf21a288b9f21c605684be24ed4e38695d9c31d99e0c928e5a4b7a4691,machine_text_pattern,machine_extracted_unverified
31.9.2,0.6 TR,Each,30880,INR,31.9.2 0.6 TR Each 30880 ,247,7,real,True,sha256:dc58bcdf21a288b9f21c605684be24ed4e38695d9c31d99e0c928e5a4b7a4691,machine_text_pattern,machine_extracted_unverified
31.9.3,0.8 TR,Each,31204,INR,31.9.3 0.8 TR Each 31204 ,247,8,real,True,sha256:dc58bcdf21a288b9f21c605684be24ed4e38695d9c31d99e0c928e5a4b7a4691,machine_text_pattern,machine_extracted_unverified
31.9.4,1.03 TR,Each,31636,INR,31.9.4 1.03 TR Each 31636 ,247,9,real,True,sha256:dc58bcdf21a288b9f21c605684be24ed4e38695d9c31d99e0c928e5a4b7a4691,machine_text_pattern,machine_extracted_unverified
31.9.5,1.3 TR,Each,34444,INR,31.9.5 1.3 TR Each 34444 ,247,10,real,True,sha256:dc58bcdf21a288b9f21c605684be24ed4e38695d9c31d99e0c928e5a4b7a4691,machine_text_pattern,machine_extracted_unverified
31.9.6,1.6 TR,Each,34983,INR,31.9.6 1.6 TR Each 34983 ,247,11,real,True,sha256:dc58bcdf21a288b9f21c605684be24ed4e38695d9c31d99e0c928e5a4b7a4691,machine_text_pattern,machine_extracted_unverified
31.9.7,2.0 TR,Each,36063,INR,31.9.7 2.0 TR Each 36063 ,247,12,real,True,sha256:dc58bcdf21a288b9f21c605684be24ed4e38695d9c31d99e0c928e5a4b7a4691,machine_text_pattern,machine_extracted_unverified
31.10.1,1.2 TR,Each,34336,INR,31.10.1 1.2 TR Each 34336 ,247,31,real,True,sha256:dc58bcdf21a288b9f21c605684be24ed4e38695d9c31d99e0c928e5a4b7a4691,machine_text_pattern,machine_extracted_unverified
31.10.2,1.6 TR,Each,34983,INR,31.10.2 1.6 TR Each 34983 ,247,32,real,True,sha256:dc58bcdf21a288b9f21c605684be24ed4e38695d9c31d99e0c928e5a4b7a4691,machine_text_pattern,machine_extracted_unverified
31.10.3,2.0 TR,Each,36063,INR,31.10.3 2.0 TR Each 36063 ,247,33,real,True,sha256:dc58bcdf21a288b9f21c605684be24ed4e38695d9c31d99e0c928e5a4b7a4691,machine_text_pattern,machine_extracted_unverified
31.10.4,2.4 TR,Each,37683,INR,31.10.4 2.4 TR Each 37683 ,247,34,real,True,sha256:dc58bcdf21a288b9f21c605684be24ed4e38695d9c31d99e0c928e5a4b7a4691,machine_text_pattern,machine_extracted_unverified
31.10.5,3.2 TR,Each,40166,INR,31.10.5 3.2 TR Each 40166 ,247,35,real,True,sha256:dc58bcdf21a288b9f21c605684be24ed4e38695d9c31d99e0c928e5a4b7a4691,machine_text_pattern,machine_extracted_unverified
31.11.1,0.8 TR,Each,31510,INR,31.11.1 0.8 TR Each 31510 ,248,17,real,True,sha256:dc58bcdf21a288b9f21c605684be24ed4e38695d9c31d99e0c928e5a4b7a4691,machine_text_pattern,machine_extracted_unverified
31.11.2,1.03 TR,Each,32730,INR,31.11.2 1.03 TR Each 32730 ,248,18,real,True,sha256:dc58bcdf21a288b9f21c605684be24ed4e38695d9c31d99e0c928e5a4b7a4691,machine_text_pattern,machine_extracted_unverified
31.11.3,1.2 TR,Each,34514,INR,31.11.3 1.2 TR Each 34514 ,248,19,real,True,sha256:dc58bcdf21a288b9f21c605684be24ed4e38695d9c31d99e0c928e5a4b7a4691,machine_text_pattern,machine_extracted_unverified
31.11.4,1.6 TR,Each,34983,INR,31.11.4 1.6 TR Each 34983 ,248,20,real,True,sha256:dc58bcdf21a288b9f21c605684be24ed4e38695d9c31d99e0c928e5a4b7a4691,machine_text_pattern,machine_extracted_unverified
31.11.5,2.0 TR,Each,36063,INR,31.11.5 2.0 TR Each 36063 ,248,21,real,True,sha256:dc58bcdf21a288b9f21c605684be24ed4e38695d9c31d99e0c928e5a4b7a4691,machine_text_pattern,machine_extracted_unverified
31.11.6,2.4 TR,Each,37683,INR,31.11.6 2.4 TR Each 37683 ,248,22,real,True,sha256:dc58bcdf21a288b9f21c605684be24ed4e38695d9c31d99e0c928e5a4b7a4691,machine_text_pattern,machine_extracted_unverified
31.11.7,3.2 TR,Each,40166,INR,31.11.7 3.2 TR Each 40166 ,248,23,real,True,sha256:dc58bcdf21a288b9f21c605684be24ed4e38695d9c31d99e0c928e5a4b7a4691,machine_text_pattern,machine_extracted_unverified
31.11.8,4.0 TR,Each,45997,INR,31.11.8 4.0 TR  Each 45997 ,248,24,real,True,sha256:dc58bcdf21a288b9f21c605684be24ed4e38695d9c31d99e0c928e5a4b7a4691,machine_text_pattern,machine_extracted_unverified
31.11.9,4.6 TR,Each,64568,INR,31.11.9 4.6 TR  Each 64568 ,248,25,real,True,sha256:dc58bcdf21a288b9f21c605684be24ed4e38695d9c31d99e0c928e5a4b7a4691,machine_text_pattern,machine_extracted_unverified
31.12.1,5.5 TR,Each,74394,INR,31.12.1 5.5 TR Each 74394 ,249,6,real,True,sha256:dc58bcdf21a288b9f21c605684be24ed4e38695d9c31d99e0c928e5a4b7a4691,machine_text_pattern,machine_extracted_unverified
31.12.3,6.6 TR,Each,78065,INR,31.12.3 6.6 TR Each 78065 ,249,7,real,True,sha256:dc58bcdf21a288b9f21c605684be24ed4e38695d9c31d99e0c928e5a4b7a4691,machine_text_pattern,machine_extracted_unverified
31.12.4,8.0 TR,Each,85191,INR,31.12.4 8.0 TR Each 85191 ,249,8,real,True,sha256:dc58bcdf21a288b9f21c605684be24ed4e38695d9c31d99e0c928e5a4b7a4691,machine_text_pattern,machine_extracted_unverified
31.13.1,Indoor Units,Each,4535,INR,31.13.1 Indoor Units Each 4535 ,249,13,real,True,sha256:dc58bcdf21a288b9f21c605684be24ed4e38695d9c31d99e0c928e5a4b7a4691,machine_text_pattern,machine_extracted_unverified
31.13.2,Outdoor Multi Joint,Each,8098,INR,31.13.2 Outdoor Multi Joint Each 8098 ,249,14,real,True,sha256:dc58bcdf21a288b9f21c605684be24ed4e38695d9c31d99e0c928e5a4b7a4691,machine_text_pattern,machine_extracted_unverified
31.14.1,6.4 mm dia (OD) (Soft drawn) with tube thickness 1.2 mm,Meter,256,INR,31.14.1 6.4 mm dia (OD) (Soft drawn) with tube thickness 1.2 mm  Meter 256 ,249,26,real,True,sha256:dc58bcdf21a288b9f21c605684be24ed4e38695d9c31d99e0c928e5a4b7a4691,machine_text_pattern,machine_extracted_unverified
31.14.2,9.5 mm dia (OD) (Soft drawn) with tube thickness 1.2 mm,Meter,346,INR,31.14.2 9.5 mm dia (OD) (Soft drawn) with tube thickness 1.2 mm  Meter 346 ,249,27,real,True,sha256:dc58bcdf21a288b9f21c605684be24ed4e38695d9c31d99e0c928e5a4b7a4691,machine_text_pattern,machine_extracted_unverified
31.14.3,12.7 mm dia (OD) (Soft drawn) with tube thickness 1.2 mm,Meter,487,INR,31.14.3 12.7 mm dia (OD) (Soft drawn) with tube thickness 1.2 mm  Meter 487 ,249,28,real,True,sha256:dc58bcdf21a288b9f21c605684be24ed4e38695d9c31d99e0c928e5a4b7a4691,machine_text_pattern,machine_extracted_unverified
31.14.4,15.86 mm dia (OD) (Soft drawn) with tube thickness 1.2 mm,Meter,615,INR,31.14.4 15.86 mm dia (OD) (Soft drawn) with tube thickness 1.2 mm  Meter 615 ,249,29,real,True,sha256:dc58bcdf21a288b9f21c605684be24ed4e38695d9c31d99e0c928e5a4b7a4691,machine_text_pattern,machine_extracted_unverified
31.14.5,19 mm dia (OD) (Hard drawn) with tube thickness 1.2 mm,Meter,739,INR,31.14.5 19 mm dia (OD) (Hard drawn) with tube thickness 1.2 mm  Meter 739 ,249,30,real,True,sha256:dc58bcdf21a288b9f21c605684be24ed4e38695d9c31d99e0c928e5a4b7a4691,machine_text_pattern,machine_extracted_unverified
31.14.6,22.2 mm dia (OD) (Hard drawn) with tube thickness 1.2 mm,Meter,904,INR,31.14.6 22.2 mm dia (OD) (Hard drawn) with tube thickness 1.2 mm  Meter 904 ,249,31,real,True,sha256:dc58bcdf21a288b9f21c605684be24ed4e38695d9c31d99e0c928e5a4b7a4691,machine_text_pattern,machine_extracted_unverified
31.14.7,25.4 mm dia (OD) (Hard drawn) with tube thickness 1.2 mm,Meter,1068,INR,31.14.7 25.4 mm dia (OD) (Hard drawn) with tube thickness 1.2 mm  Meter 1068 ,249,32,real,True,sha256:dc58bcdf21a288b9f21c605684be24ed4e38695d9c31d99e0c928e5a4b7a4691,machine_text_pattern,machine_extracted_unverified
31.14.8,28.58 mm dia (OD) (Hard drawn) with tube thickness 1.2 mm,Meter,1157,INR,31.14.8 28.58 mm dia (OD) (Hard drawn) with tube thickness 1.2 mm Meter 1157 ,249,33,real,True,sha256:dc58bcdf21a288b9f21c605684be24ed4e38695d9c31d99e0c928e5a4b7a4691,machine_text_pattern,machine_extracted_unverified
31.14.9,31.8 mm dia (OD) (Hard drawn) with tube thickness 1.62 mm,Meter,1222,INR,31.14.9 31.8 mm dia (OD) (Hard drawn) with tube thickness 1.62 mm  Meter 1222 ,249,34,real,True,sha256:dc58bcdf21a288b9f21c605684be24ed4e38695d9c31d99e0c928e5a4b7a4691,machine_text_pattern,machine_extracted_unverified
31.14.10,34.9 mm dia (OD) (Hard drawn) with tube thickness 1.62 mm,Meter,1286,INR,31.14.10 34.9 mm dia (OD) (Hard drawn) with tube thickness 1.62 mm  Meter 1286 ,249,35,real,True,sha256:dc58bcdf21a288b9f21c605684be24ed4e38695d9c31d99e0c928e5a4b7a4691,machine_text_pattern,machine_extracted_unverified
31.14.11,38.1 mm dia (OD) (Hard drawn) with tube thickness 1.62 mm,Meter,1322,INR,31.14.11 38.1 mm dia (OD) (Hard drawn) with tube thickness 1.62 mm  Meter 1322 ,250,3,real,True,sha256:dc58bcdf21a288b9f21c605684be24ed4e38695d9c31d99e0c928e5a4b7a4691,machine_text_pattern,machine_extracted_unverified
31.14.12,41.27 mm dia (OD) (Hard drawn) with tube thickness 1.62 mm,Meter,1368,INR,31.14.12 41.27 mm dia (OD) (Hard drawn) with tube thickness 1.62 mm  Meter 1368 ,250,4,real,True,sha256:dc58bcdf21a288b9f21c605684be24ed4e38695d9c31d99e0c928e5a4b7a4691,machine_text_pattern,machine_extracted_unverified
32.1.1,1.0 TR with fixed speed 5 Star BEE rating,Each,32848,INR,32.1.1 1.0 TR with fixed speed 5 Star BEE rating  Each 32848 ,251,25,real,True,sha256:dc58bcdf21a288b9f21c605684be24ed4e38695d9c31d99e0c928e5a4b7a4691,machine_text_pattern,machine_extracted_unverified
32.1.2,1.5 TR with fixed speed 5 Star BEE rating,Each,36532,INR,32.1.2 1.5 TR with fixed speed 5 Star BEE rating  Each 36532 ,251,26,real,True,sha256:dc58bcdf21a288b9f21c605684be24ed4e38695d9c31d99e0c928e5a4b7a4691,machine_text_pattern,machine_extracted_unverified
32.1.3,1.0 TR with Inverter 5 Star BEE rating,Each,34407,INR,32.1.3 1.0 TR with Inverter 5 Star BEE rating  Each 34407 ,251,28,real,True,sha256:dc58bcdf21a288b9f21c605684be24ed4e38695d9c31d99e0c928e5a4b7a4691,machine_text_pattern,machine_extracted_unverified
32.1.4,1.5 TR with Inverter 5 Star BEE rating,Each,40074,INR,32.1.4 1.5 TR with Inverter 5 Star BEE rating  Each 40074 ,251,29,real,True,sha256:dc58bcdf21a288b9f21c605684be24ed4e38695d9c31d99e0c928e5a4b7a4691,machine_text_pattern,machine_extracted_unverified
32.2.1,0.75 TR with 5 Star BEE Rating,Each,39095,INR,32.2.1 0.75 TR  with 5 Star BEE Rating  Each 39095 ,252,12,real,True,sha256:dc58bcdf21a288b9f21c605684be24ed4e38695d9c31d99e0c928e5a4b7a4691,machine_text_pattern,machine_extracted_unverified
32.2.2,1.0 TR with 5 Star BEE Rating,Each,40580,INR,32.2.2 1.0 TR with 5 Star BEE Rating Each 40580 ,252,13,real,True,sha256:dc58bcdf21a288b9f21c605684be24ed4e38695d9c31d99e0c928e5a4b7a4691,machine_text_pattern,machine_extracted_unverified
32.2.3,1.5 TR with 5 Star BEE Rating,Each,43539,INR,32.2.3 1.5 TR with 5 Star BEE Rating  Each 43539 ,252,14,real,True,sha256:dc58bcdf21a288b9f21c605684be24ed4e38695d9c31d99e0c928e5a4b7a4691,machine_text_pattern,machine_extracted_unverified
32.2.4,2.0 TR with 5 Star BEE Rating,Each,57396,INR,32.2.4 2.0 TR with 5 Star BEE Rating Each 57396 ,252,15,real,True,sha256:dc58bcdf21a288b9f21c605684be24ed4e38695d9c31d99e0c928e5a4b7a4691,machine_text_pattern,machine_extracted_unverified
32.2.5,1.0 TR with 3 Star BEE Rating,Each,38408,INR,32.2.5 1.0 TR with 3 Star BEE Rating  Each 38408 ,252,17,real,True,sha256:dc58bcdf21a288b9f21c605684be24ed4e38695d9c31d99e0c928e5a4b7a4691,machine_text_pattern,machine_extracted_unverified
32.2.6,1.5 TR with 3 Star BEE Rating,Each,41768,INR,32.2.6 1.5 TR with 3 Star BEE Rating  Each 41768 ,252,18,real,True,sha256:dc58bcdf21a288b9f21c605684be24ed4e38695d9c31d99e0c928e5a4b7a4691,machine_text_pattern,machine_extracted_unverified
32.3.1,1.5 TR (BEE 4 Star Rated),Each,57010,INR,32.3.1 1.5 TR (BEE 4 Star Rated) Each 57010 ,253,13,real,True,sha256:dc58bcdf21a288b9f21c605684be24ed4e38695d9c31d99e0c928e5a4b7a4691,machine_text_pattern,machine_extracted_unverified
32.3.2,2.2 TR (BEE 4 Star Rated),Each,64676,INR,32.3.2 2.2 TR (BEE 4 Star Rated) Each 64676 ,253,14,real,True,sha256:dc58bcdf21a288b9f21c605684be24ed4e38695d9c31d99e0c928e5a4b7a4691,machine_text_pattern,machine_extracted_unverified
32.3.3,3.0 TR (BEE 4 Star Rated),Each,87998,INR,32.3.3 3.0 TR (BEE 4 Star Rated) Each 87998 ,253,15,real,True,sha256:dc58bcdf21a288b9f21c605684be24ed4e38695d9c31d99e0c928e5a4b7a4691,machine_text_pattern,machine_extracted_unverified
32.3.4,3.5 TR (3.2 EER),Each,127031,INR,32.3.4 3.5 TR (3.2 EER) Each 127031 ,253,16,real,True,sha256:dc58bcdf21a288b9f21c605684be24ed4e38695d9c31d99e0c928e5a4b7a4691,machine_text_pattern,machine_extracted_unverified
32.3.5,4.0 TR (3.2 EER),Each,143821,INR,32.3.5 4.0 TR (3.2 EER) Each 143821 ,253,17,real,True,sha256:dc58bcdf21a288b9f21c605684be24ed4e38695d9c31d99e0c928e5a4b7a4691,machine_text_pattern,machine_extracted_unverified
32.3.6,1.0 TR (BEE 4 Star Rated),Each,41678,INR,32.3.6 1.0 TR (BEE 4 Star Rated) Each 41678 ,253,19,real,True,sha256:dc58bcdf21a288b9f21c605684be24ed4e38695d9c31d99e0c928e5a4b7a4691,machine_text_pattern,machine_extracted_unverified
32.3.7,1.5 TR (BEE 4 Star Rated),Each,43621,INR,32.3.7 1.5 TR (BEE 4 Star Rated) Each 43621 ,253,20,real,True,sha256:dc58bcdf21a288b9f21c605684be24ed4e38695d9c31d99e0c928e5a4b7a4691,machine_text_pattern,machine_extracted_unverified
32.3.8,2.0 TR (BEE 4 Star Rated),Each,56837,INR,32.3.8 2.0 TR (BEE 4 Star Rated) Each 56837 ,253,21,real,True,sha256:dc58bcdf21a288b9f21c605684be24ed4e38695d9c31d99e0c928e5a4b7a4691,machine_text_pattern,machine_extracted_unverified
32.3.9,2.5 TR (BEE 4 Star Rated),Each,74070,INR,32.3.9 2.5 TR (BEE 4 Star Rated) Each 74070 ,253,22,real,True,sha256:dc58bcdf21a288b9f21c605684be24ed4e38695d9c31d99e0c928e5a4b7a4691,machine_text_pattern,machine_extracted_unverified
32.3.10,3.0 TR (BEE 4 Star Rated),Each,80116,INR,32.3.10 3.0 TR (BEE 4 Star Rated) Each 80116 ,253,23,real,True,sha256:dc58bcdf21a288b9f21c605684be24ed4e38695d9c31d99e0c928e5a4b7a4691,machine_text_pattern,machine_extracted_unverified
32.3.11,3.5 TR (3.2 EER),Each,88214,INR,32.3.11 3.5 TR  (3.2 EER) Each 88214 ,253,24,real,True,sha256:dc58bcdf21a288b9f21c605684be24ed4e38695d9c31d99e0c928e5a4b7a4691,machine_text_pattern,machine_extracted_unverified
32.3.12,4.0 TR (3.2 EER),Each,97932,INR,32.3.12 4.0 TR (3.2 EER) Each 97932 ,253,25,real,True,sha256:dc58bcdf21a288b9f21c605684be24ed4e38695d9c31d99e0c928e5a4b7a4691,machine_text_pattern,machine_extracted_unverified
32.3.13,4.5 TR (3.2 EER),Each,113897,INR,32.3.13 4.5 TR (3.2 EER) Each 113897 ,253,26,real,True,sha256:dc58bcdf21a288b9f21c605684be24ed4e38695d9c31d99e0c928e5a4b7a4691,machine_text_pattern,machine_extracted_unverified
32.3.14,5.5 TR (3.2 EER),Each,124062,INR,32.3.14 5.5 TR (3.2 EER) Each 124062 ,253,27,real,True,sha256:dc58bcdf21a288b9f21c605684be24ed4e38695d9c31d99e0c928e5a4b7a4691,machine_text_pattern,machine_extracted_unverified
32.3.15,8.5 TR (3.2 EER),Each,164444,INR,32.3.15 8.5 TR (3.2 EER) Each 164444 ,253,28,real,True,sha256:dc58bcdf21a288b9f21c605684be24ed4e38695d9c31d99e0c928e5a4b7a4691,machine_text_pattern,machine_extracted_unverified
32.3.16,11.0 TR (3.2 EER),Each,211520,INR,32.3.16 11.0 TR (3.2 EER) Each 211520 ,253,29,real,True,sha256:dc58bcdf21a288b9f21c605684be24ed4e38695d9c31d99e0c928e5a4b7a4691,machine_text_pattern,machine_extracted_unverified
32.3.17,16.7 TR (3.2 EER),Each,327160,INR,32.3.17 16.7 TR (3.2 EER) Each 327160 ,253,30,real,True,sha256:dc58bcdf21a288b9f21c605684be24ed4e38695d9c31d99e0c928e5a4b7a4691,machine_text_pattern,machine_extracted_unverified
32.4.1,1.5 TR with 5 Star BEE Rating,Each,77417,INR,32.4.1 1.5 TR  with 5 Star BEE Rating  Each 77417 ,254,29,real,True,sha256:dc58bcdf21a288b9f21c605684be24ed4e38695d9c31d99e0c928e5a4b7a4691,machine_text_pattern,machine_extracted_unverified
32.4.2,2.0 TR with 5 Star BEE Rating,Each,85731,INR,32.4.2 2.0 TR with 5 Star BEE Rating Each 85731 ,254,30,real,True,sha256:dc58bcdf21a288b9f21c605684be24ed4e38695d9c31d99e0c928e5a4b7a4691,machine_text_pattern,machine_extracted_unverified
32.4.3,2.5 TR with 5 Star BEE Rating,Each,118123,INR,32.4.3 2.5 TR  with 5 Star BEE Rating  Each 118123 ,254,31,real,True,sha256:dc58bcdf21a288b9f21c605684be24ed4e38695d9c31d99e0c928e5a4b7a4691,machine_text_pattern,machine_extracted_unverified
32.4.4,3.0 TR with 5 Star BEE Rating,Each,123684,INR,32.4.4 3.0 TR  with 5 Star BEE Rating  Each 123684 ,254,32,real,True,sha256:dc58bcdf21a288b9f21c605684be24ed4e38695d9c31d99e0c928e5a4b7a4691,machine_text_pattern,machine_extracted_unverified
32.4.5,3.5 TR with 5 Star BEE Rating,Each,139610,INR,32.4.5 3.5 TR  with 5 Star BEE Rating  Each 139610 ,254,33,real,True,sha256:dc58bcdf21a288b9f21c605684be24ed4e38695d9c31d99e0c928e5a4b7a4691,machine_text_pattern,machine_extracted_unverified
32.4.6,4.0 TR with 5 Star BEE Rating,Each,142201,INR,32.4.6 4.0 TR  with 5 Star BEE Rating  Each 142201 ,254,34,real,True,sha256:dc58bcdf21a288b9f21c605684be24ed4e38695d9c31d99e0c928e5a4b7a4691,machine_text_pattern,machine_extracted_unverified
32.4.7,1.5 TR with 3 Star BEE Rating,Each,60141,INR,32.4.7 1.5 TR  with 3 Star BEE Rating  Each 60141 ,254,36,real,True,sha256:dc58bcdf21a288b9f21c605684be24ed4e38695d9c31d99e0c928e5a4b7a4691,machine_text_pattern,machine_extracted_unverified
32.4.8,2.0 TR with 3 Star BEE Rating,Each,67052,INR,32.4.8 2.0 TR with 3 Star BEE Rating  Each 67052 ,254,37,real,True,sha256:dc58bcdf21a288b9f21c605684be24ed4e38695d9c31d99e0c928e5a4b7a4691,machine_text_pattern,machine_extracted_unverified
32.4.9,2.5 TR with 3 Star BEE Rating,Each,80764,INR,32.4.9 2.5 TR with 3 Star BEE Rating  Each 80764 ,254,38,real,True,sha256:dc58bcdf21a288b9f21c605684be24ed4e38695d9c31d99e0c928e5a4b7a4691,machine_text_pattern,machine_extracted_unverified
32.5.1,3.3 TR BEE 4 Star Rating,Each,126142,INR,32.5.1 3.3 TR BEE 4 Star Rating  Each 126142 ,255,29,real,True,sha256:dc58bcdf21a288b9f21c605684be24ed4e38695d9c31d99e0c928e5a4b7a4691,machine_text_pattern,machine_extracted_unverified
32.5.2,3.8 TR BEE 4 Star Rating,Each,133410,INR,32.5.2 3.8 TR  BEE 4 Star Rating  Each 133410 ,255,30,real,True,sha256:dc58bcdf21a288b9f21c605684be24ed4e38695d9c31d99e0c928e5a4b7a4691,machine_text_pattern,machine_extracted_unverified
32.5.3,4.6 TR BEE 4 Star Rating,Each,140677,INR,32.5.3 4.6 TR BEE 4 Star Rating  Each 140677 ,255,31,real,True,sha256:dc58bcdf21a288b9f21c605684be24ed4e38695d9c31d99e0c928e5a4b7a4691,machine_text_pattern,machine_extracted_unverified
32.5.4,2.4 TR BEE 5 Star Rating,Each,93613,INR,32.5.4 2.4 TR BEE 5 Star Rating  Each 93613 ,255,33,real,True,sha256:dc58bcdf21a288b9f21c605684be24ed4e38695d9c31d99e0c928e5a4b7a4691,machine_text_pattern,machine_extracted_unverified
32.5.5,3.3 TR BEE 5 Star Rating,Each,104086,INR,32.5.5 3.3 TR BEE 5 Star Rating  Each 104086 ,255,34,real,True,sha256:dc58bcdf21a288b9f21c605684be24ed4e38695d9c31d99e0c928e5a4b7a4691,machine_text_pattern,machine_extracted_unverified
32.5.6,3.8 TR BEE 5 Star Rating,Each,110025,INR,32.5.6 3.8 TR BEE 5 Star Rating  Each 110025 ,255,35,real,True,sha256:dc58bcdf21a288b9f21c605684be24ed4e38695d9c31d99e0c928e5a4b7a4691,machine_text_pattern,machine_extracted_unverified
32.5.7,4.6 TR BEE 5 Star Rating,Each,116287,INR,32.5.7 4.6 TR BEE 5 Star Rating  Each 116287 ,255,36,real,True,sha256:dc58bcdf21a288b9f21c605684be24ed4e38695d9c31d99e0c928e5a4b7a4691,machine_text_pattern,machine_extracted_unverified
32.6.1,5.0 TR (2.8 EER),Each,131382,INR,32.6.1 5.0 TR  (2.8 EER) Each 131382 ,256,25,real,True,sha256:dc58bcdf21a288b9f21c605684be24ed4e38695d9c31d99e0c928e5a4b7a4691,machine_text_pattern,machine_extracted_unverified
32.6.2,8.0 TR (2.8 EER),Each,177609,INR,32.6.2 8.0 TR (2.8 EER) Each 177609 ,256,26,real,True,sha256:dc58bcdf21a288b9f21c605684be24ed4e38695d9c31d99e0c928e5a4b7a4691,machine_text_pattern,machine_extracted_unverified
32.6.3,11.0 TR (2.8 EER),Each,214946,INR,32.6.3 11.0 TR (2.8 EER) Each 214946 ,256,27,real,True,sha256:dc58bcdf21a288b9f21c605684be24ed4e38695d9c31d99e0c928e5a4b7a4691,machine_text_pattern,machine_extracted_unverified
32.6.4,16.5 TR (2.8 EER),Each,301037,INR,32.6.4 16.5 TR (2.8 EER) Each 301037 ,256,28,real,True,sha256:dc58bcdf21a288b9f21c605684be24ed4e38695d9c31d99e0c928e5a4b7a4691,machine_text_pattern,machine_extracted_unverified
32.6.5,22.0 TR (2.8 EER),Each,393585,INR,32.6.5 22.0 TR (2.8 EER) Each 393585 ,256,29,real,True,sha256:dc58bcdf21a288b9f21c605684be24ed4e38695d9c31d99e0c928e5a4b7a4691,machine_text_pattern,machine_extracted_unverified
33.1.1,Upto 74 TR BEE 3 Star rated,Per TR,28073,INR,33.1.1 Upto 74 TR  BEE 3 Star rated Per TR 28073 ,257,40,real,True,sha256:dc58bcdf21a288b9f21c605684be24ed4e38695d9c31d99e0c928e5a4b7a4691,machine_text_pattern,machine_extracted_unverified
33.1.2,75 TR - 140 TR BEE 3 Star rated,Per TR,27137,INR,33.1.2 75 TR - 140 TR BEE 3 Star rated Per TR 27137 ,257,41,real,True,sha256:dc58bcdf21a288b9f21c605684be24ed4e38695d9c31d99e0c928e5a4b7a4691,machine_text_pattern,machine_extracted_unverified
33.1.3,141 TR - 200 TR BEE 3 Star rated,Per TR,25734,INR,33.1.3 141 TR - 200 TR BEE 3 Star rated Per TR 25734 ,257,42,real,True,sha256:dc58bcdf21a288b9f21c605684be24ed4e38695d9c31d99e0c928e5a4b7a4691,machine_text_pattern,machine_extracted_unverified
33.2.1,upt to 200 TR - BEE 4 Star Rated,Per TR,29009,INR,33.2.1 upt to 200 TR - BEE 4 Star Rated Per TR 29009 ,258,29,real,True,sha256:dc58bcdf21a288b9f21c605684be24ed4e38695d9c31d99e0c928e5a4b7a4691,machine_text_pattern,machine_extracted_unverified
33.2.2,201 TR to 250 TR BEE 4 Star Rated,Per TR,26669,INR,33.2.2  201 TR to  250 TR BEE 4 Star Rated Per TR 26669 ,258,30,real,True,sha256:dc58bcdf21a288b9f21c605684be24ed4e38695d9c31d99e0c928e5a4b7a4691,machine_text_pattern,machine_extracted_unverified
33.2.3,251 TR - 300 TR BEE 4 Star Rated,Per TR,25266,INR,33.2.3 251 TR - 300 TR  BEE 4 Star Rated Per TR 25266 ,258,31,real,True,sha256:dc58bcdf21a288b9f21c605684be24ed4e38695d9c31d99e0c928e5a4b7a4691,machine_text_pattern,machine_extracted_unverified
33.2.4,301 TR - 350 TR BEE 4 Star Rated,Per TR,24330,INR,33.2.4 301 TR - 350 TR  BEE 4 Star Rated Per TR 24330 ,258,32,real,True,sha256:dc58bcdf21a288b9f21c605684be24ed4e38695d9c31d99e0c928e5a4b7a4691,machine_text_pattern,machine_extracted_unverified
33.2.5,351 TR - 400 TR BEE 4 Star Rated,Per TR,23394,INR,33.2.5 351 TR - 400 TR  BEE 4 Star Rated Per TR 23394 ,258,33,real,True,sha256:dc58bcdf21a288b9f21c605684be24ed4e38695d9c31d99e0c928e5a4b7a4691,machine_text_pattern,machine_extracted_unverified
33.3.1,Upto 50 TR BEE 4 Star Rated,Per TR,22926,INR,33.3.1 Upto 50 TR BEE 4 Star Rated Per TR 22926 ,259,25,real,True,sha256:dc58bcdf21a288b9f21c605684be24ed4e38695d9c31d99e0c928e5a4b7a4691,machine_text_pattern,machine_extracted_unverified
33.3.2,51 TR - 70 TR BEE 4 Star Rated,Per TR,22458,INR,33.3.2 51 TR - 70 TR BEE 4 Star Rated Per TR 22458 ,259,26,real,True,sha256:dc58bcdf21a288b9f21c605684be24ed4e38695d9c31d99e0c928e5a4b7a4691,machine_text_pattern,machine_extracted_unverified
33.3.3,71 TR - 100 TR BEE 4 Star Rated,Per TR,21991,INR,33.3.3 71 TR - 100 TR BEE 4 Star Rated Per TR 21991 ,259,27,real,True,sha256:dc58bcdf21a288b9f21c605684be24ed4e38695d9c31d99e0c928e5a4b7a4691,machine_text_pattern,machine_extracted_unverified
33.4.1,upto 50 TR BEE 3 Star Rated,Per TR,21991,INR,33.4.1 upto 50  TR BEE 3 Star Rated Per TR 21991 ,260,12,real,True,sha256:dc58bcdf21a288b9f21c605684be24ed4e38695d9c31d99e0c928e5a4b7a4691,machine_text_pattern,machine_extracted_unverified
33.4.2,51 TR - 70 TR BEE 3 Star Rated,Per TR,20587,INR,33.4.2 51 TR - 70 TR BEE 3 Star Rated Per TR 20587 ,260,13,real,True,sha256:dc58bcdf21a288b9f21c605684be24ed4e38695d9c31d99e0c928e5a4b7a4691,machine_text_pattern,machine_extracted_unverified
33.4.3,71 TR - 100 TR BEE 3 Star Rated,Per TR,20119,INR,33.4.3 71 TR - 100 TR BEE 3 Star Rated Per TR 20119 ,260,14,real,True,sha256:dc58bcdf21a288b9f21c605684be24ed4e38695d9c31d99e0c928e5a4b7a4691,machine_text_pattern,machine_extracted_unverified
33.5.1,Upto 70 TR BEE 3 Star Rated,Per TR,19183,INR,33.5.1 Upto  70 TR BEE 3 Star Rated Per TR 19183 ,261,38,real,True,sha256:dc58bcdf21a288b9f21c605684be24ed4e38695d9c31d99e0c928e5a4b7a4691,machine_text_pattern,machine_extracted_unverified
33.5.2,71 TR - 110 TR BEE 3 Star Rated,Per TR,16844,INR,33.5.2 71 TR - 110 TR BEE 3 Star Rated Per TR 16844 ,261,39,real,True,sha256:dc58bcdf21a288b9f21c605684be24ed4e38695d9c31d99e0c928e5a4b7a4691,machine_text_pattern,machine_extracted_unverified
33.5.3,111 TR - 150 TR BEE 3 Star Rated,Per TR,16844,INR,33.5.3 111 TR - 150 TR BEE 3 Star Rated Per TR 16844 ,261,40,real,True,sha256:dc58bcdf21a288b9f21c605684be24ed4e38695d9c31d99e0c928e5a4b7a4691,machine_text_pattern,machine_extracted_unverified
33.5.4,151 TR - 210 TR BEE 3 Star Rated,Per TR,16844,INR,33.5.4 151 TR - 210 TR BEE 3 Star Rated Per TR 16844 ,261,41,real,True,sha256:dc58bcdf21a288b9f21c605684be24ed4e38695d9c31d99e0c928e5a4b7a4691,machine_text_pattern,machine_extracted_unverified
33.5.5,211 TR - 260 TR BEE 3 Star Rated,Per TR,16376,INR,33.5.5 211 TR - 260 TR BEE 3 Star Rated Per TR 16376 ,261,42,real,True,sha256:dc58bcdf21a288b9f21c605684be24ed4e38695d9c31d99e0c928e5a4b7a4691,machine_text_pattern,machine_extracted_unverified
33.5.6,261 TR - 300 TR BEE 3 Star Rated,Per TR,15908,INR,33.5.6 261 TR - 300 TR BEE 3 Star Rated Per TR 15908 ,262,3,real,True,sha256:dc58bcdf21a288b9f21c605684be24ed4e38695d9c31d99e0c928e5a4b7a4691,machine_text_pattern,machine_extracted_unverified
33.5.7,301 TR - 450 TR BEE 3 Star Rated,Per TR,14972,INR,33.5.7  301 TR - 450 TR BEE 3 Star Rated Per TR 14972 ,262,4,real,True,sha256:dc58bcdf21a288b9f21c605684be24ed4e38695d9c31d99e0c928e5a4b7a4691,machine_text_pattern,machine_extracted_unverified
33.5.8,451 TR -600 TR BEE 3 Star Rated,Per TR,14504,INR,33.5.8 451 TR -600 TR BEE 3 Star Rated Per TR 14504 ,262,5,real,True,sha256:dc58bcdf21a288b9f21c605684be24ed4e38695d9c31d99e0c928e5a4b7a4691,machine_text_pattern,machine_extracted_unverified
33.6.1,Upto 74 TR BEE 4 Star Rated,Per TR,20587,INR,33.6.1  Upto 74 TR  BEE 4 Star Rated Per TR 20587 ,262,42,real,True,sha256:dc58bcdf21a288b9f21c605684be24ed4e38695d9c31d99e0c928e5a4b7a4691,machine_text_pattern,machine_extracted_unverified
33.6.2,75 TR - 150 TR BEE 4 Star Rated,Per TR,19651,INR,33.6.2 75 TR - 150 TR BEE 4 Star Rated Per TR 19651 ,262,43,real,True,sha256:dc58bcdf21a288b9f21c605684be24ed4e38695d9c31d99e0c928e5a4b7a4691,machine_text_pattern,machine_extracted_unverified
33.6.3,151TR - 300 TR BEE 4 Star Rated,Per TR,17780,INR,33.6.3 151TR - 300 TR BEE 4 Star Rated Per TR 17780 ,263,3,real,True,sha256:dc58bcdf21a288b9f21c605684be24ed4e38695d9c31d99e0c928e5a4b7a4691,machine_text_pattern,machine_extracted_unverified
33.6.4,301TR - 450 TR BEE 4 Star Rated,Per TR,16844,INR,33.6.4 301TR - 450 TR BEE 4 Star Rated Per TR 16844 ,263,4,real,True,sha256:dc58bcdf21a288b9f21c605684be24ed4e38695d9c31d99e0c928e5a4b7a4691,machine_text_pattern,machine_extracted_unverified
33.6.5,451 TR - 525 TR BEE 4 Star Rated,Per TR,14972,INR,33.6.5 451 TR - 525 TR BEE 4 Star Rated Per TR 14972 ,263,5,real,True,sha256:dc58bcdf21a288b9f21c605684be24ed4e38695d9c31d99e0c928e5a4b7a4691,machine_text_pattern,machine_extracted_unverified
33.6.6,526 TR - 600 TR BEE 4 Star Rated,Per TR,14037,INR,33.6.6  526 TR - 600 TR BEE 4 Star Rated Per TR 14037 ,263,6,real,True,sha256:dc58bcdf21a288b9f21c605684be24ed4e38695d9c31d99e0c928e5a4b7a4691,machine_text_pattern,machine_extracted_unverified
33.7.1,Upto 40 TR BEE 3 Star Rated,Per TR,22926,INR,33.7.1 Upto 40 TR BEE 3 Star Rated Per TR 22926 ,263,39,real,True,sha256:dc58bcdf21a288b9f21c605684be24ed4e38695d9c31d99e0c928e5a4b7a4691,machine_text_pattern,machine_extracted_unverified
33.7.2,41 TR - 75 TR BEE 3 Star Rated,Per TR,22458,INR,33.7.2 41 TR - 75 TR BEE 3 Star Rated Per TR 22458 ,263,40,real,True,sha256:dc58bcdf21a288b9f21c605684be24ed4e38695d9c31d99e0c928e5a4b7a4691,machine_text_pattern,machine_extracted_unverified
33.7.3,76 TR - 150 TR BEE 3 Star Rated,Per TR,21991,INR,33.7.3 76 TR - 150 TR BEE 3 Star Rated Per TR 21991 ,263,41,real,True,sha256:dc58bcdf21a288b9f21c605684be24ed4e38695d9c31d99e0c928e5a4b7a4691,machine_text_pattern,machine_extracted_unverified
33.8.1,300 TR - 450 TR BEE 3 Star Rated,Per TR,25266,INR,33.8.1 300 TR - 450 TR BEE 3 Star Rated Per TR 25266 ,266,13,real,True,sha256:dc58bcdf21a288b9f21c605684be24ed4e38695d9c31d99e0c928e5a4b7a4691,machine_text_pattern,machine_extracted_unverified
33.8.2,451 TR - 600 TR BEE 3 Star Rated,Per TR,24798,INR,33.8.2 451 TR - 600 TR BEE 3 Star Rated Per TR 24798 ,266,14,real,True,sha256:dc58bcdf21a288b9f21c605684be24ed4e38695d9c31d99e0c928e5a4b7a4691,machine_text_pattern,machine_extracted_unverified
33.8.3,601 TR - 1000 TR BEE 3 Star Rated,Per TR,24330,INR,33.8.3 601 TR - 1000 TR BEE 3 Star Rated Per TR 24330 ,266,15,real,True,sha256:dc58bcdf21a288b9f21c605684be24ed4e38695d9c31d99e0c928e5a4b7a4691,machine_text_pattern,machine_extracted_unverified
33.8.4,1001 TR - 1600 TR BEE 3 Star Rated,Per TR,23862,INR,33.8.4 1001 TR - 1600 TR BEE 3 Star Rated Per TR 23862 ,266,16,real,True,sha256:dc58bcdf21a288b9f21c605684be24ed4e38695d9c31d99e0c928e5a4b7a4691,machine_text_pattern,machine_extracted_unverified
33.8.5,1601 TR - 2000 TR BEE 3 Star Rated,Per TR,23862,INR,33.8.5 1601 TR - 2000 TR BEE 3 Star Rated Per TR 23862 ,266,17,real,True,sha256:dc58bcdf21a288b9f21c605684be24ed4e38695d9c31d99e0c928e5a4b7a4691,machine_text_pattern,machine_extracted_unverified
33.9.1,121 TR - 150 TR BEE 3 Star Rated,Per TR,27605,INR,33.9.1 121 TR - 150 TR  BEE 3 Star Rated Per TR 27605 ,267,23,real,True,sha256:dc58bcdf21a288b9f21c605684be24ed4e38695d9c31d99e0c928e5a4b7a4691,machine_text_pattern,machine_extracted_unverified
33.9.2,151 TR - 300 TR BEE 3 Star Rated,Per TR,22458,INR,33.9.2 151 TR - 300 TR  BEE 3 Star Rated Per TR 22458 ,267,24,real,True,sha256:dc58bcdf21a288b9f21c605684be24ed4e38695d9c31d99e0c928e5a4b7a4691,machine_text_pattern,machine_extracted_unverified
33.9.3,301 TR - 450 TR BEE 3 Star Rated,Per TR,21991,INR,33.9.3 301 TR - 450 TR  BEE 3 Star Rated Per TR 21991 ,267,25,real,True,sha256:dc58bcdf21a288b9f21c605684be24ed4e38695d9c31d99e0c928e5a4b7a4691,machine_text_pattern,machine_extracted_unverified
33.9.4,451 TR - 600 TR BEE 3 Star Rated,Per TR,20213,INR,33.9.4 451 TR - 600 TR  BEE 3 Star Rated Per TR 20213 ,267,26,real,True,sha256:dc58bcdf21a288b9f21c605684be24ed4e38695d9c31d99e0c928e5a4b7a4691,machine_text_pattern,machine_extracted_unverified
33.10.1,120 TR - 210 TR BEE 4 Star Rated,Per TR,29945,INR,33.10.1 120 TR - 210 TR BEE 4 Star Rated Per TR 29945 ,268,31,real,True,sha256:dc58bcdf21a288b9f21c605684be24ed4e38695d9c31d99e0c928e5a4b7a4691,machine_text_pattern,machine_extracted_unverified
33.10.2,211 TR - 300 TR BEE 4 Star Rated,Per TR,27137,INR,33.10.2 211 TR - 300 TR BEE 4 Star Rated Per TR 27137 ,268,32,real,True,sha256:dc58bcdf21a288b9f21c605684be24ed4e38695d9c31d99e0c928e5a4b7a4691,machine_text_pattern,machine_extracted_unverified
33.10.3,301 TR - 355 TR BEE 4 Star Rated,Per TR,23862,INR,33.10.3 301 TR - 355 TR BEE 4 Star Rated Per TR 23862 ,268,33,real,True,sha256:dc58bcdf21a288b9f21c605684be24ed4e38695d9c31d99e0c928e5a4b7a4691,machine_text_pattern,machine_extracted_unverified
33.10.4,356 TR - 450 TR BEE 4 Star Rated,Per TR,21991,INR,33.10.4 356 TR - 450 TR BEE 4 Star Rated Per TR 21991 ,268,34,real,True,sha256:dc58bcdf21a288b9f21c605684be24ed4e38695d9c31d99e0c928e5a4b7a4691,machine_text_pattern,machine_extracted_unverified
33.10.5,451 TR - 600 TR BEE 4 Star Rated,Per TR,21897,INR,33.10.5 451 TR - 600 TR BEE 4 Star Rated Per TR 21897 ,268,35,real,True,sha256:dc58bcdf21a288b9f21c605684be24ed4e38695d9c31d99e0c928e5a4b7a4691,machine_text_pattern,machine_extracted_unverified
34.1.1,300 GPM,Each,320033,INR,34.1.1 300 GPM Each 320033 ,269,28,real,True,sha256:dc58bcdf21a288b9f21c605684be24ed4e38695d9c31d99e0c928e5a4b7a4691,machine_text_pattern,machine_extracted_unverified
34.1.2,450 GPM,Each,427148,INR,34.1.2 450 GPM Each 427148 ,269,29,real,True,sha256:dc58bcdf21a288b9f21c605684be24ed4e38695d9c31d99e0c928e5a4b7a4691,machine_text_pattern,machine_extracted_unverified
34.1.3,600 GPM,Each,597021,INR,34.1.3 600 GPM Each 597021 ,269,30,real,True,sha256:dc58bcdf21a288b9f21c605684be24ed4e38695d9c31d99e0c928e5a4b7a4691,machine_text_pattern,machine_extracted_unverified
34.1.4,750 GPM,Each,800884,INR,34.1.4 750 GPM Each 800884 ,269,31,real,True,sha256:dc58bcdf21a288b9f21c605684be24ed4e38695d9c31d99e0c928e5a4b7a4691,machine_text_pattern,machine_extracted_unverified
34.1.5,900 GPM,Each,931092,INR,34.1.5 900 GPM Each 931092 ,269,32,real,True,sha256:dc58bcdf21a288b9f21c605684be24ed4e38695d9c31d99e0c928e5a4b7a4691,machine_text_pattern,machine_extracted_unverified
34.1.6,1050 GPM,Each,1021370,INR,34.1.6 1050 GPM Each 1021370 ,269,33,real,True,sha256:dc58bcdf21a288b9f21c605684be24ed4e38695d9c31d99e0c928e5a4b7a4691,machine_text_pattern,machine_extracted_unverified
34.1.7,1200 GPM,Each,1179071,INR,34.1.7 1200 GPM Each 1179071 ,269,34,real,True,sha256:dc58bcdf21a288b9f21c605684be24ed4e38695d9c31d99e0c928e5a4b7a4691,machine_text_pattern,machine_extracted_unverified
34.1.8,1350 GPM,Each,1246446,INR,34.1.8 1350 GPM Each 1246446 ,269,35,real,True,sha256:dc58bcdf21a288b9f21c605684be24ed4e38695d9c31d99e0c928e5a4b7a4691,machine_text_pattern,machine_extracted_unverified
34.1.9,1500 GPM,Each,1373711,INR,34.1.9 1500 GPM Each 1373711 ,269,36,real,True,sha256:dc58bcdf21a288b9f21c605684be24ed4e38695d9c31d99e0c928e5a4b7a4691,machine_text_pattern,machine_extracted_unverified
34.1.10,1800 GPM,Each,1691873,INR,34.1.10 1800 GPM Each 1691873 ,269,37,real,True,sha256:dc58bcdf21a288b9f21c605684be24ed4e38695d9c31d99e0c928e5a4b7a4691,machine_text_pattern,machine_extracted_unverified
34.1.11,2100 GPM,Each,1916501,INR,34.1.11 2100 GPM Each 1916501 ,270,3,real,True,sha256:dc58bcdf21a288b9f21c605684be24ed4e38695d9c31d99e0c928e5a4b7a4691,machine_text_pattern,machine_extracted_unverified
34.1.12,2400 GPM,Each,2276196,INR,34.1.12 2400 GPM Each 2276196 ,270,4,real,True,sha256:dc58bcdf21a288b9f21c605684be24ed4e38695d9c31d99e0c928e5a4b7a4691,machine_text_pattern,machine_extracted_unverified
34.1.13,2700 GPM,Each,2383197,INR,34.1.13 2700 GPM Each 2383197 ,270,5,real,True,sha256:dc58bcdf21a288b9f21c605684be24ed4e38695d9c31d99e0c928e5a4b7a4691,machine_text_pattern,machine_extracted_unverified
34.1.14,3000 GPM,Each,2549102,INR,34.1.14 3000 GPM Each 2549102 ,270,6,real,True,sha256:dc58bcdf21a288b9f21c605684be24ed4e38695d9c31d99e0c928e5a4b7a4691,machine_text_pattern,machine_extracted_unverified
35.1.1,1000 CFM,Each,64662,INR,35.1.1 1000 CFM Each  64662 ,271,34,real,True,sha256:dc58bcdf21a288b9f21c605684be24ed4e38695d9c31d99e0c928e5a4b7a4691,machine_text_pattern,machine_extracted_unverified
35.1.2,1600 CFM,Each,75330,INR,35.1.2 1600 CFM Each  75330 ,271,35,real,True,sha256:dc58bcdf21a288b9f21c605684be24ed4e38695d9c31d99e0c928e5a4b7a4691,machine_text_pattern,machine_extracted_unverified
35.1.3,2000 CFM,Each,80476,INR,35.1.3 2000 CFM Each  80476 ,271,36,real,True,sha256:dc58bcdf21a288b9f21c605684be24ed4e38695d9c31d99e0c928e5a4b7a4691,machine_text_pattern,machine_extracted_unverified
35.1.4,2500 CFM,Each,91705,INR,35.1.4 2500 CFM Each  91705 ,271,37,real,True,sha256:dc58bcdf21a288b9f21c605684be24ed4e38695d9c31d99e0c928e5a4b7a4691,machine_text_pattern,machine_extracted_unverified
35.1.5,3000 CFM,Each,101063,INR,35.1.5 3000 CFM Each  101063 ,271,38,real,True,sha256:dc58bcdf21a288b9f21c605684be24ed4e38695d9c31d99e0c928e5a4b7a4691,machine_text_pattern,machine_extracted_unverified
35.1.6,4000 CFM,Each,116036,INR,35.1.6 4000 CFM Each  116036 ,271,39,real,True,sha256:dc58bcdf21a288b9f21c605684be24ed4e38695d9c31d99e0c928e5a4b7a4691,machine_text_pattern,machine_extracted_unverified
35.1.7,5000 CFM,Each,142237,INR,35.1.7 5000 CFM Each  142237 ,271,40,real,True,sha256:dc58bcdf21a288b9f21c605684be24ed4e38695d9c31d99e0c928e5a4b7a4691,machine_text_pattern,machine_extracted_unverified
35.1.8,6000 CFM,Each,160017,INR,35.1.8 6000 CFM Each  160017 ,271,41,real,True,sha256:dc58bcdf21a288b9f21c605684be24ed4e38695d9c31d99e0c928e5a4b7a4691,machine_text_pattern,machine_extracted_unverified
35.1.9,8000 CFM,Each,198383,INR,35.1.9 8000 CFM Each  198383 ,271,42,real,True,sha256:dc58bcdf21a288b9f21c605684be24ed4e38695d9c31d99e0c928e5a4b7a4691,machine_text_pattern,machine_extracted_unverified
35.1.10,10000 CFM,Each,254530,INR,35.1.10 10000 CFM Each  254530 ,272,3,real,True,sha256:dc58bcdf21a288b9f21c605684be24ed4e38695d9c31d99e0c928e5a4b7a4691,machine_text_pattern,machine_extracted_unverified
35.1.11,12000 CFM,Each,305997,INR,35.1.11 12000 CFM Each  305997 ,272,4,real,True,sha256:dc58bcdf21a288b9f21c605684be24ed4e38695d9c31d99e0c928e5a4b7a4691,machine_text_pattern,machine_extracted_unverified
35.2.1,3.0 TR nominal capacity with 1200 CFM air quantity.,Each,23114,INR,35.2.1 3.0 TR nominal capacity with 1200 CFM air quantity. Each 23114 ,272,19,real,True,sha256:dc58bcdf21a288b9f21c605684be24ed4e38695d9c31d99e0c928e5a4b7a4691,machine_text_pattern,machine_extracted_unverified
35.2.2,2.5 TR nominal capacity with 1000 CFM air quantity.,Each,21336,INR,35.2.2 2.5 TR nominal capacity with 1000 CFM air quantity. Each 21336 ,272,20,real,True,sha256:dc58bcdf21a288b9f21c605684be24ed4e38695d9c31d99e0c928e5a4b7a4691,machine_text_pattern,machine_extracted_unverified
35.2.3,2.0 TR nominal capacity with 800 CFM air quantity.,Each,18341,INR,35.2.3 2.0 TR nominal capacity with 800 CFM air quantity. Each 18341 ,272,21,real,True,sha256:dc58bcdf21a288b9f21c605684be24ed4e38695d9c31d99e0c928e5a4b7a4691,machine_text_pattern,machine_extracted_unverified
35.2.4,1.5 TR nominal capacity with 600 CFM air quantity.,Each,16002,INR,35.2.4 1.5 TR nominal capacity with 600 CFM air quantity. Each 16002 ,272,22,real,True,sha256:dc58bcdf21a288b9f21c605684be24ed4e38695d9c31d99e0c928e5a4b7a4691,machine_text_pattern,machine_extracted_unverified
35.2.5,1.0 TR nominal capacity with 400 CFM air quantity.,Each,14130,INR,35.2.5 1.0 TR nominal capacity with 400 CFM air quantity. Each 14130 ,272,23,real,True,sha256:dc58bcdf21a288b9f21c605684be24ed4e38695d9c31d99e0c928e5a4b7a4691,machine_text_pattern,machine_extracted_unverified
35.3.1,4.0 TR nominal capacity with 1600 CFM air quantity.,Each,46817,INR,35.3.1 4.0 TR nominal capacity with 1600 CFM air quantity. Each 46817 ,273,6,real,True,sha256:dc58bcdf21a288b9f21c605684be24ed4e38695d9c31d99e0c928e5a4b7a4691,machine_text_pattern,machine_extracted_unverified
35.3.2,3.5TR nominal capacity with 1400 CFM air quantity.,Each,43512,INR,35.3.2 3.5TR nominal capacity with 1400 CFM air quantity. Each 43512 ,273,7,real,True,sha256:dc58bcdf21a288b9f21c605684be24ed4e38695d9c31d99e0c928e5a4b7a4691,machine_text_pattern,machine_extracted_unverified
35.3.3,3.0 TR nominal capacity with 1200 CFM air quantity.,Each,24049,INR,35.3.3 3.0 TR nominal capacity with 1200 CFM air quantity. Each 24049 ,273,8,real,True,sha256:dc58bcdf21a288b9f21c605684be24ed4e38695d9c31d99e0c928e5a4b7a4691,machine_text_pattern,machine_extracted_unverified
35.3.4,2.5 TR nominal capacity with 1000 CFM air quantity.,Each,21897,INR,35.3.4 2.5 TR nominal capacity with 1000 CFM air quantity. Each 21897 ,273,9,real,True,sha256:dc58bcdf21a288b9f21c605684be24ed4e38695d9c31d99e0c928e5a4b7a4691,machine_text_pattern,machine_extracted_unverified
35.3.5,2.0 TR nominal capacity with 800 CFMm air quantity.,Each,16844,INR,35.3.5 2.0 TR nominal capacity with 800 CFMm air quantity. Each 16844 ,273,10,real,True,sha256:dc58bcdf21a288b9f21c605684be24ed4e38695d9c31d99e0c928e5a4b7a4691,machine_text_pattern,machine_extracted_unverified
35.3.6,1.5 TR nominal capacity with 600 CFM air quantity.,Each,14411,INR,35.3.6 1.5 TR nominal capacity with 600 CFM air quantity. Each 14411 ,273,11,real,True,sha256:dc58bcdf21a288b9f21c605684be24ed4e38695d9c31d99e0c928e5a4b7a4691,machine_text_pattern,machine_extracted_unverified
35.3.7,1.0TR nominal capacity with 400 CFM air quantity.,Each,13569,INR,35.3.7 1.0TR nominal capacity with 400 CFM air quantity. Each 13569 ,273,12,real,True,sha256:dc58bcdf21a288b9f21c605684be24ed4e38695d9c31d99e0c928e5a4b7a4691,machine_text_pattern,machine_extracted_unverified
35.4.1,2.0 TR nominal capacity with 800 Cfm air quantity.,Each,24933,INR,35.4.1 2.0 TR nominal capacity with 800 Cfm air quantity. Each 24933 ,273,25,real,True,sha256:dc58bcdf21a288b9f21c605684be24ed4e38695d9c31d99e0c928e5a4b7a4691,machine_text_pattern,machine_extracted_unverified
35.4.2,1.5 TR nominal capacity with 600 Cfm air quantity.,Each,21922,INR,35.4.2 1.5 TR nominal capacity with 600 Cfm air quantity. Each 21922 ,273,26,real,True,sha256:dc58bcdf21a288b9f21c605684be24ed4e38695d9c31d99e0c928e5a4b7a4691,machine_text_pattern,machine_extracted_unverified
35.4.3,1.0 TR nominal capacity with 400 Cfm air quantity.,Each,17889,INR,35.4.3 1.0 TR nominal capacity with 400 Cfm air quantity. Each 17889 ,273,27,real,True,sha256:dc58bcdf21a288b9f21c605684be24ed4e38695d9c31d99e0c928e5a4b7a4691,machine_text_pattern,machine_extracted_unverified
36.1.1,5000 CFM,Each,99192,INR,36.1.1 5000 CFM Each 99192 ,274,43,real,True,sha256:dc58bcdf21a288b9f21c605684be24ed4e38695d9c31d99e0c928e5a4b7a4691,machine_text_pattern,machine_extracted_unverified
36.1.2,8000 CFM,Each,131944,INR,36.1.2 8000 CFM Each 131944 ,274,44,real,True,sha256:dc58bcdf21a288b9f21c605684be24ed4e38695d9c31d99e0c928e5a4b7a4691,machine_text_pattern,machine_extracted_unverified
36.1.3,10000 CFM,Each,174053,INR,36.1.3 10000 CFM Each 174053 ,274,45,real,True,sha256:dc58bcdf21a288b9f21c605684be24ed4e38695d9c31d99e0c928e5a4b7a4691,machine_text_pattern,machine_extracted_unverified
36.1.4,12000 CFM,Each,206337,INR,36.1.4 12000 CFM Each 206337 ,275,3,real,True,sha256:dc58bcdf21a288b9f21c605684be24ed4e38695d9c31d99e0c928e5a4b7a4691,machine_text_pattern,machine_extracted_unverified
36.1.5,15000 CFM,Each,246108,INR,36.1.5 15000 CFM Each 246108 ,275,4,real,True,sha256:dc58bcdf21a288b9f21c605684be24ed4e38695d9c31d99e0c928e5a4b7a4691,machine_text_pattern,machine_extracted_unverified
36.1.6,20000 CFM,Each,345299,INR,36.1.6 20000 CFM Each 345299 ,275,5,real,True,sha256:dc58bcdf21a288b9f21c605684be24ed4e38695d9c31d99e0c928e5a4b7a4691,machine_text_pattern,machine_extracted_unverified
36.1.7,25000 CFM,Each,396767,INR,36.1.7 25000 CFM Each 396767 ,275,6,real,True,sha256:dc58bcdf21a288b9f21c605684be24ed4e38695d9c31d99e0c928e5a4b7a4691,machine_text_pattern,machine_extracted_unverified
36.1.8,30000 CFM,Each,483793,INR,36.1.8 30000 CFM Each 483793 ,275,7,real,True,sha256:dc58bcdf21a288b9f21c605684be24ed4e38695d9c31d99e0c928e5a4b7a4691,machine_text_pattern,machine_extracted_unverified
37.1.1,200 LPH,Each,112292,INR,37.1.1 200 LPH Each 112292 ,276,37,real,True,sha256:dc58bcdf21a288b9f21c605684be24ed4e38695d9c31d99e0c928e5a4b7a4691,machine_text_pattern,machine_extracted_unverified
37.1.2,300 LPH,Each,149723,INR,37.1.2 300 LPH Each 149723 ,276,38,real,True,sha256:dc58bcdf21a288b9f21c605684be24ed4e38695d9c31d99e0c928e5a4b7a4691,machine_text_pattern,machine_extracted_unverified
37.1.3,500 LPH,Each,196512,INR,37.1.3 500 LPH Each 196512 ,276,39,real,True,sha256:dc58bcdf21a288b9f21c605684be24ed4e38695d9c31d99e0c928e5a4b7a4691,machine_text_pattern,machine_extracted_unverified
39.1.2,8 port Layer 2 Non-PoE Network Switch,Each,28073,INR,39.1.2 8 port Layer 2 Non-PoE Network Switch Each 28073 ,278,35,real,True,sha256:dc58bcdf21a288b9f21c605684be24ed4e38695d9c31d99e0c928e5a4b7a4691,machine_text_pattern,machine_extracted_unverified
39.3.2,24 port Layer 2 Non-PoE Network Switch,Each,86163,INR,39.3.2 24 port Layer 2 Non-PoE Network Switch Each 86163 ,279,53,real,True,sha256:dc58bcdf21a288b9f21c605684be24ed4e38695d9c31d99e0c928e5a4b7a4691,machine_text_pattern,machine_extracted_unverified
39.12.1,Copper Patch Cords of length 1m (3ft),Each,151,INR,39.12.1  Copper Patch Cords of length 1m (3ft) Each 151 ,284,19,real,True,sha256:dc58bcdf21a288b9f21c605684be24ed4e38695d9c31d99e0c928e5a4b7a4691,machine_text_pattern,machine_extracted_unverified
39.12.2,Copper Patch Cords of length 3m (10ft),Each,227,INR,39.12.2  Copper Patch Cords of length 3m (10ft) Each 227 ,284,20,real,True,sha256:dc58bcdf21a288b9f21c605684be24ed4e38695d9c31d99e0c928e5a4b7a4691,machine_text_pattern,machine_extracted_unverified
39.13.1,Copper Patch Cords of length 1m (3ft),Each,173,INR,39.13.1  Copper Patch Cords of length 1m (3ft) Each 173 ,284,25,real,True,sha256:dc58bcdf21a288b9f21c605684be24ed4e38695d9c31d99e0c928e5a4b7a4691,machine_text_pattern,machine_extracted_unverified
39.13.2,Copper Patch Cords of length 3m (10ft),Each,405,INR,39.13.2  Copper Patch Cords of length 3m (10ft) Each 405 ,284,26,real,True,sha256:dc58bcdf21a288b9f21c605684be24ed4e38695d9c31d99e0c928e5a4b7a4691,machine_text_pattern,machine_extracted_unverified
39.17.1,1 Run of cable,Meter,60,INR,39.17.1 1 Run of cable  Meter 60 ,284,84,real,True,sha256:dc58bcdf21a288b9f21c605684be24ed4e38695d9c31d99e0c928e5a4b7a4691,machine_text_pattern,machine_extracted_unverified
39.17.2,2 Run of cable,Meter,96,INR,39.17.2 2 Run of cable Meter 96 ,284,85,real,True,sha256:dc58bcdf21a288b9f21c605684be24ed4e38695d9c31d99e0c928e5a4b7a4691,machine_text_pattern,machine_extracted_unverified
39.17.3,3 Run of cable,Meter,131,INR,39.17.3 3 Run of cable Meter 131 ,285,3,real,True,sha256:dc58bcdf21a288b9f21c605684be24ed4e38695d9c31d99e0c928e5a4b7a4691,machine_text_pattern,machine_extracted_unverified
39.17.4,4 Run of cable,Meter,167,INR,39.17.4 4 Run of cable Meter 167 ,285,4,real,True,sha256:dc58bcdf21a288b9f21c605684be24ed4e38695d9c31d99e0c928e5a4b7a4691,machine_text_pattern,machine_extracted_unverified
39.18.1,1 Run of cable,Meter,74,INR,39.18.1 1 Run of cable  Meter 74 ,285,18,real,True,sha256:dc58bcdf21a288b9f21c605684be24ed4e38695d9c31d99e0c928e5a4b7a4691,machine_text_pattern,machine_extracted_unverified
39.18.2,2 Run of cable,Meter,124,INR,39.18.2 2 Run of cable Meter 124 ,285,19,real,True,sha256:dc58bcdf21a288b9f21c605684be24ed4e38695d9c31d99e0c928e5a4b7a4691,machine_text_pattern,machine_extracted_unverified
39.18.3,3 Run of cable,Meter,174,INR,39.18.3 3 Run of cable Meter 174 ,285,20,real,True,sha256:dc58bcdf21a288b9f21c605684be24ed4e38695d9c31d99e0c928e5a4b7a4691,machine_text_pattern,machine_extracted_unverified
39.18.4,4 Run of cable,Meter,224,INR,39.18.4 4 Run of cable Meter 224 ,285,21,real,True,sha256:dc58bcdf21a288b9f21c605684be24ed4e38695d9c31d99e0c928e5a4b7a4691,machine_text_pattern,machine_extracted_unverified
39.19.1,Single Mode 6 Core Optical fiber cable,Meter,64,INR,39.19.1 Single Mode 6 Core Optical fiber cable Meter 64 ,285,39,real,True,sha256:dc58bcdf21a288b9f21c605684be24ed4e38695d9c31d99e0c928e5a4b7a4691,machine_text_pattern,machine_extracted_unverified
39.19.2,Single Mode Optical 12 Core fiber cable,Meter,89,INR,39.19.2 Single Mode Optical 12 Core fiber cable Meter 89 ,285,40,real,True,sha256:dc58bcdf21a288b9f21c605684be24ed4e38695d9c31d99e0c928e5a4b7a4691,machine_text_pattern,machine_extracted_unverified
39.20.1,6 Core Multi Mode Optical Fiber Cable,Meter,87,INR,39.20.1  6 Core Multi Mode Optical Fiber Cable Meter 87 ,286,24,real,True,sha256:dc58bcdf21a288b9f21c605684be24ed4e38695d9c31d99e0c928e5a4b7a4691,machine_text_pattern,machine_extracted_unverified
39.20.2,12 Core Multi Mode Optical Fiber Cable,Meter,109,INR,39.20.2 12 Core Multi Mode Optical Fiber Cable Meter 109 ,286,25,real,True,sha256:dc58bcdf21a288b9f21c605684be24ed4e38695d9c31d99e0c928e5a4b7a4691,machine_text_pattern,machine_extracted_unverified
39.21.1,6 Port LIU,Each,5471,INR,39.21.1 6 Port LIU Each  5471 ,286,38,real,True,sha256:dc58bcdf21a288b9f21c605684be24ed4e38695d9c31d99e0c928e5a4b7a4691,machine_text_pattern,machine_extracted_unverified
39.21.2,12Port LIU,Each,6970,INR,39.21.2 12Port LIU Each  6970 ,286,39,real,True,sha256:dc58bcdf21a288b9f21c605684be24ed4e38695d9c31d99e0c928e5a4b7a4691,machine_text_pattern,machine_extracted_unverified
39.21.3,24 Port LIU,Each,9949,INR,39.21.3 24 Port LIU Each  9949 ,286,40,real,True,sha256:dc58bcdf21a288b9f21c605684be24ed4e38695d9c31d99e0c928e5a4b7a4691,machine_text_pattern,machine_extracted_unverified
39.23.1,6U Rack,Each,6870,INR,39.23.1  6U Rack  Each  6870 ,287,33,real,True,sha256:dc58bcdf21a288b9f21c605684be24ed4e38695d9c31d99e0c928e5a4b7a4691,machine_text_pattern,machine_extracted_unverified
39.23.2,9U Rack,Each,8872,INR,39.23.2 9U Rack Each  8872 ,287,34,real,True,sha256:dc58bcdf21a288b9f21c605684be24ed4e38695d9c31d99e0c928e5a4b7a4691,machine_text_pattern,machine_extracted_unverified
39.23.3,15U Rack,Each,13198,INR,39.23.3 15U Rack Each  13198 ,287,35,real,True,sha256:dc58bcdf21a288b9f21c605684be24ed4e38695d9c31d99e0c928e5a4b7a4691,machine_text_pattern,machine_extracted_unverified
40.12.1,4TB (Terabytes),Each,16088,INR,40.12.1 4TB (Terabytes) Each 16088 ,310,51,real,True,sha256:dc58bcdf21a288b9f21c605684be24ed4e38695d9c31d99e0c928e5a4b7a4691,machine_text_pattern,machine_extracted_unverified
40.12.2,6TB (Terabytes),Each,18895,INR,40.12.2 6TB (Terabytes) Each 18895 ,310,52,real,True,sha256:dc58bcdf21a288b9f21c605684be24ed4e38695d9c31d99e0c928e5a4b7a4691,machine_text_pattern,machine_extracted_unverified
40.12.3,8TB (Terabytes),Each,23214,INR,40.12.3 8TB (Terabytes) Each 23214 ,310,53,real,True,sha256:dc58bcdf21a288b9f21c605684be24ed4e38695d9c31d99e0c928e5a4b7a4691,machine_text_pattern,machine_extracted_unverified
40.12.4,10TB (Terabytes),Each,28613,INR,40.12.4 10TB (Terabytes) Each 28613 ,310,54,real,True,sha256:dc58bcdf21a288b9f21c605684be24ed4e38695d9c31d99e0c928e5a4b7a4691,machine_text_pattern,machine_extracted_unverified
41.6.1,Single leaf door,Each,4831,INR,41.6.1 Single leaf door  Each  4831 ,313,40,real,True,sha256:dc58bcdf21a288b9f21c605684be24ed4e38695d9c31d99e0c928e5a4b7a4691,machine_text_pattern,machine_extracted_unverified
41.6.2,Double leaf door (Each leaf 600lbs & Total 1200 lbs),Each,7593,INR,"41.6.2 Double leaf door (Each leaf 600lbs & Total 1200 lbs) Each  7,593 ",313,42,real,True,sha256:dc58bcdf21a288b9f21c605684be24ed4e38695d9c31d99e0c928e5a4b7a4691,machine_text_pattern,machine_extracted_unverified
42.4.1,32 inch or larger,Each,39590,INR,42.4.1 32 inch or larger Each  39590 ,314,92,real,True,sha256:dc58bcdf21a288b9f21c605684be24ed4e38695d9c31d99e0c928e5a4b7a4691,machine_text_pattern,machine_extracted_unverified
42.4.2,42 inch or larger,Each,51459,INR,42.4.2 42 inch or larger Each  51459 ,315,3,real,True,sha256:dc58bcdf21a288b9f21c605684be24ed4e38695d9c31d99e0c928e5a4b7a4691,machine_text_pattern,machine_extracted_unverified
42.4.3,55 inch or larger,Each,82057,INR,42.4.3 55 inch or larger Each  82057 ,315,4,real,True,sha256:dc58bcdf21a288b9f21c605684be24ed4e38695d9c31d99e0c928e5a4b7a4691,machine_text_pattern,machine_extracted_unverified
42.5.1,For Upto 500 point included,Each,97377,INR,42.5.1 For Upto 500 point included   Each  97377 ,315,40,real,True,sha256:dc58bcdf21a288b9f21c605684be24ed4e38695d9c31d99e0c928e5a4b7a4691,machine_text_pattern,machine_extracted_unverified
42.5.2,For Upto 2500 point included,Each,167892,INR,42.5.2 For Upto 2500 point included   Each  167892 ,315,41,real,True,sha256:dc58bcdf21a288b9f21c605684be24ed4e38695d9c31d99e0c928e5a4b7a4691,machine_text_pattern,machine_extracted_unverified
42.5.3,For Upto 5000 point included,Each,246899,INR,42.5.3 For Upto 5000 point included   Each  246899 ,315,42,real,True,sha256:dc58bcdf21a288b9f21c605684be24ed4e38695d9c31d99e0c928e5a4b7a4691,machine_text_pattern,machine_extracted_unverified
42.6.1,"4"" Touch Screen",Each,62985,INR,"42.6.1 4""  Touch Screen Each  62985 ",316,11,real,True,sha256:dc58bcdf21a288b9f21c605684be24ed4e38695d9c31d99e0c928e5a4b7a4691,machine_text_pattern,machine_extracted_unverified
42.6.2,"7"" Touch screen",Each,74468,INR,"42.6.2 7"" Touch screen Each  74468 ",316,12,real,True,sha256:dc58bcdf21a288b9f21c605684be24ed4e38695d9c31d99e0c928e5a4b7a4691,machine_text_pattern,machine_extracted_unverified
42.7.1,DDC Controller-Type-I (Support upto 32 Points),Each,46861,INR,42.7.1 DDC Controller-Type-I (Support upto 32 Points) Each 46861 ,316,44,real,True,sha256:dc58bcdf21a288b9f21c605684be24ed4e38695d9c31d99e0c928e5a4b7a4691,machine_text_pattern,machine_extracted_unverified
42.7.2,DDC Controller-Type-II (Support upto 64 Points),Each,66008,INR,42.7.2 DDC Controller-Type-II (Support upto 64 Points) Each 66008 ,316,45,real,True,sha256:dc58bcdf21a288b9f21c605684be24ed4e38695d9c31d99e0c928e5a4b7a4691,machine_text_pattern,machine_extracted_unverified
42.7.3,DDC Controller-Type-III (Support upto 96 Points),Each,71047,INR,42.7.3 DDC Controller-Type-III (Support upto 96 Points) Each 71047 ,317,3,real,True,sha256:dc58bcdf21a288b9f21c605684be24ed4e38695d9c31d99e0c928e5a4b7a4691,machine_text_pattern,machine_extracted_unverified
42.7.4,DDC Controller-Type-IV (Support upto 128 Points),Each,74070,INR,42.7.4 DDC Controller-Type-IV (Support upto 128 Points) Each 74070 ,317,4,real,True,sha256:dc58bcdf21a288b9f21c605684be24ed4e38695d9c31d99e0c928e5a4b7a4691,machine_text_pattern,machine_extracted_unverified
42.7.5,DDC Controller-Type-V (Support upto 160 Points),Each,86264,INR,42.7.5 DDC Controller-Type-V (Support upto 160 Points) Each 86264 ,317,5,real,True,sha256:dc58bcdf21a288b9f21c605684be24ed4e38695d9c31d99e0c928e5a4b7a4691,machine_text_pattern,machine_extracted_unverified
42.8.1,I/O Module with 4 UIO channels,Each,17636,INR,42.8.1 I/O Module with 4 UIO channels Each 17636 ,317,10,real,True,sha256:dc58bcdf21a288b9f21c605684be24ed4e38695d9c31d99e0c928e5a4b7a4691,machine_text_pattern,machine_extracted_unverified
42.8.2,I/O Module with 8 UIO channels,Each,18492,INR,42.8.2 I/O Module with 8 UIO channels Each 18492 ,317,11,real,True,sha256:dc58bcdf21a288b9f21c605684be24ed4e38695d9c31d99e0c928e5a4b7a4691,machine_text_pattern,machine_extracted_unverified
42.8.3,I/O Module with 8 UI channels,Each,19601,INR,42.8.3 I/O Module with 8 UI channels Each 19601 ,317,12,real,True,sha256:dc58bcdf21a288b9f21c605684be24ed4e38695d9c31d99e0c928e5a4b7a4691,machine_text_pattern,machine_extracted_unverified
42.8.4,I/O Module with 8 DI channels,Each,15580,INR,42.8.4 I/O Module with 8 DI channels Each 15580 ,317,13,real,True,sha256:dc58bcdf21a288b9f21c605684be24ed4e38695d9c31d99e0c928e5a4b7a4691,machine_text_pattern,machine_extracted_unverified
42.8.5,I/O Module with 16 DI channels,Each,18029,INR,42.8.5 I/O Module with 16 DI channels Each 18029 ,317,14,real,True,sha256:dc58bcdf21a288b9f21c605684be24ed4e38695d9c31d99e0c928e5a4b7a4691,machine_text_pattern,machine_extracted_unverified
42.8.6,I/O Module with 8 DO channels,Each,16910,INR,42.8.6 I/O Module with 8 DO channels Each 16910 ,317,15,real,True,sha256:dc58bcdf21a288b9f21c605684be24ed4e38695d9c31d99e0c928e5a4b7a4691,machine_text_pattern,machine_extracted_unverified
42.8.7,I/O Module with 4 DO channels,Each,15721,INR,42.8.7 I/O Module with 4 DO channels Each 15721 ,317,16,real,True,sha256:dc58bcdf21a288b9f21c605684be24ed4e38695d9c31d99e0c928e5a4b7a4691,machine_text_pattern,machine_extracted_unverified
42.9.1,500X500X200 mm,Each,10581,INR,42.9.1 500X500X200 mm Each 10581 ,317,29,real,True,sha256:dc58bcdf21a288b9f21c605684be24ed4e38695d9c31d99e0c928e5a4b7a4691,machine_text_pattern,machine_extracted_unverified
42.9.2,600mmX600mmX200mm,Each,12657,INR,42.9.2 600mmX600mmX200mm Each 12657 ,317,30,real,True,sha256:dc58bcdf21a288b9f21c605684be24ed4e38695d9c31d99e0c928e5a4b7a4691,machine_text_pattern,machine_extracted_unverified
42.9.3,800mmX1000mmX200mm,Each,18643,INR,42.9.3 800mmX1000mmX200mm Each 18643 ,317,31,real,True,sha256:dc58bcdf21a288b9f21c605684be24ed4e38695d9c31d99e0c928e5a4b7a4691,machine_text_pattern,machine_extracted_unverified
42.10.1,Integrator for 500 Points,Each,146124,INR,42.10.1 Integrator for 500 Points Each 146124 ,318,19,real,True,sha256:dc58bcdf21a288b9f21c605684be24ed4e38695d9c31d99e0c928e5a4b7a4691,machine_text_pattern,machine_extracted_unverified
42.10.2,Integrator for 1250 Points,Each,176357,INR,42.10.2 Integrator for 1250 Points Each 176357 ,318,20,real,True,sha256:dc58bcdf21a288b9f21c605684be24ed4e38695d9c31d99e0c928e5a4b7a4691,machine_text_pattern,machine_extracted_unverified
42.10.3,Integrator for 5000 Points,Each,226744,INR,42.10.3 Integrator for 5000 Points Each 226744 ,318,21,real,True,sha256:dc58bcdf21a288b9f21c605684be24ed4e38695d9c31d99e0c928e5a4b7a4691,machine_text_pattern,machine_extracted_unverified
42.11.1,Water Differential Pressure (DP) Switch for Pump Status.,Each,21299,INR,42.11.1 Water Differential Pressure (DP) Switch for Pump Status. Each  21299 ,318,26,real,True,sha256:dc58bcdf21a288b9f21c605684be24ed4e38695d9c31d99e0c928e5a4b7a4691,machine_text_pattern,machine_extracted_unverified
42.11.2,High/Low Level Switch for Tank Level Monitoring.,Each,5782,INR,42.11.2 High/Low Level Switch for Tank Level Monitoring. Each  5782 ,318,28,real,True,sha256:dc58bcdf21a288b9f21c605684be24ed4e38695d9c31d99e0c928e5a4b7a4691,machine_text_pattern,machine_extracted_unverified
42.11.3,Air DP Switch for Fan Run Status.,Each,2141,INR,42.11.3 Air DP Switch for Fan Run Status. Each  2141 ,318,30,real,True,sha256:dc58bcdf21a288b9f21c605684be24ed4e38695d9c31d99e0c928e5a4b7a4691,machine_text_pattern,machine_extracted_unverified
42.11.4,"Duct CO2 Sensor, 0-2000ppm, 0-10V/4-20mA Output.",Each,2570,INR,"42.11.4 Duct CO2 Sensor, 0-2000ppm, 0-10V/4-20mA Output. Each  2570 ",318,32,real,True,sha256:dc58bcdf21a288b9f21c605684be24ed4e38695d9c31d99e0c928e5a4b7a4691,machine_text_pattern,machine_extracted_unverified
42.11.7,Water Pressure Sensor . Accuracy:+/-0.3% FSL,Each,4585,INR,42.11.7 Water Pressure Sensor . Accuracy:+/-0.3% FSL Each 4585 ,318,51,real,True,sha256:dc58bcdf21a288b9f21c605684be24ed4e38695d9c31d99e0c928e5a4b7a4691,machine_text_pattern,machine_extracted_unverified
42.11.9,Current Sensing Relay,Each,3174,INR,42.11.9 Current Sensing Relay Each 3174 ,319,3,real,True,sha256:dc58bcdf21a288b9f21c605684be24ed4e38695d9c31d99e0c928e5a4b7a4691,machine_text_pattern,machine_extracted_unverified
42.11.10,Wall Mount Temp. Sensor,Each,4283,INR,42.11.10 Wall Mount Temp. Sensor Each 4283 ,319,5,real,True,sha256:dc58bcdf21a288b9f21c605684be24ed4e38695d9c31d99e0c928e5a4b7a4691,machine_text_pattern,machine_extracted_unverified
42.11.11,Wall/Ceiling Mount CO Sensor,Each,6550,INR,42.11.11 Wall/Ceiling Mount CO Sensor Each 6550 ,319,7,real,True,sha256:dc58bcdf21a288b9f21c605684be24ed4e38695d9c31d99e0c928e5a4b7a4691,machine_text_pattern,machine_extracted_unverified
42.11.12,Differential pressure switch for filters & Blowers,Each,3411,INR,42.11.12 Differential pressure switch for filters & Blowers Each 3411 ,319,9,real,True,sha256:dc58bcdf21a288b9f21c605684be24ed4e38695d9c31d99e0c928e5a4b7a4691,machine_text_pattern,machine_extracted_unverified
42.11.13,Bi-Level Switches (Hi/Low),Each,5543,INR,42.11.13 Bi-Level Switches (Hi/Low) Each 5543 ,319,11,real,True,sha256:dc58bcdf21a288b9f21c605684be24ed4e38695d9c31d99e0c928e5a4b7a4691,machine_text_pattern,machine_extracted_unverified
42.11.14,Water Level Sensor,Each,6621,INR,42.11.14 Water Level Sensor Each 6621 ,319,13,real,True,sha256:dc58bcdf21a288b9f21c605684be24ed4e38695d9c31d99e0c928e5a4b7a4691,machine_text_pattern,machine_extracted_unverified
42.11.15,Explosion proof level Switch,Each,7619,INR,42.11.15 Explosion proof level Switch Each 7619 ,319,15,real,True,sha256:dc58bcdf21a288b9f21c605684be24ed4e38695d9c31d99e0c928e5a4b7a4691,machine_text_pattern,machine_extracted_unverified
42.11.16,Water Flow Switch,Each,3779,INR,42.11.16 Water Flow Switch Each 3779 ,319,17,real,True,sha256:dc58bcdf21a288b9f21c605684be24ed4e38695d9c31d99e0c928e5a4b7a4691,machine_text_pattern,machine_extracted_unverified
42.11.17,"Indoor Air Quality Sensor (CO2,T,H,PM,TVOC)",Each,32752,INR,"42.11.17 Indoor Air Quality Sensor (CO2,T,H,PM,TVOC) Each 32752 ",319,19,real,True,sha256:dc58bcdf21a288b9f21c605684be24ed4e38695d9c31d99e0c928e5a4b7a4691,machine_text_pattern,machine_extracted_unverified
