tag class CFIHOS unique code,tag class name,equipment class CFIHOS unique code,equipment class name,tag or equipment class relationship reason for mapping,data_origin,is_real,source_artifact_id,source_archive_member,source_row,annotation_origin,verification_status
CFIHOS-30000395,absolute pressure transmitter,CFIHOS-30000395,absolute pressure transmitter,,real,True,sha256:a69b98012d9e4a46495a3aed48eef8ce75a69d001eaa28b4c38cb0f3c921909d,CORE CFIHOS V2.0 CSV/CFIHOS CORE tag class equipment class relationship v2.0.csv,1,source_reference_record,source_reference_record_unreviewed
CFIHOS-30000800,absorber column,CFIHOS-30000800,absorber column,,real,True,sha256:a69b98012d9e4a46495a3aed48eef8ce75a69d001eaa28b4c38cb0f3c921909d,CORE CFIHOS V2.0 CSV/CFIHOS CORE tag class equipment class relationship v2.0.csv,2,source_reference_record,source_reference_record_unreviewed
CFIHOS-30000315,accumulator,CFIHOS-30000315,accumulator,,real,True,sha256:a69b98012d9e4a46495a3aed48eef8ce75a69d001eaa28b4c38cb0f3c921909d,CORE CFIHOS V2.0 CSV/CFIHOS CORE tag class equipment class relationship v2.0.csv,3,source_reference_record,source_reference_record_unreviewed
CFIHOS-30000878,acoustic enclosure,CFIHOS-30000878,acoustic enclosure,,real,True,sha256:a69b98012d9e4a46495a3aed48eef8ce75a69d001eaa28b4c38cb0f3c921909d,CORE CFIHOS V2.0 CSV/CFIHOS CORE tag class equipment class relationship v2.0.csv,4,source_reference_record,source_reference_record_unreviewed
CFIHOS-30000878,acoustic enclosure,CFIHOS-30000537,hood,,real,True,sha256:a69b98012d9e4a46495a3aed48eef8ce75a69d001eaa28b4c38cb0f3c921909d,CORE CFIHOS V2.0 CSV/CFIHOS CORE tag class equipment class relationship v2.0.csv,5,source_reference_record,source_reference_record_unreviewed
CFIHOS-30000607,actuator,CFIHOS-30000336,electric actuator,,real,True,sha256:a69b98012d9e4a46495a3aed48eef8ce75a69d001eaa28b4c38cb0f3c921909d,CORE CFIHOS V2.0 CSV/CFIHOS CORE tag class equipment class relationship v2.0.csv,6,source_reference_record,source_reference_record_unreviewed
CFIHOS-30000607,actuator,CFIHOS-30000433,hydraulic actuator,,real,True,sha256:a69b98012d9e4a46495a3aed48eef8ce75a69d001eaa28b4c38cb0f3c921909d,CORE CFIHOS V2.0 CSV/CFIHOS CORE tag class equipment class relationship v2.0.csv,7,source_reference_record,source_reference_record_unreviewed
CFIHOS-30000607,actuator,CFIHOS-30000443,pneumatic actuator,,real,True,sha256:a69b98012d9e4a46495a3aed48eef8ce75a69d001eaa28b4c38cb0f3c921909d,CORE CFIHOS V2.0 CSV/CFIHOS CORE tag class equipment class relationship v2.0.csv,8,source_reference_record,source_reference_record_unreviewed
CFIHOS-30000801,adaptor connector,CFIHOS-30000801,adaptor connector,,real,True,sha256:a69b98012d9e4a46495a3aed48eef8ce75a69d001eaa28b4c38cb0f3c921909d,CORE CFIHOS V2.0 CSV/CFIHOS CORE tag class equipment class relationship v2.0.csv,9,source_reference_record,source_reference_record_unreviewed
CFIHOS-30000802,adsorber column,CFIHOS-30000802,adsorber column,,real,True,sha256:a69b98012d9e4a46495a3aed48eef8ce75a69d001eaa28b4c38cb0f3c921909d,CORE CFIHOS V2.0 CSV/CFIHOS CORE tag class equipment class relationship v2.0.csv,10,source_reference_record,source_reference_record_unreviewed
CFIHOS-30000515,aerator,CFIHOS-30000515,aerator,,real,True,sha256:a69b98012d9e4a46495a3aed48eef8ce75a69d001eaa28b4c38cb0f3c921909d,CORE CFIHOS V2.0 CSV/CFIHOS CORE tag class equipment class relationship v2.0.csv,11,source_reference_record,source_reference_record_unreviewed
CFIHOS-30000102,agitator,CFIHOS-30000102,agitator,,real,True,sha256:a69b98012d9e4a46495a3aed48eef8ce75a69d001eaa28b4c38cb0f3c921909d,CORE CFIHOS V2.0 CSV/CFIHOS CORE tag class equipment class relationship v2.0.csv,12,source_reference_record,source_reference_record_unreviewed
CFIHOS-30000103,air balancing unit,CFIHOS-30000103,air balancing unit,,real,True,sha256:a69b98012d9e4a46495a3aed48eef8ce75a69d001eaa28b4c38cb0f3c921909d,CORE CFIHOS V2.0 CSV/CFIHOS CORE tag class equipment class relationship v2.0.csv,13,source_reference_record,source_reference_record_unreviewed
CFIHOS-30000803,air circuit-breaker,CFIHOS-30000803,air circuit-breaker,,real,True,sha256:a69b98012d9e4a46495a3aed48eef8ce75a69d001eaa28b4c38cb0f3c921909d,CORE CFIHOS V2.0 CSV/CFIHOS CORE tag class equipment class relationship v2.0.csv,14,source_reference_record,source_reference_record_unreviewed
CFIHOS-30000382,air conditioner,CFIHOS-30000382,air conditioner,,real,True,sha256:a69b98012d9e4a46495a3aed48eef8ce75a69d001eaa28b4c38cb0f3c921909d,CORE CFIHOS V2.0 CSV/CFIHOS CORE tag class equipment class relationship v2.0.csv,15,source_reference_record,source_reference_record_unreviewed
CFIHOS-30000382,air conditioner,CFIHOS-30000891,evaporator,,real,True,sha256:a69b98012d9e4a46495a3aed48eef8ce75a69d001eaa28b4c38cb0f3c921909d,CORE CFIHOS V2.0 CSV/CFIHOS CORE tag class equipment class relationship v2.0.csv,16,source_reference_record,source_reference_record_unreviewed
CFIHOS-30000383,air cooled heat exchanger,CFIHOS-30000383,air cooled heat exchanger,,real,True,sha256:a69b98012d9e4a46495a3aed48eef8ce75a69d001eaa28b4c38cb0f3c921909d,CORE CFIHOS V2.0 CSV/CFIHOS CORE tag class equipment class relationship v2.0.csv,17,source_reference_record,source_reference_record_unreviewed
CFIHOS-30000104,air handling unit,CFIHOS-30000104,air handling unit,,real,True,sha256:a69b98012d9e4a46495a3aed48eef8ce75a69d001eaa28b4c38cb0f3c921909d,CORE CFIHOS V2.0 CSV/CFIHOS CORE tag class equipment class relationship v2.0.csv,18,source_reference_record,source_reference_record_unreviewed
CFIHOS-30000879,air trap,CFIHOS-30000879,air trap,,real,True,sha256:a69b98012d9e4a46495a3aed48eef8ce75a69d001eaa28b4c38cb0f3c921909d,CORE CFIHOS V2.0 CSV/CFIHOS CORE tag class equipment class relationship v2.0.csv,19,source_reference_record,source_reference_record_unreviewed
CFIHOS-30000880,aircraft warning light,CFIHOS-30000922,strobe light,,real,True,sha256:a69b98012d9e4a46495a3aed48eef8ce75a69d001eaa28b4c38cb0f3c921909d,CORE CFIHOS V2.0 CSV/CFIHOS CORE tag class equipment class relationship v2.0.csv,20,source_reference_record,source_reference_record_unreviewed
CFIHOS-30000747,alarm unit,CFIHOS-30000747,alarm unit,,real,True,sha256:a69b98012d9e4a46495a3aed48eef8ce75a69d001eaa28b4c38cb0f3c921909d,CORE CFIHOS V2.0 CSV/CFIHOS CORE tag class equipment class relationship v2.0.csv,21,source_reference_record,source_reference_record_unreviewed
CFIHOS-30000804,alternating current generator,CFIHOS-30000804,alternating current generator,,real,True,sha256:a69b98012d9e4a46495a3aed48eef8ce75a69d001eaa28b4c38cb0f3c921909d,CORE CFIHOS V2.0 CSV/CFIHOS CORE tag class equipment class relationship v2.0.csv,22,source_reference_record,source_reference_record_unreviewed
CFIHOS-30000805,alternating current motor,CFIHOS-30000805,alternating current motor,,real,True,sha256:a69b98012d9e4a46495a3aed48eef8ce75a69d001eaa28b4c38cb0f3c921909d,CORE CFIHOS V2.0 CSV/CFIHOS CORE tag class equipment class relationship v2.0.csv,23,source_reference_record,source_reference_record_unreviewed
CFIHOS-30000316,amplifier,CFIHOS-30000316,amplifier,,real,True,sha256:a69b98012d9e4a46495a3aed48eef8ce75a69d001eaa28b4c38cb0f3c921909d,CORE CFIHOS V2.0 CSV/CFIHOS CORE tag class equipment class relationship v2.0.csv,24,source_reference_record,source_reference_record_unreviewed
CFIHOS-30000105,analyser element,CFIHOS-30000105,analyser element,,real,True,sha256:a69b98012d9e4a46495a3aed48eef8ce75a69d001eaa28b4c38cb0f3c921909d,CORE CFIHOS V2.0 CSV/CFIHOS CORE tag class equipment class relationship v2.0.csv,25,source_reference_record,source_reference_record_unreviewed
CFIHOS-30000510,anchor,CFIHOS-30000510,anchor,,real,True,sha256:a69b98012d9e4a46495a3aed48eef8ce75a69d001eaa28b4c38cb0f3c921909d,CORE CFIHOS V2.0 CSV/CFIHOS CORE tag class equipment class relationship v2.0.csv,26,source_reference_record,source_reference_record_unreviewed
CFIHOS-30000286,anemometer,CFIHOS-30000286,anemometer,,real,True,sha256:a69b98012d9e4a46495a3aed48eef8ce75a69d001eaa28b4c38cb0f3c921909d,CORE CFIHOS V2.0 CSV/CFIHOS CORE tag class equipment class relationship v2.0.csv,27,source_reference_record,source_reference_record_unreviewed
CFIHOS-30000317,anode,CFIHOS-30000317,anode,,real,True,sha256:a69b98012d9e4a46495a3aed48eef8ce75a69d001eaa28b4c38cb0f3c921909d,CORE CFIHOS V2.0 CSV/CFIHOS CORE tag class equipment class relationship v2.0.csv,28,source_reference_record,source_reference_record_unreviewed
CFIHOS-30000397,antenna,CFIHOS-30000397,antenna,,real,True,sha256:a69b98012d9e4a46495a3aed48eef8ce75a69d001eaa28b4c38cb0f3c921909d,CORE CFIHOS V2.0 CSV/CFIHOS CORE tag class equipment class relationship v2.0.csv,29,source_reference_record,source_reference_record_unreviewed
CFIHOS-30000511,arrestor,CFIHOS-30000511,arrestor,,real,True,sha256:a69b98012d9e4a46495a3aed48eef8ce75a69d001eaa28b4c38cb0f3c921909d,CORE CFIHOS V2.0 CSV/CFIHOS CORE tag class equipment class relationship v2.0.csv,30,source_reference_record,source_reference_record_unreviewed
CFIHOS-30000108,attenuator,CFIHOS-30000108,attenuator,,real,True,sha256:a69b98012d9e4a46495a3aed48eef8ce75a69d001eaa28b4c38cb0f3c921909d,CORE CFIHOS V2.0 CSV/CFIHOS CORE tag class equipment class relationship v2.0.csv,31,source_reference_record,source_reference_record_unreviewed
CFIHOS-30001010,automatic circuit recloser,CFIHOS-30001010,automatic circuit recloser,Required by owner-operators,real,True,sha256:a69b98012d9e4a46495a3aed48eef8ce75a69d001eaa28b4c38cb0f3c921909d,CORE CFIHOS V2.0 CSV/CFIHOS CORE tag class equipment class relationship v2.0.csv,32,source_reference_record,source_reference_record_unreviewed
CFIHOS-30000608,automatic identification system,CFIHOS-30000608,automatic identification system,,real,True,sha256:a69b98012d9e4a46495a3aed48eef8ce75a69d001eaa28b4c38cb0f3c921909d,CORE CFIHOS V2.0 CSV/CFIHOS CORE tag class equipment class relationship v2.0.csv,33,source_reference_record,source_reference_record_unreviewed
CFIHOS-30000731,automatic switching equipment,CFIHOS-30000731,automatic switching equipment,,real,True,sha256:a69b98012d9e4a46495a3aed48eef8ce75a69d001eaa28b4c38cb0f3c921909d,CORE CFIHOS V2.0 CSV/CFIHOS CORE tag class equipment class relationship v2.0.csv,34,source_reference_record,source_reference_record_unreviewed
CFIHOS-30000516,axial compressor,CFIHOS-30000516,axial compressor,,real,True,sha256:a69b98012d9e4a46495a3aed48eef8ce75a69d001eaa28b4c38cb0f3c921909d,CORE CFIHOS V2.0 CSV/CFIHOS CORE tag class equipment class relationship v2.0.csv,35,source_reference_record,source_reference_record_unreviewed
CFIHOS-30000398,axial displacement element,CFIHOS-30000398,axial displacement element,,real,True,sha256:a69b98012d9e4a46495a3aed48eef8ce75a69d001eaa28b4c38cb0f3c921909d,CORE CFIHOS V2.0 CSV/CFIHOS CORE tag class equipment class relationship v2.0.csv,36,source_reference_record,source_reference_record_unreviewed
CFIHOS-30000109,axial displacement transmitter,CFIHOS-30000109,axial displacement transmitter,,real,True,sha256:a69b98012d9e4a46495a3aed48eef8ce75a69d001eaa28b4c38cb0f3c921909d,CORE CFIHOS V2.0 CSV/CFIHOS CORE tag class equipment class relationship v2.0.csv,37,source_reference_record,source_reference_record_unreviewed
CFIHOS-30000110,balancing damper,CFIHOS-30000110,balancing damper,,real,True,sha256:a69b98012d9e4a46495a3aed48eef8ce75a69d001eaa28b4c38cb0f3c921909d,CORE CFIHOS V2.0 CSV/CFIHOS CORE tag class equipment class relationship v2.0.csv,38,source_reference_record,source_reference_record_unreviewed
CFIHOS-30000806,ball control valve,CFIHOS-30000806,ball control valve,,real,True,sha256:a69b98012d9e4a46495a3aed48eef8ce75a69d001eaa28b4c38cb0f3c921909d,CORE CFIHOS V2.0 CSV/CFIHOS CORE tag class equipment class relationship v2.0.csv,39,source_reference_record,source_reference_record_unreviewed
CFIHOS-30000807,ball valve,CFIHOS-30000807,ball valve,,real,True,sha256:a69b98012d9e4a46495a3aed48eef8ce75a69d001eaa28b4c38cb0f3c921909d,CORE CFIHOS V2.0 CSV/CFIHOS CORE tag class equipment class relationship v2.0.csv,40,source_reference_record,source_reference_record_unreviewed
CFIHOS-30000958,balustrade,CFIHOS-30000958,balustrade,,real,True,sha256:a69b98012d9e4a46495a3aed48eef8ce75a69d001eaa28b4c38cb0f3c921909d,CORE CFIHOS V2.0 CSV/CFIHOS CORE tag class equipment class relationship v2.0.csv,41,source_reference_record,source_reference_record_unreviewed
CFIHOS-30000297,basin,CFIHOS-30000297,basin,,real,True,sha256:a69b98012d9e4a46495a3aed48eef8ce75a69d001eaa28b4c38cb0f3c921909d,CORE CFIHOS V2.0 CSV/CFIHOS CORE tag class equipment class relationship v2.0.csv,42,source_reference_record,source_reference_record_unreviewed
CFIHOS-30000298,basket,CFIHOS-30000298,basket,,real,True,sha256:a69b98012d9e4a46495a3aed48eef8ce75a69d001eaa28b4c38cb0f3c921909d,CORE CFIHOS V2.0 CSV/CFIHOS CORE tag class equipment class relationship v2.0.csv,43,source_reference_record,source_reference_record_unreviewed
CFIHOS-30000318,battery back-up power supply unit,CFIHOS-30000318,battery back-up power supply unit,,real,True,sha256:a69b98012d9e4a46495a3aed48eef8ce75a69d001eaa28b4c38cb0f3c921909d,CORE CFIHOS V2.0 CSV/CFIHOS CORE tag class equipment class relationship v2.0.csv,44,source_reference_record,source_reference_record_unreviewed
CFIHOS-30000319,battery charger,CFIHOS-30000319,battery charger,,real,True,sha256:a69b98012d9e4a46495a3aed48eef8ce75a69d001eaa28b4c38cb0f3c921909d,CORE CFIHOS V2.0 CSV/CFIHOS CORE tag class equipment class relationship v2.0.csv,45,source_reference_record,source_reference_record_unreviewed
CFIHOS-30000959,bay,CFIHOS-30000959,bay,,real,True,sha256:a69b98012d9e4a46495a3aed48eef8ce75a69d001eaa28b4c38cb0f3c921909d,CORE CFIHOS V2.0 CSV/CFIHOS CORE tag class equipment class relationship v2.0.csv,46,source_reference_record,source_reference_record_unreviewed
CFIHOS-30000571,beam,CFIHOS-30000571,beam,,real,True,sha256:a69b98012d9e4a46495a3aed48eef8ce75a69d001eaa28b4c38cb0f3c921909d,CORE CFIHOS V2.0 CSV/CFIHOS CORE tag class equipment class relationship v2.0.csv,47,source_reference_record,source_reference_record_unreviewed
CFIHOS-30000001,beam clamp,CFIHOS-30000001,beam clamp,,real,True,sha256:a69b98012d9e4a46495a3aed48eef8ce75a69d001eaa28b4c38cb0f3c921909d,CORE CFIHOS V2.0 CSV/CFIHOS CORE tag class equipment class relationship v2.0.csv,48,source_reference_record,source_reference_record_unreviewed
CFIHOS-30001026,beam pumpjack,CFIHOS-30001026,beam pumpjack,Required by owner-operators,real,True,sha256:a69b98012d9e4a46495a3aed48eef8ce75a69d001eaa28b4c38cb0f3c921909d,CORE CFIHOS V2.0 CSV/CFIHOS CORE tag class equipment class relationship v2.0.csv,49,source_reference_record,source_reference_record_unreviewed
CFIHOS-30000517,bearing,CFIHOS-30000517,bearing,,real,True,sha256:a69b98012d9e4a46495a3aed48eef8ce75a69d001eaa28b4c38cb0f3c921909d,CORE CFIHOS V2.0 CSV/CFIHOS CORE tag class equipment class relationship v2.0.csv,50,source_reference_record,source_reference_record_unreviewed
CFIHOS-30000399,bell,CFIHOS-30000399,bell,,real,True,sha256:a69b98012d9e4a46495a3aed48eef8ce75a69d001eaa28b4c38cb0f3c921909d,CORE CFIHOS V2.0 CSV/CFIHOS CORE tag class equipment class relationship v2.0.csv,51,source_reference_record,source_reference_record_unreviewed
CFIHOS-30000668,bell nipple,CFIHOS-30000496,pipe,,real,True,sha256:a69b98012d9e4a46495a3aed48eef8ce75a69d001eaa28b4c38cb0f3c921909d,CORE CFIHOS V2.0 CSV/CFIHOS CORE tag class equipment class relationship v2.0.csv,52,source_reference_record,source_reference_record_unreviewed
CFIHOS-30000562,belt conveyor,CFIHOS-30000562,belt conveyor,,real,True,sha256:a69b98012d9e4a46495a3aed48eef8ce75a69d001eaa28b4c38cb0f3c921909d,CORE CFIHOS V2.0 CSV/CFIHOS CORE tag class equipment class relationship v2.0.csv,53,source_reference_record,source_reference_record_unreviewed
CFIHOS-30000002,bicycle,CFIHOS-30000002,bicycle,,real,True,sha256:a69b98012d9e4a46495a3aed48eef8ce75a69d001eaa28b4c38cb0f3c921909d,CORE CFIHOS V2.0 CSV/CFIHOS CORE tag class equipment class relationship v2.0.csv,54,source_reference_record,source_reference_record_unreviewed
CFIHOS-30000609,blast rated wall,CFIHOS-30000609,blast rated wall,,real,True,sha256:a69b98012d9e4a46495a3aed48eef8ce75a69d001eaa28b4c38cb0f3c921909d,CORE CFIHOS V2.0 CSV/CFIHOS CORE tag class equipment class relationship v2.0.csv,55,source_reference_record,source_reference_record_unreviewed
CFIHOS-30000808,block and bleed valve,CFIHOS-30000808,block and bleed valve,,real,True,sha256:a69b98012d9e4a46495a3aed48eef8ce75a69d001eaa28b4c38cb0f3c921909d,CORE CFIHOS V2.0 CSV/CFIHOS CORE tag class equipment class relationship v2.0.csv,56,source_reference_record,source_reference_record_unreviewed
CFIHOS-30000635,blow down valve,CFIHOS-30000806,ball control valve,,real,True,sha256:a69b98012d9e4a46495a3aed48eef8ce75a69d001eaa28b4c38cb0f3c921909d,CORE CFIHOS V2.0 CSV/CFIHOS CORE tag class equipment class relationship v2.0.csv,57,source_reference_record,source_reference_record_unreviewed
CFIHOS-30000635,blow down valve,CFIHOS-30000809,butterfly control valve,,real,True,sha256:a69b98012d9e4a46495a3aed48eef8ce75a69d001eaa28b4c38cb0f3c921909d,CORE CFIHOS V2.0 CSV/CFIHOS CORE tag class equipment class relationship v2.0.csv,58,source_reference_record,source_reference_record_unreviewed
CFIHOS-30000635,blow down valve,CFIHOS-30000837,gate control valve,,real,True,sha256:a69b98012d9e4a46495a3aed48eef8ce75a69d001eaa28b4c38cb0f3c921909d,CORE CFIHOS V2.0 CSV/CFIHOS CORE tag class equipment class relationship v2.0.csv,59,source_reference_record,source_reference_record_unreviewed
CFIHOS-30000635,blow down valve,CFIHOS-30000839,globe control valve,,real,True,sha256:a69b98012d9e4a46495a3aed48eef8ce75a69d001eaa28b4c38cb0f3c921909d,CORE CFIHOS V2.0 CSV/CFIHOS CORE tag class equipment class relationship v2.0.csv,60,source_reference_record,source_reference_record_unreviewed
CFIHOS-30000635,blow down valve,CFIHOS-30000859,plug control valve,,real,True,sha256:a69b98012d9e4a46495a3aed48eef8ce75a69d001eaa28b4c38cb0f3c921909d,CORE CFIHOS V2.0 CSV/CFIHOS CORE tag class equipment class relationship v2.0.csv,61,source_reference_record,source_reference_record_unreviewed
CFIHOS-30000003,blow out preventer,CFIHOS-30000003,blow out preventer,,real,True,sha256:a69b98012d9e4a46495a3aed48eef8ce75a69d001eaa28b4c38cb0f3c921909d,CORE CFIHOS V2.0 CSV/CFIHOS CORE tag class equipment class relationship v2.0.csv,62,source_reference_record,source_reference_record_unreviewed
CFIHOS-30000518,blower,CFIHOS-30000518,blower,,real,True,sha256:a69b98012d9e4a46495a3aed48eef8ce75a69d001eaa28b4c38cb0f3c921909d,CORE CFIHOS V2.0 CSV/CFIHOS CORE tag class equipment class relationship v2.0.csv,63,source_reference_record,source_reference_record_unreviewed
CFIHOS-30001012,boat,CFIHOS-30001012,boat,Required by owner-operators,real,True,sha256:a69b98012d9e4a46495a3aed48eef8ce75a69d001eaa28b4c38cb0f3c921909d,CORE CFIHOS V2.0 CSV/CFIHOS CORE tag class equipment class relationship v2.0.csv,64,source_reference_record,source_reference_record_unreviewed
CFIHOS-30000384,boiler,CFIHOS-30000384,boiler,,real,True,sha256:a69b98012d9e4a46495a3aed48eef8ce75a69d001eaa28b4c38cb0f3c921909d,CORE CFIHOS V2.0 CSV/CFIHOS CORE tag class equipment class relationship v2.0.csv,65,source_reference_record,source_reference_record_unreviewed
CFIHOS-30000519,brake,CFIHOS-30000519,brake,,real,True,sha256:a69b98012d9e4a46495a3aed48eef8ce75a69d001eaa28b4c38cb0f3c921909d,CORE CFIHOS V2.0 CSV/CFIHOS CORE tag class equipment class relationship v2.0.csv,66,source_reference_record,source_reference_record_unreviewed
CFIHOS-30000004,break glass unit,CFIHOS-30000004,break glass unit,,real,True,sha256:a69b98012d9e4a46495a3aed48eef8ce75a69d001eaa28b4c38cb0f3c921909d,CORE CFIHOS V2.0 CSV/CFIHOS CORE tag class equipment class relationship v2.0.csv,67,source_reference_record,source_reference_record_unreviewed
CFIHOS-30000005,breathing apparatus,CFIHOS-30000005,breathing apparatus,,real,True,sha256:a69b98012d9e4a46495a3aed48eef8ce75a69d001eaa28b4c38cb0f3c921909d,CORE CFIHOS V2.0 CSV/CFIHOS CORE tag class equipment class relationship v2.0.csv,68,source_reference_record,source_reference_record_unreviewed
CFIHOS-30000006,bridge,CFIHOS-30000006,bridge,,real,True,sha256:a69b98012d9e4a46495a3aed48eef8ce75a69d001eaa28b4c38cb0f3c921909d,CORE CFIHOS V2.0 CSV/CFIHOS CORE tag class equipment class relationship v2.0.csv,69,source_reference_record,source_reference_record_unreviewed
CFIHOS-30000936,bridge bearing,CFIHOS-30000936,bridge bearing,,real,True,sha256:a69b98012d9e4a46495a3aed48eef8ce75a69d001eaa28b4c38cb0f3c921909d,CORE CFIHOS V2.0 CSV/CFIHOS CORE tag class equipment class relationship v2.0.csv,70,source_reference_record,source_reference_record_unreviewed
CFIHOS-30000610,buckle initiator,CFIHOS-30000610,buckle initiator,,real,True,sha256:a69b98012d9e4a46495a3aed48eef8ce75a69d001eaa28b4c38cb0f3c921909d,CORE CFIHOS V2.0 CSV/CFIHOS CORE tag class equipment class relationship v2.0.csv,71,source_reference_record,source_reference_record_unreviewed
CFIHOS-30000960,buffers,CFIHOS-30000960,buffers,,real,True,sha256:a69b98012d9e4a46495a3aed48eef8ce75a69d001eaa28b4c38cb0f3c921909d,CORE CFIHOS V2.0 CSV/CFIHOS CORE tag class equipment class relationship v2.0.csv,72,source_reference_record,source_reference_record_unreviewed
CFIHOS-30000611,bund wall,CFIHOS-30000611,bund wall,,real,True,sha256:a69b98012d9e4a46495a3aed48eef8ce75a69d001eaa28b4c38cb0f3c921909d,CORE CFIHOS V2.0 CSV/CFIHOS CORE tag class equipment class relationship v2.0.csv,73,source_reference_record,source_reference_record_unreviewed
CFIHOS-30000595,buoy,CFIHOS-30000595,buoy,,real,True,sha256:a69b98012d9e4a46495a3aed48eef8ce75a69d001eaa28b4c38cb0f3c921909d,CORE CFIHOS V2.0 CSV/CFIHOS CORE tag class equipment class relationship v2.0.csv,74,source_reference_record,source_reference_record_unreviewed
CFIHOS-30000612,bus duct,CFIHOS-30000612,bus duct,,real,True,sha256:a69b98012d9e4a46495a3aed48eef8ce75a69d001eaa28b4c38cb0f3c921909d,CORE CFIHOS V2.0 CSV/CFIHOS CORE tag class equipment class relationship v2.0.csv,75,source_reference_record,source_reference_record_unreviewed
CFIHOS-30000320,busbar,CFIHOS-30000320,busbar,,real,True,sha256:a69b98012d9e4a46495a3aed48eef8ce75a69d001eaa28b4c38cb0f3c921909d,CORE CFIHOS V2.0 CSV/CFIHOS CORE tag class equipment class relationship v2.0.csv,76,source_reference_record,source_reference_record_unreviewed
CFIHOS-30000809,butterfly control valve,CFIHOS-30000809,butterfly control valve,,real,True,sha256:a69b98012d9e4a46495a3aed48eef8ce75a69d001eaa28b4c38cb0f3c921909d,CORE CFIHOS V2.0 CSV/CFIHOS CORE tag class equipment class relationship v2.0.csv,77,source_reference_record,source_reference_record_unreviewed
CFIHOS-30000810,butterfly valve,CFIHOS-30000810,butterfly valve,,real,True,sha256:a69b98012d9e4a46495a3aed48eef8ce75a69d001eaa28b4c38cb0f3c921909d,CORE CFIHOS V2.0 CSV/CFIHOS CORE tag class equipment class relationship v2.0.csv,78,source_reference_record,source_reference_record_unreviewed
CFIHOS-30000007,cabinet,CFIHOS-30000007,cabinet,,real,True,sha256:a69b98012d9e4a46495a3aed48eef8ce75a69d001eaa28b4c38cb0f3c921909d,CORE CFIHOS V2.0 CSV/CFIHOS CORE tag class equipment class relationship v2.0.csv,79,source_reference_record,source_reference_record_unreviewed
CFIHOS-30000321,cable reel,CFIHOS-30000321,cable reel,,real,True,sha256:a69b98012d9e4a46495a3aed48eef8ce75a69d001eaa28b4c38cb0f3c921909d,CORE CFIHOS V2.0 CSV/CFIHOS CORE tag class equipment class relationship v2.0.csv,80,source_reference_record,source_reference_record_unreviewed
CFIHOS-30000937,cable tray,CFIHOS-30000937,cable tray,,real,True,sha256:a69b98012d9e4a46495a3aed48eef8ce75a69d001eaa28b4c38cb0f3c921909d,CORE CFIHOS V2.0 CSV/CFIHOS CORE tag class equipment class relationship v2.0.csv,81,source_reference_record,source_reference_record_unreviewed
CFIHOS-30000008,caisson,CFIHOS-30000008,caisson,,real,True,sha256:a69b98012d9e4a46495a3aed48eef8ce75a69d001eaa28b4c38cb0f3c921909d,CORE CFIHOS V2.0 CSV/CFIHOS CORE tag class equipment class relationship v2.0.csv,82,source_reference_record,source_reference_record_unreviewed
CFIHOS-30000742,calorimeter,CFIHOS-30000742,calorimeter,,real,True,sha256:a69b98012d9e4a46495a3aed48eef8ce75a69d001eaa28b4c38cb0f3c921909d,CORE CFIHOS V2.0 CSV/CFIHOS CORE tag class equipment class relationship v2.0.csv,83,source_reference_record,source_reference_record_unreviewed
CFIHOS-30000961,camera port,CFIHOS-30000961,camera port,,real,True,sha256:a69b98012d9e4a46495a3aed48eef8ce75a69d001eaa28b4c38cb0f3c921909d,CORE CFIHOS V2.0 CSV/CFIHOS CORE tag class equipment class relationship v2.0.csv,84,source_reference_record,source_reference_record_unreviewed
CFIHOS-30000299,cap,CFIHOS-30000299,cap,,real,True,sha256:a69b98012d9e4a46495a3aed48eef8ce75a69d001eaa28b4c38cb0f3c921909d,CORE CFIHOS V2.0 CSV/CFIHOS CORE tag class equipment class relationship v2.0.csv,85,source_reference_record,source_reference_record_unreviewed
CFIHOS-30000010,capacitance level transmitter,CFIHOS-30000010,capacitance level transmitter,,real,True,sha256:a69b98012d9e4a46495a3aed48eef8ce75a69d001eaa28b4c38cb0f3c921909d,CORE CFIHOS V2.0 CSV/CFIHOS CORE tag class equipment class relationship v2.0.csv,86,source_reference_record,source_reference_record_unreviewed
CFIHOS-30000400,capacitance probe,CFIHOS-30000400,capacitance probe,,real,True,sha256:a69b98012d9e4a46495a3aed48eef8ce75a69d001eaa28b4c38cb0f3c921909d,CORE CFIHOS V2.0 CSV/CFIHOS CORE tag class equipment class relationship v2.0.csv,87,source_reference_record,source_reference_record_unreviewed
CFIHOS-30000733,capacitor,CFIHOS-30000733,capacitor,,real,True,sha256:a69b98012d9e4a46495a3aed48eef8ce75a69d001eaa28b4c38cb0f3c921909d,CORE CFIHOS V2.0 CSV/CFIHOS CORE tag class equipment class relationship v2.0.csv,88,source_reference_record,source_reference_record_unreviewed
CFIHOS-30000322,capacitor bank,CFIHOS-30000322,capacitor bank,,real,True,sha256:a69b98012d9e4a46495a3aed48eef8ce75a69d001eaa28b4c38cb0f3c921909d,CORE CFIHOS V2.0 CSV/CFIHOS CORE tag class equipment class relationship v2.0.csv,89,source_reference_record,source_reference_record_unreviewed
CFIHOS-30000011,car,CFIHOS-30000011,car,,real,True,sha256:a69b98012d9e4a46495a3aed48eef8ce75a69d001eaa28b4c38cb0f3c921909d,CORE CFIHOS V2.0 CSV/CFIHOS CORE tag class equipment class relationship v2.0.csv,90,source_reference_record,source_reference_record_unreviewed
CFIHOS-30000730,cathodic protection system,CFIHOS-30000317,anode,,real,True,sha256:a69b98012d9e4a46495a3aed48eef8ce75a69d001eaa28b4c38cb0f3c921909d,CORE CFIHOS V2.0 CSV/CFIHOS CORE tag class equipment class relationship v2.0.csv,91,source_reference_record,source_reference_record_unreviewed
CFIHOS-30000012,cctv camera,CFIHOS-30000012,cctv camera,,real,True,sha256:a69b98012d9e4a46495a3aed48eef8ce75a69d001eaa28b4c38cb0f3c921909d,CORE CFIHOS V2.0 CSV/CFIHOS CORE tag class equipment class relationship v2.0.csv,92,source_reference_record,source_reference_record_unreviewed
CFIHOS-30000962,ceiling,CFIHOS-30000962,ceiling,,real,True,sha256:a69b98012d9e4a46495a3aed48eef8ce75a69d001eaa28b4c38cb0f3c921909d,CORE CFIHOS V2.0 CSV/CFIHOS CORE tag class equipment class relationship v2.0.csv,93,source_reference_record,source_reference_record_unreviewed
CFIHOS-30000963,cell,CFIHOS-30000963,cell,,real,True,sha256:a69b98012d9e4a46495a3aed48eef8ce75a69d001eaa28b4c38cb0f3c921909d,CORE CFIHOS V2.0 CSV/CFIHOS CORE tag class equipment class relationship v2.0.csv,94,source_reference_record,source_reference_record_unreviewed
CFIHOS-30000520,centrifugal compressor,CFIHOS-30000520,centrifugal compressor,,real,True,sha256:a69b98012d9e4a46495a3aed48eef8ce75a69d001eaa28b4c38cb0f3c921909d,CORE CFIHOS V2.0 CSV/CFIHOS CORE tag class equipment class relationship v2.0.csv,95,source_reference_record,source_reference_record_unreviewed
CFIHOS-30000521,centrifugal pump,CFIHOS-30000521,centrifugal pump,,real,True,sha256:a69b98012d9e4a46495a3aed48eef8ce75a69d001eaa28b4c38cb0f3c921909d,CORE CFIHOS V2.0 CSV/CFIHOS CORE tag class equipment class relationship v2.0.csv,96,source_reference_record,source_reference_record_unreviewed
CFIHOS-30000522,centrifuge,CFIHOS-30000522,centrifuge,,real,True,sha256:a69b98012d9e4a46495a3aed48eef8ce75a69d001eaa28b4c38cb0f3c921909d,CORE CFIHOS V2.0 CSV/CFIHOS CORE tag class equipment class relationship v2.0.csv,97,source_reference_record,source_reference_record_unreviewed
CFIHOS-30000596,chain,CFIHOS-30000596,chain,,real,True,sha256:a69b98012d9e4a46495a3aed48eef8ce75a69d001eaa28b4c38cb0f3c921909d,CORE CFIHOS V2.0 CSV/CFIHOS CORE tag class equipment class relationship v2.0.csv,98,source_reference_record,source_reference_record_unreviewed
CFIHOS-30000563,chain conveyor,CFIHOS-30000563,chain conveyor,,real,True,sha256:a69b98012d9e4a46495a3aed48eef8ce75a69d001eaa28b4c38cb0f3c921909d,CORE CFIHOS V2.0 CSV/CFIHOS CORE tag class equipment class relationship v2.0.csv,99,source_reference_record,source_reference_record_unreviewed
CFIHOS-30000013,chain hoist,CFIHOS-30000013,chain hoist,,real,True,sha256:a69b98012d9e4a46495a3aed48eef8ce75a69d001eaa28b4c38cb0f3c921909d,CORE CFIHOS V2.0 CSV/CFIHOS CORE tag class equipment class relationship v2.0.csv,100,source_reference_record,source_reference_record_unreviewed
CFIHOS-30000300,chamber,CFIHOS-30000300,chamber,,real,True,sha256:a69b98012d9e4a46495a3aed48eef8ce75a69d001eaa28b4c38cb0f3c921909d,CORE CFIHOS V2.0 CSV/CFIHOS CORE tag class equipment class relationship v2.0.csv,101,source_reference_record,source_reference_record_unreviewed
CFIHOS-30000636,check valve,CFIHOS-30000857,piston check valve,,real,True,sha256:a69b98012d9e4a46495a3aed48eef8ce75a69d001eaa28b4c38cb0f3c921909d,CORE CFIHOS V2.0 CSV/CFIHOS CORE tag class equipment class relationship v2.0.csv,102,source_reference_record,source_reference_record_unreviewed
CFIHOS-30000636,check valve,CFIHOS-30000873,swing check valve,,real,True,sha256:a69b98012d9e4a46495a3aed48eef8ce75a69d001eaa28b4c38cb0f3c921909d,CORE CFIHOS V2.0 CSV/CFIHOS CORE tag class equipment class relationship v2.0.csv,103,source_reference_record,source_reference_record_unreviewed
CFIHOS-30000636,check valve,CFIHOS-30000876,wafer check valve,,real,True,sha256:a69b98012d9e4a46495a3aed48eef8ce75a69d001eaa28b4c38cb0f3c921909d,CORE CFIHOS V2.0 CSV/CFIHOS CORE tag class equipment class relationship v2.0.csv,104,source_reference_record,source_reference_record_unreviewed
CFIHOS-30000706,chemical injection unit,CFIHOS-30000706,chemical injection unit,,real,True,sha256:a69b98012d9e4a46495a3aed48eef8ce75a69d001eaa28b4c38cb0f3c921909d,CORE CFIHOS V2.0 CSV/CFIHOS CORE tag class equipment class relationship v2.0.csv,105,source_reference_record,source_reference_record_unreviewed
CFIHOS-30000014,chimney,CFIHOS-30000014,chimney,,real,True,sha256:a69b98012d9e4a46495a3aed48eef8ce75a69d001eaa28b4c38cb0f3c921909d,CORE CFIHOS V2.0 CSV/CFIHOS CORE tag class equipment class relationship v2.0.csv,106,source_reference_record,source_reference_record_unreviewed
CFIHOS-30000811,choke control valve,CFIHOS-30000811,choke control valve,,real,True,sha256:a69b98012d9e4a46495a3aed48eef8ce75a69d001eaa28b4c38cb0f3c921909d,CORE CFIHOS V2.0 CSV/CFIHOS CORE tag class equipment class relationship v2.0.csv,107,source_reference_record,source_reference_record_unreviewed
CFIHOS-30000812,choke valve,CFIHOS-30000812,choke valve,,real,True,sha256:a69b98012d9e4a46495a3aed48eef8ce75a69d001eaa28b4c38cb0f3c921909d,CORE CFIHOS V2.0 CSV/CFIHOS CORE tag class equipment class relationship v2.0.csv,108,source_reference_record,source_reference_record_unreviewed
CFIHOS-30000494,christmas tree,CFIHOS-30000494,christmas tree,,real,True,sha256:a69b98012d9e4a46495a3aed48eef8ce75a69d001eaa28b4c38cb0f3c921909d,CORE CFIHOS V2.0 CSV/CFIHOS CORE tag class equipment class relationship v2.0.csv,109,source_reference_record,source_reference_record_unreviewed
CFIHOS-30000323,circuit-breaker,CFIHOS-30000803,air circuit-breaker,,real,True,sha256:a69b98012d9e4a46495a3aed48eef8ce75a69d001eaa28b4c38cb0f3c921909d,CORE CFIHOS V2.0 CSV/CFIHOS CORE tag class equipment class relationship v2.0.csv,110,source_reference_record,source_reference_record_unreviewed
CFIHOS-30000323,circuit-breaker,CFIHOS-30000836,gas-blast circuit-breaker,,real,True,sha256:a69b98012d9e4a46495a3aed48eef8ce75a69d001eaa28b4c38cb0f3c921909d,CORE CFIHOS V2.0 CSV/CFIHOS CORE tag class equipment class relationship v2.0.csv,111,source_reference_record,source_reference_record_unreviewed
CFIHOS-30000323,circuit-breaker,CFIHOS-30000854,oil circuit-breaker,,real,True,sha256:a69b98012d9e4a46495a3aed48eef8ce75a69d001eaa28b4c38cb0f3c921909d,CORE CFIHOS V2.0 CSV/CFIHOS CORE tag class equipment class relationship v2.0.csv,112,source_reference_record,source_reference_record_unreviewed
CFIHOS-30000323,circuit-breaker,CFIHOS-30000874,vacuum circuit-breaker,,real,True,sha256:a69b98012d9e4a46495a3aed48eef8ce75a69d001eaa28b4c38cb0f3c921909d,CORE CFIHOS V2.0 CSV/CFIHOS CORE tag class equipment class relationship v2.0.csv,113,source_reference_record,source_reference_record_unreviewed
CFIHOS-30000964,cladding,CFIHOS-30000964,cladding,,real,True,sha256:a69b98012d9e4a46495a3aed48eef8ce75a69d001eaa28b4c38cb0f3c921909d,CORE CFIHOS V2.0 CSV/CFIHOS CORE tag class equipment class relationship v2.0.csv,114,source_reference_record,source_reference_record_unreviewed
CFIHOS-30000016,clamp,CFIHOS-30000016,clamp,,real,True,sha256:a69b98012d9e4a46495a3aed48eef8ce75a69d001eaa28b4c38cb0f3c921909d,CORE CFIHOS V2.0 CSV/CFIHOS CORE tag class equipment class relationship v2.0.csv,115,source_reference_record,source_reference_record_unreviewed
CFIHOS-30000017,cleaning machine,CFIHOS-30000017,cleaning machine,,real,True,sha256:a69b98012d9e4a46495a3aed48eef8ce75a69d001eaa28b4c38cb0f3c921909d,CORE CFIHOS V2.0 CSV/CFIHOS CORE tag class equipment class relationship v2.0.csv,116,source_reference_record,source_reference_record_unreviewed
CFIHOS-30000018,climbing net,CFIHOS-30000018,climbing net,,real,True,sha256:a69b98012d9e4a46495a3aed48eef8ce75a69d001eaa28b4c38cb0f3c921909d,CORE CFIHOS V2.0 CSV/CFIHOS CORE tag class equipment class relationship v2.0.csv,117,source_reference_record,source_reference_record_unreviewed
CFIHOS-30000324,clock,CFIHOS-30000324,clock,,real,True,sha256:a69b98012d9e4a46495a3aed48eef8ce75a69d001eaa28b4c38cb0f3c921909d,CORE CFIHOS V2.0 CSV/CFIHOS CORE tag class equipment class relationship v2.0.csv,118,source_reference_record,source_reference_record_unreviewed
CFIHOS-30000401,cloud point analyser,CFIHOS-30000401,cloud point analyser,,real,True,sha256:a69b98012d9e4a46495a3aed48eef8ce75a69d001eaa28b4c38cb0f3c921909d,CORE CFIHOS V2.0 CSV/CFIHOS CORE tag class equipment class relationship v2.0.csv,119,source_reference_record,source_reference_record_unreviewed
CFIHOS-30000523,clutch,CFIHOS-30000523,clutch,,real,True,sha256:a69b98012d9e4a46495a3aed48eef8ce75a69d001eaa28b4c38cb0f3c921909d,CORE CFIHOS V2.0 CSV/CFIHOS CORE tag class equipment class relationship v2.0.csv,120,source_reference_record,source_reference_record_unreviewed
CFIHOS-30000572,coalescer,CFIHOS-30000572,coalescer,,real,True,sha256:a69b98012d9e4a46495a3aed48eef8ce75a69d001eaa28b4c38cb0f3c921909d,CORE CFIHOS V2.0 CSV/CFIHOS CORE tag class equipment class relationship v2.0.csv,121,source_reference_record,source_reference_record_unreviewed
CFIHOS-30000019,cold filter plugging point analyser,CFIHOS-30000019,cold filter plugging point analyser,,real,True,sha256:a69b98012d9e4a46495a3aed48eef8ce75a69d001eaa28b4c38cb0f3c921909d,CORE CFIHOS V2.0 CSV/CFIHOS CORE tag class equipment class relationship v2.0.csv,122,source_reference_record,source_reference_record_unreviewed
CFIHOS-30000741,cold storage unit,CFIHOS-30000741,cold storage unit,,real,True,sha256:a69b98012d9e4a46495a3aed48eef8ce75a69d001eaa28b4c38cb0f3c921909d,CORE CFIHOS V2.0 CSV/CFIHOS CORE tag class equipment class relationship v2.0.csv,123,source_reference_record,source_reference_record_unreviewed
CFIHOS-30000965,column,CFIHOS-30000965,column,,real,True,sha256:a69b98012d9e4a46495a3aed48eef8ce75a69d001eaa28b4c38cb0f3c921909d,CORE CFIHOS V2.0 CSV/CFIHOS CORE tag class equipment class relationship v2.0.csv,124,source_reference_record,source_reference_record_unreviewed
CFIHOS-30000613,compass,CFIHOS-30000613,compass,,real,True,sha256:a69b98012d9e4a46495a3aed48eef8ce75a69d001eaa28b4c38cb0f3c921909d,CORE CFIHOS V2.0 CSV/CFIHOS CORE tag class equipment class relationship v2.0.csv,125,source_reference_record,source_reference_record_unreviewed
CFIHOS-30000637,compensator,CFIHOS-30000637,compensator,,real,True,sha256:a69b98012d9e4a46495a3aed48eef8ce75a69d001eaa28b4c38cb0f3c921909d,CORE CFIHOS V2.0 CSV/CFIHOS CORE tag class equipment class relationship v2.0.csv,126,source_reference_record,source_reference_record_unreviewed
CFIHOS-30000524,compressor,CFIHOS-30000516,axial compressor,,real,True,sha256:a69b98012d9e4a46495a3aed48eef8ce75a69d001eaa28b4c38cb0f3c921909d,CORE CFIHOS V2.0 CSV/CFIHOS CORE tag class equipment class relationship v2.0.csv,127,source_reference_record,source_reference_record_unreviewed
CFIHOS-30000524,compressor,CFIHOS-30000520,centrifugal compressor,,real,True,sha256:a69b98012d9e4a46495a3aed48eef8ce75a69d001eaa28b4c38cb0f3c921909d,CORE CFIHOS V2.0 CSV/CFIHOS CORE tag class equipment class relationship v2.0.csv,128,source_reference_record,source_reference_record_unreviewed
CFIHOS-30000524,compressor,CFIHOS-30000551,reciprocating compressor,,real,True,sha256:a69b98012d9e4a46495a3aed48eef8ce75a69d001eaa28b4c38cb0f3c921909d,CORE CFIHOS V2.0 CSV/CFIHOS CORE tag class equipment class relationship v2.0.csv,129,source_reference_record,source_reference_record_unreviewed
CFIHOS-30000524,compressor,CFIHOS-30000552,rotary compressor,,real,True,sha256:a69b98012d9e4a46495a3aed48eef8ce75a69d001eaa28b4c38cb0f3c921909d,CORE CFIHOS V2.0 CSV/CFIHOS CORE tag class equipment class relationship v2.0.csv,130,source_reference_record,source_reference_record_unreviewed
CFIHOS-30000402,computer,CFIHOS-30000402,computer,,real,True,sha256:a69b98012d9e4a46495a3aed48eef8ce75a69d001eaa28b4c38cb0f3c921909d,CORE CFIHOS V2.0 CSV/CFIHOS CORE tag class equipment class relationship v2.0.csv,131,source_reference_record,source_reference_record_unreviewed
CFIHOS-30000021,concentration transmitter,CFIHOS-30000021,concentration transmitter,,real,True,sha256:a69b98012d9e4a46495a3aed48eef8ce75a69d001eaa28b4c38cb0f3c921909d,CORE CFIHOS V2.0 CSV/CFIHOS CORE tag class equipment class relationship v2.0.csv,132,source_reference_record,source_reference_record_unreviewed
CFIHOS-30000385,condenser,CFIHOS-30000385,condenser,,real,True,sha256:a69b98012d9e4a46495a3aed48eef8ce75a69d001eaa28b4c38cb0f3c921909d,CORE CFIHOS V2.0 CSV/CFIHOS CORE tag class equipment class relationship v2.0.csv,133,source_reference_record,source_reference_record_unreviewed
CFIHOS-30000403,conductivity cell,CFIHOS-30000403,conductivity cell,,real,True,sha256:a69b98012d9e4a46495a3aed48eef8ce75a69d001eaa28b4c38cb0f3c921909d,CORE CFIHOS V2.0 CSV/CFIHOS CORE tag class equipment class relationship v2.0.csv,134,source_reference_record,source_reference_record_unreviewed
CFIHOS-30000404,conductivity level transmitter,CFIHOS-30000404,conductivity level transmitter,,real,True,sha256:a69b98012d9e4a46495a3aed48eef8ce75a69d001eaa28b4c38cb0f3c921909d,CORE CFIHOS V2.0 CSV/CFIHOS CORE tag class equipment class relationship v2.0.csv,135,source_reference_record,source_reference_record_unreviewed
CFIHOS-30000325,conductivity transmitter,CFIHOS-30000325,conductivity transmitter,,real,True,sha256:a69b98012d9e4a46495a3aed48eef8ce75a69d001eaa28b4c38cb0f3c921909d,CORE CFIHOS V2.0 CSV/CFIHOS CORE tag class equipment class relationship v2.0.csv,136,source_reference_record,source_reference_record_unreviewed
CFIHOS-30000882,constant volume regulator,CFIHOS-30000882,constant volume regulator,,real,True,sha256:a69b98012d9e4a46495a3aed48eef8ce75a69d001eaa28b4c38cb0f3c921909d,CORE CFIHOS V2.0 CSV/CFIHOS CORE tag class equipment class relationship v2.0.csv,137,source_reference_record,source_reference_record_unreviewed
CFIHOS-30000326,contactor,CFIHOS-30000326,contactor,,real,True,sha256:a69b98012d9e4a46495a3aed48eef8ce75a69d001eaa28b4c38cb0f3c921909d,CORE CFIHOS V2.0 CSV/CFIHOS CORE tag class equipment class relationship v2.0.csv,138,source_reference_record,source_reference_record_unreviewed
CFIHOS-30000814,contactor column,CFIHOS-30000814,contactor column,,real,True,sha256:a69b98012d9e4a46495a3aed48eef8ce75a69d001eaa28b4c38cb0f3c921909d,CORE CFIHOS V2.0 CSV/CFIHOS CORE tag class equipment class relationship v2.0.csv,139,source_reference_record,source_reference_record_unreviewed
CFIHOS-30000939,container,CFIHOS-30000939,container,,real,True,sha256:a69b98012d9e4a46495a3aed48eef8ce75a69d001eaa28b4c38cb0f3c921909d,CORE CFIHOS V2.0 CSV/CFIHOS CORE tag class equipment class relationship v2.0.csv,140,source_reference_record,source_reference_record_unreviewed
CFIHOS-30000405,control box,CFIHOS-30000405,control box,,real,True,sha256:a69b98012d9e4a46495a3aed48eef8ce75a69d001eaa28b4c38cb0f3c921909d,CORE CFIHOS V2.0 CSV/CFIHOS CORE tag class equipment class relationship v2.0.csv,141,source_reference_record,source_reference_record_unreviewed
CFIHOS-30000022,control module,CFIHOS-30000022,control module,,real,True,sha256:a69b98012d9e4a46495a3aed48eef8ce75a69d001eaa28b4c38cb0f3c921909d,CORE CFIHOS V2.0 CSV/CFIHOS CORE tag class equipment class relationship v2.0.csv,142,source_reference_record,source_reference_record_unreviewed
CFIHOS-30000327,control panel,CFIHOS-30000327,control panel,,real,True,sha256:a69b98012d9e4a46495a3aed48eef8ce75a69d001eaa28b4c38cb0f3c921909d,CORE CFIHOS V2.0 CSV/CFIHOS CORE tag class equipment class relationship v2.0.csv,143,source_reference_record,source_reference_record_unreviewed
CFIHOS-30000638,control valve,CFIHOS-30000806,ball control valve,,real,True,sha256:a69b98012d9e4a46495a3aed48eef8ce75a69d001eaa28b4c38cb0f3c921909d,CORE CFIHOS V2.0 CSV/CFIHOS CORE tag class equipment class relationship v2.0.csv,144,source_reference_record,source_reference_record_unreviewed
CFIHOS-30000638,control valve,CFIHOS-30000809,butterfly control valve,,real,True,sha256:a69b98012d9e4a46495a3aed48eef8ce75a69d001eaa28b4c38cb0f3c921909d,CORE CFIHOS V2.0 CSV/CFIHOS CORE tag class equipment class relationship v2.0.csv,145,source_reference_record,source_reference_record_unreviewed
CFIHOS-30000638,control valve,CFIHOS-30000811,choke control valve,,real,True,sha256:a69b98012d9e4a46495a3aed48eef8ce75a69d001eaa28b4c38cb0f3c921909d,CORE CFIHOS V2.0 CSV/CFIHOS CORE tag class equipment class relationship v2.0.csv,146,source_reference_record,source_reference_record_unreviewed
CFIHOS-30000638,control valve,CFIHOS-30000817,diaphragm control valve,,real,True,sha256:a69b98012d9e4a46495a3aed48eef8ce75a69d001eaa28b4c38cb0f3c921909d,CORE CFIHOS V2.0 CSV/CFIHOS CORE tag class equipment class relationship v2.0.csv,147,source_reference_record,source_reference_record_unreviewed
CFIHOS-30000638,control valve,CFIHOS-30000824,eccentric rotating disc control valve,,real,True,sha256:a69b98012d9e4a46495a3aed48eef8ce75a69d001eaa28b4c38cb0f3c921909d,CORE CFIHOS V2.0 CSV/CFIHOS CORE tag class equipment class relationship v2.0.csv,148,source_reference_record,source_reference_record_unreviewed
CFIHOS-30000638,control valve,CFIHOS-30000837,gate control valve,,real,True,sha256:a69b98012d9e4a46495a3aed48eef8ce75a69d001eaa28b4c38cb0f3c921909d,CORE CFIHOS V2.0 CSV/CFIHOS CORE tag class equipment class relationship v2.0.csv,149,source_reference_record,source_reference_record_unreviewed
CFIHOS-30000638,control valve,CFIHOS-30000839,globe control valve,,real,True,sha256:a69b98012d9e4a46495a3aed48eef8ce75a69d001eaa28b4c38cb0f3c921909d,CORE CFIHOS V2.0 CSV/CFIHOS CORE tag class equipment class relationship v2.0.csv,150,source_reference_record,source_reference_record_unreviewed
CFIHOS-30000638,control valve,CFIHOS-30000851,needle control valve,,real,True,sha256:a69b98012d9e4a46495a3aed48eef8ce75a69d001eaa28b4c38cb0f3c921909d,CORE CFIHOS V2.0 CSV/CFIHOS CORE tag class equipment class relationship v2.0.csv,151,source_reference_record,source_reference_record_unreviewed
CFIHOS-30000638,control valve,CFIHOS-30000859,plug control valve,,real,True,sha256:a69b98012d9e4a46495a3aed48eef8ce75a69d001eaa28b4c38cb0f3c921909d,CORE CFIHOS V2.0 CSV/CFIHOS CORE tag class equipment class relationship v2.0.csv,152,source_reference_record,source_reference_record_unreviewed
CFIHOS-30000638,control valve,CFIHOS-30000865,slide control valve,,real,True,sha256:a69b98012d9e4a46495a3aed48eef8ce75a69d001eaa28b4c38cb0f3c921909d,CORE CFIHOS V2.0 CSV/CFIHOS CORE tag class equipment class relationship v2.0.csv,153,source_reference_record,source_reference_record_unreviewed
CFIHOS-30000666,controller,CFIHOS-30000434,hydraulic controller,,real,True,sha256:a69b98012d9e4a46495a3aed48eef8ce75a69d001eaa28b4c38cb0f3c921909d,CORE CFIHOS V2.0 CSV/CFIHOS CORE tag class equipment class relationship v2.0.csv,154,source_reference_record,source_reference_record_unreviewed
CFIHOS-30000666,controller,CFIHOS-30000444,pneumatic controller,,real,True,sha256:a69b98012d9e4a46495a3aed48eef8ce75a69d001eaa28b4c38cb0f3c921909d,CORE CFIHOS V2.0 CSV/CFIHOS CORE tag class equipment class relationship v2.0.csv,155,source_reference_record,source_reference_record_unreviewed
CFIHOS-30000815,conventional relief valve,CFIHOS-30000815,conventional relief valve,,real,True,sha256:a69b98012d9e4a46495a3aed48eef8ce75a69d001eaa28b4c38cb0f3c921909d,CORE CFIHOS V2.0 CSV/CFIHOS CORE tag class equipment class relationship v2.0.csv,156,source_reference_record,source_reference_record_unreviewed
CFIHOS-30000386,cooler,CFIHOS-30000386,cooler,,real,True,sha256:a69b98012d9e4a46495a3aed48eef8ce75a69d001eaa28b4c38cb0f3c921909d,CORE CFIHOS V2.0 CSV/CFIHOS CORE tag class equipment class relationship v2.0.csv,157,source_reference_record,source_reference_record_unreviewed
CFIHOS-30000883,cooling coil,CFIHOS-30000883,cooling coil,,real,True,sha256:a69b98012d9e4a46495a3aed48eef8ce75a69d001eaa28b4c38cb0f3c921909d,CORE CFIHOS V2.0 CSV/CFIHOS CORE tag class equipment class relationship v2.0.csv,158,source_reference_record,source_reference_record_unreviewed
CFIHOS-30000387,cooling tower,CFIHOS-30000387,cooling tower,,real,True,sha256:a69b98012d9e4a46495a3aed48eef8ce75a69d001eaa28b4c38cb0f3c921909d,CORE CFIHOS V2.0 CSV/CFIHOS CORE tag class equipment class relationship v2.0.csv,159,source_reference_record,source_reference_record_unreviewed
CFIHOS-30000023,coriolis mass flow element,CFIHOS-30000023,coriolis mass flow element,,real,True,sha256:a69b98012d9e4a46495a3aed48eef8ce75a69d001eaa28b4c38cb0f3c921909d,CORE CFIHOS V2.0 CSV/CFIHOS CORE tag class equipment class relationship v2.0.csv,160,source_reference_record,source_reference_record_unreviewed
CFIHOS-30000406,coriolis mass flow meter,CFIHOS-30000406,coriolis mass flow meter,,real,True,sha256:a69b98012d9e4a46495a3aed48eef8ce75a69d001eaa28b4c38cb0f3c921909d,CORE CFIHOS V2.0 CSV/CFIHOS CORE tag class equipment class relationship v2.0.csv,161,source_reference_record,source_reference_record_unreviewed
CFIHOS-30000966,corridor,CFIHOS-30000966,corridor,,real,True,sha256:a69b98012d9e4a46495a3aed48eef8ce75a69d001eaa28b4c38cb0f3c921909d,CORE CFIHOS V2.0 CSV/CFIHOS CORE tag class equipment class relationship v2.0.csv,162,source_reference_record,source_reference_record_unreviewed
CFIHOS-30000408,corrosion element,CFIHOS-30000844,linear polarization resistance element,,real,True,sha256:a69b98012d9e4a46495a3aed48eef8ce75a69d001eaa28b4c38cb0f3c921909d,CORE CFIHOS V2.0 CSV/CFIHOS CORE tag class equipment class relationship v2.0.csv,163,source_reference_record,source_reference_record_unreviewed
CFIHOS-30000408,corrosion element,CFIHOS-30000855,oxidation reduction potential element,,real,True,sha256:a69b98012d9e4a46495a3aed48eef8ce75a69d001eaa28b4c38cb0f3c921909d,CORE CFIHOS V2.0 CSV/CFIHOS CORE tag class equipment class relationship v2.0.csv,164,source_reference_record,source_reference_record_unreviewed
CFIHOS-30000407,corrosion meter,CFIHOS-30000407,corrosion meter,,real,True,sha256:a69b98012d9e4a46495a3aed48eef8ce75a69d001eaa28b4c38cb0f3c921909d,CORE CFIHOS V2.0 CSV/CFIHOS CORE tag class equipment class relationship v2.0.csv,165,source_reference_record,source_reference_record_unreviewed
CFIHOS-30000751,corrosion transmitter,CFIHOS-30000751,corrosion transmitter,,real,True,sha256:a69b98012d9e4a46495a3aed48eef8ce75a69d001eaa28b4c38cb0f3c921909d,CORE CFIHOS V2.0 CSV/CFIHOS CORE tag class equipment class relationship v2.0.csv,166,source_reference_record,source_reference_record_unreviewed
CFIHOS-30000409,counter,CFIHOS-30000409,counter,,real,True,sha256:a69b98012d9e4a46495a3aed48eef8ce75a69d001eaa28b4c38cb0f3c921909d,CORE CFIHOS V2.0 CSV/CFIHOS CORE tag class equipment class relationship v2.0.csv,167,source_reference_record,source_reference_record_unreviewed
CFIHOS-30000419,coupling,CFIHOS-30000419,coupling,,real,True,sha256:a69b98012d9e4a46495a3aed48eef8ce75a69d001eaa28b4c38cb0f3c921909d,CORE CFIHOS V2.0 CSV/CFIHOS CORE tag class equipment class relationship v2.0.csv,168,source_reference_record,source_reference_record_unreviewed
CFIHOS-30000597,crane,CFIHOS-30000597,crane,,real,True,sha256:a69b98012d9e4a46495a3aed48eef8ce75a69d001eaa28b4c38cb0f3c921909d,CORE CFIHOS V2.0 CSV/CFIHOS CORE tag class equipment class relationship v2.0.csv,169,source_reference_record,source_reference_record_unreviewed
CFIHOS-30000024,crane hook block,CFIHOS-30000024,crane hook block,,real,True,sha256:a69b98012d9e4a46495a3aed48eef8ce75a69d001eaa28b4c38cb0f3c921909d,CORE CFIHOS V2.0 CSV/CFIHOS CORE tag class equipment class relationship v2.0.csv,170,source_reference_record,source_reference_record_unreviewed
CFIHOS-30000940,crusher,CFIHOS-30000940,crusher,,real,True,sha256:a69b98012d9e4a46495a3aed48eef8ce75a69d001eaa28b4c38cb0f3c921909d,CORE CFIHOS V2.0 CSV/CFIHOS CORE tag class equipment class relationship v2.0.csv,171,source_reference_record,source_reference_record_unreviewed
CFIHOS-30000884,culvert,CFIHOS-30000907,outfall,,real,True,sha256:a69b98012d9e4a46495a3aed48eef8ce75a69d001eaa28b4c38cb0f3c921909d,CORE CFIHOS V2.0 CSV/CFIHOS CORE tag class equipment class relationship v2.0.csv,172,source_reference_record,source_reference_record_unreviewed
CFIHOS-30000410,current to current converter,CFIHOS-30000410,current to current converter,,real,True,sha256:a69b98012d9e4a46495a3aed48eef8ce75a69d001eaa28b4c38cb0f3c921909d,CORE CFIHOS V2.0 CSV/CFIHOS CORE tag class equipment class relationship v2.0.csv,173,source_reference_record,source_reference_record_unreviewed
CFIHOS-30000411,current to pressure converter,CFIHOS-30000411,current to pressure converter,,real,True,sha256:a69b98012d9e4a46495a3aed48eef8ce75a69d001eaa28b4c38cb0f3c921909d,CORE CFIHOS V2.0 CSV/CFIHOS CORE tag class equipment class relationship v2.0.csv,174,source_reference_record,source_reference_record_unreviewed
CFIHOS-30000412,current to voltage converter,CFIHOS-30000412,current to voltage converter,,real,True,sha256:a69b98012d9e4a46495a3aed48eef8ce75a69d001eaa28b4c38cb0f3c921909d,CORE CFIHOS V2.0 CSV/CFIHOS CORE tag class equipment class relationship v2.0.csv,175,source_reference_record,source_reference_record_unreviewed
CFIHOS-30000745,current transformer,CFIHOS-30000745,current transformer,,real,True,sha256:a69b98012d9e4a46495a3aed48eef8ce75a69d001eaa28b4c38cb0f3c921909d,CORE CFIHOS V2.0 CSV/CFIHOS CORE tag class equipment class relationship v2.0.csv,176,source_reference_record,source_reference_record_unreviewed
CFIHOS-30000329,current transmitter,CFIHOS-30000329,current transmitter,,real,True,sha256:a69b98012d9e4a46495a3aed48eef8ce75a69d001eaa28b4c38cb0f3c921909d,CORE CFIHOS V2.0 CSV/CFIHOS CORE tag class equipment class relationship v2.0.csv,177,source_reference_record,source_reference_record_unreviewed
CFIHOS-30000565,cutter,CFIHOS-30000565,cutter,,real,True,sha256:a69b98012d9e4a46495a3aed48eef8ce75a69d001eaa28b4c38cb0f3c921909d,CORE CFIHOS V2.0 CSV/CFIHOS CORE tag class equipment class relationship v2.0.csv,178,source_reference_record,source_reference_record_unreviewed
CFIHOS-30000885,davit,CFIHOS-30000885,davit,,real,True,sha256:a69b98012d9e4a46495a3aed48eef8ce75a69d001eaa28b4c38cb0f3c921909d,CORE CFIHOS V2.0 CSV/CFIHOS CORE tag class equipment class relationship v2.0.csv,179,source_reference_record,source_reference_record_unreviewed
CFIHOS-30000614,defibrillator,CFIHOS-30000614,defibrillator,,real,True,sha256:a69b98012d9e4a46495a3aed48eef8ce75a69d001eaa28b4c38cb0f3c921909d,CORE CFIHOS V2.0 CSV/CFIHOS CORE tag class equipment class relationship v2.0.csv,180,source_reference_record,source_reference_record_unreviewed
CFIHOS-30000026,degasser,CFIHOS-30000026,degasser,,real,True,sha256:a69b98012d9e4a46495a3aed48eef8ce75a69d001eaa28b4c38cb0f3c921909d,CORE CFIHOS V2.0 CSV/CFIHOS CORE tag class equipment class relationship v2.0.csv,181,source_reference_record,source_reference_record_unreviewed
CFIHOS-30000027,dehumidifier,CFIHOS-30000382,air conditioner,,real,True,sha256:a69b98012d9e4a46495a3aed48eef8ce75a69d001eaa28b4c38cb0f3c921909d,CORE CFIHOS V2.0 CSV/CFIHOS CORE tag class equipment class relationship v2.0.csv,182,source_reference_record,source_reference_record_unreviewed
CFIHOS-30000028,deionizer,CFIHOS-30000028,deionizer,,real,True,sha256:a69b98012d9e4a46495a3aed48eef8ce75a69d001eaa28b4c38cb0f3c921909d,CORE CFIHOS V2.0 CSV/CFIHOS CORE tag class equipment class relationship v2.0.csv,183,source_reference_record,source_reference_record_unreviewed
CFIHOS-30000639,deluge valve,CFIHOS-30000639,deluge valve,,real,True,sha256:a69b98012d9e4a46495a3aed48eef8ce75a69d001eaa28b4c38cb0f3c921909d,CORE CFIHOS V2.0 CSV/CFIHOS CORE tag class equipment class relationship v2.0.csv,184,source_reference_record,source_reference_record_unreviewed
CFIHOS-30000573,demister,CFIHOS-30000573,demister,,real,True,sha256:a69b98012d9e4a46495a3aed48eef8ce75a69d001eaa28b4c38cb0f3c921909d,CORE CFIHOS V2.0 CSV/CFIHOS CORE tag class equipment class relationship v2.0.csv,185,source_reference_record,source_reference_record_unreviewed
CFIHOS-30000413,density analyser,CFIHOS-30000413,density analyser,,real,True,sha256:a69b98012d9e4a46495a3aed48eef8ce75a69d001eaa28b4c38cb0f3c921909d,CORE CFIHOS V2.0 CSV/CFIHOS CORE tag class equipment class relationship v2.0.csv,186,source_reference_record,source_reference_record_unreviewed
CFIHOS-30000886,descent device,CFIHOS-30000886,descent device,,real,True,sha256:a69b98012d9e4a46495a3aed48eef8ce75a69d001eaa28b4c38cb0f3c921909d,CORE CFIHOS V2.0 CSV/CFIHOS CORE tag class equipment class relationship v2.0.csv,187,source_reference_record,source_reference_record_unreviewed
CFIHOS-30000414,dew point analyser,CFIHOS-30000414,dew point analyser,,real,True,sha256:a69b98012d9e4a46495a3aed48eef8ce75a69d001eaa28b4c38cb0f3c921909d,CORE CFIHOS V2.0 CSV/CFIHOS CORE tag class equipment class relationship v2.0.csv,188,source_reference_record,source_reference_record_unreviewed
CFIHOS-30000029,dew point transmitter,CFIHOS-30000029,dew point transmitter,,real,True,sha256:a69b98012d9e4a46495a3aed48eef8ce75a69d001eaa28b4c38cb0f3c921909d,CORE CFIHOS V2.0 CSV/CFIHOS CORE tag class equipment class relationship v2.0.csv,189,source_reference_record,source_reference_record_unreviewed
CFIHOS-30000817,diaphragm control valve,CFIHOS-30000817,diaphragm control valve,,real,True,sha256:a69b98012d9e4a46495a3aed48eef8ce75a69d001eaa28b4c38cb0f3c921909d,CORE CFIHOS V2.0 CSV/CFIHOS CORE tag class equipment class relationship v2.0.csv,190,source_reference_record,source_reference_record_unreviewed
CFIHOS-30000030,diaphragm seal,CFIHOS-30000030,diaphragm seal,,real,True,sha256:a69b98012d9e4a46495a3aed48eef8ce75a69d001eaa28b4c38cb0f3c921909d,CORE CFIHOS V2.0 CSV/CFIHOS CORE tag class equipment class relationship v2.0.csv,191,source_reference_record,source_reference_record_unreviewed
CFIHOS-30001015,diaphragm tank,CFIHOS-30001015,diaphragm tank,Required by owner-operators,real,True,sha256:a69b98012d9e4a46495a3aed48eef8ce75a69d001eaa28b4c38cb0f3c921909d,CORE CFIHOS V2.0 CSV/CFIHOS CORE tag class equipment class relationship v2.0.csv,192,source_reference_record,source_reference_record_unreviewed
CFIHOS-30000818,diaphragm valve,CFIHOS-30000818,diaphragm valve,,real,True,sha256:a69b98012d9e4a46495a3aed48eef8ce75a69d001eaa28b4c38cb0f3c921909d,CORE CFIHOS V2.0 CSV/CFIHOS CORE tag class equipment class relationship v2.0.csv,193,source_reference_record,source_reference_record_unreviewed
CFIHOS-30000527,diesel engine,CFIHOS-30000527,diesel engine,,real,True,sha256:a69b98012d9e4a46495a3aed48eef8ce75a69d001eaa28b4c38cb0f3c921909d,CORE CFIHOS V2.0 CSV/CFIHOS CORE tag class equipment class relationship v2.0.csv,194,source_reference_record,source_reference_record_unreviewed
CFIHOS-30000415,differential pressure gauge,CFIHOS-30000415,differential pressure gauge,,real,True,sha256:a69b98012d9e4a46495a3aed48eef8ce75a69d001eaa28b4c38cb0f3c921909d,CORE CFIHOS V2.0 CSV/CFIHOS CORE tag class equipment class relationship v2.0.csv,195,source_reference_record,source_reference_record_unreviewed
CFIHOS-30000416,differential pressure level transmitter,CFIHOS-30000416,differential pressure level transmitter,,real,True,sha256:a69b98012d9e4a46495a3aed48eef8ce75a69d001eaa28b4c38cb0f3c921909d,CORE CFIHOS V2.0 CSV/CFIHOS CORE tag class equipment class relationship v2.0.csv,196,source_reference_record,source_reference_record_unreviewed
CFIHOS-30000417,differential pressure switch,CFIHOS-30000417,differential pressure switch,,real,True,sha256:a69b98012d9e4a46495a3aed48eef8ce75a69d001eaa28b4c38cb0f3c921909d,CORE CFIHOS V2.0 CSV/CFIHOS CORE tag class equipment class relationship v2.0.csv,197,source_reference_record,source_reference_record_unreviewed
CFIHOS-30000418,differential pressure transmitter,CFIHOS-30000418,differential pressure transmitter,,real,True,sha256:a69b98012d9e4a46495a3aed48eef8ce75a69d001eaa28b4c38cb0f3c921909d,CORE CFIHOS V2.0 CSV/CFIHOS CORE tag class equipment class relationship v2.0.csv,198,source_reference_record,source_reference_record_unreviewed
CFIHOS-30000528,diffuser,CFIHOS-30000528,diffuser,,real,True,sha256:a69b98012d9e4a46495a3aed48eef8ce75a69d001eaa28b4c38cb0f3c921909d,CORE CFIHOS V2.0 CSV/CFIHOS CORE tag class equipment class relationship v2.0.csv,199,source_reference_record,source_reference_record_unreviewed
CFIHOS-30001016,direct contact heat exchanger,CFIHOS-30001016,direct contact heat exchanger,Required by owner-operators,real,True,sha256:a69b98012d9e4a46495a3aed48eef8ce75a69d001eaa28b4c38cb0f3c921909d,CORE CFIHOS V2.0 CSV/CFIHOS CORE tag class equipment class relationship v2.0.csv,200,source_reference_record,source_reference_record_unreviewed
CFIHOS-30000819,direct current generator,CFIHOS-30000819,direct current generator,,real,True,sha256:a69b98012d9e4a46495a3aed48eef8ce75a69d001eaa28b4c38cb0f3c921909d,CORE CFIHOS V2.0 CSV/CFIHOS CORE tag class equipment class relationship v2.0.csv,201,source_reference_record,source_reference_record_unreviewed
CFIHOS-30000820,direct current motor,CFIHOS-30000820,direct current motor,,real,True,sha256:a69b98012d9e4a46495a3aed48eef8ce75a69d001eaa28b4c38cb0f3c921909d,CORE CFIHOS V2.0 CSV/CFIHOS CORE tag class equipment class relationship v2.0.csv,202,source_reference_record,source_reference_record_unreviewed
CFIHOS-30000034,displacer level transmitter,CFIHOS-30000034,displacer level transmitter,,real,True,sha256:a69b98012d9e4a46495a3aed48eef8ce75a69d001eaa28b4c38cb0f3c921909d,CORE CFIHOS V2.0 CSV/CFIHOS CORE tag class equipment class relationship v2.0.csv,203,source_reference_record,source_reference_record_unreviewed
CFIHOS-30000035,distillation analyser,CFIHOS-30000035,distillation analyser,,real,True,sha256:a69b98012d9e4a46495a3aed48eef8ce75a69d001eaa28b4c38cb0f3c921909d,CORE CFIHOS V2.0 CSV/CFIHOS CORE tag class equipment class relationship v2.0.csv,204,source_reference_record,source_reference_record_unreviewed
CFIHOS-30000821,distillation column,CFIHOS-30000821,distillation column,,real,True,sha256:a69b98012d9e4a46495a3aed48eef8ce75a69d001eaa28b4c38cb0f3c921909d,CORE CFIHOS V2.0 CSV/CFIHOS CORE tag class equipment class relationship v2.0.csv,205,source_reference_record,source_reference_record_unreviewed
CFIHOS-30000330,distribution board,CFIHOS-30000330,distribution board,,real,True,sha256:a69b98012d9e4a46495a3aed48eef8ce75a69d001eaa28b4c38cb0f3c921909d,CORE CFIHOS V2.0 CSV/CFIHOS CORE tag class equipment class relationship v2.0.csv,206,source_reference_record,source_reference_record_unreviewed
CFIHOS-30000615,diverter,CFIHOS-30000615,diverter,,real,True,sha256:a69b98012d9e4a46495a3aed48eef8ce75a69d001eaa28b4c38cb0f3c921909d,CORE CFIHOS V2.0 CSV/CFIHOS CORE tag class equipment class relationship v2.0.csv,207,source_reference_record,source_reference_record_unreviewed
CFIHOS-30000036,document scanner,CFIHOS-30000036,document scanner,,real,True,sha256:a69b98012d9e4a46495a3aed48eef8ce75a69d001eaa28b4c38cb0f3c921909d,CORE CFIHOS V2.0 CSV/CFIHOS CORE tag class equipment class relationship v2.0.csv,208,source_reference_record,source_reference_record_unreviewed
CFIHOS-30000301,door,CFIHOS-30000301,door,,real,True,sha256:a69b98012d9e4a46495a3aed48eef8ce75a69d001eaa28b4c38cb0f3c921909d,CORE CFIHOS V2.0 CSV/CFIHOS CORE tag class equipment class relationship v2.0.csv,209,source_reference_record,source_reference_record_unreviewed
CFIHOS-30000822,double block and bleed valve,CFIHOS-30000822,double block and bleed valve,,real,True,sha256:a69b98012d9e4a46495a3aed48eef8ce75a69d001eaa28b4c38cb0f3c921909d,CORE CFIHOS V2.0 CSV/CFIHOS CORE tag class equipment class relationship v2.0.csv,210,source_reference_record,source_reference_record_unreviewed
CFIHOS-30001017,double pipe heat exchanger,CFIHOS-30001017,double pipe heat exchanger,Required by owner-operators,real,True,sha256:a69b98012d9e4a46495a3aed48eef8ce75a69d001eaa28b4c38cb0f3c921909d,CORE CFIHOS V2.0 CSV/CFIHOS CORE tag class equipment class relationship v2.0.csv,211,source_reference_record,source_reference_record_unreviewed
CFIHOS-30000294,down hole safety valve,CFIHOS-30000294,down hole safety valve,,real,True,sha256:a69b98012d9e4a46495a3aed48eef8ce75a69d001eaa28b4c38cb0f3c921909d,CORE CFIHOS V2.0 CSV/CFIHOS CORE tag class equipment class relationship v2.0.csv,212,source_reference_record,source_reference_record_unreviewed
CFIHOS-30000887,drain port,CFIHOS-30000887,drain port,,real,True,sha256:a69b98012d9e4a46495a3aed48eef8ce75a69d001eaa28b4c38cb0f3c921909d,CORE CFIHOS V2.0 CSV/CFIHOS CORE tag class equipment class relationship v2.0.csv,213,source_reference_record,source_reference_record_unreviewed
CFIHOS-30000888,drain pot,CFIHOS-30000888,drain pot,,real,True,sha256:a69b98012d9e4a46495a3aed48eef8ce75a69d001eaa28b4c38cb0f3c921909d,CORE CFIHOS V2.0 CSV/CFIHOS CORE tag class equipment class relationship v2.0.csv,214,source_reference_record,source_reference_record_unreviewed
CFIHOS-30000388,drier,CFIHOS-30000388,drier,,real,True,sha256:a69b98012d9e4a46495a3aed48eef8ce75a69d001eaa28b4c38cb0f3c921909d,CORE CFIHOS V2.0 CSV/CFIHOS CORE tag class equipment class relationship v2.0.csv,215,source_reference_record,source_reference_record_unreviewed
CFIHOS-30000037,drilling machine,CFIHOS-30000037,drilling machine,,real,True,sha256:a69b98012d9e4a46495a3aed48eef8ce75a69d001eaa28b4c38cb0f3c921909d,CORE CFIHOS V2.0 CSV/CFIHOS CORE tag class equipment class relationship v2.0.csv,216,source_reference_record,source_reference_record_unreviewed
CFIHOS-30000669,drilling standpipe,CFIHOS-30000496,pipe,,real,True,sha256:a69b98012d9e4a46495a3aed48eef8ce75a69d001eaa28b4c38cb0f3c921909d,CORE CFIHOS V2.0 CSV/CFIHOS CORE tag class equipment class relationship v2.0.csv,217,source_reference_record,source_reference_record_unreviewed
CFIHOS-30000823,dry transformer,CFIHOS-30000823,dry transformer,,real,True,sha256:a69b98012d9e4a46495a3aed48eef8ce75a69d001eaa28b4c38cb0f3c921909d,CORE CFIHOS V2.0 CSV/CFIHOS CORE tag class equipment class relationship v2.0.csv,218,source_reference_record,source_reference_record_unreviewed
CFIHOS-30000967,duct,CFIHOS-30000967,duct,,real,True,sha256:a69b98012d9e4a46495a3aed48eef8ce75a69d001eaa28b4c38cb0f3c921909d,CORE CFIHOS V2.0 CSV/CFIHOS CORE tag class equipment class relationship v2.0.csv,219,source_reference_record,source_reference_record_unreviewed
CFIHOS-30000686,dust detector,CFIHOS-30000686,dust detector,,real,True,sha256:a69b98012d9e4a46495a3aed48eef8ce75a69d001eaa28b4c38cb0f3c921909d,CORE CFIHOS V2.0 CSV/CFIHOS CORE tag class equipment class relationship v2.0.csv,220,source_reference_record,source_reference_record_unreviewed
CFIHOS-30000331,earth busbar,CFIHOS-30000331,earth busbar,,real,True,sha256:a69b98012d9e4a46495a3aed48eef8ce75a69d001eaa28b4c38cb0f3c921909d,CORE CFIHOS V2.0 CSV/CFIHOS CORE tag class equipment class relationship v2.0.csv,221,source_reference_record,source_reference_record_unreviewed
CFIHOS-30000332,earth electrode,CFIHOS-30000332,earth electrode,,real,True,sha256:a69b98012d9e4a46495a3aed48eef8ce75a69d001eaa28b4c38cb0f3c921909d,CORE CFIHOS V2.0 CSV/CFIHOS CORE tag class equipment class relationship v2.0.csv,222,source_reference_record,source_reference_record_unreviewed
CFIHOS-30000333,earth leakage detector,CFIHOS-30000333,earth leakage detector,,real,True,sha256:a69b98012d9e4a46495a3aed48eef8ce75a69d001eaa28b4c38cb0f3c921909d,CORE CFIHOS V2.0 CSV/CFIHOS CORE tag class equipment class relationship v2.0.csv,223,source_reference_record,source_reference_record_unreviewed
CFIHOS-30000334,earth plate,CFIHOS-30000334,earth plate,,real,True,sha256:a69b98012d9e4a46495a3aed48eef8ce75a69d001eaa28b4c38cb0f3c921909d,CORE CFIHOS V2.0 CSV/CFIHOS CORE tag class equipment class relationship v2.0.csv,224,source_reference_record,source_reference_record_unreviewed
CFIHOS-30000335,earthing boss,CFIHOS-30000335,earthing boss,,real,True,sha256:a69b98012d9e4a46495a3aed48eef8ce75a69d001eaa28b4c38cb0f3c921909d,CORE CFIHOS V2.0 CSV/CFIHOS CORE tag class equipment class relationship v2.0.csv,225,source_reference_record,source_reference_record_unreviewed
CFIHOS-30000508,earthing resistor,CFIHOS-30000508,earthing resistor,,real,True,sha256:a69b98012d9e4a46495a3aed48eef8ce75a69d001eaa28b4c38cb0f3c921909d,CORE CFIHOS V2.0 CSV/CFIHOS CORE tag class equipment class relationship v2.0.csv,226,source_reference_record,source_reference_record_unreviewed
CFIHOS-30000824,eccentric rotating disc control valve,CFIHOS-30000824,eccentric rotating disc control valve,,real,True,sha256:a69b98012d9e4a46495a3aed48eef8ce75a69d001eaa28b4c38cb0f3c921909d,CORE CFIHOS V2.0 CSV/CFIHOS CORE tag class equipment class relationship v2.0.csv,227,source_reference_record,source_reference_record_unreviewed
CFIHOS-30000825,eccentric rotating disc valve,CFIHOS-30000825,eccentric rotating disc valve,,real,True,sha256:a69b98012d9e4a46495a3aed48eef8ce75a69d001eaa28b4c38cb0f3c921909d,CORE CFIHOS V2.0 CSV/CFIHOS CORE tag class equipment class relationship v2.0.csv,228,source_reference_record,source_reference_record_unreviewed
CFIHOS-30000038,eductor,CFIHOS-30000038,eductor,,real,True,sha256:a69b98012d9e4a46495a3aed48eef8ce75a69d001eaa28b4c38cb0f3c921909d,CORE CFIHOS V2.0 CSV/CFIHOS CORE tag class equipment class relationship v2.0.csv,229,source_reference_record,source_reference_record_unreviewed
CFIHOS-30000336,electric actuator,CFIHOS-30000336,electric actuator,,real,True,sha256:a69b98012d9e4a46495a3aed48eef8ce75a69d001eaa28b4c38cb0f3c921909d,CORE CFIHOS V2.0 CSV/CFIHOS CORE tag class equipment class relationship v2.0.csv,230,source_reference_record,source_reference_record_unreviewed
CFIHOS-30000337,electric battery,CFIHOS-30000337,electric battery,,real,True,sha256:a69b98012d9e4a46495a3aed48eef8ce75a69d001eaa28b4c38cb0f3c921909d,CORE CFIHOS V2.0 CSV/CFIHOS CORE tag class equipment class relationship v2.0.csv,231,source_reference_record,source_reference_record_unreviewed
CFIHOS-30000338,electric generator,CFIHOS-30000804,alternating current generator,,real,True,sha256:a69b98012d9e4a46495a3aed48eef8ce75a69d001eaa28b4c38cb0f3c921909d,CORE CFIHOS V2.0 CSV/CFIHOS CORE tag class equipment class relationship v2.0.csv,232,source_reference_record,source_reference_record_unreviewed
CFIHOS-30000338,electric generator,CFIHOS-30000819,direct current generator,,real,True,sha256:a69b98012d9e4a46495a3aed48eef8ce75a69d001eaa28b4c38cb0f3c921909d,CORE CFIHOS V2.0 CSV/CFIHOS CORE tag class equipment class relationship v2.0.csv,233,source_reference_record,source_reference_record_unreviewed
CFIHOS-30000338,electric generator,CFIHOS-30000338,electric generator,,real,True,sha256:a69b98012d9e4a46495a3aed48eef8ce75a69d001eaa28b4c38cb0f3c921909d,CORE CFIHOS V2.0 CSV/CFIHOS CORE tag class equipment class relationship v2.0.csv,234,source_reference_record,source_reference_record_unreviewed
CFIHOS-30000339,electric heater,CFIHOS-30000339,electric heater,,real,True,sha256:a69b98012d9e4a46495a3aed48eef8ce75a69d001eaa28b4c38cb0f3c921909d,CORE CFIHOS V2.0 CSV/CFIHOS CORE tag class equipment class relationship v2.0.csv,235,source_reference_record,source_reference_record_unreviewed
CFIHOS-30000340,electric motor,CFIHOS-30000805,alternating current motor,,real,True,sha256:a69b98012d9e4a46495a3aed48eef8ce75a69d001eaa28b4c38cb0f3c921909d,CORE CFIHOS V2.0 CSV/CFIHOS CORE tag class equipment class relationship v2.0.csv,236,source_reference_record,source_reference_record_unreviewed
CFIHOS-30000340,electric motor,CFIHOS-30000820,direct current motor,,real,True,sha256:a69b98012d9e4a46495a3aed48eef8ce75a69d001eaa28b4c38cb0f3c921909d,CORE CFIHOS V2.0 CSV/CFIHOS CORE tag class equipment class relationship v2.0.csv,237,source_reference_record,source_reference_record_unreviewed
CFIHOS-30000826,electric piping purge unit,CFIHOS-30000826,electric piping purge unit,,real,True,sha256:a69b98012d9e4a46495a3aed48eef8ce75a69d001eaa28b4c38cb0f3c921909d,CORE CFIHOS V2.0 CSV/CFIHOS CORE tag class equipment class relationship v2.0.csv,238,source_reference_record,source_reference_record_unreviewed
CFIHOS-30000734,electrical connector,CFIHOS-30000801,adaptor connector,,real,True,sha256:a69b98012d9e4a46495a3aed48eef8ce75a69d001eaa28b4c38cb0f3c921909d,CORE CFIHOS V2.0 CSV/CFIHOS CORE tag class equipment class relationship v2.0.csv,239,source_reference_record,source_reference_record_unreviewed
CFIHOS-30000734,electrical connector,CFIHOS-30000734,electrical connector,,real,True,sha256:a69b98012d9e4a46495a3aed48eef8ce75a69d001eaa28b4c38cb0f3c921909d,CORE CFIHOS V2.0 CSV/CFIHOS CORE tag class equipment class relationship v2.0.csv,240,source_reference_record,source_reference_record_unreviewed
CFIHOS-30000734,electrical connector,CFIHOS-30000870,submersible connector,,real,True,sha256:a69b98012d9e4a46495a3aed48eef8ce75a69d001eaa28b4c38cb0f3c921909d,CORE CFIHOS V2.0 CSV/CFIHOS CORE tag class equipment class relationship v2.0.csv,241,source_reference_record,source_reference_record_unreviewed
CFIHOS-30000889,electrical control panel,CFIHOS-30000889,electrical control panel,,real,True,sha256:a69b98012d9e4a46495a3aed48eef8ce75a69d001eaa28b4c38cb0f3c921909d,CORE CFIHOS V2.0 CSV/CFIHOS CORE tag class equipment class relationship v2.0.csv,242,source_reference_record,source_reference_record_unreviewed
CFIHOS-30000889,electrical control panel,CFIHOS-30000735,electrical distribution unit,,real,True,sha256:a69b98012d9e4a46495a3aed48eef8ce75a69d001eaa28b4c38cb0f3c921909d,CORE CFIHOS V2.0 CSV/CFIHOS CORE tag class equipment class relationship v2.0.csv,243,source_reference_record,source_reference_record_unreviewed
CFIHOS-30000735,electrical distribution unit,CFIHOS-30000735,electrical distribution unit,,real,True,sha256:a69b98012d9e4a46495a3aed48eef8ce75a69d001eaa28b4c38cb0f3c921909d,CORE CFIHOS V2.0 CSV/CFIHOS CORE tag class equipment class relationship v2.0.csv,244,source_reference_record,source_reference_record_unreviewed
CFIHOS-30000727,electrical isolator,CFIHOS-30000727,electrical isolator,,real,True,sha256:a69b98012d9e4a46495a3aed48eef8ce75a69d001eaa28b4c38cb0f3c921909d,CORE CFIHOS V2.0 CSV/CFIHOS CORE tag class equipment class relationship v2.0.csv,245,source_reference_record,source_reference_record_unreviewed
CFIHOS-30000343,electrical motor starter,CFIHOS-30000343,electrical motor starter,,real,True,sha256:a69b98012d9e4a46495a3aed48eef8ce75a69d001eaa28b4c38cb0f3c921909d,CORE CFIHOS V2.0 CSV/CFIHOS CORE tag class equipment class relationship v2.0.csv,246,source_reference_record,source_reference_record_unreviewed
CFIHOS-30000616,electrical reactor,CFIHOS-30000616,electrical reactor,,real,True,sha256:a69b98012d9e4a46495a3aed48eef8ce75a69d001eaa28b4c38cb0f3c921909d,CORE CFIHOS V2.0 CSV/CFIHOS CORE tag class equipment class relationship v2.0.csv,247,source_reference_record,source_reference_record_unreviewed
CFIHOS-30000344,electrical socket,CFIHOS-30000344,electrical socket,,real,True,sha256:a69b98012d9e4a46495a3aed48eef8ce75a69d001eaa28b4c38cb0f3c921909d,CORE CFIHOS V2.0 CSV/CFIHOS CORE tag class equipment class relationship v2.0.csv,248,source_reference_record,source_reference_record_unreviewed
CFIHOS-30000617,electrical switch,CFIHOS-30000617,electrical switch,,real,True,sha256:a69b98012d9e4a46495a3aed48eef8ce75a69d001eaa28b4c38cb0f3c921909d,CORE CFIHOS V2.0 CSV/CFIHOS CORE tag class equipment class relationship v2.0.csv,249,source_reference_record,source_reference_record_unreviewed
CFIHOS-30000040,electromagnetic flow element,CFIHOS-30000040,electromagnetic flow element,,real,True,sha256:a69b98012d9e4a46495a3aed48eef8ce75a69d001eaa28b4c38cb0f3c921909d,CORE CFIHOS V2.0 CSV/CFIHOS CORE tag class equipment class relationship v2.0.csv,250,source_reference_record,source_reference_record_unreviewed
CFIHOS-30000641,electronic circuit board,CFIHOS-30000641,electronic circuit board,,real,True,sha256:a69b98012d9e4a46495a3aed48eef8ce75a69d001eaa28b4c38cb0f3c921909d,CORE CFIHOS V2.0 CSV/CFIHOS CORE tag class equipment class relationship v2.0.csv,251,source_reference_record,source_reference_record_unreviewed
CFIHOS-30000421,electronic controller,CFIHOS-30000421,electronic controller,,real,True,sha256:a69b98012d9e4a46495a3aed48eef8ce75a69d001eaa28b4c38cb0f3c921909d,CORE CFIHOS V2.0 CSV/CFIHOS CORE tag class equipment class relationship v2.0.csv,252,source_reference_record,source_reference_record_unreviewed
CFIHOS-30000345,electronic frequency converter,CFIHOS-30000345,electronic frequency converter,,real,True,sha256:a69b98012d9e4a46495a3aed48eef8ce75a69d001eaa28b4c38cb0f3c921909d,CORE CFIHOS V2.0 CSV/CFIHOS CORE tag class equipment class relationship v2.0.csv,253,source_reference_record,source_reference_record_unreviewed
CFIHOS-30000346,electronic power inverter,CFIHOS-30000346,electronic power inverter,,real,True,sha256:a69b98012d9e4a46495a3aed48eef8ce75a69d001eaa28b4c38cb0f3c921909d,CORE CFIHOS V2.0 CSV/CFIHOS CORE tag class equipment class relationship v2.0.csv,254,source_reference_record,source_reference_record_unreviewed
CFIHOS-30000574,electrostatic precipitator,CFIHOS-30000574,electrostatic precipitator,,real,True,sha256:a69b98012d9e4a46495a3aed48eef8ce75a69d001eaa28b4c38cb0f3c921909d,CORE CFIHOS V2.0 CSV/CFIHOS CORE tag class equipment class relationship v2.0.csv,255,source_reference_record,source_reference_record_unreviewed
CFIHOS-30000598,elevator,CFIHOS-30000598,elevator,,real,True,sha256:a69b98012d9e4a46495a3aed48eef8ce75a69d001eaa28b4c38cb0f3c921909d,CORE CFIHOS V2.0 CSV/CFIHOS CORE tag class equipment class relationship v2.0.csv,256,source_reference_record,source_reference_record_unreviewed
CFIHOS-30000890,emergency grab bag,CFIHOS-30000890,emergency grab bag,,real,True,sha256:a69b98012d9e4a46495a3aed48eef8ce75a69d001eaa28b4c38cb0f3c921909d,CORE CFIHOS V2.0 CSV/CFIHOS CORE tag class equipment class relationship v2.0.csv,257,source_reference_record,source_reference_record_unreviewed
CFIHOS-30000618,emergency position indicating radio beacon,CFIHOS-30000618,emergency position indicating radio beacon,,real,True,sha256:a69b98012d9e4a46495a3aed48eef8ce75a69d001eaa28b4c38cb0f3c921909d,CORE CFIHOS V2.0 CSV/CFIHOS CORE tag class equipment class relationship v2.0.csv,258,source_reference_record,source_reference_record_unreviewed
CFIHOS-30000642,emergency shut down valve,CFIHOS-30000806,ball control valve,,real,True,sha256:a69b98012d9e4a46495a3aed48eef8ce75a69d001eaa28b4c38cb0f3c921909d,CORE CFIHOS V2.0 CSV/CFIHOS CORE tag class equipment class relationship v2.0.csv,259,source_reference_record,source_reference_record_unreviewed
CFIHOS-30000642,emergency shut down valve,CFIHOS-30000809,butterfly control valve,,real,True,sha256:a69b98012d9e4a46495a3aed48eef8ce75a69d001eaa28b4c38cb0f3c921909d,CORE CFIHOS V2.0 CSV/CFIHOS CORE tag class equipment class relationship v2.0.csv,260,source_reference_record,source_reference_record_unreviewed
CFIHOS-30000642,emergency shut down valve,CFIHOS-30000837,gate control valve,,real,True,sha256:a69b98012d9e4a46495a3aed48eef8ce75a69d001eaa28b4c38cb0f3c921909d,CORE CFIHOS V2.0 CSV/CFIHOS CORE tag class equipment class relationship v2.0.csv,261,source_reference_record,source_reference_record_unreviewed
CFIHOS-30000642,emergency shut down valve,CFIHOS-30000681,solenoid valve,,real,True,sha256:a69b98012d9e4a46495a3aed48eef8ce75a69d001eaa28b4c38cb0f3c921909d,CORE CFIHOS V2.0 CSV/CFIHOS CORE tag class equipment class relationship v2.0.csv,262,source_reference_record,source_reference_record_unreviewed
CFIHOS-30000683,engine,CFIHOS-30000527,diesel engine,,real,True,sha256:a69b98012d9e4a46495a3aed48eef8ce75a69d001eaa28b4c38cb0f3c921909d,CORE CFIHOS V2.0 CSV/CFIHOS CORE tag class equipment class relationship v2.0.csv,263,source_reference_record,source_reference_record_unreviewed
CFIHOS-30000683,engine,CFIHOS-30000533,gas engine,,real,True,sha256:a69b98012d9e4a46495a3aed48eef8ce75a69d001eaa28b4c38cb0f3c921909d,CORE CFIHOS V2.0 CSV/CFIHOS CORE tag class equipment class relationship v2.0.csv,264,source_reference_record,source_reference_record_unreviewed
CFIHOS-30000683,engine,CFIHOS-30000544,petrol engine,,real,True,sha256:a69b98012d9e4a46495a3aed48eef8ce75a69d001eaa28b4c38cb0f3c921909d,CORE CFIHOS V2.0 CSV/CFIHOS CORE tag class equipment class relationship v2.0.csv,265,source_reference_record,source_reference_record_unreviewed
CFIHOS-30000968,envelope opening,CFIHOS-30000968,envelope opening,,real,True,sha256:a69b98012d9e4a46495a3aed48eef8ce75a69d001eaa28b4c38cb0f3c921909d,CORE CFIHOS V2.0 CSV/CFIHOS CORE tag class equipment class relationship v2.0.csv,266,source_reference_record,source_reference_record_unreviewed
CFIHOS-30000969,envelope wall,CFIHOS-30000969,envelope wall,,real,True,sha256:a69b98012d9e4a46495a3aed48eef8ce75a69d001eaa28b4c38cb0f3c921909d,CORE CFIHOS V2.0 CSV/CFIHOS CORE tag class equipment class relationship v2.0.csv,267,source_reference_record,source_reference_record_unreviewed
CFIHOS-30000970,equipment room,CFIHOS-30000970,equipment room,,real,True,sha256:a69b98012d9e4a46495a3aed48eef8ce75a69d001eaa28b4c38cb0f3c921909d,CORE CFIHOS V2.0 CSV/CFIHOS CORE tag class equipment class relationship v2.0.csv,268,source_reference_record,source_reference_record_unreviewed
CFIHOS-30000891,evaporator,CFIHOS-30000891,evaporator,,real,True,sha256:a69b98012d9e4a46495a3aed48eef8ce75a69d001eaa28b4c38cb0f3c921909d,CORE CFIHOS V2.0 CSV/CFIHOS CORE tag class equipment class relationship v2.0.csv,269,source_reference_record,source_reference_record_unreviewed
CFIHOS-30000042,exhaust,CFIHOS-30000042,exhaust,,real,True,sha256:a69b98012d9e4a46495a3aed48eef8ce75a69d001eaa28b4c38cb0f3c921909d,CORE CFIHOS V2.0 CSV/CFIHOS CORE tag class equipment class relationship v2.0.csv,270,source_reference_record,source_reference_record_unreviewed
CFIHOS-30000892,expansion device,CFIHOS-30000892,expansion device,,real,True,sha256:a69b98012d9e4a46495a3aed48eef8ce75a69d001eaa28b4c38cb0f3c921909d,CORE CFIHOS V2.0 CSV/CFIHOS CORE tag class equipment class relationship v2.0.csv,271,source_reference_record,source_reference_record_unreviewed
CFIHOS-30000043,expansion joint,CFIHOS-30000043,expansion joint,,real,True,sha256:a69b98012d9e4a46495a3aed48eef8ce75a69d001eaa28b4c38cb0f3c921909d,CORE CFIHOS V2.0 CSV/CFIHOS CORE tag class equipment class relationship v2.0.csv,272,source_reference_record,source_reference_record_unreviewed
CFIHOS-30000531,extruder,CFIHOS-30000531,extruder,,real,True,sha256:a69b98012d9e4a46495a3aed48eef8ce75a69d001eaa28b4c38cb0f3c921909d,CORE CFIHOS V2.0 CSV/CFIHOS CORE tag class equipment class relationship v2.0.csv,273,source_reference_record,source_reference_record_unreviewed
CFIHOS-30000044,eye bath,CFIHOS-30000044,eye bath,,real,True,sha256:a69b98012d9e4a46495a3aed48eef8ce75a69d001eaa28b4c38cb0f3c921909d,CORE CFIHOS V2.0 CSV/CFIHOS CORE tag class equipment class relationship v2.0.csv,274,source_reference_record,source_reference_record_unreviewed
CFIHOS-30001009,eye wash bottle,CFIHOS-30001009,eye wash bottle,,real,True,sha256:a69b98012d9e4a46495a3aed48eef8ce75a69d001eaa28b4c38cb0f3c921909d,CORE CFIHOS V2.0 CSV/CFIHOS CORE tag class equipment class relationship v2.0.csv,275,source_reference_record,source_reference_record_unreviewed
CFIHOS-30000045,fall arrestor block,CFIHOS-30000045,fall arrestor block,,real,True,sha256:a69b98012d9e4a46495a3aed48eef8ce75a69d001eaa28b4c38cb0f3c921909d,CORE CFIHOS V2.0 CSV/CFIHOS CORE tag class equipment class relationship v2.0.csv,276,source_reference_record,source_reference_record_unreviewed
CFIHOS-30000532,fan,CFIHOS-30000532,fan,,real,True,sha256:a69b98012d9e4a46495a3aed48eef8ce75a69d001eaa28b4c38cb0f3c921909d,CORE CFIHOS V2.0 CSV/CFIHOS CORE tag class equipment class relationship v2.0.csv,277,source_reference_record,source_reference_record_unreviewed
CFIHOS-30000046,fax machine,CFIHOS-30000046,fax machine,,real,True,sha256:a69b98012d9e4a46495a3aed48eef8ce75a69d001eaa28b4c38cb0f3c921909d,CORE CFIHOS V2.0 CSV/CFIHOS CORE tag class equipment class relationship v2.0.csv,278,source_reference_record,source_reference_record_unreviewed
CFIHOS-30000566,feeder,CFIHOS-30000566,feeder,,real,True,sha256:a69b98012d9e4a46495a3aed48eef8ce75a69d001eaa28b4c38cb0f3c921909d,CORE CFIHOS V2.0 CSV/CFIHOS CORE tag class equipment class relationship v2.0.csv,279,source_reference_record,source_reference_record_unreviewed
CFIHOS-30000047,fence,CFIHOS-30000047,fence,,real,True,sha256:a69b98012d9e4a46495a3aed48eef8ce75a69d001eaa28b4c38cb0f3c921909d,CORE CFIHOS V2.0 CSV/CFIHOS CORE tag class equipment class relationship v2.0.csv,280,source_reference_record,source_reference_record_unreviewed
CFIHOS-30000599,fender,CFIHOS-30000599,fender,,real,True,sha256:a69b98012d9e4a46495a3aed48eef8ce75a69d001eaa28b4c38cb0f3c921909d,CORE CFIHOS V2.0 CSV/CFIHOS CORE tag class equipment class relationship v2.0.csv,281,source_reference_record,source_reference_record_unreviewed
CFIHOS-30000575,filter,CFIHOS-30000575,filter,,real,True,sha256:a69b98012d9e4a46495a3aed48eef8ce75a69d001eaa28b4c38cb0f3c921909d,CORE CFIHOS V2.0 CSV/CFIHOS CORE tag class equipment class relationship v2.0.csv,282,source_reference_record,source_reference_record_unreviewed
CFIHOS-30000576,filter cartridge,CFIHOS-30000576,filter cartridge,,real,True,sha256:a69b98012d9e4a46495a3aed48eef8ce75a69d001eaa28b4c38cb0f3c921909d,CORE CFIHOS V2.0 CSV/CFIHOS CORE tag class equipment class relationship v2.0.csv,283,source_reference_record,source_reference_record_unreviewed
CFIHOS-30000827,finned tube heat exchanger,CFIHOS-30000827,finned tube heat exchanger,,real,True,sha256:a69b98012d9e4a46495a3aed48eef8ce75a69d001eaa28b4c38cb0f3c921909d,CORE CFIHOS V2.0 CSV/CFIHOS CORE tag class equipment class relationship v2.0.csv,284,source_reference_record,source_reference_record_unreviewed
CFIHOS-30000048,fire blanket,CFIHOS-30000048,fire blanket,,real,True,sha256:a69b98012d9e4a46495a3aed48eef8ce75a69d001eaa28b4c38cb0f3c921909d,CORE CFIHOS V2.0 CSV/CFIHOS CORE tag class equipment class relationship v2.0.csv,285,source_reference_record,source_reference_record_unreviewed
CFIHOS-30000049,fire damper,CFIHOS-30000049,fire damper,,real,True,sha256:a69b98012d9e4a46495a3aed48eef8ce75a69d001eaa28b4c38cb0f3c921909d,CORE CFIHOS V2.0 CSV/CFIHOS CORE tag class equipment class relationship v2.0.csv,286,source_reference_record,source_reference_record_unreviewed
CFIHOS-30000050,fire door,CFIHOS-30000050,fire door,,real,True,sha256:a69b98012d9e4a46495a3aed48eef8ce75a69d001eaa28b4c38cb0f3c921909d,CORE CFIHOS V2.0 CSV/CFIHOS CORE tag class equipment class relationship v2.0.csv,287,source_reference_record,source_reference_record_unreviewed
CFIHOS-30000512,fire extinguisher,CFIHOS-30000512,fire extinguisher,,real,True,sha256:a69b98012d9e4a46495a3aed48eef8ce75a69d001eaa28b4c38cb0f3c921909d,CORE CFIHOS V2.0 CSV/CFIHOS CORE tag class equipment class relationship v2.0.csv,288,source_reference_record,source_reference_record_unreviewed
CFIHOS-30000512,fire extinguisher,CFIHOS-30000931,twin agent skid,,real,True,sha256:a69b98012d9e4a46495a3aed48eef8ce75a69d001eaa28b4c38cb0f3c921909d,CORE CFIHOS V2.0 CSV/CFIHOS CORE tag class equipment class relationship v2.0.csv,289,source_reference_record,source_reference_record_unreviewed
CFIHOS-30000512,fire extinguisher,CFIHOS-30000934,water mist skid,,real,True,sha256:a69b98012d9e4a46495a3aed48eef8ce75a69d001eaa28b4c38cb0f3c921909d,CORE CFIHOS V2.0 CSV/CFIHOS CORE tag class equipment class relationship v2.0.csv,290,source_reference_record,source_reference_record_unreviewed
CFIHOS-30000051,fire fighting vehicle,CFIHOS-30000051,fire fighting vehicle,,real,True,sha256:a69b98012d9e4a46495a3aed48eef8ce75a69d001eaa28b4c38cb0f3c921909d,CORE CFIHOS V2.0 CSV/CFIHOS CORE tag class equipment class relationship v2.0.csv,291,source_reference_record,source_reference_record_unreviewed
CFIHOS-30000052,fire hydrant,CFIHOS-30000052,fire hydrant,,real,True,sha256:a69b98012d9e4a46495a3aed48eef8ce75a69d001eaa28b4c38cb0f3c921909d,CORE CFIHOS V2.0 CSV/CFIHOS CORE tag class equipment class relationship v2.0.csv,292,source_reference_record,source_reference_record_unreviewed
CFIHOS-30000619,fire wall,CFIHOS-30000619,fire wall,,real,True,sha256:a69b98012d9e4a46495a3aed48eef8ce75a69d001eaa28b4c38cb0f3c921909d,CORE CFIHOS V2.0 CSV/CFIHOS CORE tag class equipment class relationship v2.0.csv,293,source_reference_record,source_reference_record_unreviewed
CFIHOS-30000053,fired heater,CFIHOS-30000053,fired heater,,real,True,sha256:a69b98012d9e4a46495a3aed48eef8ce75a69d001eaa28b4c38cb0f3c921909d,CORE CFIHOS V2.0 CSV/CFIHOS CORE tag class equipment class relationship v2.0.csv,294,source_reference_record,source_reference_record_unreviewed
CFIHOS-30000054,firewater monitor,CFIHOS-30000054,firewater monitor,,real,True,sha256:a69b98012d9e4a46495a3aed48eef8ce75a69d001eaa28b4c38cb0f3c921909d,CORE CFIHOS V2.0 CSV/CFIHOS CORE tag class equipment class relationship v2.0.csv,295,source_reference_record,source_reference_record_unreviewed
CFIHOS-30000055,first aid kit,CFIHOS-30000055,first aid kit,,real,True,sha256:a69b98012d9e4a46495a3aed48eef8ce75a69d001eaa28b4c38cb0f3c921909d,CORE CFIHOS V2.0 CSV/CFIHOS CORE tag class equipment class relationship v2.0.csv,296,source_reference_record,source_reference_record_unreviewed
CFIHOS-30000893,fitness equipment,CFIHOS-30000893,fitness equipment,,real,True,sha256:a69b98012d9e4a46495a3aed48eef8ce75a69d001eaa28b4c38cb0f3c921909d,CORE CFIHOS V2.0 CSV/CFIHOS CORE tag class equipment class relationship v2.0.csv,297,source_reference_record,source_reference_record_unreviewed
CFIHOS-30000971,fixture,CFIHOS-30000971,fixture,,real,True,sha256:a69b98012d9e4a46495a3aed48eef8ce75a69d001eaa28b4c38cb0f3c921909d,CORE CFIHOS V2.0 CSV/CFIHOS CORE tag class equipment class relationship v2.0.csv,298,source_reference_record,source_reference_record_unreviewed
CFIHOS-30000056,flame arrestor,CFIHOS-30000056,flame arrestor,,real,True,sha256:a69b98012d9e4a46495a3aed48eef8ce75a69d001eaa28b4c38cb0f3c921909d,CORE CFIHOS V2.0 CSV/CFIHOS CORE tag class equipment class relationship v2.0.csv,299,source_reference_record,source_reference_record_unreviewed
CFIHOS-30000425,flame detector,CFIHOS-30000425,flame detector,,real,True,sha256:a69b98012d9e4a46495a3aed48eef8ce75a69d001eaa28b4c38cb0f3c921909d,CORE CFIHOS V2.0 CSV/CFIHOS CORE tag class equipment class relationship v2.0.csv,300,source_reference_record,source_reference_record_unreviewed
CFIHOS-30000057,flame switch,CFIHOS-30000057,flame switch,,real,True,sha256:a69b98012d9e4a46495a3aed48eef8ce75a69d001eaa28b4c38cb0f3c921909d,CORE CFIHOS V2.0 CSV/CFIHOS CORE tag class equipment class relationship v2.0.csv,301,source_reference_record,source_reference_record_unreviewed
CFIHOS-30000304,flange,CFIHOS-30000304,flange,,real,True,sha256:a69b98012d9e4a46495a3aed48eef8ce75a69d001eaa28b4c38cb0f3c921909d,CORE CFIHOS V2.0 CSV/CFIHOS CORE tag class equipment class relationship v2.0.csv,302,source_reference_record,source_reference_record_unreviewed
CFIHOS-30000058,flare,CFIHOS-30000058,flare,,real,True,sha256:a69b98012d9e4a46495a3aed48eef8ce75a69d001eaa28b4c38cb0f3c921909d,CORE CFIHOS V2.0 CSV/CFIHOS CORE tag class equipment class relationship v2.0.csv,303,source_reference_record,source_reference_record_unreviewed
CFIHOS-30000389,flare tip,CFIHOS-30000389,flare tip,,real,True,sha256:a69b98012d9e4a46495a3aed48eef8ce75a69d001eaa28b4c38cb0f3c921909d,CORE CFIHOS V2.0 CSV/CFIHOS CORE tag class equipment class relationship v2.0.csv,304,source_reference_record,source_reference_record_unreviewed
CFIHOS-30000059,flash drum,CFIHOS-30000059,flash drum,,real,True,sha256:a69b98012d9e4a46495a3aed48eef8ce75a69d001eaa28b4c38cb0f3c921909d,CORE CFIHOS V2.0 CSV/CFIHOS CORE tag class equipment class relationship v2.0.csv,305,source_reference_record,source_reference_record_unreviewed
CFIHOS-30000426,flash point analyser,CFIHOS-30000426,flash point analyser,,real,True,sha256:a69b98012d9e4a46495a3aed48eef8ce75a69d001eaa28b4c38cb0f3c921909d,CORE CFIHOS V2.0 CSV/CFIHOS CORE tag class equipment class relationship v2.0.csv,306,source_reference_record,source_reference_record_unreviewed
CFIHOS-30000828,flexible riser,CFIHOS-30000828,flexible riser,,real,True,sha256:a69b98012d9e4a46495a3aed48eef8ce75a69d001eaa28b4c38cb0f3c921909d,CORE CFIHOS V2.0 CSV/CFIHOS CORE tag class equipment class relationship v2.0.csv,307,source_reference_record,source_reference_record_unreviewed
CFIHOS-30000347,floodlight,CFIHOS-30000347,floodlight,,real,True,sha256:a69b98012d9e4a46495a3aed48eef8ce75a69d001eaa28b4c38cb0f3c921909d,CORE CFIHOS V2.0 CSV/CFIHOS CORE tag class equipment class relationship v2.0.csv,308,source_reference_record,source_reference_record_unreviewed
CFIHOS-30000972,floor,CFIHOS-30000972,floor,,real,True,sha256:a69b98012d9e4a46495a3aed48eef8ce75a69d001eaa28b4c38cb0f3c921909d,CORE CFIHOS V2.0 CSV/CFIHOS CORE tag class equipment class relationship v2.0.csv,309,source_reference_record,source_reference_record_unreviewed
CFIHOS-30000748,flow computer,CFIHOS-30000748,flow computer,,real,True,sha256:a69b98012d9e4a46495a3aed48eef8ce75a69d001eaa28b4c38cb0f3c921909d,CORE CFIHOS V2.0 CSV/CFIHOS CORE tag class equipment class relationship v2.0.csv,310,source_reference_record,source_reference_record_unreviewed
CFIHOS-30000671,flow element,CFIHOS-30000023,coriolis mass flow element,,real,True,sha256:a69b98012d9e4a46495a3aed48eef8ce75a69d001eaa28b4c38cb0f3c921909d,CORE CFIHOS V2.0 CSV/CFIHOS CORE tag class equipment class relationship v2.0.csv,311,source_reference_record,source_reference_record_unreviewed
CFIHOS-30000671,flow element,CFIHOS-30000040,electromagnetic flow element,,real,True,sha256:a69b98012d9e4a46495a3aed48eef8ce75a69d001eaa28b4c38cb0f3c921909d,CORE CFIHOS V2.0 CSV/CFIHOS CORE tag class equipment class relationship v2.0.csv,312,source_reference_record,source_reference_record_unreviewed
CFIHOS-30000671,flow element,CFIHOS-30000858,pitot tube flow meter,,real,True,sha256:a69b98012d9e4a46495a3aed48eef8ce75a69d001eaa28b4c38cb0f3c921909d,CORE CFIHOS V2.0 CSV/CFIHOS CORE tag class equipment class relationship v2.0.csv,313,source_reference_record,source_reference_record_unreviewed
CFIHOS-30000671,flow element,CFIHOS-30000185,positive displacement flow element,,real,True,sha256:a69b98012d9e4a46495a3aed48eef8ce75a69d001eaa28b4c38cb0f3c921909d,CORE CFIHOS V2.0 CSV/CFIHOS CORE tag class equipment class relationship v2.0.csv,314,source_reference_record,source_reference_record_unreviewed
CFIHOS-30000671,flow element,CFIHOS-30000259,thermal flow element,,real,True,sha256:a69b98012d9e4a46495a3aed48eef8ce75a69d001eaa28b4c38cb0f3c921909d,CORE CFIHOS V2.0 CSV/CFIHOS CORE tag class equipment class relationship v2.0.csv,315,source_reference_record,source_reference_record_unreviewed
CFIHOS-30000671,flow element,CFIHOS-30000482,turbine flow meter,,real,True,sha256:a69b98012d9e4a46495a3aed48eef8ce75a69d001eaa28b4c38cb0f3c921909d,CORE CFIHOS V2.0 CSV/CFIHOS CORE tag class equipment class relationship v2.0.csv,316,source_reference_record,source_reference_record_unreviewed
CFIHOS-30000671,flow element,CFIHOS-30000486,venturi tube,,real,True,sha256:a69b98012d9e4a46495a3aed48eef8ce75a69d001eaa28b4c38cb0f3c921909d,CORE CFIHOS V2.0 CSV/CFIHOS CORE tag class equipment class relationship v2.0.csv,317,source_reference_record,source_reference_record_unreviewed
CFIHOS-30000428,flow gauge,CFIHOS-30000428,flow gauge,,real,True,sha256:a69b98012d9e4a46495a3aed48eef8ce75a69d001eaa28b4c38cb0f3c921909d,CORE CFIHOS V2.0 CSV/CFIHOS CORE tag class equipment class relationship v2.0.csv,318,source_reference_record,source_reference_record_unreviewed
CFIHOS-30000063,flow orifice plate,CFIHOS-30000063,flow orifice plate,,real,True,sha256:a69b98012d9e4a46495a3aed48eef8ce75a69d001eaa28b4c38cb0f3c921909d,CORE CFIHOS V2.0 CSV/CFIHOS CORE tag class equipment class relationship v2.0.csv,319,source_reference_record,source_reference_record_unreviewed
CFIHOS-30000429,flow regulator,CFIHOS-30000429,flow regulator,,real,True,sha256:a69b98012d9e4a46495a3aed48eef8ce75a69d001eaa28b4c38cb0f3c921909d,CORE CFIHOS V2.0 CSV/CFIHOS CORE tag class equipment class relationship v2.0.csv,320,source_reference_record,source_reference_record_unreviewed
CFIHOS-30000430,flow switch,CFIHOS-30000430,flow switch,,real,True,sha256:a69b98012d9e4a46495a3aed48eef8ce75a69d001eaa28b4c38cb0f3c921909d,CORE CFIHOS V2.0 CSV/CFIHOS CORE tag class equipment class relationship v2.0.csv,321,source_reference_record,source_reference_record_unreviewed
CFIHOS-30000662,flow totalizer,CFIHOS-30000662,flow totalizer,,real,True,sha256:a69b98012d9e4a46495a3aed48eef8ce75a69d001eaa28b4c38cb0f3c921909d,CORE CFIHOS V2.0 CSV/CFIHOS CORE tag class equipment class relationship v2.0.csv,322,source_reference_record,source_reference_record_unreviewed
CFIHOS-30000643,flow transmitter,CFIHOS-30000406,coriolis mass flow meter,,real,True,sha256:a69b98012d9e4a46495a3aed48eef8ce75a69d001eaa28b4c38cb0f3c921909d,CORE CFIHOS V2.0 CSV/CFIHOS CORE tag class equipment class relationship v2.0.csv,323,source_reference_record,source_reference_record_unreviewed
CFIHOS-30000643,flow transmitter,CFIHOS-30000031,differential pressure flow transmitter,,real,True,sha256:a69b98012d9e4a46495a3aed48eef8ce75a69d001eaa28b4c38cb0f3c921909d,CORE CFIHOS V2.0 CSV/CFIHOS CORE tag class equipment class relationship v2.0.csv,324,source_reference_record,source_reference_record_unreviewed
CFIHOS-30000643,flow transmitter,CFIHOS-30000420,electromagnetic flow transmitter,,real,True,sha256:a69b98012d9e4a46495a3aed48eef8ce75a69d001eaa28b4c38cb0f3c921909d,CORE CFIHOS V2.0 CSV/CFIHOS CORE tag class equipment class relationship v2.0.csv,325,source_reference_record,source_reference_record_unreviewed
CFIHOS-30000643,flow transmitter,CFIHOS-30000450,positive displacement flow transmitter,,real,True,sha256:a69b98012d9e4a46495a3aed48eef8ce75a69d001eaa28b4c38cb0f3c921909d,CORE CFIHOS V2.0 CSV/CFIHOS CORE tag class equipment class relationship v2.0.csv,326,source_reference_record,source_reference_record_unreviewed
CFIHOS-30000643,flow transmitter,CFIHOS-30000465,rotameter flow meter,,real,True,sha256:a69b98012d9e4a46495a3aed48eef8ce75a69d001eaa28b4c38cb0f3c921909d,CORE CFIHOS V2.0 CSV/CFIHOS CORE tag class equipment class relationship v2.0.csv,327,source_reference_record,source_reference_record_unreviewed
CFIHOS-30000643,flow transmitter,CFIHOS-30000260,thermal flow transmitter,,real,True,sha256:a69b98012d9e4a46495a3aed48eef8ce75a69d001eaa28b4c38cb0f3c921909d,CORE CFIHOS V2.0 CSV/CFIHOS CORE tag class equipment class relationship v2.0.csv,328,source_reference_record,source_reference_record_unreviewed
CFIHOS-30000643,flow transmitter,CFIHOS-30000482,turbine flow meter,,real,True,sha256:a69b98012d9e4a46495a3aed48eef8ce75a69d001eaa28b4c38cb0f3c921909d,CORE CFIHOS V2.0 CSV/CFIHOS CORE tag class equipment class relationship v2.0.csv,329,source_reference_record,source_reference_record_unreviewed
CFIHOS-30000643,flow transmitter,CFIHOS-30000264,turbine flow transmitter,,real,True,sha256:a69b98012d9e4a46495a3aed48eef8ce75a69d001eaa28b4c38cb0f3c921909d,CORE CFIHOS V2.0 CSV/CFIHOS CORE tag class equipment class relationship v2.0.csv,330,source_reference_record,source_reference_record_unreviewed
CFIHOS-30000643,flow transmitter,CFIHOS-30000483,ultrasonic flow meter,,real,True,sha256:a69b98012d9e4a46495a3aed48eef8ce75a69d001eaa28b4c38cb0f3c921909d,CORE CFIHOS V2.0 CSV/CFIHOS CORE tag class equipment class relationship v2.0.csv,331,source_reference_record,source_reference_record_unreviewed
CFIHOS-30000643,flow transmitter,CFIHOS-30000265,ultrasonic flow transmitter,,real,True,sha256:a69b98012d9e4a46495a3aed48eef8ce75a69d001eaa28b4c38cb0f3c921909d,CORE CFIHOS V2.0 CSV/CFIHOS CORE tag class equipment class relationship v2.0.csv,332,source_reference_record,source_reference_record_unreviewed
CFIHOS-30000643,flow transmitter,CFIHOS-30000485,v-cone flow meter,,real,True,sha256:a69b98012d9e4a46495a3aed48eef8ce75a69d001eaa28b4c38cb0f3c921909d,CORE CFIHOS V2.0 CSV/CFIHOS CORE tag class equipment class relationship v2.0.csv,333,source_reference_record,source_reference_record_unreviewed
CFIHOS-30000643,flow transmitter,CFIHOS-30000491,vortex flow meter,,real,True,sha256:a69b98012d9e4a46495a3aed48eef8ce75a69d001eaa28b4c38cb0f3c921909d,CORE CFIHOS V2.0 CSV/CFIHOS CORE tag class equipment class relationship v2.0.csv,334,source_reference_record,source_reference_record_unreviewed
CFIHOS-30000643,flow transmitter,CFIHOS-30000277,vortex flow transmitter,,real,True,sha256:a69b98012d9e4a46495a3aed48eef8ce75a69d001eaa28b4c38cb0f3c921909d,CORE CFIHOS V2.0 CSV/CFIHOS CORE tag class equipment class relationship v2.0.csv,335,source_reference_record,source_reference_record_unreviewed
CFIHOS-30000830,flying chemical lead,CFIHOS-30000830,flying chemical lead,,real,True,sha256:a69b98012d9e4a46495a3aed48eef8ce75a69d001eaa28b4c38cb0f3c921909d,CORE CFIHOS V2.0 CSV/CFIHOS CORE tag class equipment class relationship v2.0.csv,336,source_reference_record,source_reference_record_unreviewed
CFIHOS-30000831,flying electrical lead,CFIHOS-30000831,flying electrical lead,,real,True,sha256:a69b98012d9e4a46495a3aed48eef8ce75a69d001eaa28b4c38cb0f3c921909d,CORE CFIHOS V2.0 CSV/CFIHOS CORE tag class equipment class relationship v2.0.csv,337,source_reference_record,source_reference_record_unreviewed
CFIHOS-30000832,flying hydraulic lead,CFIHOS-30000832,flying hydraulic lead,,real,True,sha256:a69b98012d9e4a46495a3aed48eef8ce75a69d001eaa28b4c38cb0f3c921909d,CORE CFIHOS V2.0 CSV/CFIHOS CORE tag class equipment class relationship v2.0.csv,338,source_reference_record,source_reference_record_unreviewed
CFIHOS-30000707,flying lead,CFIHOS-30000830,flying chemical lead,,real,True,sha256:a69b98012d9e4a46495a3aed48eef8ce75a69d001eaa28b4c38cb0f3c921909d,CORE CFIHOS V2.0 CSV/CFIHOS CORE tag class equipment class relationship v2.0.csv,339,source_reference_record,source_reference_record_unreviewed
CFIHOS-30000707,flying lead,CFIHOS-30000831,flying electrical lead,,real,True,sha256:a69b98012d9e4a46495a3aed48eef8ce75a69d001eaa28b4c38cb0f3c921909d,CORE CFIHOS V2.0 CSV/CFIHOS CORE tag class equipment class relationship v2.0.csv,340,source_reference_record,source_reference_record_unreviewed
CFIHOS-30000707,flying lead,CFIHOS-30000832,flying hydraulic lead,,real,True,sha256:a69b98012d9e4a46495a3aed48eef8ce75a69d001eaa28b4c38cb0f3c921909d,CORE CFIHOS V2.0 CSV/CFIHOS CORE tag class equipment class relationship v2.0.csv,341,source_reference_record,source_reference_record_unreviewed
CFIHOS-30000707,flying lead,CFIHOS-30000833,flying optical lead,,real,True,sha256:a69b98012d9e4a46495a3aed48eef8ce75a69d001eaa28b4c38cb0f3c921909d,CORE CFIHOS V2.0 CSV/CFIHOS CORE tag class equipment class relationship v2.0.csv,342,source_reference_record,source_reference_record_unreviewed
CFIHOS-30000833,flying optical lead,CFIHOS-30000833,flying optical lead,,real,True,sha256:a69b98012d9e4a46495a3aed48eef8ce75a69d001eaa28b4c38cb0f3c921909d,CORE CFIHOS V2.0 CSV/CFIHOS CORE tag class equipment class relationship v2.0.csv,343,source_reference_record,source_reference_record_unreviewed
CFIHOS-30000065,fog detector,CFIHOS-30000065,fog detector,,real,True,sha256:a69b98012d9e4a46495a3aed48eef8ce75a69d001eaa28b4c38cb0f3c921909d,CORE CFIHOS V2.0 CSV/CFIHOS CORE tag class equipment class relationship v2.0.csv,344,source_reference_record,source_reference_record_unreviewed
CFIHOS-30000567,forklift truck,CFIHOS-30000567,forklift truck,,real,True,sha256:a69b98012d9e4a46495a3aed48eef8ce75a69d001eaa28b4c38cb0f3c921909d,CORE CFIHOS V2.0 CSV/CFIHOS CORE tag class equipment class relationship v2.0.csv,345,source_reference_record,source_reference_record_unreviewed
CFIHOS-30000973,foul water drainage,CFIHOS-30000973,foul water drainage,,real,True,sha256:a69b98012d9e4a46495a3aed48eef8ce75a69d001eaa28b4c38cb0f3c921909d,CORE CFIHOS V2.0 CSV/CFIHOS CORE tag class equipment class relationship v2.0.csv,346,source_reference_record,source_reference_record_unreviewed
CFIHOS-30000067,foundation,CFIHOS-30000067,foundation,,real,True,sha256:a69b98012d9e4a46495a3aed48eef8ce75a69d001eaa28b4c38cb0f3c921909d,CORE CFIHOS V2.0 CSV/CFIHOS CORE tag class equipment class relationship v2.0.csv,347,source_reference_record,source_reference_record_unreviewed
CFIHOS-30000305,frame,CFIHOS-30000305,frame,,real,True,sha256:a69b98012d9e4a46495a3aed48eef8ce75a69d001eaa28b4c38cb0f3c921909d,CORE CFIHOS V2.0 CSV/CFIHOS CORE tag class equipment class relationship v2.0.csv,348,source_reference_record,source_reference_record_unreviewed
CFIHOS-30000068,freezing point analyser,CFIHOS-30000068,freezing point analyser,,real,True,sha256:a69b98012d9e4a46495a3aed48eef8ce75a69d001eaa28b4c38cb0f3c921909d,CORE CFIHOS V2.0 CSV/CFIHOS CORE tag class equipment class relationship v2.0.csv,349,source_reference_record,source_reference_record_unreviewed
CFIHOS-30000743,frequency generator,CFIHOS-30000743,frequency generator,,real,True,sha256:a69b98012d9e4a46495a3aed48eef8ce75a69d001eaa28b4c38cb0f3c921909d,CORE CFIHOS V2.0 CSV/CFIHOS CORE tag class equipment class relationship v2.0.csv,350,source_reference_record,source_reference_record_unreviewed
CFIHOS-30000431,frequency to current converter,CFIHOS-30000431,frequency to current converter,,real,True,sha256:a69b98012d9e4a46495a3aed48eef8ce75a69d001eaa28b4c38cb0f3c921909d,CORE CFIHOS V2.0 CSV/CFIHOS CORE tag class equipment class relationship v2.0.csv,351,source_reference_record,source_reference_record_unreviewed
CFIHOS-30000070,funnel,CFIHOS-30000070,funnel,,real,True,sha256:a69b98012d9e4a46495a3aed48eef8ce75a69d001eaa28b4c38cb0f3c921909d,CORE CFIHOS V2.0 CSV/CFIHOS CORE tag class equipment class relationship v2.0.csv,352,source_reference_record,source_reference_record_unreviewed
CFIHOS-30000894,furnace,CFIHOS-30000894,furnace,,real,True,sha256:a69b98012d9e4a46495a3aed48eef8ce75a69d001eaa28b4c38cb0f3c921909d,CORE CFIHOS V2.0 CSV/CFIHOS CORE tag class equipment class relationship v2.0.csv,353,source_reference_record,source_reference_record_unreviewed
CFIHOS-30000071,furniture,CFIHOS-30000071,furniture,,real,True,sha256:a69b98012d9e4a46495a3aed48eef8ce75a69d001eaa28b4c38cb0f3c921909d,CORE CFIHOS V2.0 CSV/CFIHOS CORE tag class equipment class relationship v2.0.csv,354,source_reference_record,source_reference_record_unreviewed
CFIHOS-30000348,fuse,CFIHOS-30000348,fuse,,real,True,sha256:a69b98012d9e4a46495a3aed48eef8ce75a69d001eaa28b4c38cb0f3c921909d,CORE CFIHOS V2.0 CSV/CFIHOS CORE tag class equipment class relationship v2.0.csv,355,source_reference_record,source_reference_record_unreviewed
CFIHOS-30000072,fusible plug,CFIHOS-30000072,fusible plug,,real,True,sha256:a69b98012d9e4a46495a3aed48eef8ce75a69d001eaa28b4c38cb0f3c921909d,CORE CFIHOS V2.0 CSV/CFIHOS CORE tag class equipment class relationship v2.0.csv,356,source_reference_record,source_reference_record_unreviewed
CFIHOS-30000644,galley equipment,CFIHOS-30000644,galley equipment,,real,True,sha256:a69b98012d9e4a46495a3aed48eef8ce75a69d001eaa28b4c38cb0f3c921909d,CORE CFIHOS V2.0 CSV/CFIHOS CORE tag class equipment class relationship v2.0.csv,357,source_reference_record,source_reference_record_unreviewed
CFIHOS-30000073,galvanic isolator,CFIHOS-30000073,galvanic isolator,,real,True,sha256:a69b98012d9e4a46495a3aed48eef8ce75a69d001eaa28b4c38cb0f3c921909d,CORE CFIHOS V2.0 CSV/CFIHOS CORE tag class equipment class relationship v2.0.csv,358,source_reference_record,source_reference_record_unreviewed
CFIHOS-30000834,gas chromatograph,CFIHOS-30000834,gas chromatograph,,real,True,sha256:a69b98012d9e4a46495a3aed48eef8ce75a69d001eaa28b4c38cb0f3c921909d,CORE CFIHOS V2.0 CSV/CFIHOS CORE tag class equipment class relationship v2.0.csv,359,source_reference_record,source_reference_record_unreviewed
CFIHOS-30000074,gas composition analyser,CFIHOS-30000074,gas composition analyser,,real,True,sha256:a69b98012d9e4a46495a3aed48eef8ce75a69d001eaa28b4c38cb0f3c921909d,CORE CFIHOS V2.0 CSV/CFIHOS CORE tag class equipment class relationship v2.0.csv,360,source_reference_record,source_reference_record_unreviewed
CFIHOS-30000075,gas cyclone separator,CFIHOS-30000075,gas cyclone separator,,real,True,sha256:a69b98012d9e4a46495a3aed48eef8ce75a69d001eaa28b4c38cb0f3c921909d,CORE CFIHOS V2.0 CSV/CFIHOS CORE tag class equipment class relationship v2.0.csv,361,source_reference_record,source_reference_record_unreviewed
CFIHOS-30000432,gas detector,CFIHOS-30000432,gas detector,,real,True,sha256:a69b98012d9e4a46495a3aed48eef8ce75a69d001eaa28b4c38cb0f3c921909d,CORE CFIHOS V2.0 CSV/CFIHOS CORE tag class equipment class relationship v2.0.csv,362,source_reference_record,source_reference_record_unreviewed
CFIHOS-30000432,gas detector,CFIHOS-30000895,H2S detector,,real,True,sha256:a69b98012d9e4a46495a3aed48eef8ce75a69d001eaa28b4c38cb0f3c921909d,CORE CFIHOS V2.0 CSV/CFIHOS CORE tag class equipment class relationship v2.0.csv,363,source_reference_record,source_reference_record_unreviewed
CFIHOS-30000578,gas distributor,CFIHOS-30000578,gas distributor,,real,True,sha256:a69b98012d9e4a46495a3aed48eef8ce75a69d001eaa28b4c38cb0f3c921909d,CORE CFIHOS V2.0 CSV/CFIHOS CORE tag class equipment class relationship v2.0.csv,364,source_reference_record,source_reference_record_unreviewed
CFIHOS-30000533,gas engine,CFIHOS-30000533,gas engine,,real,True,sha256:a69b98012d9e4a46495a3aed48eef8ce75a69d001eaa28b4c38cb0f3c921909d,CORE CFIHOS V2.0 CSV/CFIHOS CORE tag class equipment class relationship v2.0.csv,365,source_reference_record,source_reference_record_unreviewed
CFIHOS-30000835,gas liquid chromatograph,CFIHOS-30000835,gas liquid chromatograph,,real,True,sha256:a69b98012d9e4a46495a3aed48eef8ce75a69d001eaa28b4c38cb0f3c921909d,CORE CFIHOS V2.0 CSV/CFIHOS CORE tag class equipment class relationship v2.0.csv,366,source_reference_record,source_reference_record_unreviewed
CFIHOS-30000534,gas turbine,CFIHOS-30000534,gas turbine,,real,True,sha256:a69b98012d9e4a46495a3aed48eef8ce75a69d001eaa28b4c38cb0f3c921909d,CORE CFIHOS V2.0 CSV/CFIHOS CORE tag class equipment class relationship v2.0.csv,367,source_reference_record,source_reference_record_unreviewed
CFIHOS-30000836,gas-blast circuit-breaker,CFIHOS-30000836,gas-blast circuit-breaker,,real,True,sha256:a69b98012d9e4a46495a3aed48eef8ce75a69d001eaa28b4c38cb0f3c921909d,CORE CFIHOS V2.0 CSV/CFIHOS CORE tag class equipment class relationship v2.0.csv,368,source_reference_record,source_reference_record_unreviewed
CFIHOS-30000306,gasket,CFIHOS-30000306,gasket,,real,True,sha256:a69b98012d9e4a46495a3aed48eef8ce75a69d001eaa28b4c38cb0f3c921909d,CORE CFIHOS V2.0 CSV/CFIHOS CORE tag class equipment class relationship v2.0.csv,369,source_reference_record,source_reference_record_unreviewed
CFIHOS-30000837,gate control valve,CFIHOS-30000837,gate control valve,,real,True,sha256:a69b98012d9e4a46495a3aed48eef8ce75a69d001eaa28b4c38cb0f3c921909d,CORE CFIHOS V2.0 CSV/CFIHOS CORE tag class equipment class relationship v2.0.csv,370,source_reference_record,source_reference_record_unreviewed
CFIHOS-30000838,gate valve,CFIHOS-30000838,gate valve,,real,True,sha256:a69b98012d9e4a46495a3aed48eef8ce75a69d001eaa28b4c38cb0f3c921909d,CORE CFIHOS V2.0 CSV/CFIHOS CORE tag class equipment class relationship v2.0.csv,371,source_reference_record,source_reference_record_unreviewed
CFIHOS-30000535,gear box,CFIHOS-30000535,gear box,,real,True,sha256:a69b98012d9e4a46495a3aed48eef8ce75a69d001eaa28b4c38cb0f3c921909d,CORE CFIHOS V2.0 CSV/CFIHOS CORE tag class equipment class relationship v2.0.csv,372,source_reference_record,source_reference_record_unreviewed
CFIHOS-30000839,globe control valve,CFIHOS-30000839,globe control valve,,real,True,sha256:a69b98012d9e4a46495a3aed48eef8ce75a69d001eaa28b4c38cb0f3c921909d,CORE CFIHOS V2.0 CSV/CFIHOS CORE tag class equipment class relationship v2.0.csv,373,source_reference_record,source_reference_record_unreviewed
CFIHOS-30000840,globe valve,CFIHOS-30000840,globe valve,,real,True,sha256:a69b98012d9e4a46495a3aed48eef8ce75a69d001eaa28b4c38cb0f3c921909d,CORE CFIHOS V2.0 CSV/CFIHOS CORE tag class equipment class relationship v2.0.csv,374,source_reference_record,source_reference_record_unreviewed
CFIHOS-30000841,gravity separator,CFIHOS-30000841,gravity separator,,real,True,sha256:a69b98012d9e4a46495a3aed48eef8ce75a69d001eaa28b4c38cb0f3c921909d,CORE CFIHOS V2.0 CSV/CFIHOS CORE tag class equipment class relationship v2.0.csv,375,source_reference_record,source_reference_record_unreviewed
CFIHOS-30000077,grease injection unit,CFIHOS-30000077,grease injection unit,,real,True,sha256:a69b98012d9e4a46495a3aed48eef8ce75a69d001eaa28b4c38cb0f3c921909d,CORE CFIHOS V2.0 CSV/CFIHOS CORE tag class equipment class relationship v2.0.csv,376,source_reference_record,source_reference_record_unreviewed
CFIHOS-30000078,grille,CFIHOS-30000078,grille,,real,True,sha256:a69b98012d9e4a46495a3aed48eef8ce75a69d001eaa28b4c38cb0f3c921909d,CORE CFIHOS V2.0 CSV/CFIHOS CORE tag class equipment class relationship v2.0.csv,377,source_reference_record,source_reference_record_unreviewed
CFIHOS-30000079,grinding machine,CFIHOS-30000079,grinding machine,,real,True,sha256:a69b98012d9e4a46495a3aed48eef8ce75a69d001eaa28b4c38cb0f3c921909d,CORE CFIHOS V2.0 CSV/CFIHOS CORE tag class equipment class relationship v2.0.csv,378,source_reference_record,source_reference_record_unreviewed
CFIHOS-30000974,groundwater protection,CFIHOS-30000974,groundwater protection,,real,True,sha256:a69b98012d9e4a46495a3aed48eef8ce75a69d001eaa28b4c38cb0f3c921909d,CORE CFIHOS V2.0 CSV/CFIHOS CORE tag class equipment class relationship v2.0.csv,379,source_reference_record,source_reference_record_unreviewed
CFIHOS-30000080,guide post,CFIHOS-30000080,guide post,,real,True,sha256:a69b98012d9e4a46495a3aed48eef8ce75a69d001eaa28b4c38cb0f3c921909d,CORE CFIHOS V2.0 CSV/CFIHOS CORE tag class equipment class relationship v2.0.csv,380,source_reference_record,source_reference_record_unreviewed
CFIHOS-30000975,gully drain,CFIHOS-30000975,gully drain,,real,True,sha256:a69b98012d9e4a46495a3aed48eef8ce75a69d001eaa28b4c38cb0f3c921909d,CORE CFIHOS V2.0 CSV/CFIHOS CORE tag class equipment class relationship v2.0.csv,381,source_reference_record,source_reference_record_unreviewed
CFIHOS-30000579,gutter,CFIHOS-30000579,gutter,,real,True,sha256:a69b98012d9e4a46495a3aed48eef8ce75a69d001eaa28b4c38cb0f3c921909d,CORE CFIHOS V2.0 CSV/CFIHOS CORE tag class equipment class relationship v2.0.csv,382,source_reference_record,source_reference_record_unreviewed
CFIHOS-30000976,handrail,CFIHOS-30000976,handrail,,real,True,sha256:a69b98012d9e4a46495a3aed48eef8ce75a69d001eaa28b4c38cb0f3c921909d,CORE CFIHOS V2.0 CSV/CFIHOS CORE tag class equipment class relationship v2.0.csv,383,source_reference_record,source_reference_record_unreviewed
CFIHOS-30000081,hard disk,CFIHOS-30000081,hard disk,,real,True,sha256:a69b98012d9e4a46495a3aed48eef8ce75a69d001eaa28b4c38cb0f3c921909d,CORE CFIHOS V2.0 CSV/CFIHOS CORE tag class equipment class relationship v2.0.csv,384,source_reference_record,source_reference_record_unreviewed
CFIHOS-30001018,harmonic filter,CFIHOS-30001018,harmonic filter,Required by owner-operators,real,True,sha256:a69b98012d9e4a46495a3aed48eef8ce75a69d001eaa28b4c38cb0f3c921909d,CORE CFIHOS V2.0 CSV/CFIHOS CORE tag class equipment class relationship v2.0.csv,385,source_reference_record,source_reference_record_unreviewed
CFIHOS-30000580,hatch way door,CFIHOS-30000580,hatch way door,,real,True,sha256:a69b98012d9e4a46495a3aed48eef8ce75a69d001eaa28b4c38cb0f3c921909d,CORE CFIHOS V2.0 CSV/CFIHOS CORE tag class equipment class relationship v2.0.csv,386,source_reference_record,source_reference_record_unreviewed
CFIHOS-30000082,heat and smoke detector,CFIHOS-30000082,heat and smoke detector,,real,True,sha256:a69b98012d9e4a46495a3aed48eef8ce75a69d001eaa28b4c38cb0f3c921909d,CORE CFIHOS V2.0 CSV/CFIHOS CORE tag class equipment class relationship v2.0.csv,387,source_reference_record,source_reference_record_unreviewed
CFIHOS-30001019,heater treater,CFIHOS-30001019,heater treater,Required by owner-operators,real,True,sha256:a69b98012d9e4a46495a3aed48eef8ce75a69d001eaa28b4c38cb0f3c921909d,CORE CFIHOS V2.0 CSV/CFIHOS CORE tag class equipment class relationship v2.0.csv,388,source_reference_record,source_reference_record_unreviewed
CFIHOS-30000349,heating cable,CFIHOS-30000349,heating cable,,real,True,sha256:a69b98012d9e4a46495a3aed48eef8ce75a69d001eaa28b4c38cb0f3c921909d,CORE CFIHOS V2.0 CSV/CFIHOS CORE tag class equipment class relationship v2.0.csv,389,source_reference_record,source_reference_record_unreviewed
CFIHOS-30000896,heating coil,CFIHOS-30000896,heating coil,,real,True,sha256:a69b98012d9e4a46495a3aed48eef8ce75a69d001eaa28b4c38cb0f3c921909d,CORE CFIHOS V2.0 CSV/CFIHOS CORE tag class equipment class relationship v2.0.csv,390,source_reference_record,source_reference_record_unreviewed
CFIHOS-30000600,helideck,CFIHOS-30000600,helideck,,real,True,sha256:a69b98012d9e4a46495a3aed48eef8ce75a69d001eaa28b4c38cb0f3c921909d,CORE CFIHOS V2.0 CSV/CFIHOS CORE tag class equipment class relationship v2.0.csv,391,source_reference_record,source_reference_record_unreviewed
CFIHOS-30000350,high-pass filter,CFIHOS-30000350,high-pass filter,,real,True,sha256:a69b98012d9e4a46495a3aed48eef8ce75a69d001eaa28b4c38cb0f3c921909d,CORE CFIHOS V2.0 CSV/CFIHOS CORE tag class equipment class relationship v2.0.csv,392,source_reference_record,source_reference_record_unreviewed
CFIHOS-30000977,hoistwell,CFIHOS-30000977,hoistwell,,real,True,sha256:a69b98012d9e4a46495a3aed48eef8ce75a69d001eaa28b4c38cb0f3c921909d,CORE CFIHOS V2.0 CSV/CFIHOS CORE tag class equipment class relationship v2.0.csv,393,source_reference_record,source_reference_record_unreviewed
CFIHOS-30000537,hood,CFIHOS-30000537,hood,,real,True,sha256:a69b98012d9e4a46495a3aed48eef8ce75a69d001eaa28b4c38cb0f3c921909d,CORE CFIHOS V2.0 CSV/CFIHOS CORE tag class equipment class relationship v2.0.csv,394,source_reference_record,source_reference_record_unreviewed
CFIHOS-30000759,hopper,CFIHOS-30000759,hopper,,real,True,sha256:a69b98012d9e4a46495a3aed48eef8ce75a69d001eaa28b4c38cb0f3c921909d,CORE CFIHOS V2.0 CSV/CFIHOS CORE tag class equipment class relationship v2.0.csv,395,source_reference_record,source_reference_record_unreviewed
CFIHOS-30000084,horn,CFIHOS-30000084,horn,,real,True,sha256:a69b98012d9e4a46495a3aed48eef8ce75a69d001eaa28b4c38cb0f3c921909d,CORE CFIHOS V2.0 CSV/CFIHOS CORE tag class equipment class relationship v2.0.csv,396,source_reference_record,source_reference_record_unreviewed
CFIHOS-30000085,hose,CFIHOS-30000085,hose,,real,True,sha256:a69b98012d9e4a46495a3aed48eef8ce75a69d001eaa28b4c38cb0f3c921909d,CORE CFIHOS V2.0 CSV/CFIHOS CORE tag class equipment class relationship v2.0.csv,397,source_reference_record,source_reference_record_unreviewed
CFIHOS-30000645,hose connector,CFIHOS-30000496,pipe,,real,True,sha256:a69b98012d9e4a46495a3aed48eef8ce75a69d001eaa28b4c38cb0f3c921909d,CORE CFIHOS V2.0 CSV/CFIHOS CORE tag class equipment class relationship v2.0.csv,398,source_reference_record,source_reference_record_unreviewed
CFIHOS-30000086,hose reel,CFIHOS-30000086,hose reel,,real,True,sha256:a69b98012d9e4a46495a3aed48eef8ce75a69d001eaa28b4c38cb0f3c921909d,CORE CFIHOS V2.0 CSV/CFIHOS CORE tag class equipment class relationship v2.0.csv,399,source_reference_record,source_reference_record_unreviewed
CFIHOS-30000307,housing,CFIHOS-30000307,housing,,real,True,sha256:a69b98012d9e4a46495a3aed48eef8ce75a69d001eaa28b4c38cb0f3c921909d,CORE CFIHOS V2.0 CSV/CFIHOS CORE tag class equipment class relationship v2.0.csv,400,source_reference_record,source_reference_record_unreviewed
CFIHOS-30000087,humidifier,CFIHOS-30000087,humidifier,,real,True,sha256:a69b98012d9e4a46495a3aed48eef8ce75a69d001eaa28b4c38cb0f3c921909d,CORE CFIHOS V2.0 CSV/CFIHOS CORE tag class equipment class relationship v2.0.csv,401,source_reference_record,source_reference_record_unreviewed
CFIHOS-30000088,humidity analyser,CFIHOS-30000088,humidity analyser,,real,True,sha256:a69b98012d9e4a46495a3aed48eef8ce75a69d001eaa28b4c38cb0f3c921909d,CORE CFIHOS V2.0 CSV/CFIHOS CORE tag class equipment class relationship v2.0.csv,402,source_reference_record,source_reference_record_unreviewed
CFIHOS-30000620,hvac duct,CFIHOS-30000620,hvac duct,,real,True,sha256:a69b98012d9e4a46495a3aed48eef8ce75a69d001eaa28b4c38cb0f3c921909d,CORE CFIHOS V2.0 CSV/CFIHOS CORE tag class equipment class relationship v2.0.csv,403,source_reference_record,source_reference_record_unreviewed
CFIHOS-30000433,hydraulic actuator,CFIHOS-30000433,hydraulic actuator,,real,True,sha256:a69b98012d9e4a46495a3aed48eef8ce75a69d001eaa28b4c38cb0f3c921909d,CORE CFIHOS V2.0 CSV/CFIHOS CORE tag class equipment class relationship v2.0.csv,404,source_reference_record,source_reference_record_unreviewed
CFIHOS-30000089,hydraulic connector,CFIHOS-30000089,hydraulic connector,,real,True,sha256:a69b98012d9e4a46495a3aed48eef8ce75a69d001eaa28b4c38cb0f3c921909d,CORE CFIHOS V2.0 CSV/CFIHOS CORE tag class equipment class relationship v2.0.csv,405,source_reference_record,source_reference_record_unreviewed
CFIHOS-30000434,hydraulic controller,CFIHOS-30000434,hydraulic controller,,real,True,sha256:a69b98012d9e4a46495a3aed48eef8ce75a69d001eaa28b4c38cb0f3c921909d,CORE CFIHOS V2.0 CSV/CFIHOS CORE tag class equipment class relationship v2.0.csv,406,source_reference_record,source_reference_record_unreviewed
CFIHOS-30000538,hydraulic cylinder,CFIHOS-30000538,hydraulic cylinder,,real,True,sha256:a69b98012d9e4a46495a3aed48eef8ce75a69d001eaa28b4c38cb0f3c921909d,CORE CFIHOS V2.0 CSV/CFIHOS CORE tag class equipment class relationship v2.0.csv,407,source_reference_record,source_reference_record_unreviewed
CFIHOS-30000539,hydraulic motor,CFIHOS-30000539,hydraulic motor,,real,True,sha256:a69b98012d9e4a46495a3aed48eef8ce75a69d001eaa28b4c38cb0f3c921909d,CORE CFIHOS V2.0 CSV/CFIHOS CORE tag class equipment class relationship v2.0.csv,408,source_reference_record,source_reference_record_unreviewed
CFIHOS-30000842,hydraulic piping purge unit,CFIHOS-30000842,hydraulic piping purge unit,,real,True,sha256:a69b98012d9e4a46495a3aed48eef8ce75a69d001eaa28b4c38cb0f3c921909d,CORE CFIHOS V2.0 CSV/CFIHOS CORE tag class equipment class relationship v2.0.csv,409,source_reference_record,source_reference_record_unreviewed
CFIHOS-30000090,hydraulic power supply,CFIHOS-30000090,hydraulic power supply,,real,True,sha256:a69b98012d9e4a46495a3aed48eef8ce75a69d001eaa28b4c38cb0f3c921909d,CORE CFIHOS V2.0 CSV/CFIHOS CORE tag class equipment class relationship v2.0.csv,410,source_reference_record,source_reference_record_unreviewed
CFIHOS-30000942,hydraulic power unit,CFIHOS-30000942,hydraulic power unit,,real,True,sha256:a69b98012d9e4a46495a3aed48eef8ce75a69d001eaa28b4c38cb0f3c921909d,CORE CFIHOS V2.0 CSV/CFIHOS CORE tag class equipment class relationship v2.0.csv,411,source_reference_record,source_reference_record_unreviewed
CFIHOS-30000568,hydraulic press,CFIHOS-30000568,hydraulic press,,real,True,sha256:a69b98012d9e4a46495a3aed48eef8ce75a69d001eaa28b4c38cb0f3c921909d,CORE CFIHOS V2.0 CSV/CFIHOS CORE tag class equipment class relationship v2.0.csv,412,source_reference_record,source_reference_record_unreviewed
CFIHOS-30000843,hydraulic turbine,CFIHOS-30000843,hydraulic turbine,,real,True,sha256:a69b98012d9e4a46495a3aed48eef8ce75a69d001eaa28b4c38cb0f3c921909d,CORE CFIHOS V2.0 CSV/CFIHOS CORE tag class equipment class relationship v2.0.csv,413,source_reference_record,source_reference_record_unreviewed
CFIHOS-30000581,hydro cyclone,CFIHOS-30000581,hydro cyclone,,real,True,sha256:a69b98012d9e4a46495a3aed48eef8ce75a69d001eaa28b4c38cb0f3c921909d,CORE CFIHOS V2.0 CSV/CFIHOS CORE tag class equipment class relationship v2.0.csv,414,source_reference_record,source_reference_record_unreviewed
CFIHOS-30000094,ignitor,CFIHOS-30000094,ignitor,,real,True,sha256:a69b98012d9e4a46495a3aed48eef8ce75a69d001eaa28b4c38cb0f3c921909d,CORE CFIHOS V2.0 CSV/CFIHOS CORE tag class equipment class relationship v2.0.csv,415,source_reference_record,source_reference_record_unreviewed
CFIHOS-30000391,incinerator,CFIHOS-30000391,incinerator,,real,True,sha256:a69b98012d9e4a46495a3aed48eef8ce75a69d001eaa28b4c38cb0f3c921909d,CORE CFIHOS V2.0 CSV/CFIHOS CORE tag class equipment class relationship v2.0.csv,416,source_reference_record,source_reference_record_unreviewed
CFIHOS-30000292,indicating instrument,CFIHOS-30000292,indicating instrument,,real,True,sha256:a69b98012d9e4a46495a3aed48eef8ce75a69d001eaa28b4c38cb0f3c921909d,CORE CFIHOS V2.0 CSV/CFIHOS CORE tag class equipment class relationship v2.0.csv,417,source_reference_record,source_reference_record_unreviewed
CFIHOS-30000096,industrial building,CFIHOS-30000096,industrial building,,real,True,sha256:a69b98012d9e4a46495a3aed48eef8ce75a69d001eaa28b4c38cb0f3c921909d,CORE CFIHOS V2.0 CSV/CFIHOS CORE tag class equipment class relationship v2.0.csv,418,source_reference_record,source_reference_record_unreviewed
CFIHOS-30000621,injection point,CFIHOS-30000496,pipe,,real,True,sha256:a69b98012d9e4a46495a3aed48eef8ce75a69d001eaa28b4c38cb0f3c921909d,CORE CFIHOS V2.0 CSV/CFIHOS CORE tag class equipment class relationship v2.0.csv,419,source_reference_record,source_reference_record_unreviewed
CFIHOS-30000100,intercom,CFIHOS-30000100,intercom,,real,True,sha256:a69b98012d9e4a46495a3aed48eef8ce75a69d001eaa28b4c38cb0f3c921909d,CORE CFIHOS V2.0 CSV/CFIHOS CORE tag class equipment class relationship v2.0.csv,420,source_reference_record,source_reference_record_unreviewed
CFIHOS-30000943,interface card,CFIHOS-30000943,interface card,,real,True,sha256:a69b98012d9e4a46495a3aed48eef8ce75a69d001eaa28b4c38cb0f3c921909d,CORE CFIHOS V2.0 CSV/CFIHOS CORE tag class equipment class relationship v2.0.csv,421,source_reference_record,source_reference_record_unreviewed
CFIHOS-30000351,interlocking device,CFIHOS-30000351,interlocking device,,real,True,sha256:a69b98012d9e4a46495a3aed48eef8ce75a69d001eaa28b4c38cb0f3c921909d,CORE CFIHOS V2.0 CSV/CFIHOS CORE tag class equipment class relationship v2.0.csv,422,source_reference_record,source_reference_record_unreviewed
CFIHOS-30000897,intrinsically safe barrier,CFIHOS-30000727,electrical isolator,,real,True,sha256:a69b98012d9e4a46495a3aed48eef8ce75a69d001eaa28b4c38cb0f3c921909d,CORE CFIHOS V2.0 CSV/CFIHOS CORE tag class equipment class relationship v2.0.csv,423,source_reference_record,source_reference_record_unreviewed
CFIHOS-30000680,iron roughneck,CFIHOS-30000680,iron roughneck,,real,True,sha256:a69b98012d9e4a46495a3aed48eef8ce75a69d001eaa28b4c38cb0f3c921909d,CORE CFIHOS V2.0 CSV/CFIHOS CORE tag class equipment class relationship v2.0.csv,424,source_reference_record,source_reference_record_unreviewed
CFIHOS-30000352,isolator,CFIHOS-30000352,isolator,,real,True,sha256:a69b98012d9e4a46495a3aed48eef8ce75a69d001eaa28b4c38cb0f3c921909d,CORE CFIHOS V2.0 CSV/CFIHOS CORE tag class equipment class relationship v2.0.csv,425,source_reference_record,source_reference_record_unreviewed
CFIHOS-30000708,jacket structure,CFIHOS-30000708,jacket structure,,real,True,sha256:a69b98012d9e4a46495a3aed48eef8ce75a69d001eaa28b4c38cb0f3c921909d,CORE CFIHOS V2.0 CSV/CFIHOS CORE tag class equipment class relationship v2.0.csv,426,source_reference_record,source_reference_record_unreviewed
CFIHOS-30000111,jetty,CFIHOS-30000111,jetty,,real,True,sha256:a69b98012d9e4a46495a3aed48eef8ce75a69d001eaa28b4c38cb0f3c921909d,CORE CFIHOS V2.0 CSV/CFIHOS CORE tag class equipment class relationship v2.0.csv,427,source_reference_record,source_reference_record_unreviewed
CFIHOS-30000353,junction box,CFIHOS-30000353,junction box,,real,True,sha256:a69b98012d9e4a46495a3aed48eef8ce75a69d001eaa28b4c38cb0f3c921909d,CORE CFIHOS V2.0 CSV/CFIHOS CORE tag class equipment class relationship v2.0.csv,428,source_reference_record,source_reference_record_unreviewed
CFIHOS-30000756,kettle reboiler,CFIHOS-30000756,kettle reboiler,,real,True,sha256:a69b98012d9e4a46495a3aed48eef8ce75a69d001eaa28b4c38cb0f3c921909d,CORE CFIHOS V2.0 CSV/CFIHOS CORE tag class equipment class relationship v2.0.csv,429,source_reference_record,source_reference_record_unreviewed
CFIHOS-30000435,keyboard,CFIHOS-30000435,keyboard,,real,True,sha256:a69b98012d9e4a46495a3aed48eef8ce75a69d001eaa28b4c38cb0f3c921909d,CORE CFIHOS V2.0 CSV/CFIHOS CORE tag class equipment class relationship v2.0.csv,430,source_reference_record,source_reference_record_unreviewed
CFIHOS-30000697,knock out drum,CFIHOS-30000697,knock out drum,,real,True,sha256:a69b98012d9e4a46495a3aed48eef8ce75a69d001eaa28b4c38cb0f3c921909d,CORE CFIHOS V2.0 CSV/CFIHOS CORE tag class equipment class relationship v2.0.csv,431,source_reference_record,source_reference_record_unreviewed
CFIHOS-30000582,ladder,CFIHOS-30000582,ladder,,real,True,sha256:a69b98012d9e4a46495a3aed48eef8ce75a69d001eaa28b4c38cb0f3c921909d,CORE CFIHOS V2.0 CSV/CFIHOS CORE tag class equipment class relationship v2.0.csv,432,source_reference_record,source_reference_record_unreviewed
CFIHOS-30000978,lagging,CFIHOS-30000978,lagging,,real,True,sha256:a69b98012d9e4a46495a3aed48eef8ce75a69d001eaa28b4c38cb0f3c921909d,CORE CFIHOS V2.0 CSV/CFIHOS CORE tag class equipment class relationship v2.0.csv,433,source_reference_record,source_reference_record_unreviewed
CFIHOS-30000354,lamp,CFIHOS-30000354,lamp,,real,True,sha256:a69b98012d9e4a46495a3aed48eef8ce75a69d001eaa28b4c38cb0f3c921909d,CORE CFIHOS V2.0 CSV/CFIHOS CORE tag class equipment class relationship v2.0.csv,434,source_reference_record,source_reference_record_unreviewed
CFIHOS-30000112,lathe,CFIHOS-30000112,lathe,,real,True,sha256:a69b98012d9e4a46495a3aed48eef8ce75a69d001eaa28b4c38cb0f3c921909d,CORE CFIHOS V2.0 CSV/CFIHOS CORE tag class equipment class relationship v2.0.csv,435,source_reference_record,source_reference_record_unreviewed
CFIHOS-30000979,lead glass window,CFIHOS-30000979,lead glass window,,real,True,sha256:a69b98012d9e4a46495a3aed48eef8ce75a69d001eaa28b4c38cb0f3c921909d,CORE CFIHOS V2.0 CSV/CFIHOS CORE tag class equipment class relationship v2.0.csv,436,source_reference_record,source_reference_record_unreviewed
CFIHOS-30000980,leakage collection system,CFIHOS-30000980,leakage collection system,,real,True,sha256:a69b98012d9e4a46495a3aed48eef8ce75a69d001eaa28b4c38cb0f3c921909d,CORE CFIHOS V2.0 CSV/CFIHOS CORE tag class equipment class relationship v2.0.csv,437,source_reference_record,source_reference_record_unreviewed
CFIHOS-30000672,level element,CFIHOS-30000400,capacitance probe,,real,True,sha256:a69b98012d9e4a46495a3aed48eef8ce75a69d001eaa28b4c38cb0f3c921909d,CORE CFIHOS V2.0 CSV/CFIHOS CORE tag class equipment class relationship v2.0.csv,438,source_reference_record,source_reference_record_unreviewed
CFIHOS-30000672,level element,CFIHOS-30000200,radar level element,,real,True,sha256:a69b98012d9e4a46495a3aed48eef8ce75a69d001eaa28b4c38cb0f3c921909d,CORE CFIHOS V2.0 CSV/CFIHOS CORE tag class equipment class relationship v2.0.csv,439,source_reference_record,source_reference_record_unreviewed
CFIHOS-30000672,level element,CFIHOS-30000266,ultrasonic level element,,real,True,sha256:a69b98012d9e4a46495a3aed48eef8ce75a69d001eaa28b4c38cb0f3c921909d,CORE CFIHOS V2.0 CSV/CFIHOS CORE tag class equipment class relationship v2.0.csv,440,source_reference_record,source_reference_record_unreviewed
CFIHOS-30000687,level gauge,CFIHOS-30000437,magnetic level gauge,,real,True,sha256:a69b98012d9e4a46495a3aed48eef8ce75a69d001eaa28b4c38cb0f3c921909d,CORE CFIHOS V2.0 CSV/CFIHOS CORE tag class equipment class relationship v2.0.csv,441,source_reference_record,source_reference_record_unreviewed
CFIHOS-30000687,level gauge,CFIHOS-30000468,servo tank gauge,,real,True,sha256:a69b98012d9e4a46495a3aed48eef8ce75a69d001eaa28b4c38cb0f3c921909d,CORE CFIHOS V2.0 CSV/CFIHOS CORE tag class equipment class relationship v2.0.csv,442,source_reference_record,source_reference_record_unreviewed
CFIHOS-30000677,level switch,CFIHOS-30000677,level switch,,real,True,sha256:a69b98012d9e4a46495a3aed48eef8ce75a69d001eaa28b4c38cb0f3c921909d,CORE CFIHOS V2.0 CSV/CFIHOS CORE tag class equipment class relationship v2.0.csv,443,source_reference_record,source_reference_record_unreviewed
CFIHOS-30000646,level transmitter,CFIHOS-30000010,capacitance level transmitter,,real,True,sha256:a69b98012d9e4a46495a3aed48eef8ce75a69d001eaa28b4c38cb0f3c921909d,CORE CFIHOS V2.0 CSV/CFIHOS CORE tag class equipment class relationship v2.0.csv,444,source_reference_record,source_reference_record_unreviewed
CFIHOS-30000646,level transmitter,CFIHOS-30000404,conductivity level transmitter,,real,True,sha256:a69b98012d9e4a46495a3aed48eef8ce75a69d001eaa28b4c38cb0f3c921909d,CORE CFIHOS V2.0 CSV/CFIHOS CORE tag class equipment class relationship v2.0.csv,445,source_reference_record,source_reference_record_unreviewed
CFIHOS-30000646,level transmitter,CFIHOS-30000416,differential pressure level transmitter,,real,True,sha256:a69b98012d9e4a46495a3aed48eef8ce75a69d001eaa28b4c38cb0f3c921909d,CORE CFIHOS V2.0 CSV/CFIHOS CORE tag class equipment class relationship v2.0.csv,446,source_reference_record,source_reference_record_unreviewed
CFIHOS-30000646,level transmitter,CFIHOS-30000034,displacer level transmitter,,real,True,sha256:a69b98012d9e4a46495a3aed48eef8ce75a69d001eaa28b4c38cb0f3c921909d,CORE CFIHOS V2.0 CSV/CFIHOS CORE tag class equipment class relationship v2.0.csv,447,source_reference_record,source_reference_record_unreviewed
CFIHOS-30000646,level transmitter,CFIHOS-30000126,magnetic level transmitter,,real,True,sha256:a69b98012d9e4a46495a3aed48eef8ce75a69d001eaa28b4c38cb0f3c921909d,CORE CFIHOS V2.0 CSV/CFIHOS CORE tag class equipment class relationship v2.0.csv,448,source_reference_record,source_reference_record_unreviewed
CFIHOS-30000646,level transmitter,CFIHOS-30000853,nucleonic level transmitter,,real,True,sha256:a69b98012d9e4a46495a3aed48eef8ce75a69d001eaa28b4c38cb0f3c921909d,CORE CFIHOS V2.0 CSV/CFIHOS CORE tag class equipment class relationship v2.0.csv,449,source_reference_record,source_reference_record_unreviewed
CFIHOS-30000646,level transmitter,CFIHOS-30000460,radar level transmitter,,real,True,sha256:a69b98012d9e4a46495a3aed48eef8ce75a69d001eaa28b4c38cb0f3c921909d,CORE CFIHOS V2.0 CSV/CFIHOS CORE tag class equipment class relationship v2.0.csv,450,source_reference_record,source_reference_record_unreviewed
CFIHOS-30000646,level transmitter,CFIHOS-30000461,radioactive level transmitter,,real,True,sha256:a69b98012d9e4a46495a3aed48eef8ce75a69d001eaa28b4c38cb0f3c921909d,CORE CFIHOS V2.0 CSV/CFIHOS CORE tag class equipment class relationship v2.0.csv,451,source_reference_record,source_reference_record_unreviewed
CFIHOS-30000646,level transmitter,CFIHOS-30000484,ultrasonic level transmitter,,real,True,sha256:a69b98012d9e4a46495a3aed48eef8ce75a69d001eaa28b4c38cb0f3c921909d,CORE CFIHOS V2.0 CSV/CFIHOS CORE tag class equipment class relationship v2.0.csv,452,source_reference_record,source_reference_record_unreviewed
CFIHOS-30000601,life boat,CFIHOS-30000601,life boat,,real,True,sha256:a69b98012d9e4a46495a3aed48eef8ce75a69d001eaa28b4c38cb0f3c921909d,CORE CFIHOS V2.0 CSV/CFIHOS CORE tag class equipment class relationship v2.0.csv,453,source_reference_record,source_reference_record_unreviewed
CFIHOS-30000114,life buoy,CFIHOS-30000114,life buoy,,real,True,sha256:a69b98012d9e4a46495a3aed48eef8ce75a69d001eaa28b4c38cb0f3c921909d,CORE CFIHOS V2.0 CSV/CFIHOS CORE tag class equipment class relationship v2.0.csv,454,source_reference_record,source_reference_record_unreviewed
CFIHOS-30000115,life buoy light,CFIHOS-30000115,life buoy light,,real,True,sha256:a69b98012d9e4a46495a3aed48eef8ce75a69d001eaa28b4c38cb0f3c921909d,CORE CFIHOS V2.0 CSV/CFIHOS CORE tag class equipment class relationship v2.0.csv,455,source_reference_record,source_reference_record_unreviewed
CFIHOS-30000899,life jacket,CFIHOS-30000899,life jacket,,real,True,sha256:a69b98012d9e4a46495a3aed48eef8ce75a69d001eaa28b4c38cb0f3c921909d,CORE CFIHOS V2.0 CSV/CFIHOS CORE tag class equipment class relationship v2.0.csv,456,source_reference_record,source_reference_record_unreviewed
CFIHOS-30000116,life raft,CFIHOS-30000116,life raft,,real,True,sha256:a69b98012d9e4a46495a3aed48eef8ce75a69d001eaa28b4c38cb0f3c921909d,CORE CFIHOS V2.0 CSV/CFIHOS CORE tag class equipment class relationship v2.0.csv,457,source_reference_record,source_reference_record_unreviewed
CFIHOS-30000117,lifting beam,CFIHOS-30000117,lifting beam,,real,True,sha256:a69b98012d9e4a46495a3aed48eef8ce75a69d001eaa28b4c38cb0f3c921909d,CORE CFIHOS V2.0 CSV/CFIHOS CORE tag class equipment class relationship v2.0.csv,458,source_reference_record,source_reference_record_unreviewed
CFIHOS-30000118,lifting cap,CFIHOS-30000118,lifting cap,,real,True,sha256:a69b98012d9e4a46495a3aed48eef8ce75a69d001eaa28b4c38cb0f3c921909d,CORE CFIHOS V2.0 CSV/CFIHOS CORE tag class equipment class relationship v2.0.csv,459,source_reference_record,source_reference_record_unreviewed
CFIHOS-30000622,lifting jack,CFIHOS-30000622,lifting jack,,real,True,sha256:a69b98012d9e4a46495a3aed48eef8ce75a69d001eaa28b4c38cb0f3c921909d,CORE CFIHOS V2.0 CSV/CFIHOS CORE tag class equipment class relationship v2.0.csv,460,source_reference_record,source_reference_record_unreviewed
CFIHOS-30000584,lifting lug,CFIHOS-30000584,lifting lug,,real,True,sha256:a69b98012d9e4a46495a3aed48eef8ce75a69d001eaa28b4c38cb0f3c921909d,CORE CFIHOS V2.0 CSV/CFIHOS CORE tag class equipment class relationship v2.0.csv,461,source_reference_record,source_reference_record_unreviewed
CFIHOS-30000944,lightning arrestor,CFIHOS-30000944,lightning arrestor,,real,True,sha256:a69b98012d9e4a46495a3aed48eef8ce75a69d001eaa28b4c38cb0f3c921909d,CORE CFIHOS V2.0 CSV/CFIHOS CORE tag class equipment class relationship v2.0.csv,462,source_reference_record,source_reference_record_unreviewed
CFIHOS-30000119,line blind,CFIHOS-30000119,line blind,,real,True,sha256:a69b98012d9e4a46495a3aed48eef8ce75a69d001eaa28b4c38cb0f3c921909d,CORE CFIHOS V2.0 CSV/CFIHOS CORE tag class equipment class relationship v2.0.csv,463,source_reference_record,source_reference_record_unreviewed
CFIHOS-30000900,line throwing appliance,CFIHOS-30000900,line throwing appliance,,real,True,sha256:a69b98012d9e4a46495a3aed48eef8ce75a69d001eaa28b4c38cb0f3c921909d,CORE CFIHOS V2.0 CSV/CFIHOS CORE tag class equipment class relationship v2.0.csv,464,source_reference_record,source_reference_record_unreviewed
CFIHOS-30000844,linear polarization resistance element,CFIHOS-30000844,linear polarization resistance element,,real,True,sha256:a69b98012d9e4a46495a3aed48eef8ce75a69d001eaa28b4c38cb0f3c921909d,CORE CFIHOS V2.0 CSV/CFIHOS CORE tag class equipment class relationship v2.0.csv,465,source_reference_record,source_reference_record_unreviewed
CFIHOS-30000981,lintel,CFIHOS-30000981,lintel,,real,True,sha256:a69b98012d9e4a46495a3aed48eef8ce75a69d001eaa28b4c38cb0f3c921909d,CORE CFIHOS V2.0 CSV/CFIHOS CORE tag class equipment class relationship v2.0.csv,466,source_reference_record,source_reference_record_unreviewed
CFIHOS-30000120,liquid composition analyser,CFIHOS-30000120,liquid composition analyser,,real,True,sha256:a69b98012d9e4a46495a3aed48eef8ce75a69d001eaa28b4c38cb0f3c921909d,CORE CFIHOS V2.0 CSV/CFIHOS CORE tag class equipment class relationship v2.0.csv,467,source_reference_record,source_reference_record_unreviewed
CFIHOS-30000121,liquid detector,CFIHOS-30000121,liquid detector,,real,True,sha256:a69b98012d9e4a46495a3aed48eef8ce75a69d001eaa28b4c38cb0f3c921909d,CORE CFIHOS V2.0 CSV/CFIHOS CORE tag class equipment class relationship v2.0.csv,468,source_reference_record,source_reference_record_unreviewed
CFIHOS-30000123,load cell,CFIHOS-30000123,load cell,,real,True,sha256:a69b98012d9e4a46495a3aed48eef8ce75a69d001eaa28b4c38cb0f3c921909d,CORE CFIHOS V2.0 CSV/CFIHOS CORE tag class equipment class relationship v2.0.csv,469,source_reference_record,source_reference_record_unreviewed
CFIHOS-30000602,loading arm,CFIHOS-30000602,loading arm,,real,True,sha256:a69b98012d9e4a46495a3aed48eef8ce75a69d001eaa28b4c38cb0f3c921909d,CORE CFIHOS V2.0 CSV/CFIHOS CORE tag class equipment class relationship v2.0.csv,470,source_reference_record,source_reference_record_unreviewed
CFIHOS-30000982,local access equipment,CFIHOS-30000982,local access equipment,,real,True,sha256:a69b98012d9e4a46495a3aed48eef8ce75a69d001eaa28b4c38cb0f3c921909d,CORE CFIHOS V2.0 CSV/CFIHOS CORE tag class equipment class relationship v2.0.csv,471,source_reference_record,source_reference_record_unreviewed
CFIHOS-30000124,logic cap,CFIHOS-30000124,logic cap,,real,True,sha256:a69b98012d9e4a46495a3aed48eef8ce75a69d001eaa28b4c38cb0f3c921909d,CORE CFIHOS V2.0 CSV/CFIHOS CORE tag class equipment class relationship v2.0.csv,472,source_reference_record,source_reference_record_unreviewed
CFIHOS-30001020,long-stroke pumpjack,CFIHOS-30001020,long-stroke pumpjack,Required by owner-operators,real,True,sha256:a69b98012d9e4a46495a3aed48eef8ce75a69d001eaa28b4c38cb0f3c921909d,CORE CFIHOS V2.0 CSV/CFIHOS CORE tag class equipment class relationship v2.0.csv,473,source_reference_record,source_reference_record_unreviewed
CFIHOS-30000436,loudspeaker,CFIHOS-30000436,loudspeaker,,real,True,sha256:a69b98012d9e4a46495a3aed48eef8ce75a69d001eaa28b4c38cb0f3c921909d,CORE CFIHOS V2.0 CSV/CFIHOS CORE tag class equipment class relationship v2.0.csv,474,source_reference_record,source_reference_record_unreviewed
CFIHOS-30000125,louvre,CFIHOS-30000125,louvre,,real,True,sha256:a69b98012d9e4a46495a3aed48eef8ce75a69d001eaa28b4c38cb0f3c921909d,CORE CFIHOS V2.0 CSV/CFIHOS CORE tag class equipment class relationship v2.0.csv,475,source_reference_record,source_reference_record_unreviewed
CFIHOS-30000356,low-pass filter,CFIHOS-30000356,low-pass filter,,real,True,sha256:a69b98012d9e4a46495a3aed48eef8ce75a69d001eaa28b4c38cb0f3c921909d,CORE CFIHOS V2.0 CSV/CFIHOS CORE tag class equipment class relationship v2.0.csv,476,source_reference_record,source_reference_record_unreviewed
CFIHOS-30000541,lubrication system,CFIHOS-30000541,lubrication system,,real,True,sha256:a69b98012d9e4a46495a3aed48eef8ce75a69d001eaa28b4c38cb0f3c921909d,CORE CFIHOS V2.0 CSV/CFIHOS CORE tag class equipment class relationship v2.0.csv,477,source_reference_record,source_reference_record_unreviewed
CFIHOS-30000357,luminaire,CFIHOS-30000357,luminaire,,real,True,sha256:a69b98012d9e4a46495a3aed48eef8ce75a69d001eaa28b4c38cb0f3c921909d,CORE CFIHOS V2.0 CSV/CFIHOS CORE tag class equipment class relationship v2.0.csv,478,source_reference_record,source_reference_record_unreviewed
CFIHOS-30000983,lute sample point,CFIHOS-30000983,lute sample point,,real,True,sha256:a69b98012d9e4a46495a3aed48eef8ce75a69d001eaa28b4c38cb0f3c921909d,CORE CFIHOS V2.0 CSV/CFIHOS CORE tag class equipment class relationship v2.0.csv,479,source_reference_record,source_reference_record_unreviewed
CFIHOS-30000437,magnetic level gauge,CFIHOS-30000437,magnetic level gauge,,real,True,sha256:a69b98012d9e4a46495a3aed48eef8ce75a69d001eaa28b4c38cb0f3c921909d,CORE CFIHOS V2.0 CSV/CFIHOS CORE tag class equipment class relationship v2.0.csv,480,source_reference_record,source_reference_record_unreviewed
CFIHOS-30000126,magnetic level transmitter,CFIHOS-30000126,magnetic level transmitter,,real,True,sha256:a69b98012d9e4a46495a3aed48eef8ce75a69d001eaa28b4c38cb0f3c921909d,CORE CFIHOS V2.0 CSV/CFIHOS CORE tag class equipment class relationship v2.0.csv,481,source_reference_record,source_reference_record_unreviewed
CFIHOS-30000648,manhole,CFIHOS-30000496,pipe,,real,True,sha256:a69b98012d9e4a46495a3aed48eef8ce75a69d001eaa28b4c38cb0f3c921909d,CORE CFIHOS V2.0 CSV/CFIHOS CORE tag class equipment class relationship v2.0.csv,482,source_reference_record,source_reference_record_unreviewed
CFIHOS-30000308,manifold,CFIHOS-30000308,manifold,,real,True,sha256:a69b98012d9e4a46495a3aed48eef8ce75a69d001eaa28b4c38cb0f3c921909d,CORE CFIHOS V2.0 CSV/CFIHOS CORE tag class equipment class relationship v2.0.csv,483,source_reference_record,source_reference_record_unreviewed
CFIHOS-30000127,manual call point,CFIHOS-30000127,manual call point,,real,True,sha256:a69b98012d9e4a46495a3aed48eef8ce75a69d001eaa28b4c38cb0f3c921909d,CORE CFIHOS V2.0 CSV/CFIHOS CORE tag class equipment class relationship v2.0.csv,484,source_reference_record,source_reference_record_unreviewed
CFIHOS-30000128,manual control switch,CFIHOS-30000128,manual control switch,,real,True,sha256:a69b98012d9e4a46495a3aed48eef8ce75a69d001eaa28b4c38cb0f3c921909d,CORE CFIHOS V2.0 CSV/CFIHOS CORE tag class equipment class relationship v2.0.csv,485,source_reference_record,source_reference_record_unreviewed
CFIHOS-30000847,manual switch,CFIHOS-30000847,manual switch,,real,True,sha256:a69b98012d9e4a46495a3aed48eef8ce75a69d001eaa28b4c38cb0f3c921909d,CORE CFIHOS V2.0 CSV/CFIHOS CORE tag class equipment class relationship v2.0.csv,486,source_reference_record,source_reference_record_unreviewed
CFIHOS-30000649,manual valve,CFIHOS-30000807,ball valve,,real,True,sha256:a69b98012d9e4a46495a3aed48eef8ce75a69d001eaa28b4c38cb0f3c921909d,CORE CFIHOS V2.0 CSV/CFIHOS CORE tag class equipment class relationship v2.0.csv,487,source_reference_record,source_reference_record_unreviewed
CFIHOS-30000649,manual valve,CFIHOS-30000808,block and bleed valve,,real,True,sha256:a69b98012d9e4a46495a3aed48eef8ce75a69d001eaa28b4c38cb0f3c921909d,CORE CFIHOS V2.0 CSV/CFIHOS CORE tag class equipment class relationship v2.0.csv,488,source_reference_record,source_reference_record_unreviewed
CFIHOS-30000649,manual valve,CFIHOS-30000810,butterfly valve,,real,True,sha256:a69b98012d9e4a46495a3aed48eef8ce75a69d001eaa28b4c38cb0f3c921909d,CORE CFIHOS V2.0 CSV/CFIHOS CORE tag class equipment class relationship v2.0.csv,489,source_reference_record,source_reference_record_unreviewed
CFIHOS-30000649,manual valve,CFIHOS-30000812,choke valve,,real,True,sha256:a69b98012d9e4a46495a3aed48eef8ce75a69d001eaa28b4c38cb0f3c921909d,CORE CFIHOS V2.0 CSV/CFIHOS CORE tag class equipment class relationship v2.0.csv,490,source_reference_record,source_reference_record_unreviewed
CFIHOS-30000649,manual valve,CFIHOS-30000818,diaphragm valve,,real,True,sha256:a69b98012d9e4a46495a3aed48eef8ce75a69d001eaa28b4c38cb0f3c921909d,CORE CFIHOS V2.0 CSV/CFIHOS CORE tag class equipment class relationship v2.0.csv,491,source_reference_record,source_reference_record_unreviewed
CFIHOS-30000649,manual valve,CFIHOS-30000822,double block and bleed valve,,real,True,sha256:a69b98012d9e4a46495a3aed48eef8ce75a69d001eaa28b4c38cb0f3c921909d,CORE CFIHOS V2.0 CSV/CFIHOS CORE tag class equipment class relationship v2.0.csv,492,source_reference_record,source_reference_record_unreviewed
CFIHOS-30000649,manual valve,CFIHOS-30000825,eccentric rotating disc valve,,real,True,sha256:a69b98012d9e4a46495a3aed48eef8ce75a69d001eaa28b4c38cb0f3c921909d,CORE CFIHOS V2.0 CSV/CFIHOS CORE tag class equipment class relationship v2.0.csv,493,source_reference_record,source_reference_record_unreviewed
CFIHOS-30000649,manual valve,CFIHOS-30000838,gate valve,,real,True,sha256:a69b98012d9e4a46495a3aed48eef8ce75a69d001eaa28b4c38cb0f3c921909d,CORE CFIHOS V2.0 CSV/CFIHOS CORE tag class equipment class relationship v2.0.csv,494,source_reference_record,source_reference_record_unreviewed
CFIHOS-30000649,manual valve,CFIHOS-30000840,globe valve,,real,True,sha256:a69b98012d9e4a46495a3aed48eef8ce75a69d001eaa28b4c38cb0f3c921909d,CORE CFIHOS V2.0 CSV/CFIHOS CORE tag class equipment class relationship v2.0.csv,495,source_reference_record,source_reference_record_unreviewed
CFIHOS-30000649,manual valve,CFIHOS-30000850,multiport valve,,real,True,sha256:a69b98012d9e4a46495a3aed48eef8ce75a69d001eaa28b4c38cb0f3c921909d,CORE CFIHOS V2.0 CSV/CFIHOS CORE tag class equipment class relationship v2.0.csv,496,source_reference_record,source_reference_record_unreviewed
CFIHOS-30000649,manual valve,CFIHOS-30000852,needle valve,,real,True,sha256:a69b98012d9e4a46495a3aed48eef8ce75a69d001eaa28b4c38cb0f3c921909d,CORE CFIHOS V2.0 CSV/CFIHOS CORE tag class equipment class relationship v2.0.csv,497,source_reference_record,source_reference_record_unreviewed
CFIHOS-30000649,manual valve,CFIHOS-30000860,plug valve,,real,True,sha256:a69b98012d9e4a46495a3aed48eef8ce75a69d001eaa28b4c38cb0f3c921909d,CORE CFIHOS V2.0 CSV/CFIHOS CORE tag class equipment class relationship v2.0.csv,498,source_reference_record,source_reference_record_unreviewed
CFIHOS-30000649,manual valve,CFIHOS-30000866,slide valve,,real,True,sha256:a69b98012d9e4a46495a3aed48eef8ce75a69d001eaa28b4c38cb0f3c921909d,CORE CFIHOS V2.0 CSV/CFIHOS CORE tag class equipment class relationship v2.0.csv,499,source_reference_record,source_reference_record_unreviewed
CFIHOS-30000901,manway,CFIHOS-30000496,pipe,,real,True,sha256:a69b98012d9e4a46495a3aed48eef8ce75a69d001eaa28b4c38cb0f3c921909d,CORE CFIHOS V2.0 CSV/CFIHOS CORE tag class equipment class relationship v2.0.csv,500,source_reference_record,source_reference_record_unreviewed
CFIHOS-30000130,mast,CFIHOS-30000130,mast,,real,True,sha256:a69b98012d9e4a46495a3aed48eef8ce75a69d001eaa28b4c38cb0f3c921909d,CORE CFIHOS V2.0 CSV/CFIHOS CORE tag class equipment class relationship v2.0.csv,501,source_reference_record,source_reference_record_unreviewed
CFIHOS-30000131,mechanical connector,CFIHOS-30000131,mechanical connector,,real,True,sha256:a69b98012d9e4a46495a3aed48eef8ce75a69d001eaa28b4c38cb0f3c921909d,CORE CFIHOS V2.0 CSV/CFIHOS CORE tag class equipment class relationship v2.0.csv,502,source_reference_record,source_reference_record_unreviewed
CFIHOS-30000438,mechanical positioner,CFIHOS-30000438,mechanical positioner,,real,True,sha256:a69b98012d9e4a46495a3aed48eef8ce75a69d001eaa28b4c38cb0f3c921909d,CORE CFIHOS V2.0 CSV/CFIHOS CORE tag class equipment class relationship v2.0.csv,503,source_reference_record,source_reference_record_unreviewed
CFIHOS-30000542,mechanical seal,CFIHOS-30000542,mechanical seal,,real,True,sha256:a69b98012d9e4a46495a3aed48eef8ce75a69d001eaa28b4c38cb0f3c921909d,CORE CFIHOS V2.0 CSV/CFIHOS CORE tag class equipment class relationship v2.0.csv,504,source_reference_record,source_reference_record_unreviewed
CFIHOS-30000903,meteorological equipment,CFIHOS-30000903,meteorological equipment,,real,True,sha256:a69b98012d9e4a46495a3aed48eef8ce75a69d001eaa28b4c38cb0f3c921909d,CORE CFIHOS V2.0 CSV/CFIHOS CORE tag class equipment class relationship v2.0.csv,505,source_reference_record,source_reference_record_unreviewed
CFIHOS-30000945,meteorological sensor,CFIHOS-30000945,meteorological sensor,,real,True,sha256:a69b98012d9e4a46495a3aed48eef8ce75a69d001eaa28b4c38cb0f3c921909d,CORE CFIHOS V2.0 CSV/CFIHOS CORE tag class equipment class relationship v2.0.csv,506,source_reference_record,source_reference_record_unreviewed
CFIHOS-30000132,meter prover,CFIHOS-30000132,meter prover,,real,True,sha256:a69b98012d9e4a46495a3aed48eef8ce75a69d001eaa28b4c38cb0f3c921909d,CORE CFIHOS V2.0 CSV/CFIHOS CORE tag class equipment class relationship v2.0.csv,507,source_reference_record,source_reference_record_unreviewed
CFIHOS-30000904,metering station,CFIHOS-30000904,metering station,,real,True,sha256:a69b98012d9e4a46495a3aed48eef8ce75a69d001eaa28b4c38cb0f3c921909d,CORE CFIHOS V2.0 CSV/CFIHOS CORE tag class equipment class relationship v2.0.csv,508,source_reference_record,source_reference_record_unreviewed
CFIHOS-30000133,microphone,CFIHOS-30000133,microphone,,real,True,sha256:a69b98012d9e4a46495a3aed48eef8ce75a69d001eaa28b4c38cb0f3c921909d,CORE CFIHOS V2.0 CSV/CFIHOS CORE tag class equipment class relationship v2.0.csv,509,source_reference_record,source_reference_record_unreviewed
CFIHOS-30000709,mid-water arch,CFIHOS-30000709,mid-water arch,,real,True,sha256:a69b98012d9e4a46495a3aed48eef8ce75a69d001eaa28b4c38cb0f3c921909d,CORE CFIHOS V2.0 CSV/CFIHOS CORE tag class equipment class relationship v2.0.csv,510,source_reference_record,source_reference_record_unreviewed
CFIHOS-30000984,mobile platform,CFIHOS-30000984,mobile platform,,real,True,sha256:a69b98012d9e4a46495a3aed48eef8ce75a69d001eaa28b4c38cb0f3c921909d,CORE CFIHOS V2.0 CSV/CFIHOS CORE tag class equipment class relationship v2.0.csv,511,source_reference_record,source_reference_record_unreviewed
CFIHOS-30000135,modem,CFIHOS-30000135,modem,,real,True,sha256:a69b98012d9e4a46495a3aed48eef8ce75a69d001eaa28b4c38cb0f3c921909d,CORE CFIHOS V2.0 CSV/CFIHOS CORE tag class equipment class relationship v2.0.csv,512,source_reference_record,source_reference_record_unreviewed
CFIHOS-30000905,modulating damper,CFIHOS-30000905,modulating damper,,real,True,sha256:a69b98012d9e4a46495a3aed48eef8ce75a69d001eaa28b4c38cb0f3c921909d,CORE CFIHOS V2.0 CSV/CFIHOS CORE tag class equipment class relationship v2.0.csv,513,source_reference_record,source_reference_record_unreviewed
CFIHOS-30000623,motor control centre,CFIHOS-30000623,motor control centre,,real,True,sha256:a69b98012d9e4a46495a3aed48eef8ce75a69d001eaa28b4c38cb0f3c921909d,CORE CFIHOS V2.0 CSV/CFIHOS CORE tag class equipment class relationship v2.0.csv,514,source_reference_record,source_reference_record_unreviewed
CFIHOS-30000738,motor operated valve,CFIHOS-30000738,motor operated valve,,real,True,sha256:a69b98012d9e4a46495a3aed48eef8ce75a69d001eaa28b4c38cb0f3c921909d,CORE CFIHOS V2.0 CSV/CFIHOS CORE tag class equipment class relationship v2.0.csv,515,source_reference_record,source_reference_record_unreviewed
CFIHOS-30000136,mounting bracket,CFIHOS-30000136,mounting bracket,,real,True,sha256:a69b98012d9e4a46495a3aed48eef8ce75a69d001eaa28b4c38cb0f3c921909d,CORE CFIHOS V2.0 CSV/CFIHOS CORE tag class equipment class relationship v2.0.csv,516,source_reference_record,source_reference_record_unreviewed
CFIHOS-30000137,multi property analyser,CFIHOS-30000137,multi property analyser,,real,True,sha256:a69b98012d9e4a46495a3aed48eef8ce75a69d001eaa28b4c38cb0f3c921909d,CORE CFIHOS V2.0 CSV/CFIHOS CORE tag class equipment class relationship v2.0.csv,517,source_reference_record,source_reference_record_unreviewed
CFIHOS-30000688,multiphase meter,CFIHOS-30000688,multiphase meter,,real,True,sha256:a69b98012d9e4a46495a3aed48eef8ce75a69d001eaa28b4c38cb0f3c921909d,CORE CFIHOS V2.0 CSV/CFIHOS CORE tag class equipment class relationship v2.0.csv,518,source_reference_record,source_reference_record_unreviewed
CFIHOS-30000848,multiple orifice on-off valve,CFIHOS-30000848,multiple orifice on-off valve,,real,True,sha256:a69b98012d9e4a46495a3aed48eef8ce75a69d001eaa28b4c38cb0f3c921909d,CORE CFIHOS V2.0 CSV/CFIHOS CORE tag class equipment class relationship v2.0.csv,519,source_reference_record,source_reference_record_unreviewed
CFIHOS-30000138,multiplexer,CFIHOS-30000138,multiplexer,,real,True,sha256:a69b98012d9e4a46495a3aed48eef8ce75a69d001eaa28b4c38cb0f3c921909d,CORE CFIHOS V2.0 CSV/CFIHOS CORE tag class equipment class relationship v2.0.csv,520,source_reference_record,source_reference_record_unreviewed
CFIHOS-30000849,multiport on-off valve,CFIHOS-30000849,multiport on-off valve,,real,True,sha256:a69b98012d9e4a46495a3aed48eef8ce75a69d001eaa28b4c38cb0f3c921909d,CORE CFIHOS V2.0 CSV/CFIHOS CORE tag class equipment class relationship v2.0.csv,521,source_reference_record,source_reference_record_unreviewed
CFIHOS-30000850,multiport valve,CFIHOS-30000850,multiport valve,,real,True,sha256:a69b98012d9e4a46495a3aed48eef8ce75a69d001eaa28b4c38cb0f3c921909d,CORE CFIHOS V2.0 CSV/CFIHOS CORE tag class equipment class relationship v2.0.csv,522,source_reference_record,source_reference_record_unreviewed
CFIHOS-30000851,needle control valve,CFIHOS-30000851,needle control valve,,real,True,sha256:a69b98012d9e4a46495a3aed48eef8ce75a69d001eaa28b4c38cb0f3c921909d,CORE CFIHOS V2.0 CSV/CFIHOS CORE tag class equipment class relationship v2.0.csv,523,source_reference_record,source_reference_record_unreviewed
CFIHOS-30000852,needle valve,CFIHOS-30000852,needle valve,,real,True,sha256:a69b98012d9e4a46495a3aed48eef8ce75a69d001eaa28b4c38cb0f3c921909d,CORE CFIHOS V2.0 CSV/CFIHOS CORE tag class equipment class relationship v2.0.csv,524,source_reference_record,source_reference_record_unreviewed
CFIHOS-30000139,net oil computer,CFIHOS-30000139,net oil computer,,real,True,sha256:a69b98012d9e4a46495a3aed48eef8ce75a69d001eaa28b4c38cb0f3c921909d,CORE CFIHOS V2.0 CSV/CFIHOS CORE tag class equipment class relationship v2.0.csv,525,source_reference_record,source_reference_record_unreviewed
CFIHOS-30000650,non-return damper,CFIHOS-30000650,non-return damper,,real,True,sha256:a69b98012d9e4a46495a3aed48eef8ce75a69d001eaa28b4c38cb0f3c921909d,CORE CFIHOS V2.0 CSV/CFIHOS CORE tag class equipment class relationship v2.0.csv,526,source_reference_record,source_reference_record_unreviewed
CFIHOS-30000853,nucleonic level transmitter,CFIHOS-30000853,nucleonic level transmitter,,real,True,sha256:a69b98012d9e4a46495a3aed48eef8ce75a69d001eaa28b4c38cb0f3c921909d,CORE CFIHOS V2.0 CSV/CFIHOS CORE tag class equipment class relationship v2.0.csv,527,source_reference_record,source_reference_record_unreviewed
CFIHOS-30000163,office building,CFIHOS-30000163,office building,,real,True,sha256:a69b98012d9e4a46495a3aed48eef8ce75a69d001eaa28b4c38cb0f3c921909d,CORE CFIHOS V2.0 CSV/CFIHOS CORE tag class equipment class relationship v2.0.csv,528,source_reference_record,source_reference_record_unreviewed
CFIHOS-30000854,oil circuit-breaker,CFIHOS-30000854,oil circuit-breaker,,real,True,sha256:a69b98012d9e4a46495a3aed48eef8ce75a69d001eaa28b4c38cb0f3c921909d,CORE CFIHOS V2.0 CSV/CFIHOS CORE tag class equipment class relationship v2.0.csv,529,source_reference_record,source_reference_record_unreviewed
CFIHOS-30000689,oil mist detector,CFIHOS-30000689,oil mist detector,,real,True,sha256:a69b98012d9e4a46495a3aed48eef8ce75a69d001eaa28b4c38cb0f3c921909d,CORE CFIHOS V2.0 CSV/CFIHOS CORE tag class equipment class relationship v2.0.csv,530,source_reference_record,source_reference_record_unreviewed
CFIHOS-30000164,optical beacon,CFIHOS-30000164,optical beacon,,real,True,sha256:a69b98012d9e4a46495a3aed48eef8ce75a69d001eaa28b4c38cb0f3c921909d,CORE CFIHOS V2.0 CSV/CFIHOS CORE tag class equipment class relationship v2.0.csv,531,source_reference_record,source_reference_record_unreviewed
CFIHOS-30000165,overhead projector,CFIHOS-30000165,overhead projector,,real,True,sha256:a69b98012d9e4a46495a3aed48eef8ce75a69d001eaa28b4c38cb0f3c921909d,CORE CFIHOS V2.0 CSV/CFIHOS CORE tag class equipment class relationship v2.0.csv,532,source_reference_record,source_reference_record_unreviewed
CFIHOS-30000166,overhead runway beam,CFIHOS-30000166,overhead runway beam,,real,True,sha256:a69b98012d9e4a46495a3aed48eef8ce75a69d001eaa28b4c38cb0f3c921909d,CORE CFIHOS V2.0 CSV/CFIHOS CORE tag class equipment class relationship v2.0.csv,533,source_reference_record,source_reference_record_unreviewed
CFIHOS-30000855,oxidation reduction potential element,CFIHOS-30000855,oxidation reduction potential element,,real,True,sha256:a69b98012d9e4a46495a3aed48eef8ce75a69d001eaa28b4c38cb0f3c921909d,CORE CFIHOS V2.0 CSV/CFIHOS CORE tag class equipment class relationship v2.0.csv,534,source_reference_record,source_reference_record_unreviewed
CFIHOS-30000168,package,CFIHOS-30000168,package,,real,True,sha256:a69b98012d9e4a46495a3aed48eef8ce75a69d001eaa28b4c38cb0f3c921909d,CORE CFIHOS V2.0 CSV/CFIHOS CORE tag class equipment class relationship v2.0.csv,535,source_reference_record,source_reference_record_unreviewed
CFIHOS-30000169,padeye,CFIHOS-30000169,padeye,,real,True,sha256:a69b98012d9e4a46495a3aed48eef8ce75a69d001eaa28b4c38cb0f3c921909d,CORE CFIHOS V2.0 CSV/CFIHOS CORE tag class equipment class relationship v2.0.csv,536,source_reference_record,source_reference_record_unreviewed
CFIHOS-30000170,pager,CFIHOS-30000170,pager,,real,True,sha256:a69b98012d9e4a46495a3aed48eef8ce75a69d001eaa28b4c38cb0f3c921909d,CORE CFIHOS V2.0 CSV/CFIHOS CORE tag class equipment class relationship v2.0.csv,537,source_reference_record,source_reference_record_unreviewed
CFIHOS-30000171,paging system,CFIHOS-30000171,paging system,,real,True,sha256:a69b98012d9e4a46495a3aed48eef8ce75a69d001eaa28b4c38cb0f3c921909d,CORE CFIHOS V2.0 CSV/CFIHOS CORE tag class equipment class relationship v2.0.csv,538,source_reference_record,source_reference_record_unreviewed
CFIHOS-30000908,pedestal,CFIHOS-30000908,pedestal,,real,True,sha256:a69b98012d9e4a46495a3aed48eef8ce75a69d001eaa28b4c38cb0f3c921909d,CORE CFIHOS V2.0 CSV/CFIHOS CORE tag class equipment class relationship v2.0.csv,539,source_reference_record,source_reference_record_unreviewed
CFIHOS-30000172,personnel basket,CFIHOS-30000172,personnel basket,,real,True,sha256:a69b98012d9e4a46495a3aed48eef8ce75a69d001eaa28b4c38cb0f3c921909d,CORE CFIHOS V2.0 CSV/CFIHOS CORE tag class equipment class relationship v2.0.csv,540,source_reference_record,source_reference_record_unreviewed
CFIHOS-30000544,petrol engine,CFIHOS-30000544,petrol engine,,real,True,sha256:a69b98012d9e4a46495a3aed48eef8ce75a69d001eaa28b4c38cb0f3c921909d,CORE CFIHOS V2.0 CSV/CFIHOS CORE tag class equipment class relationship v2.0.csv,541,source_reference_record,source_reference_record_unreviewed
CFIHOS-30000440,ph analyser,CFIHOS-30000440,ph analyser,,real,True,sha256:a69b98012d9e4a46495a3aed48eef8ce75a69d001eaa28b4c38cb0f3c921909d,CORE CFIHOS V2.0 CSV/CFIHOS CORE tag class equipment class relationship v2.0.csv,542,source_reference_record,source_reference_record_unreviewed
CFIHOS-30000173,pH element,CFIHOS-30000173,pH element,,real,True,sha256:a69b98012d9e4a46495a3aed48eef8ce75a69d001eaa28b4c38cb0f3c921909d,CORE CFIHOS V2.0 CSV/CFIHOS CORE tag class equipment class relationship v2.0.csv,543,source_reference_record,source_reference_record_unreviewed
CFIHOS-30000652,physical access control equipment,CFIHOS-30000652,physical access control equipment,,real,True,sha256:a69b98012d9e4a46495a3aed48eef8ce75a69d001eaa28b4c38cb0f3c921909d,CORE CFIHOS V2.0 CSV/CFIHOS CORE tag class equipment class relationship v2.0.csv,544,source_reference_record,source_reference_record_unreviewed
CFIHOS-30000441,pig detector,CFIHOS-30000441,pig detector,,real,True,sha256:a69b98012d9e4a46495a3aed48eef8ce75a69d001eaa28b4c38cb0f3c921909d,CORE CFIHOS V2.0 CSV/CFIHOS CORE tag class equipment class relationship v2.0.csv,545,source_reference_record,source_reference_record_unreviewed
CFIHOS-30000175,pig launcher,CFIHOS-30000175,pig launcher,,real,True,sha256:a69b98012d9e4a46495a3aed48eef8ce75a69d001eaa28b4c38cb0f3c921909d,CORE CFIHOS V2.0 CSV/CFIHOS CORE tag class equipment class relationship v2.0.csv,546,source_reference_record,source_reference_record_unreviewed
CFIHOS-30000176,pig loop,CFIHOS-30000176,pig loop,,real,True,sha256:a69b98012d9e4a46495a3aed48eef8ce75a69d001eaa28b4c38cb0f3c921909d,CORE CFIHOS V2.0 CSV/CFIHOS CORE tag class equipment class relationship v2.0.csv,547,source_reference_record,source_reference_record_unreviewed
CFIHOS-30000177,pig receiver,CFIHOS-30000177,pig receiver,,real,True,sha256:a69b98012d9e4a46495a3aed48eef8ce75a69d001eaa28b4c38cb0f3c921909d,CORE CFIHOS V2.0 CSV/CFIHOS CORE tag class equipment class relationship v2.0.csv,548,source_reference_record,source_reference_record_unreviewed
CFIHOS-30000178,pig transmitter,CFIHOS-30000178,pig transmitter,,real,True,sha256:a69b98012d9e4a46495a3aed48eef8ce75a69d001eaa28b4c38cb0f3c921909d,CORE CFIHOS V2.0 CSV/CFIHOS CORE tag class equipment class relationship v2.0.csv,549,source_reference_record,source_reference_record_unreviewed
CFIHOS-30000179,pig trap,CFIHOS-30000179,pig trap,,real,True,sha256:a69b98012d9e4a46495a3aed48eef8ce75a69d001eaa28b4c38cb0f3c921909d,CORE CFIHOS V2.0 CSV/CFIHOS CORE tag class equipment class relationship v2.0.csv,550,source_reference_record,source_reference_record_unreviewed
CFIHOS-30001022,piling,CFIHOS-30001022,piling,Required by owner-operators,real,True,sha256:a69b98012d9e4a46495a3aed48eef8ce75a69d001eaa28b4c38cb0f3c921909d,CORE CFIHOS V2.0 CSV/CFIHOS CORE tag class equipment class relationship v2.0.csv,551,source_reference_record,source_reference_record_unreviewed
CFIHOS-30000856,pilot operated relief valve,CFIHOS-30000856,pilot operated relief valve,,real,True,sha256:a69b98012d9e4a46495a3aed48eef8ce75a69d001eaa28b4c38cb0f3c921909d,CORE CFIHOS V2.0 CSV/CFIHOS CORE tag class equipment class relationship v2.0.csv,552,source_reference_record,source_reference_record_unreviewed
CFIHOS-30001023,pin-actuated pressure relief valve,CFIHOS-30001023,pin-actuated pressure relief valve,Required by owner-operators,real,True,sha256:a69b98012d9e4a46495a3aed48eef8ce75a69d001eaa28b4c38cb0f3c921909d,CORE CFIHOS V2.0 CSV/CFIHOS CORE tag class equipment class relationship v2.0.csv,553,source_reference_record,source_reference_record_unreviewed
CFIHOS-30001014,pinch control valve,CFIHOS-30001014,pinch control valve,Required by owner-operators,real,True,sha256:a69b98012d9e4a46495a3aed48eef8ce75a69d001eaa28b4c38cb0f3c921909d,CORE CFIHOS V2.0 CSV/CFIHOS CORE tag class equipment class relationship v2.0.csv,554,source_reference_record,source_reference_record_unreviewed
CFIHOS-30001021,pinch valve,CFIHOS-30001021,pinch valve,Required by owner-operators,real,True,sha256:a69b98012d9e4a46495a3aed48eef8ce75a69d001eaa28b4c38cb0f3c921909d,CORE CFIHOS V2.0 CSV/CFIHOS CORE tag class equipment class relationship v2.0.csv,555,source_reference_record,source_reference_record_unreviewed
CFIHOS-30000496,pipe,CFIHOS-30000496,pipe,,real,True,sha256:a69b98012d9e4a46495a3aed48eef8ce75a69d001eaa28b4c38cb0f3c921909d,CORE CFIHOS V2.0 CSV/CFIHOS CORE tag class equipment class relationship v2.0.csv,556,source_reference_record,source_reference_record_unreviewed
CFIHOS-30000497,pipe bend,CFIHOS-30000497,pipe bend,,real,True,sha256:a69b98012d9e4a46495a3aed48eef8ce75a69d001eaa28b4c38cb0f3c921909d,CORE CFIHOS V2.0 CSV/CFIHOS CORE tag class equipment class relationship v2.0.csv,557,source_reference_record,source_reference_record_unreviewed
CFIHOS-30000180,pipe bending machine,CFIHOS-30000180,pipe bending machine,,real,True,sha256:a69b98012d9e4a46495a3aed48eef8ce75a69d001eaa28b4c38cb0f3c921909d,CORE CFIHOS V2.0 CSV/CFIHOS CORE tag class equipment class relationship v2.0.csv,558,source_reference_record,source_reference_record_unreviewed
CFIHOS-30000670,pipe doping machine,CFIHOS-30000670,pipe doping machine,,real,True,sha256:a69b98012d9e4a46495a3aed48eef8ce75a69d001eaa28b4c38cb0f3c921909d,CORE CFIHOS V2.0 CSV/CFIHOS CORE tag class equipment class relationship v2.0.csv,559,source_reference_record,source_reference_record_unreviewed
CFIHOS-30000498,pipe flange spade,CFIHOS-30000498,pipe flange spade,,real,True,sha256:a69b98012d9e4a46495a3aed48eef8ce75a69d001eaa28b4c38cb0f3c921909d,CORE CFIHOS V2.0 CSV/CFIHOS CORE tag class equipment class relationship v2.0.csv,560,source_reference_record,source_reference_record_unreviewed
CFIHOS-30000585,pipe support,CFIHOS-30000585,pipe support,,real,True,sha256:a69b98012d9e4a46495a3aed48eef8ce75a69d001eaa28b4c38cb0f3c921909d,CORE CFIHOS V2.0 CSV/CFIHOS CORE tag class equipment class relationship v2.0.csv,561,source_reference_record,source_reference_record_unreviewed
CFIHOS-30000499,pipe tee,CFIHOS-30000499,pipe tee,,real,True,sha256:a69b98012d9e4a46495a3aed48eef8ce75a69d001eaa28b4c38cb0f3c921909d,CORE CFIHOS V2.0 CSV/CFIHOS CORE tag class equipment class relationship v2.0.csv,562,source_reference_record,source_reference_record_unreviewed
CFIHOS-30000500,pipeline,CFIHOS-30000500,pipeline,,real,True,sha256:a69b98012d9e4a46495a3aed48eef8ce75a69d001eaa28b4c38cb0f3c921909d,CORE CFIHOS V2.0 CSV/CFIHOS CORE tag class equipment class relationship v2.0.csv,563,source_reference_record,source_reference_record_unreviewed
CFIHOS-30000501,piping expansion bellows,CFIHOS-30000501,piping expansion bellows,,real,True,sha256:a69b98012d9e4a46495a3aed48eef8ce75a69d001eaa28b4c38cb0f3c921909d,CORE CFIHOS V2.0 CSV/CFIHOS CORE tag class equipment class relationship v2.0.csv,564,source_reference_record,source_reference_record_unreviewed
CFIHOS-30000710,piping purge unit,CFIHOS-30000826,electric piping purge unit,,real,True,sha256:a69b98012d9e4a46495a3aed48eef8ce75a69d001eaa28b4c38cb0f3c921909d,CORE CFIHOS V2.0 CSV/CFIHOS CORE tag class equipment class relationship v2.0.csv,565,source_reference_record,source_reference_record_unreviewed
CFIHOS-30000710,piping purge unit,CFIHOS-30000842,hydraulic piping purge unit,,real,True,sha256:a69b98012d9e4a46495a3aed48eef8ce75a69d001eaa28b4c38cb0f3c921909d,CORE CFIHOS V2.0 CSV/CFIHOS CORE tag class equipment class relationship v2.0.csv,566,source_reference_record,source_reference_record_unreviewed
CFIHOS-30000947,piping speciality item,CFIHOS-30000938,casing,,real,True,sha256:a69b98012d9e4a46495a3aed48eef8ce75a69d001eaa28b4c38cb0f3c921909d,CORE CFIHOS V2.0 CSV/CFIHOS CORE tag class equipment class relationship v2.0.csv,567,source_reference_record,source_reference_record_unreviewed
CFIHOS-30000947,piping speciality item,CFIHOS-30000946,pipe reducer,,real,True,sha256:a69b98012d9e4a46495a3aed48eef8ce75a69d001eaa28b4c38cb0f3c921909d,CORE CFIHOS V2.0 CSV/CFIHOS CORE tag class equipment class relationship v2.0.csv,568,source_reference_record,source_reference_record_unreviewed
CFIHOS-30000947,piping speciality item,CFIHOS-30000948,sample bomb,,real,True,sha256:a69b98012d9e4a46495a3aed48eef8ce75a69d001eaa28b4c38cb0f3c921909d,CORE CFIHOS V2.0 CSV/CFIHOS CORE tag class equipment class relationship v2.0.csv,569,source_reference_record,source_reference_record_unreviewed
CFIHOS-30000947,piping speciality item,CFIHOS-30000949,sample cooler,,real,True,sha256:a69b98012d9e4a46495a3aed48eef8ce75a69d001eaa28b4c38cb0f3c921909d,CORE CFIHOS V2.0 CSV/CFIHOS CORE tag class equipment class relationship v2.0.csv,570,source_reference_record,source_reference_record_unreviewed
CFIHOS-30000947,piping speciality item,CFIHOS-30000950,segment,,real,True,sha256:a69b98012d9e4a46495a3aed48eef8ce75a69d001eaa28b4c38cb0f3c921909d,CORE CFIHOS V2.0 CSV/CFIHOS CORE tag class equipment class relationship v2.0.csv,571,source_reference_record,source_reference_record_unreviewed
CFIHOS-30000947,piping speciality item,CFIHOS-30000952,sleeve,,real,True,sha256:a69b98012d9e4a46495a3aed48eef8ce75a69d001eaa28b4c38cb0f3c921909d,CORE CFIHOS V2.0 CSV/CFIHOS CORE tag class equipment class relationship v2.0.csv,572,source_reference_record,source_reference_record_unreviewed
CFIHOS-30000182,piping spool,CFIHOS-30000182,piping spool,,real,True,sha256:a69b98012d9e4a46495a3aed48eef8ce75a69d001eaa28b4c38cb0f3c921909d,CORE CFIHOS V2.0 CSV/CFIHOS CORE tag class equipment class relationship v2.0.csv,573,source_reference_record,source_reference_record_unreviewed
CFIHOS-30000857,piston check valve,CFIHOS-30000857,piston check valve,,real,True,sha256:a69b98012d9e4a46495a3aed48eef8ce75a69d001eaa28b4c38cb0f3c921909d,CORE CFIHOS V2.0 CSV/CFIHOS CORE tag class equipment class relationship v2.0.csv,574,source_reference_record,source_reference_record_unreviewed
CFIHOS-30000442,pitot tube,CFIHOS-30000442,pitot tube,,real,True,sha256:a69b98012d9e4a46495a3aed48eef8ce75a69d001eaa28b4c38cb0f3c921909d,CORE CFIHOS V2.0 CSV/CFIHOS CORE tag class equipment class relationship v2.0.csv,575,source_reference_record,source_reference_record_unreviewed
CFIHOS-30000858,pitot tube flow meter,CFIHOS-30000858,pitot tube flow meter,,real,True,sha256:a69b98012d9e4a46495a3aed48eef8ce75a69d001eaa28b4c38cb0f3c921909d,CORE CFIHOS V2.0 CSV/CFIHOS CORE tag class equipment class relationship v2.0.csv,576,source_reference_record,source_reference_record_unreviewed
CFIHOS-30001024,plate fin heat exchanger,CFIHOS-30001024,plate fin heat exchanger,Required by owner-operators,real,True,sha256:a69b98012d9e4a46495a3aed48eef8ce75a69d001eaa28b4c38cb0f3c921909d,CORE CFIHOS V2.0 CSV/CFIHOS CORE tag class equipment class relationship v2.0.csv,577,source_reference_record,source_reference_record_unreviewed
CFIHOS-30000752,plate heat exchanger,CFIHOS-30000752,plate heat exchanger,,real,True,sha256:a69b98012d9e4a46495a3aed48eef8ce75a69d001eaa28b4c38cb0f3c921909d,CORE CFIHOS V2.0 CSV/CFIHOS CORE tag class equipment class relationship v2.0.csv,578,source_reference_record,source_reference_record_unreviewed
CFIHOS-30000859,plug control valve,CFIHOS-30000859,plug control valve,,real,True,sha256:a69b98012d9e4a46495a3aed48eef8ce75a69d001eaa28b4c38cb0f3c921909d,CORE CFIHOS V2.0 CSV/CFIHOS CORE tag class equipment class relationship v2.0.csv,579,source_reference_record,source_reference_record_unreviewed
CFIHOS-30000860,plug valve,CFIHOS-30000860,plug valve,,real,True,sha256:a69b98012d9e4a46495a3aed48eef8ce75a69d001eaa28b4c38cb0f3c921909d,CORE CFIHOS V2.0 CSV/CFIHOS CORE tag class equipment class relationship v2.0.csv,580,source_reference_record,source_reference_record_unreviewed
CFIHOS-30000443,pneumatic actuator,CFIHOS-30000443,pneumatic actuator,,real,True,sha256:a69b98012d9e4a46495a3aed48eef8ce75a69d001eaa28b4c38cb0f3c921909d,CORE CFIHOS V2.0 CSV/CFIHOS CORE tag class equipment class relationship v2.0.csv,581,source_reference_record,source_reference_record_unreviewed
CFIHOS-30000444,pneumatic controller,CFIHOS-30000444,pneumatic controller,,real,True,sha256:a69b98012d9e4a46495a3aed48eef8ce75a69d001eaa28b4c38cb0f3c921909d,CORE CFIHOS V2.0 CSV/CFIHOS CORE tag class equipment class relationship v2.0.csv,582,source_reference_record,source_reference_record_unreviewed
CFIHOS-30001025,pneumatic conveyor,CFIHOS-30001025,pneumatic conveyor,Required by owner-operators,real,True,sha256:a69b98012d9e4a46495a3aed48eef8ce75a69d001eaa28b4c38cb0f3c921909d,CORE CFIHOS V2.0 CSV/CFIHOS CORE tag class equipment class relationship v2.0.csv,583,source_reference_record,source_reference_record_unreviewed
CFIHOS-30000757,pneumatic cylinder,CFIHOS-30000757,pneumatic cylinder,,real,True,sha256:a69b98012d9e4a46495a3aed48eef8ce75a69d001eaa28b4c38cb0f3c921909d,CORE CFIHOS V2.0 CSV/CFIHOS CORE tag class equipment class relationship v2.0.csv,584,source_reference_record,source_reference_record_unreviewed
CFIHOS-30000548,pneumatic motor,CFIHOS-30000548,pneumatic motor,,real,True,sha256:a69b98012d9e4a46495a3aed48eef8ce75a69d001eaa28b4c38cb0f3c921909d,CORE CFIHOS V2.0 CSV/CFIHOS CORE tag class equipment class relationship v2.0.csv,585,source_reference_record,source_reference_record_unreviewed
CFIHOS-30000678,position switch,CFIHOS-30000678,position switch,,real,True,sha256:a69b98012d9e4a46495a3aed48eef8ce75a69d001eaa28b4c38cb0f3c921909d,CORE CFIHOS V2.0 CSV/CFIHOS CORE tag class equipment class relationship v2.0.csv,586,source_reference_record,source_reference_record_unreviewed
CFIHOS-30000678,position switch,CFIHOS-30000458,proximity switch,,real,True,sha256:a69b98012d9e4a46495a3aed48eef8ce75a69d001eaa28b4c38cb0f3c921909d,CORE CFIHOS V2.0 CSV/CFIHOS CORE tag class equipment class relationship v2.0.csv,587,source_reference_record,source_reference_record_unreviewed
CFIHOS-30000449,position transmitter,CFIHOS-30000449,position transmitter,,real,True,sha256:a69b98012d9e4a46495a3aed48eef8ce75a69d001eaa28b4c38cb0f3c921909d,CORE CFIHOS V2.0 CSV/CFIHOS CORE tag class equipment class relationship v2.0.csv,588,source_reference_record,source_reference_record_unreviewed
CFIHOS-30000184,positioning system,CFIHOS-30000184,positioning system,,real,True,sha256:a69b98012d9e4a46495a3aed48eef8ce75a69d001eaa28b4c38cb0f3c921909d,CORE CFIHOS V2.0 CSV/CFIHOS CORE tag class equipment class relationship v2.0.csv,589,source_reference_record,source_reference_record_unreviewed
CFIHOS-30000185,positive displacement flow element,CFIHOS-30000185,positive displacement flow element,,real,True,sha256:a69b98012d9e4a46495a3aed48eef8ce75a69d001eaa28b4c38cb0f3c921909d,CORE CFIHOS V2.0 CSV/CFIHOS CORE tag class equipment class relationship v2.0.csv,590,source_reference_record,source_reference_record_unreviewed
CFIHOS-30000451,pour point analyser,CFIHOS-30000451,pour point analyser,,real,True,sha256:a69b98012d9e4a46495a3aed48eef8ce75a69d001eaa28b4c38cb0f3c921909d,CORE CFIHOS V2.0 CSV/CFIHOS CORE tag class equipment class relationship v2.0.csv,591,source_reference_record,source_reference_record_unreviewed
CFIHOS-30000360,power cable,CFIHOS-30000360,power cable,,real,True,sha256:a69b98012d9e4a46495a3aed48eef8ce75a69d001eaa28b4c38cb0f3c921909d,CORE CFIHOS V2.0 CSV/CFIHOS CORE tag class equipment class relationship v2.0.csv,592,source_reference_record,source_reference_record_unreviewed
CFIHOS-30000186,power stabiliser,CFIHOS-30000186,power stabiliser,,real,True,sha256:a69b98012d9e4a46495a3aed48eef8ce75a69d001eaa28b4c38cb0f3c921909d,CORE CFIHOS V2.0 CSV/CFIHOS CORE tag class equipment class relationship v2.0.csv,593,source_reference_record,source_reference_record_unreviewed
CFIHOS-30000361,power supply unit,CFIHOS-30000361,power supply unit,,real,True,sha256:a69b98012d9e4a46495a3aed48eef8ce75a69d001eaa28b4c38cb0f3c921909d,CORE CFIHOS V2.0 CSV/CFIHOS CORE tag class equipment class relationship v2.0.csv,594,source_reference_record,source_reference_record_unreviewed
CFIHOS-30000673,pressure element,CFIHOS-30000673,pressure element,,real,True,sha256:a69b98012d9e4a46495a3aed48eef8ce75a69d001eaa28b4c38cb0f3c921909d,CORE CFIHOS V2.0 CSV/CFIHOS CORE tag class equipment class relationship v2.0.csv,595,source_reference_record,source_reference_record_unreviewed
CFIHOS-30000452,pressure gauge,CFIHOS-30000452,pressure gauge,,real,True,sha256:a69b98012d9e4a46495a3aed48eef8ce75a69d001eaa28b4c38cb0f3c921909d,CORE CFIHOS V2.0 CSV/CFIHOS CORE tag class equipment class relationship v2.0.csv,596,source_reference_record,source_reference_record_unreviewed
CFIHOS-30000453,pressure regulator,CFIHOS-30000453,pressure regulator,,real,True,sha256:a69b98012d9e4a46495a3aed48eef8ce75a69d001eaa28b4c38cb0f3c921909d,CORE CFIHOS V2.0 CSV/CFIHOS CORE tag class equipment class relationship v2.0.csv,597,source_reference_record,source_reference_record_unreviewed
CFIHOS-30000624,pressure relief damper,CFIHOS-30000624,pressure relief damper,,real,True,sha256:a69b98012d9e4a46495a3aed48eef8ce75a69d001eaa28b4c38cb0f3c921909d,CORE CFIHOS V2.0 CSV/CFIHOS CORE tag class equipment class relationship v2.0.csv,598,source_reference_record,source_reference_record_unreviewed
CFIHOS-30000454,pressure switch,CFIHOS-30000454,pressure switch,,real,True,sha256:a69b98012d9e4a46495a3aed48eef8ce75a69d001eaa28b4c38cb0f3c921909d,CORE CFIHOS V2.0 CSV/CFIHOS CORE tag class equipment class relationship v2.0.csv,599,source_reference_record,source_reference_record_unreviewed
CFIHOS-30000455,pressure to current converter,CFIHOS-30000455,pressure to current converter,,real,True,sha256:a69b98012d9e4a46495a3aed48eef8ce75a69d001eaa28b4c38cb0f3c921909d,CORE CFIHOS V2.0 CSV/CFIHOS CORE tag class equipment class relationship v2.0.csv,600,source_reference_record,source_reference_record_unreviewed
CFIHOS-30000654,pressure transmitter,CFIHOS-30000395,absolute pressure transmitter,,real,True,sha256:a69b98012d9e4a46495a3aed48eef8ce75a69d001eaa28b4c38cb0f3c921909d,CORE CFIHOS V2.0 CSV/CFIHOS CORE tag class equipment class relationship v2.0.csv,601,source_reference_record,source_reference_record_unreviewed
CFIHOS-30000654,pressure transmitter,CFIHOS-30000208,relative pressure transmitter,,real,True,sha256:a69b98012d9e4a46495a3aed48eef8ce75a69d001eaa28b4c38cb0f3c921909d,CORE CFIHOS V2.0 CSV/CFIHOS CORE tag class equipment class relationship v2.0.csv,602,source_reference_record,source_reference_record_unreviewed
CFIHOS-30000861,pressure-vacuum relief valve,CFIHOS-30000861,pressure-vacuum relief valve,,real,True,sha256:a69b98012d9e4a46495a3aed48eef8ce75a69d001eaa28b4c38cb0f3c921909d,CORE CFIHOS V2.0 CSV/CFIHOS CORE tag class equipment class relationship v2.0.csv,603,source_reference_record,source_reference_record_unreviewed
CFIHOS-30000754,printed circuit heat exchanger,CFIHOS-30000754,printed circuit heat exchanger,,real,True,sha256:a69b98012d9e4a46495a3aed48eef8ce75a69d001eaa28b4c38cb0f3c921909d,CORE CFIHOS V2.0 CSV/CFIHOS CORE tag class equipment class relationship v2.0.csv,604,source_reference_record,source_reference_record_unreviewed
CFIHOS-30000456,printing machine,CFIHOS-30000456,printing machine,,real,True,sha256:a69b98012d9e4a46495a3aed48eef8ce75a69d001eaa28b4c38cb0f3c921909d,CORE CFIHOS V2.0 CSV/CFIHOS CORE tag class equipment class relationship v2.0.csv,605,source_reference_record,source_reference_record_unreviewed
CFIHOS-30000586,process column,CFIHOS-30000800,absorber column,,real,True,sha256:a69b98012d9e4a46495a3aed48eef8ce75a69d001eaa28b4c38cb0f3c921909d,CORE CFIHOS V2.0 CSV/CFIHOS CORE tag class equipment class relationship v2.0.csv,606,source_reference_record,source_reference_record_unreviewed
CFIHOS-30000586,process column,CFIHOS-30000802,adsorber column,,real,True,sha256:a69b98012d9e4a46495a3aed48eef8ce75a69d001eaa28b4c38cb0f3c921909d,CORE CFIHOS V2.0 CSV/CFIHOS CORE tag class equipment class relationship v2.0.csv,607,source_reference_record,source_reference_record_unreviewed
CFIHOS-30000586,process column,CFIHOS-30000814,contactor column,,real,True,sha256:a69b98012d9e4a46495a3aed48eef8ce75a69d001eaa28b4c38cb0f3c921909d,CORE CFIHOS V2.0 CSV/CFIHOS CORE tag class equipment class relationship v2.0.csv,608,source_reference_record,source_reference_record_unreviewed
CFIHOS-30000586,process column,CFIHOS-30000821,distillation column,,real,True,sha256:a69b98012d9e4a46495a3aed48eef8ce75a69d001eaa28b4c38cb0f3c921909d,CORE CFIHOS V2.0 CSV/CFIHOS CORE tag class equipment class relationship v2.0.csv,609,source_reference_record,source_reference_record_unreviewed
CFIHOS-30000586,process column,CFIHOS-30000588,scrubber,,real,True,sha256:a69b98012d9e4a46495a3aed48eef8ce75a69d001eaa28b4c38cb0f3c921909d,CORE CFIHOS V2.0 CSV/CFIHOS CORE tag class equipment class relationship v2.0.csv,610,source_reference_record,source_reference_record_unreviewed
CFIHOS-30000586,process column,CFIHOS-30000868,stabilizer column,,real,True,sha256:a69b98012d9e4a46495a3aed48eef8ce75a69d001eaa28b4c38cb0f3c921909d,CORE CFIHOS V2.0 CSV/CFIHOS CORE tag class equipment class relationship v2.0.csv,611,source_reference_record,source_reference_record_unreviewed
CFIHOS-30000586,process column,CFIHOS-30000869,stripper column,,real,True,sha256:a69b98012d9e4a46495a3aed48eef8ce75a69d001eaa28b4c38cb0f3c921909d,CORE CFIHOS V2.0 CSV/CFIHOS CORE tag class equipment class relationship v2.0.csv,612,source_reference_record,source_reference_record_unreviewed
CFIHOS-30000586,process column,CFIHOS-30000875,vacuum column,,real,True,sha256:a69b98012d9e4a46495a3aed48eef8ce75a69d001eaa28b4c38cb0f3c921909d,CORE CFIHOS V2.0 CSV/CFIHOS CORE tag class equipment class relationship v2.0.csv,613,source_reference_record,source_reference_record_unreviewed
CFIHOS-30000189,process data acquisition and control,CFIHOS-30000189,process data acquisition and control,,real,True,sha256:a69b98012d9e4a46495a3aed48eef8ce75a69d001eaa28b4c38cb0f3c921909d,CORE CFIHOS V2.0 CSV/CFIHOS CORE tag class equipment class relationship v2.0.csv,614,source_reference_record,source_reference_record_unreviewed
CFIHOS-30000655,process nozzle,CFIHOS-30000655,process nozzle,,real,True,sha256:a69b98012d9e4a46495a3aed48eef8ce75a69d001eaa28b4c38cb0f3c921909d,CORE CFIHOS V2.0 CSV/CFIHOS CORE tag class equipment class relationship v2.0.csv,615,source_reference_record,source_reference_record_unreviewed
CFIHOS-30000758,process reactor,CFIHOS-30000758,process reactor,,real,True,sha256:a69b98012d9e4a46495a3aed48eef8ce75a69d001eaa28b4c38cb0f3c921909d,CORE CFIHOS V2.0 CSV/CFIHOS CORE tag class equipment class relationship v2.0.csv,616,source_reference_record,source_reference_record_unreviewed
CFIHOS-30000728,protection relay,CFIHOS-30000728,protection relay,,real,True,sha256:a69b98012d9e4a46495a3aed48eef8ce75a69d001eaa28b4c38cb0f3c921909d,CORE CFIHOS V2.0 CSV/CFIHOS CORE tag class equipment class relationship v2.0.csv,617,source_reference_record,source_reference_record_unreviewed
CFIHOS-30000909,protective suit,CFIHOS-30000909,protective suit,,real,True,sha256:a69b98012d9e4a46495a3aed48eef8ce75a69d001eaa28b4c38cb0f3c921909d,CORE CFIHOS V2.0 CSV/CFIHOS CORE tag class equipment class relationship v2.0.csv,618,source_reference_record,source_reference_record_unreviewed
CFIHOS-30000457,proximity element,CFIHOS-30000457,proximity element,,real,True,sha256:a69b98012d9e4a46495a3aed48eef8ce75a69d001eaa28b4c38cb0f3c921909d,CORE CFIHOS V2.0 CSV/CFIHOS CORE tag class equipment class relationship v2.0.csv,619,source_reference_record,source_reference_record_unreviewed
CFIHOS-30000458,proximity switch,CFIHOS-30000458,proximity switch,,real,True,sha256:a69b98012d9e4a46495a3aed48eef8ce75a69d001eaa28b4c38cb0f3c921909d,CORE CFIHOS V2.0 CSV/CFIHOS CORE tag class equipment class relationship v2.0.csv,620,source_reference_record,source_reference_record_unreviewed
CFIHOS-30000191,public address and alarm system,CFIHOS-30000191,public address and alarm system,,real,True,sha256:a69b98012d9e4a46495a3aed48eef8ce75a69d001eaa28b4c38cb0f3c921909d,CORE CFIHOS V2.0 CSV/CFIHOS CORE tag class equipment class relationship v2.0.csv,621,source_reference_record,source_reference_record_unreviewed
CFIHOS-30000549,pulsation damper,CFIHOS-30000549,pulsation damper,,real,True,sha256:a69b98012d9e4a46495a3aed48eef8ce75a69d001eaa28b4c38cb0f3c921909d,CORE CFIHOS V2.0 CSV/CFIHOS CORE tag class equipment class relationship v2.0.csv,622,source_reference_record,source_reference_record_unreviewed
CFIHOS-30000550,pump,CFIHOS-30000521,centrifugal pump,,real,True,sha256:a69b98012d9e4a46495a3aed48eef8ce75a69d001eaa28b4c38cb0f3c921909d,CORE CFIHOS V2.0 CSV/CFIHOS CORE tag class equipment class relationship v2.0.csv,623,source_reference_record,source_reference_record_unreviewed
CFIHOS-30000550,pump,CFIHOS-30000862,reciprocating pump,,real,True,sha256:a69b98012d9e4a46495a3aed48eef8ce75a69d001eaa28b4c38cb0f3c921909d,CORE CFIHOS V2.0 CSV/CFIHOS CORE tag class equipment class relationship v2.0.csv,624,source_reference_record,source_reference_record_unreviewed
CFIHOS-30000550,pump,CFIHOS-30000864,rotary pump,,real,True,sha256:a69b98012d9e4a46495a3aed48eef8ce75a69d001eaa28b4c38cb0f3c921909d,CORE CFIHOS V2.0 CSV/CFIHOS CORE tag class equipment class relationship v2.0.csv,625,source_reference_record,source_reference_record_unreviewed
CFIHOS-30001011,pumpjack,CFIHOS-30001011,pumpjack,Required by owner-operators,real,True,sha256:a69b98012d9e4a46495a3aed48eef8ce75a69d001eaa28b4c38cb0f3c921909d,CORE CFIHOS V2.0 CSV/CFIHOS CORE tag class equipment class relationship v2.0.csv,626,source_reference_record,source_reference_record_unreviewed
CFIHOS-30000459,push button,CFIHOS-30000459,push button,,real,True,sha256:a69b98012d9e4a46495a3aed48eef8ce75a69d001eaa28b4c38cb0f3c921909d,CORE CFIHOS V2.0 CSV/CFIHOS CORE tag class equipment class relationship v2.0.csv,627,source_reference_record,source_reference_record_unreviewed
CFIHOS-30000199,rack,CFIHOS-30000199,rack,,real,True,sha256:a69b98012d9e4a46495a3aed48eef8ce75a69d001eaa28b4c38cb0f3c921909d,CORE CFIHOS V2.0 CSV/CFIHOS CORE tag class equipment class relationship v2.0.csv,628,source_reference_record,source_reference_record_unreviewed
CFIHOS-30000626,radar,CFIHOS-30000626,radar,,real,True,sha256:a69b98012d9e4a46495a3aed48eef8ce75a69d001eaa28b4c38cb0f3c921909d,CORE CFIHOS V2.0 CSV/CFIHOS CORE tag class equipment class relationship v2.0.csv,629,source_reference_record,source_reference_record_unreviewed
CFIHOS-30000200,radar level element,CFIHOS-30000200,radar level element,,real,True,sha256:a69b98012d9e4a46495a3aed48eef8ce75a69d001eaa28b4c38cb0f3c921909d,CORE CFIHOS V2.0 CSV/CFIHOS CORE tag class equipment class relationship v2.0.csv,630,source_reference_record,source_reference_record_unreviewed
CFIHOS-30000460,radar level transmitter,CFIHOS-30000460,radar level transmitter,,real,True,sha256:a69b98012d9e4a46495a3aed48eef8ce75a69d001eaa28b4c38cb0f3c921909d,CORE CFIHOS V2.0 CSV/CFIHOS CORE tag class equipment class relationship v2.0.csv,631,source_reference_record,source_reference_record_unreviewed
CFIHOS-30000910,radiation detector,CFIHOS-30000910,radiation detector,,real,True,sha256:a69b98012d9e4a46495a3aed48eef8ce75a69d001eaa28b4c38cb0f3c921909d,CORE CFIHOS V2.0 CSV/CFIHOS CORE tag class equipment class relationship v2.0.csv,632,source_reference_record,source_reference_record_unreviewed
CFIHOS-30000201,radiator,CFIHOS-30000201,radiator,,real,True,sha256:a69b98012d9e4a46495a3aed48eef8ce75a69d001eaa28b4c38cb0f3c921909d,CORE CFIHOS V2.0 CSV/CFIHOS CORE tag class equipment class relationship v2.0.csv,633,source_reference_record,source_reference_record_unreviewed
CFIHOS-30000627,radio beacon,CFIHOS-30000627,radio beacon,,real,True,sha256:a69b98012d9e4a46495a3aed48eef8ce75a69d001eaa28b4c38cb0f3c921909d,CORE CFIHOS V2.0 CSV/CFIHOS CORE tag class equipment class relationship v2.0.csv,634,source_reference_record,source_reference_record_unreviewed
CFIHOS-30000202,radio caravan,CFIHOS-30000202,radio caravan,,real,True,sha256:a69b98012d9e4a46495a3aed48eef8ce75a69d001eaa28b4c38cb0f3c921909d,CORE CFIHOS V2.0 CSV/CFIHOS CORE tag class equipment class relationship v2.0.csv,635,source_reference_record,source_reference_record_unreviewed
CFIHOS-30000203,radio transceiver,CFIHOS-30000203,radio transceiver,,real,True,sha256:a69b98012d9e4a46495a3aed48eef8ce75a69d001eaa28b4c38cb0f3c921909d,CORE CFIHOS V2.0 CSV/CFIHOS CORE tag class equipment class relationship v2.0.csv,636,source_reference_record,source_reference_record_unreviewed
CFIHOS-30000461,radioactive level transmitter,CFIHOS-30000461,radioactive level transmitter,,real,True,sha256:a69b98012d9e4a46495a3aed48eef8ce75a69d001eaa28b4c38cb0f3c921909d,CORE CFIHOS V2.0 CSV/CFIHOS CORE tag class equipment class relationship v2.0.csv,637,source_reference_record,source_reference_record_unreviewed
CFIHOS-30000204,radioactive source,CFIHOS-30000461,radioactive level transmitter,,real,True,sha256:a69b98012d9e4a46495a3aed48eef8ce75a69d001eaa28b4c38cb0f3c921909d,CORE CFIHOS V2.0 CSV/CFIHOS CORE tag class equipment class relationship v2.0.csv,638,source_reference_record,source_reference_record_unreviewed
CFIHOS-30000985,rail crossing indicator,CFIHOS-30000985,rail crossing indicator,,real,True,sha256:a69b98012d9e4a46495a3aed48eef8ce75a69d001eaa28b4c38cb0f3c921909d,CORE CFIHOS V2.0 CSV/CFIHOS CORE tag class equipment class relationship v2.0.csv,639,source_reference_record,source_reference_record_unreviewed
CFIHOS-30000986,rail key token station,CFIHOS-30000986,rail key token station,,real,True,sha256:a69b98012d9e4a46495a3aed48eef8ce75a69d001eaa28b4c38cb0f3c921909d,CORE CFIHOS V2.0 CSV/CFIHOS CORE tag class equipment class relationship v2.0.csv,640,source_reference_record,source_reference_record_unreviewed
CFIHOS-30000987,rail track,CFIHOS-30000987,rail track,,real,True,sha256:a69b98012d9e4a46495a3aed48eef8ce75a69d001eaa28b4c38cb0f3c921909d,CORE CFIHOS V2.0 CSV/CFIHOS CORE tag class equipment class relationship v2.0.csv,641,source_reference_record,source_reference_record_unreviewed
CFIHOS-30000988,ramp,CFIHOS-30000988,ramp,,real,True,sha256:a69b98012d9e4a46495a3aed48eef8ce75a69d001eaa28b4c38cb0f3c921909d,CORE CFIHOS V2.0 CSV/CFIHOS CORE tag class equipment class relationship v2.0.csv,642,source_reference_record,source_reference_record_unreviewed
CFIHOS-30000205,reader,CFIHOS-30000205,reader,,real,True,sha256:a69b98012d9e4a46495a3aed48eef8ce75a69d001eaa28b4c38cb0f3c921909d,CORE CFIHOS V2.0 CSV/CFIHOS CORE tag class equipment class relationship v2.0.csv,643,source_reference_record,source_reference_record_unreviewed
CFIHOS-30000551,reciprocating compressor,CFIHOS-30000551,reciprocating compressor,,real,True,sha256:a69b98012d9e4a46495a3aed48eef8ce75a69d001eaa28b4c38cb0f3c921909d,CORE CFIHOS V2.0 CSV/CFIHOS CORE tag class equipment class relationship v2.0.csv,644,source_reference_record,source_reference_record_unreviewed
CFIHOS-30000862,reciprocating pump,CFIHOS-30000862,reciprocating pump,,real,True,sha256:a69b98012d9e4a46495a3aed48eef8ce75a69d001eaa28b4c38cb0f3c921909d,CORE CFIHOS V2.0 CSV/CFIHOS CORE tag class equipment class relationship v2.0.csv,645,source_reference_record,source_reference_record_unreviewed
CFIHOS-30000462,recording instrument,CFIHOS-30000462,recording instrument,,real,True,sha256:a69b98012d9e4a46495a3aed48eef8ce75a69d001eaa28b4c38cb0f3c921909d,CORE CFIHOS V2.0 CSV/CFIHOS CORE tag class equipment class relationship v2.0.csv,646,source_reference_record,source_reference_record_unreviewed
CFIHOS-30000363,rectifier,CFIHOS-30000363,rectifier,,real,True,sha256:a69b98012d9e4a46495a3aed48eef8ce75a69d001eaa28b4c38cb0f3c921909d,CORE CFIHOS V2.0 CSV/CFIHOS CORE tag class equipment class relationship v2.0.csv,647,source_reference_record,source_reference_record_unreviewed
CFIHOS-30000911,recuperator heat exchanger,CFIHOS-30000911,recuperator heat exchanger,,real,True,sha256:a69b98012d9e4a46495a3aed48eef8ce75a69d001eaa28b4c38cb0f3c921909d,CORE CFIHOS V2.0 CSV/CFIHOS CORE tag class equipment class relationship v2.0.csv,648,source_reference_record,source_reference_record_unreviewed
CFIHOS-30000206,redox analyser,CFIHOS-30000206,redox analyser,,real,True,sha256:a69b98012d9e4a46495a3aed48eef8ce75a69d001eaa28b4c38cb0f3c921909d,CORE CFIHOS V2.0 CSV/CFIHOS CORE tag class equipment class relationship v2.0.csv,649,source_reference_record,source_reference_record_unreviewed
CFIHOS-30000208,relative pressure transmitter,CFIHOS-30000208,relative pressure transmitter,,real,True,sha256:a69b98012d9e4a46495a3aed48eef8ce75a69d001eaa28b4c38cb0f3c921909d,CORE CFIHOS V2.0 CSV/CFIHOS CORE tag class equipment class relationship v2.0.csv,650,source_reference_record,source_reference_record_unreviewed
CFIHOS-30000364,relay,CFIHOS-30000364,relay,,real,True,sha256:a69b98012d9e4a46495a3aed48eef8ce75a69d001eaa28b4c38cb0f3c921909d,CORE CFIHOS V2.0 CSV/CFIHOS CORE tag class equipment class relationship v2.0.csv,651,source_reference_record,source_reference_record_unreviewed
CFIHOS-30000295,relief valve,CFIHOS-30000815,conventional relief valve,,real,True,sha256:a69b98012d9e4a46495a3aed48eef8ce75a69d001eaa28b4c38cb0f3c921909d,CORE CFIHOS V2.0 CSV/CFIHOS CORE tag class equipment class relationship v2.0.csv,652,source_reference_record,source_reference_record_unreviewed
CFIHOS-30000295,relief valve,CFIHOS-30000856,pilot operated relief valve,,real,True,sha256:a69b98012d9e4a46495a3aed48eef8ce75a69d001eaa28b4c38cb0f3c921909d,CORE CFIHOS V2.0 CSV/CFIHOS CORE tag class equipment class relationship v2.0.csv,653,source_reference_record,source_reference_record_unreviewed
CFIHOS-30000295,relief valve,CFIHOS-30000861,pressure-vacuum relief valve,,real,True,sha256:a69b98012d9e4a46495a3aed48eef8ce75a69d001eaa28b4c38cb0f3c921909d,CORE CFIHOS V2.0 CSV/CFIHOS CORE tag class equipment class relationship v2.0.csv,654,source_reference_record,source_reference_record_unreviewed
CFIHOS-30000209,remote terminal unit,CFIHOS-30000209,remote terminal unit,,real,True,sha256:a69b98012d9e4a46495a3aed48eef8ce75a69d001eaa28b4c38cb0f3c921909d,CORE CFIHOS V2.0 CSV/CFIHOS CORE tag class equipment class relationship v2.0.csv,655,source_reference_record,source_reference_record_unreviewed
CFIHOS-30000912,remote-operated control unit,CFIHOS-30000402,computer,,real,True,sha256:a69b98012d9e4a46495a3aed48eef8ce75a69d001eaa28b4c38cb0f3c921909d,CORE CFIHOS V2.0 CSV/CFIHOS CORE tag class equipment class relationship v2.0.csv,656,source_reference_record,source_reference_record_unreviewed
CFIHOS-30001013,rescue boat,CFIHOS-30001013,rescue boat,Required by owner-operators,real,True,sha256:a69b98012d9e4a46495a3aed48eef8ce75a69d001eaa28b4c38cb0f3c921909d,CORE CFIHOS V2.0 CSV/CFIHOS CORE tag class equipment class relationship v2.0.csv,657,source_reference_record,source_reference_record_unreviewed
CFIHOS-30000210,residential building,CFIHOS-30000210,residential building,,real,True,sha256:a69b98012d9e4a46495a3aed48eef8ce75a69d001eaa28b4c38cb0f3c921909d,CORE CFIHOS V2.0 CSV/CFIHOS CORE tag class equipment class relationship v2.0.csv,658,source_reference_record,source_reference_record_unreviewed
CFIHOS-30000463,resistance temperature element,CFIHOS-30000463,resistance temperature element,,real,True,sha256:a69b98012d9e4a46495a3aed48eef8ce75a69d001eaa28b4c38cb0f3c921909d,CORE CFIHOS V2.0 CSV/CFIHOS CORE tag class equipment class relationship v2.0.csv,659,source_reference_record,source_reference_record_unreviewed
CFIHOS-30000464,restriction orifice plate,CFIHOS-30000464,restriction orifice plate,,real,True,sha256:a69b98012d9e4a46495a3aed48eef8ce75a69d001eaa28b4c38cb0f3c921909d,CORE CFIHOS V2.0 CSV/CFIHOS CORE tag class equipment class relationship v2.0.csv,660,source_reference_record,source_reference_record_unreviewed
CFIHOS-30000989,retaining wall,CFIHOS-30000989,retaining wall,,real,True,sha256:a69b98012d9e4a46495a3aed48eef8ce75a69d001eaa28b4c38cb0f3c921909d,CORE CFIHOS V2.0 CSV/CFIHOS CORE tag class equipment class relationship v2.0.csv,661,source_reference_record,source_reference_record_unreviewed
CFIHOS-30000863,rigid riser,CFIHOS-30000863,rigid riser,,real,True,sha256:a69b98012d9e4a46495a3aed48eef8ce75a69d001eaa28b4c38cb0f3c921909d,CORE CFIHOS V2.0 CSV/CFIHOS CORE tag class equipment class relationship v2.0.csv,662,source_reference_record,source_reference_record_unreviewed
CFIHOS-30000729,ring main unit,CFIHOS-30000729,ring main unit,,real,True,sha256:a69b98012d9e4a46495a3aed48eef8ce75a69d001eaa28b4c38cb0f3c921909d,CORE CFIHOS V2.0 CSV/CFIHOS CORE tag class equipment class relationship v2.0.csv,663,source_reference_record,source_reference_record_unreviewed
CFIHOS-30000502,riser,CFIHOS-30000828,flexible riser,,real,True,sha256:a69b98012d9e4a46495a3aed48eef8ce75a69d001eaa28b4c38cb0f3c921909d,CORE CFIHOS V2.0 CSV/CFIHOS CORE tag class equipment class relationship v2.0.csv,664,source_reference_record,source_reference_record_unreviewed
CFIHOS-30000502,riser,CFIHOS-30000863,rigid riser,,real,True,sha256:a69b98012d9e4a46495a3aed48eef8ce75a69d001eaa28b4c38cb0f3c921909d,CORE CFIHOS V2.0 CSV/CFIHOS CORE tag class equipment class relationship v2.0.csv,665,source_reference_record,source_reference_record_unreviewed
CFIHOS-30000656,riser support,CFIHOS-30000656,riser support,,real,True,sha256:a69b98012d9e4a46495a3aed48eef8ce75a69d001eaa28b4c38cb0f3c921909d,CORE CFIHOS V2.0 CSV/CFIHOS CORE tag class equipment class relationship v2.0.csv,666,source_reference_record,source_reference_record_unreviewed
CFIHOS-30000218,road,CFIHOS-30000218,road,,real,True,sha256:a69b98012d9e4a46495a3aed48eef8ce75a69d001eaa28b4c38cb0f3c921909d,CORE CFIHOS V2.0 CSV/CFIHOS CORE tag class equipment class relationship v2.0.csv,667,source_reference_record,source_reference_record_unreviewed
CFIHOS-30000913,road compactor,CFIHOS-30000913,road compactor,,real,True,sha256:a69b98012d9e4a46495a3aed48eef8ce75a69d001eaa28b4c38cb0f3c921909d,CORE CFIHOS V2.0 CSV/CFIHOS CORE tag class equipment class relationship v2.0.csv,668,source_reference_record,source_reference_record_unreviewed
CFIHOS-30000914,road sweeper,CFIHOS-30000914,road sweeper,,real,True,sha256:a69b98012d9e4a46495a3aed48eef8ce75a69d001eaa28b4c38cb0f3c921909d,CORE CFIHOS V2.0 CSV/CFIHOS CORE tag class equipment class relationship v2.0.csv,669,source_reference_record,source_reference_record_unreviewed
CFIHOS-30000569,roller conveyor,CFIHOS-30000569,roller conveyor,,real,True,sha256:a69b98012d9e4a46495a3aed48eef8ce75a69d001eaa28b4c38cb0f3c921909d,CORE CFIHOS V2.0 CSV/CFIHOS CORE tag class equipment class relationship v2.0.csv,670,source_reference_record,source_reference_record_unreviewed
CFIHOS-30000990,roof,CFIHOS-30000990,roof,,real,True,sha256:a69b98012d9e4a46495a3aed48eef8ce75a69d001eaa28b4c38cb0f3c921909d,CORE CFIHOS V2.0 CSV/CFIHOS CORE tag class equipment class relationship v2.0.csv,671,source_reference_record,source_reference_record_unreviewed
CFIHOS-30000991,roof cover,CFIHOS-30000991,roof cover,,real,True,sha256:a69b98012d9e4a46495a3aed48eef8ce75a69d001eaa28b4c38cb0f3c921909d,CORE CFIHOS V2.0 CSV/CFIHOS CORE tag class equipment class relationship v2.0.csv,672,source_reference_record,source_reference_record_unreviewed
CFIHOS-30000992,room,CFIHOS-30000992,room,,real,True,sha256:a69b98012d9e4a46495a3aed48eef8ce75a69d001eaa28b4c38cb0f3c921909d,CORE CFIHOS V2.0 CSV/CFIHOS CORE tag class equipment class relationship v2.0.csv,673,source_reference_record,source_reference_record_unreviewed
CFIHOS-30000603,rope,CFIHOS-30000603,rope,,real,True,sha256:a69b98012d9e4a46495a3aed48eef8ce75a69d001eaa28b4c38cb0f3c921909d,CORE CFIHOS V2.0 CSV/CFIHOS CORE tag class equipment class relationship v2.0.csv,674,source_reference_record,source_reference_record_unreviewed
CFIHOS-30000465,rotameter flow meter,CFIHOS-30000465,rotameter flow meter,,real,True,sha256:a69b98012d9e4a46495a3aed48eef8ce75a69d001eaa28b4c38cb0f3c921909d,CORE CFIHOS V2.0 CSV/CFIHOS CORE tag class equipment class relationship v2.0.csv,675,source_reference_record,source_reference_record_unreviewed
CFIHOS-30000552,rotary compressor,CFIHOS-30000552,rotary compressor,,real,True,sha256:a69b98012d9e4a46495a3aed48eef8ce75a69d001eaa28b4c38cb0f3c921909d,CORE CFIHOS V2.0 CSV/CFIHOS CORE tag class equipment class relationship v2.0.csv,676,source_reference_record,source_reference_record_unreviewed
CFIHOS-30000864,rotary pump,CFIHOS-30000864,rotary pump,,real,True,sha256:a69b98012d9e4a46495a3aed48eef8ce75a69d001eaa28b4c38cb0f3c921909d,CORE CFIHOS V2.0 CSV/CFIHOS CORE tag class equipment class relationship v2.0.csv,677,source_reference_record,source_reference_record_unreviewed
CFIHOS-30000915,rotary table,CFIHOS-30000915,rotary table,,real,True,sha256:a69b98012d9e4a46495a3aed48eef8ce75a69d001eaa28b4c38cb0f3c921909d,CORE CFIHOS V2.0 CSV/CFIHOS CORE tag class equipment class relationship v2.0.csv,678,source_reference_record,source_reference_record_unreviewed
CFIHOS-30000750,rotational speed element,CFIHOS-30000750,rotational speed element,,real,True,sha256:a69b98012d9e4a46495a3aed48eef8ce75a69d001eaa28b4c38cb0f3c921909d,CORE CFIHOS V2.0 CSV/CFIHOS CORE tag class equipment class relationship v2.0.csv,679,source_reference_record,source_reference_record_unreviewed
CFIHOS-30000221,router,CFIHOS-30000221,router,,real,True,sha256:a69b98012d9e4a46495a3aed48eef8ce75a69d001eaa28b4c38cb0f3c921909d,CORE CFIHOS V2.0 CSV/CFIHOS CORE tag class equipment class relationship v2.0.csv,680,source_reference_record,source_reference_record_unreviewed
CFIHOS-30000628,running tool,CFIHOS-30000247,special tool,,real,True,sha256:a69b98012d9e4a46495a3aed48eef8ce75a69d001eaa28b4c38cb0f3c921909d,CORE CFIHOS V2.0 CSV/CFIHOS CORE tag class equipment class relationship v2.0.csv,681,source_reference_record,source_reference_record_unreviewed
CFIHOS-30000628,running tool,CFIHOS-30000723,subsea remote operated tool,,real,True,sha256:a69b98012d9e4a46495a3aed48eef8ce75a69d001eaa28b4c38cb0f3c921909d,CORE CFIHOS V2.0 CSV/CFIHOS CORE tag class equipment class relationship v2.0.csv,682,source_reference_record,source_reference_record_unreviewed
CFIHOS-30000466,rupture disc,CFIHOS-30000466,rupture disc,,real,True,sha256:a69b98012d9e4a46495a3aed48eef8ce75a69d001eaa28b4c38cb0f3c921909d,CORE CFIHOS V2.0 CSV/CFIHOS CORE tag class equipment class relationship v2.0.csv,683,source_reference_record,source_reference_record_unreviewed
CFIHOS-30000222,safety barrier,CFIHOS-30000222,safety barrier,,real,True,sha256:a69b98012d9e4a46495a3aed48eef8ce75a69d001eaa28b4c38cb0f3c921909d,CORE CFIHOS V2.0 CSV/CFIHOS CORE tag class equipment class relationship v2.0.csv,684,source_reference_record,source_reference_record_unreviewed
CFIHOS-30000916,safety display plan,CFIHOS-30000916,safety display plan,,real,True,sha256:a69b98012d9e4a46495a3aed48eef8ce75a69d001eaa28b4c38cb0f3c921909d,CORE CFIHOS V2.0 CSV/CFIHOS CORE tag class equipment class relationship v2.0.csv,685,source_reference_record,source_reference_record_unreviewed
CFIHOS-30000513,safety shower,CFIHOS-30000513,safety shower,,real,True,sha256:a69b98012d9e4a46495a3aed48eef8ce75a69d001eaa28b4c38cb0f3c921909d,CORE CFIHOS V2.0 CSV/CFIHOS CORE tag class equipment class relationship v2.0.csv,686,source_reference_record,source_reference_record_unreviewed
CFIHOS-30000917,safety sign,CFIHOS-30000917,safety sign,,real,True,sha256:a69b98012d9e4a46495a3aed48eef8ce75a69d001eaa28b4c38cb0f3c921909d,CORE CFIHOS V2.0 CSV/CFIHOS CORE tag class equipment class relationship v2.0.csv,687,source_reference_record,source_reference_record_unreviewed
CFIHOS-30000918,sample connection point,CFIHOS-30000496,pipe,,real,True,sha256:a69b98012d9e4a46495a3aed48eef8ce75a69d001eaa28b4c38cb0f3c921909d,CORE CFIHOS V2.0 CSV/CFIHOS CORE tag class equipment class relationship v2.0.csv,688,source_reference_record,source_reference_record_unreviewed
CFIHOS-30000224,sample loop component,CFIHOS-30000224,sample loop component,,real,True,sha256:a69b98012d9e4a46495a3aed48eef8ce75a69d001eaa28b4c38cb0f3c921909d,CORE CFIHOS V2.0 CSV/CFIHOS CORE tag class equipment class relationship v2.0.csv,689,source_reference_record,source_reference_record_unreviewed
CFIHOS-30000711,sample vessel,CFIHOS-30000711,sample vessel,,real,True,sha256:a69b98012d9e4a46495a3aed48eef8ce75a69d001eaa28b4c38cb0f3c921909d,CORE CFIHOS V2.0 CSV/CFIHOS CORE tag class equipment class relationship v2.0.csv,690,source_reference_record,source_reference_record_unreviewed
CFIHOS-30000467,sampler,CFIHOS-30000467,sampler,,real,True,sha256:a69b98012d9e4a46495a3aed48eef8ce75a69d001eaa28b4c38cb0f3c921909d,CORE CFIHOS V2.0 CSV/CFIHOS CORE tag class equipment class relationship v2.0.csv,691,source_reference_record,source_reference_record_unreviewed
CFIHOS-30000243,sand detector,CFIHOS-30000243,sand detector,,real,True,sha256:a69b98012d9e4a46495a3aed48eef8ce75a69d001eaa28b4c38cb0f3c921909d,CORE CFIHOS V2.0 CSV/CFIHOS CORE tag class equipment class relationship v2.0.csv,692,source_reference_record,source_reference_record_unreviewed
CFIHOS-30000993,sanitary ware,CFIHOS-30000993,sanitary ware,,real,True,sha256:a69b98012d9e4a46495a3aed48eef8ce75a69d001eaa28b4c38cb0f3c921909d,CORE CFIHOS V2.0 CSV/CFIHOS CORE tag class equipment class relationship v2.0.csv,693,source_reference_record,source_reference_record_unreviewed
CFIHOS-30000225,satellite communications terminal,CFIHOS-30000225,satellite communications terminal,,real,True,sha256:a69b98012d9e4a46495a3aed48eef8ce75a69d001eaa28b4c38cb0f3c921909d,CORE CFIHOS V2.0 CSV/CFIHOS CORE tag class equipment class relationship v2.0.csv,694,source_reference_record,source_reference_record_unreviewed
CFIHOS-30000587,scraper,CFIHOS-30000587,scraper,,real,True,sha256:a69b98012d9e4a46495a3aed48eef8ce75a69d001eaa28b4c38cb0f3c921909d,CORE CFIHOS V2.0 CSV/CFIHOS CORE tag class equipment class relationship v2.0.csv,695,source_reference_record,source_reference_record_unreviewed
CFIHOS-30000226,screw conveyor,CFIHOS-30000226,screw conveyor,,real,True,sha256:a69b98012d9e4a46495a3aed48eef8ce75a69d001eaa28b4c38cb0f3c921909d,CORE CFIHOS V2.0 CSV/CFIHOS CORE tag class equipment class relationship v2.0.csv,696,source_reference_record,source_reference_record_unreviewed
CFIHOS-30000588,scrubber,CFIHOS-30000588,scrubber,,real,True,sha256:a69b98012d9e4a46495a3aed48eef8ce75a69d001eaa28b4c38cb0f3c921909d,CORE CFIHOS V2.0 CSV/CFIHOS CORE tag class equipment class relationship v2.0.csv,697,source_reference_record,source_reference_record_unreviewed
CFIHOS-30000309,seal,CFIHOS-30000309,seal,,real,True,sha256:a69b98012d9e4a46495a3aed48eef8ce75a69d001eaa28b4c38cb0f3c921909d,CORE CFIHOS V2.0 CSV/CFIHOS CORE tag class equipment class relationship v2.0.csv,698,source_reference_record,source_reference_record_unreviewed
CFIHOS-30000994,secondary wall,CFIHOS-30000994,secondary wall,,real,True,sha256:a69b98012d9e4a46495a3aed48eef8ce75a69d001eaa28b4c38cb0f3c921909d,CORE CFIHOS V2.0 CSV/CFIHOS CORE tag class equipment class relationship v2.0.csv,699,source_reference_record,source_reference_record_unreviewed
CFIHOS-30000227,selector switch,CFIHOS-30000227,selector switch,,real,True,sha256:a69b98012d9e4a46495a3aed48eef8ce75a69d001eaa28b4c38cb0f3c921909d,CORE CFIHOS V2.0 CSV/CFIHOS CORE tag class equipment class relationship v2.0.csv,700,source_reference_record,source_reference_record_unreviewed
CFIHOS-30000682,self operating valve,CFIHOS-30000429,flow regulator,,real,True,sha256:a69b98012d9e4a46495a3aed48eef8ce75a69d001eaa28b4c38cb0f3c921909d,CORE CFIHOS V2.0 CSV/CFIHOS CORE tag class equipment class relationship v2.0.csv,701,source_reference_record,source_reference_record_unreviewed
CFIHOS-30000682,self operating valve,CFIHOS-30000453,pressure regulator,,real,True,sha256:a69b98012d9e4a46495a3aed48eef8ce75a69d001eaa28b4c38cb0f3c921909d,CORE CFIHOS V2.0 CSV/CFIHOS CORE tag class equipment class relationship v2.0.csv,702,source_reference_record,source_reference_record_unreviewed
CFIHOS-30000682,self operating valve,CFIHOS-30000474,temperature regulator,,real,True,sha256:a69b98012d9e4a46495a3aed48eef8ce75a69d001eaa28b4c38cb0f3c921909d,CORE CFIHOS V2.0 CSV/CFIHOS CORE tag class equipment class relationship v2.0.csv,703,source_reference_record,source_reference_record_unreviewed
CFIHOS-30000698,separator,CFIHOS-30000075,gas cyclone separator,,real,True,sha256:a69b98012d9e4a46495a3aed48eef8ce75a69d001eaa28b4c38cb0f3c921909d,CORE CFIHOS V2.0 CSV/CFIHOS CORE tag class equipment class relationship v2.0.csv,704,source_reference_record,source_reference_record_unreviewed
CFIHOS-30000698,separator,CFIHOS-30000841,gravity separator,,real,True,sha256:a69b98012d9e4a46495a3aed48eef8ce75a69d001eaa28b4c38cb0f3c921909d,CORE CFIHOS V2.0 CSV/CFIHOS CORE tag class equipment class relationship v2.0.csv,705,source_reference_record,source_reference_record_unreviewed
CFIHOS-30000698,separator,CFIHOS-30000581,hydro cyclone,,real,True,sha256:a69b98012d9e4a46495a3aed48eef8ce75a69d001eaa28b4c38cb0f3c921909d,CORE CFIHOS V2.0 CSV/CFIHOS CORE tag class equipment class relationship v2.0.csv,706,source_reference_record,source_reference_record_unreviewed
CFIHOS-30000468,servo tank gauge,CFIHOS-30000468,servo tank gauge,,real,True,sha256:a69b98012d9e4a46495a3aed48eef8ce75a69d001eaa28b4c38cb0f3c921909d,CORE CFIHOS V2.0 CSV/CFIHOS CORE tag class equipment class relationship v2.0.csv,707,source_reference_record,source_reference_record_unreviewed
CFIHOS-30000228,shale shaker,CFIHOS-30000228,shale shaker,,real,True,sha256:a69b98012d9e4a46495a3aed48eef8ce75a69d001eaa28b4c38cb0f3c921909d,CORE CFIHOS V2.0 CSV/CFIHOS CORE tag class equipment class relationship v2.0.csv,708,source_reference_record,source_reference_record_unreviewed
CFIHOS-30000739,shear ram,CFIHOS-30000739,shear ram,,real,True,sha256:a69b98012d9e4a46495a3aed48eef8ce75a69d001eaa28b4c38cb0f3c921909d,CORE CFIHOS V2.0 CSV/CFIHOS CORE tag class equipment class relationship v2.0.csv,709,source_reference_record,source_reference_record_unreviewed
CFIHOS-30000231,sheave,CFIHOS-30000231,sheave,,real,True,sha256:a69b98012d9e4a46495a3aed48eef8ce75a69d001eaa28b4c38cb0f3c921909d,CORE CFIHOS V2.0 CSV/CFIHOS CORE tag class equipment class relationship v2.0.csv,710,source_reference_record,source_reference_record_unreviewed
CFIHOS-30000590,shell,CFIHOS-30000590,shell,,real,True,sha256:a69b98012d9e4a46495a3aed48eef8ce75a69d001eaa28b4c38cb0f3c921909d,CORE CFIHOS V2.0 CSV/CFIHOS CORE tag class equipment class relationship v2.0.csv,711,source_reference_record,source_reference_record_unreviewed
CFIHOS-30000755,shell and tube heat exchanger,CFIHOS-30000755,shell and tube heat exchanger,,real,True,sha256:a69b98012d9e4a46495a3aed48eef8ce75a69d001eaa28b4c38cb0f3c921909d,CORE CFIHOS V2.0 CSV/CFIHOS CORE tag class equipment class relationship v2.0.csv,712,source_reference_record,source_reference_record_unreviewed
CFIHOS-30000995,shield door,CFIHOS-30000995,shield door,,real,True,sha256:a69b98012d9e4a46495a3aed48eef8ce75a69d001eaa28b4c38cb0f3c921909d,CORE CFIHOS V2.0 CSV/CFIHOS CORE tag class equipment class relationship v2.0.csv,713,source_reference_record,source_reference_record_unreviewed
CFIHOS-30000232,shut off damper,CFIHOS-30000232,shut off damper,,real,True,sha256:a69b98012d9e4a46495a3aed48eef8ce75a69d001eaa28b4c38cb0f3c921909d,CORE CFIHOS V2.0 CSV/CFIHOS CORE tag class equipment class relationship v2.0.csv,714,source_reference_record,source_reference_record_unreviewed
CFIHOS-30000233,side pocket mandrel,CFIHOS-30000233,side pocket mandrel,,real,True,sha256:a69b98012d9e4a46495a3aed48eef8ce75a69d001eaa28b4c38cb0f3c921909d,CORE CFIHOS V2.0 CSV/CFIHOS CORE tag class equipment class relationship v2.0.csv,715,source_reference_record,source_reference_record_unreviewed
CFIHOS-30000749,sight glass,CFIHOS-30000749,sight glass,,real,True,sha256:a69b98012d9e4a46495a3aed48eef8ce75a69d001eaa28b4c38cb0f3c921909d,CORE CFIHOS V2.0 CSV/CFIHOS CORE tag class equipment class relationship v2.0.csv,716,source_reference_record,source_reference_record_unreviewed
CFIHOS-30000996,sign,CFIHOS-30000996,sign,,real,True,sha256:a69b98012d9e4a46495a3aed48eef8ce75a69d001eaa28b4c38cb0f3c921909d,CORE CFIHOS V2.0 CSV/CFIHOS CORE tag class equipment class relationship v2.0.csv,717,source_reference_record,source_reference_record_unreviewed
CFIHOS-30000234,signal,CFIHOS-30000292,indicating instrument,,real,True,sha256:a69b98012d9e4a46495a3aed48eef8ce75a69d001eaa28b4c38cb0f3c921909d,CORE CFIHOS V2.0 CSV/CFIHOS CORE tag class equipment class relationship v2.0.csv,718,source_reference_record,source_reference_record_unreviewed
CFIHOS-30000365,signal cable,CFIHOS-30000365,signal cable,,real,True,sha256:a69b98012d9e4a46495a3aed48eef8ce75a69d001eaa28b4c38cb0f3c921909d,CORE CFIHOS V2.0 CSV/CFIHOS CORE tag class equipment class relationship v2.0.csv,719,source_reference_record,source_reference_record_unreviewed
CFIHOS-30000663,signal converter,CFIHOS-30000410,current to current converter,,real,True,sha256:a69b98012d9e4a46495a3aed48eef8ce75a69d001eaa28b4c38cb0f3c921909d,CORE CFIHOS V2.0 CSV/CFIHOS CORE tag class equipment class relationship v2.0.csv,720,source_reference_record,source_reference_record_unreviewed
CFIHOS-30000663,signal converter,CFIHOS-30000411,current to pressure converter,,real,True,sha256:a69b98012d9e4a46495a3aed48eef8ce75a69d001eaa28b4c38cb0f3c921909d,CORE CFIHOS V2.0 CSV/CFIHOS CORE tag class equipment class relationship v2.0.csv,721,source_reference_record,source_reference_record_unreviewed
CFIHOS-30000663,signal converter,CFIHOS-30000412,current to voltage converter,,real,True,sha256:a69b98012d9e4a46495a3aed48eef8ce75a69d001eaa28b4c38cb0f3c921909d,CORE CFIHOS V2.0 CSV/CFIHOS CORE tag class equipment class relationship v2.0.csv,722,source_reference_record,source_reference_record_unreviewed
CFIHOS-30000663,signal converter,CFIHOS-30000431,frequency to current converter,,real,True,sha256:a69b98012d9e4a46495a3aed48eef8ce75a69d001eaa28b4c38cb0f3c921909d,CORE CFIHOS V2.0 CSV/CFIHOS CORE tag class equipment class relationship v2.0.csv,723,source_reference_record,source_reference_record_unreviewed
CFIHOS-30000663,signal converter,CFIHOS-30000455,pressure to current converter,,real,True,sha256:a69b98012d9e4a46495a3aed48eef8ce75a69d001eaa28b4c38cb0f3c921909d,CORE CFIHOS V2.0 CSV/CFIHOS CORE tag class equipment class relationship v2.0.csv,724,source_reference_record,source_reference_record_unreviewed
CFIHOS-30000663,signal converter,CFIHOS-30000490,voltage to current converter,,real,True,sha256:a69b98012d9e4a46495a3aed48eef8ce75a69d001eaa28b4c38cb0f3c921909d,CORE CFIHOS V2.0 CSV/CFIHOS CORE tag class equipment class relationship v2.0.csv,725,source_reference_record,source_reference_record_unreviewed
CFIHOS-30000951,signal receiver,CFIHOS-30000951,signal receiver,,real,True,sha256:a69b98012d9e4a46495a3aed48eef8ce75a69d001eaa28b4c38cb0f3c921909d,CORE CFIHOS V2.0 CSV/CFIHOS CORE tag class equipment class relationship v2.0.csv,726,source_reference_record,source_reference_record_unreviewed
CFIHOS-30000235,signal splitter,CFIHOS-30000235,signal splitter,,real,True,sha256:a69b98012d9e4a46495a3aed48eef8ce75a69d001eaa28b4c38cb0f3c921909d,CORE CFIHOS V2.0 CSV/CFIHOS CORE tag class equipment class relationship v2.0.csv,727,source_reference_record,source_reference_record_unreviewed
CFIHOS-30000514,silencer,CFIHOS-30000514,silencer,,real,True,sha256:a69b98012d9e4a46495a3aed48eef8ce75a69d001eaa28b4c38cb0f3c921909d,CORE CFIHOS V2.0 CSV/CFIHOS CORE tag class equipment class relationship v2.0.csv,728,source_reference_record,source_reference_record_unreviewed
CFIHOS-30001027,silo,CFIHOS-30001027,silo,Required by owner-operators,real,True,sha256:a69b98012d9e4a46495a3aed48eef8ce75a69d001eaa28b4c38cb0f3c921909d,CORE CFIHOS V2.0 CSV/CFIHOS CORE tag class equipment class relationship v2.0.csv,729,source_reference_record,source_reference_record_unreviewed
CFIHOS-30000236,single buoy mooring,CFIHOS-30000236,single buoy mooring,,real,True,sha256:a69b98012d9e4a46495a3aed48eef8ce75a69d001eaa28b4c38cb0f3c921909d,CORE CFIHOS V2.0 CSV/CFIHOS CORE tag class equipment class relationship v2.0.csv,730,source_reference_record,source_reference_record_unreviewed
CFIHOS-30000237,sink,CFIHOS-30000237,sink,,real,True,sha256:a69b98012d9e4a46495a3aed48eef8ce75a69d001eaa28b4c38cb0f3c921909d,CORE CFIHOS V2.0 CSV/CFIHOS CORE tag class equipment class relationship v2.0.csv,731,source_reference_record,source_reference_record_unreviewed
CFIHOS-30000744,siren,CFIHOS-30000744,siren,,real,True,sha256:a69b98012d9e4a46495a3aed48eef8ce75a69d001eaa28b4c38cb0f3c921909d,CORE CFIHOS V2.0 CSV/CFIHOS CORE tag class equipment class relationship v2.0.csv,732,source_reference_record,source_reference_record_unreviewed
CFIHOS-30000239,skimmer,CFIHOS-30000239,skimmer,,real,True,sha256:a69b98012d9e4a46495a3aed48eef8ce75a69d001eaa28b4c38cb0f3c921909d,CORE CFIHOS V2.0 CSV/CFIHOS CORE tag class equipment class relationship v2.0.csv,733,source_reference_record,source_reference_record_unreviewed
CFIHOS-30000570,slat conveyor,CFIHOS-30000570,slat conveyor,,real,True,sha256:a69b98012d9e4a46495a3aed48eef8ce75a69d001eaa28b4c38cb0f3c921909d,CORE CFIHOS V2.0 CSV/CFIHOS CORE tag class equipment class relationship v2.0.csv,734,source_reference_record,source_reference_record_unreviewed
CFIHOS-30000865,slide control valve,CFIHOS-30000865,slide control valve,,real,True,sha256:a69b98012d9e4a46495a3aed48eef8ce75a69d001eaa28b4c38cb0f3c921909d,CORE CFIHOS V2.0 CSV/CFIHOS CORE tag class equipment class relationship v2.0.csv,735,source_reference_record,source_reference_record_unreviewed
CFIHOS-30000866,slide valve,CFIHOS-30000866,slide valve,,real,True,sha256:a69b98012d9e4a46495a3aed48eef8ce75a69d001eaa28b4c38cb0f3c921909d,CORE CFIHOS V2.0 CSV/CFIHOS CORE tag class equipment class relationship v2.0.csv,736,source_reference_record,source_reference_record_unreviewed
CFIHOS-30000629,slip ring,CFIHOS-30000629,slip ring,,real,True,sha256:a69b98012d9e4a46495a3aed48eef8ce75a69d001eaa28b4c38cb0f3c921909d,CORE CFIHOS V2.0 CSV/CFIHOS CORE tag class equipment class relationship v2.0.csv,737,source_reference_record,source_reference_record_unreviewed
CFIHOS-30000919,slips,CFIHOS-30000919,slips,,real,True,sha256:a69b98012d9e4a46495a3aed48eef8ce75a69d001eaa28b4c38cb0f3c921909d,CORE CFIHOS V2.0 CSV/CFIHOS CORE tag class equipment class relationship v2.0.csv,738,source_reference_record,source_reference_record_unreviewed
CFIHOS-30000591,slug catcher,CFIHOS-30000591,slug catcher,,real,True,sha256:a69b98012d9e4a46495a3aed48eef8ce75a69d001eaa28b4c38cb0f3c921909d,CORE CFIHOS V2.0 CSV/CFIHOS CORE tag class equipment class relationship v2.0.csv,739,source_reference_record,source_reference_record_unreviewed
CFIHOS-30000470,smoke detector,CFIHOS-30000470,smoke detector,,real,True,sha256:a69b98012d9e4a46495a3aed48eef8ce75a69d001eaa28b4c38cb0f3c921909d,CORE CFIHOS V2.0 CSV/CFIHOS CORE tag class equipment class relationship v2.0.csv,740,source_reference_record,source_reference_record_unreviewed
CFIHOS-30000240,snatch block,CFIHOS-30000240,snatch block,,real,True,sha256:a69b98012d9e4a46495a3aed48eef8ce75a69d001eaa28b4c38cb0f3c921909d,CORE CFIHOS V2.0 CSV/CFIHOS CORE tag class equipment class relationship v2.0.csv,741,source_reference_record,source_reference_record_unreviewed
CFIHOS-30000740,solar panel,CFIHOS-30000740,solar panel,,real,True,sha256:a69b98012d9e4a46495a3aed48eef8ce75a69d001eaa28b4c38cb0f3c921909d,CORE CFIHOS V2.0 CSV/CFIHOS CORE tag class equipment class relationship v2.0.csv,742,source_reference_record,source_reference_record_unreviewed
CFIHOS-30000368,solenoid,CFIHOS-30000368,solenoid,,real,True,sha256:a69b98012d9e4a46495a3aed48eef8ce75a69d001eaa28b4c38cb0f3c921909d,CORE CFIHOS V2.0 CSV/CFIHOS CORE tag class equipment class relationship v2.0.csv,743,source_reference_record,source_reference_record_unreviewed
CFIHOS-30000681,solenoid valve,CFIHOS-30000681,solenoid valve,,real,True,sha256:a69b98012d9e4a46495a3aed48eef8ce75a69d001eaa28b4c38cb0f3c921909d,CORE CFIHOS V2.0 CSV/CFIHOS CORE tag class equipment class relationship v2.0.csv,744,source_reference_record,source_reference_record_unreviewed
CFIHOS-30000242,solid composition analyser,CFIHOS-30000242,solid composition analyser,,real,True,sha256:a69b98012d9e4a46495a3aed48eef8ce75a69d001eaa28b4c38cb0f3c921909d,CORE CFIHOS V2.0 CSV/CFIHOS CORE tag class equipment class relationship v2.0.csv,745,source_reference_record,source_reference_record_unreviewed
CFIHOS-30000244,sound attenuator,CFIHOS-30000244,sound attenuator,,real,True,sha256:a69b98012d9e4a46495a3aed48eef8ce75a69d001eaa28b4c38cb0f3c921909d,CORE CFIHOS V2.0 CSV/CFIHOS CORE tag class equipment class relationship v2.0.csv,746,source_reference_record,source_reference_record_unreviewed
CFIHOS-30000245,sound pressure level analyser,CFIHOS-30000245,sound pressure level analyser,,real,True,sha256:a69b98012d9e4a46495a3aed48eef8ce75a69d001eaa28b4c38cb0f3c921909d,CORE CFIHOS V2.0 CSV/CFIHOS CORE tag class equipment class relationship v2.0.csv,747,source_reference_record,source_reference_record_unreviewed
CFIHOS-30000555,spacer,CFIHOS-30000555,spacer,,real,True,sha256:a69b98012d9e4a46495a3aed48eef8ce75a69d001eaa28b4c38cb0f3c921909d,CORE CFIHOS V2.0 CSV/CFIHOS CORE tag class equipment class relationship v2.0.csv,748,source_reference_record,source_reference_record_unreviewed
CFIHOS-30000246,spark arrestor,CFIHOS-30000246,spark arrestor,,real,True,sha256:a69b98012d9e4a46495a3aed48eef8ce75a69d001eaa28b4c38cb0f3c921909d,CORE CFIHOS V2.0 CSV/CFIHOS CORE tag class equipment class relationship v2.0.csv,749,source_reference_record,source_reference_record_unreviewed
CFIHOS-30000247,special tool,CFIHOS-30000247,special tool,,real,True,sha256:a69b98012d9e4a46495a3aed48eef8ce75a69d001eaa28b4c38cb0f3c921909d,CORE CFIHOS V2.0 CSV/CFIHOS CORE tag class equipment class relationship v2.0.csv,750,source_reference_record,source_reference_record_unreviewed
CFIHOS-30000248,specific gravity analyser,CFIHOS-30000248,specific gravity analyser,,real,True,sha256:a69b98012d9e4a46495a3aed48eef8ce75a69d001eaa28b4c38cb0f3c921909d,CORE CFIHOS V2.0 CSV/CFIHOS CORE tag class equipment class relationship v2.0.csv,751,source_reference_record,source_reference_record_unreviewed
CFIHOS-30000503,spectacle blind,CFIHOS-30000503,spectacle blind,,real,True,sha256:a69b98012d9e4a46495a3aed48eef8ce75a69d001eaa28b4c38cb0f3c921909d,CORE CFIHOS V2.0 CSV/CFIHOS CORE tag class equipment class relationship v2.0.csv,752,source_reference_record,source_reference_record_unreviewed
CFIHOS-30000471,speed meter,CFIHOS-30000471,speed meter,,real,True,sha256:a69b98012d9e4a46495a3aed48eef8ce75a69d001eaa28b4c38cb0f3c921909d,CORE CFIHOS V2.0 CSV/CFIHOS CORE tag class equipment class relationship v2.0.csv,753,source_reference_record,source_reference_record_unreviewed
CFIHOS-30000690,speed switch,CFIHOS-30000690,speed switch,,real,True,sha256:a69b98012d9e4a46495a3aed48eef8ce75a69d001eaa28b4c38cb0f3c921909d,CORE CFIHOS V2.0 CSV/CFIHOS CORE tag class equipment class relationship v2.0.csv,754,source_reference_record,source_reference_record_unreviewed
CFIHOS-30000472,speed transmitter,CFIHOS-30000472,speed transmitter,,real,True,sha256:a69b98012d9e4a46495a3aed48eef8ce75a69d001eaa28b4c38cb0f3c921909d,CORE CFIHOS V2.0 CSV/CFIHOS CORE tag class equipment class relationship v2.0.csv,755,source_reference_record,source_reference_record_unreviewed
CFIHOS-30000867,spiral heat exchanger,CFIHOS-30000867,spiral heat exchanger,,real,True,sha256:a69b98012d9e4a46495a3aed48eef8ce75a69d001eaa28b4c38cb0f3c921909d,CORE CFIHOS V2.0 CSV/CFIHOS CORE tag class equipment class relationship v2.0.csv,756,source_reference_record,source_reference_record_unreviewed
CFIHOS-30000504,spool piece,CFIHOS-30000504,spool piece,,real,True,sha256:a69b98012d9e4a46495a3aed48eef8ce75a69d001eaa28b4c38cb0f3c921909d,CORE CFIHOS V2.0 CSV/CFIHOS CORE tag class equipment class relationship v2.0.csv,757,source_reference_record,source_reference_record_unreviewed
CFIHOS-30000657,spray nozzle,CFIHOS-30000657,spray nozzle,,real,True,sha256:a69b98012d9e4a46495a3aed48eef8ce75a69d001eaa28b4c38cb0f3c921909d,CORE CFIHOS V2.0 CSV/CFIHOS CORE tag class equipment class relationship v2.0.csv,758,source_reference_record,source_reference_record_unreviewed
CFIHOS-30000249,spreader bar,CFIHOS-30000249,spreader bar,,real,True,sha256:a69b98012d9e4a46495a3aed48eef8ce75a69d001eaa28b4c38cb0f3c921909d,CORE CFIHOS V2.0 CSV/CFIHOS CORE tag class equipment class relationship v2.0.csv,759,source_reference_record,source_reference_record_unreviewed
CFIHOS-30000250,spring support,CFIHOS-30000250,spring support,,real,True,sha256:a69b98012d9e4a46495a3aed48eef8ce75a69d001eaa28b4c38cb0f3c921909d,CORE CFIHOS V2.0 CSV/CFIHOS CORE tag class equipment class relationship v2.0.csv,760,source_reference_record,source_reference_record_unreviewed
CFIHOS-30000868,stabilizer column,CFIHOS-30000868,stabilizer column,,real,True,sha256:a69b98012d9e4a46495a3aed48eef8ce75a69d001eaa28b4c38cb0f3c921909d,CORE CFIHOS V2.0 CSV/CFIHOS CORE tag class equipment class relationship v2.0.csv,761,source_reference_record,source_reference_record_unreviewed
CFIHOS-30000251,stack,CFIHOS-30000251,stack,,real,True,sha256:a69b98012d9e4a46495a3aed48eef8ce75a69d001eaa28b4c38cb0f3c921909d,CORE CFIHOS V2.0 CSV/CFIHOS CORE tag class equipment class relationship v2.0.csv,762,source_reference_record,source_reference_record_unreviewed
CFIHOS-30000997,staircase,CFIHOS-30000997,staircase,,real,True,sha256:a69b98012d9e4a46495a3aed48eef8ce75a69d001eaa28b4c38cb0f3c921909d,CORE CFIHOS V2.0 CSV/CFIHOS CORE tag class equipment class relationship v2.0.csv,763,source_reference_record,source_reference_record_unreviewed
CFIHOS-30000630,static mixer,CFIHOS-30000630,static mixer,,real,True,sha256:a69b98012d9e4a46495a3aed48eef8ce75a69d001eaa28b4c38cb0f3c921909d,CORE CFIHOS V2.0 CSV/CFIHOS CORE tag class equipment class relationship v2.0.csv,764,source_reference_record,source_reference_record_unreviewed
CFIHOS-30000505,steam trap,CFIHOS-30000505,steam trap,,real,True,sha256:a69b98012d9e4a46495a3aed48eef8ce75a69d001eaa28b4c38cb0f3c921909d,CORE CFIHOS V2.0 CSV/CFIHOS CORE tag class equipment class relationship v2.0.csv,765,source_reference_record,source_reference_record_unreviewed
CFIHOS-30000556,steam turbine,CFIHOS-30000556,steam turbine,,real,True,sha256:a69b98012d9e4a46495a3aed48eef8ce75a69d001eaa28b4c38cb0f3c921909d,CORE CFIHOS V2.0 CSV/CFIHOS CORE tag class equipment class relationship v2.0.csv,766,source_reference_record,source_reference_record_unreviewed
CFIHOS-30000920,storm water drain,CFIHOS-30000907,outfall,,real,True,sha256:a69b98012d9e4a46495a3aed48eef8ce75a69d001eaa28b4c38cb0f3c921909d,CORE CFIHOS V2.0 CSV/CFIHOS CORE tag class equipment class relationship v2.0.csv,767,source_reference_record,source_reference_record_unreviewed
CFIHOS-30000506,strainer,CFIHOS-30000506,strainer,,real,True,sha256:a69b98012d9e4a46495a3aed48eef8ce75a69d001eaa28b4c38cb0f3c921909d,CORE CFIHOS V2.0 CSV/CFIHOS CORE tag class equipment class relationship v2.0.csv,768,source_reference_record,source_reference_record_unreviewed
CFIHOS-30000921,stretcher,CFIHOS-30000921,stretcher,,real,True,sha256:a69b98012d9e4a46495a3aed48eef8ce75a69d001eaa28b4c38cb0f3c921909d,CORE CFIHOS V2.0 CSV/CFIHOS CORE tag class equipment class relationship v2.0.csv,769,source_reference_record,source_reference_record_unreviewed
CFIHOS-30000592,stripper,CFIHOS-30000592,stripper,,real,True,sha256:a69b98012d9e4a46495a3aed48eef8ce75a69d001eaa28b4c38cb0f3c921909d,CORE CFIHOS V2.0 CSV/CFIHOS CORE tag class equipment class relationship v2.0.csv,770,source_reference_record,source_reference_record_unreviewed
CFIHOS-30000869,stripper column,CFIHOS-30000869,stripper column,,real,True,sha256:a69b98012d9e4a46495a3aed48eef8ce75a69d001eaa28b4c38cb0f3c921909d,CORE CFIHOS V2.0 CSV/CFIHOS CORE tag class equipment class relationship v2.0.csv,771,source_reference_record,source_reference_record_unreviewed
CFIHOS-30000253,stroke length adjuster,CFIHOS-30000253,stroke length adjuster,,real,True,sha256:a69b98012d9e4a46495a3aed48eef8ce75a69d001eaa28b4c38cb0f3c921909d,CORE CFIHOS V2.0 CSV/CFIHOS CORE tag class equipment class relationship v2.0.csv,772,source_reference_record,source_reference_record_unreviewed
CFIHOS-30000998,structural ancillary frame,CFIHOS-30000998,structural ancillary frame,,real,True,sha256:a69b98012d9e4a46495a3aed48eef8ce75a69d001eaa28b4c38cb0f3c921909d,CORE CFIHOS V2.0 CSV/CFIHOS CORE tag class equipment class relationship v2.0.csv,773,source_reference_record,source_reference_record_unreviewed
CFIHOS-30000999,structural cell wall,CFIHOS-30000999,structural cell wall,,real,True,sha256:a69b98012d9e4a46495a3aed48eef8ce75a69d001eaa28b4c38cb0f3c921909d,CORE CFIHOS V2.0 CSV/CFIHOS CORE tag class equipment class relationship v2.0.csv,774,source_reference_record,source_reference_record_unreviewed
CFIHOS-30001000,structural floor,CFIHOS-30001000,structural floor,,real,True,sha256:a69b98012d9e4a46495a3aed48eef8ce75a69d001eaa28b4c38cb0f3c921909d,CORE CFIHOS V2.0 CSV/CFIHOS CORE tag class equipment class relationship v2.0.csv,775,source_reference_record,source_reference_record_unreviewed
CFIHOS-30001001,structural frame,CFIHOS-30001001,structural frame,,real,True,sha256:a69b98012d9e4a46495a3aed48eef8ce75a69d001eaa28b4c38cb0f3c921909d,CORE CFIHOS V2.0 CSV/CFIHOS CORE tag class equipment class relationship v2.0.csv,776,source_reference_record,source_reference_record_unreviewed
CFIHOS-30001002,structural wall,CFIHOS-30001002,structural wall,,real,True,sha256:a69b98012d9e4a46495a3aed48eef8ce75a69d001eaa28b4c38cb0f3c921909d,CORE CFIHOS V2.0 CSV/CFIHOS CORE tag class equipment class relationship v2.0.csv,777,source_reference_record,source_reference_record_unreviewed
CFIHOS-30000870,submersible connector,CFIHOS-30000870,submersible connector,,real,True,sha256:a69b98012d9e4a46495a3aed48eef8ce75a69d001eaa28b4c38cb0f3c921909d,CORE CFIHOS V2.0 CSV/CFIHOS CORE tag class equipment class relationship v2.0.csv,778,source_reference_record,source_reference_record_unreviewed
CFIHOS-30000712,subsea bore protector,CFIHOS-30000712,subsea bore protector,,real,True,sha256:a69b98012d9e4a46495a3aed48eef8ce75a69d001eaa28b4c38cb0f3c921909d,CORE CFIHOS V2.0 CSV/CFIHOS CORE tag class equipment class relationship v2.0.csv,779,source_reference_record,source_reference_record_unreviewed
CFIHOS-30000923,subsea cable,CFIHOS-30000360,power cable,,real,True,sha256:a69b98012d9e4a46495a3aed48eef8ce75a69d001eaa28b4c38cb0f3c921909d,CORE CFIHOS V2.0 CSV/CFIHOS CORE tag class equipment class relationship v2.0.csv,780,source_reference_record,source_reference_record_unreviewed
CFIHOS-30000923,subsea cable,CFIHOS-30000923,subsea cable,,real,True,sha256:a69b98012d9e4a46495a3aed48eef8ce75a69d001eaa28b4c38cb0f3c921909d,CORE CFIHOS V2.0 CSV/CFIHOS CORE tag class equipment class relationship v2.0.csv,781,source_reference_record,source_reference_record_unreviewed
CFIHOS-30000924,subsea configuration plate,CFIHOS-30000725,subsea umbilical,,real,True,sha256:a69b98012d9e4a46495a3aed48eef8ce75a69d001eaa28b4c38cb0f3c921909d,CORE CFIHOS V2.0 CSV/CFIHOS CORE tag class equipment class relationship v2.0.csv,782,source_reference_record,source_reference_record_unreviewed
CFIHOS-30000736,subsea control module,CFIHOS-30000736,subsea control module,,real,True,sha256:a69b98012d9e4a46495a3aed48eef8ce75a69d001eaa28b4c38cb0f3c921909d,CORE CFIHOS V2.0 CSV/CFIHOS CORE tag class equipment class relationship v2.0.csv,783,source_reference_record,source_reference_record_unreviewed
CFIHOS-30000713,subsea distributed temperature sensing fiber optic pod,CFIHOS-30000713,subsea distributed temperature sensing fiber optic pod,,real,True,sha256:a69b98012d9e4a46495a3aed48eef8ce75a69d001eaa28b4c38cb0f3c921909d,CORE CFIHOS V2.0 CSV/CFIHOS CORE tag class equipment class relationship v2.0.csv,784,source_reference_record,source_reference_record_unreviewed
CFIHOS-30000679,subsea distribution unit,CFIHOS-30000679,subsea distribution unit,,real,True,sha256:a69b98012d9e4a46495a3aed48eef8ce75a69d001eaa28b4c38cb0f3c921909d,CORE CFIHOS V2.0 CSV/CFIHOS CORE tag class equipment class relationship v2.0.csv,785,source_reference_record,source_reference_record_unreviewed
CFIHOS-30000714,subsea flexible flowline,CFIHOS-30000714,subsea flexible flowline,,real,True,sha256:a69b98012d9e4a46495a3aed48eef8ce75a69d001eaa28b4c38cb0f3c921909d,CORE CFIHOS V2.0 CSV/CFIHOS CORE tag class equipment class relationship v2.0.csv,786,source_reference_record,source_reference_record_unreviewed
CFIHOS-30000737,subsea guide base,CFIHOS-30000737,subsea guide base,,real,True,sha256:a69b98012d9e4a46495a3aed48eef8ce75a69d001eaa28b4c38cb0f3c921909d,CORE CFIHOS V2.0 CSV/CFIHOS CORE tag class equipment class relationship v2.0.csv,787,source_reference_record,source_reference_record_unreviewed
CFIHOS-30000716,subsea hang-off and pull assembly,CFIHOS-30000716,subsea hang-off and pull assembly,,real,True,sha256:a69b98012d9e4a46495a3aed48eef8ce75a69d001eaa28b4c38cb0f3c921909d,CORE CFIHOS V2.0 CSV/CFIHOS CORE tag class equipment class relationship v2.0.csv,788,source_reference_record,source_reference_record_unreviewed
CFIHOS-30000715,subsea hanger recovery,CFIHOS-30000715,subsea hanger recovery,,real,True,sha256:a69b98012d9e4a46495a3aed48eef8ce75a69d001eaa28b4c38cb0f3c921909d,CORE CFIHOS V2.0 CSV/CFIHOS CORE tag class equipment class relationship v2.0.csv,789,source_reference_record,source_reference_record_unreviewed
CFIHOS-30000717,subsea installation workover control,CFIHOS-30000717,subsea installation workover control,,real,True,sha256:a69b98012d9e4a46495a3aed48eef8ce75a69d001eaa28b4c38cb0f3c921909d,CORE CFIHOS V2.0 CSV/CFIHOS CORE tag class equipment class relationship v2.0.csv,790,source_reference_record,source_reference_record_unreviewed
CFIHOS-30000718,subsea jumper,CFIHOS-30000718,subsea jumper,,real,True,sha256:a69b98012d9e4a46495a3aed48eef8ce75a69d001eaa28b4c38cb0f3c921909d,CORE CFIHOS V2.0 CSV/CFIHOS CORE tag class equipment class relationship v2.0.csv,791,source_reference_record,source_reference_record_unreviewed
CFIHOS-30000719,subsea manifold support frame,CFIHOS-30000719,subsea manifold support frame,,real,True,sha256:a69b98012d9e4a46495a3aed48eef8ce75a69d001eaa28b4c38cb0f3c921909d,CORE CFIHOS V2.0 CSV/CFIHOS CORE tag class equipment class relationship v2.0.csv,792,source_reference_record,source_reference_record_unreviewed
CFIHOS-30000720,subsea mudmat,CFIHOS-30000720,subsea mudmat,,real,True,sha256:a69b98012d9e4a46495a3aed48eef8ce75a69d001eaa28b4c38cb0f3c921909d,CORE CFIHOS V2.0 CSV/CFIHOS CORE tag class equipment class relationship v2.0.csv,793,source_reference_record,source_reference_record_unreviewed
CFIHOS-30000721,subsea pipeline crossing support,CFIHOS-30000721,subsea pipeline crossing support,,real,True,sha256:a69b98012d9e4a46495a3aed48eef8ce75a69d001eaa28b4c38cb0f3c921909d,CORE CFIHOS V2.0 CSV/CFIHOS CORE tag class equipment class relationship v2.0.csv,794,source_reference_record,source_reference_record_unreviewed
CFIHOS-30000953,subsea power and communication unit,CFIHOS-30000953,subsea power and communication unit,,real,True,sha256:a69b98012d9e4a46495a3aed48eef8ce75a69d001eaa28b4c38cb0f3c921909d,CORE CFIHOS V2.0 CSV/CFIHOS CORE tag class equipment class relationship v2.0.csv,795,source_reference_record,source_reference_record_unreviewed
CFIHOS-30000722,subsea protection structure,CFIHOS-30000722,subsea protection structure,,real,True,sha256:a69b98012d9e4a46495a3aed48eef8ce75a69d001eaa28b4c38cb0f3c921909d,CORE CFIHOS V2.0 CSV/CFIHOS CORE tag class equipment class relationship v2.0.csv,796,source_reference_record,source_reference_record_unreviewed
CFIHOS-30000723,subsea remote operated tool,CFIHOS-30000723,subsea remote operated tool,,real,True,sha256:a69b98012d9e4a46495a3aed48eef8ce75a69d001eaa28b4c38cb0f3c921909d,CORE CFIHOS V2.0 CSV/CFIHOS CORE tag class equipment class relationship v2.0.csv,797,source_reference_record,source_reference_record_unreviewed
CFIHOS-30000724,subsea remotely operated vehicle,CFIHOS-30000724,subsea remotely operated vehicle,,real,True,sha256:a69b98012d9e4a46495a3aed48eef8ce75a69d001eaa28b4c38cb0f3c921909d,CORE CFIHOS V2.0 CSV/CFIHOS CORE tag class equipment class relationship v2.0.csv,798,source_reference_record,source_reference_record_unreviewed
CFIHOS-30000954,subsea suction pile,CFIHOS-30000954,subsea suction pile,,real,True,sha256:a69b98012d9e4a46495a3aed48eef8ce75a69d001eaa28b4c38cb0f3c921909d,CORE CFIHOS V2.0 CSV/CFIHOS CORE tag class equipment class relationship v2.0.csv,799,source_reference_record,source_reference_record_unreviewed
CFIHOS-30000725,subsea umbilical,CFIHOS-30000725,subsea umbilical,,real,True,sha256:a69b98012d9e4a46495a3aed48eef8ce75a69d001eaa28b4c38cb0f3c921909d,CORE CFIHOS V2.0 CSV/CFIHOS CORE tag class equipment class relationship v2.0.csv,800,source_reference_record,source_reference_record_unreviewed
CFIHOS-30000254,sump,CFIHOS-30000254,sump,,real,True,sha256:a69b98012d9e4a46495a3aed48eef8ce75a69d001eaa28b4c38cb0f3c921909d,CORE CFIHOS V2.0 CSV/CFIHOS CORE tag class equipment class relationship v2.0.csv,801,source_reference_record,source_reference_record_unreviewed
CFIHOS-30001003,superstructure,CFIHOS-30001003,superstructure,,real,True,sha256:a69b98012d9e4a46495a3aed48eef8ce75a69d001eaa28b4c38cb0f3c921909d,CORE CFIHOS V2.0 CSV/CFIHOS CORE tag class equipment class relationship v2.0.csv,802,source_reference_record,source_reference_record_unreviewed
CFIHOS-30001004,surface water collection system,CFIHOS-30001004,surface water collection system,,real,True,sha256:a69b98012d9e4a46495a3aed48eef8ce75a69d001eaa28b4c38cb0f3c921909d,CORE CFIHOS V2.0 CSV/CFIHOS CORE tag class equipment class relationship v2.0.csv,803,source_reference_record,source_reference_record_unreviewed
CFIHOS-30000732,surge protection,CFIHOS-30000732,surge protection,,real,True,sha256:a69b98012d9e4a46495a3aed48eef8ce75a69d001eaa28b4c38cb0f3c921909d,CORE CFIHOS V2.0 CSV/CFIHOS CORE tag class equipment class relationship v2.0.csv,804,source_reference_record,source_reference_record_unreviewed
CFIHOS-30000873,swing check valve,CFIHOS-30000873,swing check valve,,real,True,sha256:a69b98012d9e4a46495a3aed48eef8ce75a69d001eaa28b4c38cb0f3c921909d,CORE CFIHOS V2.0 CSV/CFIHOS CORE tag class equipment class relationship v2.0.csv,805,source_reference_record,source_reference_record_unreviewed
CFIHOS-30000369,switchboard,CFIHOS-30000369,switchboard,,real,True,sha256:a69b98012d9e4a46495a3aed48eef8ce75a69d001eaa28b4c38cb0f3c921909d,CORE CFIHOS V2.0 CSV/CFIHOS CORE tag class equipment class relationship v2.0.csv,806,source_reference_record,source_reference_record_unreviewed
CFIHOS-30000370,switchgear and controlgear,CFIHOS-30000370,switchgear and controlgear,,real,True,sha256:a69b98012d9e4a46495a3aed48eef8ce75a69d001eaa28b4c38cb0f3c921909d,CORE CFIHOS V2.0 CSV/CFIHOS CORE tag class equipment class relationship v2.0.csv,807,source_reference_record,source_reference_record_unreviewed
CFIHOS-30000255,swivel joint,CFIHOS-30000255,swivel joint,,real,True,sha256:a69b98012d9e4a46495a3aed48eef8ce75a69d001eaa28b4c38cb0f3c921909d,CORE CFIHOS V2.0 CSV/CFIHOS CORE tag class equipment class relationship v2.0.csv,808,source_reference_record,source_reference_record_unreviewed
CFIHOS-30000925,system panel,CFIHOS-30000925,system panel,,real,True,sha256:a69b98012d9e4a46495a3aed48eef8ce75a69d001eaa28b4c38cb0f3c921909d,CORE CFIHOS V2.0 CSV/CFIHOS CORE tag class equipment class relationship v2.0.csv,809,source_reference_record,source_reference_record_unreviewed
CFIHOS-30000593,tank,CFIHOS-30000593,tank,,real,True,sha256:a69b98012d9e4a46495a3aed48eef8ce75a69d001eaa28b4c38cb0f3c921909d,CORE CFIHOS V2.0 CSV/CFIHOS CORE tag class equipment class relationship v2.0.csv,810,source_reference_record,source_reference_record_unreviewed
CFIHOS-30000955,tap,CFIHOS-30000955,tap,,real,True,sha256:a69b98012d9e4a46495a3aed48eef8ce75a69d001eaa28b4c38cb0f3c921909d,CORE CFIHOS V2.0 CSV/CFIHOS CORE tag class equipment class relationship v2.0.csv,811,source_reference_record,source_reference_record_unreviewed
CFIHOS-30000257,tape drive,CFIHOS-30000257,tape drive,,real,True,sha256:a69b98012d9e4a46495a3aed48eef8ce75a69d001eaa28b4c38cb0f3c921909d,CORE CFIHOS V2.0 CSV/CFIHOS CORE tag class equipment class relationship v2.0.csv,812,source_reference_record,source_reference_record_unreviewed
CFIHOS-30000658,telecom gateway,CFIHOS-30000658,telecom gateway,,real,True,sha256:a69b98012d9e4a46495a3aed48eef8ce75a69d001eaa28b4c38cb0f3c921909d,CORE CFIHOS V2.0 CSV/CFIHOS CORE tag class equipment class relationship v2.0.csv,813,source_reference_record,source_reference_record_unreviewed
CFIHOS-30000371,telephone,CFIHOS-30000371,telephone,,real,True,sha256:a69b98012d9e4a46495a3aed48eef8ce75a69d001eaa28b4c38cb0f3c921909d,CORE CFIHOS V2.0 CSV/CFIHOS CORE tag class equipment class relationship v2.0.csv,814,source_reference_record,source_reference_record_unreviewed
CFIHOS-30000372,temperature detector,CFIHOS-30000372,temperature detector,,real,True,sha256:a69b98012d9e4a46495a3aed48eef8ce75a69d001eaa28b4c38cb0f3c921909d,CORE CFIHOS V2.0 CSV/CFIHOS CORE tag class equipment class relationship v2.0.csv,815,source_reference_record,source_reference_record_unreviewed
CFIHOS-30000674,temperature element,CFIHOS-30000463,resistance temperature element,,real,True,sha256:a69b98012d9e4a46495a3aed48eef8ce75a69d001eaa28b4c38cb0f3c921909d,CORE CFIHOS V2.0 CSV/CFIHOS CORE tag class equipment class relationship v2.0.csv,816,source_reference_record,source_reference_record_unreviewed
CFIHOS-30000674,temperature element,CFIHOS-30000478,thermocouple,,real,True,sha256:a69b98012d9e4a46495a3aed48eef8ce75a69d001eaa28b4c38cb0f3c921909d,CORE CFIHOS V2.0 CSV/CFIHOS CORE tag class equipment class relationship v2.0.csv,817,source_reference_record,source_reference_record_unreviewed
CFIHOS-30000473,temperature gauge,CFIHOS-30000473,temperature gauge,,real,True,sha256:a69b98012d9e4a46495a3aed48eef8ce75a69d001eaa28b4c38cb0f3c921909d,CORE CFIHOS V2.0 CSV/CFIHOS CORE tag class equipment class relationship v2.0.csv,818,source_reference_record,source_reference_record_unreviewed
CFIHOS-30000258,temperature instrument,CFIHOS-30000258,temperature instrument,,real,True,sha256:a69b98012d9e4a46495a3aed48eef8ce75a69d001eaa28b4c38cb0f3c921909d,CORE CFIHOS V2.0 CSV/CFIHOS CORE tag class equipment class relationship v2.0.csv,819,source_reference_record,source_reference_record_unreviewed
CFIHOS-30000474,temperature regulator,CFIHOS-30000474,temperature regulator,,real,True,sha256:a69b98012d9e4a46495a3aed48eef8ce75a69d001eaa28b4c38cb0f3c921909d,CORE CFIHOS V2.0 CSV/CFIHOS CORE tag class equipment class relationship v2.0.csv,820,source_reference_record,source_reference_record_unreviewed
CFIHOS-30000475,temperature switch,CFIHOS-30000475,temperature switch,,real,True,sha256:a69b98012d9e4a46495a3aed48eef8ce75a69d001eaa28b4c38cb0f3c921909d,CORE CFIHOS V2.0 CSV/CFIHOS CORE tag class equipment class relationship v2.0.csv,821,source_reference_record,source_reference_record_unreviewed
CFIHOS-30000476,temperature transmitter,CFIHOS-30000476,temperature transmitter,,real,True,sha256:a69b98012d9e4a46495a3aed48eef8ce75a69d001eaa28b4c38cb0f3c921909d,CORE CFIHOS V2.0 CSV/CFIHOS CORE tag class equipment class relationship v2.0.csv,822,source_reference_record,source_reference_record_unreviewed
CFIHOS-30000659,termination panel,CFIHOS-30000659,termination panel,,real,True,sha256:a69b98012d9e4a46495a3aed48eef8ce75a69d001eaa28b4c38cb0f3c921909d,CORE CFIHOS V2.0 CSV/CFIHOS CORE tag class equipment class relationship v2.0.csv,823,source_reference_record,source_reference_record_unreviewed
CFIHOS-30000477,thermal conductivity analyser,CFIHOS-30000477,thermal conductivity analyser,,real,True,sha256:a69b98012d9e4a46495a3aed48eef8ce75a69d001eaa28b4c38cb0f3c921909d,CORE CFIHOS V2.0 CSV/CFIHOS CORE tag class equipment class relationship v2.0.csv,824,source_reference_record,source_reference_record_unreviewed
CFIHOS-30000259,thermal flow element,CFIHOS-30000259,thermal flow element,,real,True,sha256:a69b98012d9e4a46495a3aed48eef8ce75a69d001eaa28b4c38cb0f3c921909d,CORE CFIHOS V2.0 CSV/CFIHOS CORE tag class equipment class relationship v2.0.csv,825,source_reference_record,source_reference_record_unreviewed
CFIHOS-30000478,thermocouple,CFIHOS-30000478,thermocouple,,real,True,sha256:a69b98012d9e4a46495a3aed48eef8ce75a69d001eaa28b4c38cb0f3c921909d,CORE CFIHOS V2.0 CSV/CFIHOS CORE tag class equipment class relationship v2.0.csv,826,source_reference_record,source_reference_record_unreviewed
CFIHOS-30001028,thermoelectric generator,CFIHOS-30001028,thermoelectric generator,Required by owner-operators,real,True,sha256:a69b98012d9e4a46495a3aed48eef8ce75a69d001eaa28b4c38cb0f3c921909d,CORE CFIHOS V2.0 CSV/CFIHOS CORE tag class equipment class relationship v2.0.csv,827,source_reference_record,source_reference_record_unreviewed
CFIHOS-30000373,thermostatic switch,CFIHOS-30000373,thermostatic switch,,real,True,sha256:a69b98012d9e4a46495a3aed48eef8ce75a69d001eaa28b4c38cb0f3c921909d,CORE CFIHOS V2.0 CSV/CFIHOS CORE tag class equipment class relationship v2.0.csv,828,source_reference_record,source_reference_record_unreviewed
CFIHOS-30000479,thermowell,CFIHOS-30000479,thermowell,,real,True,sha256:a69b98012d9e4a46495a3aed48eef8ce75a69d001eaa28b4c38cb0f3c921909d,CORE CFIHOS V2.0 CSV/CFIHOS CORE tag class equipment class relationship v2.0.csv,829,source_reference_record,source_reference_record_unreviewed
CFIHOS-30000631,thruster,CFIHOS-30000631,thruster,,real,True,sha256:a69b98012d9e4a46495a3aed48eef8ce75a69d001eaa28b4c38cb0f3c921909d,CORE CFIHOS V2.0 CSV/CFIHOS CORE tag class equipment class relationship v2.0.csv,830,source_reference_record,source_reference_record_unreviewed
CFIHOS-30000374,thyristor,CFIHOS-30000374,thyristor,,real,True,sha256:a69b98012d9e4a46495a3aed48eef8ce75a69d001eaa28b4c38cb0f3c921909d,CORE CFIHOS V2.0 CSV/CFIHOS CORE tag class equipment class relationship v2.0.csv,831,source_reference_record,source_reference_record_unreviewed
CFIHOS-30000480,timer,CFIHOS-30000480,timer,,real,True,sha256:a69b98012d9e4a46495a3aed48eef8ce75a69d001eaa28b4c38cb0f3c921909d,CORE CFIHOS V2.0 CSV/CFIHOS CORE tag class equipment class relationship v2.0.csv,832,source_reference_record,source_reference_record_unreviewed
CFIHOS-30000928,top drive drilling system,CFIHOS-30000927,top drive,,real,True,sha256:a69b98012d9e4a46495a3aed48eef8ce75a69d001eaa28b4c38cb0f3c921909d,CORE CFIHOS V2.0 CSV/CFIHOS CORE tag class equipment class relationship v2.0.csv,833,source_reference_record,source_reference_record_unreviewed
CFIHOS-30000557,torque converter,CFIHOS-30000557,torque converter,,real,True,sha256:a69b98012d9e4a46495a3aed48eef8ce75a69d001eaa28b4c38cb0f3c921909d,CORE CFIHOS V2.0 CSV/CFIHOS CORE tag class equipment class relationship v2.0.csv,834,source_reference_record,source_reference_record_unreviewed
CFIHOS-30001029,tote tank,CFIHOS-30001029,tote tank,Required by owner-operators,real,True,sha256:a69b98012d9e4a46495a3aed48eef8ce75a69d001eaa28b4c38cb0f3c921909d,CORE CFIHOS V2.0 CSV/CFIHOS CORE tag class equipment class relationship v2.0.csv,835,source_reference_record,source_reference_record_unreviewed
CFIHOS-30000929,tractor,CFIHOS-30000929,tractor,,real,True,sha256:a69b98012d9e4a46495a3aed48eef8ce75a69d001eaa28b4c38cb0f3c921909d,CORE CFIHOS V2.0 CSV/CFIHOS CORE tag class equipment class relationship v2.0.csv,836,source_reference_record,source_reference_record_unreviewed
CFIHOS-30000263,trailer,CFIHOS-30000263,trailer,,real,True,sha256:a69b98012d9e4a46495a3aed48eef8ce75a69d001eaa28b4c38cb0f3c921909d,CORE CFIHOS V2.0 CSV/CFIHOS CORE tag class equipment class relationship v2.0.csv,837,source_reference_record,source_reference_record_unreviewed
CFIHOS-30000362,transformer,CFIHOS-30000823,dry transformer,,real,True,sha256:a69b98012d9e4a46495a3aed48eef8ce75a69d001eaa28b4c38cb0f3c921909d,CORE CFIHOS V2.0 CSV/CFIHOS CORE tag class equipment class relationship v2.0.csv,838,source_reference_record,source_reference_record_unreviewed
CFIHOS-30000362,transformer,CFIHOS-30000877,wet transformer,,real,True,sha256:a69b98012d9e4a46495a3aed48eef8ce75a69d001eaa28b4c38cb0f3c921909d,CORE CFIHOS V2.0 CSV/CFIHOS CORE tag class equipment class relationship v2.0.csv,839,source_reference_record,source_reference_record_unreviewed
CFIHOS-30000481,transponder,CFIHOS-30000481,transponder,,real,True,sha256:a69b98012d9e4a46495a3aed48eef8ce75a69d001eaa28b4c38cb0f3c921909d,CORE CFIHOS V2.0 CSV/CFIHOS CORE tag class equipment class relationship v2.0.csv,840,source_reference_record,source_reference_record_unreviewed
CFIHOS-30000956,tree cap,CFIHOS-30000956,tree cap,,real,True,sha256:a69b98012d9e4a46495a3aed48eef8ce75a69d001eaa28b4c38cb0f3c921909d,CORE CFIHOS V2.0 CSV/CFIHOS CORE tag class equipment class relationship v2.0.csv,841,source_reference_record,source_reference_record_unreviewed
CFIHOS-30001005,trench,CFIHOS-30001005,trench,,real,True,sha256:a69b98012d9e4a46495a3aed48eef8ce75a69d001eaa28b4c38cb0f3c921909d,CORE CFIHOS V2.0 CSV/CFIHOS CORE tag class equipment class relationship v2.0.csv,842,source_reference_record,source_reference_record_unreviewed
CFIHOS-30000375,trip amplifier,CFIHOS-30000375,trip amplifier,,real,True,sha256:a69b98012d9e4a46495a3aed48eef8ce75a69d001eaa28b4c38cb0f3c921909d,CORE CFIHOS V2.0 CSV/CFIHOS CORE tag class equipment class relationship v2.0.csv,843,source_reference_record,source_reference_record_unreviewed
CFIHOS-30001030,trip and throttle valve,CFIHOS-30001030,trip and throttle valve,Required by owner-operators,real,True,sha256:a69b98012d9e4a46495a3aed48eef8ce75a69d001eaa28b4c38cb0f3c921909d,CORE CFIHOS V2.0 CSV/CFIHOS CORE tag class equipment class relationship v2.0.csv,844,source_reference_record,source_reference_record_unreviewed
CFIHOS-30000604,trolley,CFIHOS-30000604,trolley,,real,True,sha256:a69b98012d9e4a46495a3aed48eef8ce75a69d001eaa28b4c38cb0f3c921909d,CORE CFIHOS V2.0 CSV/CFIHOS CORE tag class equipment class relationship v2.0.csv,845,source_reference_record,source_reference_record_unreviewed
CFIHOS-30000605,truck,CFIHOS-30000605,truck,,real,True,sha256:a69b98012d9e4a46495a3aed48eef8ce75a69d001eaa28b4c38cb0f3c921909d,CORE CFIHOS V2.0 CSV/CFIHOS CORE tag class equipment class relationship v2.0.csv,846,source_reference_record,source_reference_record_unreviewed
CFIHOS-30000507,tubing hanger,CFIHOS-30000507,tubing hanger,,real,True,sha256:a69b98012d9e4a46495a3aed48eef8ce75a69d001eaa28b4c38cb0f3c921909d,CORE CFIHOS V2.0 CSV/CFIHOS CORE tag class equipment class relationship v2.0.csv,847,source_reference_record,source_reference_record_unreviewed
CFIHOS-30000685,turbine,CFIHOS-30000534,gas turbine,,real,True,sha256:a69b98012d9e4a46495a3aed48eef8ce75a69d001eaa28b4c38cb0f3c921909d,CORE CFIHOS V2.0 CSV/CFIHOS CORE tag class equipment class relationship v2.0.csv,848,source_reference_record,source_reference_record_unreviewed
CFIHOS-30000685,turbine,CFIHOS-30000843,hydraulic turbine,,real,True,sha256:a69b98012d9e4a46495a3aed48eef8ce75a69d001eaa28b4c38cb0f3c921909d,CORE CFIHOS V2.0 CSV/CFIHOS CORE tag class equipment class relationship v2.0.csv,849,source_reference_record,source_reference_record_unreviewed
CFIHOS-30000685,turbine,CFIHOS-30000556,steam turbine,,real,True,sha256:a69b98012d9e4a46495a3aed48eef8ce75a69d001eaa28b4c38cb0f3c921909d,CORE CFIHOS V2.0 CSV/CFIHOS CORE tag class equipment class relationship v2.0.csv,850,source_reference_record,source_reference_record_unreviewed
CFIHOS-30000482,turbine flow meter,CFIHOS-30000482,turbine flow meter,,real,True,sha256:a69b98012d9e4a46495a3aed48eef8ce75a69d001eaa28b4c38cb0f3c921909d,CORE CFIHOS V2.0 CSV/CFIHOS CORE tag class equipment class relationship v2.0.csv,851,source_reference_record,source_reference_record_unreviewed
CFIHOS-30000558,turbo expander,CFIHOS-30000558,turbo expander,,real,True,sha256:a69b98012d9e4a46495a3aed48eef8ce75a69d001eaa28b4c38cb0f3c921909d,CORE CFIHOS V2.0 CSV/CFIHOS CORE tag class equipment class relationship v2.0.csv,852,source_reference_record,source_reference_record_unreviewed
CFIHOS-30000930,turret,CFIHOS-30000930,turret,,real,True,sha256:a69b98012d9e4a46495a3aed48eef8ce75a69d001eaa28b4c38cb0f3c921909d,CORE CFIHOS V2.0 CSV/CFIHOS CORE tag class equipment class relationship v2.0.csv,853,source_reference_record,source_reference_record_unreviewed
CFIHOS-30001006,tv access plug,CFIHOS-30001006,tv access plug,,real,True,sha256:a69b98012d9e4a46495a3aed48eef8ce75a69d001eaa28b4c38cb0f3c921909d,CORE CFIHOS V2.0 CSV/CFIHOS CORE tag class equipment class relationship v2.0.csv,854,source_reference_record,source_reference_record_unreviewed
CFIHOS-30000931,twin agent skid,CFIHOS-30000931,twin agent skid,,real,True,sha256:a69b98012d9e4a46495a3aed48eef8ce75a69d001eaa28b4c38cb0f3c921909d,CORE CFIHOS V2.0 CSV/CFIHOS CORE tag class equipment class relationship v2.0.csv,855,source_reference_record,source_reference_record_unreviewed
CFIHOS-30000483,ultrasonic flow meter,CFIHOS-30000483,ultrasonic flow meter,,real,True,sha256:a69b98012d9e4a46495a3aed48eef8ce75a69d001eaa28b4c38cb0f3c921909d,CORE CFIHOS V2.0 CSV/CFIHOS CORE tag class equipment class relationship v2.0.csv,856,source_reference_record,source_reference_record_unreviewed
CFIHOS-30000266,ultrasonic level element,CFIHOS-30000266,ultrasonic level element,,real,True,sha256:a69b98012d9e4a46495a3aed48eef8ce75a69d001eaa28b4c38cb0f3c921909d,CORE CFIHOS V2.0 CSV/CFIHOS CORE tag class equipment class relationship v2.0.csv,857,source_reference_record,source_reference_record_unreviewed
CFIHOS-30000484,ultrasonic level transmitter,CFIHOS-30000484,ultrasonic level transmitter,,real,True,sha256:a69b98012d9e4a46495a3aed48eef8ce75a69d001eaa28b4c38cb0f3c921909d,CORE CFIHOS V2.0 CSV/CFIHOS CORE tag class equipment class relationship v2.0.csv,858,source_reference_record,source_reference_record_unreviewed
CFIHOS-30000267,umbilical,CFIHOS-30000267,umbilical,,real,True,sha256:a69b98012d9e4a46495a3aed48eef8ce75a69d001eaa28b4c38cb0f3c921909d,CORE CFIHOS V2.0 CSV/CFIHOS CORE tag class equipment class relationship v2.0.csv,859,source_reference_record,source_reference_record_unreviewed
CFIHOS-30000726,umbilical termination assembly,CFIHOS-30000726,umbilical termination assembly,,real,True,sha256:a69b98012d9e4a46495a3aed48eef8ce75a69d001eaa28b4c38cb0f3c921909d,CORE CFIHOS V2.0 CSV/CFIHOS CORE tag class equipment class relationship v2.0.csv,860,source_reference_record,source_reference_record_unreviewed
CFIHOS-30001031,underground storage tank,CFIHOS-30001031,underground storage tank,Required by owner-operators,real,True,sha256:a69b98012d9e4a46495a3aed48eef8ce75a69d001eaa28b4c38cb0f3c921909d,CORE CFIHOS V2.0 CSV/CFIHOS CORE tag class equipment class relationship v2.0.csv,861,source_reference_record,source_reference_record_unreviewed
CFIHOS-30000376,ups unit,CFIHOS-30000376,ups unit,,real,True,sha256:a69b98012d9e4a46495a3aed48eef8ce75a69d001eaa28b4c38cb0f3c921909d,CORE CFIHOS V2.0 CSV/CFIHOS CORE tag class equipment class relationship v2.0.csv,862,source_reference_record,source_reference_record_unreviewed
CFIHOS-30000268,UV sterilizer,CFIHOS-30000268,UV sterilizer,,real,True,sha256:a69b98012d9e4a46495a3aed48eef8ce75a69d001eaa28b4c38cb0f3c921909d,CORE CFIHOS V2.0 CSV/CFIHOS CORE tag class equipment class relationship v2.0.csv,863,source_reference_record,source_reference_record_unreviewed
CFIHOS-30000485,v-cone flow meter,CFIHOS-30000485,v-cone flow meter,,real,True,sha256:a69b98012d9e4a46495a3aed48eef8ce75a69d001eaa28b4c38cb0f3c921909d,CORE CFIHOS V2.0 CSV/CFIHOS CORE tag class equipment class relationship v2.0.csv,864,source_reference_record,source_reference_record_unreviewed
CFIHOS-30000874,vacuum circuit-breaker,CFIHOS-30000874,vacuum circuit-breaker,,real,True,sha256:a69b98012d9e4a46495a3aed48eef8ce75a69d001eaa28b4c38cb0f3c921909d,CORE CFIHOS V2.0 CSV/CFIHOS CORE tag class equipment class relationship v2.0.csv,865,source_reference_record,source_reference_record_unreviewed
CFIHOS-30000875,vacuum column,CFIHOS-30000875,vacuum column,,real,True,sha256:a69b98012d9e4a46495a3aed48eef8ce75a69d001eaa28b4c38cb0f3c921909d,CORE CFIHOS V2.0 CSV/CFIHOS CORE tag class equipment class relationship v2.0.csv,866,source_reference_record,source_reference_record_unreviewed
CFIHOS-30001032,vacuum pump,CFIHOS-30001032,vacuum pump,Required by owner-operators,real,True,sha256:a69b98012d9e4a46495a3aed48eef8ce75a69d001eaa28b4c38cb0f3c921909d,CORE CFIHOS V2.0 CSV/CFIHOS CORE tag class equipment class relationship v2.0.csv,867,source_reference_record,source_reference_record_unreviewed
CFIHOS-30000634,vacuum relief valve,CFIHOS-30000634,vacuum relief valve,,real,True,sha256:a69b98012d9e4a46495a3aed48eef8ce75a69d001eaa28b4c38cb0f3c921909d,CORE CFIHOS V2.0 CSV/CFIHOS CORE tag class equipment class relationship v2.0.csv,868,source_reference_record,source_reference_record_unreviewed
CFIHOS-30000271,vapour pressure analyser,CFIHOS-30000271,vapour pressure analyser,,real,True,sha256:a69b98012d9e4a46495a3aed48eef8ce75a69d001eaa28b4c38cb0f3c921909d,CORE CFIHOS V2.0 CSV/CFIHOS CORE tag class equipment class relationship v2.0.csv,869,source_reference_record,source_reference_record_unreviewed
CFIHOS-30000377,variable speed drive unit,CFIHOS-30000377,variable speed drive unit,,real,True,sha256:a69b98012d9e4a46495a3aed48eef8ce75a69d001eaa28b4c38cb0f3c921909d,CORE CFIHOS V2.0 CSV/CFIHOS CORE tag class equipment class relationship v2.0.csv,870,source_reference_record,source_reference_record_unreviewed
CFIHOS-30001007,vault,CFIHOS-30001007,vault,,real,True,sha256:a69b98012d9e4a46495a3aed48eef8ce75a69d001eaa28b4c38cb0f3c921909d,CORE CFIHOS V2.0 CSV/CFIHOS CORE tag class equipment class relationship v2.0.csv,871,source_reference_record,source_reference_record_unreviewed
CFIHOS-30000932,vent head,CFIHOS-30000496,pipe,,real,True,sha256:a69b98012d9e4a46495a3aed48eef8ce75a69d001eaa28b4c38cb0f3c921909d,CORE CFIHOS V2.0 CSV/CFIHOS CORE tag class equipment class relationship v2.0.csv,872,source_reference_record,source_reference_record_unreviewed
CFIHOS-30000486,venturi tube,CFIHOS-30000486,venturi tube,,real,True,sha256:a69b98012d9e4a46495a3aed48eef8ce75a69d001eaa28b4c38cb0f3c921909d,CORE CFIHOS V2.0 CSV/CFIHOS CORE tag class equipment class relationship v2.0.csv,873,source_reference_record,source_reference_record_unreviewed
CFIHOS-30001033,vibrating conveyor,CFIHOS-30001033,vibrating conveyor,Required by owner-operators,real,True,sha256:a69b98012d9e4a46495a3aed48eef8ce75a69d001eaa28b4c38cb0f3c921909d,CORE CFIHOS V2.0 CSV/CFIHOS CORE tag class equipment class relationship v2.0.csv,874,source_reference_record,source_reference_record_unreviewed
CFIHOS-30000487,vibration element,CFIHOS-30000487,vibration element,,real,True,sha256:a69b98012d9e4a46495a3aed48eef8ce75a69d001eaa28b4c38cb0f3c921909d,CORE CFIHOS V2.0 CSV/CFIHOS CORE tag class equipment class relationship v2.0.csv,875,source_reference_record,source_reference_record_unreviewed
CFIHOS-30000273,vibration switch,CFIHOS-30000273,vibration switch,,real,True,sha256:a69b98012d9e4a46495a3aed48eef8ce75a69d001eaa28b4c38cb0f3c921909d,CORE CFIHOS V2.0 CSV/CFIHOS CORE tag class equipment class relationship v2.0.csv,876,source_reference_record,source_reference_record_unreviewed
CFIHOS-30000378,vibration transmitter,CFIHOS-30000378,vibration transmitter,,real,True,sha256:a69b98012d9e4a46495a3aed48eef8ce75a69d001eaa28b4c38cb0f3c921909d,CORE CFIHOS V2.0 CSV/CFIHOS CORE tag class equipment class relationship v2.0.csv,877,source_reference_record,source_reference_record_unreviewed
CFIHOS-30000274,video converter,CFIHOS-30000274,video converter,,real,True,sha256:a69b98012d9e4a46495a3aed48eef8ce75a69d001eaa28b4c38cb0f3c921909d,CORE CFIHOS V2.0 CSV/CFIHOS CORE tag class equipment class relationship v2.0.csv,878,source_reference_record,source_reference_record_unreviewed
CFIHOS-30000275,video monitor,CFIHOS-30000275,video monitor,,real,True,sha256:a69b98012d9e4a46495a3aed48eef8ce75a69d001eaa28b4c38cb0f3c921909d,CORE CFIHOS V2.0 CSV/CFIHOS CORE tag class equipment class relationship v2.0.csv,879,source_reference_record,source_reference_record_unreviewed
CFIHOS-30000488,video recorder,CFIHOS-30000488,video recorder,,real,True,sha256:a69b98012d9e4a46495a3aed48eef8ce75a69d001eaa28b4c38cb0f3c921909d,CORE CFIHOS V2.0 CSV/CFIHOS CORE tag class equipment class relationship v2.0.csv,880,source_reference_record,source_reference_record_unreviewed
CFIHOS-30001008,viewport,CFIHOS-30001008,viewport,,real,True,sha256:a69b98012d9e4a46495a3aed48eef8ce75a69d001eaa28b4c38cb0f3c921909d,CORE CFIHOS V2.0 CSV/CFIHOS CORE tag class equipment class relationship v2.0.csv,881,source_reference_record,source_reference_record_unreviewed
CFIHOS-30000489,viscosity analyser,CFIHOS-30000489,viscosity analyser,,real,True,sha256:a69b98012d9e4a46495a3aed48eef8ce75a69d001eaa28b4c38cb0f3c921909d,CORE CFIHOS V2.0 CSV/CFIHOS CORE tag class equipment class relationship v2.0.csv,882,source_reference_record,source_reference_record_unreviewed
CFIHOS-30000957,voltage regulator,CFIHOS-30000957,voltage regulator,,real,True,sha256:a69b98012d9e4a46495a3aed48eef8ce75a69d001eaa28b4c38cb0f3c921909d,CORE CFIHOS V2.0 CSV/CFIHOS CORE tag class equipment class relationship v2.0.csv,883,source_reference_record,source_reference_record_unreviewed
CFIHOS-30000490,voltage to current converter,CFIHOS-30000490,voltage to current converter,,real,True,sha256:a69b98012d9e4a46495a3aed48eef8ce75a69d001eaa28b4c38cb0f3c921909d,CORE CFIHOS V2.0 CSV/CFIHOS CORE tag class equipment class relationship v2.0.csv,884,source_reference_record,source_reference_record_unreviewed
CFIHOS-30000746,voltage transformer,CFIHOS-30000746,voltage transformer,,real,True,sha256:a69b98012d9e4a46495a3aed48eef8ce75a69d001eaa28b4c38cb0f3c921909d,CORE CFIHOS V2.0 CSV/CFIHOS CORE tag class equipment class relationship v2.0.csv,885,source_reference_record,source_reference_record_unreviewed
CFIHOS-30000276,voltage transmitter,CFIHOS-30000276,voltage transmitter,,real,True,sha256:a69b98012d9e4a46495a3aed48eef8ce75a69d001eaa28b4c38cb0f3c921909d,CORE CFIHOS V2.0 CSV/CFIHOS CORE tag class equipment class relationship v2.0.csv,886,source_reference_record,source_reference_record_unreviewed
CFIHOS-30000491,vortex flow meter,CFIHOS-30000491,vortex flow meter,,real,True,sha256:a69b98012d9e4a46495a3aed48eef8ce75a69d001eaa28b4c38cb0f3c921909d,CORE CFIHOS V2.0 CSV/CFIHOS CORE tag class equipment class relationship v2.0.csv,887,source_reference_record,source_reference_record_unreviewed
CFIHOS-30000876,wafer check valve,CFIHOS-30000876,wafer check valve,,real,True,sha256:a69b98012d9e4a46495a3aed48eef8ce75a69d001eaa28b4c38cb0f3c921909d,CORE CFIHOS V2.0 CSV/CFIHOS CORE tag class equipment class relationship v2.0.csv,888,source_reference_record,source_reference_record_unreviewed
CFIHOS-30000278,waste compactor,CFIHOS-30000278,waste compactor,,real,True,sha256:a69b98012d9e4a46495a3aed48eef8ce75a69d001eaa28b4c38cb0f3c921909d,CORE CFIHOS V2.0 CSV/CFIHOS CORE tag class equipment class relationship v2.0.csv,889,source_reference_record,source_reference_record_unreviewed
CFIHOS-30000279,water cooler,CFIHOS-30000279,water cooler,,real,True,sha256:a69b98012d9e4a46495a3aed48eef8ce75a69d001eaa28b4c38cb0f3c921909d,CORE CFIHOS V2.0 CSV/CFIHOS CORE tag class equipment class relationship v2.0.csv,890,source_reference_record,source_reference_record_unreviewed
CFIHOS-30000280,water desalination system,CFIHOS-30000280,water desalination system,,real,True,sha256:a69b98012d9e4a46495a3aed48eef8ce75a69d001eaa28b4c38cb0f3c921909d,CORE CFIHOS V2.0 CSV/CFIHOS CORE tag class equipment class relationship v2.0.csv,891,source_reference_record,source_reference_record_unreviewed
CFIHOS-30000281,water maker,CFIHOS-30000281,water maker,,real,True,sha256:a69b98012d9e4a46495a3aed48eef8ce75a69d001eaa28b4c38cb0f3c921909d,CORE CFIHOS V2.0 CSV/CFIHOS CORE tag class equipment class relationship v2.0.csv,892,source_reference_record,source_reference_record_unreviewed
CFIHOS-30000934,water mist skid,CFIHOS-30000934,water mist skid,,real,True,sha256:a69b98012d9e4a46495a3aed48eef8ce75a69d001eaa28b4c38cb0f3c921909d,CORE CFIHOS V2.0 CSV/CFIHOS CORE tag class equipment class relationship v2.0.csv,893,source_reference_record,source_reference_record_unreviewed
CFIHOS-30000633,watercraft,CFIHOS-30000881,barge,,real,True,sha256:a69b98012d9e4a46495a3aed48eef8ce75a69d001eaa28b4c38cb0f3c921909d,CORE CFIHOS V2.0 CSV/CFIHOS CORE tag class equipment class relationship v2.0.csv,894,source_reference_record,source_reference_record_unreviewed
CFIHOS-30000633,watercraft,CFIHOS-30000902,marine vessel,,real,True,sha256:a69b98012d9e4a46495a3aed48eef8ce75a69d001eaa28b4c38cb0f3c921909d,CORE CFIHOS V2.0 CSV/CFIHOS CORE tag class equipment class relationship v2.0.csv,895,source_reference_record,source_reference_record_unreviewed
CFIHOS-30000380,weight transmitter,CFIHOS-30000380,weight transmitter,,real,True,sha256:a69b98012d9e4a46495a3aed48eef8ce75a69d001eaa28b4c38cb0f3c921909d,CORE CFIHOS V2.0 CSV/CFIHOS CORE tag class equipment class relationship v2.0.csv,896,source_reference_record,source_reference_record_unreviewed
CFIHOS-30000381,welding set,CFIHOS-30000381,welding set,,real,True,sha256:a69b98012d9e4a46495a3aed48eef8ce75a69d001eaa28b4c38cb0f3c921909d,CORE CFIHOS V2.0 CSV/CFIHOS CORE tag class equipment class relationship v2.0.csv,897,source_reference_record,source_reference_record_unreviewed
CFIHOS-30000283,well,CFIHOS-30000283,well,,real,True,sha256:a69b98012d9e4a46495a3aed48eef8ce75a69d001eaa28b4c38cb0f3c921909d,CORE CFIHOS V2.0 CSV/CFIHOS CORE tag class equipment class relationship v2.0.csv,898,source_reference_record,source_reference_record_unreviewed
CFIHOS-30000284,wellhead,CFIHOS-30000284,wellhead,,real,True,sha256:a69b98012d9e4a46495a3aed48eef8ce75a69d001eaa28b4c38cb0f3c921909d,CORE CFIHOS V2.0 CSV/CFIHOS CORE tag class equipment class relationship v2.0.csv,899,source_reference_record,source_reference_record_unreviewed
CFIHOS-30000877,wet transformer,CFIHOS-30000877,wet transformer,,real,True,sha256:a69b98012d9e4a46495a3aed48eef8ce75a69d001eaa28b4c38cb0f3c921909d,CORE CFIHOS V2.0 CSV/CFIHOS CORE tag class equipment class relationship v2.0.csv,900,source_reference_record,source_reference_record_unreviewed
CFIHOS-30000285,winch,CFIHOS-30000285,winch,,real,True,sha256:a69b98012d9e4a46495a3aed48eef8ce75a69d001eaa28b4c38cb0f3c921909d,CORE CFIHOS V2.0 CSV/CFIHOS CORE tag class equipment class relationship v2.0.csv,901,source_reference_record,source_reference_record_unreviewed
CFIHOS-30000492,wind sensor,CFIHOS-30000492,wind sensor,,real,True,sha256:a69b98012d9e4a46495a3aed48eef8ce75a69d001eaa28b4c38cb0f3c921909d,CORE CFIHOS V2.0 CSV/CFIHOS CORE tag class equipment class relationship v2.0.csv,902,source_reference_record,source_reference_record_unreviewed
CFIHOS-30001035,wind turbine,CFIHOS-30001035,wind turbine,Required by owner-operators,real,True,sha256:a69b98012d9e4a46495a3aed48eef8ce75a69d001eaa28b4c38cb0f3c921909d,CORE CFIHOS V2.0 CSV/CFIHOS CORE tag class equipment class relationship v2.0.csv,903,source_reference_record,source_reference_record_unreviewed
CFIHOS-30000935,window,CFIHOS-30000935,window,,real,True,sha256:a69b98012d9e4a46495a3aed48eef8ce75a69d001eaa28b4c38cb0f3c921909d,CORE CFIHOS V2.0 CSV/CFIHOS CORE tag class equipment class relationship v2.0.csv,904,source_reference_record,source_reference_record_unreviewed
CFIHOS-30001034,windsock,CFIHOS-30001034,windsock,Required by owner-operators,real,True,sha256:a69b98012d9e4a46495a3aed48eef8ce75a69d001eaa28b4c38cb0f3c921909d,CORE CFIHOS V2.0 CSV/CFIHOS CORE tag class equipment class relationship v2.0.csv,905,source_reference_record,source_reference_record_unreviewed
CFIHOS-30000287,wire hoist,CFIHOS-30000287,wire hoist,,real,True,sha256:a69b98012d9e4a46495a3aed48eef8ce75a69d001eaa28b4c38cb0f3c921909d,CORE CFIHOS V2.0 CSV/CFIHOS CORE tag class equipment class relationship v2.0.csv,906,source_reference_record,source_reference_record_unreviewed
CFIHOS-30000288,wire line unit,CFIHOS-30000288,wire line unit,,real,True,sha256:a69b98012d9e4a46495a3aed48eef8ce75a69d001eaa28b4c38cb0f3c921909d,CORE CFIHOS V2.0 CSV/CFIHOS CORE tag class equipment class relationship v2.0.csv,907,source_reference_record,source_reference_record_unreviewed
CFIHOS-30000289,wire sling,CFIHOS-30000289,wire sling,,real,True,sha256:a69b98012d9e4a46495a3aed48eef8ce75a69d001eaa28b4c38cb0f3c921909d,CORE CFIHOS V2.0 CSV/CFIHOS CORE tag class equipment class relationship v2.0.csv,908,source_reference_record,source_reference_record_unreviewed
CFIHOS-30000290,wireless access point,CFIHOS-30000290,wireless access point,,real,True,sha256:a69b98012d9e4a46495a3aed48eef8ce75a69d001eaa28b4c38cb0f3c921909d,CORE CFIHOS V2.0 CSV/CFIHOS CORE tag class equipment class relationship v2.0.csv,909,source_reference_record,source_reference_record_unreviewed
CFIHOS-30000493,wobbe index meter,CFIHOS-30000493,wobbe index meter,,real,True,sha256:a69b98012d9e4a46495a3aed48eef8ce75a69d001eaa28b4c38cb0f3c921909d,CORE CFIHOS V2.0 CSV/CFIHOS CORE tag class equipment class relationship v2.0.csv,910,source_reference_record,source_reference_record_unreviewed
CFIHOS-30000561,yoke,CFIHOS-30000561,yoke,,real,True,sha256:a69b98012d9e4a46495a3aed48eef8ce75a69d001eaa28b4c38cb0f3c921909d,CORE CFIHOS V2.0 CSV/CFIHOS CORE tag class equipment class relationship v2.0.csv,911,source_reference_record,source_reference_record_unreviewed
