CFIHOS unique code,coding source code,CFIHOS code equivalent value,data_origin,is_real,source_artifact_id,source_archive_member,source_row,annotation_origin,verification_status
CFIHOS-20000001,POSC CAESAR,RDS2227295,real,True,sha256:a69b98012d9e4a46495a3aed48eef8ce75a69d001eaa28b4c38cb0f3c921909d,CORE CFIHOS V2.0 CSV/CFIHOS CORE CFIHOS object equivalent mapping v2.0.csv,1,source_reference_record,source_reference_record_unreviewed
CFIHOS-20000002,POSC CAESAR,RDS2226702,real,True,sha256:a69b98012d9e4a46495a3aed48eef8ce75a69d001eaa28b4c38cb0f3c921909d,CORE CFIHOS V2.0 CSV/CFIHOS CORE CFIHOS object equivalent mapping v2.0.csv,2,source_reference_record,source_reference_record_unreviewed
CFIHOS-20000003,POSC CAESAR,RDS2227222,real,True,sha256:a69b98012d9e4a46495a3aed48eef8ce75a69d001eaa28b4c38cb0f3c921909d,CORE CFIHOS V2.0 CSV/CFIHOS CORE CFIHOS object equivalent mapping v2.0.csv,3,source_reference_record,source_reference_record_unreviewed
CFIHOS-20000004,POSC CAESAR,RDS2227248,real,True,sha256:a69b98012d9e4a46495a3aed48eef8ce75a69d001eaa28b4c38cb0f3c921909d,CORE CFIHOS V2.0 CSV/CFIHOS CORE CFIHOS object equivalent mapping v2.0.csv,4,source_reference_record,source_reference_record_unreviewed
CFIHOS-20000005,POSC CAESAR,RDS2226705,real,True,sha256:a69b98012d9e4a46495a3aed48eef8ce75a69d001eaa28b4c38cb0f3c921909d,CORE CFIHOS V2.0 CSV/CFIHOS CORE CFIHOS object equivalent mapping v2.0.csv,5,source_reference_record,source_reference_record_unreviewed
CFIHOS-20000006,POSC CAESAR,RDS2227288,real,True,sha256:a69b98012d9e4a46495a3aed48eef8ce75a69d001eaa28b4c38cb0f3c921909d,CORE CFIHOS V2.0 CSV/CFIHOS CORE CFIHOS object equivalent mapping v2.0.csv,6,source_reference_record,source_reference_record_unreviewed
CFIHOS-20000007,POSC CAESAR,RDS2226708,real,True,sha256:a69b98012d9e4a46495a3aed48eef8ce75a69d001eaa28b4c38cb0f3c921909d,CORE CFIHOS V2.0 CSV/CFIHOS CORE CFIHOS object equivalent mapping v2.0.csv,7,source_reference_record,source_reference_record_unreviewed
CFIHOS-20000008,POSC CAESAR,RDS2227228,real,True,sha256:a69b98012d9e4a46495a3aed48eef8ce75a69d001eaa28b4c38cb0f3c921909d,CORE CFIHOS V2.0 CSV/CFIHOS CORE CFIHOS object equivalent mapping v2.0.csv,8,source_reference_record,source_reference_record_unreviewed
CFIHOS-20000009,POSC CAESAR,RDS2227225,real,True,sha256:a69b98012d9e4a46495a3aed48eef8ce75a69d001eaa28b4c38cb0f3c921909d,CORE CFIHOS V2.0 CSV/CFIHOS CORE CFIHOS object equivalent mapping v2.0.csv,9,source_reference_record,source_reference_record_unreviewed
CFIHOS-20000010,POSC CAESAR,RDS2227232,real,True,sha256:a69b98012d9e4a46495a3aed48eef8ce75a69d001eaa28b4c38cb0f3c921909d,CORE CFIHOS V2.0 CSV/CFIHOS CORE CFIHOS object equivalent mapping v2.0.csv,10,source_reference_record,source_reference_record_unreviewed
CFIHOS-20000011,POSC CAESAR,RDS2227252,real,True,sha256:a69b98012d9e4a46495a3aed48eef8ce75a69d001eaa28b4c38cb0f3c921909d,CORE CFIHOS V2.0 CSV/CFIHOS CORE CFIHOS object equivalent mapping v2.0.csv,11,source_reference_record,source_reference_record_unreviewed
CFIHOS-20000012,POSC CAESAR,RDS2226712,real,True,sha256:a69b98012d9e4a46495a3aed48eef8ce75a69d001eaa28b4c38cb0f3c921909d,CORE CFIHOS V2.0 CSV/CFIHOS CORE CFIHOS object equivalent mapping v2.0.csv,12,source_reference_record,source_reference_record_unreviewed
CFIHOS-20000013,POSC CAESAR,RDS2226715,real,True,sha256:a69b98012d9e4a46495a3aed48eef8ce75a69d001eaa28b4c38cb0f3c921909d,CORE CFIHOS V2.0 CSV/CFIHOS CORE CFIHOS object equivalent mapping v2.0.csv,13,source_reference_record,source_reference_record_unreviewed
CFIHOS-20000014,POSC CAESAR,RDS2226718,real,True,sha256:a69b98012d9e4a46495a3aed48eef8ce75a69d001eaa28b4c38cb0f3c921909d,CORE CFIHOS V2.0 CSV/CFIHOS CORE CFIHOS object equivalent mapping v2.0.csv,14,source_reference_record,source_reference_record_unreviewed
CFIHOS-20000015,POSC CAESAR,RDS2227265,real,True,sha256:a69b98012d9e4a46495a3aed48eef8ce75a69d001eaa28b4c38cb0f3c921909d,CORE CFIHOS V2.0 CSV/CFIHOS CORE CFIHOS object equivalent mapping v2.0.csv,15,source_reference_record,source_reference_record_unreviewed
CFIHOS-20000016,POSC CAESAR,RDS2227258,real,True,sha256:a69b98012d9e4a46495a3aed48eef8ce75a69d001eaa28b4c38cb0f3c921909d,CORE CFIHOS V2.0 CSV/CFIHOS CORE CFIHOS object equivalent mapping v2.0.csv,16,source_reference_record,source_reference_record_unreviewed
CFIHOS-20000017,POSC CAESAR,RDS2227262,real,True,sha256:a69b98012d9e4a46495a3aed48eef8ce75a69d001eaa28b4c38cb0f3c921909d,CORE CFIHOS V2.0 CSV/CFIHOS CORE CFIHOS object equivalent mapping v2.0.csv,17,source_reference_record,source_reference_record_unreviewed
CFIHOS-20000018,POSC CAESAR,RDS2226722,real,True,sha256:a69b98012d9e4a46495a3aed48eef8ce75a69d001eaa28b4c38cb0f3c921909d,CORE CFIHOS V2.0 CSV/CFIHOS CORE CFIHOS object equivalent mapping v2.0.csv,18,source_reference_record,source_reference_record_unreviewed
CFIHOS-20000019,POSC CAESAR,RDS2226725,real,True,sha256:a69b98012d9e4a46495a3aed48eef8ce75a69d001eaa28b4c38cb0f3c921909d,CORE CFIHOS V2.0 CSV/CFIHOS CORE CFIHOS object equivalent mapping v2.0.csv,19,source_reference_record,source_reference_record_unreviewed
CFIHOS-20000020,POSC CAESAR,RDS2226728,real,True,sha256:a69b98012d9e4a46495a3aed48eef8ce75a69d001eaa28b4c38cb0f3c921909d,CORE CFIHOS V2.0 CSV/CFIHOS CORE CFIHOS object equivalent mapping v2.0.csv,20,source_reference_record,source_reference_record_unreviewed
CFIHOS-20000021,POSC CAESAR,RDS2226732,real,True,sha256:a69b98012d9e4a46495a3aed48eef8ce75a69d001eaa28b4c38cb0f3c921909d,CORE CFIHOS V2.0 CSV/CFIHOS CORE CFIHOS object equivalent mapping v2.0.csv,21,source_reference_record,source_reference_record_unreviewed
CFIHOS-20000022,POSC CAESAR,RDS2226735,real,True,sha256:a69b98012d9e4a46495a3aed48eef8ce75a69d001eaa28b4c38cb0f3c921909d,CORE CFIHOS V2.0 CSV/CFIHOS CORE CFIHOS object equivalent mapping v2.0.csv,22,source_reference_record,source_reference_record_unreviewed
CFIHOS-20000023,POSC CAESAR,RDS2226738,real,True,sha256:a69b98012d9e4a46495a3aed48eef8ce75a69d001eaa28b4c38cb0f3c921909d,CORE CFIHOS V2.0 CSV/CFIHOS CORE CFIHOS object equivalent mapping v2.0.csv,23,source_reference_record,source_reference_record_unreviewed
CFIHOS-20000024,POSC CAESAR,RDS2224671,real,True,sha256:a69b98012d9e4a46495a3aed48eef8ce75a69d001eaa28b4c38cb0f3c921909d,CORE CFIHOS V2.0 CSV/CFIHOS CORE CFIHOS object equivalent mapping v2.0.csv,24,source_reference_record,source_reference_record_unreviewed
CFIHOS-20000025,POSC CAESAR,RDS2227272,real,True,sha256:a69b98012d9e4a46495a3aed48eef8ce75a69d001eaa28b4c38cb0f3c921909d,CORE CFIHOS V2.0 CSV/CFIHOS CORE CFIHOS object equivalent mapping v2.0.csv,25,source_reference_record,source_reference_record_unreviewed
CFIHOS-20000026,POSC CAESAR,RDS2227278,real,True,sha256:a69b98012d9e4a46495a3aed48eef8ce75a69d001eaa28b4c38cb0f3c921909d,CORE CFIHOS V2.0 CSV/CFIHOS CORE CFIHOS object equivalent mapping v2.0.csv,26,source_reference_record,source_reference_record_unreviewed
CFIHOS-20000027,POSC CAESAR,RDS2227282,real,True,sha256:a69b98012d9e4a46495a3aed48eef8ce75a69d001eaa28b4c38cb0f3c921909d,CORE CFIHOS V2.0 CSV/CFIHOS CORE CFIHOS object equivalent mapping v2.0.csv,27,source_reference_record,source_reference_record_unreviewed
CFIHOS-20000028,POSC CAESAR,RDS2226745,real,True,sha256:a69b98012d9e4a46495a3aed48eef8ce75a69d001eaa28b4c38cb0f3c921909d,CORE CFIHOS V2.0 CSV/CFIHOS CORE CFIHOS object equivalent mapping v2.0.csv,28,source_reference_record,source_reference_record_unreviewed
CFIHOS-20000029,POSC CAESAR,RDS2227268,real,True,sha256:a69b98012d9e4a46495a3aed48eef8ce75a69d001eaa28b4c38cb0f3c921909d,CORE CFIHOS V2.0 CSV/CFIHOS CORE CFIHOS object equivalent mapping v2.0.csv,29,source_reference_record,source_reference_record_unreviewed
CFIHOS-20000030,POSC CAESAR,RDS2227292,real,True,sha256:a69b98012d9e4a46495a3aed48eef8ce75a69d001eaa28b4c38cb0f3c921909d,CORE CFIHOS V2.0 CSV/CFIHOS CORE CFIHOS object equivalent mapping v2.0.csv,30,source_reference_record,source_reference_record_unreviewed
CFIHOS-20000031,POSC CAESAR,RDS2226758,real,True,sha256:a69b98012d9e4a46495a3aed48eef8ce75a69d001eaa28b4c38cb0f3c921909d,CORE CFIHOS V2.0 CSV/CFIHOS CORE CFIHOS object equivalent mapping v2.0.csv,31,source_reference_record,source_reference_record_unreviewed
CFIHOS-20000032,POSC CAESAR,RDS2226762,real,True,sha256:a69b98012d9e4a46495a3aed48eef8ce75a69d001eaa28b4c38cb0f3c921909d,CORE CFIHOS V2.0 CSV/CFIHOS CORE CFIHOS object equivalent mapping v2.0.csv,32,source_reference_record,source_reference_record_unreviewed
CFIHOS-20000033,POSC CAESAR,RDS2224674,real,True,sha256:a69b98012d9e4a46495a3aed48eef8ce75a69d001eaa28b4c38cb0f3c921909d,CORE CFIHOS V2.0 CSV/CFIHOS CORE CFIHOS object equivalent mapping v2.0.csv,33,source_reference_record,source_reference_record_unreviewed
CFIHOS-20000043,POSC CAESAR,RDS2224677,real,True,sha256:a69b98012d9e4a46495a3aed48eef8ce75a69d001eaa28b4c38cb0f3c921909d,CORE CFIHOS V2.0 CSV/CFIHOS CORE CFIHOS object equivalent mapping v2.0.csv,34,source_reference_record,source_reference_record_unreviewed
CFIHOS-30000001,POSC CAESAR,RDS1324408031,real,True,sha256:a69b98012d9e4a46495a3aed48eef8ce75a69d001eaa28b4c38cb0f3c921909d,CORE CFIHOS V2.0 CSV/CFIHOS CORE CFIHOS object equivalent mapping v2.0.csv,35,source_reference_record,source_reference_record_unreviewed
CFIHOS-30000002,STEPLIB,670171,real,True,sha256:a69b98012d9e4a46495a3aed48eef8ce75a69d001eaa28b4c38cb0f3c921909d,CORE CFIHOS V2.0 CSV/CFIHOS CORE CFIHOS object equivalent mapping v2.0.csv,36,source_reference_record,source_reference_record_unreviewed
CFIHOS-30000002,POSC CAESAR,RDS16236439,real,True,sha256:a69b98012d9e4a46495a3aed48eef8ce75a69d001eaa28b4c38cb0f3c921909d,CORE CFIHOS V2.0 CSV/CFIHOS CORE CFIHOS object equivalent mapping v2.0.csv,37,source_reference_record,source_reference_record_unreviewed
CFIHOS-30000003,ISO 14224:2016,BO,real,True,sha256:a69b98012d9e4a46495a3aed48eef8ce75a69d001eaa28b4c38cb0f3c921909d,CORE CFIHOS V2.0 CSV/CFIHOS CORE CFIHOS object equivalent mapping v2.0.csv,38,source_reference_record,source_reference_record_unreviewed
CFIHOS-30000003,POSC CAESAR,RDS6712331,real,True,sha256:a69b98012d9e4a46495a3aed48eef8ce75a69d001eaa28b4c38cb0f3c921909d,CORE CFIHOS V2.0 CSV/CFIHOS CORE CFIHOS object equivalent mapping v2.0.csv,39,source_reference_record,source_reference_record_unreviewed
CFIHOS-30000004,ISO 14224:2016,FF,real,True,sha256:a69b98012d9e4a46495a3aed48eef8ce75a69d001eaa28b4c38cb0f3c921909d,CORE CFIHOS V2.0 CSV/CFIHOS CORE CFIHOS object equivalent mapping v2.0.csv,40,source_reference_record,source_reference_record_unreviewed
CFIHOS-30000005,ISO 14224:2016,ER,real,True,sha256:a69b98012d9e4a46495a3aed48eef8ce75a69d001eaa28b4c38cb0f3c921909d,CORE CFIHOS V2.0 CSV/CFIHOS CORE CFIHOS object equivalent mapping v2.0.csv,41,source_reference_record,source_reference_record_unreviewed
CFIHOS-30000005,POSC CAESAR,RDS621044,real,True,sha256:a69b98012d9e4a46495a3aed48eef8ce75a69d001eaa28b4c38cb0f3c921909d,CORE CFIHOS V2.0 CSV/CFIHOS CORE CFIHOS object equivalent mapping v2.0.csv,42,source_reference_record,source_reference_record_unreviewed
CFIHOS-30000005,ISO 14224:2016,SD,real,True,sha256:a69b98012d9e4a46495a3aed48eef8ce75a69d001eaa28b4c38cb0f3c921909d,CORE CFIHOS V2.0 CSV/CFIHOS CORE CFIHOS object equivalent mapping v2.0.csv,43,source_reference_record,source_reference_record_unreviewed
CFIHOS-30000006,STEPLIB,40017,real,True,sha256:a69b98012d9e4a46495a3aed48eef8ce75a69d001eaa28b4c38cb0f3c921909d,CORE CFIHOS V2.0 CSV/CFIHOS CORE CFIHOS object equivalent mapping v2.0.csv,44,source_reference_record,source_reference_record_unreviewed
CFIHOS-30000006,POSC CAESAR,RDS289304,real,True,sha256:a69b98012d9e4a46495a3aed48eef8ce75a69d001eaa28b4c38cb0f3c921909d,CORE CFIHOS V2.0 CSV/CFIHOS CORE CFIHOS object equivalent mapping v2.0.csv,45,source_reference_record,source_reference_record_unreviewed
CFIHOS-30000007,STEPLIB,70037,real,True,sha256:a69b98012d9e4a46495a3aed48eef8ce75a69d001eaa28b4c38cb0f3c921909d,CORE CFIHOS V2.0 CSV/CFIHOS CORE CFIHOS object equivalent mapping v2.0.csv,46,source_reference_record,source_reference_record_unreviewed
CFIHOS-30000007,POSC CAESAR,RDS485369,real,True,sha256:a69b98012d9e4a46495a3aed48eef8ce75a69d001eaa28b4c38cb0f3c921909d,CORE CFIHOS V2.0 CSV/CFIHOS CORE CFIHOS object equivalent mapping v2.0.csv,47,source_reference_record,source_reference_record_unreviewed
CFIHOS-30000008,POSC CAESAR,RDS286244,real,True,sha256:a69b98012d9e4a46495a3aed48eef8ce75a69d001eaa28b4c38cb0f3c921909d,CORE CFIHOS V2.0 CSV/CFIHOS CORE CFIHOS object equivalent mapping v2.0.csv,48,source_reference_record,source_reference_record_unreviewed
CFIHOS-30000010,STEPLIB,71262,real,True,sha256:a69b98012d9e4a46495a3aed48eef8ce75a69d001eaa28b4c38cb0f3c921909d,CORE CFIHOS V2.0 CSV/CFIHOS CORE CFIHOS object equivalent mapping v2.0.csv,49,source_reference_record,source_reference_record_unreviewed
CFIHOS-30000010,ISO 14224:2016,IPLS,real,True,sha256:a69b98012d9e4a46495a3aed48eef8ce75a69d001eaa28b4c38cb0f3c921909d,CORE CFIHOS V2.0 CSV/CFIHOS CORE CFIHOS object equivalent mapping v2.0.csv,50,source_reference_record,source_reference_record_unreviewed
CFIHOS-30000010,POSC CAESAR,RDS1011374,real,True,sha256:a69b98012d9e4a46495a3aed48eef8ce75a69d001eaa28b4c38cb0f3c921909d,CORE CFIHOS V2.0 CSV/CFIHOS CORE CFIHOS object equivalent mapping v2.0.csv,51,source_reference_record,source_reference_record_unreviewed
CFIHOS-30000011,STEPLIB,670024,real,True,sha256:a69b98012d9e4a46495a3aed48eef8ce75a69d001eaa28b4c38cb0f3c921909d,CORE CFIHOS V2.0 CSV/CFIHOS CORE CFIHOS object equivalent mapping v2.0.csv,52,source_reference_record,source_reference_record_unreviewed
CFIHOS-30000011,POSC CAESAR,RDS11526424,real,True,sha256:a69b98012d9e4a46495a3aed48eef8ce75a69d001eaa28b4c38cb0f3c921909d,CORE CFIHOS V2.0 CSV/CFIHOS CORE CFIHOS object equivalent mapping v2.0.csv,53,source_reference_record,source_reference_record_unreviewed
CFIHOS-30000012,POSC CAESAR,RDS1300003161,real,True,sha256:a69b98012d9e4a46495a3aed48eef8ce75a69d001eaa28b4c38cb0f3c921909d,CORE CFIHOS V2.0 CSV/CFIHOS CORE CFIHOS object equivalent mapping v2.0.csv,54,source_reference_record,source_reference_record_unreviewed
CFIHOS-30000013,POSC CAESAR,RDS5799410,real,True,sha256:a69b98012d9e4a46495a3aed48eef8ce75a69d001eaa28b4c38cb0f3c921909d,CORE CFIHOS V2.0 CSV/CFIHOS CORE CFIHOS object equivalent mapping v2.0.csv,55,source_reference_record,source_reference_record_unreviewed
CFIHOS-30000014,STEPLIB,40029,real,True,sha256:a69b98012d9e4a46495a3aed48eef8ce75a69d001eaa28b4c38cb0f3c921909d,CORE CFIHOS V2.0 CSV/CFIHOS CORE CFIHOS object equivalent mapping v2.0.csv,56,source_reference_record,source_reference_record_unreviewed
CFIHOS-30000016,STEPLIB,10421,real,True,sha256:a69b98012d9e4a46495a3aed48eef8ce75a69d001eaa28b4c38cb0f3c921909d,CORE CFIHOS V2.0 CSV/CFIHOS CORE CFIHOS object equivalent mapping v2.0.csv,57,source_reference_record,source_reference_record_unreviewed
CFIHOS-30000016,POSC CAESAR,RDS1324266341,real,True,sha256:a69b98012d9e4a46495a3aed48eef8ce75a69d001eaa28b4c38cb0f3c921909d,CORE CFIHOS V2.0 CSV/CFIHOS CORE CFIHOS object equivalent mapping v2.0.csv,58,source_reference_record,source_reference_record_unreviewed
CFIHOS-30000018,ISO 14224:2016,ER,real,True,sha256:a69b98012d9e4a46495a3aed48eef8ce75a69d001eaa28b4c38cb0f3c921909d,CORE CFIHOS V2.0 CSV/CFIHOS CORE CFIHOS object equivalent mapping v2.0.csv,59,source_reference_record,source_reference_record_unreviewed
CFIHOS-30000019,STEPLIB,70044,real,True,sha256:a69b98012d9e4a46495a3aed48eef8ce75a69d001eaa28b4c38cb0f3c921909d,CORE CFIHOS V2.0 CSV/CFIHOS CORE CFIHOS object equivalent mapping v2.0.csv,60,source_reference_record,source_reference_record_unreviewed
CFIHOS-30000021,POSC CAESAR,RDS1455523211,real,True,sha256:a69b98012d9e4a46495a3aed48eef8ce75a69d001eaa28b4c38cb0f3c921909d,CORE CFIHOS V2.0 CSV/CFIHOS CORE CFIHOS object equivalent mapping v2.0.csv,61,source_reference_record,source_reference_record_unreviewed
CFIHOS-30000022,POSC CAESAR,RDS5773641,real,True,sha256:a69b98012d9e4a46495a3aed48eef8ce75a69d001eaa28b4c38cb0f3c921909d,CORE CFIHOS V2.0 CSV/CFIHOS CORE CFIHOS object equivalent mapping v2.0.csv,62,source_reference_record,source_reference_record_unreviewed
CFIHOS-30000023,ISO 14224:2016,IPFS,real,True,sha256:a69b98012d9e4a46495a3aed48eef8ce75a69d001eaa28b4c38cb0f3c921909d,CORE CFIHOS V2.0 CSV/CFIHOS CORE CFIHOS object equivalent mapping v2.0.csv,63,source_reference_record,source_reference_record_unreviewed
CFIHOS-30000023,POSC CAESAR,RDS613394,real,True,sha256:a69b98012d9e4a46495a3aed48eef8ce75a69d001eaa28b4c38cb0f3c921909d,CORE CFIHOS V2.0 CSV/CFIHOS CORE CFIHOS object equivalent mapping v2.0.csv,64,source_reference_record,source_reference_record_unreviewed
CFIHOS-30000026,ISO 14224:2016,DM,real,True,sha256:a69b98012d9e4a46495a3aed48eef8ce75a69d001eaa28b4c38cb0f3c921909d,CORE CFIHOS V2.0 CSV/CFIHOS CORE CFIHOS object equivalent mapping v2.0.csv,65,source_reference_record,source_reference_record_unreviewed
CFIHOS-30000026,POSC CAESAR,RDS297764,real,True,sha256:a69b98012d9e4a46495a3aed48eef8ce75a69d001eaa28b4c38cb0f3c921909d,CORE CFIHOS V2.0 CSV/CFIHOS CORE CFIHOS object equivalent mapping v2.0.csv,66,source_reference_record,source_reference_record_unreviewed
CFIHOS-30000030,STEPLIB,70095,real,True,sha256:a69b98012d9e4a46495a3aed48eef8ce75a69d001eaa28b4c38cb0f3c921909d,CORE CFIHOS V2.0 CSV/CFIHOS CORE CFIHOS object equivalent mapping v2.0.csv,67,source_reference_record,source_reference_record_unreviewed
CFIHOS-30000030,POSC CAESAR,RDS298079,real,True,sha256:a69b98012d9e4a46495a3aed48eef8ce75a69d001eaa28b4c38cb0f3c921909d,CORE CFIHOS V2.0 CSV/CFIHOS CORE CFIHOS object equivalent mapping v2.0.csv,68,source_reference_record,source_reference_record_unreviewed
CFIHOS-30000031,ISO 14224:2016,IPFS,real,True,sha256:a69b98012d9e4a46495a3aed48eef8ce75a69d001eaa28b4c38cb0f3c921909d,CORE CFIHOS V2.0 CSV/CFIHOS CORE CFIHOS object equivalent mapping v2.0.csv,69,source_reference_record,source_reference_record_unreviewed
CFIHOS-30000034,STEPLIB,71280,real,True,sha256:a69b98012d9e4a46495a3aed48eef8ce75a69d001eaa28b4c38cb0f3c921909d,CORE CFIHOS V2.0 CSV/CFIHOS CORE CFIHOS object equivalent mapping v2.0.csv,70,source_reference_record,source_reference_record_unreviewed
CFIHOS-30000035,STEPLIB,71227,real,True,sha256:a69b98012d9e4a46495a3aed48eef8ce75a69d001eaa28b4c38cb0f3c921909d,CORE CFIHOS V2.0 CSV/CFIHOS CORE CFIHOS object equivalent mapping v2.0.csv,71,source_reference_record,source_reference_record_unreviewed
CFIHOS-30000037,POSC CAESAR,RDS7038826,real,True,sha256:a69b98012d9e4a46495a3aed48eef8ce75a69d001eaa28b4c38cb0f3c921909d,CORE CFIHOS V2.0 CSV/CFIHOS CORE CFIHOS object equivalent mapping v2.0.csv,72,source_reference_record,source_reference_record_unreviewed
CFIHOS-30000038,POSC CAESAR,RDS299519,real,True,sha256:a69b98012d9e4a46495a3aed48eef8ce75a69d001eaa28b4c38cb0f3c921909d,CORE CFIHOS V2.0 CSV/CFIHOS CORE CFIHOS object equivalent mapping v2.0.csv,73,source_reference_record,source_reference_record_unreviewed
CFIHOS-30000039,STEPLIB,250150,real,True,sha256:a69b98012d9e4a46495a3aed48eef8ce75a69d001eaa28b4c38cb0f3c921909d,CORE CFIHOS V2.0 CSV/CFIHOS CORE CFIHOS object equivalent mapping v2.0.csv,74,source_reference_record,source_reference_record_unreviewed
CFIHOS-30000039,POSC CAESAR,RDS5036404627,real,True,sha256:a69b98012d9e4a46495a3aed48eef8ce75a69d001eaa28b4c38cb0f3c921909d,CORE CFIHOS V2.0 CSV/CFIHOS CORE CFIHOS object equivalent mapping v2.0.csv,75,source_reference_record,source_reference_record_unreviewed
CFIHOS-30000040,ISO 14224:2016,IPFS,real,True,sha256:a69b98012d9e4a46495a3aed48eef8ce75a69d001eaa28b4c38cb0f3c921909d,CORE CFIHOS V2.0 CSV/CFIHOS CORE CFIHOS object equivalent mapping v2.0.csv,76,source_reference_record,source_reference_record_unreviewed
CFIHOS-30000042,STEPLIB,130111,real,True,sha256:a69b98012d9e4a46495a3aed48eef8ce75a69d001eaa28b4c38cb0f3c921909d,CORE CFIHOS V2.0 CSV/CFIHOS CORE CFIHOS object equivalent mapping v2.0.csv,77,source_reference_record,source_reference_record_unreviewed
CFIHOS-30000042,POSC CAESAR,RDS403501741,real,True,sha256:a69b98012d9e4a46495a3aed48eef8ce75a69d001eaa28b4c38cb0f3c921909d,CORE CFIHOS V2.0 CSV/CFIHOS CORE CFIHOS object equivalent mapping v2.0.csv,78,source_reference_record,source_reference_record_unreviewed
CFIHOS-30000043,STEPLIB,10264,real,True,sha256:a69b98012d9e4a46495a3aed48eef8ce75a69d001eaa28b4c38cb0f3c921909d,CORE CFIHOS V2.0 CSV/CFIHOS CORE CFIHOS object equivalent mapping v2.0.csv,79,source_reference_record,source_reference_record_unreviewed
CFIHOS-30000043,POSC CAESAR,RDS300374,real,True,sha256:a69b98012d9e4a46495a3aed48eef8ce75a69d001eaa28b4c38cb0f3c921909d,CORE CFIHOS V2.0 CSV/CFIHOS CORE CFIHOS object equivalent mapping v2.0.csv,80,source_reference_record,source_reference_record_unreviewed
CFIHOS-30000044,STEPLIB,400071,real,True,sha256:a69b98012d9e4a46495a3aed48eef8ce75a69d001eaa28b4c38cb0f3c921909d,CORE CFIHOS V2.0 CSV/CFIHOS CORE CFIHOS object equivalent mapping v2.0.csv,81,source_reference_record,source_reference_record_unreviewed
CFIHOS-30000044,ISO 14224:2016,ER,real,True,sha256:a69b98012d9e4a46495a3aed48eef8ce75a69d001eaa28b4c38cb0f3c921909d,CORE CFIHOS V2.0 CSV/CFIHOS CORE CFIHOS object equivalent mapping v2.0.csv,82,source_reference_record,source_reference_record_unreviewed
CFIHOS-30000044,POSC CAESAR,RDS300509,real,True,sha256:a69b98012d9e4a46495a3aed48eef8ce75a69d001eaa28b4c38cb0f3c921909d,CORE CFIHOS V2.0 CSV/CFIHOS CORE CFIHOS object equivalent mapping v2.0.csv,83,source_reference_record,source_reference_record_unreviewed
CFIHOS-30000045,ISO 14224:2016,ER,real,True,sha256:a69b98012d9e4a46495a3aed48eef8ce75a69d001eaa28b4c38cb0f3c921909d,CORE CFIHOS V2.0 CSV/CFIHOS CORE CFIHOS object equivalent mapping v2.0.csv,84,source_reference_record,source_reference_record_unreviewed
CFIHOS-30000046,STEPLIB,71329,real,True,sha256:a69b98012d9e4a46495a3aed48eef8ce75a69d001eaa28b4c38cb0f3c921909d,CORE CFIHOS V2.0 CSV/CFIHOS CORE CFIHOS object equivalent mapping v2.0.csv,85,source_reference_record,source_reference_record_unreviewed
CFIHOS-30000046,ISO 14224:2016,TC,real,True,sha256:a69b98012d9e4a46495a3aed48eef8ce75a69d001eaa28b4c38cb0f3c921909d,CORE CFIHOS V2.0 CSV/CFIHOS CORE CFIHOS object equivalent mapping v2.0.csv,86,source_reference_record,source_reference_record_unreviewed
CFIHOS-30000047,STEPLIB,40059,real,True,sha256:a69b98012d9e4a46495a3aed48eef8ce75a69d001eaa28b4c38cb0f3c921909d,CORE CFIHOS V2.0 CSV/CFIHOS CORE CFIHOS object equivalent mapping v2.0.csv,87,source_reference_record,source_reference_record_unreviewed
CFIHOS-30000048,ISO 14224:2016,FF,real,True,sha256:a69b98012d9e4a46495a3aed48eef8ce75a69d001eaa28b4c38cb0f3c921909d,CORE CFIHOS V2.0 CSV/CFIHOS CORE CFIHOS object equivalent mapping v2.0.csv,88,source_reference_record,source_reference_record_unreviewed
CFIHOS-30000048,POSC CAESAR,RDS1298392011,real,True,sha256:a69b98012d9e4a46495a3aed48eef8ce75a69d001eaa28b4c38cb0f3c921909d,CORE CFIHOS V2.0 CSV/CFIHOS CORE CFIHOS object equivalent mapping v2.0.csv,89,source_reference_record,source_reference_record_unreviewed
CFIHOS-30000049,POSC CAESAR,RDS414314,real,True,sha256:a69b98012d9e4a46495a3aed48eef8ce75a69d001eaa28b4c38cb0f3c921909d,CORE CFIHOS V2.0 CSV/CFIHOS CORE CFIHOS object equivalent mapping v2.0.csv,90,source_reference_record,source_reference_record_unreviewed
CFIHOS-30000050,POSC CAESAR,RDS1066619141,real,True,sha256:a69b98012d9e4a46495a3aed48eef8ce75a69d001eaa28b4c38cb0f3c921909d,CORE CFIHOS V2.0 CSV/CFIHOS CORE CFIHOS object equivalent mapping v2.0.csv,91,source_reference_record,source_reference_record_unreviewed
CFIHOS-30000052,ISO 14224:2016,FF,real,True,sha256:a69b98012d9e4a46495a3aed48eef8ce75a69d001eaa28b4c38cb0f3c921909d,CORE CFIHOS V2.0 CSV/CFIHOS CORE CFIHOS object equivalent mapping v2.0.csv,92,source_reference_record,source_reference_record_unreviewed
CFIHOS-30000052,POSC CAESAR,RDS301094,real,True,sha256:a69b98012d9e4a46495a3aed48eef8ce75a69d001eaa28b4c38cb0f3c921909d,CORE CFIHOS V2.0 CSV/CFIHOS CORE CFIHOS object equivalent mapping v2.0.csv,93,source_reference_record,source_reference_record_unreviewed
CFIHOS-30000053,STEPLIB,100052,real,True,sha256:a69b98012d9e4a46495a3aed48eef8ce75a69d001eaa28b4c38cb0f3c921909d,CORE CFIHOS V2.0 CSV/CFIHOS CORE CFIHOS object equivalent mapping v2.0.csv,94,source_reference_record,source_reference_record_unreviewed
CFIHOS-30000053,ISO 14224:2016,HBDF,real,True,sha256:a69b98012d9e4a46495a3aed48eef8ce75a69d001eaa28b4c38cb0f3c921909d,CORE CFIHOS V2.0 CSV/CFIHOS CORE CFIHOS object equivalent mapping v2.0.csv,95,source_reference_record,source_reference_record_unreviewed
CFIHOS-30000053,POSC CAESAR,RDS14069845,real,True,sha256:a69b98012d9e4a46495a3aed48eef8ce75a69d001eaa28b4c38cb0f3c921909d,CORE CFIHOS V2.0 CSV/CFIHOS CORE CFIHOS object equivalent mapping v2.0.csv,96,source_reference_record,source_reference_record_unreviewed
CFIHOS-30000054,ISO 14224:2016,FF,real,True,sha256:a69b98012d9e4a46495a3aed48eef8ce75a69d001eaa28b4c38cb0f3c921909d,CORE CFIHOS V2.0 CSV/CFIHOS CORE CFIHOS object equivalent mapping v2.0.csv,97,source_reference_record,source_reference_record_unreviewed
CFIHOS-30000054,POSC CAESAR,RDS485549,real,True,sha256:a69b98012d9e4a46495a3aed48eef8ce75a69d001eaa28b4c38cb0f3c921909d,CORE CFIHOS V2.0 CSV/CFIHOS CORE CFIHOS object equivalent mapping v2.0.csv,98,source_reference_record,source_reference_record_unreviewed
CFIHOS-30000055,ISO 14224:2016,ER,real,True,sha256:a69b98012d9e4a46495a3aed48eef8ce75a69d001eaa28b4c38cb0f3c921909d,CORE CFIHOS V2.0 CSV/CFIHOS CORE CFIHOS object equivalent mapping v2.0.csv,99,source_reference_record,source_reference_record_unreviewed
CFIHOS-30000055,POSC CAESAR,RDS648539,real,True,sha256:a69b98012d9e4a46495a3aed48eef8ce75a69d001eaa28b4c38cb0f3c921909d,CORE CFIHOS V2.0 CSV/CFIHOS CORE CFIHOS object equivalent mapping v2.0.csv,100,source_reference_record,source_reference_record_unreviewed
CFIHOS-30000056,STEPLIB,10174,real,True,sha256:a69b98012d9e4a46495a3aed48eef8ce75a69d001eaa28b4c38cb0f3c921909d,CORE CFIHOS V2.0 CSV/CFIHOS CORE CFIHOS object equivalent mapping v2.0.csv,101,source_reference_record,source_reference_record_unreviewed
CFIHOS-30000056,POSC CAESAR,RDS1325028651,real,True,sha256:a69b98012d9e4a46495a3aed48eef8ce75a69d001eaa28b4c38cb0f3c921909d,CORE CFIHOS V2.0 CSV/CFIHOS CORE CFIHOS object equivalent mapping v2.0.csv,102,source_reference_record,source_reference_record_unreviewed
CFIHOS-30000058,STEPLIB,100426,real,True,sha256:a69b98012d9e4a46495a3aed48eef8ce75a69d001eaa28b4c38cb0f3c921909d,CORE CFIHOS V2.0 CSV/CFIHOS CORE CFIHOS object equivalent mapping v2.0.csv,103,source_reference_record,source_reference_record_unreviewed
CFIHOS-30000058,POSC CAESAR,RDS1330277141,real,True,sha256:a69b98012d9e4a46495a3aed48eef8ce75a69d001eaa28b4c38cb0f3c921909d,CORE CFIHOS V2.0 CSV/CFIHOS CORE CFIHOS object equivalent mapping v2.0.csv,104,source_reference_record,source_reference_record_unreviewed
CFIHOS-30000059,STEPLIB,520376,real,True,sha256:a69b98012d9e4a46495a3aed48eef8ce75a69d001eaa28b4c38cb0f3c921909d,CORE CFIHOS V2.0 CSV/CFIHOS CORE CFIHOS object equivalent mapping v2.0.csv,105,source_reference_record,source_reference_record_unreviewed
CFIHOS-30000059,POSC CAESAR,RDS5785782,real,True,sha256:a69b98012d9e4a46495a3aed48eef8ce75a69d001eaa28b4c38cb0f3c921909d,CORE CFIHOS V2.0 CSV/CFIHOS CORE CFIHOS object equivalent mapping v2.0.csv,106,source_reference_record,source_reference_record_unreviewed
CFIHOS-30000059,ISO 14224:2016,VEFD,real,True,sha256:a69b98012d9e4a46495a3aed48eef8ce75a69d001eaa28b4c38cb0f3c921909d,CORE CFIHOS V2.0 CSV/CFIHOS CORE CFIHOS object equivalent mapping v2.0.csv,107,source_reference_record,source_reference_record_unreviewed
CFIHOS-30000063,POSC CAESAR,RDS7208926,real,True,sha256:a69b98012d9e4a46495a3aed48eef8ce75a69d001eaa28b4c38cb0f3c921909d,CORE CFIHOS V2.0 CSV/CFIHOS CORE CFIHOS object equivalent mapping v2.0.csv,108,source_reference_record,source_reference_record_unreviewed
CFIHOS-30000067,STEPLIB,40079,real,True,sha256:a69b98012d9e4a46495a3aed48eef8ce75a69d001eaa28b4c38cb0f3c921909d,CORE CFIHOS V2.0 CSV/CFIHOS CORE CFIHOS object equivalent mapping v2.0.csv,109,source_reference_record,source_reference_record_unreviewed
CFIHOS-30000067,POSC CAESAR,RDS487624691,real,True,sha256:a69b98012d9e4a46495a3aed48eef8ce75a69d001eaa28b4c38cb0f3c921909d,CORE CFIHOS V2.0 CSV/CFIHOS CORE CFIHOS object equivalent mapping v2.0.csv,110,source_reference_record,source_reference_record_unreviewed
CFIHOS-30000068,STEPLIB,71212,real,True,sha256:a69b98012d9e4a46495a3aed48eef8ce75a69d001eaa28b4c38cb0f3c921909d,CORE CFIHOS V2.0 CSV/CFIHOS CORE CFIHOS object equivalent mapping v2.0.csv,111,source_reference_record,source_reference_record_unreviewed
CFIHOS-30000070,STEPLIB,10025,real,True,sha256:a69b98012d9e4a46495a3aed48eef8ce75a69d001eaa28b4c38cb0f3c921909d,CORE CFIHOS V2.0 CSV/CFIHOS CORE CFIHOS object equivalent mapping v2.0.csv,112,source_reference_record,source_reference_record_unreviewed
CFIHOS-30000070,POSC CAESAR,RDS6689917,real,True,sha256:a69b98012d9e4a46495a3aed48eef8ce75a69d001eaa28b4c38cb0f3c921909d,CORE CFIHOS V2.0 CSV/CFIHOS CORE CFIHOS object equivalent mapping v2.0.csv,113,source_reference_record,source_reference_record_unreviewed
CFIHOS-30000071,STEPLIB,40081,real,True,sha256:a69b98012d9e4a46495a3aed48eef8ce75a69d001eaa28b4c38cb0f3c921909d,CORE CFIHOS V2.0 CSV/CFIHOS CORE CFIHOS object equivalent mapping v2.0.csv,114,source_reference_record,source_reference_record_unreviewed
CFIHOS-30000072,POSC CAESAR,RDS5855546,real,True,sha256:a69b98012d9e4a46495a3aed48eef8ce75a69d001eaa28b4c38cb0f3c921909d,CORE CFIHOS V2.0 CSV/CFIHOS CORE CFIHOS object equivalent mapping v2.0.csv,115,source_reference_record,source_reference_record_unreviewed
CFIHOS-30000073,STEPLIB,70728,real,True,sha256:a69b98012d9e4a46495a3aed48eef8ce75a69d001eaa28b4c38cb0f3c921909d,CORE CFIHOS V2.0 CSV/CFIHOS CORE CFIHOS object equivalent mapping v2.0.csv,116,source_reference_record,source_reference_record_unreviewed
CFIHOS-30000074,POSC CAESAR,RDS850679,real,True,sha256:a69b98012d9e4a46495a3aed48eef8ce75a69d001eaa28b4c38cb0f3c921909d,CORE CFIHOS V2.0 CSV/CFIHOS CORE CFIHOS object equivalent mapping v2.0.csv,117,source_reference_record,source_reference_record_unreviewed
CFIHOS-30000075,ISO 14224:2016,SVCY,real,True,sha256:a69b98012d9e4a46495a3aed48eef8ce75a69d001eaa28b4c38cb0f3c921909d,CORE CFIHOS V2.0 CSV/CFIHOS CORE CFIHOS object equivalent mapping v2.0.csv,118,source_reference_record,source_reference_record_unreviewed
CFIHOS-30000075,ISO 14224:2016,VESE,real,True,sha256:a69b98012d9e4a46495a3aed48eef8ce75a69d001eaa28b4c38cb0f3c921909d,CORE CFIHOS V2.0 CSV/CFIHOS CORE CFIHOS object equivalent mapping v2.0.csv,119,source_reference_record,source_reference_record_unreviewed
CFIHOS-30000078,STEPLIB,10281,real,True,sha256:a69b98012d9e4a46495a3aed48eef8ce75a69d001eaa28b4c38cb0f3c921909d,CORE CFIHOS V2.0 CSV/CFIHOS CORE CFIHOS object equivalent mapping v2.0.csv,120,source_reference_record,source_reference_record_unreviewed
CFIHOS-30000078,POSC CAESAR,RDS477314,real,True,sha256:a69b98012d9e4a46495a3aed48eef8ce75a69d001eaa28b4c38cb0f3c921909d,CORE CFIHOS V2.0 CSV/CFIHOS CORE CFIHOS object equivalent mapping v2.0.csv,121,source_reference_record,source_reference_record_unreviewed
CFIHOS-30000079,POSC CAESAR,RDS7038956,real,True,sha256:a69b98012d9e4a46495a3aed48eef8ce75a69d001eaa28b4c38cb0f3c921909d,CORE CFIHOS V2.0 CSV/CFIHOS CORE CFIHOS object equivalent mapping v2.0.csv,122,source_reference_record,source_reference_record_unreviewed
CFIHOS-30000080,POSC CAESAR,RDS12195576,real,True,sha256:a69b98012d9e4a46495a3aed48eef8ce75a69d001eaa28b4c38cb0f3c921909d,CORE CFIHOS V2.0 CSV/CFIHOS CORE CFIHOS object equivalent mapping v2.0.csv,123,source_reference_record,source_reference_record_unreviewed
CFIHOS-30000081,STEPLIB,490307,real,True,sha256:a69b98012d9e4a46495a3aed48eef8ce75a69d001eaa28b4c38cb0f3c921909d,CORE CFIHOS V2.0 CSV/CFIHOS CORE CFIHOS object equivalent mapping v2.0.csv,124,source_reference_record,source_reference_record_unreviewed
CFIHOS-30000082,ISO 14224:2016,FGBH,real,True,sha256:a69b98012d9e4a46495a3aed48eef8ce75a69d001eaa28b4c38cb0f3c921909d,CORE CFIHOS V2.0 CSV/CFIHOS CORE CFIHOS object equivalent mapping v2.0.csv,125,source_reference_record,source_reference_record_unreviewed
CFIHOS-30000085,STEPLIB,10177,real,True,sha256:a69b98012d9e4a46495a3aed48eef8ce75a69d001eaa28b4c38cb0f3c921909d,CORE CFIHOS V2.0 CSV/CFIHOS CORE CFIHOS object equivalent mapping v2.0.csv,126,source_reference_record,source_reference_record_unreviewed
CFIHOS-30000085,POSC CAESAR,RDS302174,real,True,sha256:a69b98012d9e4a46495a3aed48eef8ce75a69d001eaa28b4c38cb0f3c921909d,CORE CFIHOS V2.0 CSV/CFIHOS CORE CFIHOS object equivalent mapping v2.0.csv,127,source_reference_record,source_reference_record_unreviewed
CFIHOS-30000086,STEPLIB,10381,real,True,sha256:a69b98012d9e4a46495a3aed48eef8ce75a69d001eaa28b4c38cb0f3c921909d,CORE CFIHOS V2.0 CSV/CFIHOS CORE CFIHOS object equivalent mapping v2.0.csv,128,source_reference_record,source_reference_record_unreviewed
CFIHOS-30000086,POSC CAESAR,RDS304514,real,True,sha256:a69b98012d9e4a46495a3aed48eef8ce75a69d001eaa28b4c38cb0f3c921909d,CORE CFIHOS V2.0 CSV/CFIHOS CORE CFIHOS object equivalent mapping v2.0.csv,129,source_reference_record,source_reference_record_unreviewed
CFIHOS-30000087,POSC CAESAR,RDS477404,real,True,sha256:a69b98012d9e4a46495a3aed48eef8ce75a69d001eaa28b4c38cb0f3c921909d,CORE CFIHOS V2.0 CSV/CFIHOS CORE CFIHOS object equivalent mapping v2.0.csv,130,source_reference_record,source_reference_record_unreviewed
CFIHOS-30000088,STEPLIB,70176,real,True,sha256:a69b98012d9e4a46495a3aed48eef8ce75a69d001eaa28b4c38cb0f3c921909d,CORE CFIHOS V2.0 CSV/CFIHOS CORE CFIHOS object equivalent mapping v2.0.csv,131,source_reference_record,source_reference_record_unreviewed
CFIHOS-30000088,POSC CAESAR,RDS880469,real,True,sha256:a69b98012d9e4a46495a3aed48eef8ce75a69d001eaa28b4c38cb0f3c921909d,CORE CFIHOS V2.0 CSV/CFIHOS CORE CFIHOS object equivalent mapping v2.0.csv,132,source_reference_record,source_reference_record_unreviewed
CFIHOS-30000089,POSC CAESAR,RDS16760820,real,True,sha256:a69b98012d9e4a46495a3aed48eef8ce75a69d001eaa28b4c38cb0f3c921909d,CORE CFIHOS V2.0 CSV/CFIHOS CORE CFIHOS object equivalent mapping v2.0.csv,133,source_reference_record,source_reference_record_unreviewed
CFIHOS-30000090,POSC CAESAR,RDS5800917,real,True,sha256:a69b98012d9e4a46495a3aed48eef8ce75a69d001eaa28b4c38cb0f3c921909d,CORE CFIHOS V2.0 CSV/CFIHOS CORE CFIHOS object equivalent mapping v2.0.csv,134,source_reference_record,source_reference_record_unreviewed
CFIHOS-30000094,STEPLIB,100225,real,True,sha256:a69b98012d9e4a46495a3aed48eef8ce75a69d001eaa28b4c38cb0f3c921909d,CORE CFIHOS V2.0 CSV/CFIHOS CORE CFIHOS object equivalent mapping v2.0.csv,135,source_reference_record,source_reference_record_unreviewed
CFIHOS-30000094,POSC CAESAR,RDS672897771,real,True,sha256:a69b98012d9e4a46495a3aed48eef8ce75a69d001eaa28b4c38cb0f3c921909d,CORE CFIHOS V2.0 CSV/CFIHOS CORE CFIHOS object equivalent mapping v2.0.csv,136,source_reference_record,source_reference_record_unreviewed
CFIHOS-30000098,STEPLIB,70202,real,True,sha256:a69b98012d9e4a46495a3aed48eef8ce75a69d001eaa28b4c38cb0f3c921909d,CORE CFIHOS V2.0 CSV/CFIHOS CORE CFIHOS object equivalent mapping v2.0.csv,137,source_reference_record,source_reference_record_unreviewed
CFIHOS-30000098,ISO 14224:2016,IP,real,True,sha256:a69b98012d9e4a46495a3aed48eef8ce75a69d001eaa28b4c38cb0f3c921909d,CORE CFIHOS V2.0 CSV/CFIHOS CORE CFIHOS object equivalent mapping v2.0.csv,138,source_reference_record,source_reference_record_unreviewed
CFIHOS-30000099,STEPLIB,70239,real,True,sha256:a69b98012d9e4a46495a3aed48eef8ce75a69d001eaa28b4c38cb0f3c921909d,CORE CFIHOS V2.0 CSV/CFIHOS CORE CFIHOS object equivalent mapping v2.0.csv,139,source_reference_record,source_reference_record_unreviewed
CFIHOS-30000099,POSC CAESAR,RDS290249,real,True,sha256:a69b98012d9e4a46495a3aed48eef8ce75a69d001eaa28b4c38cb0f3c921909d,CORE CFIHOS V2.0 CSV/CFIHOS CORE CFIHOS object equivalent mapping v2.0.csv,140,source_reference_record,source_reference_record_unreviewed
CFIHOS-30000100,STEPLIB,70562,real,True,sha256:a69b98012d9e4a46495a3aed48eef8ce75a69d001eaa28b4c38cb0f3c921909d,CORE CFIHOS V2.0 CSV/CFIHOS CORE CFIHOS object equivalent mapping v2.0.csv,141,source_reference_record,source_reference_record_unreviewed
CFIHOS-30000100,ISO 14224:2016,TC,real,True,sha256:a69b98012d9e4a46495a3aed48eef8ce75a69d001eaa28b4c38cb0f3c921909d,CORE CFIHOS V2.0 CSV/CFIHOS CORE CFIHOS object equivalent mapping v2.0.csv,142,source_reference_record,source_reference_record_unreviewed
CFIHOS-30000102,STEPLIB,130959,real,True,sha256:a69b98012d9e4a46495a3aed48eef8ce75a69d001eaa28b4c38cb0f3c921909d,CORE CFIHOS V2.0 CSV/CFIHOS CORE CFIHOS object equivalent mapping v2.0.csv,143,source_reference_record,source_reference_record_unreviewed
CFIHOS-30000102,POSC CAESAR,RDS16045622,real,True,sha256:a69b98012d9e4a46495a3aed48eef8ce75a69d001eaa28b4c38cb0f3c921909d,CORE CFIHOS V2.0 CSV/CFIHOS CORE CFIHOS object equivalent mapping v2.0.csv,144,source_reference_record,source_reference_record_unreviewed
CFIHOS-30000104,ISO 14224:2016,AI,real,True,sha256:a69b98012d9e4a46495a3aed48eef8ce75a69d001eaa28b4c38cb0f3c921909d,CORE CFIHOS V2.0 CSV/CFIHOS CORE CFIHOS object equivalent mapping v2.0.csv,145,source_reference_record,source_reference_record_unreviewed
CFIHOS-30000104,POSC CAESAR,RDS414134,real,True,sha256:a69b98012d9e4a46495a3aed48eef8ce75a69d001eaa28b4c38cb0f3c921909d,CORE CFIHOS V2.0 CSV/CFIHOS CORE CFIHOS object equivalent mapping v2.0.csv,146,source_reference_record,source_reference_record_unreviewed
CFIHOS-30000105,STEPLIB,70368,real,True,sha256:a69b98012d9e4a46495a3aed48eef8ce75a69d001eaa28b4c38cb0f3c921909d,CORE CFIHOS V2.0 CSV/CFIHOS CORE CFIHOS object equivalent mapping v2.0.csv,147,source_reference_record,source_reference_record_unreviewed
CFIHOS-30000106,ISO 15926 part4,4238,real,True,sha256:a69b98012d9e4a46495a3aed48eef8ce75a69d001eaa28b4c38cb0f3c921909d,CORE CFIHOS V2.0 CSV/CFIHOS CORE CFIHOS object equivalent mapping v2.0.csv,148,source_reference_record,source_reference_record_unreviewed
CFIHOS-30000106,STEPLIB,70018,real,True,sha256:a69b98012d9e4a46495a3aed48eef8ce75a69d001eaa28b4c38cb0f3c921909d,CORE CFIHOS V2.0 CSV/CFIHOS CORE CFIHOS object equivalent mapping v2.0.csv,149,source_reference_record,source_reference_record_unreviewed
CFIHOS-30000106,POSC CAESAR,RDS624014,real,True,sha256:a69b98012d9e4a46495a3aed48eef8ce75a69d001eaa28b4c38cb0f3c921909d,CORE CFIHOS V2.0 CSV/CFIHOS CORE CFIHOS object equivalent mapping v2.0.csv,150,source_reference_record,source_reference_record_unreviewed
CFIHOS-30000110,STEPLIB,131812,real,True,sha256:a69b98012d9e4a46495a3aed48eef8ce75a69d001eaa28b4c38cb0f3c921909d,CORE CFIHOS V2.0 CSV/CFIHOS CORE CFIHOS object equivalent mapping v2.0.csv,151,source_reference_record,source_reference_record_unreviewed
CFIHOS-30000110,POSC CAESAR,RDS414584,real,True,sha256:a69b98012d9e4a46495a3aed48eef8ce75a69d001eaa28b4c38cb0f3c921909d,CORE CFIHOS V2.0 CSV/CFIHOS CORE CFIHOS object equivalent mapping v2.0.csv,152,source_reference_record,source_reference_record_unreviewed
CFIHOS-30000111,STEPLIB,40095,real,True,sha256:a69b98012d9e4a46495a3aed48eef8ce75a69d001eaa28b4c38cb0f3c921909d,CORE CFIHOS V2.0 CSV/CFIHOS CORE CFIHOS object equivalent mapping v2.0.csv,153,source_reference_record,source_reference_record_unreviewed
CFIHOS-30000112,POSC CAESAR,RDS1299805331,real,True,sha256:a69b98012d9e4a46495a3aed48eef8ce75a69d001eaa28b4c38cb0f3c921909d,CORE CFIHOS V2.0 CSV/CFIHOS CORE CFIHOS object equivalent mapping v2.0.csv,154,source_reference_record,source_reference_record_unreviewed
CFIHOS-30000114,ISO 14224:2016,ER,real,True,sha256:a69b98012d9e4a46495a3aed48eef8ce75a69d001eaa28b4c38cb0f3c921909d,CORE CFIHOS V2.0 CSV/CFIHOS CORE CFIHOS object equivalent mapping v2.0.csv,155,source_reference_record,source_reference_record_unreviewed
CFIHOS-30000114,POSC CAESAR,RDS648359,real,True,sha256:a69b98012d9e4a46495a3aed48eef8ce75a69d001eaa28b4c38cb0f3c921909d,CORE CFIHOS V2.0 CSV/CFIHOS CORE CFIHOS object equivalent mapping v2.0.csv,156,source_reference_record,source_reference_record_unreviewed
CFIHOS-30000115,ISO 14224:2016,ER,real,True,sha256:a69b98012d9e4a46495a3aed48eef8ce75a69d001eaa28b4c38cb0f3c921909d,CORE CFIHOS V2.0 CSV/CFIHOS CORE CFIHOS object equivalent mapping v2.0.csv,157,source_reference_record,source_reference_record_unreviewed
CFIHOS-30000115,POSC CAESAR,RDS7065039,real,True,sha256:a69b98012d9e4a46495a3aed48eef8ce75a69d001eaa28b4c38cb0f3c921909d,CORE CFIHOS V2.0 CSV/CFIHOS CORE CFIHOS object equivalent mapping v2.0.csv,158,source_reference_record,source_reference_record_unreviewed
CFIHOS-30000116,POSC CAESAR,RDS13601560,real,True,sha256:a69b98012d9e4a46495a3aed48eef8ce75a69d001eaa28b4c38cb0f3c921909d,CORE CFIHOS V2.0 CSV/CFIHOS CORE CFIHOS object equivalent mapping v2.0.csv,159,source_reference_record,source_reference_record_unreviewed
CFIHOS-30000117,POSC CAESAR,RDS5778110,real,True,sha256:a69b98012d9e4a46495a3aed48eef8ce75a69d001eaa28b4c38cb0f3c921909d,CORE CFIHOS V2.0 CSV/CFIHOS CORE CFIHOS object equivalent mapping v2.0.csv,160,source_reference_record,source_reference_record_unreviewed
CFIHOS-30000119,STEPLIB,10162,real,True,sha256:a69b98012d9e4a46495a3aed48eef8ce75a69d001eaa28b4c38cb0f3c921909d,CORE CFIHOS V2.0 CSV/CFIHOS CORE CFIHOS object equivalent mapping v2.0.csv,161,source_reference_record,source_reference_record_unreviewed
CFIHOS-30000119,POSC CAESAR,RDS280034,real,True,sha256:a69b98012d9e4a46495a3aed48eef8ce75a69d001eaa28b4c38cb0f3c921909d,CORE CFIHOS V2.0 CSV/CFIHOS CORE CFIHOS object equivalent mapping v2.0.csv,162,source_reference_record,source_reference_record_unreviewed
CFIHOS-30000123,STEPLIB,71009,real,True,sha256:a69b98012d9e4a46495a3aed48eef8ce75a69d001eaa28b4c38cb0f3c921909d,CORE CFIHOS V2.0 CSV/CFIHOS CORE CFIHOS object equivalent mapping v2.0.csv,163,source_reference_record,source_reference_record_unreviewed
CFIHOS-30000123,POSC CAESAR,RDS5770253,real,True,sha256:a69b98012d9e4a46495a3aed48eef8ce75a69d001eaa28b4c38cb0f3c921909d,CORE CFIHOS V2.0 CSV/CFIHOS CORE CFIHOS object equivalent mapping v2.0.csv,164,source_reference_record,source_reference_record_unreviewed
CFIHOS-30000125,STEPLIB,100311,real,True,sha256:a69b98012d9e4a46495a3aed48eef8ce75a69d001eaa28b4c38cb0f3c921909d,CORE CFIHOS V2.0 CSV/CFIHOS CORE CFIHOS object equivalent mapping v2.0.csv,165,source_reference_record,source_reference_record_unreviewed
CFIHOS-30000125,POSC CAESAR,RDS477359,real,True,sha256:a69b98012d9e4a46495a3aed48eef8ce75a69d001eaa28b4c38cb0f3c921909d,CORE CFIHOS V2.0 CSV/CFIHOS CORE CFIHOS object equivalent mapping v2.0.csv,166,source_reference_record,source_reference_record_unreviewed
CFIHOS-30000126,ISO 14224:2016,IPLS,real,True,sha256:a69b98012d9e4a46495a3aed48eef8ce75a69d001eaa28b4c38cb0f3c921909d,CORE CFIHOS V2.0 CSV/CFIHOS CORE CFIHOS object equivalent mapping v2.0.csv,167,source_reference_record,source_reference_record_unreviewed
CFIHOS-30000127,POSC CAESAR,RDS7057701,real,True,sha256:a69b98012d9e4a46495a3aed48eef8ce75a69d001eaa28b4c38cb0f3c921909d,CORE CFIHOS V2.0 CSV/CFIHOS CORE CFIHOS object equivalent mapping v2.0.csv,168,source_reference_record,source_reference_record_unreviewed
CFIHOS-30000128,ISO 15926 part4,3057,real,True,sha256:a69b98012d9e4a46495a3aed48eef8ce75a69d001eaa28b4c38cb0f3c921909d,CORE CFIHOS V2.0 CSV/CFIHOS CORE CFIHOS object equivalent mapping v2.0.csv,169,source_reference_record,source_reference_record_unreviewed
CFIHOS-30000128,STEPLIB,70247,real,True,sha256:a69b98012d9e4a46495a3aed48eef8ce75a69d001eaa28b4c38cb0f3c921909d,CORE CFIHOS V2.0 CSV/CFIHOS CORE CFIHOS object equivalent mapping v2.0.csv,170,source_reference_record,source_reference_record_unreviewed
CFIHOS-30000128,POSC CAESAR,RDS418499,real,True,sha256:a69b98012d9e4a46495a3aed48eef8ce75a69d001eaa28b4c38cb0f3c921909d,CORE CFIHOS V2.0 CSV/CFIHOS CORE CFIHOS object equivalent mapping v2.0.csv,171,source_reference_record,source_reference_record_unreviewed
CFIHOS-30000129,STEPLIB,790449,real,True,sha256:a69b98012d9e4a46495a3aed48eef8ce75a69d001eaa28b4c38cb0f3c921909d,CORE CFIHOS V2.0 CSV/CFIHOS CORE CFIHOS object equivalent mapping v2.0.csv,172,source_reference_record,source_reference_record_unreviewed
CFIHOS-30000130,STEPLIB,40735,real,True,sha256:a69b98012d9e4a46495a3aed48eef8ce75a69d001eaa28b4c38cb0f3c921909d,CORE CFIHOS V2.0 CSV/CFIHOS CORE CFIHOS object equivalent mapping v2.0.csv,173,source_reference_record,source_reference_record_unreviewed
CFIHOS-30000131,STEPLIB,340052,real,True,sha256:a69b98012d9e4a46495a3aed48eef8ce75a69d001eaa28b4c38cb0f3c921909d,CORE CFIHOS V2.0 CSV/CFIHOS CORE CFIHOS object equivalent mapping v2.0.csv,174,source_reference_record,source_reference_record_unreviewed
CFIHOS-30000131,POSC CAESAR,RDS11159754,real,True,sha256:a69b98012d9e4a46495a3aed48eef8ce75a69d001eaa28b4c38cb0f3c921909d,CORE CFIHOS V2.0 CSV/CFIHOS CORE CFIHOS object equivalent mapping v2.0.csv,175,source_reference_record,source_reference_record_unreviewed
CFIHOS-30000132,STEPLIB,70594,real,True,sha256:a69b98012d9e4a46495a3aed48eef8ce75a69d001eaa28b4c38cb0f3c921909d,CORE CFIHOS V2.0 CSV/CFIHOS CORE CFIHOS object equivalent mapping v2.0.csv,176,source_reference_record,source_reference_record_unreviewed
CFIHOS-30000133,ISO 14224:2016,TC,real,True,sha256:a69b98012d9e4a46495a3aed48eef8ce75a69d001eaa28b4c38cb0f3c921909d,CORE CFIHOS V2.0 CSV/CFIHOS CORE CFIHOS object equivalent mapping v2.0.csv,177,source_reference_record,source_reference_record_unreviewed
CFIHOS-30000135,STEPLIB,70599,real,True,sha256:a69b98012d9e4a46495a3aed48eef8ce75a69d001eaa28b4c38cb0f3c921909d,CORE CFIHOS V2.0 CSV/CFIHOS CORE CFIHOS object equivalent mapping v2.0.csv,178,source_reference_record,source_reference_record_unreviewed
CFIHOS-30000135,ISO 14224:2016,TC,real,True,sha256:a69b98012d9e4a46495a3aed48eef8ce75a69d001eaa28b4c38cb0f3c921909d,CORE CFIHOS V2.0 CSV/CFIHOS CORE CFIHOS object equivalent mapping v2.0.csv,179,source_reference_record,source_reference_record_unreviewed
CFIHOS-30000136,STEPLIB,10563,real,True,sha256:a69b98012d9e4a46495a3aed48eef8ce75a69d001eaa28b4c38cb0f3c921909d,CORE CFIHOS V2.0 CSV/CFIHOS CORE CFIHOS object equivalent mapping v2.0.csv,180,source_reference_record,source_reference_record_unreviewed
CFIHOS-30000138,STEPLIB,70602,real,True,sha256:a69b98012d9e4a46495a3aed48eef8ce75a69d001eaa28b4c38cb0f3c921909d,CORE CFIHOS V2.0 CSV/CFIHOS CORE CFIHOS object equivalent mapping v2.0.csv,181,source_reference_record,source_reference_record_unreviewed
CFIHOS-30000138,POSC CAESAR,RDS6703279,real,True,sha256:a69b98012d9e4a46495a3aed48eef8ce75a69d001eaa28b4c38cb0f3c921909d,CORE CFIHOS V2.0 CSV/CFIHOS CORE CFIHOS object equivalent mapping v2.0.csv,182,source_reference_record,source_reference_record_unreviewed
CFIHOS-30000138,ISO 14224:2016,TC,real,True,sha256:a69b98012d9e4a46495a3aed48eef8ce75a69d001eaa28b4c38cb0f3c921909d,CORE CFIHOS V2.0 CSV/CFIHOS CORE CFIHOS object equivalent mapping v2.0.csv,183,source_reference_record,source_reference_record_unreviewed
CFIHOS-30000163,STEPLIB,40122,real,True,sha256:a69b98012d9e4a46495a3aed48eef8ce75a69d001eaa28b4c38cb0f3c921909d,CORE CFIHOS V2.0 CSV/CFIHOS CORE CFIHOS object equivalent mapping v2.0.csv,184,source_reference_record,source_reference_record_unreviewed
CFIHOS-30000168,STEPLIB,160089,real,True,sha256:a69b98012d9e4a46495a3aed48eef8ce75a69d001eaa28b4c38cb0f3c921909d,CORE CFIHOS V2.0 CSV/CFIHOS CORE CFIHOS object equivalent mapping v2.0.csv,185,source_reference_record,source_reference_record_unreviewed
CFIHOS-30000168,POSC CAESAR,RDS1300808591,real,True,sha256:a69b98012d9e4a46495a3aed48eef8ce75a69d001eaa28b4c38cb0f3c921909d,CORE CFIHOS V2.0 CSV/CFIHOS CORE CFIHOS object equivalent mapping v2.0.csv,186,source_reference_record,source_reference_record_unreviewed
CFIHOS-30000169,POSC CAESAR,RDS286154,real,True,sha256:a69b98012d9e4a46495a3aed48eef8ce75a69d001eaa28b4c38cb0f3c921909d,CORE CFIHOS V2.0 CSV/CFIHOS CORE CFIHOS object equivalent mapping v2.0.csv,187,source_reference_record,source_reference_record_unreviewed
CFIHOS-30000170,ISO 14224:2016,TC,real,True,sha256:a69b98012d9e4a46495a3aed48eef8ce75a69d001eaa28b4c38cb0f3c921909d,CORE CFIHOS V2.0 CSV/CFIHOS CORE CFIHOS object equivalent mapping v2.0.csv,188,source_reference_record,source_reference_record_unreviewed
CFIHOS-30000171,STEPLIB,70616,real,True,sha256:a69b98012d9e4a46495a3aed48eef8ce75a69d001eaa28b4c38cb0f3c921909d,CORE CFIHOS V2.0 CSV/CFIHOS CORE CFIHOS object equivalent mapping v2.0.csv,189,source_reference_record,source_reference_record_unreviewed
CFIHOS-30000172,POSC CAESAR,RDS13600580,real,True,sha256:a69b98012d9e4a46495a3aed48eef8ce75a69d001eaa28b4c38cb0f3c921909d,CORE CFIHOS V2.0 CSV/CFIHOS CORE CFIHOS object equivalent mapping v2.0.csv,190,source_reference_record,source_reference_record_unreviewed
CFIHOS-30000175,STEPLIB,10439,real,True,sha256:a69b98012d9e4a46495a3aed48eef8ce75a69d001eaa28b4c38cb0f3c921909d,CORE CFIHOS V2.0 CSV/CFIHOS CORE CFIHOS object equivalent mapping v2.0.csv,191,source_reference_record,source_reference_record_unreviewed
CFIHOS-30000175,POSC CAESAR,RDS414899,real,True,sha256:a69b98012d9e4a46495a3aed48eef8ce75a69d001eaa28b4c38cb0f3c921909d,CORE CFIHOS V2.0 CSV/CFIHOS CORE CFIHOS object equivalent mapping v2.0.csv,192,source_reference_record,source_reference_record_unreviewed
CFIHOS-30000176,POSC CAESAR,RDS16556388,real,True,sha256:a69b98012d9e4a46495a3aed48eef8ce75a69d001eaa28b4c38cb0f3c921909d,CORE CFIHOS V2.0 CSV/CFIHOS CORE CFIHOS object equivalent mapping v2.0.csv,193,source_reference_record,source_reference_record_unreviewed
CFIHOS-30000177,STEPLIB,10359,real,True,sha256:a69b98012d9e4a46495a3aed48eef8ce75a69d001eaa28b4c38cb0f3c921909d,CORE CFIHOS V2.0 CSV/CFIHOS CORE CFIHOS object equivalent mapping v2.0.csv,194,source_reference_record,source_reference_record_unreviewed
CFIHOS-30000177,POSC CAESAR,RDS414854,real,True,sha256:a69b98012d9e4a46495a3aed48eef8ce75a69d001eaa28b4c38cb0f3c921909d,CORE CFIHOS V2.0 CSV/CFIHOS CORE CFIHOS object equivalent mapping v2.0.csv,195,source_reference_record,source_reference_record_unreviewed
CFIHOS-30000179,POSC CAESAR,RDS13027840,real,True,sha256:a69b98012d9e4a46495a3aed48eef8ce75a69d001eaa28b4c38cb0f3c921909d,CORE CFIHOS V2.0 CSV/CFIHOS CORE CFIHOS object equivalent mapping v2.0.csv,196,source_reference_record,source_reference_record_unreviewed
CFIHOS-30000180,STEPLIB,10522,real,True,sha256:a69b98012d9e4a46495a3aed48eef8ce75a69d001eaa28b4c38cb0f3c921909d,CORE CFIHOS V2.0 CSV/CFIHOS CORE CFIHOS object equivalent mapping v2.0.csv,197,source_reference_record,source_reference_record_unreviewed
CFIHOS-30000180,POSC CAESAR,RDS499454,real,True,sha256:a69b98012d9e4a46495a3aed48eef8ce75a69d001eaa28b4c38cb0f3c921909d,CORE CFIHOS V2.0 CSV/CFIHOS CORE CFIHOS object equivalent mapping v2.0.csv,198,source_reference_record,source_reference_record_unreviewed
CFIHOS-30000182,STEPLIB,10096,real,True,sha256:a69b98012d9e4a46495a3aed48eef8ce75a69d001eaa28b4c38cb0f3c921909d,CORE CFIHOS V2.0 CSV/CFIHOS CORE CFIHOS object equivalent mapping v2.0.csv,199,source_reference_record,source_reference_record_unreviewed
CFIHOS-30000184,STEPLIB,370425,real,True,sha256:a69b98012d9e4a46495a3aed48eef8ce75a69d001eaa28b4c38cb0f3c921909d,CORE CFIHOS V2.0 CSV/CFIHOS CORE CFIHOS object equivalent mapping v2.0.csv,200,source_reference_record,source_reference_record_unreviewed
CFIHOS-30000184,ISO 14224:2016,DP,real,True,sha256:a69b98012d9e4a46495a3aed48eef8ce75a69d001eaa28b4c38cb0f3c921909d,CORE CFIHOS V2.0 CSV/CFIHOS CORE CFIHOS object equivalent mapping v2.0.csv,201,source_reference_record,source_reference_record_unreviewed
CFIHOS-30000185,ISO 14224:2016,IPFS,real,True,sha256:a69b98012d9e4a46495a3aed48eef8ce75a69d001eaa28b4c38cb0f3c921909d,CORE CFIHOS V2.0 CSV/CFIHOS CORE CFIHOS object equivalent mapping v2.0.csv,202,source_reference_record,source_reference_record_unreviewed
CFIHOS-30000189,ISO 14224:2016,CL,real,True,sha256:a69b98012d9e4a46495a3aed48eef8ce75a69d001eaa28b4c38cb0f3c921909d,CORE CFIHOS V2.0 CSV/CFIHOS CORE CFIHOS object equivalent mapping v2.0.csv,203,source_reference_record,source_reference_record_unreviewed
CFIHOS-30000189,POSC CAESAR,RDS276749,real,True,sha256:a69b98012d9e4a46495a3aed48eef8ce75a69d001eaa28b4c38cb0f3c921909d,CORE CFIHOS V2.0 CSV/CFIHOS CORE CFIHOS object equivalent mapping v2.0.csv,204,source_reference_record,source_reference_record_unreviewed
CFIHOS-30000191,STEPLIB,370455,real,True,sha256:a69b98012d9e4a46495a3aed48eef8ce75a69d001eaa28b4c38cb0f3c921909d,CORE CFIHOS V2.0 CSV/CFIHOS CORE CFIHOS object equivalent mapping v2.0.csv,205,source_reference_record,source_reference_record_unreviewed
CFIHOS-30000191,POSC CAESAR,RDS1300133871,real,True,sha256:a69b98012d9e4a46495a3aed48eef8ce75a69d001eaa28b4c38cb0f3c921909d,CORE CFIHOS V2.0 CSV/CFIHOS CORE CFIHOS object equivalent mapping v2.0.csv,206,source_reference_record,source_reference_record_unreviewed
CFIHOS-30000191,ISO 14224:2016,TC,real,True,sha256:a69b98012d9e4a46495a3aed48eef8ce75a69d001eaa28b4c38cb0f3c921909d,CORE CFIHOS V2.0 CSV/CFIHOS CORE CFIHOS object equivalent mapping v2.0.csv,207,source_reference_record,source_reference_record_unreviewed
CFIHOS-30000199,STEPLIB,70347,real,True,sha256:a69b98012d9e4a46495a3aed48eef8ce75a69d001eaa28b4c38cb0f3c921909d,CORE CFIHOS V2.0 CSV/CFIHOS CORE CFIHOS object equivalent mapping v2.0.csv,208,source_reference_record,source_reference_record_unreviewed
CFIHOS-30000199,POSC CAESAR,RDS1030004,real,True,sha256:a69b98012d9e4a46495a3aed48eef8ce75a69d001eaa28b4c38cb0f3c921909d,CORE CFIHOS V2.0 CSV/CFIHOS CORE CFIHOS object equivalent mapping v2.0.csv,209,source_reference_record,source_reference_record_unreviewed
CFIHOS-30000200,ISO 14224:2016,IPLS,real,True,sha256:a69b98012d9e4a46495a3aed48eef8ce75a69d001eaa28b4c38cb0f3c921909d,CORE CFIHOS V2.0 CSV/CFIHOS CORE CFIHOS object equivalent mapping v2.0.csv,210,source_reference_record,source_reference_record_unreviewed
CFIHOS-30000201,STEPLIB,250350,real,True,sha256:a69b98012d9e4a46495a3aed48eef8ce75a69d001eaa28b4c38cb0f3c921909d,CORE CFIHOS V2.0 CSV/CFIHOS CORE CFIHOS object equivalent mapping v2.0.csv,211,source_reference_record,source_reference_record_unreviewed
CFIHOS-30000203,ISO 14224:2016,EC,real,True,sha256:a69b98012d9e4a46495a3aed48eef8ce75a69d001eaa28b4c38cb0f3c921909d,CORE CFIHOS V2.0 CSV/CFIHOS CORE CFIHOS object equivalent mapping v2.0.csv,212,source_reference_record,source_reference_record_unreviewed
CFIHOS-30000203,POSC CAESAR,RDS5768615,real,True,sha256:a69b98012d9e4a46495a3aed48eef8ce75a69d001eaa28b4c38cb0f3c921909d,CORE CFIHOS V2.0 CSV/CFIHOS CORE CFIHOS object equivalent mapping v2.0.csv,213,source_reference_record,source_reference_record_unreviewed
CFIHOS-30000204,STEPLIB,70349,real,True,sha256:a69b98012d9e4a46495a3aed48eef8ce75a69d001eaa28b4c38cb0f3c921909d,CORE CFIHOS V2.0 CSV/CFIHOS CORE CFIHOS object equivalent mapping v2.0.csv,214,source_reference_record,source_reference_record_unreviewed
CFIHOS-30000205,STEPLIB,70645,real,True,sha256:a69b98012d9e4a46495a3aed48eef8ce75a69d001eaa28b4c38cb0f3c921909d,CORE CFIHOS V2.0 CSV/CFIHOS CORE CFIHOS object equivalent mapping v2.0.csv,215,source_reference_record,source_reference_record_unreviewed
CFIHOS-30000206,STEPLIB,71038,real,True,sha256:a69b98012d9e4a46495a3aed48eef8ce75a69d001eaa28b4c38cb0f3c921909d,CORE CFIHOS V2.0 CSV/CFIHOS CORE CFIHOS object equivalent mapping v2.0.csv,216,source_reference_record,source_reference_record_unreviewed
CFIHOS-30000208,ISO 14224:2016,IPPS,real,True,sha256:a69b98012d9e4a46495a3aed48eef8ce75a69d001eaa28b4c38cb0f3c921909d,CORE CFIHOS V2.0 CSV/CFIHOS CORE CFIHOS object equivalent mapping v2.0.csv,217,source_reference_record,source_reference_record_unreviewed
CFIHOS-30000208,POSC CAESAR,RDS818999,real,True,sha256:a69b98012d9e4a46495a3aed48eef8ce75a69d001eaa28b4c38cb0f3c921909d,CORE CFIHOS V2.0 CSV/CFIHOS CORE CFIHOS object equivalent mapping v2.0.csv,218,source_reference_record,source_reference_record_unreviewed
CFIHOS-30000210,STEPLIB,40148,real,True,sha256:a69b98012d9e4a46495a3aed48eef8ce75a69d001eaa28b4c38cb0f3c921909d,CORE CFIHOS V2.0 CSV/CFIHOS CORE CFIHOS object equivalent mapping v2.0.csv,219,source_reference_record,source_reference_record_unreviewed
CFIHOS-30000218,STEPLIB,40153,real,True,sha256:a69b98012d9e4a46495a3aed48eef8ce75a69d001eaa28b4c38cb0f3c921909d,CORE CFIHOS V2.0 CSV/CFIHOS CORE CFIHOS object equivalent mapping v2.0.csv,220,source_reference_record,source_reference_record_unreviewed
CFIHOS-30000221,POSC CAESAR,RDS1318386731,real,True,sha256:a69b98012d9e4a46495a3aed48eef8ce75a69d001eaa28b4c38cb0f3c921909d,CORE CFIHOS V2.0 CSV/CFIHOS CORE CFIHOS object equivalent mapping v2.0.csv,221,source_reference_record,source_reference_record_unreviewed
CFIHOS-30000221,ISO 14224:2016,TC,real,True,sha256:a69b98012d9e4a46495a3aed48eef8ce75a69d001eaa28b4c38cb0f3c921909d,CORE CFIHOS V2.0 CSV/CFIHOS CORE CFIHOS object equivalent mapping v2.0.csv,222,source_reference_record,source_reference_record_unreviewed
CFIHOS-30000224,STEPLIB,71278,real,True,sha256:a69b98012d9e4a46495a3aed48eef8ce75a69d001eaa28b4c38cb0f3c921909d,CORE CFIHOS V2.0 CSV/CFIHOS CORE CFIHOS object equivalent mapping v2.0.csv,223,source_reference_record,source_reference_record_unreviewed
CFIHOS-30000225,ISO 14224:2016,TC,real,True,sha256:a69b98012d9e4a46495a3aed48eef8ce75a69d001eaa28b4c38cb0f3c921909d,CORE CFIHOS V2.0 CSV/CFIHOS CORE CFIHOS object equivalent mapping v2.0.csv,224,source_reference_record,source_reference_record_unreviewed
CFIHOS-30000226,STEPLIB,460012,real,True,sha256:a69b98012d9e4a46495a3aed48eef8ce75a69d001eaa28b4c38cb0f3c921909d,CORE CFIHOS V2.0 CSV/CFIHOS CORE CFIHOS object equivalent mapping v2.0.csv,225,source_reference_record,source_reference_record_unreviewed
CFIHOS-30000226,ISO 14224:2016,CV,real,True,sha256:a69b98012d9e4a46495a3aed48eef8ce75a69d001eaa28b4c38cb0f3c921909d,CORE CFIHOS V2.0 CSV/CFIHOS CORE CFIHOS object equivalent mapping v2.0.csv,226,source_reference_record,source_reference_record_unreviewed
CFIHOS-30000226,POSC CAESAR,RDS11588455,real,True,sha256:a69b98012d9e4a46495a3aed48eef8ce75a69d001eaa28b4c38cb0f3c921909d,CORE CFIHOS V2.0 CSV/CFIHOS CORE CFIHOS object equivalent mapping v2.0.csv,227,source_reference_record,source_reference_record_unreviewed
CFIHOS-30000227,STEPLIB,251516,real,True,sha256:a69b98012d9e4a46495a3aed48eef8ce75a69d001eaa28b4c38cb0f3c921909d,CORE CFIHOS V2.0 CSV/CFIHOS CORE CFIHOS object equivalent mapping v2.0.csv,228,source_reference_record,source_reference_record_unreviewed
CFIHOS-30000227,POSC CAESAR,RDS891494,real,True,sha256:a69b98012d9e4a46495a3aed48eef8ce75a69d001eaa28b4c38cb0f3c921909d,CORE CFIHOS V2.0 CSV/CFIHOS CORE CFIHOS object equivalent mapping v2.0.csv,229,source_reference_record,source_reference_record_unreviewed
CFIHOS-30000228,POSC CAESAR,RDS310679,real,True,sha256:a69b98012d9e4a46495a3aed48eef8ce75a69d001eaa28b4c38cb0f3c921909d,CORE CFIHOS V2.0 CSV/CFIHOS CORE CFIHOS object equivalent mapping v2.0.csv,230,source_reference_record,source_reference_record_unreviewed
CFIHOS-30000232,POSC CAESAR,RDS414359,real,True,sha256:a69b98012d9e4a46495a3aed48eef8ce75a69d001eaa28b4c38cb0f3c921909d,CORE CFIHOS V2.0 CSV/CFIHOS CORE CFIHOS object equivalent mapping v2.0.csv,231,source_reference_record,source_reference_record_unreviewed
CFIHOS-30000234,STEPLIB,730047,real,True,sha256:a69b98012d9e4a46495a3aed48eef8ce75a69d001eaa28b4c38cb0f3c921909d,CORE CFIHOS V2.0 CSV/CFIHOS CORE CFIHOS object equivalent mapping v2.0.csv,232,source_reference_record,source_reference_record_unreviewed
CFIHOS-30000234,POSC CAESAR,RDS337196911,real,True,sha256:a69b98012d9e4a46495a3aed48eef8ce75a69d001eaa28b4c38cb0f3c921909d,CORE CFIHOS V2.0 CSV/CFIHOS CORE CFIHOS object equivalent mapping v2.0.csv,233,source_reference_record,source_reference_record_unreviewed
CFIHOS-30000235,ISO 14224:2016,TC,real,True,sha256:a69b98012d9e4a46495a3aed48eef8ce75a69d001eaa28b4c38cb0f3c921909d,CORE CFIHOS V2.0 CSV/CFIHOS CORE CFIHOS object equivalent mapping v2.0.csv,234,source_reference_record,source_reference_record_unreviewed
CFIHOS-30000236,STEPLIB,192191,real,True,sha256:a69b98012d9e4a46495a3aed48eef8ce75a69d001eaa28b4c38cb0f3c921909d,CORE CFIHOS V2.0 CSV/CFIHOS CORE CFIHOS object equivalent mapping v2.0.csv,235,source_reference_record,source_reference_record_unreviewed
CFIHOS-30000236,ISO 14224:2016,AM,real,True,sha256:a69b98012d9e4a46495a3aed48eef8ce75a69d001eaa28b4c38cb0f3c921909d,CORE CFIHOS V2.0 CSV/CFIHOS CORE CFIHOS object equivalent mapping v2.0.csv,236,source_reference_record,source_reference_record_unreviewed
CFIHOS-30000237,POSC CAESAR,RDS310994,real,True,sha256:a69b98012d9e4a46495a3aed48eef8ce75a69d001eaa28b4c38cb0f3c921909d,CORE CFIHOS V2.0 CSV/CFIHOS CORE CFIHOS object equivalent mapping v2.0.csv,237,source_reference_record,source_reference_record_unreviewed
CFIHOS-30000239,STEPLIB,160404,real,True,sha256:a69b98012d9e4a46495a3aed48eef8ce75a69d001eaa28b4c38cb0f3c921909d,CORE CFIHOS V2.0 CSV/CFIHOS CORE CFIHOS object equivalent mapping v2.0.csv,238,source_reference_record,source_reference_record_unreviewed
CFIHOS-30000239,POSC CAESAR,RDS311129,real,True,sha256:a69b98012d9e4a46495a3aed48eef8ce75a69d001eaa28b4c38cb0f3c921909d,CORE CFIHOS V2.0 CSV/CFIHOS CORE CFIHOS object equivalent mapping v2.0.csv,239,source_reference_record,source_reference_record_unreviewed
CFIHOS-30000240,POSC CAESAR,RDS1325065671,real,True,sha256:a69b98012d9e4a46495a3aed48eef8ce75a69d001eaa28b4c38cb0f3c921909d,CORE CFIHOS V2.0 CSV/CFIHOS CORE CFIHOS object equivalent mapping v2.0.csv,240,source_reference_record,source_reference_record_unreviewed
CFIHOS-30000241,STEPLIB,910076,real,True,sha256:a69b98012d9e4a46495a3aed48eef8ce75a69d001eaa28b4c38cb0f3c921909d,CORE CFIHOS V2.0 CSV/CFIHOS CORE CFIHOS object equivalent mapping v2.0.csv,241,source_reference_record,source_reference_record_unreviewed
CFIHOS-30000242,STEPLIB,71242,real,True,sha256:a69b98012d9e4a46495a3aed48eef8ce75a69d001eaa28b4c38cb0f3c921909d,CORE CFIHOS V2.0 CSV/CFIHOS CORE CFIHOS object equivalent mapping v2.0.csv,242,source_reference_record,source_reference_record_unreviewed
CFIHOS-30000243,POSC CAESAR,RDS850724,real,True,sha256:a69b98012d9e4a46495a3aed48eef8ce75a69d001eaa28b4c38cb0f3c921909d,CORE CFIHOS V2.0 CSV/CFIHOS CORE CFIHOS object equivalent mapping v2.0.csv,243,source_reference_record,source_reference_record_unreviewed
CFIHOS-30000244,POSC CAESAR,RDS414179,real,True,sha256:a69b98012d9e4a46495a3aed48eef8ce75a69d001eaa28b4c38cb0f3c921909d,CORE CFIHOS V2.0 CSV/CFIHOS CORE CFIHOS object equivalent mapping v2.0.csv,244,source_reference_record,source_reference_record_unreviewed
CFIHOS-30000245,STEPLIB,70845,real,True,sha256:a69b98012d9e4a46495a3aed48eef8ce75a69d001eaa28b4c38cb0f3c921909d,CORE CFIHOS V2.0 CSV/CFIHOS CORE CFIHOS object equivalent mapping v2.0.csv,245,source_reference_record,source_reference_record_unreviewed
CFIHOS-30000245,POSC CAESAR,RDS6635318,real,True,sha256:a69b98012d9e4a46495a3aed48eef8ce75a69d001eaa28b4c38cb0f3c921909d,CORE CFIHOS V2.0 CSV/CFIHOS CORE CFIHOS object equivalent mapping v2.0.csv,246,source_reference_record,source_reference_record_unreviewed
CFIHOS-30000247,POSC CAESAR,RDS13609580,real,True,sha256:a69b98012d9e4a46495a3aed48eef8ce75a69d001eaa28b4c38cb0f3c921909d,CORE CFIHOS V2.0 CSV/CFIHOS CORE CFIHOS object equivalent mapping v2.0.csv,247,source_reference_record,source_reference_record_unreviewed
CFIHOS-30000248,STEPLIB,71240,real,True,sha256:a69b98012d9e4a46495a3aed48eef8ce75a69d001eaa28b4c38cb0f3c921909d,CORE CFIHOS V2.0 CSV/CFIHOS CORE CFIHOS object equivalent mapping v2.0.csv,248,source_reference_record,source_reference_record_unreviewed
CFIHOS-30000249,POSC CAESAR,RDS1325712361,real,True,sha256:a69b98012d9e4a46495a3aed48eef8ce75a69d001eaa28b4c38cb0f3c921909d,CORE CFIHOS V2.0 CSV/CFIHOS CORE CFIHOS object equivalent mapping v2.0.csv,249,source_reference_record,source_reference_record_unreviewed
CFIHOS-30000250,STEPLIB,40178,real,True,sha256:a69b98012d9e4a46495a3aed48eef8ce75a69d001eaa28b4c38cb0f3c921909d,CORE CFIHOS V2.0 CSV/CFIHOS CORE CFIHOS object equivalent mapping v2.0.csv,250,source_reference_record,source_reference_record_unreviewed
CFIHOS-30000251,STEPLIB,40179,real,True,sha256:a69b98012d9e4a46495a3aed48eef8ce75a69d001eaa28b4c38cb0f3c921909d,CORE CFIHOS V2.0 CSV/CFIHOS CORE CFIHOS object equivalent mapping v2.0.csv,251,source_reference_record,source_reference_record_unreviewed
CFIHOS-30000251,POSC CAESAR,RDS14822899,real,True,sha256:a69b98012d9e4a46495a3aed48eef8ce75a69d001eaa28b4c38cb0f3c921909d,CORE CFIHOS V2.0 CSV/CFIHOS CORE CFIHOS object equivalent mapping v2.0.csv,252,source_reference_record,source_reference_record_unreviewed
CFIHOS-30000254,STEPLIB,520048,real,True,sha256:a69b98012d9e4a46495a3aed48eef8ce75a69d001eaa28b4c38cb0f3c921909d,CORE CFIHOS V2.0 CSV/CFIHOS CORE CFIHOS object equivalent mapping v2.0.csv,253,source_reference_record,source_reference_record_unreviewed
CFIHOS-30000254,POSC CAESAR,RDS7065489,real,True,sha256:a69b98012d9e4a46495a3aed48eef8ce75a69d001eaa28b4c38cb0f3c921909d,CORE CFIHOS V2.0 CSV/CFIHOS CORE CFIHOS object equivalent mapping v2.0.csv,254,source_reference_record,source_reference_record_unreviewed
CFIHOS-30000255,STEPLIB,340084,real,True,sha256:a69b98012d9e4a46495a3aed48eef8ce75a69d001eaa28b4c38cb0f3c921909d,CORE CFIHOS V2.0 CSV/CFIHOS CORE CFIHOS object equivalent mapping v2.0.csv,255,source_reference_record,source_reference_record_unreviewed
CFIHOS-30000255,POSC CAESAR,RDS5813402,real,True,sha256:a69b98012d9e4a46495a3aed48eef8ce75a69d001eaa28b4c38cb0f3c921909d,CORE CFIHOS V2.0 CSV/CFIHOS CORE CFIHOS object equivalent mapping v2.0.csv,256,source_reference_record,source_reference_record_unreviewed
CFIHOS-30000255,ISO 14224:2016,SW,real,True,sha256:a69b98012d9e4a46495a3aed48eef8ce75a69d001eaa28b4c38cb0f3c921909d,CORE CFIHOS V2.0 CSV/CFIHOS CORE CFIHOS object equivalent mapping v2.0.csv,257,source_reference_record,source_reference_record_unreviewed
CFIHOS-30000258,STEPLIB,71234,real,True,sha256:a69b98012d9e4a46495a3aed48eef8ce75a69d001eaa28b4c38cb0f3c921909d,CORE CFIHOS V2.0 CSV/CFIHOS CORE CFIHOS object equivalent mapping v2.0.csv,258,source_reference_record,source_reference_record_unreviewed
CFIHOS-30000258,ISO 14224:2016,IPTS,real,True,sha256:a69b98012d9e4a46495a3aed48eef8ce75a69d001eaa28b4c38cb0f3c921909d,CORE CFIHOS V2.0 CSV/CFIHOS CORE CFIHOS object equivalent mapping v2.0.csv,259,source_reference_record,source_reference_record_unreviewed
CFIHOS-30000259,ISO 14224:2016,IPFS,real,True,sha256:a69b98012d9e4a46495a3aed48eef8ce75a69d001eaa28b4c38cb0f3c921909d,CORE CFIHOS V2.0 CSV/CFIHOS CORE CFIHOS object equivalent mapping v2.0.csv,260,source_reference_record,source_reference_record_unreviewed
CFIHOS-30000260,STEPLIB,70696,real,True,sha256:a69b98012d9e4a46495a3aed48eef8ce75a69d001eaa28b4c38cb0f3c921909d,CORE CFIHOS V2.0 CSV/CFIHOS CORE CFIHOS object equivalent mapping v2.0.csv,261,source_reference_record,source_reference_record_unreviewed
CFIHOS-30000260,ISO 14224:2016,IPFS,real,True,sha256:a69b98012d9e4a46495a3aed48eef8ce75a69d001eaa28b4c38cb0f3c921909d,CORE CFIHOS V2.0 CSV/CFIHOS CORE CFIHOS object equivalent mapping v2.0.csv,262,source_reference_record,source_reference_record_unreviewed
CFIHOS-30000260,POSC CAESAR,RDS883259,real,True,sha256:a69b98012d9e4a46495a3aed48eef8ce75a69d001eaa28b4c38cb0f3c921909d,CORE CFIHOS V2.0 CSV/CFIHOS CORE CFIHOS object equivalent mapping v2.0.csv,263,source_reference_record,source_reference_record_unreviewed
CFIHOS-30000261,STEPLIB,640029,real,True,sha256:a69b98012d9e4a46495a3aed48eef8ce75a69d001eaa28b4c38cb0f3c921909d,CORE CFIHOS V2.0 CSV/CFIHOS CORE CFIHOS object equivalent mapping v2.0.csv,264,source_reference_record,source_reference_record_unreviewed
CFIHOS-30000261,POSC CAESAR,RDS8647467,real,True,sha256:a69b98012d9e4a46495a3aed48eef8ce75a69d001eaa28b4c38cb0f3c921909d,CORE CFIHOS V2.0 CSV/CFIHOS CORE CFIHOS object equivalent mapping v2.0.csv,265,source_reference_record,source_reference_record_unreviewed
CFIHOS-30000263,STEPLIB,670173,real,True,sha256:a69b98012d9e4a46495a3aed48eef8ce75a69d001eaa28b4c38cb0f3c921909d,CORE CFIHOS V2.0 CSV/CFIHOS CORE CFIHOS object equivalent mapping v2.0.csv,266,source_reference_record,source_reference_record_unreviewed
CFIHOS-30000264,ISO 14224:2016,IPFS,real,True,sha256:a69b98012d9e4a46495a3aed48eef8ce75a69d001eaa28b4c38cb0f3c921909d,CORE CFIHOS V2.0 CSV/CFIHOS CORE CFIHOS object equivalent mapping v2.0.csv,267,source_reference_record,source_reference_record_unreviewed
CFIHOS-30000264,POSC CAESAR,RDS7496341,real,True,sha256:a69b98012d9e4a46495a3aed48eef8ce75a69d001eaa28b4c38cb0f3c921909d,CORE CFIHOS V2.0 CSV/CFIHOS CORE CFIHOS object equivalent mapping v2.0.csv,268,source_reference_record,source_reference_record_unreviewed
CFIHOS-30000265,ISO 14224:2016,IPFS,real,True,sha256:a69b98012d9e4a46495a3aed48eef8ce75a69d001eaa28b4c38cb0f3c921909d,CORE CFIHOS V2.0 CSV/CFIHOS CORE CFIHOS object equivalent mapping v2.0.csv,269,source_reference_record,source_reference_record_unreviewed
CFIHOS-30000266,ISO 14224:2016,IPLS,real,True,sha256:a69b98012d9e4a46495a3aed48eef8ce75a69d001eaa28b4c38cb0f3c921909d,CORE CFIHOS V2.0 CSV/CFIHOS CORE CFIHOS object equivalent mapping v2.0.csv,270,source_reference_record,source_reference_record_unreviewed
CFIHOS-30000266,POSC CAESAR,RDS11468384,real,True,sha256:a69b98012d9e4a46495a3aed48eef8ce75a69d001eaa28b4c38cb0f3c921909d,CORE CFIHOS V2.0 CSV/CFIHOS CORE CFIHOS object equivalent mapping v2.0.csv,271,source_reference_record,source_reference_record_unreviewed
CFIHOS-30000267,POSC CAESAR,RDS13173105,real,True,sha256:a69b98012d9e4a46495a3aed48eef8ce75a69d001eaa28b4c38cb0f3c921909d,CORE CFIHOS V2.0 CSV/CFIHOS CORE CFIHOS object equivalent mapping v2.0.csv,272,source_reference_record,source_reference_record_unreviewed
CFIHOS-30000268,STEPLIB,100487,real,True,sha256:a69b98012d9e4a46495a3aed48eef8ce75a69d001eaa28b4c38cb0f3c921909d,CORE CFIHOS V2.0 CSV/CFIHOS CORE CFIHOS object equivalent mapping v2.0.csv,273,source_reference_record,source_reference_record_unreviewed
CFIHOS-30000271,STEPLIB,71250,real,True,sha256:a69b98012d9e4a46495a3aed48eef8ce75a69d001eaa28b4c38cb0f3c921909d,CORE CFIHOS V2.0 CSV/CFIHOS CORE CFIHOS object equivalent mapping v2.0.csv,274,source_reference_record,source_reference_record_unreviewed
CFIHOS-30000273,POSC CAESAR,RDS317204,real,True,sha256:a69b98012d9e4a46495a3aed48eef8ce75a69d001eaa28b4c38cb0f3c921909d,CORE CFIHOS V2.0 CSV/CFIHOS CORE CFIHOS object equivalent mapping v2.0.csv,275,source_reference_record,source_reference_record_unreviewed
CFIHOS-30000275,POSC CAESAR,RDS5775540,real,True,sha256:a69b98012d9e4a46495a3aed48eef8ce75a69d001eaa28b4c38cb0f3c921909d,CORE CFIHOS V2.0 CSV/CFIHOS CORE CFIHOS object equivalent mapping v2.0.csv,276,source_reference_record,source_reference_record_unreviewed
CFIHOS-30000276,POSC CAESAR,RDS1287137911,real,True,sha256:a69b98012d9e4a46495a3aed48eef8ce75a69d001eaa28b4c38cb0f3c921909d,CORE CFIHOS V2.0 CSV/CFIHOS CORE CFIHOS object equivalent mapping v2.0.csv,277,source_reference_record,source_reference_record_unreviewed
CFIHOS-30000277,STEPLIB,70453,real,True,sha256:a69b98012d9e4a46495a3aed48eef8ce75a69d001eaa28b4c38cb0f3c921909d,CORE CFIHOS V2.0 CSV/CFIHOS CORE CFIHOS object equivalent mapping v2.0.csv,278,source_reference_record,source_reference_record_unreviewed
CFIHOS-30000277,ISO 14224:2016,IPFS,real,True,sha256:a69b98012d9e4a46495a3aed48eef8ce75a69d001eaa28b4c38cb0f3c921909d,CORE CFIHOS V2.0 CSV/CFIHOS CORE CFIHOS object equivalent mapping v2.0.csv,279,source_reference_record,source_reference_record_unreviewed
CFIHOS-30000277,POSC CAESAR,RDS883799,real,True,sha256:a69b98012d9e4a46495a3aed48eef8ce75a69d001eaa28b4c38cb0f3c921909d,CORE CFIHOS V2.0 CSV/CFIHOS CORE CFIHOS object equivalent mapping v2.0.csv,280,source_reference_record,source_reference_record_unreviewed
CFIHOS-30000278,POSC CAESAR,RDS2184647721,real,True,sha256:a69b98012d9e4a46495a3aed48eef8ce75a69d001eaa28b4c38cb0f3c921909d,CORE CFIHOS V2.0 CSV/CFIHOS CORE CFIHOS object equivalent mapping v2.0.csv,281,source_reference_record,source_reference_record_unreviewed
CFIHOS-30000280,STEPLIB,370594,real,True,sha256:a69b98012d9e4a46495a3aed48eef8ce75a69d001eaa28b4c38cb0f3c921909d,CORE CFIHOS V2.0 CSV/CFIHOS CORE CFIHOS object equivalent mapping v2.0.csv,282,source_reference_record,source_reference_record_unreviewed
CFIHOS-30000280,POSC CAESAR,RDS270764,real,True,sha256:a69b98012d9e4a46495a3aed48eef8ce75a69d001eaa28b4c38cb0f3c921909d,CORE CFIHOS V2.0 CSV/CFIHOS CORE CFIHOS object equivalent mapping v2.0.csv,283,source_reference_record,source_reference_record_unreviewed
CFIHOS-30000283,STEPLIB,700111,real,True,sha256:a69b98012d9e4a46495a3aed48eef8ce75a69d001eaa28b4c38cb0f3c921909d,CORE CFIHOS V2.0 CSV/CFIHOS CORE CFIHOS object equivalent mapping v2.0.csv,284,source_reference_record,source_reference_record_unreviewed
CFIHOS-30000283,POSC CAESAR,RDS16458543,real,True,sha256:a69b98012d9e4a46495a3aed48eef8ce75a69d001eaa28b4c38cb0f3c921909d,CORE CFIHOS V2.0 CSV/CFIHOS CORE CFIHOS object equivalent mapping v2.0.csv,285,source_reference_record,source_reference_record_unreviewed
CFIHOS-30000284,STEPLIB,370630,real,True,sha256:a69b98012d9e4a46495a3aed48eef8ce75a69d001eaa28b4c38cb0f3c921909d,CORE CFIHOS V2.0 CSV/CFIHOS CORE CFIHOS object equivalent mapping v2.0.csv,286,source_reference_record,source_reference_record_unreviewed
CFIHOS-30000284,POSC CAESAR,RDS13609850,real,True,sha256:a69b98012d9e4a46495a3aed48eef8ce75a69d001eaa28b4c38cb0f3c921909d,CORE CFIHOS V2.0 CSV/CFIHOS CORE CFIHOS object equivalent mapping v2.0.csv,287,source_reference_record,source_reference_record_unreviewed
CFIHOS-30000284,ISO 14224:2016,XT,real,True,sha256:a69b98012d9e4a46495a3aed48eef8ce75a69d001eaa28b4c38cb0f3c921909d,CORE CFIHOS V2.0 CSV/CFIHOS CORE CFIHOS object equivalent mapping v2.0.csv,288,source_reference_record,source_reference_record_unreviewed
CFIHOS-30000285,STEPLIB,520876,real,True,sha256:a69b98012d9e4a46495a3aed48eef8ce75a69d001eaa28b4c38cb0f3c921909d,CORE CFIHOS V2.0 CSV/CFIHOS CORE CFIHOS object equivalent mapping v2.0.csv,289,source_reference_record,source_reference_record_unreviewed
CFIHOS-30000285,POSC CAESAR,RDS5766125,real,True,sha256:a69b98012d9e4a46495a3aed48eef8ce75a69d001eaa28b4c38cb0f3c921909d,CORE CFIHOS V2.0 CSV/CFIHOS CORE CFIHOS object equivalent mapping v2.0.csv,290,source_reference_record,source_reference_record_unreviewed
CFIHOS-30000285,ISO 14224:2016,WI,real,True,sha256:a69b98012d9e4a46495a3aed48eef8ce75a69d001eaa28b4c38cb0f3c921909d,CORE CFIHOS V2.0 CSV/CFIHOS CORE CFIHOS object equivalent mapping v2.0.csv,291,source_reference_record,source_reference_record_unreviewed
CFIHOS-30000286,ISO 15926 part4,4239,real,True,sha256:a69b98012d9e4a46495a3aed48eef8ce75a69d001eaa28b4c38cb0f3c921909d,CORE CFIHOS V2.0 CSV/CFIHOS CORE CFIHOS object equivalent mapping v2.0.csv,292,source_reference_record,source_reference_record_unreviewed
CFIHOS-30000286,STEPLIB,70470,real,True,sha256:a69b98012d9e4a46495a3aed48eef8ce75a69d001eaa28b4c38cb0f3c921909d,CORE CFIHOS V2.0 CSV/CFIHOS CORE CFIHOS object equivalent mapping v2.0.csv,293,source_reference_record,source_reference_record_unreviewed
CFIHOS-30000286,POSC CAESAR,RDS5773048,real,True,sha256:a69b98012d9e4a46495a3aed48eef8ce75a69d001eaa28b4c38cb0f3c921909d,CORE CFIHOS V2.0 CSV/CFIHOS CORE CFIHOS object equivalent mapping v2.0.csv,294,source_reference_record,source_reference_record_unreviewed
CFIHOS-30000287,POSC CAESAR,RDS5800064,real,True,sha256:a69b98012d9e4a46495a3aed48eef8ce75a69d001eaa28b4c38cb0f3c921909d,CORE CFIHOS V2.0 CSV/CFIHOS CORE CFIHOS object equivalent mapping v2.0.csv,295,source_reference_record,source_reference_record_unreviewed
CFIHOS-30000288,STEPLIB,160145,real,True,sha256:a69b98012d9e4a46495a3aed48eef8ce75a69d001eaa28b4c38cb0f3c921909d,CORE CFIHOS V2.0 CSV/CFIHOS CORE CFIHOS object equivalent mapping v2.0.csv,296,source_reference_record,source_reference_record_unreviewed
CFIHOS-30000289,POSC CAESAR,RDS5787614,real,True,sha256:a69b98012d9e4a46495a3aed48eef8ce75a69d001eaa28b4c38cb0f3c921909d,CORE CFIHOS V2.0 CSV/CFIHOS CORE CFIHOS object equivalent mapping v2.0.csv,297,source_reference_record,source_reference_record_unreviewed
CFIHOS-30000291,STEPLIB,520785,real,True,sha256:a69b98012d9e4a46495a3aed48eef8ce75a69d001eaa28b4c38cb0f3c921909d,CORE CFIHOS V2.0 CSV/CFIHOS CORE CFIHOS object equivalent mapping v2.0.csv,298,source_reference_record,source_reference_record_unreviewed
CFIHOS-30000291,POSC CAESAR,RDS1048579671,real,True,sha256:a69b98012d9e4a46495a3aed48eef8ce75a69d001eaa28b4c38cb0f3c921909d,CORE CFIHOS V2.0 CSV/CFIHOS CORE CFIHOS object equivalent mapping v2.0.csv,299,source_reference_record,source_reference_record_unreviewed
CFIHOS-30000292,STEPLIB,70188,real,True,sha256:a69b98012d9e4a46495a3aed48eef8ce75a69d001eaa28b4c38cb0f3c921909d,CORE CFIHOS V2.0 CSV/CFIHOS CORE CFIHOS object equivalent mapping v2.0.csv,300,source_reference_record,source_reference_record_unreviewed
CFIHOS-30000292,POSC CAESAR,RDS418499,real,True,sha256:a69b98012d9e4a46495a3aed48eef8ce75a69d001eaa28b4c38cb0f3c921909d,CORE CFIHOS V2.0 CSV/CFIHOS CORE CFIHOS object equivalent mapping v2.0.csv,301,source_reference_record,source_reference_record_unreviewed
CFIHOS-30000294,ISO 15926 part4,10237,real,True,sha256:a69b98012d9e4a46495a3aed48eef8ce75a69d001eaa28b4c38cb0f3c921909d,CORE CFIHOS V2.0 CSV/CFIHOS CORE CFIHOS object equivalent mapping v2.0.csv,302,source_reference_record,source_reference_record_unreviewed
CFIHOS-30000294,STEPLIB,820055,real,True,sha256:a69b98012d9e4a46495a3aed48eef8ce75a69d001eaa28b4c38cb0f3c921909d,CORE CFIHOS V2.0 CSV/CFIHOS CORE CFIHOS object equivalent mapping v2.0.csv,303,source_reference_record,source_reference_record_unreviewed
CFIHOS-30000294,POSC CAESAR,RDS6329711,real,True,sha256:a69b98012d9e4a46495a3aed48eef8ce75a69d001eaa28b4c38cb0f3c921909d,CORE CFIHOS V2.0 CSV/CFIHOS CORE CFIHOS object equivalent mapping v2.0.csv,304,source_reference_record,source_reference_record_unreviewed
CFIHOS-30000295,ISO 15926 part4,10433,real,True,sha256:a69b98012d9e4a46495a3aed48eef8ce75a69d001eaa28b4c38cb0f3c921909d,CORE CFIHOS V2.0 CSV/CFIHOS CORE CFIHOS object equivalent mapping v2.0.csv,305,source_reference_record,source_reference_record_unreviewed
CFIHOS-30000295,STEPLIB,820118,real,True,sha256:a69b98012d9e4a46495a3aed48eef8ce75a69d001eaa28b4c38cb0f3c921909d,CORE CFIHOS V2.0 CSV/CFIHOS CORE CFIHOS object equivalent mapping v2.0.csv,306,source_reference_record,source_reference_record_unreviewed
CFIHOS-30000295,POSC CAESAR,RDS416699,real,True,sha256:a69b98012d9e4a46495a3aed48eef8ce75a69d001eaa28b4c38cb0f3c921909d,CORE CFIHOS V2.0 CSV/CFIHOS CORE CFIHOS object equivalent mapping v2.0.csv,307,source_reference_record,source_reference_record_unreviewed
CFIHOS-30000297,ISO 15926 part4,1798,real,True,sha256:a69b98012d9e4a46495a3aed48eef8ce75a69d001eaa28b4c38cb0f3c921909d,CORE CFIHOS V2.0 CSV/CFIHOS CORE CFIHOS object equivalent mapping v2.0.csv,308,source_reference_record,source_reference_record_unreviewed
CFIHOS-30000297,STEPLIB,40012,real,True,sha256:a69b98012d9e4a46495a3aed48eef8ce75a69d001eaa28b4c38cb0f3c921909d,CORE CFIHOS V2.0 CSV/CFIHOS CORE CFIHOS object equivalent mapping v2.0.csv,309,source_reference_record,source_reference_record_unreviewed
CFIHOS-30000297,POSC CAESAR,RDS369980101,real,True,sha256:a69b98012d9e4a46495a3aed48eef8ce75a69d001eaa28b4c38cb0f3c921909d,CORE CFIHOS V2.0 CSV/CFIHOS CORE CFIHOS object equivalent mapping v2.0.csv,310,source_reference_record,source_reference_record_unreviewed
CFIHOS-30000298,ISO 15926 part4,1799,real,True,sha256:a69b98012d9e4a46495a3aed48eef8ce75a69d001eaa28b4c38cb0f3c921909d,CORE CFIHOS V2.0 CSV/CFIHOS CORE CFIHOS object equivalent mapping v2.0.csv,311,source_reference_record,source_reference_record_unreviewed
CFIHOS-30000298,STEPLIB,520276,real,True,sha256:a69b98012d9e4a46495a3aed48eef8ce75a69d001eaa28b4c38cb0f3c921909d,CORE CFIHOS V2.0 CSV/CFIHOS CORE CFIHOS object equivalent mapping v2.0.csv,312,source_reference_record,source_reference_record_unreviewed
CFIHOS-30000298,POSC CAESAR,RDS13621366,real,True,sha256:a69b98012d9e4a46495a3aed48eef8ce75a69d001eaa28b4c38cb0f3c921909d,CORE CFIHOS V2.0 CSV/CFIHOS CORE CFIHOS object equivalent mapping v2.0.csv,313,source_reference_record,source_reference_record_unreviewed
CFIHOS-30000299,ISO 15926 part4,1801,real,True,sha256:a69b98012d9e4a46495a3aed48eef8ce75a69d001eaa28b4c38cb0f3c921909d,CORE CFIHOS V2.0 CSV/CFIHOS CORE CFIHOS object equivalent mapping v2.0.csv,314,source_reference_record,source_reference_record_unreviewed
CFIHOS-30000299,POSC CAESAR,RDS16771464,real,True,sha256:a69b98012d9e4a46495a3aed48eef8ce75a69d001eaa28b4c38cb0f3c921909d,CORE CFIHOS V2.0 CSV/CFIHOS CORE CFIHOS object equivalent mapping v2.0.csv,315,source_reference_record,source_reference_record_unreviewed
CFIHOS-30000300,ISO 15926 part4,1802,real,True,sha256:a69b98012d9e4a46495a3aed48eef8ce75a69d001eaa28b4c38cb0f3c921909d,CORE CFIHOS V2.0 CSV/CFIHOS CORE CFIHOS object equivalent mapping v2.0.csv,316,source_reference_record,source_reference_record_unreviewed
CFIHOS-30000300,STEPLIB,251721,real,True,sha256:a69b98012d9e4a46495a3aed48eef8ce75a69d001eaa28b4c38cb0f3c921909d,CORE CFIHOS V2.0 CSV/CFIHOS CORE CFIHOS object equivalent mapping v2.0.csv,317,source_reference_record,source_reference_record_unreviewed
CFIHOS-30000300,POSC CAESAR,RDS903151421,real,True,sha256:a69b98012d9e4a46495a3aed48eef8ce75a69d001eaa28b4c38cb0f3c921909d,CORE CFIHOS V2.0 CSV/CFIHOS CORE CFIHOS object equivalent mapping v2.0.csv,318,source_reference_record,source_reference_record_unreviewed
CFIHOS-30000301,ISO 15926 part4,1819,real,True,sha256:a69b98012d9e4a46495a3aed48eef8ce75a69d001eaa28b4c38cb0f3c921909d,CORE CFIHOS V2.0 CSV/CFIHOS CORE CFIHOS object equivalent mapping v2.0.csv,319,source_reference_record,source_reference_record_unreviewed
CFIHOS-30000301,STEPLIB,40043,real,True,sha256:a69b98012d9e4a46495a3aed48eef8ce75a69d001eaa28b4c38cb0f3c921909d,CORE CFIHOS V2.0 CSV/CFIHOS CORE CFIHOS object equivalent mapping v2.0.csv,320,source_reference_record,source_reference_record_unreviewed
CFIHOS-30000301,POSC CAESAR,RDS1066557881,real,True,sha256:a69b98012d9e4a46495a3aed48eef8ce75a69d001eaa28b4c38cb0f3c921909d,CORE CFIHOS V2.0 CSV/CFIHOS CORE CFIHOS object equivalent mapping v2.0.csv,321,source_reference_record,source_reference_record_unreviewed
CFIHOS-30000303,ISO 15926 part4,1822,real,True,sha256:a69b98012d9e4a46495a3aed48eef8ce75a69d001eaa28b4c38cb0f3c921909d,CORE CFIHOS V2.0 CSV/CFIHOS CORE CFIHOS object equivalent mapping v2.0.csv,322,source_reference_record,source_reference_record_unreviewed
CFIHOS-30000303,STEPLIB,250175,real,True,sha256:a69b98012d9e4a46495a3aed48eef8ce75a69d001eaa28b4c38cb0f3c921909d,CORE CFIHOS V2.0 CSV/CFIHOS CORE CFIHOS object equivalent mapping v2.0.csv,323,source_reference_record,source_reference_record_unreviewed
CFIHOS-30000303,POSC CAESAR,RDS997405351,real,True,sha256:a69b98012d9e4a46495a3aed48eef8ce75a69d001eaa28b4c38cb0f3c921909d,CORE CFIHOS V2.0 CSV/CFIHOS CORE CFIHOS object equivalent mapping v2.0.csv,324,source_reference_record,source_reference_record_unreviewed
CFIHOS-30000304,ISO 15926 part4,1828,real,True,sha256:a69b98012d9e4a46495a3aed48eef8ce75a69d001eaa28b4c38cb0f3c921909d,CORE CFIHOS V2.0 CSV/CFIHOS CORE CFIHOS object equivalent mapping v2.0.csv,325,source_reference_record,source_reference_record_unreviewed
CFIHOS-30000304,STEPLIB,340160,real,True,sha256:a69b98012d9e4a46495a3aed48eef8ce75a69d001eaa28b4c38cb0f3c921909d,CORE CFIHOS V2.0 CSV/CFIHOS CORE CFIHOS object equivalent mapping v2.0.csv,326,source_reference_record,source_reference_record_unreviewed
CFIHOS-30000304,ISO 14224:2016,PI,real,True,sha256:a69b98012d9e4a46495a3aed48eef8ce75a69d001eaa28b4c38cb0f3c921909d,CORE CFIHOS V2.0 CSV/CFIHOS CORE CFIHOS object equivalent mapping v2.0.csv,327,source_reference_record,source_reference_record_unreviewed
CFIHOS-30000304,POSC CAESAR,RDS13307654,real,True,sha256:a69b98012d9e4a46495a3aed48eef8ce75a69d001eaa28b4c38cb0f3c921909d,CORE CFIHOS V2.0 CSV/CFIHOS CORE CFIHOS object equivalent mapping v2.0.csv,328,source_reference_record,source_reference_record_unreviewed
CFIHOS-30000305,ISO 15926 part4,1831,real,True,sha256:a69b98012d9e4a46495a3aed48eef8ce75a69d001eaa28b4c38cb0f3c921909d,CORE CFIHOS V2.0 CSV/CFIHOS CORE CFIHOS object equivalent mapping v2.0.csv,329,source_reference_record,source_reference_record_unreviewed
CFIHOS-30000305,STEPLIB,40080,real,True,sha256:a69b98012d9e4a46495a3aed48eef8ce75a69d001eaa28b4c38cb0f3c921909d,CORE CFIHOS V2.0 CSV/CFIHOS CORE CFIHOS object equivalent mapping v2.0.csv,330,source_reference_record,source_reference_record_unreviewed
CFIHOS-30000305,POSC CAESAR,RDS8351535,real,True,sha256:a69b98012d9e4a46495a3aed48eef8ce75a69d001eaa28b4c38cb0f3c921909d,CORE CFIHOS V2.0 CSV/CFIHOS CORE CFIHOS object equivalent mapping v2.0.csv,331,source_reference_record,source_reference_record_unreviewed
CFIHOS-30000306,ISO 15926 part4,1832,real,True,sha256:a69b98012d9e4a46495a3aed48eef8ce75a69d001eaa28b4c38cb0f3c921909d,CORE CFIHOS V2.0 CSV/CFIHOS CORE CFIHOS object equivalent mapping v2.0.csv,332,source_reference_record,source_reference_record_unreviewed
CFIHOS-30000306,STEPLIB,340039,real,True,sha256:a69b98012d9e4a46495a3aed48eef8ce75a69d001eaa28b4c38cb0f3c921909d,CORE CFIHOS V2.0 CSV/CFIHOS CORE CFIHOS object equivalent mapping v2.0.csv,333,source_reference_record,source_reference_record_unreviewed
CFIHOS-30000306,POSC CAESAR,RDS415394,real,True,sha256:a69b98012d9e4a46495a3aed48eef8ce75a69d001eaa28b4c38cb0f3c921909d,CORE CFIHOS V2.0 CSV/CFIHOS CORE CFIHOS object equivalent mapping v2.0.csv,334,source_reference_record,source_reference_record_unreviewed
CFIHOS-30000307,ISO 15926 part4,1837,real,True,sha256:a69b98012d9e4a46495a3aed48eef8ce75a69d001eaa28b4c38cb0f3c921909d,CORE CFIHOS V2.0 CSV/CFIHOS CORE CFIHOS object equivalent mapping v2.0.csv,335,source_reference_record,source_reference_record_unreviewed
CFIHOS-30000307,STEPLIB,400080,real,True,sha256:a69b98012d9e4a46495a3aed48eef8ce75a69d001eaa28b4c38cb0f3c921909d,CORE CFIHOS V2.0 CSV/CFIHOS CORE CFIHOS object equivalent mapping v2.0.csv,336,source_reference_record,source_reference_record_unreviewed
CFIHOS-30000307,POSC CAESAR,RDS11008205,real,True,sha256:a69b98012d9e4a46495a3aed48eef8ce75a69d001eaa28b4c38cb0f3c921909d,CORE CFIHOS V2.0 CSV/CFIHOS CORE CFIHOS object equivalent mapping v2.0.csv,337,source_reference_record,source_reference_record_unreviewed
CFIHOS-30000308,STEPLIB,10062,real,True,sha256:a69b98012d9e4a46495a3aed48eef8ce75a69d001eaa28b4c38cb0f3c921909d,CORE CFIHOS V2.0 CSV/CFIHOS CORE CFIHOS object equivalent mapping v2.0.csv,338,source_reference_record,source_reference_record_unreviewed
CFIHOS-30000308,ISO 15926 part4,1843,real,True,sha256:a69b98012d9e4a46495a3aed48eef8ce75a69d001eaa28b4c38cb0f3c921909d,CORE CFIHOS V2.0 CSV/CFIHOS CORE CFIHOS object equivalent mapping v2.0.csv,339,source_reference_record,source_reference_record_unreviewed
CFIHOS-30000308,ISO 14224:2016,MA,real,True,sha256:a69b98012d9e4a46495a3aed48eef8ce75a69d001eaa28b4c38cb0f3c921909d,CORE CFIHOS V2.0 CSV/CFIHOS CORE CFIHOS object equivalent mapping v2.0.csv,340,source_reference_record,source_reference_record_unreviewed
CFIHOS-30000308,POSC CAESAR,RDS903171211,real,True,sha256:a69b98012d9e4a46495a3aed48eef8ce75a69d001eaa28b4c38cb0f3c921909d,CORE CFIHOS V2.0 CSV/CFIHOS CORE CFIHOS object equivalent mapping v2.0.csv,341,source_reference_record,source_reference_record_unreviewed
CFIHOS-30000309,STEPLIB,130237,real,True,sha256:a69b98012d9e4a46495a3aed48eef8ce75a69d001eaa28b4c38cb0f3c921909d,CORE CFIHOS V2.0 CSV/CFIHOS CORE CFIHOS object equivalent mapping v2.0.csv,342,source_reference_record,source_reference_record_unreviewed
CFIHOS-30000309,ISO 15926 part4,1854,real,True,sha256:a69b98012d9e4a46495a3aed48eef8ce75a69d001eaa28b4c38cb0f3c921909d,CORE CFIHOS V2.0 CSV/CFIHOS CORE CFIHOS object equivalent mapping v2.0.csv,343,source_reference_record,source_reference_record_unreviewed
CFIHOS-30000309,POSC CAESAR,RDS6810325,real,True,sha256:a69b98012d9e4a46495a3aed48eef8ce75a69d001eaa28b4c38cb0f3c921909d,CORE CFIHOS V2.0 CSV/CFIHOS CORE CFIHOS object equivalent mapping v2.0.csv,344,source_reference_record,source_reference_record_unreviewed
CFIHOS-30000310,ISO 15926 part4,1895,real,True,sha256:a69b98012d9e4a46495a3aed48eef8ce75a69d001eaa28b4c38cb0f3c921909d,CORE CFIHOS V2.0 CSV/CFIHOS CORE CFIHOS object equivalent mapping v2.0.csv,345,source_reference_record,source_reference_record_unreviewed
CFIHOS-30000310,STEPLIB,250163,real,True,sha256:a69b98012d9e4a46495a3aed48eef8ce75a69d001eaa28b4c38cb0f3c921909d,CORE CFIHOS V2.0 CSV/CFIHOS CORE CFIHOS object equivalent mapping v2.0.csv,346,source_reference_record,source_reference_record_unreviewed
CFIHOS-30000310,POSC CAESAR,RDS7160353,real,True,sha256:a69b98012d9e4a46495a3aed48eef8ce75a69d001eaa28b4c38cb0f3c921909d,CORE CFIHOS V2.0 CSV/CFIHOS CORE CFIHOS object equivalent mapping v2.0.csv,347,source_reference_record,source_reference_record_unreviewed
CFIHOS-30000311,ISO 15926 part4,1901,real,True,sha256:a69b98012d9e4a46495a3aed48eef8ce75a69d001eaa28b4c38cb0f3c921909d,CORE CFIHOS V2.0 CSV/CFIHOS CORE CFIHOS object equivalent mapping v2.0.csv,348,source_reference_record,source_reference_record_unreviewed
CFIHOS-30000311,POSC CAESAR,RDS8615020,real,True,sha256:a69b98012d9e4a46495a3aed48eef8ce75a69d001eaa28b4c38cb0f3c921909d,CORE CFIHOS V2.0 CSV/CFIHOS CORE CFIHOS object equivalent mapping v2.0.csv,349,source_reference_record,source_reference_record_unreviewed
CFIHOS-30000312,STEPLIB,100424,real,True,sha256:a69b98012d9e4a46495a3aed48eef8ce75a69d001eaa28b4c38cb0f3c921909d,CORE CFIHOS V2.0 CSV/CFIHOS CORE CFIHOS object equivalent mapping v2.0.csv,350,source_reference_record,source_reference_record_unreviewed
CFIHOS-30000312,ISO 15926 part4,1905,real,True,sha256:a69b98012d9e4a46495a3aed48eef8ce75a69d001eaa28b4c38cb0f3c921909d,CORE CFIHOS V2.0 CSV/CFIHOS CORE CFIHOS object equivalent mapping v2.0.csv,351,source_reference_record,source_reference_record_unreviewed
CFIHOS-30000312,ISO 14224:2016,HB,real,True,sha256:a69b98012d9e4a46495a3aed48eef8ce75a69d001eaa28b4c38cb0f3c921909d,CORE CFIHOS V2.0 CSV/CFIHOS CORE CFIHOS object equivalent mapping v2.0.csv,352,source_reference_record,source_reference_record_unreviewed
CFIHOS-30000312,POSC CAESAR,RDS13705357,real,True,sha256:a69b98012d9e4a46495a3aed48eef8ce75a69d001eaa28b4c38cb0f3c921909d,CORE CFIHOS V2.0 CSV/CFIHOS CORE CFIHOS object equivalent mapping v2.0.csv,353,source_reference_record,source_reference_record_unreviewed
CFIHOS-30000313,ISO 15926 part4,1915,real,True,sha256:a69b98012d9e4a46495a3aed48eef8ce75a69d001eaa28b4c38cb0f3c921909d,CORE CFIHOS V2.0 CSV/CFIHOS CORE CFIHOS object equivalent mapping v2.0.csv,354,source_reference_record,source_reference_record_unreviewed
CFIHOS-30000313,POSC CAESAR,RDS208799,real,True,sha256:a69b98012d9e4a46495a3aed48eef8ce75a69d001eaa28b4c38cb0f3c921909d,CORE CFIHOS V2.0 CSV/CFIHOS CORE CFIHOS object equivalent mapping v2.0.csv,355,source_reference_record,source_reference_record_unreviewed
CFIHOS-30000314,ISO 15926 part4,1931,real,True,sha256:a69b98012d9e4a46495a3aed48eef8ce75a69d001eaa28b4c38cb0f3c921909d,CORE CFIHOS V2.0 CSV/CFIHOS CORE CFIHOS object equivalent mapping v2.0.csv,356,source_reference_record,source_reference_record_unreviewed
CFIHOS-30000314,POSC CAESAR,RDS13417280,real,True,sha256:a69b98012d9e4a46495a3aed48eef8ce75a69d001eaa28b4c38cb0f3c921909d,CORE CFIHOS V2.0 CSV/CFIHOS CORE CFIHOS object equivalent mapping v2.0.csv,357,source_reference_record,source_reference_record_unreviewed
CFIHOS-30000315,ISO 15926 part4,2330,real,True,sha256:a69b98012d9e4a46495a3aed48eef8ce75a69d001eaa28b4c38cb0f3c921909d,CORE CFIHOS V2.0 CSV/CFIHOS CORE CFIHOS object equivalent mapping v2.0.csv,358,source_reference_record,source_reference_record_unreviewed
CFIHOS-30000315,STEPLIB,520257,real,True,sha256:a69b98012d9e4a46495a3aed48eef8ce75a69d001eaa28b4c38cb0f3c921909d,CORE CFIHOS V2.0 CSV/CFIHOS CORE CFIHOS object equivalent mapping v2.0.csv,359,source_reference_record,source_reference_record_unreviewed
CFIHOS-30000315,POSC CAESAR,RDS779711741,real,True,sha256:a69b98012d9e4a46495a3aed48eef8ce75a69d001eaa28b4c38cb0f3c921909d,CORE CFIHOS V2.0 CSV/CFIHOS CORE CFIHOS object equivalent mapping v2.0.csv,360,source_reference_record,source_reference_record_unreviewed
CFIHOS-30000316,ISO 15926 part4,2356,real,True,sha256:a69b98012d9e4a46495a3aed48eef8ce75a69d001eaa28b4c38cb0f3c921909d,CORE CFIHOS V2.0 CSV/CFIHOS CORE CFIHOS object equivalent mapping v2.0.csv,361,source_reference_record,source_reference_record_unreviewed
CFIHOS-30000316,STEPLIB,70017,real,True,sha256:a69b98012d9e4a46495a3aed48eef8ce75a69d001eaa28b4c38cb0f3c921909d,CORE CFIHOS V2.0 CSV/CFIHOS CORE CFIHOS object equivalent mapping v2.0.csv,362,source_reference_record,source_reference_record_unreviewed
CFIHOS-30000316,POSC CAESAR,RDS986894,real,True,sha256:a69b98012d9e4a46495a3aed48eef8ce75a69d001eaa28b4c38cb0f3c921909d,CORE CFIHOS V2.0 CSV/CFIHOS CORE CFIHOS object equivalent mapping v2.0.csv,363,source_reference_record,source_reference_record_unreviewed
CFIHOS-30000317,ISO 15926 part4,2357,real,True,sha256:a69b98012d9e4a46495a3aed48eef8ce75a69d001eaa28b4c38cb0f3c921909d,CORE CFIHOS V2.0 CSV/CFIHOS CORE CFIHOS object equivalent mapping v2.0.csv,364,source_reference_record,source_reference_record_unreviewed
CFIHOS-30000317,STEPLIB,251474,real,True,sha256:a69b98012d9e4a46495a3aed48eef8ce75a69d001eaa28b4c38cb0f3c921909d,CORE CFIHOS V2.0 CSV/CFIHOS CORE CFIHOS object equivalent mapping v2.0.csv,365,source_reference_record,source_reference_record_unreviewed
CFIHOS-30000317,POSC CAESAR,RDS781033661,real,True,sha256:a69b98012d9e4a46495a3aed48eef8ce75a69d001eaa28b4c38cb0f3c921909d,CORE CFIHOS V2.0 CSV/CFIHOS CORE CFIHOS object equivalent mapping v2.0.csv,366,source_reference_record,source_reference_record_unreviewed
CFIHOS-30000318,ISO 15926 part4,2389,real,True,sha256:a69b98012d9e4a46495a3aed48eef8ce75a69d001eaa28b4c38cb0f3c921909d,CORE CFIHOS V2.0 CSV/CFIHOS CORE CFIHOS object equivalent mapping v2.0.csv,367,source_reference_record,source_reference_record_unreviewed
CFIHOS-30000318,STEPLIB,252312,real,True,sha256:a69b98012d9e4a46495a3aed48eef8ce75a69d001eaa28b4c38cb0f3c921909d,CORE CFIHOS V2.0 CSV/CFIHOS CORE CFIHOS object equivalent mapping v2.0.csv,368,source_reference_record,source_reference_record_unreviewed
CFIHOS-30000318,POSC CAESAR,RDS874889,real,True,sha256:a69b98012d9e4a46495a3aed48eef8ce75a69d001eaa28b4c38cb0f3c921909d,CORE CFIHOS V2.0 CSV/CFIHOS CORE CFIHOS object equivalent mapping v2.0.csv,369,source_reference_record,source_reference_record_unreviewed
CFIHOS-30000319,ISO 15926 part4,2391,real,True,sha256:a69b98012d9e4a46495a3aed48eef8ce75a69d001eaa28b4c38cb0f3c921909d,CORE CFIHOS V2.0 CSV/CFIHOS CORE CFIHOS object equivalent mapping v2.0.csv,370,source_reference_record,source_reference_record_unreviewed
CFIHOS-30000319,STEPLIB,250026,real,True,sha256:a69b98012d9e4a46495a3aed48eef8ce75a69d001eaa28b4c38cb0f3c921909d,CORE CFIHOS V2.0 CSV/CFIHOS CORE CFIHOS object equivalent mapping v2.0.csv,371,source_reference_record,source_reference_record_unreviewed
CFIHOS-30000319,POSC CAESAR,RDS874934,real,True,sha256:a69b98012d9e4a46495a3aed48eef8ce75a69d001eaa28b4c38cb0f3c921909d,CORE CFIHOS V2.0 CSV/CFIHOS CORE CFIHOS object equivalent mapping v2.0.csv,372,source_reference_record,source_reference_record_unreviewed
CFIHOS-30000320,ISO 15926 part4,2434,real,True,sha256:a69b98012d9e4a46495a3aed48eef8ce75a69d001eaa28b4c38cb0f3c921909d,CORE CFIHOS V2.0 CSV/CFIHOS CORE CFIHOS object equivalent mapping v2.0.csv,373,source_reference_record,source_reference_record_unreviewed
CFIHOS-30000320,STEPLIB,251255,real,True,sha256:a69b98012d9e4a46495a3aed48eef8ce75a69d001eaa28b4c38cb0f3c921909d,CORE CFIHOS V2.0 CSV/CFIHOS CORE CFIHOS object equivalent mapping v2.0.csv,374,source_reference_record,source_reference_record_unreviewed
CFIHOS-30000320,POSC CAESAR,RDS871559,real,True,sha256:a69b98012d9e4a46495a3aed48eef8ce75a69d001eaa28b4c38cb0f3c921909d,CORE CFIHOS V2.0 CSV/CFIHOS CORE CFIHOS object equivalent mapping v2.0.csv,375,source_reference_record,source_reference_record_unreviewed
CFIHOS-30000321,ISO 15926 part4,2499,real,True,sha256:a69b98012d9e4a46495a3aed48eef8ce75a69d001eaa28b4c38cb0f3c921909d,CORE CFIHOS V2.0 CSV/CFIHOS CORE CFIHOS object equivalent mapping v2.0.csv,376,source_reference_record,source_reference_record_unreviewed
CFIHOS-30000321,STEPLIB,250049,real,True,sha256:a69b98012d9e4a46495a3aed48eef8ce75a69d001eaa28b4c38cb0f3c921909d,CORE CFIHOS V2.0 CSV/CFIHOS CORE CFIHOS object equivalent mapping v2.0.csv,377,source_reference_record,source_reference_record_unreviewed
CFIHOS-30000321,POSC CAESAR,RDS5794602,real,True,sha256:a69b98012d9e4a46495a3aed48eef8ce75a69d001eaa28b4c38cb0f3c921909d,CORE CFIHOS V2.0 CSV/CFIHOS CORE CFIHOS object equivalent mapping v2.0.csv,378,source_reference_record,source_reference_record_unreviewed
CFIHOS-30000322,STEPLIB,252064,real,True,sha256:a69b98012d9e4a46495a3aed48eef8ce75a69d001eaa28b4c38cb0f3c921909d,CORE CFIHOS V2.0 CSV/CFIHOS CORE CFIHOS object equivalent mapping v2.0.csv,379,source_reference_record,source_reference_record_unreviewed
CFIHOS-30000322,ISO 15926 part4,2554,real,True,sha256:a69b98012d9e4a46495a3aed48eef8ce75a69d001eaa28b4c38cb0f3c921909d,CORE CFIHOS V2.0 CSV/CFIHOS CORE CFIHOS object equivalent mapping v2.0.csv,380,source_reference_record,source_reference_record_unreviewed
CFIHOS-30000322,POSC CAESAR,RDS1084454,real,True,sha256:a69b98012d9e4a46495a3aed48eef8ce75a69d001eaa28b4c38cb0f3c921909d,CORE CFIHOS V2.0 CSV/CFIHOS CORE CFIHOS object equivalent mapping v2.0.csv,381,source_reference_record,source_reference_record_unreviewed
CFIHOS-30000323,STEPLIB,250093,real,True,sha256:a69b98012d9e4a46495a3aed48eef8ce75a69d001eaa28b4c38cb0f3c921909d,CORE CFIHOS V2.0 CSV/CFIHOS CORE CFIHOS object equivalent mapping v2.0.csv,382,source_reference_record,source_reference_record_unreviewed
CFIHOS-30000323,ISO 15926 part4,2577,real,True,sha256:a69b98012d9e4a46495a3aed48eef8ce75a69d001eaa28b4c38cb0f3c921909d,CORE CFIHOS V2.0 CSV/CFIHOS CORE CFIHOS object equivalent mapping v2.0.csv,383,source_reference_record,source_reference_record_unreviewed
CFIHOS-30000323,POSC CAESAR,RDS463994,real,True,sha256:a69b98012d9e4a46495a3aed48eef8ce75a69d001eaa28b4c38cb0f3c921909d,CORE CFIHOS V2.0 CSV/CFIHOS CORE CFIHOS object equivalent mapping v2.0.csv,384,source_reference_record,source_reference_record_unreviewed
CFIHOS-30000324,ISO 15926 part4,2582,real,True,sha256:a69b98012d9e4a46495a3aed48eef8ce75a69d001eaa28b4c38cb0f3c921909d,CORE CFIHOS V2.0 CSV/CFIHOS CORE CFIHOS object equivalent mapping v2.0.csv,385,source_reference_record,source_reference_record_unreviewed
CFIHOS-30000324,STEPLIB,70486,real,True,sha256:a69b98012d9e4a46495a3aed48eef8ce75a69d001eaa28b4c38cb0f3c921909d,CORE CFIHOS V2.0 CSV/CFIHOS CORE CFIHOS object equivalent mapping v2.0.csv,386,source_reference_record,source_reference_record_unreviewed
CFIHOS-30000324,POSC CAESAR,RDS6588455,real,True,sha256:a69b98012d9e4a46495a3aed48eef8ce75a69d001eaa28b4c38cb0f3c921909d,CORE CFIHOS V2.0 CSV/CFIHOS CORE CFIHOS object equivalent mapping v2.0.csv,387,source_reference_record,source_reference_record_unreviewed
CFIHOS-30000325,ISO 15926 part4,2615,real,True,sha256:a69b98012d9e4a46495a3aed48eef8ce75a69d001eaa28b4c38cb0f3c921909d,CORE CFIHOS V2.0 CSV/CFIHOS CORE CFIHOS object equivalent mapping v2.0.csv,388,source_reference_record,source_reference_record_unreviewed
CFIHOS-30000325,STEPLIB,70058,real,True,sha256:a69b98012d9e4a46495a3aed48eef8ce75a69d001eaa28b4c38cb0f3c921909d,CORE CFIHOS V2.0 CSV/CFIHOS CORE CFIHOS object equivalent mapping v2.0.csv,389,source_reference_record,source_reference_record_unreviewed
CFIHOS-30000325,POSC CAESAR,RDS6501159,real,True,sha256:a69b98012d9e4a46495a3aed48eef8ce75a69d001eaa28b4c38cb0f3c921909d,CORE CFIHOS V2.0 CSV/CFIHOS CORE CFIHOS object equivalent mapping v2.0.csv,390,source_reference_record,source_reference_record_unreviewed
CFIHOS-30000326,STEPLIB,251139,real,True,sha256:a69b98012d9e4a46495a3aed48eef8ce75a69d001eaa28b4c38cb0f3c921909d,CORE CFIHOS V2.0 CSV/CFIHOS CORE CFIHOS object equivalent mapping v2.0.csv,391,source_reference_record,source_reference_record_unreviewed
CFIHOS-30000326,ISO 15926 part4,2628,real,True,sha256:a69b98012d9e4a46495a3aed48eef8ce75a69d001eaa28b4c38cb0f3c921909d,CORE CFIHOS V2.0 CSV/CFIHOS CORE CFIHOS object equivalent mapping v2.0.csv,392,source_reference_record,source_reference_record_unreviewed
CFIHOS-30000326,POSC CAESAR,RDS464039,real,True,sha256:a69b98012d9e4a46495a3aed48eef8ce75a69d001eaa28b4c38cb0f3c921909d,CORE CFIHOS V2.0 CSV/CFIHOS CORE CFIHOS object equivalent mapping v2.0.csv,393,source_reference_record,source_reference_record_unreviewed
CFIHOS-30000327,ISO 15926 part4,2634,real,True,sha256:a69b98012d9e4a46495a3aed48eef8ce75a69d001eaa28b4c38cb0f3c921909d,CORE CFIHOS V2.0 CSV/CFIHOS CORE CFIHOS object equivalent mapping v2.0.csv,394,source_reference_record,source_reference_record_unreviewed
CFIHOS-30000327,STEPLIB,70066,real,True,sha256:a69b98012d9e4a46495a3aed48eef8ce75a69d001eaa28b4c38cb0f3c921909d,CORE CFIHOS V2.0 CSV/CFIHOS CORE CFIHOS object equivalent mapping v2.0.csv,395,source_reference_record,source_reference_record_unreviewed
CFIHOS-30000327,POSC CAESAR,RDS874124,real,True,sha256:a69b98012d9e4a46495a3aed48eef8ce75a69d001eaa28b4c38cb0f3c921909d,CORE CFIHOS V2.0 CSV/CFIHOS CORE CFIHOS object equivalent mapping v2.0.csv,396,source_reference_record,source_reference_record_unreviewed
CFIHOS-30000329,STEPLIB,250119,real,True,sha256:a69b98012d9e4a46495a3aed48eef8ce75a69d001eaa28b4c38cb0f3c921909d,CORE CFIHOS V2.0 CSV/CFIHOS CORE CFIHOS object equivalent mapping v2.0.csv,397,source_reference_record,source_reference_record_unreviewed
CFIHOS-30000329,ISO 15926 part4,2657,real,True,sha256:a69b98012d9e4a46495a3aed48eef8ce75a69d001eaa28b4c38cb0f3c921909d,CORE CFIHOS V2.0 CSV/CFIHOS CORE CFIHOS object equivalent mapping v2.0.csv,398,source_reference_record,source_reference_record_unreviewed
CFIHOS-30000329,POSC CAESAR,RDS6501264,real,True,sha256:a69b98012d9e4a46495a3aed48eef8ce75a69d001eaa28b4c38cb0f3c921909d,CORE CFIHOS V2.0 CSV/CFIHOS CORE CFIHOS object equivalent mapping v2.0.csv,399,source_reference_record,source_reference_record_unreviewed
CFIHOS-30000330,STEPLIB,250526,real,True,sha256:a69b98012d9e4a46495a3aed48eef8ce75a69d001eaa28b4c38cb0f3c921909d,CORE CFIHOS V2.0 CSV/CFIHOS CORE CFIHOS object equivalent mapping v2.0.csv,400,source_reference_record,source_reference_record_unreviewed
CFIHOS-30000330,ISO 15926 part4,2695,real,True,sha256:a69b98012d9e4a46495a3aed48eef8ce75a69d001eaa28b4c38cb0f3c921909d,CORE CFIHOS V2.0 CSV/CFIHOS CORE CFIHOS object equivalent mapping v2.0.csv,401,source_reference_record,source_reference_record_unreviewed
CFIHOS-30000330,POSC CAESAR,RDS464174,real,True,sha256:a69b98012d9e4a46495a3aed48eef8ce75a69d001eaa28b4c38cb0f3c921909d,CORE CFIHOS V2.0 CSV/CFIHOS CORE CFIHOS object equivalent mapping v2.0.csv,402,source_reference_record,source_reference_record_unreviewed
CFIHOS-30000330,ISO 14224:2016,SG,real,True,sha256:a69b98012d9e4a46495a3aed48eef8ce75a69d001eaa28b4c38cb0f3c921909d,CORE CFIHOS V2.0 CSV/CFIHOS CORE CFIHOS object equivalent mapping v2.0.csv,403,source_reference_record,source_reference_record_unreviewed
CFIHOS-30000331,STEPLIB,250698,real,True,sha256:a69b98012d9e4a46495a3aed48eef8ce75a69d001eaa28b4c38cb0f3c921909d,CORE CFIHOS V2.0 CSV/CFIHOS CORE CFIHOS object equivalent mapping v2.0.csv,404,source_reference_record,source_reference_record_unreviewed
CFIHOS-30000331,ISO 15926 part4,2715,real,True,sha256:a69b98012d9e4a46495a3aed48eef8ce75a69d001eaa28b4c38cb0f3c921909d,CORE CFIHOS V2.0 CSV/CFIHOS CORE CFIHOS object equivalent mapping v2.0.csv,405,source_reference_record,source_reference_record_unreviewed
CFIHOS-30000331,POSC CAESAR,RDS7052389,real,True,sha256:a69b98012d9e4a46495a3aed48eef8ce75a69d001eaa28b4c38cb0f3c921909d,CORE CFIHOS V2.0 CSV/CFIHOS CORE CFIHOS object equivalent mapping v2.0.csv,406,source_reference_record,source_reference_record_unreviewed
CFIHOS-30000332,STEPLIB,250530,real,True,sha256:a69b98012d9e4a46495a3aed48eef8ce75a69d001eaa28b4c38cb0f3c921909d,CORE CFIHOS V2.0 CSV/CFIHOS CORE CFIHOS object equivalent mapping v2.0.csv,407,source_reference_record,source_reference_record_unreviewed
CFIHOS-30000332,ISO 15926 part4,2717,real,True,sha256:a69b98012d9e4a46495a3aed48eef8ce75a69d001eaa28b4c38cb0f3c921909d,CORE CFIHOS V2.0 CSV/CFIHOS CORE CFIHOS object equivalent mapping v2.0.csv,408,source_reference_record,source_reference_record_unreviewed
CFIHOS-30000332,POSC CAESAR,RDS7503182,real,True,sha256:a69b98012d9e4a46495a3aed48eef8ce75a69d001eaa28b4c38cb0f3c921909d,CORE CFIHOS V2.0 CSV/CFIHOS CORE CFIHOS object equivalent mapping v2.0.csv,409,source_reference_record,source_reference_record_unreviewed
CFIHOS-30000333,STEPLIB,250926,real,True,sha256:a69b98012d9e4a46495a3aed48eef8ce75a69d001eaa28b4c38cb0f3c921909d,CORE CFIHOS V2.0 CSV/CFIHOS CORE CFIHOS object equivalent mapping v2.0.csv,410,source_reference_record,source_reference_record_unreviewed
CFIHOS-30000333,ISO 15926 part4,2720,real,True,sha256:a69b98012d9e4a46495a3aed48eef8ce75a69d001eaa28b4c38cb0f3c921909d,CORE CFIHOS V2.0 CSV/CFIHOS CORE CFIHOS object equivalent mapping v2.0.csv,411,source_reference_record,source_reference_record_unreviewed
CFIHOS-30000333,POSC CAESAR,RDS916829,real,True,sha256:a69b98012d9e4a46495a3aed48eef8ce75a69d001eaa28b4c38cb0f3c921909d,CORE CFIHOS V2.0 CSV/CFIHOS CORE CFIHOS object equivalent mapping v2.0.csv,412,source_reference_record,source_reference_record_unreviewed
CFIHOS-30000334,STEPLIB,252098,real,True,sha256:a69b98012d9e4a46495a3aed48eef8ce75a69d001eaa28b4c38cb0f3c921909d,CORE CFIHOS V2.0 CSV/CFIHOS CORE CFIHOS object equivalent mapping v2.0.csv,413,source_reference_record,source_reference_record_unreviewed
CFIHOS-30000334,ISO 15926 part4,2721,real,True,sha256:a69b98012d9e4a46495a3aed48eef8ce75a69d001eaa28b4c38cb0f3c921909d,CORE CFIHOS V2.0 CSV/CFIHOS CORE CFIHOS object equivalent mapping v2.0.csv,414,source_reference_record,source_reference_record_unreviewed
CFIHOS-30000334,POSC CAESAR,RDS871694,real,True,sha256:a69b98012d9e4a46495a3aed48eef8ce75a69d001eaa28b4c38cb0f3c921909d,CORE CFIHOS V2.0 CSV/CFIHOS CORE CFIHOS object equivalent mapping v2.0.csv,415,source_reference_record,source_reference_record_unreviewed
CFIHOS-30000335,STEPLIB,130512,real,True,sha256:a69b98012d9e4a46495a3aed48eef8ce75a69d001eaa28b4c38cb0f3c921909d,CORE CFIHOS V2.0 CSV/CFIHOS CORE CFIHOS object equivalent mapping v2.0.csv,416,source_reference_record,source_reference_record_unreviewed
CFIHOS-30000335,ISO 15926 part4,2726,real,True,sha256:a69b98012d9e4a46495a3aed48eef8ce75a69d001eaa28b4c38cb0f3c921909d,CORE CFIHOS V2.0 CSV/CFIHOS CORE CFIHOS object equivalent mapping v2.0.csv,417,source_reference_record,source_reference_record_unreviewed
CFIHOS-30000335,POSC CAESAR,RDS813959,real,True,sha256:a69b98012d9e4a46495a3aed48eef8ce75a69d001eaa28b4c38cb0f3c921909d,CORE CFIHOS V2.0 CSV/CFIHOS CORE CFIHOS object equivalent mapping v2.0.csv,418,source_reference_record,source_reference_record_unreviewed
CFIHOS-30000336,ISO 15926 part4,2737,real,True,sha256:a69b98012d9e4a46495a3aed48eef8ce75a69d001eaa28b4c38cb0f3c921909d,CORE CFIHOS V2.0 CSV/CFIHOS CORE CFIHOS object equivalent mapping v2.0.csv,419,source_reference_record,source_reference_record_unreviewed
CFIHOS-30000336,STEPLIB,70794,real,True,sha256:a69b98012d9e4a46495a3aed48eef8ce75a69d001eaa28b4c38cb0f3c921909d,CORE CFIHOS V2.0 CSV/CFIHOS CORE CFIHOS object equivalent mapping v2.0.csv,420,source_reference_record,source_reference_record_unreviewed
CFIHOS-30000336,POSC CAESAR,RDS430379,real,True,sha256:a69b98012d9e4a46495a3aed48eef8ce75a69d001eaa28b4c38cb0f3c921909d,CORE CFIHOS V2.0 CSV/CFIHOS CORE CFIHOS object equivalent mapping v2.0.csv,421,source_reference_record,source_reference_record_unreviewed
CFIHOS-30000337,STEPLIB,250024,real,True,sha256:a69b98012d9e4a46495a3aed48eef8ce75a69d001eaa28b4c38cb0f3c921909d,CORE CFIHOS V2.0 CSV/CFIHOS CORE CFIHOS object equivalent mapping v2.0.csv,422,source_reference_record,source_reference_record_unreviewed
CFIHOS-30000337,ISO 15926 part4,2738,real,True,sha256:a69b98012d9e4a46495a3aed48eef8ce75a69d001eaa28b4c38cb0f3c921909d,CORE CFIHOS V2.0 CSV/CFIHOS CORE CFIHOS object equivalent mapping v2.0.csv,423,source_reference_record,source_reference_record_unreviewed
CFIHOS-30000337,POSC CAESAR,RDS478124,real,True,sha256:a69b98012d9e4a46495a3aed48eef8ce75a69d001eaa28b4c38cb0f3c921909d,CORE CFIHOS V2.0 CSV/CFIHOS CORE CFIHOS object equivalent mapping v2.0.csv,424,source_reference_record,source_reference_record_unreviewed
CFIHOS-30000338,STEPLIB,251556,real,True,sha256:a69b98012d9e4a46495a3aed48eef8ce75a69d001eaa28b4c38cb0f3c921909d,CORE CFIHOS V2.0 CSV/CFIHOS CORE CFIHOS object equivalent mapping v2.0.csv,425,source_reference_record,source_reference_record_unreviewed
CFIHOS-30000338,ISO 15926 part4,2744,real,True,sha256:a69b98012d9e4a46495a3aed48eef8ce75a69d001eaa28b4c38cb0f3c921909d,CORE CFIHOS V2.0 CSV/CFIHOS CORE CFIHOS object equivalent mapping v2.0.csv,426,source_reference_record,source_reference_record_unreviewed
CFIHOS-30000338,ISO 14224:2016,EG,real,True,sha256:a69b98012d9e4a46495a3aed48eef8ce75a69d001eaa28b4c38cb0f3c921909d,CORE CFIHOS V2.0 CSV/CFIHOS CORE CFIHOS object equivalent mapping v2.0.csv,427,source_reference_record,source_reference_record_unreviewed
CFIHOS-30000338,POSC CAESAR,RDS415709,real,True,sha256:a69b98012d9e4a46495a3aed48eef8ce75a69d001eaa28b4c38cb0f3c921909d,CORE CFIHOS V2.0 CSV/CFIHOS CORE CFIHOS object equivalent mapping v2.0.csv,428,source_reference_record,source_reference_record_unreviewed
CFIHOS-30000339,STEPLIB,250158,real,True,sha256:a69b98012d9e4a46495a3aed48eef8ce75a69d001eaa28b4c38cb0f3c921909d,CORE CFIHOS V2.0 CSV/CFIHOS CORE CFIHOS object equivalent mapping v2.0.csv,429,source_reference_record,source_reference_record_unreviewed
CFIHOS-30000339,ISO 15926 part4,2745,real,True,sha256:a69b98012d9e4a46495a3aed48eef8ce75a69d001eaa28b4c38cb0f3c921909d,CORE CFIHOS V2.0 CSV/CFIHOS CORE CFIHOS object equivalent mapping v2.0.csv,430,source_reference_record,source_reference_record_unreviewed
CFIHOS-30000339,ISO 14224:2016,HBEH,real,True,sha256:a69b98012d9e4a46495a3aed48eef8ce75a69d001eaa28b4c38cb0f3c921909d,CORE CFIHOS V2.0 CSV/CFIHOS CORE CFIHOS object equivalent mapping v2.0.csv,431,source_reference_record,source_reference_record_unreviewed
CFIHOS-30000339,POSC CAESAR,RDS14070475,real,True,sha256:a69b98012d9e4a46495a3aed48eef8ce75a69d001eaa28b4c38cb0f3c921909d,CORE CFIHOS V2.0 CSV/CFIHOS CORE CFIHOS object equivalent mapping v2.0.csv,432,source_reference_record,source_reference_record_unreviewed
CFIHOS-30000340,STEPLIB,250147,real,True,sha256:a69b98012d9e4a46495a3aed48eef8ce75a69d001eaa28b4c38cb0f3c921909d,CORE CFIHOS V2.0 CSV/CFIHOS CORE CFIHOS object equivalent mapping v2.0.csv,433,source_reference_record,source_reference_record_unreviewed
CFIHOS-30000340,ISO 15926 part4,2752,real,True,sha256:a69b98012d9e4a46495a3aed48eef8ce75a69d001eaa28b4c38cb0f3c921909d,CORE CFIHOS V2.0 CSV/CFIHOS CORE CFIHOS object equivalent mapping v2.0.csv,434,source_reference_record,source_reference_record_unreviewed
CFIHOS-30000340,POSC CAESAR,RDS415124,real,True,sha256:a69b98012d9e4a46495a3aed48eef8ce75a69d001eaa28b4c38cb0f3c921909d,CORE CFIHOS V2.0 CSV/CFIHOS CORE CFIHOS object equivalent mapping v2.0.csv,435,source_reference_record,source_reference_record_unreviewed
CFIHOS-30000343,STEPLIB,251144,real,True,sha256:a69b98012d9e4a46495a3aed48eef8ce75a69d001eaa28b4c38cb0f3c921909d,CORE CFIHOS V2.0 CSV/CFIHOS CORE CFIHOS object equivalent mapping v2.0.csv,436,source_reference_record,source_reference_record_unreviewed
CFIHOS-30000343,ISO 15926 part4,2781,real,True,sha256:a69b98012d9e4a46495a3aed48eef8ce75a69d001eaa28b4c38cb0f3c921909d,CORE CFIHOS V2.0 CSV/CFIHOS CORE CFIHOS object equivalent mapping v2.0.csv,437,source_reference_record,source_reference_record_unreviewed
CFIHOS-30000343,POSC CAESAR,RDS5778899,real,True,sha256:a69b98012d9e4a46495a3aed48eef8ce75a69d001eaa28b4c38cb0f3c921909d,CORE CFIHOS V2.0 CSV/CFIHOS CORE CFIHOS object equivalent mapping v2.0.csv,438,source_reference_record,source_reference_record_unreviewed
CFIHOS-30000344,STEPLIB,250165,real,True,sha256:a69b98012d9e4a46495a3aed48eef8ce75a69d001eaa28b4c38cb0f3c921909d,CORE CFIHOS V2.0 CSV/CFIHOS CORE CFIHOS object equivalent mapping v2.0.csv,439,source_reference_record,source_reference_record_unreviewed
CFIHOS-30000344,ISO 15926 part4,2791,real,True,sha256:a69b98012d9e4a46495a3aed48eef8ce75a69d001eaa28b4c38cb0f3c921909d,CORE CFIHOS V2.0 CSV/CFIHOS CORE CFIHOS object equivalent mapping v2.0.csv,440,source_reference_record,source_reference_record_unreviewed
CFIHOS-30000344,POSC CAESAR,RDS873134,real,True,sha256:a69b98012d9e4a46495a3aed48eef8ce75a69d001eaa28b4c38cb0f3c921909d,CORE CFIHOS V2.0 CSV/CFIHOS CORE CFIHOS object equivalent mapping v2.0.csv,441,source_reference_record,source_reference_record_unreviewed
CFIHOS-30000345,STEPLIB,251069,real,True,sha256:a69b98012d9e4a46495a3aed48eef8ce75a69d001eaa28b4c38cb0f3c921909d,CORE CFIHOS V2.0 CSV/CFIHOS CORE CFIHOS object equivalent mapping v2.0.csv,442,source_reference_record,source_reference_record_unreviewed
CFIHOS-30000345,ISO 15926 part4,2817,real,True,sha256:a69b98012d9e4a46495a3aed48eef8ce75a69d001eaa28b4c38cb0f3c921909d,CORE CFIHOS V2.0 CSV/CFIHOS CORE CFIHOS object equivalent mapping v2.0.csv,443,source_reference_record,source_reference_record_unreviewed
CFIHOS-30000345,ISO 14224:2016,FC,real,True,sha256:a69b98012d9e4a46495a3aed48eef8ce75a69d001eaa28b4c38cb0f3c921909d,CORE CFIHOS V2.0 CSV/CFIHOS CORE CFIHOS object equivalent mapping v2.0.csv,444,source_reference_record,source_reference_record_unreviewed
CFIHOS-30000345,POSC CAESAR,RDS17859175,real,True,sha256:a69b98012d9e4a46495a3aed48eef8ce75a69d001eaa28b4c38cb0f3c921909d,CORE CFIHOS V2.0 CSV/CFIHOS CORE CFIHOS object equivalent mapping v2.0.csv,445,source_reference_record,source_reference_record_unreviewed
CFIHOS-30000346,STEPLIB,251065,real,True,sha256:a69b98012d9e4a46495a3aed48eef8ce75a69d001eaa28b4c38cb0f3c921909d,CORE CFIHOS V2.0 CSV/CFIHOS CORE CFIHOS object equivalent mapping v2.0.csv,446,source_reference_record,source_reference_record_unreviewed
CFIHOS-30000346,ISO 15926 part4,2820,real,True,sha256:a69b98012d9e4a46495a3aed48eef8ce75a69d001eaa28b4c38cb0f3c921909d,CORE CFIHOS V2.0 CSV/CFIHOS CORE CFIHOS object equivalent mapping v2.0.csv,447,source_reference_record,source_reference_record_unreviewed
CFIHOS-30000346,POSC CAESAR,RDS952289,real,True,sha256:a69b98012d9e4a46495a3aed48eef8ce75a69d001eaa28b4c38cb0f3c921909d,CORE CFIHOS V2.0 CSV/CFIHOS CORE CFIHOS object equivalent mapping v2.0.csv,448,source_reference_record,source_reference_record_unreviewed
CFIHOS-30000347,STEPLIB,251353,real,True,sha256:a69b98012d9e4a46495a3aed48eef8ce75a69d001eaa28b4c38cb0f3c921909d,CORE CFIHOS V2.0 CSV/CFIHOS CORE CFIHOS object equivalent mapping v2.0.csv,449,source_reference_record,source_reference_record_unreviewed
CFIHOS-30000347,ISO 15926 part4,2860,real,True,sha256:a69b98012d9e4a46495a3aed48eef8ce75a69d001eaa28b4c38cb0f3c921909d,CORE CFIHOS V2.0 CSV/CFIHOS CORE CFIHOS object equivalent mapping v2.0.csv,450,source_reference_record,source_reference_record_unreviewed
CFIHOS-30000347,POSC CAESAR,RDS961694,real,True,sha256:a69b98012d9e4a46495a3aed48eef8ce75a69d001eaa28b4c38cb0f3c921909d,CORE CFIHOS V2.0 CSV/CFIHOS CORE CFIHOS object equivalent mapping v2.0.csv,451,source_reference_record,source_reference_record_unreviewed
CFIHOS-30000348,STEPLIB,251186,real,True,sha256:a69b98012d9e4a46495a3aed48eef8ce75a69d001eaa28b4c38cb0f3c921909d,CORE CFIHOS V2.0 CSV/CFIHOS CORE CFIHOS object equivalent mapping v2.0.csv,452,source_reference_record,source_reference_record_unreviewed
CFIHOS-30000348,ISO 15926 part4,2881,real,True,sha256:a69b98012d9e4a46495a3aed48eef8ce75a69d001eaa28b4c38cb0f3c921909d,CORE CFIHOS V2.0 CSV/CFIHOS CORE CFIHOS object equivalent mapping v2.0.csv,453,source_reference_record,source_reference_record_unreviewed
CFIHOS-30000348,POSC CAESAR,RDS875024,real,True,sha256:a69b98012d9e4a46495a3aed48eef8ce75a69d001eaa28b4c38cb0f3c921909d,CORE CFIHOS V2.0 CSV/CFIHOS CORE CFIHOS object equivalent mapping v2.0.csv,454,source_reference_record,source_reference_record_unreviewed
CFIHOS-30000349,STEPLIB,251013,real,True,sha256:a69b98012d9e4a46495a3aed48eef8ce75a69d001eaa28b4c38cb0f3c921909d,CORE CFIHOS V2.0 CSV/CFIHOS CORE CFIHOS object equivalent mapping v2.0.csv,455,source_reference_record,source_reference_record_unreviewed
CFIHOS-30000349,ISO 15926 part4,2919,real,True,sha256:a69b98012d9e4a46495a3aed48eef8ce75a69d001eaa28b4c38cb0f3c921909d,CORE CFIHOS V2.0 CSV/CFIHOS CORE CFIHOS object equivalent mapping v2.0.csv,456,source_reference_record,source_reference_record_unreviewed
CFIHOS-30000349,POSC CAESAR,RDS14069935,real,True,sha256:a69b98012d9e4a46495a3aed48eef8ce75a69d001eaa28b4c38cb0f3c921909d,CORE CFIHOS V2.0 CSV/CFIHOS CORE CFIHOS object equivalent mapping v2.0.csv,457,source_reference_record,source_reference_record_unreviewed
CFIHOS-30000350,STEPLIB,251532,real,True,sha256:a69b98012d9e4a46495a3aed48eef8ce75a69d001eaa28b4c38cb0f3c921909d,CORE CFIHOS V2.0 CSV/CFIHOS CORE CFIHOS object equivalent mapping v2.0.csv,458,source_reference_record,source_reference_record_unreviewed
CFIHOS-30000350,ISO 15926 part4,2927,real,True,sha256:a69b98012d9e4a46495a3aed48eef8ce75a69d001eaa28b4c38cb0f3c921909d,CORE CFIHOS V2.0 CSV/CFIHOS CORE CFIHOS object equivalent mapping v2.0.csv,459,source_reference_record,source_reference_record_unreviewed
CFIHOS-30000350,POSC CAESAR,RDS987029,real,True,sha256:a69b98012d9e4a46495a3aed48eef8ce75a69d001eaa28b4c38cb0f3c921909d,CORE CFIHOS V2.0 CSV/CFIHOS CORE CFIHOS object equivalent mapping v2.0.csv,460,source_reference_record,source_reference_record_unreviewed
CFIHOS-30000351,STEPLIB,251185,real,True,sha256:a69b98012d9e4a46495a3aed48eef8ce75a69d001eaa28b4c38cb0f3c921909d,CORE CFIHOS V2.0 CSV/CFIHOS CORE CFIHOS object equivalent mapping v2.0.csv,461,source_reference_record,source_reference_record_unreviewed
CFIHOS-30000351,ISO 15926 part4,2992,real,True,sha256:a69b98012d9e4a46495a3aed48eef8ce75a69d001eaa28b4c38cb0f3c921909d,CORE CFIHOS V2.0 CSV/CFIHOS CORE CFIHOS object equivalent mapping v2.0.csv,462,source_reference_record,source_reference_record_unreviewed
CFIHOS-30000351,ISO 14224:2016,ER,real,True,sha256:a69b98012d9e4a46495a3aed48eef8ce75a69d001eaa28b4c38cb0f3c921909d,CORE CFIHOS V2.0 CSV/CFIHOS CORE CFIHOS object equivalent mapping v2.0.csv,463,source_reference_record,source_reference_record_unreviewed
CFIHOS-30000351,POSC CAESAR,RDS955664,real,True,sha256:a69b98012d9e4a46495a3aed48eef8ce75a69d001eaa28b4c38cb0f3c921909d,CORE CFIHOS V2.0 CSV/CFIHOS CORE CFIHOS object equivalent mapping v2.0.csv,464,source_reference_record,source_reference_record_unreviewed
CFIHOS-30000352,STEPLIB,250825,real,True,sha256:a69b98012d9e4a46495a3aed48eef8ce75a69d001eaa28b4c38cb0f3c921909d,CORE CFIHOS V2.0 CSV/CFIHOS CORE CFIHOS object equivalent mapping v2.0.csv,465,source_reference_record,source_reference_record_unreviewed
CFIHOS-30000352,ISO 15926 part4,2997,real,True,sha256:a69b98012d9e4a46495a3aed48eef8ce75a69d001eaa28b4c38cb0f3c921909d,CORE CFIHOS V2.0 CSV/CFIHOS CORE CFIHOS object equivalent mapping v2.0.csv,466,source_reference_record,source_reference_record_unreviewed
CFIHOS-30000352,POSC CAESAR,RDS7210603,real,True,sha256:a69b98012d9e4a46495a3aed48eef8ce75a69d001eaa28b4c38cb0f3c921909d,CORE CFIHOS V2.0 CSV/CFIHOS CORE CFIHOS object equivalent mapping v2.0.csv,467,source_reference_record,source_reference_record_unreviewed
CFIHOS-30000353,STEPLIB,250235,real,True,sha256:a69b98012d9e4a46495a3aed48eef8ce75a69d001eaa28b4c38cb0f3c921909d,CORE CFIHOS V2.0 CSV/CFIHOS CORE CFIHOS object equivalent mapping v2.0.csv,468,source_reference_record,source_reference_record_unreviewed
CFIHOS-30000353,ISO 15926 part4,3000,real,True,sha256:a69b98012d9e4a46495a3aed48eef8ce75a69d001eaa28b4c38cb0f3c921909d,CORE CFIHOS V2.0 CSV/CFIHOS CORE CFIHOS object equivalent mapping v2.0.csv,469,source_reference_record,source_reference_record_unreviewed
CFIHOS-30000353,POSC CAESAR,RDS869219,real,True,sha256:a69b98012d9e4a46495a3aed48eef8ce75a69d001eaa28b4c38cb0f3c921909d,CORE CFIHOS V2.0 CSV/CFIHOS CORE CFIHOS object equivalent mapping v2.0.csv,470,source_reference_record,source_reference_record_unreviewed
CFIHOS-30000354,STEPLIB,251310,real,True,sha256:a69b98012d9e4a46495a3aed48eef8ce75a69d001eaa28b4c38cb0f3c921909d,CORE CFIHOS V2.0 CSV/CFIHOS CORE CFIHOS object equivalent mapping v2.0.csv,471,source_reference_record,source_reference_record_unreviewed
CFIHOS-30000354,ISO 15926 part4,3007,real,True,sha256:a69b98012d9e4a46495a3aed48eef8ce75a69d001eaa28b4c38cb0f3c921909d,CORE CFIHOS V2.0 CSV/CFIHOS CORE CFIHOS object equivalent mapping v2.0.csv,472,source_reference_record,source_reference_record_unreviewed
CFIHOS-30000354,POSC CAESAR,RDS959759,real,True,sha256:a69b98012d9e4a46495a3aed48eef8ce75a69d001eaa28b4c38cb0f3c921909d,CORE CFIHOS V2.0 CSV/CFIHOS CORE CFIHOS object equivalent mapping v2.0.csv,473,source_reference_record,source_reference_record_unreviewed
CFIHOS-30000356,STEPLIB,251531,real,True,sha256:a69b98012d9e4a46495a3aed48eef8ce75a69d001eaa28b4c38cb0f3c921909d,CORE CFIHOS V2.0 CSV/CFIHOS CORE CFIHOS object equivalent mapping v2.0.csv,474,source_reference_record,source_reference_record_unreviewed
CFIHOS-30000356,ISO 15926 part4,3034,real,True,sha256:a69b98012d9e4a46495a3aed48eef8ce75a69d001eaa28b4c38cb0f3c921909d,CORE CFIHOS V2.0 CSV/CFIHOS CORE CFIHOS object equivalent mapping v2.0.csv,475,source_reference_record,source_reference_record_unreviewed
CFIHOS-30000356,POSC CAESAR,RDS986984,real,True,sha256:a69b98012d9e4a46495a3aed48eef8ce75a69d001eaa28b4c38cb0f3c921909d,CORE CFIHOS V2.0 CSV/CFIHOS CORE CFIHOS object equivalent mapping v2.0.csv,476,source_reference_record,source_reference_record_unreviewed
CFIHOS-30000357,STEPLIB,250243,real,True,sha256:a69b98012d9e4a46495a3aed48eef8ce75a69d001eaa28b4c38cb0f3c921909d,CORE CFIHOS V2.0 CSV/CFIHOS CORE CFIHOS object equivalent mapping v2.0.csv,477,source_reference_record,source_reference_record_unreviewed
CFIHOS-30000357,ISO 15926 part4,3035,real,True,sha256:a69b98012d9e4a46495a3aed48eef8ce75a69d001eaa28b4c38cb0f3c921909d,CORE CFIHOS V2.0 CSV/CFIHOS CORE CFIHOS object equivalent mapping v2.0.csv,478,source_reference_record,source_reference_record_unreviewed
CFIHOS-30000357,POSC CAESAR,RDS961244,real,True,sha256:a69b98012d9e4a46495a3aed48eef8ce75a69d001eaa28b4c38cb0f3c921909d,CORE CFIHOS V2.0 CSV/CFIHOS CORE CFIHOS object equivalent mapping v2.0.csv,479,source_reference_record,source_reference_record_unreviewed
CFIHOS-30000360,STEPLIB,250689,real,True,sha256:a69b98012d9e4a46495a3aed48eef8ce75a69d001eaa28b4c38cb0f3c921909d,CORE CFIHOS V2.0 CSV/CFIHOS CORE CFIHOS object equivalent mapping v2.0.csv,480,source_reference_record,source_reference_record_unreviewed
CFIHOS-30000360,ISO 15926 part4,3215,real,True,sha256:a69b98012d9e4a46495a3aed48eef8ce75a69d001eaa28b4c38cb0f3c921909d,CORE CFIHOS V2.0 CSV/CFIHOS CORE CFIHOS object equivalent mapping v2.0.csv,481,source_reference_record,source_reference_record_unreviewed
CFIHOS-30000360,ISO 14224:2016,PC,real,True,sha256:a69b98012d9e4a46495a3aed48eef8ce75a69d001eaa28b4c38cb0f3c921909d,CORE CFIHOS V2.0 CSV/CFIHOS CORE CFIHOS object equivalent mapping v2.0.csv,482,source_reference_record,source_reference_record_unreviewed
CFIHOS-30000360,POSC CAESAR,RDS5757040,real,True,sha256:a69b98012d9e4a46495a3aed48eef8ce75a69d001eaa28b4c38cb0f3c921909d,CORE CFIHOS V2.0 CSV/CFIHOS CORE CFIHOS object equivalent mapping v2.0.csv,483,source_reference_record,source_reference_record_unreviewed
CFIHOS-30000361,STEPLIB,250591,real,True,sha256:a69b98012d9e4a46495a3aed48eef8ce75a69d001eaa28b4c38cb0f3c921909d,CORE CFIHOS V2.0 CSV/CFIHOS CORE CFIHOS object equivalent mapping v2.0.csv,484,source_reference_record,source_reference_record_unreviewed
CFIHOS-30000361,ISO 15926 part4,3220,real,True,sha256:a69b98012d9e4a46495a3aed48eef8ce75a69d001eaa28b4c38cb0f3c921909d,CORE CFIHOS V2.0 CSV/CFIHOS CORE CFIHOS object equivalent mapping v2.0.csv,485,source_reference_record,source_reference_record_unreviewed
CFIHOS-30000361,POSC CAESAR,RDS860129,real,True,sha256:a69b98012d9e4a46495a3aed48eef8ce75a69d001eaa28b4c38cb0f3c921909d,CORE CFIHOS V2.0 CSV/CFIHOS CORE CFIHOS object equivalent mapping v2.0.csv,486,source_reference_record,source_reference_record_unreviewed
CFIHOS-30000362,STEPLIB,250334,real,True,sha256:a69b98012d9e4a46495a3aed48eef8ce75a69d001eaa28b4c38cb0f3c921909d,CORE CFIHOS V2.0 CSV/CFIHOS CORE CFIHOS object equivalent mapping v2.0.csv,487,source_reference_record,source_reference_record_unreviewed
CFIHOS-30000362,ISO 15926 part4,3221,real,True,sha256:a69b98012d9e4a46495a3aed48eef8ce75a69d001eaa28b4c38cb0f3c921909d,CORE CFIHOS V2.0 CSV/CFIHOS CORE CFIHOS object equivalent mapping v2.0.csv,488,source_reference_record,source_reference_record_unreviewed
CFIHOS-30000362,ISO 14224:2016,PT,real,True,sha256:a69b98012d9e4a46495a3aed48eef8ce75a69d001eaa28b4c38cb0f3c921909d,CORE CFIHOS V2.0 CSV/CFIHOS CORE CFIHOS object equivalent mapping v2.0.csv,489,source_reference_record,source_reference_record_unreviewed
CFIHOS-30000362,POSC CAESAR,RDS643994,real,True,sha256:a69b98012d9e4a46495a3aed48eef8ce75a69d001eaa28b4c38cb0f3c921909d,CORE CFIHOS V2.0 CSV/CFIHOS CORE CFIHOS object equivalent mapping v2.0.csv,490,source_reference_record,source_reference_record_unreviewed
CFIHOS-30000363,STEPLIB,251064,real,True,sha256:a69b98012d9e4a46495a3aed48eef8ce75a69d001eaa28b4c38cb0f3c921909d,CORE CFIHOS V2.0 CSV/CFIHOS CORE CFIHOS object equivalent mapping v2.0.csv,491,source_reference_record,source_reference_record_unreviewed
CFIHOS-30000363,ISO 15926 part4,3257,real,True,sha256:a69b98012d9e4a46495a3aed48eef8ce75a69d001eaa28b4c38cb0f3c921909d,CORE CFIHOS V2.0 CSV/CFIHOS CORE CFIHOS object equivalent mapping v2.0.csv,492,source_reference_record,source_reference_record_unreviewed
CFIHOS-30000363,POSC CAESAR,RDS478034,real,True,sha256:a69b98012d9e4a46495a3aed48eef8ce75a69d001eaa28b4c38cb0f3c921909d,CORE CFIHOS V2.0 CSV/CFIHOS CORE CFIHOS object equivalent mapping v2.0.csv,493,source_reference_record,source_reference_record_unreviewed
CFIHOS-30000364,ISO 15926 part4,3264,real,True,sha256:a69b98012d9e4a46495a3aed48eef8ce75a69d001eaa28b4c38cb0f3c921909d,CORE CFIHOS V2.0 CSV/CFIHOS CORE CFIHOS object equivalent mapping v2.0.csv,494,source_reference_record,source_reference_record_unreviewed
CFIHOS-30000364,STEPLIB,70359,real,True,sha256:a69b98012d9e4a46495a3aed48eef8ce75a69d001eaa28b4c38cb0f3c921909d,CORE CFIHOS V2.0 CSV/CFIHOS CORE CFIHOS object equivalent mapping v2.0.csv,495,source_reference_record,source_reference_record_unreviewed
CFIHOS-30000364,POSC CAESAR,RDS876194,real,True,sha256:a69b98012d9e4a46495a3aed48eef8ce75a69d001eaa28b4c38cb0f3c921909d,CORE CFIHOS V2.0 CSV/CFIHOS CORE CFIHOS object equivalent mapping v2.0.csv,496,source_reference_record,source_reference_record_unreviewed
CFIHOS-30000365,ISO 15926 part4,3366,real,True,sha256:a69b98012d9e4a46495a3aed48eef8ce75a69d001eaa28b4c38cb0f3c921909d,CORE CFIHOS V2.0 CSV/CFIHOS CORE CFIHOS object equivalent mapping v2.0.csv,497,source_reference_record,source_reference_record_unreviewed
CFIHOS-30000365,STEPLIB,71166,real,True,sha256:a69b98012d9e4a46495a3aed48eef8ce75a69d001eaa28b4c38cb0f3c921909d,CORE CFIHOS V2.0 CSV/CFIHOS CORE CFIHOS object equivalent mapping v2.0.csv,498,source_reference_record,source_reference_record_unreviewed
CFIHOS-30000365,POSC CAESAR,RDS5757130,real,True,sha256:a69b98012d9e4a46495a3aed48eef8ce75a69d001eaa28b4c38cb0f3c921909d,CORE CFIHOS V2.0 CSV/CFIHOS CORE CFIHOS object equivalent mapping v2.0.csv,499,source_reference_record,source_reference_record_unreviewed
CFIHOS-30000368,STEPLIB,251489,real,True,sha256:a69b98012d9e4a46495a3aed48eef8ce75a69d001eaa28b4c38cb0f3c921909d,CORE CFIHOS V2.0 CSV/CFIHOS CORE CFIHOS object equivalent mapping v2.0.csv,500,source_reference_record,source_reference_record_unreviewed
CFIHOS-30000368,ISO 15926 part4,3403,real,True,sha256:a69b98012d9e4a46495a3aed48eef8ce75a69d001eaa28b4c38cb0f3c921909d,CORE CFIHOS V2.0 CSV/CFIHOS CORE CFIHOS object equivalent mapping v2.0.csv,501,source_reference_record,source_reference_record_unreviewed
CFIHOS-30000368,POSC CAESAR,RDS965654,real,True,sha256:a69b98012d9e4a46495a3aed48eef8ce75a69d001eaa28b4c38cb0f3c921909d,CORE CFIHOS V2.0 CSV/CFIHOS CORE CFIHOS object equivalent mapping v2.0.csv,502,source_reference_record,source_reference_record_unreviewed
CFIHOS-30000369,STEPLIB,250417,real,True,sha256:a69b98012d9e4a46495a3aed48eef8ce75a69d001eaa28b4c38cb0f3c921909d,CORE CFIHOS V2.0 CSV/CFIHOS CORE CFIHOS object equivalent mapping v2.0.csv,503,source_reference_record,source_reference_record_unreviewed
CFIHOS-30000369,ISO 15926 part4,3466,real,True,sha256:a69b98012d9e4a46495a3aed48eef8ce75a69d001eaa28b4c38cb0f3c921909d,CORE CFIHOS V2.0 CSV/CFIHOS CORE CFIHOS object equivalent mapping v2.0.csv,504,source_reference_record,source_reference_record_unreviewed
CFIHOS-30000369,POSC CAESAR,RDS464129,real,True,sha256:a69b98012d9e4a46495a3aed48eef8ce75a69d001eaa28b4c38cb0f3c921909d,CORE CFIHOS V2.0 CSV/CFIHOS CORE CFIHOS object equivalent mapping v2.0.csv,505,source_reference_record,source_reference_record_unreviewed
CFIHOS-30000369,ISO 14224:2016,SG,real,True,sha256:a69b98012d9e4a46495a3aed48eef8ce75a69d001eaa28b4c38cb0f3c921909d,CORE CFIHOS V2.0 CSV/CFIHOS CORE CFIHOS object equivalent mapping v2.0.csv,506,source_reference_record,source_reference_record_unreviewed
CFIHOS-30000370,STEPLIB,251089,real,True,sha256:a69b98012d9e4a46495a3aed48eef8ce75a69d001eaa28b4c38cb0f3c921909d,CORE CFIHOS V2.0 CSV/CFIHOS CORE CFIHOS object equivalent mapping v2.0.csv,507,source_reference_record,source_reference_record_unreviewed
CFIHOS-30000370,ISO 15926 part4,3470,real,True,sha256:a69b98012d9e4a46495a3aed48eef8ce75a69d001eaa28b4c38cb0f3c921909d,CORE CFIHOS V2.0 CSV/CFIHOS CORE CFIHOS object equivalent mapping v2.0.csv,508,source_reference_record,source_reference_record_unreviewed
CFIHOS-30000370,POSC CAESAR,RDS464084,real,True,sha256:a69b98012d9e4a46495a3aed48eef8ce75a69d001eaa28b4c38cb0f3c921909d,CORE CFIHOS V2.0 CSV/CFIHOS CORE CFIHOS object equivalent mapping v2.0.csv,509,source_reference_record,source_reference_record_unreviewed
CFIHOS-30000370,ISO 14224:2016,SG,real,True,sha256:a69b98012d9e4a46495a3aed48eef8ce75a69d001eaa28b4c38cb0f3c921909d,CORE CFIHOS V2.0 CSV/CFIHOS CORE CFIHOS object equivalent mapping v2.0.csv,510,source_reference_record,source_reference_record_unreviewed
CFIHOS-30000371,ISO 15926 part4,3488,real,True,sha256:a69b98012d9e4a46495a3aed48eef8ce75a69d001eaa28b4c38cb0f3c921909d,CORE CFIHOS V2.0 CSV/CFIHOS CORE CFIHOS object equivalent mapping v2.0.csv,511,source_reference_record,source_reference_record_unreviewed
CFIHOS-30000371,POSC CAESAR,RDS5779644,real,True,sha256:a69b98012d9e4a46495a3aed48eef8ce75a69d001eaa28b4c38cb0f3c921909d,CORE CFIHOS V2.0 CSV/CFIHOS CORE CFIHOS object equivalent mapping v2.0.csv,512,source_reference_record,source_reference_record_unreviewed
CFIHOS-30000371,ISO 14224:2016,TC,real,True,sha256:a69b98012d9e4a46495a3aed48eef8ce75a69d001eaa28b4c38cb0f3c921909d,CORE CFIHOS V2.0 CSV/CFIHOS CORE CFIHOS object equivalent mapping v2.0.csv,513,source_reference_record,source_reference_record_unreviewed
CFIHOS-30000372,ISO 15926 part4,3491,real,True,sha256:a69b98012d9e4a46495a3aed48eef8ce75a69d001eaa28b4c38cb0f3c921909d,CORE CFIHOS V2.0 CSV/CFIHOS CORE CFIHOS object equivalent mapping v2.0.csv,514,source_reference_record,source_reference_record_unreviewed
CFIHOS-30000372,STEPLIB,70939,real,True,sha256:a69b98012d9e4a46495a3aed48eef8ce75a69d001eaa28b4c38cb0f3c921909d,CORE CFIHOS V2.0 CSV/CFIHOS CORE CFIHOS object equivalent mapping v2.0.csv,515,source_reference_record,source_reference_record_unreviewed
CFIHOS-30000373,ISO 15926 part4,3517,real,True,sha256:a69b98012d9e4a46495a3aed48eef8ce75a69d001eaa28b4c38cb0f3c921909d,CORE CFIHOS V2.0 CSV/CFIHOS CORE CFIHOS object equivalent mapping v2.0.csv,516,source_reference_record,source_reference_record_unreviewed
CFIHOS-30000373,POSC CAESAR,RDS964664,real,True,sha256:a69b98012d9e4a46495a3aed48eef8ce75a69d001eaa28b4c38cb0f3c921909d,CORE CFIHOS V2.0 CSV/CFIHOS CORE CFIHOS object equivalent mapping v2.0.csv,517,source_reference_record,source_reference_record_unreviewed
CFIHOS-30000374,STEPLIB,250714,real,True,sha256:a69b98012d9e4a46495a3aed48eef8ce75a69d001eaa28b4c38cb0f3c921909d,CORE CFIHOS V2.0 CSV/CFIHOS CORE CFIHOS object equivalent mapping v2.0.csv,518,source_reference_record,source_reference_record_unreviewed
CFIHOS-30000374,ISO 15926 part4,3528,real,True,sha256:a69b98012d9e4a46495a3aed48eef8ce75a69d001eaa28b4c38cb0f3c921909d,CORE CFIHOS V2.0 CSV/CFIHOS CORE CFIHOS object equivalent mapping v2.0.csv,519,source_reference_record,source_reference_record_unreviewed
CFIHOS-30000374,POSC CAESAR,RDS876014,real,True,sha256:a69b98012d9e4a46495a3aed48eef8ce75a69d001eaa28b4c38cb0f3c921909d,CORE CFIHOS V2.0 CSV/CFIHOS CORE CFIHOS object equivalent mapping v2.0.csv,520,source_reference_record,source_reference_record_unreviewed
CFIHOS-30000375,ISO 15926 part4,3556,real,True,sha256:a69b98012d9e4a46495a3aed48eef8ce75a69d001eaa28b4c38cb0f3c921909d,CORE CFIHOS V2.0 CSV/CFIHOS CORE CFIHOS object equivalent mapping v2.0.csv,521,source_reference_record,source_reference_record_unreviewed
CFIHOS-30000375,STEPLIB,70702,real,True,sha256:a69b98012d9e4a46495a3aed48eef8ce75a69d001eaa28b4c38cb0f3c921909d,CORE CFIHOS V2.0 CSV/CFIHOS CORE CFIHOS object equivalent mapping v2.0.csv,522,source_reference_record,source_reference_record_unreviewed
CFIHOS-30000375,POSC CAESAR,RDS6452934,real,True,sha256:a69b98012d9e4a46495a3aed48eef8ce75a69d001eaa28b4c38cb0f3c921909d,CORE CFIHOS V2.0 CSV/CFIHOS CORE CFIHOS object equivalent mapping v2.0.csv,523,source_reference_record,source_reference_record_unreviewed
CFIHOS-30000376,STEPLIB,252311,real,True,sha256:a69b98012d9e4a46495a3aed48eef8ce75a69d001eaa28b4c38cb0f3c921909d,CORE CFIHOS V2.0 CSV/CFIHOS CORE CFIHOS object equivalent mapping v2.0.csv,524,source_reference_record,source_reference_record_unreviewed
CFIHOS-30000376,ISO 15926 part4,3589,real,True,sha256:a69b98012d9e4a46495a3aed48eef8ce75a69d001eaa28b4c38cb0f3c921909d,CORE CFIHOS V2.0 CSV/CFIHOS CORE CFIHOS object equivalent mapping v2.0.csv,525,source_reference_record,source_reference_record_unreviewed
CFIHOS-30000376,POSC CAESAR,RDS874754,real,True,sha256:a69b98012d9e4a46495a3aed48eef8ce75a69d001eaa28b4c38cb0f3c921909d,CORE CFIHOS V2.0 CSV/CFIHOS CORE CFIHOS object equivalent mapping v2.0.csv,526,source_reference_record,source_reference_record_unreviewed
CFIHOS-30000376,ISO 14224:2016,UP,real,True,sha256:a69b98012d9e4a46495a3aed48eef8ce75a69d001eaa28b4c38cb0f3c921909d,CORE CFIHOS V2.0 CSV/CFIHOS CORE CFIHOS object equivalent mapping v2.0.csv,527,source_reference_record,source_reference_record_unreviewed
CFIHOS-30000377,STEPLIB,250481,real,True,sha256:a69b98012d9e4a46495a3aed48eef8ce75a69d001eaa28b4c38cb0f3c921909d,CORE CFIHOS V2.0 CSV/CFIHOS CORE CFIHOS object equivalent mapping v2.0.csv,528,source_reference_record,source_reference_record_unreviewed
CFIHOS-30000377,ISO 15926 part4,3599,real,True,sha256:a69b98012d9e4a46495a3aed48eef8ce75a69d001eaa28b4c38cb0f3c921909d,CORE CFIHOS V2.0 CSV/CFIHOS CORE CFIHOS object equivalent mapping v2.0.csv,529,source_reference_record,source_reference_record_unreviewed
CFIHOS-30000377,POSC CAESAR,RDS860444,real,True,sha256:a69b98012d9e4a46495a3aed48eef8ce75a69d001eaa28b4c38cb0f3c921909d,CORE CFIHOS V2.0 CSV/CFIHOS CORE CFIHOS object equivalent mapping v2.0.csv,530,source_reference_record,source_reference_record_unreviewed
CFIHOS-30000378,ISO 15926 part4,3607,real,True,sha256:a69b98012d9e4a46495a3aed48eef8ce75a69d001eaa28b4c38cb0f3c921909d,CORE CFIHOS V2.0 CSV/CFIHOS CORE CFIHOS object equivalent mapping v2.0.csv,531,source_reference_record,source_reference_record_unreviewed
CFIHOS-30000378,STEPLIB,70988,real,True,sha256:a69b98012d9e4a46495a3aed48eef8ce75a69d001eaa28b4c38cb0f3c921909d,CORE CFIHOS V2.0 CSV/CFIHOS CORE CFIHOS object equivalent mapping v2.0.csv,532,source_reference_record,source_reference_record_unreviewed
CFIHOS-30000378,POSC CAESAR,RDS6501999,real,True,sha256:a69b98012d9e4a46495a3aed48eef8ce75a69d001eaa28b4c38cb0f3c921909d,CORE CFIHOS V2.0 CSV/CFIHOS CORE CFIHOS object equivalent mapping v2.0.csv,533,source_reference_record,source_reference_record_unreviewed
CFIHOS-30000380,ISO 15926 part4,3629,real,True,sha256:a69b98012d9e4a46495a3aed48eef8ce75a69d001eaa28b4c38cb0f3c921909d,CORE CFIHOS V2.0 CSV/CFIHOS CORE CFIHOS object equivalent mapping v2.0.csv,534,source_reference_record,source_reference_record_unreviewed
CFIHOS-30000380,STEPLIB,70989,real,True,sha256:a69b98012d9e4a46495a3aed48eef8ce75a69d001eaa28b4c38cb0f3c921909d,CORE CFIHOS V2.0 CSV/CFIHOS CORE CFIHOS object equivalent mapping v2.0.csv,535,source_reference_record,source_reference_record_unreviewed
CFIHOS-30000380,POSC CAESAR,RDS6502104,real,True,sha256:a69b98012d9e4a46495a3aed48eef8ce75a69d001eaa28b4c38cb0f3c921909d,CORE CFIHOS V2.0 CSV/CFIHOS CORE CFIHOS object equivalent mapping v2.0.csv,536,source_reference_record,source_reference_record_unreviewed
CFIHOS-30000381,STEPLIB,250634,real,True,sha256:a69b98012d9e4a46495a3aed48eef8ce75a69d001eaa28b4c38cb0f3c921909d,CORE CFIHOS V2.0 CSV/CFIHOS CORE CFIHOS object equivalent mapping v2.0.csv,537,source_reference_record,source_reference_record_unreviewed
CFIHOS-30000381,ISO 15926 part4,3630,real,True,sha256:a69b98012d9e4a46495a3aed48eef8ce75a69d001eaa28b4c38cb0f3c921909d,CORE CFIHOS V2.0 CSV/CFIHOS CORE CFIHOS object equivalent mapping v2.0.csv,538,source_reference_record,source_reference_record_unreviewed
CFIHOS-30000381,POSC CAESAR,RDS873674,real,True,sha256:a69b98012d9e4a46495a3aed48eef8ce75a69d001eaa28b4c38cb0f3c921909d,CORE CFIHOS V2.0 CSV/CFIHOS CORE CFIHOS object equivalent mapping v2.0.csv,539,source_reference_record,source_reference_record_unreviewed
CFIHOS-30000382,STEPLIB,100355,real,True,sha256:a69b98012d9e4a46495a3aed48eef8ce75a69d001eaa28b4c38cb0f3c921909d,CORE CFIHOS V2.0 CSV/CFIHOS CORE CFIHOS object equivalent mapping v2.0.csv,540,source_reference_record,source_reference_record_unreviewed
CFIHOS-30000382,ISO 15926 part4,3688,real,True,sha256:a69b98012d9e4a46495a3aed48eef8ce75a69d001eaa28b4c38cb0f3c921909d,CORE CFIHOS V2.0 CSV/CFIHOS CORE CFIHOS object equivalent mapping v2.0.csv,541,source_reference_record,source_reference_record_unreviewed
CFIHOS-30000382,POSC CAESAR,RDS780950441,real,True,sha256:a69b98012d9e4a46495a3aed48eef8ce75a69d001eaa28b4c38cb0f3c921909d,CORE CFIHOS V2.0 CSV/CFIHOS CORE CFIHOS object equivalent mapping v2.0.csv,542,source_reference_record,source_reference_record_unreviewed
CFIHOS-30000383,STEPLIB,100006,real,True,sha256:a69b98012d9e4a46495a3aed48eef8ce75a69d001eaa28b4c38cb0f3c921909d,CORE CFIHOS V2.0 CSV/CFIHOS CORE CFIHOS object equivalent mapping v2.0.csv,543,source_reference_record,source_reference_record_unreviewed
CFIHOS-30000383,ISO 15926 part4,3689,real,True,sha256:a69b98012d9e4a46495a3aed48eef8ce75a69d001eaa28b4c38cb0f3c921909d,CORE CFIHOS V2.0 CSV/CFIHOS CORE CFIHOS object equivalent mapping v2.0.csv,544,source_reference_record,source_reference_record_unreviewed
CFIHOS-30000383,ISO 14224:2016,HEAC,real,True,sha256:a69b98012d9e4a46495a3aed48eef8ce75a69d001eaa28b4c38cb0f3c921909d,CORE CFIHOS V2.0 CSV/CFIHOS CORE CFIHOS object equivalent mapping v2.0.csv,545,source_reference_record,source_reference_record_unreviewed
CFIHOS-30000383,POSC CAESAR,RDS14072296,real,True,sha256:a69b98012d9e4a46495a3aed48eef8ce75a69d001eaa28b4c38cb0f3c921909d,CORE CFIHOS V2.0 CSV/CFIHOS CORE CFIHOS object equivalent mapping v2.0.csv,546,source_reference_record,source_reference_record_unreviewed
CFIHOS-30000384,STEPLIB,100012,real,True,sha256:a69b98012d9e4a46495a3aed48eef8ce75a69d001eaa28b4c38cb0f3c921909d,CORE CFIHOS V2.0 CSV/CFIHOS CORE CFIHOS object equivalent mapping v2.0.csv,547,source_reference_record,source_reference_record_unreviewed
CFIHOS-30000384,ISO 15926 part4,3703,real,True,sha256:a69b98012d9e4a46495a3aed48eef8ce75a69d001eaa28b4c38cb0f3c921909d,CORE CFIHOS V2.0 CSV/CFIHOS CORE CFIHOS object equivalent mapping v2.0.csv,548,source_reference_record,source_reference_record_unreviewed
CFIHOS-30000384,ISO 14224:2016,HBNF,real,True,sha256:a69b98012d9e4a46495a3aed48eef8ce75a69d001eaa28b4c38cb0f3c921909d,CORE CFIHOS V2.0 CSV/CFIHOS CORE CFIHOS object equivalent mapping v2.0.csv,549,source_reference_record,source_reference_record_unreviewed
CFIHOS-30000384,POSC CAESAR,RDS14058190,real,True,sha256:a69b98012d9e4a46495a3aed48eef8ce75a69d001eaa28b4c38cb0f3c921909d,CORE CFIHOS V2.0 CSV/CFIHOS CORE CFIHOS object equivalent mapping v2.0.csv,550,source_reference_record,source_reference_record_unreviewed
CFIHOS-30000385,ISO 15926 part4,3715,real,True,sha256:a69b98012d9e4a46495a3aed48eef8ce75a69d001eaa28b4c38cb0f3c921909d,CORE CFIHOS V2.0 CSV/CFIHOS CORE CFIHOS object equivalent mapping v2.0.csv,551,source_reference_record,source_reference_record_unreviewed
CFIHOS-30000385,POSC CAESAR,RDS297314,real,True,sha256:a69b98012d9e4a46495a3aed48eef8ce75a69d001eaa28b4c38cb0f3c921909d,CORE CFIHOS V2.0 CSV/CFIHOS CORE CFIHOS object equivalent mapping v2.0.csv,552,source_reference_record,source_reference_record_unreviewed
CFIHOS-30000386,STEPLIB,100028,real,True,sha256:a69b98012d9e4a46495a3aed48eef8ce75a69d001eaa28b4c38cb0f3c921909d,CORE CFIHOS V2.0 CSV/CFIHOS CORE CFIHOS object equivalent mapping v2.0.csv,553,source_reference_record,source_reference_record_unreviewed
CFIHOS-30000386,ISO 15926 part4,3716,real,True,sha256:a69b98012d9e4a46495a3aed48eef8ce75a69d001eaa28b4c38cb0f3c921909d,CORE CFIHOS V2.0 CSV/CFIHOS CORE CFIHOS object equivalent mapping v2.0.csv,554,source_reference_record,source_reference_record_unreviewed
CFIHOS-30000386,POSC CAESAR,RDS278774,real,True,sha256:a69b98012d9e4a46495a3aed48eef8ce75a69d001eaa28b4c38cb0f3c921909d,CORE CFIHOS V2.0 CSV/CFIHOS CORE CFIHOS object equivalent mapping v2.0.csv,555,source_reference_record,source_reference_record_unreviewed
CFIHOS-30000387,STEPLIB,100029,real,True,sha256:a69b98012d9e4a46495a3aed48eef8ce75a69d001eaa28b4c38cb0f3c921909d,CORE CFIHOS V2.0 CSV/CFIHOS CORE CFIHOS object equivalent mapping v2.0.csv,556,source_reference_record,source_reference_record_unreviewed
CFIHOS-30000387,ISO 15926 part4,3717,real,True,sha256:a69b98012d9e4a46495a3aed48eef8ce75a69d001eaa28b4c38cb0f3c921909d,CORE CFIHOS V2.0 CSV/CFIHOS CORE CFIHOS object equivalent mapping v2.0.csv,557,source_reference_record,source_reference_record_unreviewed
CFIHOS-30000387,POSC CAESAR,RDS14072341,real,True,sha256:a69b98012d9e4a46495a3aed48eef8ce75a69d001eaa28b4c38cb0f3c921909d,CORE CFIHOS V2.0 CSV/CFIHOS CORE CFIHOS object equivalent mapping v2.0.csv,558,source_reference_record,source_reference_record_unreviewed
CFIHOS-30000388,STEPLIB,100040,real,True,sha256:a69b98012d9e4a46495a3aed48eef8ce75a69d001eaa28b4c38cb0f3c921909d,CORE CFIHOS V2.0 CSV/CFIHOS CORE CFIHOS object equivalent mapping v2.0.csv,559,source_reference_record,source_reference_record_unreviewed
CFIHOS-30000388,ISO 15926 part4,3739,real,True,sha256:a69b98012d9e4a46495a3aed48eef8ce75a69d001eaa28b4c38cb0f3c921909d,CORE CFIHOS V2.0 CSV/CFIHOS CORE CFIHOS object equivalent mapping v2.0.csv,560,source_reference_record,source_reference_record_unreviewed
CFIHOS-30000388,POSC CAESAR,RDS1066939451,real,True,sha256:a69b98012d9e4a46495a3aed48eef8ce75a69d001eaa28b4c38cb0f3c921909d,CORE CFIHOS V2.0 CSV/CFIHOS CORE CFIHOS object equivalent mapping v2.0.csv,561,source_reference_record,source_reference_record_unreviewed
CFIHOS-30000389,ISO 15926 part4,3757,real,True,sha256:a69b98012d9e4a46495a3aed48eef8ce75a69d001eaa28b4c38cb0f3c921909d,CORE CFIHOS V2.0 CSV/CFIHOS CORE CFIHOS object equivalent mapping v2.0.csv,562,source_reference_record,source_reference_record_unreviewed
CFIHOS-30000389,STEPLIB,520970,real,True,sha256:a69b98012d9e4a46495a3aed48eef8ce75a69d001eaa28b4c38cb0f3c921909d,CORE CFIHOS V2.0 CSV/CFIHOS CORE CFIHOS object equivalent mapping v2.0.csv,563,source_reference_record,source_reference_record_unreviewed
CFIHOS-30000389,ISO 14224:2016,FI,real,True,sha256:a69b98012d9e4a46495a3aed48eef8ce75a69d001eaa28b4c38cb0f3c921909d,CORE CFIHOS V2.0 CSV/CFIHOS CORE CFIHOS object equivalent mapping v2.0.csv,564,source_reference_record,source_reference_record_unreviewed
CFIHOS-30000389,POSC CAESAR,RDS446129,real,True,sha256:a69b98012d9e4a46495a3aed48eef8ce75a69d001eaa28b4c38cb0f3c921909d,CORE CFIHOS V2.0 CSV/CFIHOS CORE CFIHOS object equivalent mapping v2.0.csv,565,source_reference_record,source_reference_record_unreviewed
CFIHOS-30000390,STEPLIB,100081,real,True,sha256:a69b98012d9e4a46495a3aed48eef8ce75a69d001eaa28b4c38cb0f3c921909d,CORE CFIHOS V2.0 CSV/CFIHOS CORE CFIHOS object equivalent mapping v2.0.csv,566,source_reference_record,source_reference_record_unreviewed
CFIHOS-30000390,ISO 15926 part4,3789,real,True,sha256:a69b98012d9e4a46495a3aed48eef8ce75a69d001eaa28b4c38cb0f3c921909d,CORE CFIHOS V2.0 CSV/CFIHOS CORE CFIHOS object equivalent mapping v2.0.csv,567,source_reference_record,source_reference_record_unreviewed
CFIHOS-30000390,ISO 14224:2016,HE,real,True,sha256:a69b98012d9e4a46495a3aed48eef8ce75a69d001eaa28b4c38cb0f3c921909d,CORE CFIHOS V2.0 CSV/CFIHOS CORE CFIHOS object equivalent mapping v2.0.csv,568,source_reference_record,source_reference_record_unreviewed
CFIHOS-30000390,POSC CAESAR,RDS304199,real,True,sha256:a69b98012d9e4a46495a3aed48eef8ce75a69d001eaa28b4c38cb0f3c921909d,CORE CFIHOS V2.0 CSV/CFIHOS CORE CFIHOS object equivalent mapping v2.0.csv,569,source_reference_record,source_reference_record_unreviewed
CFIHOS-30000391,STEPLIB,100268,real,True,sha256:a69b98012d9e4a46495a3aed48eef8ce75a69d001eaa28b4c38cb0f3c921909d,CORE CFIHOS V2.0 CSV/CFIHOS CORE CFIHOS object equivalent mapping v2.0.csv,570,source_reference_record,source_reference_record_unreviewed
CFIHOS-30000391,ISO 15926 part4,3800,real,True,sha256:a69b98012d9e4a46495a3aed48eef8ce75a69d001eaa28b4c38cb0f3c921909d,CORE CFIHOS V2.0 CSV/CFIHOS CORE CFIHOS object equivalent mapping v2.0.csv,571,source_reference_record,source_reference_record_unreviewed
CFIHOS-30000391,POSC CAESAR,RDS11016395,real,True,sha256:a69b98012d9e4a46495a3aed48eef8ce75a69d001eaa28b4c38cb0f3c921909d,CORE CFIHOS V2.0 CSV/CFIHOS CORE CFIHOS object equivalent mapping v2.0.csv,572,source_reference_record,source_reference_record_unreviewed
CFIHOS-30000395,ISO 15926 part4,4215,real,True,sha256:a69b98012d9e4a46495a3aed48eef8ce75a69d001eaa28b4c38cb0f3c921909d,CORE CFIHOS V2.0 CSV/CFIHOS CORE CFIHOS object equivalent mapping v2.0.csv,573,source_reference_record,source_reference_record_unreviewed
CFIHOS-30000395,POSC CAESAR,RDS819044,real,True,sha256:a69b98012d9e4a46495a3aed48eef8ce75a69d001eaa28b4c38cb0f3c921909d,CORE CFIHOS V2.0 CSV/CFIHOS CORE CFIHOS object equivalent mapping v2.0.csv,574,source_reference_record,source_reference_record_unreviewed
CFIHOS-30000397,ISO 15926 part4,4240,real,True,sha256:a69b98012d9e4a46495a3aed48eef8ce75a69d001eaa28b4c38cb0f3c921909d,CORE CFIHOS V2.0 CSV/CFIHOS CORE CFIHOS object equivalent mapping v2.0.csv,575,source_reference_record,source_reference_record_unreviewed
CFIHOS-30000397,STEPLIB,70472,real,True,sha256:a69b98012d9e4a46495a3aed48eef8ce75a69d001eaa28b4c38cb0f3c921909d,CORE CFIHOS V2.0 CSV/CFIHOS CORE CFIHOS object equivalent mapping v2.0.csv,576,source_reference_record,source_reference_record_unreviewed
CFIHOS-30000397,POSC CAESAR,RDS5788403,real,True,sha256:a69b98012d9e4a46495a3aed48eef8ce75a69d001eaa28b4c38cb0f3c921909d,CORE CFIHOS V2.0 CSV/CFIHOS CORE CFIHOS object equivalent mapping v2.0.csv,577,source_reference_record,source_reference_record_unreviewed
CFIHOS-30000398,ISO 15926 part4,4246,real,True,sha256:a69b98012d9e4a46495a3aed48eef8ce75a69d001eaa28b4c38cb0f3c921909d,CORE CFIHOS V2.0 CSV/CFIHOS CORE CFIHOS object equivalent mapping v2.0.csv,578,source_reference_record,source_reference_record_unreviewed
CFIHOS-30000398,STEPLIB,70029,real,True,sha256:a69b98012d9e4a46495a3aed48eef8ce75a69d001eaa28b4c38cb0f3c921909d,CORE CFIHOS V2.0 CSV/CFIHOS CORE CFIHOS object equivalent mapping v2.0.csv,579,source_reference_record,source_reference_record_unreviewed
CFIHOS-30000398,POSC CAESAR,RDS6500874,real,True,sha256:a69b98012d9e4a46495a3aed48eef8ce75a69d001eaa28b4c38cb0f3c921909d,CORE CFIHOS V2.0 CSV/CFIHOS CORE CFIHOS object equivalent mapping v2.0.csv,580,source_reference_record,source_reference_record_unreviewed
CFIHOS-30000399,ISO 15926 part4,4248,real,True,sha256:a69b98012d9e4a46495a3aed48eef8ce75a69d001eaa28b4c38cb0f3c921909d,CORE CFIHOS V2.0 CSV/CFIHOS CORE CFIHOS object equivalent mapping v2.0.csv,581,source_reference_record,source_reference_record_unreviewed
CFIHOS-30000399,STEPLIB,70031,real,True,sha256:a69b98012d9e4a46495a3aed48eef8ce75a69d001eaa28b4c38cb0f3c921909d,CORE CFIHOS V2.0 CSV/CFIHOS CORE CFIHOS object equivalent mapping v2.0.csv,582,source_reference_record,source_reference_record_unreviewed
CFIHOS-30000399,POSC CAESAR,RDS5764260,real,True,sha256:a69b98012d9e4a46495a3aed48eef8ce75a69d001eaa28b4c38cb0f3c921909d,CORE CFIHOS V2.0 CSV/CFIHOS CORE CFIHOS object equivalent mapping v2.0.csv,583,source_reference_record,source_reference_record_unreviewed
CFIHOS-30000400,ISO 15926 part4,4262,real,True,sha256:a69b98012d9e4a46495a3aed48eef8ce75a69d001eaa28b4c38cb0f3c921909d,CORE CFIHOS V2.0 CSV/CFIHOS CORE CFIHOS object equivalent mapping v2.0.csv,584,source_reference_record,source_reference_record_unreviewed
CFIHOS-30000400,STEPLIB,71031,real,True,sha256:a69b98012d9e4a46495a3aed48eef8ce75a69d001eaa28b4c38cb0f3c921909d,CORE CFIHOS V2.0 CSV/CFIHOS CORE CFIHOS object equivalent mapping v2.0.csv,585,source_reference_record,source_reference_record_unreviewed
CFIHOS-30000400,POSC CAESAR,RDS6500394,real,True,sha256:a69b98012d9e4a46495a3aed48eef8ce75a69d001eaa28b4c38cb0f3c921909d,CORE CFIHOS V2.0 CSV/CFIHOS CORE CFIHOS object equivalent mapping v2.0.csv,586,source_reference_record,source_reference_record_unreviewed
CFIHOS-30000401,ISO 15926 part4,4276,real,True,sha256:a69b98012d9e4a46495a3aed48eef8ce75a69d001eaa28b4c38cb0f3c921909d,CORE CFIHOS V2.0 CSV/CFIHOS CORE CFIHOS object equivalent mapping v2.0.csv,587,source_reference_record,source_reference_record_unreviewed
CFIHOS-30000401,STEPLIB,70047,real,True,sha256:a69b98012d9e4a46495a3aed48eef8ce75a69d001eaa28b4c38cb0f3c921909d,CORE CFIHOS V2.0 CSV/CFIHOS CORE CFIHOS object equivalent mapping v2.0.csv,588,source_reference_record,source_reference_record_unreviewed
CFIHOS-30000401,POSC CAESAR,RDS6588560,real,True,sha256:a69b98012d9e4a46495a3aed48eef8ce75a69d001eaa28b4c38cb0f3c921909d,CORE CFIHOS V2.0 CSV/CFIHOS CORE CFIHOS object equivalent mapping v2.0.csv,589,source_reference_record,source_reference_record_unreviewed
CFIHOS-30000402,ISO 15926 part4,4279,real,True,sha256:a69b98012d9e4a46495a3aed48eef8ce75a69d001eaa28b4c38cb0f3c921909d,CORE CFIHOS V2.0 CSV/CFIHOS CORE CFIHOS object equivalent mapping v2.0.csv,590,source_reference_record,source_reference_record_unreviewed
CFIHOS-30000402,STEPLIB,70051,real,True,sha256:a69b98012d9e4a46495a3aed48eef8ce75a69d001eaa28b4c38cb0f3c921909d,CORE CFIHOS V2.0 CSV/CFIHOS CORE CFIHOS object equivalent mapping v2.0.csv,591,source_reference_record,source_reference_record_unreviewed
CFIHOS-30000402,POSC CAESAR,RDS5761762,real,True,sha256:a69b98012d9e4a46495a3aed48eef8ce75a69d001eaa28b4c38cb0f3c921909d,CORE CFIHOS V2.0 CSV/CFIHOS CORE CFIHOS object equivalent mapping v2.0.csv,592,source_reference_record,source_reference_record_unreviewed
CFIHOS-30000403,ISO 15926 part4,4282,real,True,sha256:a69b98012d9e4a46495a3aed48eef8ce75a69d001eaa28b4c38cb0f3c921909d,CORE CFIHOS V2.0 CSV/CFIHOS CORE CFIHOS object equivalent mapping v2.0.csv,593,source_reference_record,source_reference_record_unreviewed
CFIHOS-30000403,POSC CAESAR,RDS5770462,real,True,sha256:a69b98012d9e4a46495a3aed48eef8ce75a69d001eaa28b4c38cb0f3c921909d,CORE CFIHOS V2.0 CSV/CFIHOS CORE CFIHOS object equivalent mapping v2.0.csv,594,source_reference_record,source_reference_record_unreviewed
CFIHOS-30000404,ISO 15926 part4,4283,real,True,sha256:a69b98012d9e4a46495a3aed48eef8ce75a69d001eaa28b4c38cb0f3c921909d,CORE CFIHOS V2.0 CSV/CFIHOS CORE CFIHOS object equivalent mapping v2.0.csv,595,source_reference_record,source_reference_record_unreviewed
CFIHOS-30000404,STEPLIB,71032,real,True,sha256:a69b98012d9e4a46495a3aed48eef8ce75a69d001eaa28b4c38cb0f3c921909d,CORE CFIHOS V2.0 CSV/CFIHOS CORE CFIHOS object equivalent mapping v2.0.csv,596,source_reference_record,source_reference_record_unreviewed
CFIHOS-30000404,ISO 14224:2016,IPLS,real,True,sha256:a69b98012d9e4a46495a3aed48eef8ce75a69d001eaa28b4c38cb0f3c921909d,CORE CFIHOS V2.0 CSV/CFIHOS CORE CFIHOS object equivalent mapping v2.0.csv,597,source_reference_record,source_reference_record_unreviewed
CFIHOS-30000404,POSC CAESAR,RDS6588770,real,True,sha256:a69b98012d9e4a46495a3aed48eef8ce75a69d001eaa28b4c38cb0f3c921909d,CORE CFIHOS V2.0 CSV/CFIHOS CORE CFIHOS object equivalent mapping v2.0.csv,598,source_reference_record,source_reference_record_unreviewed
CFIHOS-30000405,ISO 15926 part4,4288,real,True,sha256:a69b98012d9e4a46495a3aed48eef8ce75a69d001eaa28b4c38cb0f3c921909d,CORE CFIHOS V2.0 CSV/CFIHOS CORE CFIHOS object equivalent mapping v2.0.csv,599,source_reference_record,source_reference_record_unreviewed
CFIHOS-30000405,POSC CAESAR,RDS5762725,real,True,sha256:a69b98012d9e4a46495a3aed48eef8ce75a69d001eaa28b4c38cb0f3c921909d,CORE CFIHOS V2.0 CSV/CFIHOS CORE CFIHOS object equivalent mapping v2.0.csv,600,source_reference_record,source_reference_record_unreviewed
CFIHOS-30000406,ISO 15926 part4,4295,real,True,sha256:a69b98012d9e4a46495a3aed48eef8ce75a69d001eaa28b4c38cb0f3c921909d,CORE CFIHOS V2.0 CSV/CFIHOS CORE CFIHOS object equivalent mapping v2.0.csv,601,source_reference_record,source_reference_record_unreviewed
CFIHOS-30000406,STEPLIB,70073,real,True,sha256:a69b98012d9e4a46495a3aed48eef8ce75a69d001eaa28b4c38cb0f3c921909d,CORE CFIHOS V2.0 CSV/CFIHOS CORE CFIHOS object equivalent mapping v2.0.csv,602,source_reference_record,source_reference_record_unreviewed
CFIHOS-30000406,ISO 14224:2016,IPFS,real,True,sha256:a69b98012d9e4a46495a3aed48eef8ce75a69d001eaa28b4c38cb0f3c921909d,CORE CFIHOS V2.0 CSV/CFIHOS CORE CFIHOS object equivalent mapping v2.0.csv,603,source_reference_record,source_reference_record_unreviewed
CFIHOS-30000406,POSC CAESAR,RDS613394,real,True,sha256:a69b98012d9e4a46495a3aed48eef8ce75a69d001eaa28b4c38cb0f3c921909d,CORE CFIHOS V2.0 CSV/CFIHOS CORE CFIHOS object equivalent mapping v2.0.csv,604,source_reference_record,source_reference_record_unreviewed
CFIHOS-30000407,ISO 15926 part4,4296,real,True,sha256:a69b98012d9e4a46495a3aed48eef8ce75a69d001eaa28b4c38cb0f3c921909d,CORE CFIHOS V2.0 CSV/CFIHOS CORE CFIHOS object equivalent mapping v2.0.csv,605,source_reference_record,source_reference_record_unreviewed
CFIHOS-30000407,POSC CAESAR,RDS5859071,real,True,sha256:a69b98012d9e4a46495a3aed48eef8ce75a69d001eaa28b4c38cb0f3c921909d,CORE CFIHOS V2.0 CSV/CFIHOS CORE CFIHOS object equivalent mapping v2.0.csv,606,source_reference_record,source_reference_record_unreviewed
CFIHOS-30000408,ISO 15926 part4,4297,real,True,sha256:a69b98012d9e4a46495a3aed48eef8ce75a69d001eaa28b4c38cb0f3c921909d,CORE CFIHOS V2.0 CSV/CFIHOS CORE CFIHOS object equivalent mapping v2.0.csv,607,source_reference_record,source_reference_record_unreviewed
CFIHOS-30000408,STEPLIB,70767,real,True,sha256:a69b98012d9e4a46495a3aed48eef8ce75a69d001eaa28b4c38cb0f3c921909d,CORE CFIHOS V2.0 CSV/CFIHOS CORE CFIHOS object equivalent mapping v2.0.csv,608,source_reference_record,source_reference_record_unreviewed
CFIHOS-30000408,POSC CAESAR,RDS648179,real,True,sha256:a69b98012d9e4a46495a3aed48eef8ce75a69d001eaa28b4c38cb0f3c921909d,CORE CFIHOS V2.0 CSV/CFIHOS CORE CFIHOS object equivalent mapping v2.0.csv,609,source_reference_record,source_reference_record_unreviewed
CFIHOS-30000409,ISO 15926 part4,4299,real,True,sha256:a69b98012d9e4a46495a3aed48eef8ce75a69d001eaa28b4c38cb0f3c921909d,CORE CFIHOS V2.0 CSV/CFIHOS CORE CFIHOS object equivalent mapping v2.0.csv,610,source_reference_record,source_reference_record_unreviewed
CFIHOS-30000409,STEPLIB,71070,real,True,sha256:a69b98012d9e4a46495a3aed48eef8ce75a69d001eaa28b4c38cb0f3c921909d,CORE CFIHOS V2.0 CSV/CFIHOS CORE CFIHOS object equivalent mapping v2.0.csv,611,source_reference_record,source_reference_record_unreviewed
CFIHOS-30000409,POSC CAESAR,RDS5767844,real,True,sha256:a69b98012d9e4a46495a3aed48eef8ce75a69d001eaa28b4c38cb0f3c921909d,CORE CFIHOS V2.0 CSV/CFIHOS CORE CFIHOS object equivalent mapping v2.0.csv,612,source_reference_record,source_reference_record_unreviewed
CFIHOS-30000410,ISO 15926 part4,4301,real,True,sha256:a69b98012d9e4a46495a3aed48eef8ce75a69d001eaa28b4c38cb0f3c921909d,CORE CFIHOS V2.0 CSV/CFIHOS CORE CFIHOS object equivalent mapping v2.0.csv,613,source_reference_record,source_reference_record_unreviewed
CFIHOS-30000410,POSC CAESAR,RDS5762894,real,True,sha256:a69b98012d9e4a46495a3aed48eef8ce75a69d001eaa28b4c38cb0f3c921909d,CORE CFIHOS V2.0 CSV/CFIHOS CORE CFIHOS object equivalent mapping v2.0.csv,614,source_reference_record,source_reference_record_unreviewed
CFIHOS-30000411,ISO 15926 part4,4302,real,True,sha256:a69b98012d9e4a46495a3aed48eef8ce75a69d001eaa28b4c38cb0f3c921909d,CORE CFIHOS V2.0 CSV/CFIHOS CORE CFIHOS object equivalent mapping v2.0.csv,615,source_reference_record,source_reference_record_unreviewed
CFIHOS-30000411,STEPLIB,70181,real,True,sha256:a69b98012d9e4a46495a3aed48eef8ce75a69d001eaa28b4c38cb0f3c921909d,CORE CFIHOS V2.0 CSV/CFIHOS CORE CFIHOS object equivalent mapping v2.0.csv,616,source_reference_record,source_reference_record_unreviewed
CFIHOS-30000411,POSC CAESAR,RDS460484,real,True,sha256:a69b98012d9e4a46495a3aed48eef8ce75a69d001eaa28b4c38cb0f3c921909d,CORE CFIHOS V2.0 CSV/CFIHOS CORE CFIHOS object equivalent mapping v2.0.csv,617,source_reference_record,source_reference_record_unreviewed
CFIHOS-30000412,ISO 15926 part4,4303,real,True,sha256:a69b98012d9e4a46495a3aed48eef8ce75a69d001eaa28b4c38cb0f3c921909d,CORE CFIHOS V2.0 CSV/CFIHOS CORE CFIHOS object equivalent mapping v2.0.csv,618,source_reference_record,source_reference_record_unreviewed
CFIHOS-30000412,STEPLIB,70771,real,True,sha256:a69b98012d9e4a46495a3aed48eef8ce75a69d001eaa28b4c38cb0f3c921909d,CORE CFIHOS V2.0 CSV/CFIHOS CORE CFIHOS object equivalent mapping v2.0.csv,619,source_reference_record,source_reference_record_unreviewed
CFIHOS-30000412,POSC CAESAR,RDS851219,real,True,sha256:a69b98012d9e4a46495a3aed48eef8ce75a69d001eaa28b4c38cb0f3c921909d,CORE CFIHOS V2.0 CSV/CFIHOS CORE CFIHOS object equivalent mapping v2.0.csv,620,source_reference_record,source_reference_record_unreviewed
CFIHOS-30000413,ISO 15926 part4,4309,real,True,sha256:a69b98012d9e4a46495a3aed48eef8ce75a69d001eaa28b4c38cb0f3c921909d,CORE CFIHOS V2.0 CSV/CFIHOS CORE CFIHOS object equivalent mapping v2.0.csv,621,source_reference_record,source_reference_record_unreviewed
CFIHOS-30000413,STEPLIB,70085,real,True,sha256:a69b98012d9e4a46495a3aed48eef8ce75a69d001eaa28b4c38cb0f3c921909d,CORE CFIHOS V2.0 CSV/CFIHOS CORE CFIHOS object equivalent mapping v2.0.csv,622,source_reference_record,source_reference_record_unreviewed
CFIHOS-30000413,POSC CAESAR,RDS1007774,real,True,sha256:a69b98012d9e4a46495a3aed48eef8ce75a69d001eaa28b4c38cb0f3c921909d,CORE CFIHOS V2.0 CSV/CFIHOS CORE CFIHOS object equivalent mapping v2.0.csv,623,source_reference_record,source_reference_record_unreviewed
CFIHOS-30000414,ISO 15926 part4,4314,real,True,sha256:a69b98012d9e4a46495a3aed48eef8ce75a69d001eaa28b4c38cb0f3c921909d,CORE CFIHOS V2.0 CSV/CFIHOS CORE CFIHOS object equivalent mapping v2.0.csv,624,source_reference_record,source_reference_record_unreviewed
CFIHOS-30000414,STEPLIB,70092,real,True,sha256:a69b98012d9e4a46495a3aed48eef8ce75a69d001eaa28b4c38cb0f3c921909d,CORE CFIHOS V2.0 CSV/CFIHOS CORE CFIHOS object equivalent mapping v2.0.csv,625,source_reference_record,source_reference_record_unreviewed
CFIHOS-30000414,POSC CAESAR,RDS879254,real,True,sha256:a69b98012d9e4a46495a3aed48eef8ce75a69d001eaa28b4c38cb0f3c921909d,CORE CFIHOS V2.0 CSV/CFIHOS CORE CFIHOS object equivalent mapping v2.0.csv,626,source_reference_record,source_reference_record_unreviewed
CFIHOS-30000415,ISO 15926 part4,4322,real,True,sha256:a69b98012d9e4a46495a3aed48eef8ce75a69d001eaa28b4c38cb0f3c921909d,CORE CFIHOS V2.0 CSV/CFIHOS CORE CFIHOS object equivalent mapping v2.0.csv,627,source_reference_record,source_reference_record_unreviewed
CFIHOS-30000415,STEPLIB,70781,real,True,sha256:a69b98012d9e4a46495a3aed48eef8ce75a69d001eaa28b4c38cb0f3c921909d,CORE CFIHOS V2.0 CSV/CFIHOS CORE CFIHOS object equivalent mapping v2.0.csv,628,source_reference_record,source_reference_record_unreviewed
CFIHOS-30000415,ISO 14224:2016,IPPS,real,True,sha256:a69b98012d9e4a46495a3aed48eef8ce75a69d001eaa28b4c38cb0f3c921909d,CORE CFIHOS V2.0 CSV/CFIHOS CORE CFIHOS object equivalent mapping v2.0.csv,629,source_reference_record,source_reference_record_unreviewed
CFIHOS-30000415,POSC CAESAR,RDS850814,real,True,sha256:a69b98012d9e4a46495a3aed48eef8ce75a69d001eaa28b4c38cb0f3c921909d,CORE CFIHOS V2.0 CSV/CFIHOS CORE CFIHOS object equivalent mapping v2.0.csv,630,source_reference_record,source_reference_record_unreviewed
CFIHOS-30000416,ISO 15926 part4,4324,real,True,sha256:a69b98012d9e4a46495a3aed48eef8ce75a69d001eaa28b4c38cb0f3c921909d,CORE CFIHOS V2.0 CSV/CFIHOS CORE CFIHOS object equivalent mapping v2.0.csv,631,source_reference_record,source_reference_record_unreviewed
CFIHOS-30000416,STEPLIB,70502,real,True,sha256:a69b98012d9e4a46495a3aed48eef8ce75a69d001eaa28b4c38cb0f3c921909d,CORE CFIHOS V2.0 CSV/CFIHOS CORE CFIHOS object equivalent mapping v2.0.csv,632,source_reference_record,source_reference_record_unreviewed
CFIHOS-30000416,ISO 14224:2016,IPLS,real,True,sha256:a69b98012d9e4a46495a3aed48eef8ce75a69d001eaa28b4c38cb0f3c921909d,CORE CFIHOS V2.0 CSV/CFIHOS CORE CFIHOS object equivalent mapping v2.0.csv,633,source_reference_record,source_reference_record_unreviewed
CFIHOS-30000416,POSC CAESAR,RDS429974,real,True,sha256:a69b98012d9e4a46495a3aed48eef8ce75a69d001eaa28b4c38cb0f3c921909d,CORE CFIHOS V2.0 CSV/CFIHOS CORE CFIHOS object equivalent mapping v2.0.csv,634,source_reference_record,source_reference_record_unreviewed
CFIHOS-30000417,ISO 15926 part4,4327,real,True,sha256:a69b98012d9e4a46495a3aed48eef8ce75a69d001eaa28b4c38cb0f3c921909d,CORE CFIHOS V2.0 CSV/CFIHOS CORE CFIHOS object equivalent mapping v2.0.csv,635,source_reference_record,source_reference_record_unreviewed
CFIHOS-30000417,STEPLIB,70099,real,True,sha256:a69b98012d9e4a46495a3aed48eef8ce75a69d001eaa28b4c38cb0f3c921909d,CORE CFIHOS V2.0 CSV/CFIHOS CORE CFIHOS object equivalent mapping v2.0.csv,636,source_reference_record,source_reference_record_unreviewed
CFIHOS-30000417,ISO 14224:2016,IPPS,real,True,sha256:a69b98012d9e4a46495a3aed48eef8ce75a69d001eaa28b4c38cb0f3c921909d,CORE CFIHOS V2.0 CSV/CFIHOS CORE CFIHOS object equivalent mapping v2.0.csv,637,source_reference_record,source_reference_record_unreviewed
CFIHOS-30000417,POSC CAESAR,RDS850949,real,True,sha256:a69b98012d9e4a46495a3aed48eef8ce75a69d001eaa28b4c38cb0f3c921909d,CORE CFIHOS V2.0 CSV/CFIHOS CORE CFIHOS object equivalent mapping v2.0.csv,638,source_reference_record,source_reference_record_unreviewed
CFIHOS-30000418,ISO 15926 part4,4328,real,True,sha256:a69b98012d9e4a46495a3aed48eef8ce75a69d001eaa28b4c38cb0f3c921909d,CORE CFIHOS V2.0 CSV/CFIHOS CORE CFIHOS object equivalent mapping v2.0.csv,639,source_reference_record,source_reference_record_unreviewed
CFIHOS-30000418,STEPLIB,70100,real,True,sha256:a69b98012d9e4a46495a3aed48eef8ce75a69d001eaa28b4c38cb0f3c921909d,CORE CFIHOS V2.0 CSV/CFIHOS CORE CFIHOS object equivalent mapping v2.0.csv,640,source_reference_record,source_reference_record_unreviewed
CFIHOS-30000418,ISO 14224:2016,IPPS,real,True,sha256:a69b98012d9e4a46495a3aed48eef8ce75a69d001eaa28b4c38cb0f3c921909d,CORE CFIHOS V2.0 CSV/CFIHOS CORE CFIHOS object equivalent mapping v2.0.csv,641,source_reference_record,source_reference_record_unreviewed
CFIHOS-30000418,POSC CAESAR,RDS428849,real,True,sha256:a69b98012d9e4a46495a3aed48eef8ce75a69d001eaa28b4c38cb0f3c921909d,CORE CFIHOS V2.0 CSV/CFIHOS CORE CFIHOS object equivalent mapping v2.0.csv,642,source_reference_record,source_reference_record_unreviewed
CFIHOS-30000419,STEPLIB,340026,real,True,sha256:a69b98012d9e4a46495a3aed48eef8ce75a69d001eaa28b4c38cb0f3c921909d,CORE CFIHOS V2.0 CSV/CFIHOS CORE CFIHOS object equivalent mapping v2.0.csv,643,source_reference_record,source_reference_record_unreviewed
CFIHOS-30000419,ISO 15926 part4,433,real,True,sha256:a69b98012d9e4a46495a3aed48eef8ce75a69d001eaa28b4c38cb0f3c921909d,CORE CFIHOS V2.0 CSV/CFIHOS CORE CFIHOS object equivalent mapping v2.0.csv,644,source_reference_record,source_reference_record_unreviewed
CFIHOS-30000419,POSC CAESAR,RDS9683882,real,True,sha256:a69b98012d9e4a46495a3aed48eef8ce75a69d001eaa28b4c38cb0f3c921909d,CORE CFIHOS V2.0 CSV/CFIHOS CORE CFIHOS object equivalent mapping v2.0.csv,645,source_reference_record,source_reference_record_unreviewed
CFIHOS-30000420,ISO 15926 part4,4371,real,True,sha256:a69b98012d9e4a46495a3aed48eef8ce75a69d001eaa28b4c38cb0f3c921909d,CORE CFIHOS V2.0 CSV/CFIHOS CORE CFIHOS object equivalent mapping v2.0.csv,646,source_reference_record,source_reference_record_unreviewed
CFIHOS-30000420,ISO 14224:2016,IPFS,real,True,sha256:a69b98012d9e4a46495a3aed48eef8ce75a69d001eaa28b4c38cb0f3c921909d,CORE CFIHOS V2.0 CSV/CFIHOS CORE CFIHOS object equivalent mapping v2.0.csv,647,source_reference_record,source_reference_record_unreviewed
CFIHOS-30000420,POSC CAESAR,RDS7504839,real,True,sha256:a69b98012d9e4a46495a3aed48eef8ce75a69d001eaa28b4c38cb0f3c921909d,CORE CFIHOS V2.0 CSV/CFIHOS CORE CFIHOS object equivalent mapping v2.0.csv,648,source_reference_record,source_reference_record_unreviewed
CFIHOS-30000421,ISO 15926 part4,4375,real,True,sha256:a69b98012d9e4a46495a3aed48eef8ce75a69d001eaa28b4c38cb0f3c921909d,CORE CFIHOS V2.0 CSV/CFIHOS CORE CFIHOS object equivalent mapping v2.0.csv,649,source_reference_record,source_reference_record_unreviewed
CFIHOS-30000421,STEPLIB,70514,real,True,sha256:a69b98012d9e4a46495a3aed48eef8ce75a69d001eaa28b4c38cb0f3c921909d,CORE CFIHOS V2.0 CSV/CFIHOS CORE CFIHOS object equivalent mapping v2.0.csv,650,source_reference_record,source_reference_record_unreviewed
CFIHOS-30000421,POSC CAESAR,RDS879839,real,True,sha256:a69b98012d9e4a46495a3aed48eef8ce75a69d001eaa28b4c38cb0f3c921909d,CORE CFIHOS V2.0 CSV/CFIHOS CORE CFIHOS object equivalent mapping v2.0.csv,651,source_reference_record,source_reference_record_unreviewed
CFIHOS-30000425,ISO 15926 part4,4391,real,True,sha256:a69b98012d9e4a46495a3aed48eef8ce75a69d001eaa28b4c38cb0f3c921909d,CORE CFIHOS V2.0 CSV/CFIHOS CORE CFIHOS object equivalent mapping v2.0.csv,652,source_reference_record,source_reference_record_unreviewed
CFIHOS-30000425,STEPLIB,70133,real,True,sha256:a69b98012d9e4a46495a3aed48eef8ce75a69d001eaa28b4c38cb0f3c921909d,CORE CFIHOS V2.0 CSV/CFIHOS CORE CFIHOS object equivalent mapping v2.0.csv,653,source_reference_record,source_reference_record_unreviewed
CFIHOS-30000425,ISO 14224:2016,FG,real,True,sha256:a69b98012d9e4a46495a3aed48eef8ce75a69d001eaa28b4c38cb0f3c921909d,CORE CFIHOS V2.0 CSV/CFIHOS CORE CFIHOS object equivalent mapping v2.0.csv,654,source_reference_record,source_reference_record_unreviewed
CFIHOS-30000425,POSC CAESAR,RDS477044,real,True,sha256:a69b98012d9e4a46495a3aed48eef8ce75a69d001eaa28b4c38cb0f3c921909d,CORE CFIHOS V2.0 CSV/CFIHOS CORE CFIHOS object equivalent mapping v2.0.csv,655,source_reference_record,source_reference_record_unreviewed
CFIHOS-30000426,ISO 15926 part4,4395,real,True,sha256:a69b98012d9e4a46495a3aed48eef8ce75a69d001eaa28b4c38cb0f3c921909d,CORE CFIHOS V2.0 CSV/CFIHOS CORE CFIHOS object equivalent mapping v2.0.csv,656,source_reference_record,source_reference_record_unreviewed
CFIHOS-30000426,STEPLIB,70134,real,True,sha256:a69b98012d9e4a46495a3aed48eef8ce75a69d001eaa28b4c38cb0f3c921909d,CORE CFIHOS V2.0 CSV/CFIHOS CORE CFIHOS object equivalent mapping v2.0.csv,657,source_reference_record,source_reference_record_unreviewed
CFIHOS-30000426,POSC CAESAR,RDS1007999,real,True,sha256:a69b98012d9e4a46495a3aed48eef8ce75a69d001eaa28b4c38cb0f3c921909d,CORE CFIHOS V2.0 CSV/CFIHOS CORE CFIHOS object equivalent mapping v2.0.csv,658,source_reference_record,source_reference_record_unreviewed
CFIHOS-30000428,ISO 15926 part4,4405,real,True,sha256:a69b98012d9e4a46495a3aed48eef8ce75a69d001eaa28b4c38cb0f3c921909d,CORE CFIHOS V2.0 CSV/CFIHOS CORE CFIHOS object equivalent mapping v2.0.csv,659,source_reference_record,source_reference_record_unreviewed
CFIHOS-30000428,STEPLIB,70139,real,True,sha256:a69b98012d9e4a46495a3aed48eef8ce75a69d001eaa28b4c38cb0f3c921909d,CORE CFIHOS V2.0 CSV/CFIHOS CORE CFIHOS object equivalent mapping v2.0.csv,660,source_reference_record,source_reference_record_unreviewed
CFIHOS-30000428,POSC CAESAR,RDS879929,real,True,sha256:a69b98012d9e4a46495a3aed48eef8ce75a69d001eaa28b4c38cb0f3c921909d,CORE CFIHOS V2.0 CSV/CFIHOS CORE CFIHOS object equivalent mapping v2.0.csv,661,source_reference_record,source_reference_record_unreviewed
CFIHOS-30000429,ISO 15926 part4,4411,real,True,sha256:a69b98012d9e4a46495a3aed48eef8ce75a69d001eaa28b4c38cb0f3c921909d,CORE CFIHOS V2.0 CSV/CFIHOS CORE CFIHOS object equivalent mapping v2.0.csv,662,source_reference_record,source_reference_record_unreviewed
CFIHOS-30000429,STEPLIB,70529,real,True,sha256:a69b98012d9e4a46495a3aed48eef8ce75a69d001eaa28b4c38cb0f3c921909d,CORE CFIHOS V2.0 CSV/CFIHOS CORE CFIHOS object equivalent mapping v2.0.csv,663,source_reference_record,source_reference_record_unreviewed
CFIHOS-30000429,POSC CAESAR,RDS880109,real,True,sha256:a69b98012d9e4a46495a3aed48eef8ce75a69d001eaa28b4c38cb0f3c921909d,CORE CFIHOS V2.0 CSV/CFIHOS CORE CFIHOS object equivalent mapping v2.0.csv,664,source_reference_record,source_reference_record_unreviewed
CFIHOS-30000430,ISO 15926 part4,4416,real,True,sha256:a69b98012d9e4a46495a3aed48eef8ce75a69d001eaa28b4c38cb0f3c921909d,CORE CFIHOS V2.0 CSV/CFIHOS CORE CFIHOS object equivalent mapping v2.0.csv,665,source_reference_record,source_reference_record_unreviewed
CFIHOS-30000430,STEPLIB,70531,real,True,sha256:a69b98012d9e4a46495a3aed48eef8ce75a69d001eaa28b4c38cb0f3c921909d,CORE CFIHOS V2.0 CSV/CFIHOS CORE CFIHOS object equivalent mapping v2.0.csv,666,source_reference_record,source_reference_record_unreviewed
CFIHOS-30000430,ISO 14224:2016,IPFS,real,True,sha256:a69b98012d9e4a46495a3aed48eef8ce75a69d001eaa28b4c38cb0f3c921909d,CORE CFIHOS V2.0 CSV/CFIHOS CORE CFIHOS object equivalent mapping v2.0.csv,667,source_reference_record,source_reference_record_unreviewed
CFIHOS-30000430,POSC CAESAR,RDS302894,real,True,sha256:a69b98012d9e4a46495a3aed48eef8ce75a69d001eaa28b4c38cb0f3c921909d,CORE CFIHOS V2.0 CSV/CFIHOS CORE CFIHOS object equivalent mapping v2.0.csv,668,source_reference_record,source_reference_record_unreviewed
CFIHOS-30000431,ISO 15926 part4,4423,real,True,sha256:a69b98012d9e4a46495a3aed48eef8ce75a69d001eaa28b4c38cb0f3c921909d,CORE CFIHOS V2.0 CSV/CFIHOS CORE CFIHOS object equivalent mapping v2.0.csv,669,source_reference_record,source_reference_record_unreviewed
CFIHOS-30000431,STEPLIB,70803,real,True,sha256:a69b98012d9e4a46495a3aed48eef8ce75a69d001eaa28b4c38cb0f3c921909d,CORE CFIHOS V2.0 CSV/CFIHOS CORE CFIHOS object equivalent mapping v2.0.csv,670,source_reference_record,source_reference_record_unreviewed
CFIHOS-30000431,POSC CAESAR,RDS1011104,real,True,sha256:a69b98012d9e4a46495a3aed48eef8ce75a69d001eaa28b4c38cb0f3c921909d,CORE CFIHOS V2.0 CSV/CFIHOS CORE CFIHOS object equivalent mapping v2.0.csv,671,source_reference_record,source_reference_record_unreviewed
CFIHOS-30000432,ISO 15926 part4,4432,real,True,sha256:a69b98012d9e4a46495a3aed48eef8ce75a69d001eaa28b4c38cb0f3c921909d,CORE CFIHOS V2.0 CSV/CFIHOS CORE CFIHOS object equivalent mapping v2.0.csv,672,source_reference_record,source_reference_record_unreviewed
CFIHOS-30000432,STEPLIB,70540,real,True,sha256:a69b98012d9e4a46495a3aed48eef8ce75a69d001eaa28b4c38cb0f3c921909d,CORE CFIHOS V2.0 CSV/CFIHOS CORE CFIHOS object equivalent mapping v2.0.csv,673,source_reference_record,source_reference_record_unreviewed
CFIHOS-30000432,ISO 14224:2016,FGB,real,True,sha256:a69b98012d9e4a46495a3aed48eef8ce75a69d001eaa28b4c38cb0f3c921909d,CORE CFIHOS V2.0 CSV/CFIHOS CORE CFIHOS object equivalent mapping v2.0.csv,674,source_reference_record,source_reference_record_unreviewed
CFIHOS-30000432,POSC CAESAR,RDS477134,real,True,sha256:a69b98012d9e4a46495a3aed48eef8ce75a69d001eaa28b4c38cb0f3c921909d,CORE CFIHOS V2.0 CSV/CFIHOS CORE CFIHOS object equivalent mapping v2.0.csv,675,source_reference_record,source_reference_record_unreviewed
CFIHOS-30000433,ISO 15926 part4,4454,real,True,sha256:a69b98012d9e4a46495a3aed48eef8ce75a69d001eaa28b4c38cb0f3c921909d,CORE CFIHOS V2.0 CSV/CFIHOS CORE CFIHOS object equivalent mapping v2.0.csv,676,source_reference_record,source_reference_record_unreviewed
CFIHOS-30000433,STEPLIB,70814,real,True,sha256:a69b98012d9e4a46495a3aed48eef8ce75a69d001eaa28b4c38cb0f3c921909d,CORE CFIHOS V2.0 CSV/CFIHOS CORE CFIHOS object equivalent mapping v2.0.csv,677,source_reference_record,source_reference_record_unreviewed
CFIHOS-30000433,POSC CAESAR,RDS430154,real,True,sha256:a69b98012d9e4a46495a3aed48eef8ce75a69d001eaa28b4c38cb0f3c921909d,CORE CFIHOS V2.0 CSV/CFIHOS CORE CFIHOS object equivalent mapping v2.0.csv,678,source_reference_record,source_reference_record_unreviewed
CFIHOS-30000434,ISO 15926 part4,4455,real,True,sha256:a69b98012d9e4a46495a3aed48eef8ce75a69d001eaa28b4c38cb0f3c921909d,CORE CFIHOS V2.0 CSV/CFIHOS CORE CFIHOS object equivalent mapping v2.0.csv,679,source_reference_record,source_reference_record_unreviewed
CFIHOS-30000434,STEPLIB,70547,real,True,sha256:a69b98012d9e4a46495a3aed48eef8ce75a69d001eaa28b4c38cb0f3c921909d,CORE CFIHOS V2.0 CSV/CFIHOS CORE CFIHOS object equivalent mapping v2.0.csv,680,source_reference_record,source_reference_record_unreviewed
CFIHOS-30000434,POSC CAESAR,RDS880514,real,True,sha256:a69b98012d9e4a46495a3aed48eef8ce75a69d001eaa28b4c38cb0f3c921909d,CORE CFIHOS V2.0 CSV/CFIHOS CORE CFIHOS object equivalent mapping v2.0.csv,681,source_reference_record,source_reference_record_unreviewed
CFIHOS-30000435,ISO 15926 part4,4506,real,True,sha256:a69b98012d9e4a46495a3aed48eef8ce75a69d001eaa28b4c38cb0f3c921909d,CORE CFIHOS V2.0 CSV/CFIHOS CORE CFIHOS object equivalent mapping v2.0.csv,682,source_reference_record,source_reference_record_unreviewed
CFIHOS-30000435,POSC CAESAR,RDS5778172,real,True,sha256:a69b98012d9e4a46495a3aed48eef8ce75a69d001eaa28b4c38cb0f3c921909d,CORE CFIHOS V2.0 CSV/CFIHOS CORE CFIHOS object equivalent mapping v2.0.csv,683,source_reference_record,source_reference_record_unreviewed
CFIHOS-30000436,ISO 15926 part4,4530,real,True,sha256:a69b98012d9e4a46495a3aed48eef8ce75a69d001eaa28b4c38cb0f3c921909d,CORE CFIHOS V2.0 CSV/CFIHOS CORE CFIHOS object equivalent mapping v2.0.csv,684,source_reference_record,source_reference_record_unreviewed
CFIHOS-30000436,POSC CAESAR,RDS884699,real,True,sha256:a69b98012d9e4a46495a3aed48eef8ce75a69d001eaa28b4c38cb0f3c921909d,CORE CFIHOS V2.0 CSV/CFIHOS CORE CFIHOS object equivalent mapping v2.0.csv,685,source_reference_record,source_reference_record_unreviewed
CFIHOS-30000437,ISO 15926 part4,4533,real,True,sha256:a69b98012d9e4a46495a3aed48eef8ce75a69d001eaa28b4c38cb0f3c921909d,CORE CFIHOS V2.0 CSV/CFIHOS CORE CFIHOS object equivalent mapping v2.0.csv,686,source_reference_record,source_reference_record_unreviewed
CFIHOS-30000437,ISO 14224:2016,IPLS,real,True,sha256:a69b98012d9e4a46495a3aed48eef8ce75a69d001eaa28b4c38cb0f3c921909d,CORE CFIHOS V2.0 CSV/CFIHOS CORE CFIHOS object equivalent mapping v2.0.csv,687,source_reference_record,source_reference_record_unreviewed
CFIHOS-30000437,POSC CAESAR,RDS884969,real,True,sha256:a69b98012d9e4a46495a3aed48eef8ce75a69d001eaa28b4c38cb0f3c921909d,CORE CFIHOS V2.0 CSV/CFIHOS CORE CFIHOS object equivalent mapping v2.0.csv,688,source_reference_record,source_reference_record_unreviewed
CFIHOS-30000438,ISO 15926 part4,4544,real,True,sha256:a69b98012d9e4a46495a3aed48eef8ce75a69d001eaa28b4c38cb0f3c921909d,CORE CFIHOS V2.0 CSV/CFIHOS CORE CFIHOS object equivalent mapping v2.0.csv,689,source_reference_record,source_reference_record_unreviewed
CFIHOS-30000438,STEPLIB,70860,real,True,sha256:a69b98012d9e4a46495a3aed48eef8ce75a69d001eaa28b4c38cb0f3c921909d,CORE CFIHOS V2.0 CSV/CFIHOS CORE CFIHOS object equivalent mapping v2.0.csv,690,source_reference_record,source_reference_record_unreviewed
CFIHOS-30000438,POSC CAESAR,RDS415844,real,True,sha256:a69b98012d9e4a46495a3aed48eef8ce75a69d001eaa28b4c38cb0f3c921909d,CORE CFIHOS V2.0 CSV/CFIHOS CORE CFIHOS object equivalent mapping v2.0.csv,691,source_reference_record,source_reference_record_unreviewed
CFIHOS-30000440,ISO 15926 part4,4622,real,True,sha256:a69b98012d9e4a46495a3aed48eef8ce75a69d001eaa28b4c38cb0f3c921909d,CORE CFIHOS V2.0 CSV/CFIHOS CORE CFIHOS object equivalent mapping v2.0.csv,692,source_reference_record,source_reference_record_unreviewed
CFIHOS-30000440,STEPLIB,70300,real,True,sha256:a69b98012d9e4a46495a3aed48eef8ce75a69d001eaa28b4c38cb0f3c921909d,CORE CFIHOS V2.0 CSV/CFIHOS CORE CFIHOS object equivalent mapping v2.0.csv,693,source_reference_record,source_reference_record_unreviewed
CFIHOS-30000440,POSC CAESAR,RDS850634,real,True,sha256:a69b98012d9e4a46495a3aed48eef8ce75a69d001eaa28b4c38cb0f3c921909d,CORE CFIHOS V2.0 CSV/CFIHOS CORE CFIHOS object equivalent mapping v2.0.csv,694,source_reference_record,source_reference_record_unreviewed
CFIHOS-30000441,ISO 15926 part4,4625,real,True,sha256:a69b98012d9e4a46495a3aed48eef8ce75a69d001eaa28b4c38cb0f3c921909d,CORE CFIHOS V2.0 CSV/CFIHOS CORE CFIHOS object equivalent mapping v2.0.csv,695,source_reference_record,source_reference_record_unreviewed
CFIHOS-30000441,STEPLIB,70621,real,True,sha256:a69b98012d9e4a46495a3aed48eef8ce75a69d001eaa28b4c38cb0f3c921909d,CORE CFIHOS V2.0 CSV/CFIHOS CORE CFIHOS object equivalent mapping v2.0.csv,696,source_reference_record,source_reference_record_unreviewed
CFIHOS-30000441,POSC CAESAR,RDS882089,real,True,sha256:a69b98012d9e4a46495a3aed48eef8ce75a69d001eaa28b4c38cb0f3c921909d,CORE CFIHOS V2.0 CSV/CFIHOS CORE CFIHOS object equivalent mapping v2.0.csv,697,source_reference_record,source_reference_record_unreviewed
CFIHOS-30000442,ISO 15926 part4,4631,real,True,sha256:a69b98012d9e4a46495a3aed48eef8ce75a69d001eaa28b4c38cb0f3c921909d,CORE CFIHOS V2.0 CSV/CFIHOS CORE CFIHOS object equivalent mapping v2.0.csv,698,source_reference_record,source_reference_record_unreviewed
CFIHOS-30000442,STEPLIB,70624,real,True,sha256:a69b98012d9e4a46495a3aed48eef8ce75a69d001eaa28b4c38cb0f3c921909d,CORE CFIHOS V2.0 CSV/CFIHOS CORE CFIHOS object equivalent mapping v2.0.csv,699,source_reference_record,source_reference_record_unreviewed
CFIHOS-30000442,POSC CAESAR,RDS418274,real,True,sha256:a69b98012d9e4a46495a3aed48eef8ce75a69d001eaa28b4c38cb0f3c921909d,CORE CFIHOS V2.0 CSV/CFIHOS CORE CFIHOS object equivalent mapping v2.0.csv,700,source_reference_record,source_reference_record_unreviewed
CFIHOS-30000443,ISO 15926 part4,4634,real,True,sha256:a69b98012d9e4a46495a3aed48eef8ce75a69d001eaa28b4c38cb0f3c921909d,CORE CFIHOS V2.0 CSV/CFIHOS CORE CFIHOS object equivalent mapping v2.0.csv,701,source_reference_record,source_reference_record_unreviewed
CFIHOS-30000443,STEPLIB,70854,real,True,sha256:a69b98012d9e4a46495a3aed48eef8ce75a69d001eaa28b4c38cb0f3c921909d,CORE CFIHOS V2.0 CSV/CFIHOS CORE CFIHOS object equivalent mapping v2.0.csv,702,source_reference_record,source_reference_record_unreviewed
CFIHOS-30000443,POSC CAESAR,RDS430334,real,True,sha256:a69b98012d9e4a46495a3aed48eef8ce75a69d001eaa28b4c38cb0f3c921909d,CORE CFIHOS V2.0 CSV/CFIHOS CORE CFIHOS object equivalent mapping v2.0.csv,703,source_reference_record,source_reference_record_unreviewed
CFIHOS-30000444,ISO 15926 part4,4636,real,True,sha256:a69b98012d9e4a46495a3aed48eef8ce75a69d001eaa28b4c38cb0f3c921909d,CORE CFIHOS V2.0 CSV/CFIHOS CORE CFIHOS object equivalent mapping v2.0.csv,704,source_reference_record,source_reference_record_unreviewed
CFIHOS-30000444,STEPLIB,70309,real,True,sha256:a69b98012d9e4a46495a3aed48eef8ce75a69d001eaa28b4c38cb0f3c921909d,CORE CFIHOS V2.0 CSV/CFIHOS CORE CFIHOS object equivalent mapping v2.0.csv,705,source_reference_record,source_reference_record_unreviewed
CFIHOS-30000444,POSC CAESAR,RDS882179,real,True,sha256:a69b98012d9e4a46495a3aed48eef8ce75a69d001eaa28b4c38cb0f3c921909d,CORE CFIHOS V2.0 CSV/CFIHOS CORE CFIHOS object equivalent mapping v2.0.csv,706,source_reference_record,source_reference_record_unreviewed
CFIHOS-30000449,ISO 15926 part4,4658,real,True,sha256:a69b98012d9e4a46495a3aed48eef8ce75a69d001eaa28b4c38cb0f3c921909d,CORE CFIHOS V2.0 CSV/CFIHOS CORE CFIHOS object equivalent mapping v2.0.csv,707,source_reference_record,source_reference_record_unreviewed
CFIHOS-30000449,STEPLIB,71146,real,True,sha256:a69b98012d9e4a46495a3aed48eef8ce75a69d001eaa28b4c38cb0f3c921909d,CORE CFIHOS V2.0 CSV/CFIHOS CORE CFIHOS object equivalent mapping v2.0.csv,708,source_reference_record,source_reference_record_unreviewed
CFIHOS-30000449,POSC CAESAR,RDS5769450,real,True,sha256:a69b98012d9e4a46495a3aed48eef8ce75a69d001eaa28b4c38cb0f3c921909d,CORE CFIHOS V2.0 CSV/CFIHOS CORE CFIHOS object equivalent mapping v2.0.csv,709,source_reference_record,source_reference_record_unreviewed
CFIHOS-30000450,ISO 15926 part4,4661,real,True,sha256:a69b98012d9e4a46495a3aed48eef8ce75a69d001eaa28b4c38cb0f3c921909d,CORE CFIHOS V2.0 CSV/CFIHOS CORE CFIHOS object equivalent mapping v2.0.csv,710,source_reference_record,source_reference_record_unreviewed
CFIHOS-30000450,ISO 14224:2016,IPFS,real,True,sha256:a69b98012d9e4a46495a3aed48eef8ce75a69d001eaa28b4c38cb0f3c921909d,CORE CFIHOS V2.0 CSV/CFIHOS CORE CFIHOS object equivalent mapping v2.0.csv,711,source_reference_record,source_reference_record_unreviewed
CFIHOS-30000450,POSC CAESAR,RDS7496420,real,True,sha256:a69b98012d9e4a46495a3aed48eef8ce75a69d001eaa28b4c38cb0f3c921909d,CORE CFIHOS V2.0 CSV/CFIHOS CORE CFIHOS object equivalent mapping v2.0.csv,712,source_reference_record,source_reference_record_unreviewed
CFIHOS-30000451,ISO 15926 part4,4663,real,True,sha256:a69b98012d9e4a46495a3aed48eef8ce75a69d001eaa28b4c38cb0f3c921909d,CORE CFIHOS V2.0 CSV/CFIHOS CORE CFIHOS object equivalent mapping v2.0.csv,713,source_reference_record,source_reference_record_unreviewed
CFIHOS-30000451,STEPLIB,70318,real,True,sha256:a69b98012d9e4a46495a3aed48eef8ce75a69d001eaa28b4c38cb0f3c921909d,CORE CFIHOS V2.0 CSV/CFIHOS CORE CFIHOS object equivalent mapping v2.0.csv,714,source_reference_record,source_reference_record_unreviewed
CFIHOS-30000451,POSC CAESAR,RDS6466479,real,True,sha256:a69b98012d9e4a46495a3aed48eef8ce75a69d001eaa28b4c38cb0f3c921909d,CORE CFIHOS V2.0 CSV/CFIHOS CORE CFIHOS object equivalent mapping v2.0.csv,715,source_reference_record,source_reference_record_unreviewed
CFIHOS-30000452,ISO 15926 part4,4668,real,True,sha256:a69b98012d9e4a46495a3aed48eef8ce75a69d001eaa28b4c38cb0f3c921909d,CORE CFIHOS V2.0 CSV/CFIHOS CORE CFIHOS object equivalent mapping v2.0.csv,716,source_reference_record,source_reference_record_unreviewed
CFIHOS-30000452,STEPLIB,70321,real,True,sha256:a69b98012d9e4a46495a3aed48eef8ce75a69d001eaa28b4c38cb0f3c921909d,CORE CFIHOS V2.0 CSV/CFIHOS CORE CFIHOS object equivalent mapping v2.0.csv,717,source_reference_record,source_reference_record_unreviewed
CFIHOS-30000452,ISO 14224:2016,IPPS,real,True,sha256:a69b98012d9e4a46495a3aed48eef8ce75a69d001eaa28b4c38cb0f3c921909d,CORE CFIHOS V2.0 CSV/CFIHOS CORE CFIHOS object equivalent mapping v2.0.csv,718,source_reference_record,source_reference_record_unreviewed
CFIHOS-30000452,POSC CAESAR,RDS416159,real,True,sha256:a69b98012d9e4a46495a3aed48eef8ce75a69d001eaa28b4c38cb0f3c921909d,CORE CFIHOS V2.0 CSV/CFIHOS CORE CFIHOS object equivalent mapping v2.0.csv,719,source_reference_record,source_reference_record_unreviewed
CFIHOS-30000453,ISO 15926 part4,4671,real,True,sha256:a69b98012d9e4a46495a3aed48eef8ce75a69d001eaa28b4c38cb0f3c921909d,CORE CFIHOS V2.0 CSV/CFIHOS CORE CFIHOS object equivalent mapping v2.0.csv,720,source_reference_record,source_reference_record_unreviewed
CFIHOS-30000453,STEPLIB,70325,real,True,sha256:a69b98012d9e4a46495a3aed48eef8ce75a69d001eaa28b4c38cb0f3c921909d,CORE CFIHOS V2.0 CSV/CFIHOS CORE CFIHOS object equivalent mapping v2.0.csv,721,source_reference_record,source_reference_record_unreviewed
CFIHOS-30000453,POSC CAESAR,RDS309149,real,True,sha256:a69b98012d9e4a46495a3aed48eef8ce75a69d001eaa28b4c38cb0f3c921909d,CORE CFIHOS V2.0 CSV/CFIHOS CORE CFIHOS object equivalent mapping v2.0.csv,722,source_reference_record,source_reference_record_unreviewed
CFIHOS-30000454,ISO 15926 part4,4674,real,True,sha256:a69b98012d9e4a46495a3aed48eef8ce75a69d001eaa28b4c38cb0f3c921909d,CORE CFIHOS V2.0 CSV/CFIHOS CORE CFIHOS object equivalent mapping v2.0.csv,723,source_reference_record,source_reference_record_unreviewed
CFIHOS-30000454,STEPLIB,70870,real,True,sha256:a69b98012d9e4a46495a3aed48eef8ce75a69d001eaa28b4c38cb0f3c921909d,CORE CFIHOS V2.0 CSV/CFIHOS CORE CFIHOS object equivalent mapping v2.0.csv,724,source_reference_record,source_reference_record_unreviewed
CFIHOS-30000454,ISO 14224:2016,IPPS,real,True,sha256:a69b98012d9e4a46495a3aed48eef8ce75a69d001eaa28b4c38cb0f3c921909d,CORE CFIHOS V2.0 CSV/CFIHOS CORE CFIHOS object equivalent mapping v2.0.csv,725,source_reference_record,source_reference_record_unreviewed
CFIHOS-30000454,POSC CAESAR,RDS309419,real,True,sha256:a69b98012d9e4a46495a3aed48eef8ce75a69d001eaa28b4c38cb0f3c921909d,CORE CFIHOS V2.0 CSV/CFIHOS CORE CFIHOS object equivalent mapping v2.0.csv,726,source_reference_record,source_reference_record_unreviewed
CFIHOS-30000455,ISO 15926 part4,4675,real,True,sha256:a69b98012d9e4a46495a3aed48eef8ce75a69d001eaa28b4c38cb0f3c921909d,CORE CFIHOS V2.0 CSV/CFIHOS CORE CFIHOS object equivalent mapping v2.0.csv,727,source_reference_record,source_reference_record_unreviewed
CFIHOS-30000455,STEPLIB,70294,real,True,sha256:a69b98012d9e4a46495a3aed48eef8ce75a69d001eaa28b4c38cb0f3c921909d,CORE CFIHOS V2.0 CSV/CFIHOS CORE CFIHOS object equivalent mapping v2.0.csv,728,source_reference_record,source_reference_record_unreviewed
CFIHOS-30000455,ISO 14224:2016,IPPS,real,True,sha256:a69b98012d9e4a46495a3aed48eef8ce75a69d001eaa28b4c38cb0f3c921909d,CORE CFIHOS V2.0 CSV/CFIHOS CORE CFIHOS object equivalent mapping v2.0.csv,729,source_reference_record,source_reference_record_unreviewed
CFIHOS-30000455,POSC CAESAR,RDS460439,real,True,sha256:a69b98012d9e4a46495a3aed48eef8ce75a69d001eaa28b4c38cb0f3c921909d,CORE CFIHOS V2.0 CSV/CFIHOS CORE CFIHOS object equivalent mapping v2.0.csv,730,source_reference_record,source_reference_record_unreviewed
CFIHOS-30000456,ISO 15926 part4,4678,real,True,sha256:a69b98012d9e4a46495a3aed48eef8ce75a69d001eaa28b4c38cb0f3c921909d,CORE CFIHOS V2.0 CSV/CFIHOS CORE CFIHOS object equivalent mapping v2.0.csv,731,source_reference_record,source_reference_record_unreviewed
CFIHOS-30000456,STEPLIB,70331,real,True,sha256:a69b98012d9e4a46495a3aed48eef8ce75a69d001eaa28b4c38cb0f3c921909d,CORE CFIHOS V2.0 CSV/CFIHOS CORE CFIHOS object equivalent mapping v2.0.csv,732,source_reference_record,source_reference_record_unreviewed
CFIHOS-30000456,POSC CAESAR,RDS891899,real,True,sha256:a69b98012d9e4a46495a3aed48eef8ce75a69d001eaa28b4c38cb0f3c921909d,CORE CFIHOS V2.0 CSV/CFIHOS CORE CFIHOS object equivalent mapping v2.0.csv,733,source_reference_record,source_reference_record_unreviewed
CFIHOS-30000457,ISO 15926 part4,4687,real,True,sha256:a69b98012d9e4a46495a3aed48eef8ce75a69d001eaa28b4c38cb0f3c921909d,CORE CFIHOS V2.0 CSV/CFIHOS CORE CFIHOS object equivalent mapping v2.0.csv,734,source_reference_record,source_reference_record_unreviewed
CFIHOS-30000457,STEPLIB,70881,real,True,sha256:a69b98012d9e4a46495a3aed48eef8ce75a69d001eaa28b4c38cb0f3c921909d,CORE CFIHOS V2.0 CSV/CFIHOS CORE CFIHOS object equivalent mapping v2.0.csv,735,source_reference_record,source_reference_record_unreviewed
CFIHOS-30000457,POSC CAESAR,RDS850904,real,True,sha256:a69b98012d9e4a46495a3aed48eef8ce75a69d001eaa28b4c38cb0f3c921909d,CORE CFIHOS V2.0 CSV/CFIHOS CORE CFIHOS object equivalent mapping v2.0.csv,736,source_reference_record,source_reference_record_unreviewed
CFIHOS-30000458,ISO 15926 part4,4688,real,True,sha256:a69b98012d9e4a46495a3aed48eef8ce75a69d001eaa28b4c38cb0f3c921909d,CORE CFIHOS V2.0 CSV/CFIHOS CORE CFIHOS object equivalent mapping v2.0.csv,737,source_reference_record,source_reference_record_unreviewed
CFIHOS-30000458,STEPLIB,70882,real,True,sha256:a69b98012d9e4a46495a3aed48eef8ce75a69d001eaa28b4c38cb0f3c921909d,CORE CFIHOS V2.0 CSV/CFIHOS CORE CFIHOS object equivalent mapping v2.0.csv,738,source_reference_record,source_reference_record_unreviewed
CFIHOS-30000458,POSC CAESAR,RDS851084,real,True,sha256:a69b98012d9e4a46495a3aed48eef8ce75a69d001eaa28b4c38cb0f3c921909d,CORE CFIHOS V2.0 CSV/CFIHOS CORE CFIHOS object equivalent mapping v2.0.csv,739,source_reference_record,source_reference_record_unreviewed
CFIHOS-30000459,ISO 15926 part4,4692,real,True,sha256:a69b98012d9e4a46495a3aed48eef8ce75a69d001eaa28b4c38cb0f3c921909d,CORE CFIHOS V2.0 CSV/CFIHOS CORE CFIHOS object equivalent mapping v2.0.csv,740,source_reference_record,source_reference_record_unreviewed
CFIHOS-30000459,STEPLIB,70343,real,True,sha256:a69b98012d9e4a46495a3aed48eef8ce75a69d001eaa28b4c38cb0f3c921909d,CORE CFIHOS V2.0 CSV/CFIHOS CORE CFIHOS object equivalent mapping v2.0.csv,741,source_reference_record,source_reference_record_unreviewed
CFIHOS-30000459,ISO 14224:2016,FGBM,real,True,sha256:a69b98012d9e4a46495a3aed48eef8ce75a69d001eaa28b4c38cb0f3c921909d,CORE CFIHOS V2.0 CSV/CFIHOS CORE CFIHOS object equivalent mapping v2.0.csv,742,source_reference_record,source_reference_record_unreviewed
CFIHOS-30000459,POSC CAESAR,RDS473894,real,True,sha256:a69b98012d9e4a46495a3aed48eef8ce75a69d001eaa28b4c38cb0f3c921909d,CORE CFIHOS V2.0 CSV/CFIHOS CORE CFIHOS object equivalent mapping v2.0.csv,743,source_reference_record,source_reference_record_unreviewed
CFIHOS-30000460,ISO 15926 part4,4696,real,True,sha256:a69b98012d9e4a46495a3aed48eef8ce75a69d001eaa28b4c38cb0f3c921909d,CORE CFIHOS V2.0 CSV/CFIHOS CORE CFIHOS object equivalent mapping v2.0.csv,744,source_reference_record,source_reference_record_unreviewed
CFIHOS-30000460,STEPLIB,70980,real,True,sha256:a69b98012d9e4a46495a3aed48eef8ce75a69d001eaa28b4c38cb0f3c921909d,CORE CFIHOS V2.0 CSV/CFIHOS CORE CFIHOS object equivalent mapping v2.0.csv,745,source_reference_record,source_reference_record_unreviewed
CFIHOS-30000460,ISO 14224:2016,IPLS,real,True,sha256:a69b98012d9e4a46495a3aed48eef8ce75a69d001eaa28b4c38cb0f3c921909d,CORE CFIHOS V2.0 CSV/CFIHOS CORE CFIHOS object equivalent mapping v2.0.csv,746,source_reference_record,source_reference_record_unreviewed
CFIHOS-30000460,POSC CAESAR,RDS1011509,real,True,sha256:a69b98012d9e4a46495a3aed48eef8ce75a69d001eaa28b4c38cb0f3c921909d,CORE CFIHOS V2.0 CSV/CFIHOS CORE CFIHOS object equivalent mapping v2.0.csv,747,source_reference_record,source_reference_record_unreviewed
CFIHOS-30000461,ISO 15926 part4,4699,real,True,sha256:a69b98012d9e4a46495a3aed48eef8ce75a69d001eaa28b4c38cb0f3c921909d,CORE CFIHOS V2.0 CSV/CFIHOS CORE CFIHOS object equivalent mapping v2.0.csv,748,source_reference_record,source_reference_record_unreviewed
CFIHOS-30000461,STEPLIB,70896,real,True,sha256:a69b98012d9e4a46495a3aed48eef8ce75a69d001eaa28b4c38cb0f3c921909d,CORE CFIHOS V2.0 CSV/CFIHOS CORE CFIHOS object equivalent mapping v2.0.csv,749,source_reference_record,source_reference_record_unreviewed
CFIHOS-30000461,ISO 14224:2016,IPLS,real,True,sha256:a69b98012d9e4a46495a3aed48eef8ce75a69d001eaa28b4c38cb0f3c921909d,CORE CFIHOS V2.0 CSV/CFIHOS CORE CFIHOS object equivalent mapping v2.0.csv,750,source_reference_record,source_reference_record_unreviewed
CFIHOS-30000461,POSC CAESAR,RDS1011554,real,True,sha256:a69b98012d9e4a46495a3aed48eef8ce75a69d001eaa28b4c38cb0f3c921909d,CORE CFIHOS V2.0 CSV/CFIHOS CORE CFIHOS object equivalent mapping v2.0.csv,751,source_reference_record,source_reference_record_unreviewed
CFIHOS-30000462,ISO 15926 part4,4704,real,True,sha256:a69b98012d9e4a46495a3aed48eef8ce75a69d001eaa28b4c38cb0f3c921909d,CORE CFIHOS V2.0 CSV/CFIHOS CORE CFIHOS object equivalent mapping v2.0.csv,752,source_reference_record,source_reference_record_unreviewed
CFIHOS-30000462,STEPLIB,70352,real,True,sha256:a69b98012d9e4a46495a3aed48eef8ce75a69d001eaa28b4c38cb0f3c921909d,CORE CFIHOS V2.0 CSV/CFIHOS CORE CFIHOS object equivalent mapping v2.0.csv,753,source_reference_record,source_reference_record_unreviewed
CFIHOS-30000462,POSC CAESAR,RDS842894,real,True,sha256:a69b98012d9e4a46495a3aed48eef8ce75a69d001eaa28b4c38cb0f3c921909d,CORE CFIHOS V2.0 CSV/CFIHOS CORE CFIHOS object equivalent mapping v2.0.csv,754,source_reference_record,source_reference_record_unreviewed
CFIHOS-30000463,ISO 15926 part4,4712,real,True,sha256:a69b98012d9e4a46495a3aed48eef8ce75a69d001eaa28b4c38cb0f3c921909d,CORE CFIHOS V2.0 CSV/CFIHOS CORE CFIHOS object equivalent mapping v2.0.csv,755,source_reference_record,source_reference_record_unreviewed
CFIHOS-30000463,STEPLIB,70649,real,True,sha256:a69b98012d9e4a46495a3aed48eef8ce75a69d001eaa28b4c38cb0f3c921909d,CORE CFIHOS V2.0 CSV/CFIHOS CORE CFIHOS object equivalent mapping v2.0.csv,756,source_reference_record,source_reference_record_unreviewed
CFIHOS-30000463,POSC CAESAR,RDS445274,real,True,sha256:a69b98012d9e4a46495a3aed48eef8ce75a69d001eaa28b4c38cb0f3c921909d,CORE CFIHOS V2.0 CSV/CFIHOS CORE CFIHOS object equivalent mapping v2.0.csv,757,source_reference_record,source_reference_record_unreviewed
CFIHOS-30000464,ISO 15926 part4,4715,real,True,sha256:a69b98012d9e4a46495a3aed48eef8ce75a69d001eaa28b4c38cb0f3c921909d,CORE CFIHOS V2.0 CSV/CFIHOS CORE CFIHOS object equivalent mapping v2.0.csv,758,source_reference_record,source_reference_record_unreviewed
CFIHOS-30000464,STEPLIB,70650,real,True,sha256:a69b98012d9e4a46495a3aed48eef8ce75a69d001eaa28b4c38cb0f3c921909d,CORE CFIHOS V2.0 CSV/CFIHOS CORE CFIHOS object equivalent mapping v2.0.csv,759,source_reference_record,source_reference_record_unreviewed
CFIHOS-30000464,POSC CAESAR,RDS882629,real,True,sha256:a69b98012d9e4a46495a3aed48eef8ce75a69d001eaa28b4c38cb0f3c921909d,CORE CFIHOS V2.0 CSV/CFIHOS CORE CFIHOS object equivalent mapping v2.0.csv,760,source_reference_record,source_reference_record_unreviewed
CFIHOS-30000465,ISO 15926 part4,4718,real,True,sha256:a69b98012d9e4a46495a3aed48eef8ce75a69d001eaa28b4c38cb0f3c921909d,CORE CFIHOS V2.0 CSV/CFIHOS CORE CFIHOS object equivalent mapping v2.0.csv,761,source_reference_record,source_reference_record_unreviewed
CFIHOS-30000465,STEPLIB,70652,real,True,sha256:a69b98012d9e4a46495a3aed48eef8ce75a69d001eaa28b4c38cb0f3c921909d,CORE CFIHOS V2.0 CSV/CFIHOS CORE CFIHOS object equivalent mapping v2.0.csv,762,source_reference_record,source_reference_record_unreviewed
CFIHOS-30000465,ISO 14224:2016,IPFS,real,True,sha256:a69b98012d9e4a46495a3aed48eef8ce75a69d001eaa28b4c38cb0f3c921909d,CORE CFIHOS V2.0 CSV/CFIHOS CORE CFIHOS object equivalent mapping v2.0.csv,763,source_reference_record,source_reference_record_unreviewed
CFIHOS-30000465,POSC CAESAR,RDS882719,real,True,sha256:a69b98012d9e4a46495a3aed48eef8ce75a69d001eaa28b4c38cb0f3c921909d,CORE CFIHOS V2.0 CSV/CFIHOS CORE CFIHOS object equivalent mapping v2.0.csv,764,source_reference_record,source_reference_record_unreviewed
CFIHOS-30000466,STEPLIB,400042,real,True,sha256:a69b98012d9e4a46495a3aed48eef8ce75a69d001eaa28b4c38cb0f3c921909d,CORE CFIHOS V2.0 CSV/CFIHOS CORE CFIHOS object equivalent mapping v2.0.csv,765,source_reference_record,source_reference_record_unreviewed
CFIHOS-30000466,ISO 15926 part4,4720,real,True,sha256:a69b98012d9e4a46495a3aed48eef8ce75a69d001eaa28b4c38cb0f3c921909d,CORE CFIHOS V2.0 CSV/CFIHOS CORE CFIHOS object equivalent mapping v2.0.csv,766,source_reference_record,source_reference_record_unreviewed
CFIHOS-30000466,POSC CAESAR,RDS8372601,real,True,sha256:a69b98012d9e4a46495a3aed48eef8ce75a69d001eaa28b4c38cb0f3c921909d,CORE CFIHOS V2.0 CSV/CFIHOS CORE CFIHOS object equivalent mapping v2.0.csv,767,source_reference_record,source_reference_record_unreviewed
CFIHOS-30000467,ISO 15926 part4,4728,real,True,sha256:a69b98012d9e4a46495a3aed48eef8ce75a69d001eaa28b4c38cb0f3c921909d,CORE CFIHOS V2.0 CSV/CFIHOS CORE CFIHOS object equivalent mapping v2.0.csv,768,source_reference_record,source_reference_record_unreviewed
CFIHOS-30000467,STEPLIB,70371,real,True,sha256:a69b98012d9e4a46495a3aed48eef8ce75a69d001eaa28b4c38cb0f3c921909d,CORE CFIHOS V2.0 CSV/CFIHOS CORE CFIHOS object equivalent mapping v2.0.csv,769,source_reference_record,source_reference_record_unreviewed
CFIHOS-30000467,POSC CAESAR,RDS1300660921,real,True,sha256:a69b98012d9e4a46495a3aed48eef8ce75a69d001eaa28b4c38cb0f3c921909d,CORE CFIHOS V2.0 CSV/CFIHOS CORE CFIHOS object equivalent mapping v2.0.csv,770,source_reference_record,source_reference_record_unreviewed
CFIHOS-30000468,ISO 15926 part4,4739,real,True,sha256:a69b98012d9e4a46495a3aed48eef8ce75a69d001eaa28b4c38cb0f3c921909d,CORE CFIHOS V2.0 CSV/CFIHOS CORE CFIHOS object equivalent mapping v2.0.csv,771,source_reference_record,source_reference_record_unreviewed
CFIHOS-30000468,STEPLIB,70670,real,True,sha256:a69b98012d9e4a46495a3aed48eef8ce75a69d001eaa28b4c38cb0f3c921909d,CORE CFIHOS V2.0 CSV/CFIHOS CORE CFIHOS object equivalent mapping v2.0.csv,772,source_reference_record,source_reference_record_unreviewed
CFIHOS-30000468,POSC CAESAR,RDS1009304,real,True,sha256:a69b98012d9e4a46495a3aed48eef8ce75a69d001eaa28b4c38cb0f3c921909d,CORE CFIHOS V2.0 CSV/CFIHOS CORE CFIHOS object equivalent mapping v2.0.csv,773,source_reference_record,source_reference_record_unreviewed
CFIHOS-30000470,ISO 15926 part4,4753,real,True,sha256:a69b98012d9e4a46495a3aed48eef8ce75a69d001eaa28b4c38cb0f3c921909d,CORE CFIHOS V2.0 CSV/CFIHOS CORE CFIHOS object equivalent mapping v2.0.csv,774,source_reference_record,source_reference_record_unreviewed
CFIHOS-30000470,STEPLIB,70674,real,True,sha256:a69b98012d9e4a46495a3aed48eef8ce75a69d001eaa28b4c38cb0f3c921909d,CORE CFIHOS V2.0 CSV/CFIHOS CORE CFIHOS object equivalent mapping v2.0.csv,775,source_reference_record,source_reference_record_unreviewed
CFIHOS-30000470,ISO 14224:2016,FG,real,True,sha256:a69b98012d9e4a46495a3aed48eef8ce75a69d001eaa28b4c38cb0f3c921909d,CORE CFIHOS V2.0 CSV/CFIHOS CORE CFIHOS object equivalent mapping v2.0.csv,776,source_reference_record,source_reference_record_unreviewed
CFIHOS-30000470,ISO 14224:2016,FGBS,real,True,sha256:a69b98012d9e4a46495a3aed48eef8ce75a69d001eaa28b4c38cb0f3c921909d,CORE CFIHOS V2.0 CSV/CFIHOS CORE CFIHOS object equivalent mapping v2.0.csv,777,source_reference_record,source_reference_record_unreviewed
CFIHOS-30000470,POSC CAESAR,RDS476999,real,True,sha256:a69b98012d9e4a46495a3aed48eef8ce75a69d001eaa28b4c38cb0f3c921909d,CORE CFIHOS V2.0 CSV/CFIHOS CORE CFIHOS object equivalent mapping v2.0.csv,778,source_reference_record,source_reference_record_unreviewed
CFIHOS-30000471,ISO 15926 part4,4761,real,True,sha256:a69b98012d9e4a46495a3aed48eef8ce75a69d001eaa28b4c38cb0f3c921909d,CORE CFIHOS V2.0 CSV/CFIHOS CORE CFIHOS object equivalent mapping v2.0.csv,779,source_reference_record,source_reference_record_unreviewed
CFIHOS-30000471,POSC CAESAR,RDS883124,real,True,sha256:a69b98012d9e4a46495a3aed48eef8ce75a69d001eaa28b4c38cb0f3c921909d,CORE CFIHOS V2.0 CSV/CFIHOS CORE CFIHOS object equivalent mapping v2.0.csv,780,source_reference_record,source_reference_record_unreviewed
CFIHOS-30000472,ISO 15926 part4,4762,real,True,sha256:a69b98012d9e4a46495a3aed48eef8ce75a69d001eaa28b4c38cb0f3c921909d,CORE CFIHOS V2.0 CSV/CFIHOS CORE CFIHOS object equivalent mapping v2.0.csv,781,source_reference_record,source_reference_record_unreviewed
CFIHOS-30000472,STEPLIB,70986,real,True,sha256:a69b98012d9e4a46495a3aed48eef8ce75a69d001eaa28b4c38cb0f3c921909d,CORE CFIHOS V2.0 CSV/CFIHOS CORE CFIHOS object equivalent mapping v2.0.csv,782,source_reference_record,source_reference_record_unreviewed
CFIHOS-30000472,POSC CAESAR,RDS5769822,real,True,sha256:a69b98012d9e4a46495a3aed48eef8ce75a69d001eaa28b4c38cb0f3c921909d,CORE CFIHOS V2.0 CSV/CFIHOS CORE CFIHOS object equivalent mapping v2.0.csv,783,source_reference_record,source_reference_record_unreviewed
CFIHOS-30000473,ISO 15926 part4,4789,real,True,sha256:a69b98012d9e4a46495a3aed48eef8ce75a69d001eaa28b4c38cb0f3c921909d,CORE CFIHOS V2.0 CSV/CFIHOS CORE CFIHOS object equivalent mapping v2.0.csv,784,source_reference_record,source_reference_record_unreviewed
CFIHOS-30000473,STEPLIB,70405,real,True,sha256:a69b98012d9e4a46495a3aed48eef8ce75a69d001eaa28b4c38cb0f3c921909d,CORE CFIHOS V2.0 CSV/CFIHOS CORE CFIHOS object equivalent mapping v2.0.csv,785,source_reference_record,source_reference_record_unreviewed
CFIHOS-30000473,ISO 14224:2016,IPTS,real,True,sha256:a69b98012d9e4a46495a3aed48eef8ce75a69d001eaa28b4c38cb0f3c921909d,CORE CFIHOS V2.0 CSV/CFIHOS CORE CFIHOS object equivalent mapping v2.0.csv,786,source_reference_record,source_reference_record_unreviewed
CFIHOS-30000473,POSC CAESAR,RDS417824,real,True,sha256:a69b98012d9e4a46495a3aed48eef8ce75a69d001eaa28b4c38cb0f3c921909d,CORE CFIHOS V2.0 CSV/CFIHOS CORE CFIHOS object equivalent mapping v2.0.csv,787,source_reference_record,source_reference_record_unreviewed
CFIHOS-30000474,ISO 15926 part4,4794,real,True,sha256:a69b98012d9e4a46495a3aed48eef8ce75a69d001eaa28b4c38cb0f3c921909d,CORE CFIHOS V2.0 CSV/CFIHOS CORE CFIHOS object equivalent mapping v2.0.csv,788,source_reference_record,source_reference_record_unreviewed
CFIHOS-30000474,STEPLIB,70693,real,True,sha256:a69b98012d9e4a46495a3aed48eef8ce75a69d001eaa28b4c38cb0f3c921909d,CORE CFIHOS V2.0 CSV/CFIHOS CORE CFIHOS object equivalent mapping v2.0.csv,789,source_reference_record,source_reference_record_unreviewed
CFIHOS-30000474,POSC CAESAR,RDS1011284,real,True,sha256:a69b98012d9e4a46495a3aed48eef8ce75a69d001eaa28b4c38cb0f3c921909d,CORE CFIHOS V2.0 CSV/CFIHOS CORE CFIHOS object equivalent mapping v2.0.csv,790,source_reference_record,source_reference_record_unreviewed
CFIHOS-30000475,ISO 15926 part4,4796,real,True,sha256:a69b98012d9e4a46495a3aed48eef8ce75a69d001eaa28b4c38cb0f3c921909d,CORE CFIHOS V2.0 CSV/CFIHOS CORE CFIHOS object equivalent mapping v2.0.csv,791,source_reference_record,source_reference_record_unreviewed
CFIHOS-30000475,STEPLIB,70413,real,True,sha256:a69b98012d9e4a46495a3aed48eef8ce75a69d001eaa28b4c38cb0f3c921909d,CORE CFIHOS V2.0 CSV/CFIHOS CORE CFIHOS object equivalent mapping v2.0.csv,792,source_reference_record,source_reference_record_unreviewed
CFIHOS-30000475,POSC CAESAR,RDS316889,real,True,sha256:a69b98012d9e4a46495a3aed48eef8ce75a69d001eaa28b4c38cb0f3c921909d,CORE CFIHOS V2.0 CSV/CFIHOS CORE CFIHOS object equivalent mapping v2.0.csv,793,source_reference_record,source_reference_record_unreviewed
CFIHOS-30000476,ISO 15926 part4,4797,real,True,sha256:a69b98012d9e4a46495a3aed48eef8ce75a69d001eaa28b4c38cb0f3c921909d,CORE CFIHOS V2.0 CSV/CFIHOS CORE CFIHOS object equivalent mapping v2.0.csv,794,source_reference_record,source_reference_record_unreviewed
CFIHOS-30000476,STEPLIB,70254,real,True,sha256:a69b98012d9e4a46495a3aed48eef8ce75a69d001eaa28b4c38cb0f3c921909d,CORE CFIHOS V2.0 CSV/CFIHOS CORE CFIHOS object equivalent mapping v2.0.csv,795,source_reference_record,source_reference_record_unreviewed
CFIHOS-30000476,ISO 14224:2016,IPTS,real,True,sha256:a69b98012d9e4a46495a3aed48eef8ce75a69d001eaa28b4c38cb0f3c921909d,CORE CFIHOS V2.0 CSV/CFIHOS CORE CFIHOS object equivalent mapping v2.0.csv,796,source_reference_record,source_reference_record_unreviewed
CFIHOS-30000476,POSC CAESAR,RDS418004,real,True,sha256:a69b98012d9e4a46495a3aed48eef8ce75a69d001eaa28b4c38cb0f3c921909d,CORE CFIHOS V2.0 CSV/CFIHOS CORE CFIHOS object equivalent mapping v2.0.csv,797,source_reference_record,source_reference_record_unreviewed
CFIHOS-30000477,ISO 15926 part4,4798,real,True,sha256:a69b98012d9e4a46495a3aed48eef8ce75a69d001eaa28b4c38cb0f3c921909d,CORE CFIHOS V2.0 CSV/CFIHOS CORE CFIHOS object equivalent mapping v2.0.csv,798,source_reference_record,source_reference_record_unreviewed
CFIHOS-30000477,STEPLIB,70418,real,True,sha256:a69b98012d9e4a46495a3aed48eef8ce75a69d001eaa28b4c38cb0f3c921909d,CORE CFIHOS V2.0 CSV/CFIHOS CORE CFIHOS object equivalent mapping v2.0.csv,799,source_reference_record,source_reference_record_unreviewed
CFIHOS-30000477,POSC CAESAR,RDS1008089,real,True,sha256:a69b98012d9e4a46495a3aed48eef8ce75a69d001eaa28b4c38cb0f3c921909d,CORE CFIHOS V2.0 CSV/CFIHOS CORE CFIHOS object equivalent mapping v2.0.csv,800,source_reference_record,source_reference_record_unreviewed
CFIHOS-30000478,ISO 15926 part4,4805,real,True,sha256:a69b98012d9e4a46495a3aed48eef8ce75a69d001eaa28b4c38cb0f3c921909d,CORE CFIHOS V2.0 CSV/CFIHOS CORE CFIHOS object equivalent mapping v2.0.csv,801,source_reference_record,source_reference_record_unreviewed
CFIHOS-30000478,STEPLIB,70417,real,True,sha256:a69b98012d9e4a46495a3aed48eef8ce75a69d001eaa28b4c38cb0f3c921909d,CORE CFIHOS V2.0 CSV/CFIHOS CORE CFIHOS object equivalent mapping v2.0.csv,802,source_reference_record,source_reference_record_unreviewed
CFIHOS-30000478,POSC CAESAR,RDS445229,real,True,sha256:a69b98012d9e4a46495a3aed48eef8ce75a69d001eaa28b4c38cb0f3c921909d,CORE CFIHOS V2.0 CSV/CFIHOS CORE CFIHOS object equivalent mapping v2.0.csv,803,source_reference_record,source_reference_record_unreviewed
CFIHOS-30000479,ISO 15926 part4,4808,real,True,sha256:a69b98012d9e4a46495a3aed48eef8ce75a69d001eaa28b4c38cb0f3c921909d,CORE CFIHOS V2.0 CSV/CFIHOS CORE CFIHOS object equivalent mapping v2.0.csv,804,source_reference_record,source_reference_record_unreviewed
CFIHOS-30000479,STEPLIB,70421,real,True,sha256:a69b98012d9e4a46495a3aed48eef8ce75a69d001eaa28b4c38cb0f3c921909d,CORE CFIHOS V2.0 CSV/CFIHOS CORE CFIHOS object equivalent mapping v2.0.csv,805,source_reference_record,source_reference_record_unreviewed
CFIHOS-30000479,POSC CAESAR,RDS418049,real,True,sha256:a69b98012d9e4a46495a3aed48eef8ce75a69d001eaa28b4c38cb0f3c921909d,CORE CFIHOS V2.0 CSV/CFIHOS CORE CFIHOS object equivalent mapping v2.0.csv,806,source_reference_record,source_reference_record_unreviewed
CFIHOS-30000480,ISO 15926 part4,4814,real,True,sha256:a69b98012d9e4a46495a3aed48eef8ce75a69d001eaa28b4c38cb0f3c921909d,CORE CFIHOS V2.0 CSV/CFIHOS CORE CFIHOS object equivalent mapping v2.0.csv,807,source_reference_record,source_reference_record_unreviewed
CFIHOS-30000480,STEPLIB,70699,real,True,sha256:a69b98012d9e4a46495a3aed48eef8ce75a69d001eaa28b4c38cb0f3c921909d,CORE CFIHOS V2.0 CSV/CFIHOS CORE CFIHOS object equivalent mapping v2.0.csv,808,source_reference_record,source_reference_record_unreviewed
CFIHOS-30000480,POSC CAESAR,RDS5768480,real,True,sha256:a69b98012d9e4a46495a3aed48eef8ce75a69d001eaa28b4c38cb0f3c921909d,CORE CFIHOS V2.0 CSV/CFIHOS CORE CFIHOS object equivalent mapping v2.0.csv,809,source_reference_record,source_reference_record_unreviewed
CFIHOS-30000481,ISO 15926 part4,4822,real,True,sha256:a69b98012d9e4a46495a3aed48eef8ce75a69d001eaa28b4c38cb0f3c921909d,CORE CFIHOS V2.0 CSV/CFIHOS CORE CFIHOS object equivalent mapping v2.0.csv,810,source_reference_record,source_reference_record_unreviewed
CFIHOS-30000481,POSC CAESAR,RDS5801059,real,True,sha256:a69b98012d9e4a46495a3aed48eef8ce75a69d001eaa28b4c38cb0f3c921909d,CORE CFIHOS V2.0 CSV/CFIHOS CORE CFIHOS object equivalent mapping v2.0.csv,811,source_reference_record,source_reference_record_unreviewed
CFIHOS-30000482,ISO 15926 part4,4829,real,True,sha256:a69b98012d9e4a46495a3aed48eef8ce75a69d001eaa28b4c38cb0f3c921909d,CORE CFIHOS V2.0 CSV/CFIHOS CORE CFIHOS object equivalent mapping v2.0.csv,812,source_reference_record,source_reference_record_unreviewed
CFIHOS-30000482,ISO 14224:2016,IPFS,real,True,sha256:a69b98012d9e4a46495a3aed48eef8ce75a69d001eaa28b4c38cb0f3c921909d,CORE CFIHOS V2.0 CSV/CFIHOS CORE CFIHOS object equivalent mapping v2.0.csv,813,source_reference_record,source_reference_record_unreviewed
CFIHOS-30000482,POSC CAESAR,RDS417914,real,True,sha256:a69b98012d9e4a46495a3aed48eef8ce75a69d001eaa28b4c38cb0f3c921909d,CORE CFIHOS V2.0 CSV/CFIHOS CORE CFIHOS object equivalent mapping v2.0.csv,814,source_reference_record,source_reference_record_unreviewed
CFIHOS-30000483,ISO 15926 part4,4836,real,True,sha256:a69b98012d9e4a46495a3aed48eef8ce75a69d001eaa28b4c38cb0f3c921909d,CORE CFIHOS V2.0 CSV/CFIHOS CORE CFIHOS object equivalent mapping v2.0.csv,815,source_reference_record,source_reference_record_unreviewed
CFIHOS-30000483,ISO 14224:2016,IPFS,real,True,sha256:a69b98012d9e4a46495a3aed48eef8ce75a69d001eaa28b4c38cb0f3c921909d,CORE CFIHOS V2.0 CSV/CFIHOS CORE CFIHOS object equivalent mapping v2.0.csv,816,source_reference_record,source_reference_record_unreviewed
CFIHOS-30000483,POSC CAESAR,RDS418139,real,True,sha256:a69b98012d9e4a46495a3aed48eef8ce75a69d001eaa28b4c38cb0f3c921909d,CORE CFIHOS V2.0 CSV/CFIHOS CORE CFIHOS object equivalent mapping v2.0.csv,817,source_reference_record,source_reference_record_unreviewed
CFIHOS-30000484,ISO 15926 part4,4838,real,True,sha256:a69b98012d9e4a46495a3aed48eef8ce75a69d001eaa28b4c38cb0f3c921909d,CORE CFIHOS V2.0 CSV/CFIHOS CORE CFIHOS object equivalent mapping v2.0.csv,818,source_reference_record,source_reference_record_unreviewed
CFIHOS-30000484,ISO 14224:2016,IPLS,real,True,sha256:a69b98012d9e4a46495a3aed48eef8ce75a69d001eaa28b4c38cb0f3c921909d,CORE CFIHOS V2.0 CSV/CFIHOS CORE CFIHOS object equivalent mapping v2.0.csv,819,source_reference_record,source_reference_record_unreviewed
CFIHOS-30000484,POSC CAESAR,RDS1011644,real,True,sha256:a69b98012d9e4a46495a3aed48eef8ce75a69d001eaa28b4c38cb0f3c921909d,CORE CFIHOS V2.0 CSV/CFIHOS CORE CFIHOS object equivalent mapping v2.0.csv,820,source_reference_record,source_reference_record_unreviewed
CFIHOS-30000485,ISO 15926 part4,4852,real,True,sha256:a69b98012d9e4a46495a3aed48eef8ce75a69d001eaa28b4c38cb0f3c921909d,CORE CFIHOS V2.0 CSV/CFIHOS CORE CFIHOS object equivalent mapping v2.0.csv,821,source_reference_record,source_reference_record_unreviewed
CFIHOS-30000485,ISO 14224:2016,IPFS,real,True,sha256:a69b98012d9e4a46495a3aed48eef8ce75a69d001eaa28b4c38cb0f3c921909d,CORE CFIHOS V2.0 CSV/CFIHOS CORE CFIHOS object equivalent mapping v2.0.csv,822,source_reference_record,source_reference_record_unreviewed
CFIHOS-30000485,POSC CAESAR,RDS883439,real,True,sha256:a69b98012d9e4a46495a3aed48eef8ce75a69d001eaa28b4c38cb0f3c921909d,CORE CFIHOS V2.0 CSV/CFIHOS CORE CFIHOS object equivalent mapping v2.0.csv,823,source_reference_record,source_reference_record_unreviewed
CFIHOS-30000486,ISO 15926 part4,4857,real,True,sha256:a69b98012d9e4a46495a3aed48eef8ce75a69d001eaa28b4c38cb0f3c921909d,CORE CFIHOS V2.0 CSV/CFIHOS CORE CFIHOS object equivalent mapping v2.0.csv,824,source_reference_record,source_reference_record_unreviewed
CFIHOS-30000486,STEPLIB,70445,real,True,sha256:a69b98012d9e4a46495a3aed48eef8ce75a69d001eaa28b4c38cb0f3c921909d,CORE CFIHOS V2.0 CSV/CFIHOS CORE CFIHOS object equivalent mapping v2.0.csv,825,source_reference_record,source_reference_record_unreviewed
CFIHOS-30000486,POSC CAESAR,RDS648044,real,True,sha256:a69b98012d9e4a46495a3aed48eef8ce75a69d001eaa28b4c38cb0f3c921909d,CORE CFIHOS V2.0 CSV/CFIHOS CORE CFIHOS object equivalent mapping v2.0.csv,826,source_reference_record,source_reference_record_unreviewed
CFIHOS-30000487,ISO 15926 part4,4863,real,True,sha256:a69b98012d9e4a46495a3aed48eef8ce75a69d001eaa28b4c38cb0f3c921909d,CORE CFIHOS V2.0 CSV/CFIHOS CORE CFIHOS object equivalent mapping v2.0.csv,827,source_reference_record,source_reference_record_unreviewed
CFIHOS-30000487,STEPLIB,70956,real,True,sha256:a69b98012d9e4a46495a3aed48eef8ce75a69d001eaa28b4c38cb0f3c921909d,CORE CFIHOS V2.0 CSV/CFIHOS CORE CFIHOS object equivalent mapping v2.0.csv,828,source_reference_record,source_reference_record_unreviewed
CFIHOS-30000487,POSC CAESAR,RDS435959,real,True,sha256:a69b98012d9e4a46495a3aed48eef8ce75a69d001eaa28b4c38cb0f3c921909d,CORE CFIHOS V2.0 CSV/CFIHOS CORE CFIHOS object equivalent mapping v2.0.csv,829,source_reference_record,source_reference_record_unreviewed
CFIHOS-30000488,ISO 15926 part4,4864,real,True,sha256:a69b98012d9e4a46495a3aed48eef8ce75a69d001eaa28b4c38cb0f3c921909d,CORE CFIHOS V2.0 CSV/CFIHOS CORE CFIHOS object equivalent mapping v2.0.csv,830,source_reference_record,source_reference_record_unreviewed
CFIHOS-30000488,POSC CAESAR,RDS5780016,real,True,sha256:a69b98012d9e4a46495a3aed48eef8ce75a69d001eaa28b4c38cb0f3c921909d,CORE CFIHOS V2.0 CSV/CFIHOS CORE CFIHOS object equivalent mapping v2.0.csv,831,source_reference_record,source_reference_record_unreviewed
CFIHOS-30000489,ISO 15926 part4,4865,real,True,sha256:a69b98012d9e4a46495a3aed48eef8ce75a69d001eaa28b4c38cb0f3c921909d,CORE CFIHOS V2.0 CSV/CFIHOS CORE CFIHOS object equivalent mapping v2.0.csv,832,source_reference_record,source_reference_record_unreviewed
CFIHOS-30000489,STEPLIB,70450,real,True,sha256:a69b98012d9e4a46495a3aed48eef8ce75a69d001eaa28b4c38cb0f3c921909d,CORE CFIHOS V2.0 CSV/CFIHOS CORE CFIHOS object equivalent mapping v2.0.csv,833,source_reference_record,source_reference_record_unreviewed
CFIHOS-30000489,POSC CAESAR,RDS6466659,real,True,sha256:a69b98012d9e4a46495a3aed48eef8ce75a69d001eaa28b4c38cb0f3c921909d,CORE CFIHOS V2.0 CSV/CFIHOS CORE CFIHOS object equivalent mapping v2.0.csv,834,source_reference_record,source_reference_record_unreviewed
CFIHOS-30000490,ISO 15926 part4,4866,real,True,sha256:a69b98012d9e4a46495a3aed48eef8ce75a69d001eaa28b4c38cb0f3c921909d,CORE CFIHOS V2.0 CSV/CFIHOS CORE CFIHOS object equivalent mapping v2.0.csv,835,source_reference_record,source_reference_record_unreviewed
CFIHOS-30000490,STEPLIB,70964,real,True,sha256:a69b98012d9e4a46495a3aed48eef8ce75a69d001eaa28b4c38cb0f3c921909d,CORE CFIHOS V2.0 CSV/CFIHOS CORE CFIHOS object equivalent mapping v2.0.csv,836,source_reference_record,source_reference_record_unreviewed
CFIHOS-30000490,POSC CAESAR,RDS851174,real,True,sha256:a69b98012d9e4a46495a3aed48eef8ce75a69d001eaa28b4c38cb0f3c921909d,CORE CFIHOS V2.0 CSV/CFIHOS CORE CFIHOS object equivalent mapping v2.0.csv,837,source_reference_record,source_reference_record_unreviewed
CFIHOS-30000491,ISO 15926 part4,4869,real,True,sha256:a69b98012d9e4a46495a3aed48eef8ce75a69d001eaa28b4c38cb0f3c921909d,CORE CFIHOS V2.0 CSV/CFIHOS CORE CFIHOS object equivalent mapping v2.0.csv,838,source_reference_record,source_reference_record_unreviewed
CFIHOS-30000491,ISO 14224:2016,IPFS,real,True,sha256:a69b98012d9e4a46495a3aed48eef8ce75a69d001eaa28b4c38cb0f3c921909d,CORE CFIHOS V2.0 CSV/CFIHOS CORE CFIHOS object equivalent mapping v2.0.csv,839,source_reference_record,source_reference_record_unreviewed
CFIHOS-30000491,POSC CAESAR,RDS418184,real,True,sha256:a69b98012d9e4a46495a3aed48eef8ce75a69d001eaa28b4c38cb0f3c921909d,CORE CFIHOS V2.0 CSV/CFIHOS CORE CFIHOS object equivalent mapping v2.0.csv,840,source_reference_record,source_reference_record_unreviewed
CFIHOS-30000492,ISO 15926 part4,4882,real,True,sha256:a69b98012d9e4a46495a3aed48eef8ce75a69d001eaa28b4c38cb0f3c921909d,CORE CFIHOS V2.0 CSV/CFIHOS CORE CFIHOS object equivalent mapping v2.0.csv,841,source_reference_record,source_reference_record_unreviewed
CFIHOS-30000492,POSC CAESAR,RDS5773048,real,True,sha256:a69b98012d9e4a46495a3aed48eef8ce75a69d001eaa28b4c38cb0f3c921909d,CORE CFIHOS V2.0 CSV/CFIHOS CORE CFIHOS object equivalent mapping v2.0.csv,842,source_reference_record,source_reference_record_unreviewed
CFIHOS-30000493,ISO 15926 part4,4884,real,True,sha256:a69b98012d9e4a46495a3aed48eef8ce75a69d001eaa28b4c38cb0f3c921909d,CORE CFIHOS V2.0 CSV/CFIHOS CORE CFIHOS object equivalent mapping v2.0.csv,843,source_reference_record,source_reference_record_unreviewed
CFIHOS-30000493,STEPLIB,70462,real,True,sha256:a69b98012d9e4a46495a3aed48eef8ce75a69d001eaa28b4c38cb0f3c921909d,CORE CFIHOS V2.0 CSV/CFIHOS CORE CFIHOS object equivalent mapping v2.0.csv,844,source_reference_record,source_reference_record_unreviewed
CFIHOS-30000493,POSC CAESAR,RDS1008134,real,True,sha256:a69b98012d9e4a46495a3aed48eef8ce75a69d001eaa28b4c38cb0f3c921909d,CORE CFIHOS V2.0 CSV/CFIHOS CORE CFIHOS object equivalent mapping v2.0.csv,845,source_reference_record,source_reference_record_unreviewed
CFIHOS-30000494,ISO 15926 part4,4939,real,True,sha256:a69b98012d9e4a46495a3aed48eef8ce75a69d001eaa28b4c38cb0f3c921909d,CORE CFIHOS V2.0 CSV/CFIHOS CORE CFIHOS object equivalent mapping v2.0.csv,846,source_reference_record,source_reference_record_unreviewed
CFIHOS-30000494,POSC CAESAR,RDS16663020,real,True,sha256:a69b98012d9e4a46495a3aed48eef8ce75a69d001eaa28b4c38cb0f3c921909d,CORE CFIHOS V2.0 CSV/CFIHOS CORE CFIHOS object equivalent mapping v2.0.csv,847,source_reference_record,source_reference_record_unreviewed
CFIHOS-30000494,ISO 14224:2016,XT,real,True,sha256:a69b98012d9e4a46495a3aed48eef8ce75a69d001eaa28b4c38cb0f3c921909d,CORE CFIHOS V2.0 CSV/CFIHOS CORE CFIHOS object equivalent mapping v2.0.csv,848,source_reference_record,source_reference_record_unreviewed
CFIHOS-30000495,STEPLIB,10298,real,True,sha256:a69b98012d9e4a46495a3aed48eef8ce75a69d001eaa28b4c38cb0f3c921909d,CORE CFIHOS V2.0 CSV/CFIHOS CORE CFIHOS object equivalent mapping v2.0.csv,849,source_reference_record,source_reference_record_unreviewed
CFIHOS-30000495,ISO 15926 part4,5097,real,True,sha256:a69b98012d9e4a46495a3aed48eef8ce75a69d001eaa28b4c38cb0f3c921909d,CORE CFIHOS V2.0 CSV/CFIHOS CORE CFIHOS object equivalent mapping v2.0.csv,850,source_reference_record,source_reference_record_unreviewed
CFIHOS-30000495,ISO 14224:2016,NO,real,True,sha256:a69b98012d9e4a46495a3aed48eef8ce75a69d001eaa28b4c38cb0f3c921909d,CORE CFIHOS V2.0 CSV/CFIHOS CORE CFIHOS object equivalent mapping v2.0.csv,851,source_reference_record,source_reference_record_unreviewed
CFIHOS-30000495,POSC CAESAR,RDS415214,real,True,sha256:a69b98012d9e4a46495a3aed48eef8ce75a69d001eaa28b4c38cb0f3c921909d,CORE CFIHOS V2.0 CSV/CFIHOS CORE CFIHOS object equivalent mapping v2.0.csv,852,source_reference_record,source_reference_record_unreviewed
CFIHOS-30000496,STEPLIB,10077,real,True,sha256:a69b98012d9e4a46495a3aed48eef8ce75a69d001eaa28b4c38cb0f3c921909d,CORE CFIHOS V2.0 CSV/CFIHOS CORE CFIHOS object equivalent mapping v2.0.csv,853,source_reference_record,source_reference_record_unreviewed
CFIHOS-30000496,ISO 15926 part4,5110,real,True,sha256:a69b98012d9e4a46495a3aed48eef8ce75a69d001eaa28b4c38cb0f3c921909d,CORE CFIHOS V2.0 CSV/CFIHOS CORE CFIHOS object equivalent mapping v2.0.csv,854,source_reference_record,source_reference_record_unreviewed
CFIHOS-30000496,POSC CAESAR,RDS421199,real,True,sha256:a69b98012d9e4a46495a3aed48eef8ce75a69d001eaa28b4c38cb0f3c921909d,CORE CFIHOS V2.0 CSV/CFIHOS CORE CFIHOS object equivalent mapping v2.0.csv,855,source_reference_record,source_reference_record_unreviewed
CFIHOS-30000497,STEPLIB,10433,real,True,sha256:a69b98012d9e4a46495a3aed48eef8ce75a69d001eaa28b4c38cb0f3c921909d,CORE CFIHOS V2.0 CSV/CFIHOS CORE CFIHOS object equivalent mapping v2.0.csv,856,source_reference_record,source_reference_record_unreviewed
CFIHOS-30000497,ISO 15926 part4,5111,real,True,sha256:a69b98012d9e4a46495a3aed48eef8ce75a69d001eaa28b4c38cb0f3c921909d,CORE CFIHOS V2.0 CSV/CFIHOS CORE CFIHOS object equivalent mapping v2.0.csv,857,source_reference_record,source_reference_record_unreviewed
CFIHOS-30000497,POSC CAESAR,RDS670904,real,True,sha256:a69b98012d9e4a46495a3aed48eef8ce75a69d001eaa28b4c38cb0f3c921909d,CORE CFIHOS V2.0 CSV/CFIHOS CORE CFIHOS object equivalent mapping v2.0.csv,858,source_reference_record,source_reference_record_unreviewed
CFIHOS-30000498,STEPLIB,10231,real,True,sha256:a69b98012d9e4a46495a3aed48eef8ce75a69d001eaa28b4c38cb0f3c921909d,CORE CFIHOS V2.0 CSV/CFIHOS CORE CFIHOS object equivalent mapping v2.0.csv,859,source_reference_record,source_reference_record_unreviewed
CFIHOS-30000498,ISO 15926 part4,5205,real,True,sha256:a69b98012d9e4a46495a3aed48eef8ce75a69d001eaa28b4c38cb0f3c921909d,CORE CFIHOS V2.0 CSV/CFIHOS CORE CFIHOS object equivalent mapping v2.0.csv,860,source_reference_record,source_reference_record_unreviewed
CFIHOS-30000498,POSC CAESAR,RDS472679,real,True,sha256:a69b98012d9e4a46495a3aed48eef8ce75a69d001eaa28b4c38cb0f3c921909d,CORE CFIHOS V2.0 CSV/CFIHOS CORE CFIHOS object equivalent mapping v2.0.csv,861,source_reference_record,source_reference_record_unreviewed
CFIHOS-30000499,STEPLIB,10141,real,True,sha256:a69b98012d9e4a46495a3aed48eef8ce75a69d001eaa28b4c38cb0f3c921909d,CORE CFIHOS V2.0 CSV/CFIHOS CORE CFIHOS object equivalent mapping v2.0.csv,862,source_reference_record,source_reference_record_unreviewed
CFIHOS-30000499,ISO 15926 part4,5219,real,True,sha256:a69b98012d9e4a46495a3aed48eef8ce75a69d001eaa28b4c38cb0f3c921909d,CORE CFIHOS V2.0 CSV/CFIHOS CORE CFIHOS object equivalent mapping v2.0.csv,863,source_reference_record,source_reference_record_unreviewed
CFIHOS-30000499,POSC CAESAR,RDS427724,real,True,sha256:a69b98012d9e4a46495a3aed48eef8ce75a69d001eaa28b4c38cb0f3c921909d,CORE CFIHOS V2.0 CSV/CFIHOS CORE CFIHOS object equivalent mapping v2.0.csv,864,source_reference_record,source_reference_record_unreviewed
CFIHOS-30000500,STEPLIB,10082,real,True,sha256:a69b98012d9e4a46495a3aed48eef8ce75a69d001eaa28b4c38cb0f3c921909d,CORE CFIHOS V2.0 CSV/CFIHOS CORE CFIHOS object equivalent mapping v2.0.csv,865,source_reference_record,source_reference_record_unreviewed
CFIHOS-30000500,ISO 15926 part4,5247,real,True,sha256:a69b98012d9e4a46495a3aed48eef8ce75a69d001eaa28b4c38cb0f3c921909d,CORE CFIHOS V2.0 CSV/CFIHOS CORE CFIHOS object equivalent mapping v2.0.csv,866,source_reference_record,source_reference_record_unreviewed
CFIHOS-30000500,ISO 14224:2016,PL,real,True,sha256:a69b98012d9e4a46495a3aed48eef8ce75a69d001eaa28b4c38cb0f3c921909d,CORE CFIHOS V2.0 CSV/CFIHOS CORE CFIHOS object equivalent mapping v2.0.csv,867,source_reference_record,source_reference_record_unreviewed
CFIHOS-30000500,POSC CAESAR,RDS275399,real,True,sha256:a69b98012d9e4a46495a3aed48eef8ce75a69d001eaa28b4c38cb0f3c921909d,CORE CFIHOS V2.0 CSV/CFIHOS CORE CFIHOS object equivalent mapping v2.0.csv,868,source_reference_record,source_reference_record_unreviewed
CFIHOS-30000501,ISO 15926 part4,5261,real,True,sha256:a69b98012d9e4a46495a3aed48eef8ce75a69d001eaa28b4c38cb0f3c921909d,CORE CFIHOS V2.0 CSV/CFIHOS CORE CFIHOS object equivalent mapping v2.0.csv,869,source_reference_record,source_reference_record_unreviewed
CFIHOS-30000501,POSC CAESAR,RDS460844,real,True,sha256:a69b98012d9e4a46495a3aed48eef8ce75a69d001eaa28b4c38cb0f3c921909d,CORE CFIHOS V2.0 CSV/CFIHOS CORE CFIHOS object equivalent mapping v2.0.csv,870,source_reference_record,source_reference_record_unreviewed
CFIHOS-30000502,STEPLIB,520530,real,True,sha256:a69b98012d9e4a46495a3aed48eef8ce75a69d001eaa28b4c38cb0f3c921909d,CORE CFIHOS V2.0 CSV/CFIHOS CORE CFIHOS object equivalent mapping v2.0.csv,871,source_reference_record,source_reference_record_unreviewed
CFIHOS-30000502,ISO 15926 part4,5307,real,True,sha256:a69b98012d9e4a46495a3aed48eef8ce75a69d001eaa28b4c38cb0f3c921909d,CORE CFIHOS V2.0 CSV/CFIHOS CORE CFIHOS object equivalent mapping v2.0.csv,872,source_reference_record,source_reference_record_unreviewed
CFIHOS-30000502,ISO 14224:2016,PR,real,True,sha256:a69b98012d9e4a46495a3aed48eef8ce75a69d001eaa28b4c38cb0f3c921909d,CORE CFIHOS V2.0 CSV/CFIHOS CORE CFIHOS object equivalent mapping v2.0.csv,873,source_reference_record,source_reference_record_unreviewed
CFIHOS-30000502,POSC CAESAR,RDS414809,real,True,sha256:a69b98012d9e4a46495a3aed48eef8ce75a69d001eaa28b4c38cb0f3c921909d,CORE CFIHOS V2.0 CSV/CFIHOS CORE CFIHOS object equivalent mapping v2.0.csv,874,source_reference_record,source_reference_record_unreviewed
CFIHOS-30000503,STEPLIB,10125,real,True,sha256:a69b98012d9e4a46495a3aed48eef8ce75a69d001eaa28b4c38cb0f3c921909d,CORE CFIHOS V2.0 CSV/CFIHOS CORE CFIHOS object equivalent mapping v2.0.csv,875,source_reference_record,source_reference_record_unreviewed
CFIHOS-30000503,ISO 15926 part4,5358,real,True,sha256:a69b98012d9e4a46495a3aed48eef8ce75a69d001eaa28b4c38cb0f3c921909d,CORE CFIHOS V2.0 CSV/CFIHOS CORE CFIHOS object equivalent mapping v2.0.csv,876,source_reference_record,source_reference_record_unreviewed
CFIHOS-30000503,POSC CAESAR,RDS422324,real,True,sha256:a69b98012d9e4a46495a3aed48eef8ce75a69d001eaa28b4c38cb0f3c921909d,CORE CFIHOS V2.0 CSV/CFIHOS CORE CFIHOS object equivalent mapping v2.0.csv,877,source_reference_record,source_reference_record_unreviewed
CFIHOS-30000504,STEPLIB,10126,real,True,sha256:a69b98012d9e4a46495a3aed48eef8ce75a69d001eaa28b4c38cb0f3c921909d,CORE CFIHOS V2.0 CSV/CFIHOS CORE CFIHOS object equivalent mapping v2.0.csv,878,source_reference_record,source_reference_record_unreviewed
CFIHOS-30000504,ISO 15926 part4,5365,real,True,sha256:a69b98012d9e4a46495a3aed48eef8ce75a69d001eaa28b4c38cb0f3c921909d,CORE CFIHOS V2.0 CSV/CFIHOS CORE CFIHOS object equivalent mapping v2.0.csv,879,source_reference_record,source_reference_record_unreviewed
CFIHOS-30000504,POSC CAESAR,RDS13029000,real,True,sha256:a69b98012d9e4a46495a3aed48eef8ce75a69d001eaa28b4c38cb0f3c921909d,CORE CFIHOS V2.0 CSV/CFIHOS CORE CFIHOS object equivalent mapping v2.0.csv,880,source_reference_record,source_reference_record_unreviewed
CFIHOS-30000505,STEPLIB,10129,real,True,sha256:a69b98012d9e4a46495a3aed48eef8ce75a69d001eaa28b4c38cb0f3c921909d,CORE CFIHOS V2.0 CSV/CFIHOS CORE CFIHOS object equivalent mapping v2.0.csv,881,source_reference_record,source_reference_record_unreviewed
CFIHOS-30000505,ISO 15926 part4,5372,real,True,sha256:a69b98012d9e4a46495a3aed48eef8ce75a69d001eaa28b4c38cb0f3c921909d,CORE CFIHOS V2.0 CSV/CFIHOS CORE CFIHOS object equivalent mapping v2.0.csv,882,source_reference_record,source_reference_record_unreviewed
CFIHOS-30000505,POSC CAESAR,RDS5782388,real,True,sha256:a69b98012d9e4a46495a3aed48eef8ce75a69d001eaa28b4c38cb0f3c921909d,CORE CFIHOS V2.0 CSV/CFIHOS CORE CFIHOS object equivalent mapping v2.0.csv,883,source_reference_record,source_reference_record_unreviewed
CFIHOS-30000506,STEPLIB,10132,real,True,sha256:a69b98012d9e4a46495a3aed48eef8ce75a69d001eaa28b4c38cb0f3c921909d,CORE CFIHOS V2.0 CSV/CFIHOS CORE CFIHOS object equivalent mapping v2.0.csv,884,source_reference_record,source_reference_record_unreviewed
CFIHOS-30000506,ISO 15926 part4,5375,real,True,sha256:a69b98012d9e4a46495a3aed48eef8ce75a69d001eaa28b4c38cb0f3c921909d,CORE CFIHOS V2.0 CSV/CFIHOS CORE CFIHOS object equivalent mapping v2.0.csv,885,source_reference_record,source_reference_record_unreviewed
CFIHOS-30000506,ISO 14224:2016,FS,real,True,sha256:a69b98012d9e4a46495a3aed48eef8ce75a69d001eaa28b4c38cb0f3c921909d,CORE CFIHOS V2.0 CSV/CFIHOS CORE CFIHOS object equivalent mapping v2.0.csv,886,source_reference_record,source_reference_record_unreviewed
CFIHOS-30000506,POSC CAESAR,RDS422504,real,True,sha256:a69b98012d9e4a46495a3aed48eef8ce75a69d001eaa28b4c38cb0f3c921909d,CORE CFIHOS V2.0 CSV/CFIHOS CORE CFIHOS object equivalent mapping v2.0.csv,887,source_reference_record,source_reference_record_unreviewed
CFIHOS-30000507,STEPLIB,10611,real,True,sha256:a69b98012d9e4a46495a3aed48eef8ce75a69d001eaa28b4c38cb0f3c921909d,CORE CFIHOS V2.0 CSV/CFIHOS CORE CFIHOS object equivalent mapping v2.0.csv,888,source_reference_record,source_reference_record_unreviewed
CFIHOS-30000507,ISO 15926 part4,5453,real,True,sha256:a69b98012d9e4a46495a3aed48eef8ce75a69d001eaa28b4c38cb0f3c921909d,CORE CFIHOS V2.0 CSV/CFIHOS CORE CFIHOS object equivalent mapping v2.0.csv,889,source_reference_record,source_reference_record_unreviewed
CFIHOS-30000507,POSC CAESAR,RDS5796811,real,True,sha256:a69b98012d9e4a46495a3aed48eef8ce75a69d001eaa28b4c38cb0f3c921909d,CORE CFIHOS V2.0 CSV/CFIHOS CORE CFIHOS object equivalent mapping v2.0.csv,890,source_reference_record,source_reference_record_unreviewed
CFIHOS-30000508,ISO 15926 part4,5830,real,True,sha256:a69b98012d9e4a46495a3aed48eef8ce75a69d001eaa28b4c38cb0f3c921909d,CORE CFIHOS V2.0 CSV/CFIHOS CORE CFIHOS object equivalent mapping v2.0.csv,891,source_reference_record,source_reference_record_unreviewed
CFIHOS-30000508,POSC CAESAR,RDS1070896071,real,True,sha256:a69b98012d9e4a46495a3aed48eef8ce75a69d001eaa28b4c38cb0f3c921909d,CORE CFIHOS V2.0 CSV/CFIHOS CORE CFIHOS object equivalent mapping v2.0.csv,892,source_reference_record,source_reference_record_unreviewed
CFIHOS-30000510,STEPLIB,400057,real,True,sha256:a69b98012d9e4a46495a3aed48eef8ce75a69d001eaa28b4c38cb0f3c921909d,CORE CFIHOS V2.0 CSV/CFIHOS CORE CFIHOS object equivalent mapping v2.0.csv,893,source_reference_record,source_reference_record_unreviewed
CFIHOS-30000510,ISO 15926 part4,7182,real,True,sha256:a69b98012d9e4a46495a3aed48eef8ce75a69d001eaa28b4c38cb0f3c921909d,CORE CFIHOS V2.0 CSV/CFIHOS CORE CFIHOS object equivalent mapping v2.0.csv,894,source_reference_record,source_reference_record_unreviewed
CFIHOS-30000510,POSC CAESAR,RDS11857705,real,True,sha256:a69b98012d9e4a46495a3aed48eef8ce75a69d001eaa28b4c38cb0f3c921909d,CORE CFIHOS V2.0 CSV/CFIHOS CORE CFIHOS object equivalent mapping v2.0.csv,895,source_reference_record,source_reference_record_unreviewed
CFIHOS-30000511,STEPLIB,400058,real,True,sha256:a69b98012d9e4a46495a3aed48eef8ce75a69d001eaa28b4c38cb0f3c921909d,CORE CFIHOS V2.0 CSV/CFIHOS CORE CFIHOS object equivalent mapping v2.0.csv,896,source_reference_record,source_reference_record_unreviewed
CFIHOS-30000511,ISO 15926 part4,7185,real,True,sha256:a69b98012d9e4a46495a3aed48eef8ce75a69d001eaa28b4c38cb0f3c921909d,CORE CFIHOS V2.0 CSV/CFIHOS CORE CFIHOS object equivalent mapping v2.0.csv,897,source_reference_record,source_reference_record_unreviewed
CFIHOS-30000511,POSC CAESAR,RDS941719801,real,True,sha256:a69b98012d9e4a46495a3aed48eef8ce75a69d001eaa28b4c38cb0f3c921909d,CORE CFIHOS V2.0 CSV/CFIHOS CORE CFIHOS object equivalent mapping v2.0.csv,898,source_reference_record,source_reference_record_unreviewed
CFIHOS-30000512,STEPLIB,400073,real,True,sha256:a69b98012d9e4a46495a3aed48eef8ce75a69d001eaa28b4c38cb0f3c921909d,CORE CFIHOS V2.0 CSV/CFIHOS CORE CFIHOS object equivalent mapping v2.0.csv,899,source_reference_record,source_reference_record_unreviewed
CFIHOS-30000512,ISO 15926 part4,7215,real,True,sha256:a69b98012d9e4a46495a3aed48eef8ce75a69d001eaa28b4c38cb0f3c921909d,CORE CFIHOS V2.0 CSV/CFIHOS CORE CFIHOS object equivalent mapping v2.0.csv,900,source_reference_record,source_reference_record_unreviewed
CFIHOS-30000512,ISO 14224:2016,FF,real,True,sha256:a69b98012d9e4a46495a3aed48eef8ce75a69d001eaa28b4c38cb0f3c921909d,CORE CFIHOS V2.0 CSV/CFIHOS CORE CFIHOS object equivalent mapping v2.0.csv,901,source_reference_record,source_reference_record_unreviewed
CFIHOS-30000512,POSC CAESAR,RDS619964,real,True,sha256:a69b98012d9e4a46495a3aed48eef8ce75a69d001eaa28b4c38cb0f3c921909d,CORE CFIHOS V2.0 CSV/CFIHOS CORE CFIHOS object equivalent mapping v2.0.csv,902,source_reference_record,source_reference_record_unreviewed
CFIHOS-30000513,STEPLIB,400100,real,True,sha256:a69b98012d9e4a46495a3aed48eef8ce75a69d001eaa28b4c38cb0f3c921909d,CORE CFIHOS V2.0 CSV/CFIHOS CORE CFIHOS object equivalent mapping v2.0.csv,903,source_reference_record,source_reference_record_unreviewed
CFIHOS-30000513,ISO 15926 part4,7260,real,True,sha256:a69b98012d9e4a46495a3aed48eef8ce75a69d001eaa28b4c38cb0f3c921909d,CORE CFIHOS V2.0 CSV/CFIHOS CORE CFIHOS object equivalent mapping v2.0.csv,904,source_reference_record,source_reference_record_unreviewed
CFIHOS-30000513,ISO 14224:2016,ER,real,True,sha256:a69b98012d9e4a46495a3aed48eef8ce75a69d001eaa28b4c38cb0f3c921909d,CORE CFIHOS V2.0 CSV/CFIHOS CORE CFIHOS object equivalent mapping v2.0.csv,905,source_reference_record,source_reference_record_unreviewed
CFIHOS-30000513,POSC CAESAR,RDS310274,real,True,sha256:a69b98012d9e4a46495a3aed48eef8ce75a69d001eaa28b4c38cb0f3c921909d,CORE CFIHOS V2.0 CSV/CFIHOS CORE CFIHOS object equivalent mapping v2.0.csv,906,source_reference_record,source_reference_record_unreviewed
CFIHOS-30000514,STEPLIB,400114,real,True,sha256:a69b98012d9e4a46495a3aed48eef8ce75a69d001eaa28b4c38cb0f3c921909d,CORE CFIHOS V2.0 CSV/CFIHOS CORE CFIHOS object equivalent mapping v2.0.csv,907,source_reference_record,source_reference_record_unreviewed
CFIHOS-30000514,ISO 15926 part4,7267,real,True,sha256:a69b98012d9e4a46495a3aed48eef8ce75a69d001eaa28b4c38cb0f3c921909d,CORE CFIHOS V2.0 CSV/CFIHOS CORE CFIHOS object equivalent mapping v2.0.csv,908,source_reference_record,source_reference_record_unreviewed
CFIHOS-30000514,POSC CAESAR,RDS1049368591,real,True,sha256:a69b98012d9e4a46495a3aed48eef8ce75a69d001eaa28b4c38cb0f3c921909d,CORE CFIHOS V2.0 CSV/CFIHOS CORE CFIHOS object equivalent mapping v2.0.csv,909,source_reference_record,source_reference_record_unreviewed
CFIHOS-30000515,STEPLIB,131113,real,True,sha256:a69b98012d9e4a46495a3aed48eef8ce75a69d001eaa28b4c38cb0f3c921909d,CORE CFIHOS V2.0 CSV/CFIHOS CORE CFIHOS object equivalent mapping v2.0.csv,910,source_reference_record,source_reference_record_unreviewed
CFIHOS-30000515,ISO 15926 part4,7291,real,True,sha256:a69b98012d9e4a46495a3aed48eef8ce75a69d001eaa28b4c38cb0f3c921909d,CORE CFIHOS V2.0 CSV/CFIHOS CORE CFIHOS object equivalent mapping v2.0.csv,911,source_reference_record,source_reference_record_unreviewed
CFIHOS-30000515,POSC CAESAR,RDS16765704,real,True,sha256:a69b98012d9e4a46495a3aed48eef8ce75a69d001eaa28b4c38cb0f3c921909d,CORE CFIHOS V2.0 CSV/CFIHOS CORE CFIHOS object equivalent mapping v2.0.csv,912,source_reference_record,source_reference_record_unreviewed
CFIHOS-30000516,STEPLIB,130010,real,True,sha256:a69b98012d9e4a46495a3aed48eef8ce75a69d001eaa28b4c38cb0f3c921909d,CORE CFIHOS V2.0 CSV/CFIHOS CORE CFIHOS object equivalent mapping v2.0.csv,913,source_reference_record,source_reference_record_unreviewed
CFIHOS-30000516,ISO 15926 part4,7316,real,True,sha256:a69b98012d9e4a46495a3aed48eef8ce75a69d001eaa28b4c38cb0f3c921909d,CORE CFIHOS V2.0 CSV/CFIHOS CORE CFIHOS object equivalent mapping v2.0.csv,914,source_reference_record,source_reference_record_unreviewed
CFIHOS-30000516,ISO 14224:2016,COAX,real,True,sha256:a69b98012d9e4a46495a3aed48eef8ce75a69d001eaa28b4c38cb0f3c921909d,CORE CFIHOS V2.0 CSV/CFIHOS CORE CFIHOS object equivalent mapping v2.0.csv,915,source_reference_record,source_reference_record_unreviewed
CFIHOS-30000516,POSC CAESAR,RDS417239,real,True,sha256:a69b98012d9e4a46495a3aed48eef8ce75a69d001eaa28b4c38cb0f3c921909d,CORE CFIHOS V2.0 CSV/CFIHOS CORE CFIHOS object equivalent mapping v2.0.csv,916,source_reference_record,source_reference_record_unreviewed
CFIHOS-30000516,ISO 14224:2016,SC,real,True,sha256:a69b98012d9e4a46495a3aed48eef8ce75a69d001eaa28b4c38cb0f3c921909d,CORE CFIHOS V2.0 CSV/CFIHOS CORE CFIHOS object equivalent mapping v2.0.csv,917,source_reference_record,source_reference_record_unreviewed
CFIHOS-30000517,STEPLIB,130030,real,True,sha256:a69b98012d9e4a46495a3aed48eef8ce75a69d001eaa28b4c38cb0f3c921909d,CORE CFIHOS V2.0 CSV/CFIHOS CORE CFIHOS object equivalent mapping v2.0.csv,918,source_reference_record,source_reference_record_unreviewed
CFIHOS-30000517,ISO 15926 part4,7351,real,True,sha256:a69b98012d9e4a46495a3aed48eef8ce75a69d001eaa28b4c38cb0f3c921909d,CORE CFIHOS V2.0 CSV/CFIHOS CORE CFIHOS object equivalent mapping v2.0.csv,919,source_reference_record,source_reference_record_unreviewed
CFIHOS-30000517,POSC CAESAR,RDS286874,real,True,sha256:a69b98012d9e4a46495a3aed48eef8ce75a69d001eaa28b4c38cb0f3c921909d,CORE CFIHOS V2.0 CSV/CFIHOS CORE CFIHOS object equivalent mapping v2.0.csv,920,source_reference_record,source_reference_record_unreviewed
CFIHOS-30000518,STEPLIB,130042,real,True,sha256:a69b98012d9e4a46495a3aed48eef8ce75a69d001eaa28b4c38cb0f3c921909d,CORE CFIHOS V2.0 CSV/CFIHOS CORE CFIHOS object equivalent mapping v2.0.csv,921,source_reference_record,source_reference_record_unreviewed
CFIHOS-30000518,ISO 15926 part4,7380,real,True,sha256:a69b98012d9e4a46495a3aed48eef8ce75a69d001eaa28b4c38cb0f3c921909d,CORE CFIHOS V2.0 CSV/CFIHOS CORE CFIHOS object equivalent mapping v2.0.csv,922,source_reference_record,source_reference_record_unreviewed
CFIHOS-30000518,ISO 14224:2016,BL,real,True,sha256:a69b98012d9e4a46495a3aed48eef8ce75a69d001eaa28b4c38cb0f3c921909d,CORE CFIHOS V2.0 CSV/CFIHOS CORE CFIHOS object equivalent mapping v2.0.csv,923,source_reference_record,source_reference_record_unreviewed
CFIHOS-30000518,POSC CAESAR,RDS417149,real,True,sha256:a69b98012d9e4a46495a3aed48eef8ce75a69d001eaa28b4c38cb0f3c921909d,CORE CFIHOS V2.0 CSV/CFIHOS CORE CFIHOS object equivalent mapping v2.0.csv,924,source_reference_record,source_reference_record_unreviewed
CFIHOS-30000519,STEPLIB,131030,real,True,sha256:a69b98012d9e4a46495a3aed48eef8ce75a69d001eaa28b4c38cb0f3c921909d,CORE CFIHOS V2.0 CSV/CFIHOS CORE CFIHOS object equivalent mapping v2.0.csv,925,source_reference_record,source_reference_record_unreviewed
CFIHOS-30000519,ISO 15926 part4,7392,real,True,sha256:a69b98012d9e4a46495a3aed48eef8ce75a69d001eaa28b4c38cb0f3c921909d,CORE CFIHOS V2.0 CSV/CFIHOS CORE CFIHOS object equivalent mapping v2.0.csv,926,source_reference_record,source_reference_record_unreviewed
CFIHOS-30000519,POSC CAESAR,RDS5765184,real,True,sha256:a69b98012d9e4a46495a3aed48eef8ce75a69d001eaa28b4c38cb0f3c921909d,CORE CFIHOS V2.0 CSV/CFIHOS CORE CFIHOS object equivalent mapping v2.0.csv,927,source_reference_record,source_reference_record_unreviewed
CFIHOS-30000520,STEPLIB,130057,real,True,sha256:a69b98012d9e4a46495a3aed48eef8ce75a69d001eaa28b4c38cb0f3c921909d,CORE CFIHOS V2.0 CSV/CFIHOS CORE CFIHOS object equivalent mapping v2.0.csv,928,source_reference_record,source_reference_record_unreviewed
CFIHOS-30000520,ISO 15926 part4,7435,real,True,sha256:a69b98012d9e4a46495a3aed48eef8ce75a69d001eaa28b4c38cb0f3c921909d,CORE CFIHOS V2.0 CSV/CFIHOS CORE CFIHOS object equivalent mapping v2.0.csv,929,source_reference_record,source_reference_record_unreviewed
CFIHOS-30000520,ISO 14224:2016,COCE,real,True,sha256:a69b98012d9e4a46495a3aed48eef8ce75a69d001eaa28b4c38cb0f3c921909d,CORE CFIHOS V2.0 CSV/CFIHOS CORE CFIHOS object equivalent mapping v2.0.csv,930,source_reference_record,source_reference_record_unreviewed
CFIHOS-30000520,POSC CAESAR,RDS417194,real,True,sha256:a69b98012d9e4a46495a3aed48eef8ce75a69d001eaa28b4c38cb0f3c921909d,CORE CFIHOS V2.0 CSV/CFIHOS CORE CFIHOS object equivalent mapping v2.0.csv,931,source_reference_record,source_reference_record_unreviewed
CFIHOS-30000520,ISO 14224:2016,SC,real,True,sha256:a69b98012d9e4a46495a3aed48eef8ce75a69d001eaa28b4c38cb0f3c921909d,CORE CFIHOS V2.0 CSV/CFIHOS CORE CFIHOS object equivalent mapping v2.0.csv,932,source_reference_record,source_reference_record_unreviewed
CFIHOS-30000521,STEPLIB,130058,real,True,sha256:a69b98012d9e4a46495a3aed48eef8ce75a69d001eaa28b4c38cb0f3c921909d,CORE CFIHOS V2.0 CSV/CFIHOS CORE CFIHOS object equivalent mapping v2.0.csv,933,source_reference_record,source_reference_record_unreviewed
CFIHOS-30000521,ISO 15926 part4,7436,real,True,sha256:a69b98012d9e4a46495a3aed48eef8ce75a69d001eaa28b4c38cb0f3c921909d,CORE CFIHOS V2.0 CSV/CFIHOS CORE CFIHOS object equivalent mapping v2.0.csv,934,source_reference_record,source_reference_record_unreviewed
CFIHOS-30000521,ISO 14224:2016,PUCE,real,True,sha256:a69b98012d9e4a46495a3aed48eef8ce75a69d001eaa28b4c38cb0f3c921909d,CORE CFIHOS V2.0 CSV/CFIHOS CORE CFIHOS object equivalent mapping v2.0.csv,935,source_reference_record,source_reference_record_unreviewed
CFIHOS-30000521,POSC CAESAR,RDS416834,real,True,sha256:a69b98012d9e4a46495a3aed48eef8ce75a69d001eaa28b4c38cb0f3c921909d,CORE CFIHOS V2.0 CSV/CFIHOS CORE CFIHOS object equivalent mapping v2.0.csv,936,source_reference_record,source_reference_record_unreviewed
CFIHOS-30000521,ISO 14224:2016,SPCE,real,True,sha256:a69b98012d9e4a46495a3aed48eef8ce75a69d001eaa28b4c38cb0f3c921909d,CORE CFIHOS V2.0 CSV/CFIHOS CORE CFIHOS object equivalent mapping v2.0.csv,937,source_reference_record,source_reference_record_unreviewed
CFIHOS-30000522,STEPLIB,130059,real,True,sha256:a69b98012d9e4a46495a3aed48eef8ce75a69d001eaa28b4c38cb0f3c921909d,CORE CFIHOS V2.0 CSV/CFIHOS CORE CFIHOS object equivalent mapping v2.0.csv,938,source_reference_record,source_reference_record_unreviewed
CFIHOS-30000522,ISO 15926 part4,7437,real,True,sha256:a69b98012d9e4a46495a3aed48eef8ce75a69d001eaa28b4c38cb0f3c921909d,CORE CFIHOS V2.0 CSV/CFIHOS CORE CFIHOS object equivalent mapping v2.0.csv,939,source_reference_record,source_reference_record_unreviewed
CFIHOS-30000522,ISO 14224:2016,CF,real,True,sha256:a69b98012d9e4a46495a3aed48eef8ce75a69d001eaa28b4c38cb0f3c921909d,CORE CFIHOS V2.0 CSV/CFIHOS CORE CFIHOS object equivalent mapping v2.0.csv,940,source_reference_record,source_reference_record_unreviewed
CFIHOS-30000522,POSC CAESAR,RDS420974,real,True,sha256:a69b98012d9e4a46495a3aed48eef8ce75a69d001eaa28b4c38cb0f3c921909d,CORE CFIHOS V2.0 CSV/CFIHOS CORE CFIHOS object equivalent mapping v2.0.csv,941,source_reference_record,source_reference_record_unreviewed
CFIHOS-30000523,STEPLIB,130064,real,True,sha256:a69b98012d9e4a46495a3aed48eef8ce75a69d001eaa28b4c38cb0f3c921909d,CORE CFIHOS V2.0 CSV/CFIHOS CORE CFIHOS object equivalent mapping v2.0.csv,942,source_reference_record,source_reference_record_unreviewed
CFIHOS-30000523,ISO 15926 part4,7450,real,True,sha256:a69b98012d9e4a46495a3aed48eef8ce75a69d001eaa28b4c38cb0f3c921909d,CORE CFIHOS V2.0 CSV/CFIHOS CORE CFIHOS object equivalent mapping v2.0.csv,943,source_reference_record,source_reference_record_unreviewed
CFIHOS-30000523,POSC CAESAR,RDS439379,real,True,sha256:a69b98012d9e4a46495a3aed48eef8ce75a69d001eaa28b4c38cb0f3c921909d,CORE CFIHOS V2.0 CSV/CFIHOS CORE CFIHOS object equivalent mapping v2.0.csv,944,source_reference_record,source_reference_record_unreviewed
CFIHOS-30000524,ISO 15926 part4,7459,real,True,sha256:a69b98012d9e4a46495a3aed48eef8ce75a69d001eaa28b4c38cb0f3c921909d,CORE CFIHOS V2.0 CSV/CFIHOS CORE CFIHOS object equivalent mapping v2.0.csv,945,source_reference_record,source_reference_record_unreviewed
CFIHOS-30000524,ISO 14224:2016,CO,real,True,sha256:a69b98012d9e4a46495a3aed48eef8ce75a69d001eaa28b4c38cb0f3c921909d,CORE CFIHOS V2.0 CSV/CFIHOS CORE CFIHOS object equivalent mapping v2.0.csv,946,source_reference_record,source_reference_record_unreviewed
CFIHOS-30000524,POSC CAESAR,RDS14286497,real,True,sha256:a69b98012d9e4a46495a3aed48eef8ce75a69d001eaa28b4c38cb0f3c921909d,CORE CFIHOS V2.0 CSV/CFIHOS CORE CFIHOS object equivalent mapping v2.0.csv,947,source_reference_record,source_reference_record_unreviewed
CFIHOS-30000524,ISO 14224:2016,SC,real,True,sha256:a69b98012d9e4a46495a3aed48eef8ce75a69d001eaa28b4c38cb0f3c921909d,CORE CFIHOS V2.0 CSV/CFIHOS CORE CFIHOS object equivalent mapping v2.0.csv,948,source_reference_record,source_reference_record_unreviewed
CFIHOS-30000527,STEPLIB,130091,real,True,sha256:a69b98012d9e4a46495a3aed48eef8ce75a69d001eaa28b4c38cb0f3c921909d,CORE CFIHOS V2.0 CSV/CFIHOS CORE CFIHOS object equivalent mapping v2.0.csv,949,source_reference_record,source_reference_record_unreviewed
CFIHOS-30000527,ISO 15926 part4,7551,real,True,sha256:a69b98012d9e4a46495a3aed48eef8ce75a69d001eaa28b4c38cb0f3c921909d,CORE CFIHOS V2.0 CSV/CFIHOS CORE CFIHOS object equivalent mapping v2.0.csv,950,source_reference_record,source_reference_record_unreviewed
CFIHOS-30000527,ISO 14224:2016,CEDE,real,True,sha256:a69b98012d9e4a46495a3aed48eef8ce75a69d001eaa28b4c38cb0f3c921909d,CORE CFIHOS V2.0 CSV/CFIHOS CORE CFIHOS object equivalent mapping v2.0.csv,951,source_reference_record,source_reference_record_unreviewed
CFIHOS-30000527,POSC CAESAR,RDS421154,real,True,sha256:a69b98012d9e4a46495a3aed48eef8ce75a69d001eaa28b4c38cb0f3c921909d,CORE CFIHOS V2.0 CSV/CFIHOS CORE CFIHOS object equivalent mapping v2.0.csv,952,source_reference_record,source_reference_record_unreviewed
CFIHOS-30000528,STEPLIB,130092,real,True,sha256:a69b98012d9e4a46495a3aed48eef8ce75a69d001eaa28b4c38cb0f3c921909d,CORE CFIHOS V2.0 CSV/CFIHOS CORE CFIHOS object equivalent mapping v2.0.csv,953,source_reference_record,source_reference_record_unreviewed
CFIHOS-30000528,ISO 15926 part4,7552,real,True,sha256:a69b98012d9e4a46495a3aed48eef8ce75a69d001eaa28b4c38cb0f3c921909d,CORE CFIHOS V2.0 CSV/CFIHOS CORE CFIHOS object equivalent mapping v2.0.csv,954,source_reference_record,source_reference_record_unreviewed
CFIHOS-30000528,POSC CAESAR,RDS447074,real,True,sha256:a69b98012d9e4a46495a3aed48eef8ce75a69d001eaa28b4c38cb0f3c921909d,CORE CFIHOS V2.0 CSV/CFIHOS CORE CFIHOS object equivalent mapping v2.0.csv,955,source_reference_record,source_reference_record_unreviewed
CFIHOS-30000529,STEPLIB,130102,real,True,sha256:a69b98012d9e4a46495a3aed48eef8ce75a69d001eaa28b4c38cb0f3c921909d,CORE CFIHOS V2.0 CSV/CFIHOS CORE CFIHOS object equivalent mapping v2.0.csv,956,source_reference_record,source_reference_record_unreviewed
CFIHOS-30000529,ISO 15926 part4,7599,real,True,sha256:a69b98012d9e4a46495a3aed48eef8ce75a69d001eaa28b4c38cb0f3c921909d,CORE CFIHOS V2.0 CSV/CFIHOS CORE CFIHOS object equivalent mapping v2.0.csv,957,source_reference_record,source_reference_record_unreviewed
CFIHOS-30000529,POSC CAESAR,RDS299024,real,True,sha256:a69b98012d9e4a46495a3aed48eef8ce75a69d001eaa28b4c38cb0f3c921909d,CORE CFIHOS V2.0 CSV/CFIHOS CORE CFIHOS object equivalent mapping v2.0.csv,958,source_reference_record,source_reference_record_unreviewed
CFIHOS-30000531,STEPLIB,130900,real,True,sha256:a69b98012d9e4a46495a3aed48eef8ce75a69d001eaa28b4c38cb0f3c921909d,CORE CFIHOS V2.0 CSV/CFIHOS CORE CFIHOS object equivalent mapping v2.0.csv,959,source_reference_record,source_reference_record_unreviewed
CFIHOS-30000531,ISO 15926 part4,7641,real,True,sha256:a69b98012d9e4a46495a3aed48eef8ce75a69d001eaa28b4c38cb0f3c921909d,CORE CFIHOS V2.0 CSV/CFIHOS CORE CFIHOS object equivalent mapping v2.0.csv,960,source_reference_record,source_reference_record_unreviewed
CFIHOS-30000531,POSC CAESAR,RDS394044551,real,True,sha256:a69b98012d9e4a46495a3aed48eef8ce75a69d001eaa28b4c38cb0f3c921909d,CORE CFIHOS V2.0 CSV/CFIHOS CORE CFIHOS object equivalent mapping v2.0.csv,961,source_reference_record,source_reference_record_unreviewed
CFIHOS-30000532,STEPLIB,130955,real,True,sha256:a69b98012d9e4a46495a3aed48eef8ce75a69d001eaa28b4c38cb0f3c921909d,CORE CFIHOS V2.0 CSV/CFIHOS CORE CFIHOS object equivalent mapping v2.0.csv,962,source_reference_record,source_reference_record_unreviewed
CFIHOS-30000532,ISO 15926 part4,7644,real,True,sha256:a69b98012d9e4a46495a3aed48eef8ce75a69d001eaa28b4c38cb0f3c921909d,CORE CFIHOS V2.0 CSV/CFIHOS CORE CFIHOS object equivalent mapping v2.0.csv,963,source_reference_record,source_reference_record_unreviewed
CFIHOS-30000532,ISO 14224:2016,BL,real,True,sha256:a69b98012d9e4a46495a3aed48eef8ce75a69d001eaa28b4c38cb0f3c921909d,CORE CFIHOS V2.0 CSV/CFIHOS CORE CFIHOS object equivalent mapping v2.0.csv,964,source_reference_record,source_reference_record_unreviewed
CFIHOS-30000532,POSC CAESAR,RDS415169,real,True,sha256:a69b98012d9e4a46495a3aed48eef8ce75a69d001eaa28b4c38cb0f3c921909d,CORE CFIHOS V2.0 CSV/CFIHOS CORE CFIHOS object equivalent mapping v2.0.csv,965,source_reference_record,source_reference_record_unreviewed
CFIHOS-30000533,STEPLIB,130948,real,True,sha256:a69b98012d9e4a46495a3aed48eef8ce75a69d001eaa28b4c38cb0f3c921909d,CORE CFIHOS V2.0 CSV/CFIHOS CORE CFIHOS object equivalent mapping v2.0.csv,966,source_reference_record,source_reference_record_unreviewed
CFIHOS-30000533,ISO 15926 part4,7683,real,True,sha256:a69b98012d9e4a46495a3aed48eef8ce75a69d001eaa28b4c38cb0f3c921909d,CORE CFIHOS V2.0 CSV/CFIHOS CORE CFIHOS object equivalent mapping v2.0.csv,967,source_reference_record,source_reference_record_unreviewed
CFIHOS-30000533,ISO 14224:2016,CEGE,real,True,sha256:a69b98012d9e4a46495a3aed48eef8ce75a69d001eaa28b4c38cb0f3c921909d,CORE CFIHOS V2.0 CSV/CFIHOS CORE CFIHOS object equivalent mapping v2.0.csv,968,source_reference_record,source_reference_record_unreviewed
CFIHOS-30000533,POSC CAESAR,RDS433934,real,True,sha256:a69b98012d9e4a46495a3aed48eef8ce75a69d001eaa28b4c38cb0f3c921909d,CORE CFIHOS V2.0 CSV/CFIHOS CORE CFIHOS object equivalent mapping v2.0.csv,969,source_reference_record,source_reference_record_unreviewed
CFIHOS-30000534,STEPLIB,130132,real,True,sha256:a69b98012d9e4a46495a3aed48eef8ce75a69d001eaa28b4c38cb0f3c921909d,CORE CFIHOS V2.0 CSV/CFIHOS CORE CFIHOS object equivalent mapping v2.0.csv,970,source_reference_record,source_reference_record_unreviewed
CFIHOS-30000534,ISO 15926 part4,7686,real,True,sha256:a69b98012d9e4a46495a3aed48eef8ce75a69d001eaa28b4c38cb0f3c921909d,CORE CFIHOS V2.0 CSV/CFIHOS CORE CFIHOS object equivalent mapping v2.0.csv,971,source_reference_record,source_reference_record_unreviewed
CFIHOS-30000534,ISO 14224:2016,GT,real,True,sha256:a69b98012d9e4a46495a3aed48eef8ce75a69d001eaa28b4c38cb0f3c921909d,CORE CFIHOS V2.0 CSV/CFIHOS CORE CFIHOS object equivalent mapping v2.0.csv,972,source_reference_record,source_reference_record_unreviewed
CFIHOS-30000534,POSC CAESAR,RDS820799,real,True,sha256:a69b98012d9e4a46495a3aed48eef8ce75a69d001eaa28b4c38cb0f3c921909d,CORE CFIHOS V2.0 CSV/CFIHOS CORE CFIHOS object equivalent mapping v2.0.csv,973,source_reference_record,source_reference_record_unreviewed
CFIHOS-30000535,STEPLIB,130134,real,True,sha256:a69b98012d9e4a46495a3aed48eef8ce75a69d001eaa28b4c38cb0f3c921909d,CORE CFIHOS V2.0 CSV/CFIHOS CORE CFIHOS object equivalent mapping v2.0.csv,974,source_reference_record,source_reference_record_unreviewed
CFIHOS-30000535,ISO 15926 part4,7689,real,True,sha256:a69b98012d9e4a46495a3aed48eef8ce75a69d001eaa28b4c38cb0f3c921909d,CORE CFIHOS V2.0 CSV/CFIHOS CORE CFIHOS object equivalent mapping v2.0.csv,975,source_reference_record,source_reference_record_unreviewed
CFIHOS-30000535,POSC CAESAR,RDS889514,real,True,sha256:a69b98012d9e4a46495a3aed48eef8ce75a69d001eaa28b4c38cb0f3c921909d,CORE CFIHOS V2.0 CSV/CFIHOS CORE CFIHOS object equivalent mapping v2.0.csv,976,source_reference_record,source_reference_record_unreviewed
CFIHOS-30000537,STEPLIB,130696,real,True,sha256:a69b98012d9e4a46495a3aed48eef8ce75a69d001eaa28b4c38cb0f3c921909d,CORE CFIHOS V2.0 CSV/CFIHOS CORE CFIHOS object equivalent mapping v2.0.csv,977,source_reference_record,source_reference_record_unreviewed
CFIHOS-30000537,ISO 15926 part4,7715,real,True,sha256:a69b98012d9e4a46495a3aed48eef8ce75a69d001eaa28b4c38cb0f3c921909d,CORE CFIHOS V2.0 CSV/CFIHOS CORE CFIHOS object equivalent mapping v2.0.csv,978,source_reference_record,source_reference_record_unreviewed
CFIHOS-30000537,POSC CAESAR,RDS1049322741,real,True,sha256:a69b98012d9e4a46495a3aed48eef8ce75a69d001eaa28b4c38cb0f3c921909d,CORE CFIHOS V2.0 CSV/CFIHOS CORE CFIHOS object equivalent mapping v2.0.csv,979,source_reference_record,source_reference_record_unreviewed
CFIHOS-30000538,STEPLIB,131831,real,True,sha256:a69b98012d9e4a46495a3aed48eef8ce75a69d001eaa28b4c38cb0f3c921909d,CORE CFIHOS V2.0 CSV/CFIHOS CORE CFIHOS object equivalent mapping v2.0.csv,980,source_reference_record,source_reference_record_unreviewed
CFIHOS-30000538,ISO 15926 part4,7722,real,True,sha256:a69b98012d9e4a46495a3aed48eef8ce75a69d001eaa28b4c38cb0f3c921909d,CORE CFIHOS V2.0 CSV/CFIHOS CORE CFIHOS object equivalent mapping v2.0.csv,981,source_reference_record,source_reference_record_unreviewed
CFIHOS-30000538,POSC CAESAR,RDS5767285,real,True,sha256:a69b98012d9e4a46495a3aed48eef8ce75a69d001eaa28b4c38cb0f3c921909d,CORE CFIHOS V2.0 CSV/CFIHOS CORE CFIHOS object equivalent mapping v2.0.csv,982,source_reference_record,source_reference_record_unreviewed
CFIHOS-30000539,STEPLIB,130761,real,True,sha256:a69b98012d9e4a46495a3aed48eef8ce75a69d001eaa28b4c38cb0f3c921909d,CORE CFIHOS V2.0 CSV/CFIHOS CORE CFIHOS object equivalent mapping v2.0.csv,983,source_reference_record,source_reference_record_unreviewed
CFIHOS-30000539,ISO 15926 part4,7724,real,True,sha256:a69b98012d9e4a46495a3aed48eef8ce75a69d001eaa28b4c38cb0f3c921909d,CORE CFIHOS V2.0 CSV/CFIHOS CORE CFIHOS object equivalent mapping v2.0.csv,984,source_reference_record,source_reference_record_unreviewed
CFIHOS-30000539,POSC CAESAR,RDS1090214,real,True,sha256:a69b98012d9e4a46495a3aed48eef8ce75a69d001eaa28b4c38cb0f3c921909d,CORE CFIHOS V2.0 CSV/CFIHOS CORE CFIHOS object equivalent mapping v2.0.csv,985,source_reference_record,source_reference_record_unreviewed
CFIHOS-30000541,STEPLIB,130947,real,True,sha256:a69b98012d9e4a46495a3aed48eef8ce75a69d001eaa28b4c38cb0f3c921909d,CORE CFIHOS V2.0 CSV/CFIHOS CORE CFIHOS object equivalent mapping v2.0.csv,986,source_reference_record,source_reference_record_unreviewed
CFIHOS-30000541,ISO 15926 part4,7834,real,True,sha256:a69b98012d9e4a46495a3aed48eef8ce75a69d001eaa28b4c38cb0f3c921909d,CORE CFIHOS V2.0 CSV/CFIHOS CORE CFIHOS object equivalent mapping v2.0.csv,987,source_reference_record,source_reference_record_unreviewed
CFIHOS-30000541,POSC CAESAR,RDS327419,real,True,sha256:a69b98012d9e4a46495a3aed48eef8ce75a69d001eaa28b4c38cb0f3c921909d,CORE CFIHOS V2.0 CSV/CFIHOS CORE CFIHOS object equivalent mapping v2.0.csv,988,source_reference_record,source_reference_record_unreviewed
CFIHOS-30000542,STEPLIB,130171,real,True,sha256:a69b98012d9e4a46495a3aed48eef8ce75a69d001eaa28b4c38cb0f3c921909d,CORE CFIHOS V2.0 CSV/CFIHOS CORE CFIHOS object equivalent mapping v2.0.csv,989,source_reference_record,source_reference_record_unreviewed
CFIHOS-30000542,ISO 15926 part4,7859,real,True,sha256:a69b98012d9e4a46495a3aed48eef8ce75a69d001eaa28b4c38cb0f3c921909d,CORE CFIHOS V2.0 CSV/CFIHOS CORE CFIHOS object equivalent mapping v2.0.csv,990,source_reference_record,source_reference_record_unreviewed
CFIHOS-30000542,POSC CAESAR,RDS446309,real,True,sha256:a69b98012d9e4a46495a3aed48eef8ce75a69d001eaa28b4c38cb0f3c921909d,CORE CFIHOS V2.0 CSV/CFIHOS CORE CFIHOS object equivalent mapping v2.0.csv,991,source_reference_record,source_reference_record_unreviewed
CFIHOS-30000543,STEPLIB,520623,real,True,sha256:a69b98012d9e4a46495a3aed48eef8ce75a69d001eaa28b4c38cb0f3c921909d,CORE CFIHOS V2.0 CSV/CFIHOS CORE CFIHOS object equivalent mapping v2.0.csv,992,source_reference_record,source_reference_record_unreviewed
CFIHOS-30000543,ISO 15926 part4,7872,real,True,sha256:a69b98012d9e4a46495a3aed48eef8ce75a69d001eaa28b4c38cb0f3c921909d,CORE CFIHOS V2.0 CSV/CFIHOS CORE CFIHOS object equivalent mapping v2.0.csv,993,source_reference_record,source_reference_record_unreviewed
CFIHOS-30000543,ISO 14224:2016,MI,real,True,sha256:a69b98012d9e4a46495a3aed48eef8ce75a69d001eaa28b4c38cb0f3c921909d,CORE CFIHOS V2.0 CSV/CFIHOS CORE CFIHOS object equivalent mapping v2.0.csv,994,source_reference_record,source_reference_record_unreviewed
CFIHOS-30000543,POSC CAESAR,RDS306449,real,True,sha256:a69b98012d9e4a46495a3aed48eef8ce75a69d001eaa28b4c38cb0f3c921909d,CORE CFIHOS V2.0 CSV/CFIHOS CORE CFIHOS object equivalent mapping v2.0.csv,995,source_reference_record,source_reference_record_unreviewed
CFIHOS-30000544,STEPLIB,130191,real,True,sha256:a69b98012d9e4a46495a3aed48eef8ce75a69d001eaa28b4c38cb0f3c921909d,CORE CFIHOS V2.0 CSV/CFIHOS CORE CFIHOS object equivalent mapping v2.0.csv,996,source_reference_record,source_reference_record_unreviewed
CFIHOS-30000544,ISO 15926 part4,7930,real,True,sha256:a69b98012d9e4a46495a3aed48eef8ce75a69d001eaa28b4c38cb0f3c921909d,CORE CFIHOS V2.0 CSV/CFIHOS CORE CFIHOS object equivalent mapping v2.0.csv,997,source_reference_record,source_reference_record_unreviewed
CFIHOS-30000544,POSC CAESAR,RDS435149,real,True,sha256:a69b98012d9e4a46495a3aed48eef8ce75a69d001eaa28b4c38cb0f3c921909d,CORE CFIHOS V2.0 CSV/CFIHOS CORE CFIHOS object equivalent mapping v2.0.csv,998,source_reference_record,source_reference_record_unreviewed
CFIHOS-30000548,STEPLIB,131097,real,True,sha256:a69b98012d9e4a46495a3aed48eef8ce75a69d001eaa28b4c38cb0f3c921909d,CORE CFIHOS V2.0 CSV/CFIHOS CORE CFIHOS object equivalent mapping v2.0.csv,999,source_reference_record,source_reference_record_unreviewed
CFIHOS-30000548,ISO 15926 part4,7963,real,True,sha256:a69b98012d9e4a46495a3aed48eef8ce75a69d001eaa28b4c38cb0f3c921909d,CORE CFIHOS V2.0 CSV/CFIHOS CORE CFIHOS object equivalent mapping v2.0.csv,1000,source_reference_record,source_reference_record_unreviewed
CFIHOS-30000548,POSC CAESAR,RDS812294,real,True,sha256:a69b98012d9e4a46495a3aed48eef8ce75a69d001eaa28b4c38cb0f3c921909d,CORE CFIHOS V2.0 CSV/CFIHOS CORE CFIHOS object equivalent mapping v2.0.csv,1001,source_reference_record,source_reference_record_unreviewed
CFIHOS-30000549,STEPLIB,130205,real,True,sha256:a69b98012d9e4a46495a3aed48eef8ce75a69d001eaa28b4c38cb0f3c921909d,CORE CFIHOS V2.0 CSV/CFIHOS CORE CFIHOS object equivalent mapping v2.0.csv,1002,source_reference_record,source_reference_record_unreviewed
CFIHOS-30000549,ISO 15926 part4,7984,real,True,sha256:a69b98012d9e4a46495a3aed48eef8ce75a69d001eaa28b4c38cb0f3c921909d,CORE CFIHOS V2.0 CSV/CFIHOS CORE CFIHOS object equivalent mapping v2.0.csv,1003,source_reference_record,source_reference_record_unreviewed
CFIHOS-30000549,POSC CAESAR,RDS309509,real,True,sha256:a69b98012d9e4a46495a3aed48eef8ce75a69d001eaa28b4c38cb0f3c921909d,CORE CFIHOS V2.0 CSV/CFIHOS CORE CFIHOS object equivalent mapping v2.0.csv,1004,source_reference_record,source_reference_record_unreviewed
CFIHOS-30000550,STEPLIB,130206,real,True,sha256:a69b98012d9e4a46495a3aed48eef8ce75a69d001eaa28b4c38cb0f3c921909d,CORE CFIHOS V2.0 CSV/CFIHOS CORE CFIHOS object equivalent mapping v2.0.csv,1005,source_reference_record,source_reference_record_unreviewed
CFIHOS-30000550,ISO 15926 part4,7985,real,True,sha256:a69b98012d9e4a46495a3aed48eef8ce75a69d001eaa28b4c38cb0f3c921909d,CORE CFIHOS V2.0 CSV/CFIHOS CORE CFIHOS object equivalent mapping v2.0.csv,1006,source_reference_record,source_reference_record_unreviewed
CFIHOS-30000550,ISO 14224:2016,PU,real,True,sha256:a69b98012d9e4a46495a3aed48eef8ce75a69d001eaa28b4c38cb0f3c921909d,CORE CFIHOS V2.0 CSV/CFIHOS CORE CFIHOS object equivalent mapping v2.0.csv,1007,source_reference_record,source_reference_record_unreviewed
CFIHOS-30000550,POSC CAESAR,RDS327239,real,True,sha256:a69b98012d9e4a46495a3aed48eef8ce75a69d001eaa28b4c38cb0f3c921909d,CORE CFIHOS V2.0 CSV/CFIHOS CORE CFIHOS object equivalent mapping v2.0.csv,1008,source_reference_record,source_reference_record_unreviewed
CFIHOS-30000551,STEPLIB,130215,real,True,sha256:a69b98012d9e4a46495a3aed48eef8ce75a69d001eaa28b4c38cb0f3c921909d,CORE CFIHOS V2.0 CSV/CFIHOS CORE CFIHOS object equivalent mapping v2.0.csv,1009,source_reference_record,source_reference_record_unreviewed
CFIHOS-30000551,ISO 15926 part4,8021,real,True,sha256:a69b98012d9e4a46495a3aed48eef8ce75a69d001eaa28b4c38cb0f3c921909d,CORE CFIHOS V2.0 CSV/CFIHOS CORE CFIHOS object equivalent mapping v2.0.csv,1010,source_reference_record,source_reference_record_unreviewed
CFIHOS-30000551,ISO 14224:2016,CORE,real,True,sha256:a69b98012d9e4a46495a3aed48eef8ce75a69d001eaa28b4c38cb0f3c921909d,CORE CFIHOS V2.0 CSV/CFIHOS CORE CFIHOS object equivalent mapping v2.0.csv,1011,source_reference_record,source_reference_record_unreviewed
CFIHOS-30000551,POSC CAESAR,RDS417284,real,True,sha256:a69b98012d9e4a46495a3aed48eef8ce75a69d001eaa28b4c38cb0f3c921909d,CORE CFIHOS V2.0 CSV/CFIHOS CORE CFIHOS object equivalent mapping v2.0.csv,1012,source_reference_record,source_reference_record_unreviewed
CFIHOS-30000551,ISO 14224:2016,SC,real,True,sha256:a69b98012d9e4a46495a3aed48eef8ce75a69d001eaa28b4c38cb0f3c921909d,CORE CFIHOS V2.0 CSV/CFIHOS CORE CFIHOS object equivalent mapping v2.0.csv,1013,source_reference_record,source_reference_record_unreviewed
CFIHOS-30000552,STEPLIB,130222,real,True,sha256:a69b98012d9e4a46495a3aed48eef8ce75a69d001eaa28b4c38cb0f3c921909d,CORE CFIHOS V2.0 CSV/CFIHOS CORE CFIHOS object equivalent mapping v2.0.csv,1014,source_reference_record,source_reference_record_unreviewed
CFIHOS-30000552,ISO 15926 part4,8042,real,True,sha256:a69b98012d9e4a46495a3aed48eef8ce75a69d001eaa28b4c38cb0f3c921909d,CORE CFIHOS V2.0 CSV/CFIHOS CORE CFIHOS object equivalent mapping v2.0.csv,1015,source_reference_record,source_reference_record_unreviewed
CFIHOS-30000552,ISO 14224:2016,COSC,real,True,sha256:a69b98012d9e4a46495a3aed48eef8ce75a69d001eaa28b4c38cb0f3c921909d,CORE CFIHOS V2.0 CSV/CFIHOS CORE CFIHOS object equivalent mapping v2.0.csv,1016,source_reference_record,source_reference_record_unreviewed
CFIHOS-30000552,POSC CAESAR,RDS435374,real,True,sha256:a69b98012d9e4a46495a3aed48eef8ce75a69d001eaa28b4c38cb0f3c921909d,CORE CFIHOS V2.0 CSV/CFIHOS CORE CFIHOS object equivalent mapping v2.0.csv,1017,source_reference_record,source_reference_record_unreviewed
CFIHOS-30000555,STEPLIB,10230,real,True,sha256:a69b98012d9e4a46495a3aed48eef8ce75a69d001eaa28b4c38cb0f3c921909d,CORE CFIHOS V2.0 CSV/CFIHOS CORE CFIHOS object equivalent mapping v2.0.csv,1018,source_reference_record,source_reference_record_unreviewed
CFIHOS-30000555,ISO 15926 part4,8156,real,True,sha256:a69b98012d9e4a46495a3aed48eef8ce75a69d001eaa28b4c38cb0f3c921909d,CORE CFIHOS V2.0 CSV/CFIHOS CORE CFIHOS object equivalent mapping v2.0.csv,1019,source_reference_record,source_reference_record_unreviewed
CFIHOS-30000555,POSC CAESAR,RDS311624,real,True,sha256:a69b98012d9e4a46495a3aed48eef8ce75a69d001eaa28b4c38cb0f3c921909d,CORE CFIHOS V2.0 CSV/CFIHOS CORE CFIHOS object equivalent mapping v2.0.csv,1020,source_reference_record,source_reference_record_unreviewed
CFIHOS-30000556,STEPLIB,130256,real,True,sha256:a69b98012d9e4a46495a3aed48eef8ce75a69d001eaa28b4c38cb0f3c921909d,CORE CFIHOS V2.0 CSV/CFIHOS CORE CFIHOS object equivalent mapping v2.0.csv,1021,source_reference_record,source_reference_record_unreviewed
CFIHOS-30000556,ISO 15926 part4,8196,real,True,sha256:a69b98012d9e4a46495a3aed48eef8ce75a69d001eaa28b4c38cb0f3c921909d,CORE CFIHOS V2.0 CSV/CFIHOS CORE CFIHOS object equivalent mapping v2.0.csv,1022,source_reference_record,source_reference_record_unreviewed
CFIHOS-30000556,POSC CAESAR,RDS416744,real,True,sha256:a69b98012d9e4a46495a3aed48eef8ce75a69d001eaa28b4c38cb0f3c921909d,CORE CFIHOS V2.0 CSV/CFIHOS CORE CFIHOS object equivalent mapping v2.0.csv,1023,source_reference_record,source_reference_record_unreviewed
CFIHOS-30000556,ISO 14224:2016,ST,real,True,sha256:a69b98012d9e4a46495a3aed48eef8ce75a69d001eaa28b4c38cb0f3c921909d,CORE CFIHOS V2.0 CSV/CFIHOS CORE CFIHOS object equivalent mapping v2.0.csv,1024,source_reference_record,source_reference_record_unreviewed
CFIHOS-30000557,STEPLIB,130540,real,True,sha256:a69b98012d9e4a46495a3aed48eef8ce75a69d001eaa28b4c38cb0f3c921909d,CORE CFIHOS V2.0 CSV/CFIHOS CORE CFIHOS object equivalent mapping v2.0.csv,1025,source_reference_record,source_reference_record_unreviewed
CFIHOS-30000557,ISO 15926 part4,8269,real,True,sha256:a69b98012d9e4a46495a3aed48eef8ce75a69d001eaa28b4c38cb0f3c921909d,CORE CFIHOS V2.0 CSV/CFIHOS CORE CFIHOS object equivalent mapping v2.0.csv,1026,source_reference_record,source_reference_record_unreviewed
CFIHOS-30000557,POSC CAESAR,RDS427153411,real,True,sha256:a69b98012d9e4a46495a3aed48eef8ce75a69d001eaa28b4c38cb0f3c921909d,CORE CFIHOS V2.0 CSV/CFIHOS CORE CFIHOS object equivalent mapping v2.0.csv,1027,source_reference_record,source_reference_record_unreviewed
CFIHOS-30000558,STEPLIB,130668,real,True,sha256:a69b98012d9e4a46495a3aed48eef8ce75a69d001eaa28b4c38cb0f3c921909d,CORE CFIHOS V2.0 CSV/CFIHOS CORE CFIHOS object equivalent mapping v2.0.csv,1028,source_reference_record,source_reference_record_unreviewed
CFIHOS-30000558,ISO 15926 part4,8289,real,True,sha256:a69b98012d9e4a46495a3aed48eef8ce75a69d001eaa28b4c38cb0f3c921909d,CORE CFIHOS V2.0 CSV/CFIHOS CORE CFIHOS object equivalent mapping v2.0.csv,1029,source_reference_record,source_reference_record_unreviewed
CFIHOS-30000558,ISO 14224:2016,EGTE,real,True,sha256:a69b98012d9e4a46495a3aed48eef8ce75a69d001eaa28b4c38cb0f3c921909d,CORE CFIHOS V2.0 CSV/CFIHOS CORE CFIHOS object equivalent mapping v2.0.csv,1030,source_reference_record,source_reference_record_unreviewed
CFIHOS-30000558,POSC CAESAR,RDS817244,real,True,sha256:a69b98012d9e4a46495a3aed48eef8ce75a69d001eaa28b4c38cb0f3c921909d,CORE CFIHOS V2.0 CSV/CFIHOS CORE CFIHOS object equivalent mapping v2.0.csv,1031,source_reference_record,source_reference_record_unreviewed
CFIHOS-30000561,STEPLIB,130684,real,True,sha256:a69b98012d9e4a46495a3aed48eef8ce75a69d001eaa28b4c38cb0f3c921909d,CORE CFIHOS V2.0 CSV/CFIHOS CORE CFIHOS object equivalent mapping v2.0.csv,1032,source_reference_record,source_reference_record_unreviewed
CFIHOS-30000561,ISO 15926 part4,8356,real,True,sha256:a69b98012d9e4a46495a3aed48eef8ce75a69d001eaa28b4c38cb0f3c921909d,CORE CFIHOS V2.0 CSV/CFIHOS CORE CFIHOS object equivalent mapping v2.0.csv,1033,source_reference_record,source_reference_record_unreviewed
CFIHOS-30000561,POSC CAESAR,RDS965879,real,True,sha256:a69b98012d9e4a46495a3aed48eef8ce75a69d001eaa28b4c38cb0f3c921909d,CORE CFIHOS V2.0 CSV/CFIHOS CORE CFIHOS object equivalent mapping v2.0.csv,1034,source_reference_record,source_reference_record_unreviewed
CFIHOS-30000562,STEPLIB,460001,real,True,sha256:a69b98012d9e4a46495a3aed48eef8ce75a69d001eaa28b4c38cb0f3c921909d,CORE CFIHOS V2.0 CSV/CFIHOS CORE CFIHOS object equivalent mapping v2.0.csv,1035,source_reference_record,source_reference_record_unreviewed
CFIHOS-30000562,ISO 15926 part4,8362,real,True,sha256:a69b98012d9e4a46495a3aed48eef8ce75a69d001eaa28b4c38cb0f3c921909d,CORE CFIHOS V2.0 CSV/CFIHOS CORE CFIHOS object equivalent mapping v2.0.csv,1036,source_reference_record,source_reference_record_unreviewed
CFIHOS-30000562,ISO 14224:2016,CV,real,True,sha256:a69b98012d9e4a46495a3aed48eef8ce75a69d001eaa28b4c38cb0f3c921909d,CORE CFIHOS V2.0 CSV/CFIHOS CORE CFIHOS object equivalent mapping v2.0.csv,1037,source_reference_record,source_reference_record_unreviewed
CFIHOS-30000562,POSC CAESAR,RDS11590210,real,True,sha256:a69b98012d9e4a46495a3aed48eef8ce75a69d001eaa28b4c38cb0f3c921909d,CORE CFIHOS V2.0 CSV/CFIHOS CORE CFIHOS object equivalent mapping v2.0.csv,1038,source_reference_record,source_reference_record_unreviewed
CFIHOS-30000563,STEPLIB,460032,real,True,sha256:a69b98012d9e4a46495a3aed48eef8ce75a69d001eaa28b4c38cb0f3c921909d,CORE CFIHOS V2.0 CSV/CFIHOS CORE CFIHOS object equivalent mapping v2.0.csv,1039,source_reference_record,source_reference_record_unreviewed
CFIHOS-30000563,ISO 15926 part4,8366,real,True,sha256:a69b98012d9e4a46495a3aed48eef8ce75a69d001eaa28b4c38cb0f3c921909d,CORE CFIHOS V2.0 CSV/CFIHOS CORE CFIHOS object equivalent mapping v2.0.csv,1040,source_reference_record,source_reference_record_unreviewed
CFIHOS-30000563,ISO 14224:2016,CV,real,True,sha256:a69b98012d9e4a46495a3aed48eef8ce75a69d001eaa28b4c38cb0f3c921909d,CORE CFIHOS V2.0 CSV/CFIHOS CORE CFIHOS object equivalent mapping v2.0.csv,1041,source_reference_record,source_reference_record_unreviewed
CFIHOS-30000563,POSC CAESAR,RDS11589805,real,True,sha256:a69b98012d9e4a46495a3aed48eef8ce75a69d001eaa28b4c38cb0f3c921909d,CORE CFIHOS V2.0 CSV/CFIHOS CORE CFIHOS object equivalent mapping v2.0.csv,1042,source_reference_record,source_reference_record_unreviewed
CFIHOS-30000564,STEPLIB,460003,real,True,sha256:a69b98012d9e4a46495a3aed48eef8ce75a69d001eaa28b4c38cb0f3c921909d,CORE CFIHOS V2.0 CSV/CFIHOS CORE CFIHOS object equivalent mapping v2.0.csv,1043,source_reference_record,source_reference_record_unreviewed
CFIHOS-30000564,ISO 15926 part4,8368,real,True,sha256:a69b98012d9e4a46495a3aed48eef8ce75a69d001eaa28b4c38cb0f3c921909d,CORE CFIHOS V2.0 CSV/CFIHOS CORE CFIHOS object equivalent mapping v2.0.csv,1044,source_reference_record,source_reference_record_unreviewed
CFIHOS-30000564,POSC CAESAR,RDS11589895,real,True,sha256:a69b98012d9e4a46495a3aed48eef8ce75a69d001eaa28b4c38cb0f3c921909d,CORE CFIHOS V2.0 CSV/CFIHOS CORE CFIHOS object equivalent mapping v2.0.csv,1045,source_reference_record,source_reference_record_unreviewed
CFIHOS-30000565,STEPLIB,460037,real,True,sha256:a69b98012d9e4a46495a3aed48eef8ce75a69d001eaa28b4c38cb0f3c921909d,CORE CFIHOS V2.0 CSV/CFIHOS CORE CFIHOS object equivalent mapping v2.0.csv,1046,source_reference_record,source_reference_record_unreviewed
CFIHOS-30000565,ISO 15926 part4,8370,real,True,sha256:a69b98012d9e4a46495a3aed48eef8ce75a69d001eaa28b4c38cb0f3c921909d,CORE CFIHOS V2.0 CSV/CFIHOS CORE CFIHOS object equivalent mapping v2.0.csv,1047,source_reference_record,source_reference_record_unreviewed
CFIHOS-30000565,POSC CAESAR,RDS11589985,real,True,sha256:a69b98012d9e4a46495a3aed48eef8ce75a69d001eaa28b4c38cb0f3c921909d,CORE CFIHOS V2.0 CSV/CFIHOS CORE CFIHOS object equivalent mapping v2.0.csv,1048,source_reference_record,source_reference_record_unreviewed
CFIHOS-30000566,STEPLIB,460007,real,True,sha256:a69b98012d9e4a46495a3aed48eef8ce75a69d001eaa28b4c38cb0f3c921909d,CORE CFIHOS V2.0 CSV/CFIHOS CORE CFIHOS object equivalent mapping v2.0.csv,1049,source_reference_record,source_reference_record_unreviewed
CFIHOS-30000566,ISO 15926 part4,8372,real,True,sha256:a69b98012d9e4a46495a3aed48eef8ce75a69d001eaa28b4c38cb0f3c921909d,CORE CFIHOS V2.0 CSV/CFIHOS CORE CFIHOS object equivalent mapping v2.0.csv,1050,source_reference_record,source_reference_record_unreviewed
CFIHOS-30000566,POSC CAESAR,RDS300644,real,True,sha256:a69b98012d9e4a46495a3aed48eef8ce75a69d001eaa28b4c38cb0f3c921909d,CORE CFIHOS V2.0 CSV/CFIHOS CORE CFIHOS object equivalent mapping v2.0.csv,1051,source_reference_record,source_reference_record_unreviewed
CFIHOS-30000567,STEPLIB,670042,real,True,sha256:a69b98012d9e4a46495a3aed48eef8ce75a69d001eaa28b4c38cb0f3c921909d,CORE CFIHOS V2.0 CSV/CFIHOS CORE CFIHOS object equivalent mapping v2.0.csv,1052,source_reference_record,source_reference_record_unreviewed
CFIHOS-30000567,ISO 15926 part4,8373,real,True,sha256:a69b98012d9e4a46495a3aed48eef8ce75a69d001eaa28b4c38cb0f3c921909d,CORE CFIHOS V2.0 CSV/CFIHOS CORE CFIHOS object equivalent mapping v2.0.csv,1053,source_reference_record,source_reference_record_unreviewed
CFIHOS-30000567,POSC CAESAR,RDS11590075,real,True,sha256:a69b98012d9e4a46495a3aed48eef8ce75a69d001eaa28b4c38cb0f3c921909d,CORE CFIHOS V2.0 CSV/CFIHOS CORE CFIHOS object equivalent mapping v2.0.csv,1054,source_reference_record,source_reference_record_unreviewed
CFIHOS-30000568,STEPLIB,460102,real,True,sha256:a69b98012d9e4a46495a3aed48eef8ce75a69d001eaa28b4c38cb0f3c921909d,CORE CFIHOS V2.0 CSV/CFIHOS CORE CFIHOS object equivalent mapping v2.0.csv,1055,source_reference_record,source_reference_record_unreviewed
CFIHOS-30000568,ISO 15926 part4,8377,real,True,sha256:a69b98012d9e4a46495a3aed48eef8ce75a69d001eaa28b4c38cb0f3c921909d,CORE CFIHOS V2.0 CSV/CFIHOS CORE CFIHOS object equivalent mapping v2.0.csv,1056,source_reference_record,source_reference_record_unreviewed
CFIHOS-30000568,POSC CAESAR,RDS499409,real,True,sha256:a69b98012d9e4a46495a3aed48eef8ce75a69d001eaa28b4c38cb0f3c921909d,CORE CFIHOS V2.0 CSV/CFIHOS CORE CFIHOS object equivalent mapping v2.0.csv,1057,source_reference_record,source_reference_record_unreviewed
CFIHOS-30000569,STEPLIB,460009,real,True,sha256:a69b98012d9e4a46495a3aed48eef8ce75a69d001eaa28b4c38cb0f3c921909d,CORE CFIHOS V2.0 CSV/CFIHOS CORE CFIHOS object equivalent mapping v2.0.csv,1058,source_reference_record,source_reference_record_unreviewed
CFIHOS-30000569,ISO 15926 part4,8396,real,True,sha256:a69b98012d9e4a46495a3aed48eef8ce75a69d001eaa28b4c38cb0f3c921909d,CORE CFIHOS V2.0 CSV/CFIHOS CORE CFIHOS object equivalent mapping v2.0.csv,1059,source_reference_record,source_reference_record_unreviewed
CFIHOS-30000569,ISO 14224:2016,CV,real,True,sha256:a69b98012d9e4a46495a3aed48eef8ce75a69d001eaa28b4c38cb0f3c921909d,CORE CFIHOS V2.0 CSV/CFIHOS CORE CFIHOS object equivalent mapping v2.0.csv,1060,source_reference_record,source_reference_record_unreviewed
CFIHOS-30000569,POSC CAESAR,RDS11588770,real,True,sha256:a69b98012d9e4a46495a3aed48eef8ce75a69d001eaa28b4c38cb0f3c921909d,CORE CFIHOS V2.0 CSV/CFIHOS CORE CFIHOS object equivalent mapping v2.0.csv,1061,source_reference_record,source_reference_record_unreviewed
CFIHOS-30000570,STEPLIB,460013,real,True,sha256:a69b98012d9e4a46495a3aed48eef8ce75a69d001eaa28b4c38cb0f3c921909d,CORE CFIHOS V2.0 CSV/CFIHOS CORE CFIHOS object equivalent mapping v2.0.csv,1062,source_reference_record,source_reference_record_unreviewed
CFIHOS-30000570,ISO 15926 part4,8405,real,True,sha256:a69b98012d9e4a46495a3aed48eef8ce75a69d001eaa28b4c38cb0f3c921909d,CORE CFIHOS V2.0 CSV/CFIHOS CORE CFIHOS object equivalent mapping v2.0.csv,1063,source_reference_record,source_reference_record_unreviewed
CFIHOS-30000570,ISO 14224:2016,CV,real,True,sha256:a69b98012d9e4a46495a3aed48eef8ce75a69d001eaa28b4c38cb0f3c921909d,CORE CFIHOS V2.0 CSV/CFIHOS CORE CFIHOS object equivalent mapping v2.0.csv,1064,source_reference_record,source_reference_record_unreviewed
CFIHOS-30000570,POSC CAESAR,RDS11588590,real,True,sha256:a69b98012d9e4a46495a3aed48eef8ce75a69d001eaa28b4c38cb0f3c921909d,CORE CFIHOS V2.0 CSV/CFIHOS CORE CFIHOS object equivalent mapping v2.0.csv,1065,source_reference_record,source_reference_record_unreviewed
CFIHOS-30000571,STEPLIB,40013,real,True,sha256:a69b98012d9e4a46495a3aed48eef8ce75a69d001eaa28b4c38cb0f3c921909d,CORE CFIHOS V2.0 CSV/CFIHOS CORE CFIHOS object equivalent mapping v2.0.csv,1066,source_reference_record,source_reference_record_unreviewed
CFIHOS-30000571,ISO 15926 part4,8437,real,True,sha256:a69b98012d9e4a46495a3aed48eef8ce75a69d001eaa28b4c38cb0f3c921909d,CORE CFIHOS V2.0 CSV/CFIHOS CORE CFIHOS object equivalent mapping v2.0.csv,1067,source_reference_record,source_reference_record_unreviewed
CFIHOS-30000571,POSC CAESAR,RDS5754776,real,True,sha256:a69b98012d9e4a46495a3aed48eef8ce75a69d001eaa28b4c38cb0f3c921909d,CORE CFIHOS V2.0 CSV/CFIHOS CORE CFIHOS object equivalent mapping v2.0.csv,1068,source_reference_record,source_reference_record_unreviewed
CFIHOS-30000572,STEPLIB,520060,real,True,sha256:a69b98012d9e4a46495a3aed48eef8ce75a69d001eaa28b4c38cb0f3c921909d,CORE CFIHOS V2.0 CSV/CFIHOS CORE CFIHOS object equivalent mapping v2.0.csv,1069,source_reference_record,source_reference_record_unreviewed
CFIHOS-30000572,ISO 15926 part4,8481,real,True,sha256:a69b98012d9e4a46495a3aed48eef8ce75a69d001eaa28b4c38cb0f3c921909d,CORE CFIHOS V2.0 CSV/CFIHOS CORE CFIHOS object equivalent mapping v2.0.csv,1070,source_reference_record,source_reference_record_unreviewed
CFIHOS-30000572,POSC CAESAR,RDS297044,real,True,sha256:a69b98012d9e4a46495a3aed48eef8ce75a69d001eaa28b4c38cb0f3c921909d,CORE CFIHOS V2.0 CSV/CFIHOS CORE CFIHOS object equivalent mapping v2.0.csv,1071,source_reference_record,source_reference_record_unreviewed
CFIHOS-30000572,ISO 14224:2016,VECA,real,True,sha256:a69b98012d9e4a46495a3aed48eef8ce75a69d001eaa28b4c38cb0f3c921909d,CORE CFIHOS V2.0 CSV/CFIHOS CORE CFIHOS object equivalent mapping v2.0.csv,1072,source_reference_record,source_reference_record_unreviewed
CFIHOS-30000573,STEPLIB,520078,real,True,sha256:a69b98012d9e4a46495a3aed48eef8ce75a69d001eaa28b4c38cb0f3c921909d,CORE CFIHOS V2.0 CSV/CFIHOS CORE CFIHOS object equivalent mapping v2.0.csv,1073,source_reference_record,source_reference_record_unreviewed
CFIHOS-30000573,ISO 15926 part4,8510,real,True,sha256:a69b98012d9e4a46495a3aed48eef8ce75a69d001eaa28b4c38cb0f3c921909d,CORE CFIHOS V2.0 CSV/CFIHOS CORE CFIHOS object equivalent mapping v2.0.csv,1074,source_reference_record,source_reference_record_unreviewed
CFIHOS-30000573,POSC CAESAR,RDS13035555,real,True,sha256:a69b98012d9e4a46495a3aed48eef8ce75a69d001eaa28b4c38cb0f3c921909d,CORE CFIHOS V2.0 CSV/CFIHOS CORE CFIHOS object equivalent mapping v2.0.csv,1075,source_reference_record,source_reference_record_unreviewed
CFIHOS-30000574,STEPLIB,520101,real,True,sha256:a69b98012d9e4a46495a3aed48eef8ce75a69d001eaa28b4c38cb0f3c921909d,CORE CFIHOS V2.0 CSV/CFIHOS CORE CFIHOS object equivalent mapping v2.0.csv,1076,source_reference_record,source_reference_record_unreviewed
CFIHOS-30000574,ISO 15926 part4,8544,real,True,sha256:a69b98012d9e4a46495a3aed48eef8ce75a69d001eaa28b4c38cb0f3c921909d,CORE CFIHOS V2.0 CSV/CFIHOS CORE CFIHOS object equivalent mapping v2.0.csv,1077,source_reference_record,source_reference_record_unreviewed
CFIHOS-30000574,POSC CAESAR,RDS4316635847,real,True,sha256:a69b98012d9e4a46495a3aed48eef8ce75a69d001eaa28b4c38cb0f3c921909d,CORE CFIHOS V2.0 CSV/CFIHOS CORE CFIHOS object equivalent mapping v2.0.csv,1078,source_reference_record,source_reference_record_unreviewed
CFIHOS-30000575,STEPLIB,10036,real,True,sha256:a69b98012d9e4a46495a3aed48eef8ce75a69d001eaa28b4c38cb0f3c921909d,CORE CFIHOS V2.0 CSV/CFIHOS CORE CFIHOS object equivalent mapping v2.0.csv,1079,source_reference_record,source_reference_record_unreviewed
CFIHOS-30000575,ISO 15926 part4,8552,real,True,sha256:a69b98012d9e4a46495a3aed48eef8ce75a69d001eaa28b4c38cb0f3c921909d,CORE CFIHOS V2.0 CSV/CFIHOS CORE CFIHOS object equivalent mapping v2.0.csv,1080,source_reference_record,source_reference_record_unreviewed
CFIHOS-30000575,ISO 14224:2016,FS,real,True,sha256:a69b98012d9e4a46495a3aed48eef8ce75a69d001eaa28b4c38cb0f3c921909d,CORE CFIHOS V2.0 CSV/CFIHOS CORE CFIHOS object equivalent mapping v2.0.csv,1081,source_reference_record,source_reference_record_unreviewed
CFIHOS-30000575,POSC CAESAR,RDS300689,real,True,sha256:a69b98012d9e4a46495a3aed48eef8ce75a69d001eaa28b4c38cb0f3c921909d,CORE CFIHOS V2.0 CSV/CFIHOS CORE CFIHOS object equivalent mapping v2.0.csv,1082,source_reference_record,source_reference_record_unreviewed
CFIHOS-30000576,STEPLIB,520694,real,True,sha256:a69b98012d9e4a46495a3aed48eef8ce75a69d001eaa28b4c38cb0f3c921909d,CORE CFIHOS V2.0 CSV/CFIHOS CORE CFIHOS object equivalent mapping v2.0.csv,1083,source_reference_record,source_reference_record_unreviewed
CFIHOS-30000576,ISO 15926 part4,8553,real,True,sha256:a69b98012d9e4a46495a3aed48eef8ce75a69d001eaa28b4c38cb0f3c921909d,CORE CFIHOS V2.0 CSV/CFIHOS CORE CFIHOS object equivalent mapping v2.0.csv,1084,source_reference_record,source_reference_record_unreviewed
CFIHOS-30000576,ISO 14224:2016,FS,real,True,sha256:a69b98012d9e4a46495a3aed48eef8ce75a69d001eaa28b4c38cb0f3c921909d,CORE CFIHOS V2.0 CSV/CFIHOS CORE CFIHOS object equivalent mapping v2.0.csv,1085,source_reference_record,source_reference_record_unreviewed
CFIHOS-30000576,POSC CAESAR,RDS954134,real,True,sha256:a69b98012d9e4a46495a3aed48eef8ce75a69d001eaa28b4c38cb0f3c921909d,CORE CFIHOS V2.0 CSV/CFIHOS CORE CFIHOS object equivalent mapping v2.0.csv,1086,source_reference_record,source_reference_record_unreviewed
CFIHOS-30000578,STEPLIB,520392,real,True,sha256:a69b98012d9e4a46495a3aed48eef8ce75a69d001eaa28b4c38cb0f3c921909d,CORE CFIHOS V2.0 CSV/CFIHOS CORE CFIHOS object equivalent mapping v2.0.csv,1087,source_reference_record,source_reference_record_unreviewed
CFIHOS-30000578,ISO 15926 part4,8587,real,True,sha256:a69b98012d9e4a46495a3aed48eef8ce75a69d001eaa28b4c38cb0f3c921909d,CORE CFIHOS V2.0 CSV/CFIHOS CORE CFIHOS object equivalent mapping v2.0.csv,1088,source_reference_record,source_reference_record_unreviewed
CFIHOS-30000578,POSC CAESAR,RDS4316755829,real,True,sha256:a69b98012d9e4a46495a3aed48eef8ce75a69d001eaa28b4c38cb0f3c921909d,CORE CFIHOS V2.0 CSV/CFIHOS CORE CFIHOS object equivalent mapping v2.0.csv,1089,source_reference_record,source_reference_record_unreviewed
CFIHOS-30000579,STEPLIB,520405,real,True,sha256:a69b98012d9e4a46495a3aed48eef8ce75a69d001eaa28b4c38cb0f3c921909d,CORE CFIHOS V2.0 CSV/CFIHOS CORE CFIHOS object equivalent mapping v2.0.csv,1090,source_reference_record,source_reference_record_unreviewed
CFIHOS-30000579,ISO 15926 part4,8608,real,True,sha256:a69b98012d9e4a46495a3aed48eef8ce75a69d001eaa28b4c38cb0f3c921909d,CORE CFIHOS V2.0 CSV/CFIHOS CORE CFIHOS object equivalent mapping v2.0.csv,1091,source_reference_record,source_reference_record_unreviewed
CFIHOS-30000579,POSC CAESAR,RDS15898177,real,True,sha256:a69b98012d9e4a46495a3aed48eef8ce75a69d001eaa28b4c38cb0f3c921909d,CORE CFIHOS V2.0 CSV/CFIHOS CORE CFIHOS object equivalent mapping v2.0.csv,1092,source_reference_record,source_reference_record_unreviewed
CFIHOS-30000580,STEPLIB,520410,real,True,sha256:a69b98012d9e4a46495a3aed48eef8ce75a69d001eaa28b4c38cb0f3c921909d,CORE CFIHOS V2.0 CSV/CFIHOS CORE CFIHOS object equivalent mapping v2.0.csv,1093,source_reference_record,source_reference_record_unreviewed
CFIHOS-30000580,ISO 15926 part4,8612,real,True,sha256:a69b98012d9e4a46495a3aed48eef8ce75a69d001eaa28b4c38cb0f3c921909d,CORE CFIHOS V2.0 CSV/CFIHOS CORE CFIHOS object equivalent mapping v2.0.csv,1094,source_reference_record,source_reference_record_unreviewed
CFIHOS-30000580,POSC CAESAR,RDS43167560224,real,True,sha256:a69b98012d9e4a46495a3aed48eef8ce75a69d001eaa28b4c38cb0f3c921909d,CORE CFIHOS V2.0 CSV/CFIHOS CORE CFIHOS object equivalent mapping v2.0.csv,1095,source_reference_record,source_reference_record_unreviewed
CFIHOS-30000581,STEPLIB,520421,real,True,sha256:a69b98012d9e4a46495a3aed48eef8ce75a69d001eaa28b4c38cb0f3c921909d,CORE CFIHOS V2.0 CSV/CFIHOS CORE CFIHOS object equivalent mapping v2.0.csv,1096,source_reference_record,source_reference_record_unreviewed
CFIHOS-30000581,ISO 15926 part4,8628,real,True,sha256:a69b98012d9e4a46495a3aed48eef8ce75a69d001eaa28b4c38cb0f3c921909d,CORE CFIHOS V2.0 CSV/CFIHOS CORE CFIHOS object equivalent mapping v2.0.csv,1097,source_reference_record,source_reference_record_unreviewed
CFIHOS-30000581,POSC CAESAR,RDS43167561303,real,True,sha256:a69b98012d9e4a46495a3aed48eef8ce75a69d001eaa28b4c38cb0f3c921909d,CORE CFIHOS V2.0 CSV/CFIHOS CORE CFIHOS object equivalent mapping v2.0.csv,1098,source_reference_record,source_reference_record_unreviewed
CFIHOS-30000581,ISO 14224:2016,SVHY,real,True,sha256:a69b98012d9e4a46495a3aed48eef8ce75a69d001eaa28b4c38cb0f3c921909d,CORE CFIHOS V2.0 CSV/CFIHOS CORE CFIHOS object equivalent mapping v2.0.csv,1099,source_reference_record,source_reference_record_unreviewed
CFIHOS-30000581,ISO 14224:2016,VESE,real,True,sha256:a69b98012d9e4a46495a3aed48eef8ce75a69d001eaa28b4c38cb0f3c921909d,CORE CFIHOS V2.0 CSV/CFIHOS CORE CFIHOS object equivalent mapping v2.0.csv,1100,source_reference_record,source_reference_record_unreviewed
CFIHOS-30000582,STEPLIB,520137,real,True,sha256:a69b98012d9e4a46495a3aed48eef8ce75a69d001eaa28b4c38cb0f3c921909d,CORE CFIHOS V2.0 CSV/CFIHOS CORE CFIHOS object equivalent mapping v2.0.csv,1101,source_reference_record,source_reference_record_unreviewed
CFIHOS-30000582,ISO 15926 part4,8656,real,True,sha256:a69b98012d9e4a46495a3aed48eef8ce75a69d001eaa28b4c38cb0f3c921909d,CORE CFIHOS V2.0 CSV/CFIHOS CORE CFIHOS object equivalent mapping v2.0.csv,1102,source_reference_record,source_reference_record_unreviewed
CFIHOS-30000582,POSC CAESAR,RDS420434,real,True,sha256:a69b98012d9e4a46495a3aed48eef8ce75a69d001eaa28b4c38cb0f3c921909d,CORE CFIHOS V2.0 CSV/CFIHOS CORE CFIHOS object equivalent mapping v2.0.csv,1103,source_reference_record,source_reference_record_unreviewed
CFIHOS-30000583,ISO 15926 part4,8663,real,True,sha256:a69b98012d9e4a46495a3aed48eef8ce75a69d001eaa28b4c38cb0f3c921909d,CORE CFIHOS V2.0 CSV/CFIHOS CORE CFIHOS object equivalent mapping v2.0.csv,1104,source_reference_record,source_reference_record_unreviewed
CFIHOS-30000583,POSC CAESAR,RDS1325252931,real,True,sha256:a69b98012d9e4a46495a3aed48eef8ce75a69d001eaa28b4c38cb0f3c921909d,CORE CFIHOS V2.0 CSV/CFIHOS CORE CFIHOS object equivalent mapping v2.0.csv,1105,source_reference_record,source_reference_record_unreviewed
CFIHOS-30000584,STEPLIB,520142,real,True,sha256:a69b98012d9e4a46495a3aed48eef8ce75a69d001eaa28b4c38cb0f3c921909d,CORE CFIHOS V2.0 CSV/CFIHOS CORE CFIHOS object equivalent mapping v2.0.csv,1106,source_reference_record,source_reference_record_unreviewed
CFIHOS-30000584,ISO 15926 part4,8664,real,True,sha256:a69b98012d9e4a46495a3aed48eef8ce75a69d001eaa28b4c38cb0f3c921909d,CORE CFIHOS V2.0 CSV/CFIHOS CORE CFIHOS object equivalent mapping v2.0.csv,1107,source_reference_record,source_reference_record_unreviewed
CFIHOS-30000584,POSC CAESAR,RDS420569,real,True,sha256:a69b98012d9e4a46495a3aed48eef8ce75a69d001eaa28b4c38cb0f3c921909d,CORE CFIHOS V2.0 CSV/CFIHOS CORE CFIHOS object equivalent mapping v2.0.csv,1108,source_reference_record,source_reference_record_unreviewed
CFIHOS-30000585,STEPLIB,40134,real,True,sha256:a69b98012d9e4a46495a3aed48eef8ce75a69d001eaa28b4c38cb0f3c921909d,CORE CFIHOS V2.0 CSV/CFIHOS CORE CFIHOS object equivalent mapping v2.0.csv,1109,source_reference_record,source_reference_record_unreviewed
CFIHOS-30000585,ISO 15926 part4,8740,real,True,sha256:a69b98012d9e4a46495a3aed48eef8ce75a69d001eaa28b4c38cb0f3c921909d,CORE CFIHOS V2.0 CSV/CFIHOS CORE CFIHOS object equivalent mapping v2.0.csv,1110,source_reference_record,source_reference_record_unreviewed
CFIHOS-30000585,POSC CAESAR,RDS286559,real,True,sha256:a69b98012d9e4a46495a3aed48eef8ce75a69d001eaa28b4c38cb0f3c921909d,CORE CFIHOS V2.0 CSV/CFIHOS CORE CFIHOS object equivalent mapping v2.0.csv,1111,source_reference_record,source_reference_record_unreviewed
CFIHOS-30000586,ISO 15926 part4,8758,real,True,sha256:a69b98012d9e4a46495a3aed48eef8ce75a69d001eaa28b4c38cb0f3c921909d,CORE CFIHOS V2.0 CSV/CFIHOS CORE CFIHOS object equivalent mapping v2.0.csv,1112,source_reference_record,source_reference_record_unreviewed
CFIHOS-30000586,STEPLIB,879569,real,True,sha256:a69b98012d9e4a46495a3aed48eef8ce75a69d001eaa28b4c38cb0f3c921909d,CORE CFIHOS V2.0 CSV/CFIHOS CORE CFIHOS object equivalent mapping v2.0.csv,1113,source_reference_record,source_reference_record_unreviewed
CFIHOS-30000586,POSC CAESAR,RDS4316825224,real,True,sha256:a69b98012d9e4a46495a3aed48eef8ce75a69d001eaa28b4c38cb0f3c921909d,CORE CFIHOS V2.0 CSV/CFIHOS CORE CFIHOS object equivalent mapping v2.0.csv,1114,source_reference_record,source_reference_record_unreviewed
CFIHOS-30000587,STEPLIB,160248,real,True,sha256:a69b98012d9e4a46495a3aed48eef8ce75a69d001eaa28b4c38cb0f3c921909d,CORE CFIHOS V2.0 CSV/CFIHOS CORE CFIHOS object equivalent mapping v2.0.csv,1115,source_reference_record,source_reference_record_unreviewed
CFIHOS-30000587,ISO 15926 part4,8802,real,True,sha256:a69b98012d9e4a46495a3aed48eef8ce75a69d001eaa28b4c38cb0f3c921909d,CORE CFIHOS V2.0 CSV/CFIHOS CORE CFIHOS object equivalent mapping v2.0.csv,1116,source_reference_record,source_reference_record_unreviewed
CFIHOS-30000587,POSC CAESAR,RDS4316863356,real,True,sha256:a69b98012d9e4a46495a3aed48eef8ce75a69d001eaa28b4c38cb0f3c921909d,CORE CFIHOS V2.0 CSV/CFIHOS CORE CFIHOS object equivalent mapping v2.0.csv,1117,source_reference_record,source_reference_record_unreviewed
CFIHOS-30000588,STEPLIB,520025,real,True,sha256:a69b98012d9e4a46495a3aed48eef8ce75a69d001eaa28b4c38cb0f3c921909d,CORE CFIHOS V2.0 CSV/CFIHOS CORE CFIHOS object equivalent mapping v2.0.csv,1118,source_reference_record,source_reference_record_unreviewed
CFIHOS-30000588,ISO 15926 part4,8805,real,True,sha256:a69b98012d9e4a46495a3aed48eef8ce75a69d001eaa28b4c38cb0f3c921909d,CORE CFIHOS V2.0 CSV/CFIHOS CORE CFIHOS object equivalent mapping v2.0.csv,1119,source_reference_record,source_reference_record_unreviewed
CFIHOS-30000588,POSC CAESAR,RDS414764,real,True,sha256:a69b98012d9e4a46495a3aed48eef8ce75a69d001eaa28b4c38cb0f3c921909d,CORE CFIHOS V2.0 CSV/CFIHOS CORE CFIHOS object equivalent mapping v2.0.csv,1120,source_reference_record,source_reference_record_unreviewed
CFIHOS-30000588,ISO 14224:2016,VESB,real,True,sha256:a69b98012d9e4a46495a3aed48eef8ce75a69d001eaa28b4c38cb0f3c921909d,CORE CFIHOS V2.0 CSV/CFIHOS CORE CFIHOS object equivalent mapping v2.0.csv,1121,source_reference_record,source_reference_record_unreviewed
CFIHOS-30000590,STEPLIB,520204,real,True,sha256:a69b98012d9e4a46495a3aed48eef8ce75a69d001eaa28b4c38cb0f3c921909d,CORE CFIHOS V2.0 CSV/CFIHOS CORE CFIHOS object equivalent mapping v2.0.csv,1122,source_reference_record,source_reference_record_unreviewed
CFIHOS-30000590,ISO 15926 part4,8815,real,True,sha256:a69b98012d9e4a46495a3aed48eef8ce75a69d001eaa28b4c38cb0f3c921909d,CORE CFIHOS V2.0 CSV/CFIHOS CORE CFIHOS object equivalent mapping v2.0.csv,1123,source_reference_record,source_reference_record_unreviewed
CFIHOS-30000590,POSC CAESAR,RDS17639880,real,True,sha256:a69b98012d9e4a46495a3aed48eef8ce75a69d001eaa28b4c38cb0f3c921909d,CORE CFIHOS V2.0 CSV/CFIHOS CORE CFIHOS object equivalent mapping v2.0.csv,1124,source_reference_record,source_reference_record_unreviewed
CFIHOS-30000591,STEPLIB,520549,real,True,sha256:a69b98012d9e4a46495a3aed48eef8ce75a69d001eaa28b4c38cb0f3c921909d,CORE CFIHOS V2.0 CSV/CFIHOS CORE CFIHOS object equivalent mapping v2.0.csv,1125,source_reference_record,source_reference_record_unreviewed
CFIHOS-30000591,ISO 15926 part4,8826,real,True,sha256:a69b98012d9e4a46495a3aed48eef8ce75a69d001eaa28b4c38cb0f3c921909d,CORE CFIHOS V2.0 CSV/CFIHOS CORE CFIHOS object equivalent mapping v2.0.csv,1126,source_reference_record,source_reference_record_unreviewed
CFIHOS-30000591,POSC CAESAR,RDS4316863537,real,True,sha256:a69b98012d9e4a46495a3aed48eef8ce75a69d001eaa28b4c38cb0f3c921909d,CORE CFIHOS V2.0 CSV/CFIHOS CORE CFIHOS object equivalent mapping v2.0.csv,1127,source_reference_record,source_reference_record_unreviewed
CFIHOS-30000591,ISO 14224:2016,SVSC,real,True,sha256:a69b98012d9e4a46495a3aed48eef8ce75a69d001eaa28b4c38cb0f3c921909d,CORE CFIHOS V2.0 CSV/CFIHOS CORE CFIHOS object equivalent mapping v2.0.csv,1128,source_reference_record,source_reference_record_unreviewed
CFIHOS-30000592,STEPLIB,520031,real,True,sha256:a69b98012d9e4a46495a3aed48eef8ce75a69d001eaa28b4c38cb0f3c921909d,CORE CFIHOS V2.0 CSV/CFIHOS CORE CFIHOS object equivalent mapping v2.0.csv,1129,source_reference_record,source_reference_record_unreviewed
CFIHOS-30000592,ISO 15926 part4,8850,real,True,sha256:a69b98012d9e4a46495a3aed48eef8ce75a69d001eaa28b4c38cb0f3c921909d,CORE CFIHOS V2.0 CSV/CFIHOS CORE CFIHOS object equivalent mapping v2.0.csv,1130,source_reference_record,source_reference_record_unreviewed
CFIHOS-30000592,POSC CAESAR,RDS283949,real,True,sha256:a69b98012d9e4a46495a3aed48eef8ce75a69d001eaa28b4c38cb0f3c921909d,CORE CFIHOS V2.0 CSV/CFIHOS CORE CFIHOS object equivalent mapping v2.0.csv,1131,source_reference_record,source_reference_record_unreviewed
CFIHOS-30000592,ISO 14224:2016,VESP,real,True,sha256:a69b98012d9e4a46495a3aed48eef8ce75a69d001eaa28b4c38cb0f3c921909d,CORE CFIHOS V2.0 CSV/CFIHOS CORE CFIHOS object equivalent mapping v2.0.csv,1132,source_reference_record,source_reference_record_unreviewed
CFIHOS-30000593,STEPLIB,520226,real,True,sha256:a69b98012d9e4a46495a3aed48eef8ce75a69d001eaa28b4c38cb0f3c921909d,CORE CFIHOS V2.0 CSV/CFIHOS CORE CFIHOS object equivalent mapping v2.0.csv,1133,source_reference_record,source_reference_record_unreviewed
CFIHOS-30000593,ISO 15926 part4,8867,real,True,sha256:a69b98012d9e4a46495a3aed48eef8ce75a69d001eaa28b4c38cb0f3c921909d,CORE CFIHOS V2.0 CSV/CFIHOS CORE CFIHOS object equivalent mapping v2.0.csv,1134,source_reference_record,source_reference_record_unreviewed
CFIHOS-30000593,POSC CAESAR,RDS445139,real,True,sha256:a69b98012d9e4a46495a3aed48eef8ce75a69d001eaa28b4c38cb0f3c921909d,CORE CFIHOS V2.0 CSV/CFIHOS CORE CFIHOS object equivalent mapping v2.0.csv,1135,source_reference_record,source_reference_record_unreviewed
CFIHOS-30000593,ISO 14224:2016,SI,real,True,sha256:a69b98012d9e4a46495a3aed48eef8ce75a69d001eaa28b4c38cb0f3c921909d,CORE CFIHOS V2.0 CSV/CFIHOS CORE CFIHOS object equivalent mapping v2.0.csv,1136,source_reference_record,source_reference_record_unreviewed
CFIHOS-30000594,STEPLIB,520243,real,True,sha256:a69b98012d9e4a46495a3aed48eef8ce75a69d001eaa28b4c38cb0f3c921909d,CORE CFIHOS V2.0 CSV/CFIHOS CORE CFIHOS object equivalent mapping v2.0.csv,1137,source_reference_record,source_reference_record_unreviewed
CFIHOS-30000594,ISO 15926 part4,8893,real,True,sha256:a69b98012d9e4a46495a3aed48eef8ce75a69d001eaa28b4c38cb0f3c921909d,CORE CFIHOS V2.0 CSV/CFIHOS CORE CFIHOS object equivalent mapping v2.0.csv,1138,source_reference_record,source_reference_record_unreviewed
CFIHOS-30000594,POSC CAESAR,RDS414674,real,True,sha256:a69b98012d9e4a46495a3aed48eef8ce75a69d001eaa28b4c38cb0f3c921909d,CORE CFIHOS V2.0 CSV/CFIHOS CORE CFIHOS object equivalent mapping v2.0.csv,1139,source_reference_record,source_reference_record_unreviewed
CFIHOS-30000594,ISO 14224:2016,VE,real,True,sha256:a69b98012d9e4a46495a3aed48eef8ce75a69d001eaa28b4c38cb0f3c921909d,CORE CFIHOS V2.0 CSV/CFIHOS CORE CFIHOS object equivalent mapping v2.0.csv,1140,source_reference_record,source_reference_record_unreviewed
CFIHOS-30000595,STEPLIB,670022,real,True,sha256:a69b98012d9e4a46495a3aed48eef8ce75a69d001eaa28b4c38cb0f3c921909d,CORE CFIHOS V2.0 CSV/CFIHOS CORE CFIHOS object equivalent mapping v2.0.csv,1141,source_reference_record,source_reference_record_unreviewed
CFIHOS-30000595,ISO 15926 part4,8924,real,True,sha256:a69b98012d9e4a46495a3aed48eef8ce75a69d001eaa28b4c38cb0f3c921909d,CORE CFIHOS V2.0 CSV/CFIHOS CORE CFIHOS object equivalent mapping v2.0.csv,1142,source_reference_record,source_reference_record_unreviewed
CFIHOS-30000595,ISO 14224:2016,AM,real,True,sha256:a69b98012d9e4a46495a3aed48eef8ce75a69d001eaa28b4c38cb0f3c921909d,CORE CFIHOS V2.0 CSV/CFIHOS CORE CFIHOS object equivalent mapping v2.0.csv,1143,source_reference_record,source_reference_record_unreviewed
CFIHOS-30000595,POSC CAESAR,RDS11527054,real,True,sha256:a69b98012d9e4a46495a3aed48eef8ce75a69d001eaa28b4c38cb0f3c921909d,CORE CFIHOS V2.0 CSV/CFIHOS CORE CFIHOS object equivalent mapping v2.0.csv,1144,source_reference_record,source_reference_record_unreviewed
CFIHOS-30000596,STEPLIB,670129,real,True,sha256:a69b98012d9e4a46495a3aed48eef8ce75a69d001eaa28b4c38cb0f3c921909d,CORE CFIHOS V2.0 CSV/CFIHOS CORE CFIHOS object equivalent mapping v2.0.csv,1145,source_reference_record,source_reference_record_unreviewed
CFIHOS-30000596,ISO 15926 part4,8926,real,True,sha256:a69b98012d9e4a46495a3aed48eef8ce75a69d001eaa28b4c38cb0f3c921909d,CORE CFIHOS V2.0 CSV/CFIHOS CORE CFIHOS object equivalent mapping v2.0.csv,1146,source_reference_record,source_reference_record_unreviewed
CFIHOS-30000596,POSC CAESAR,RDS624194,real,True,sha256:a69b98012d9e4a46495a3aed48eef8ce75a69d001eaa28b4c38cb0f3c921909d,CORE CFIHOS V2.0 CSV/CFIHOS CORE CFIHOS object equivalent mapping v2.0.csv,1147,source_reference_record,source_reference_record_unreviewed
CFIHOS-30000597,STEPLIB,670030,real,True,sha256:a69b98012d9e4a46495a3aed48eef8ce75a69d001eaa28b4c38cb0f3c921909d,CORE CFIHOS V2.0 CSV/CFIHOS CORE CFIHOS object equivalent mapping v2.0.csv,1148,source_reference_record,source_reference_record_unreviewed
CFIHOS-30000597,ISO 15926 part4,8929,real,True,sha256:a69b98012d9e4a46495a3aed48eef8ce75a69d001eaa28b4c38cb0f3c921909d,CORE CFIHOS V2.0 CSV/CFIHOS CORE CFIHOS object equivalent mapping v2.0.csv,1149,source_reference_record,source_reference_record_unreviewed
CFIHOS-30000597,ISO 14224:2016,CR,real,True,sha256:a69b98012d9e4a46495a3aed48eef8ce75a69d001eaa28b4c38cb0f3c921909d,CORE CFIHOS V2.0 CSV/CFIHOS CORE CFIHOS object equivalent mapping v2.0.csv,1150,source_reference_record,source_reference_record_unreviewed
CFIHOS-30000597,POSC CAESAR,RDS5800251,real,True,sha256:a69b98012d9e4a46495a3aed48eef8ce75a69d001eaa28b4c38cb0f3c921909d,CORE CFIHOS V2.0 CSV/CFIHOS CORE CFIHOS object equivalent mapping v2.0.csv,1151,source_reference_record,source_reference_record_unreviewed
CFIHOS-30000598,STEPLIB,460006,real,True,sha256:a69b98012d9e4a46495a3aed48eef8ce75a69d001eaa28b4c38cb0f3c921909d,CORE CFIHOS V2.0 CSV/CFIHOS CORE CFIHOS object equivalent mapping v2.0.csv,1152,source_reference_record,source_reference_record_unreviewed
CFIHOS-30000598,ISO 15926 part4,8934,real,True,sha256:a69b98012d9e4a46495a3aed48eef8ce75a69d001eaa28b4c38cb0f3c921909d,CORE CFIHOS V2.0 CSV/CFIHOS CORE CFIHOS object equivalent mapping v2.0.csv,1153,source_reference_record,source_reference_record_unreviewed
CFIHOS-30000598,ISO 14224:2016,CV,real,True,sha256:a69b98012d9e4a46495a3aed48eef8ce75a69d001eaa28b4c38cb0f3c921909d,CORE CFIHOS V2.0 CSV/CFIHOS CORE CFIHOS object equivalent mapping v2.0.csv,1154,source_reference_record,source_reference_record_unreviewed
CFIHOS-30000598,POSC CAESAR,RDS5792527,real,True,sha256:a69b98012d9e4a46495a3aed48eef8ce75a69d001eaa28b4c38cb0f3c921909d,CORE CFIHOS V2.0 CSV/CFIHOS CORE CFIHOS object equivalent mapping v2.0.csv,1155,source_reference_record,source_reference_record_unreviewed
CFIHOS-30000599,STEPLIB,670034,real,True,sha256:a69b98012d9e4a46495a3aed48eef8ce75a69d001eaa28b4c38cb0f3c921909d,CORE CFIHOS V2.0 CSV/CFIHOS CORE CFIHOS object equivalent mapping v2.0.csv,1156,source_reference_record,source_reference_record_unreviewed
CFIHOS-30000599,ISO 15926 part4,8935,real,True,sha256:a69b98012d9e4a46495a3aed48eef8ce75a69d001eaa28b4c38cb0f3c921909d,CORE CFIHOS V2.0 CSV/CFIHOS CORE CFIHOS object equivalent mapping v2.0.csv,1157,source_reference_record,source_reference_record_unreviewed
CFIHOS-30000599,ISO 14224:2016,AM,real,True,sha256:a69b98012d9e4a46495a3aed48eef8ce75a69d001eaa28b4c38cb0f3c921909d,CORE CFIHOS V2.0 CSV/CFIHOS CORE CFIHOS object equivalent mapping v2.0.csv,1158,source_reference_record,source_reference_record_unreviewed
CFIHOS-30000599,POSC CAESAR,RDS11526604,real,True,sha256:a69b98012d9e4a46495a3aed48eef8ce75a69d001eaa28b4c38cb0f3c921909d,CORE CFIHOS V2.0 CSV/CFIHOS CORE CFIHOS object equivalent mapping v2.0.csv,1159,source_reference_record,source_reference_record_unreviewed
CFIHOS-30000600,STEPLIB,670048,real,True,sha256:a69b98012d9e4a46495a3aed48eef8ce75a69d001eaa28b4c38cb0f3c921909d,CORE CFIHOS V2.0 CSV/CFIHOS CORE CFIHOS object equivalent mapping v2.0.csv,1160,source_reference_record,source_reference_record_unreviewed
CFIHOS-30000600,ISO 15926 part4,8942,real,True,sha256:a69b98012d9e4a46495a3aed48eef8ce75a69d001eaa28b4c38cb0f3c921909d,CORE CFIHOS V2.0 CSV/CFIHOS CORE CFIHOS object equivalent mapping v2.0.csv,1161,source_reference_record,source_reference_record_unreviewed
CFIHOS-30000600,ISO 14224:2016,HT,real,True,sha256:a69b98012d9e4a46495a3aed48eef8ce75a69d001eaa28b4c38cb0f3c921909d,CORE CFIHOS V2.0 CSV/CFIHOS CORE CFIHOS object equivalent mapping v2.0.csv,1162,source_reference_record,source_reference_record_unreviewed
CFIHOS-30000600,POSC CAESAR,RDS11524787,real,True,sha256:a69b98012d9e4a46495a3aed48eef8ce75a69d001eaa28b4c38cb0f3c921909d,CORE CFIHOS V2.0 CSV/CFIHOS CORE CFIHOS object equivalent mapping v2.0.csv,1163,source_reference_record,source_reference_record_unreviewed
CFIHOS-30000601,STEPLIB,670053,real,True,sha256:a69b98012d9e4a46495a3aed48eef8ce75a69d001eaa28b4c38cb0f3c921909d,CORE CFIHOS V2.0 CSV/CFIHOS CORE CFIHOS object equivalent mapping v2.0.csv,1164,source_reference_record,source_reference_record_unreviewed
CFIHOS-30000601,ISO 15926 part4,8944,real,True,sha256:a69b98012d9e4a46495a3aed48eef8ce75a69d001eaa28b4c38cb0f3c921909d,CORE CFIHOS V2.0 CSV/CFIHOS CORE CFIHOS object equivalent mapping v2.0.csv,1165,source_reference_record,source_reference_record_unreviewed
CFIHOS-30000601,ISO 14224:2016,LB,real,True,sha256:a69b98012d9e4a46495a3aed48eef8ce75a69d001eaa28b4c38cb0f3c921909d,CORE CFIHOS V2.0 CSV/CFIHOS CORE CFIHOS object equivalent mapping v2.0.csv,1166,source_reference_record,source_reference_record_unreviewed
CFIHOS-30000601,POSC CAESAR,RDS11525462,real,True,sha256:a69b98012d9e4a46495a3aed48eef8ce75a69d001eaa28b4c38cb0f3c921909d,CORE CFIHOS V2.0 CSV/CFIHOS CORE CFIHOS object equivalent mapping v2.0.csv,1167,source_reference_record,source_reference_record_unreviewed
CFIHOS-30000602,STEPLIB,670057,real,True,sha256:a69b98012d9e4a46495a3aed48eef8ce75a69d001eaa28b4c38cb0f3c921909d,CORE CFIHOS V2.0 CSV/CFIHOS CORE CFIHOS object equivalent mapping v2.0.csv,1168,source_reference_record,source_reference_record_unreviewed
CFIHOS-30000602,ISO 15926 part4,8948,real,True,sha256:a69b98012d9e4a46495a3aed48eef8ce75a69d001eaa28b4c38cb0f3c921909d,CORE CFIHOS V2.0 CSV/CFIHOS CORE CFIHOS object equivalent mapping v2.0.csv,1169,source_reference_record,source_reference_record_unreviewed
CFIHOS-30000602,ISO 14224:2016,LA,real,True,sha256:a69b98012d9e4a46495a3aed48eef8ce75a69d001eaa28b4c38cb0f3c921909d,CORE CFIHOS V2.0 CSV/CFIHOS CORE CFIHOS object equivalent mapping v2.0.csv,1170,source_reference_record,source_reference_record_unreviewed
CFIHOS-30000602,POSC CAESAR,RDS11475477,real,True,sha256:a69b98012d9e4a46495a3aed48eef8ce75a69d001eaa28b4c38cb0f3c921909d,CORE CFIHOS V2.0 CSV/CFIHOS CORE CFIHOS object equivalent mapping v2.0.csv,1171,source_reference_record,source_reference_record_unreviewed
CFIHOS-30000603,STEPLIB,670162,real,True,sha256:a69b98012d9e4a46495a3aed48eef8ce75a69d001eaa28b4c38cb0f3c921909d,CORE CFIHOS V2.0 CSV/CFIHOS CORE CFIHOS object equivalent mapping v2.0.csv,1172,source_reference_record,source_reference_record_unreviewed
CFIHOS-30000603,ISO 15926 part4,8973,real,True,sha256:a69b98012d9e4a46495a3aed48eef8ce75a69d001eaa28b4c38cb0f3c921909d,CORE CFIHOS V2.0 CSV/CFIHOS CORE CFIHOS object equivalent mapping v2.0.csv,1173,source_reference_record,source_reference_record_unreviewed
CFIHOS-30000603,POSC CAESAR,RDS5788099,real,True,sha256:a69b98012d9e4a46495a3aed48eef8ce75a69d001eaa28b4c38cb0f3c921909d,CORE CFIHOS V2.0 CSV/CFIHOS CORE CFIHOS object equivalent mapping v2.0.csv,1174,source_reference_record,source_reference_record_unreviewed
CFIHOS-30000604,STEPLIB,670116,real,True,sha256:a69b98012d9e4a46495a3aed48eef8ce75a69d001eaa28b4c38cb0f3c921909d,CORE CFIHOS V2.0 CSV/CFIHOS CORE CFIHOS object equivalent mapping v2.0.csv,1175,source_reference_record,source_reference_record_unreviewed
CFIHOS-30000604,ISO 15926 part4,8987,real,True,sha256:a69b98012d9e4a46495a3aed48eef8ce75a69d001eaa28b4c38cb0f3c921909d,CORE CFIHOS V2.0 CSV/CFIHOS CORE CFIHOS object equivalent mapping v2.0.csv,1176,source_reference_record,source_reference_record_unreviewed
CFIHOS-30000604,POSC CAESAR,RDS11524067,real,True,sha256:a69b98012d9e4a46495a3aed48eef8ce75a69d001eaa28b4c38cb0f3c921909d,CORE CFIHOS V2.0 CSV/CFIHOS CORE CFIHOS object equivalent mapping v2.0.csv,1177,source_reference_record,source_reference_record_unreviewed
CFIHOS-30000605,STEPLIB,670117,real,True,sha256:a69b98012d9e4a46495a3aed48eef8ce75a69d001eaa28b4c38cb0f3c921909d,CORE CFIHOS V2.0 CSV/CFIHOS CORE CFIHOS object equivalent mapping v2.0.csv,1178,source_reference_record,source_reference_record_unreviewed
CFIHOS-30000605,ISO 15926 part4,8988,real,True,sha256:a69b98012d9e4a46495a3aed48eef8ce75a69d001eaa28b4c38cb0f3c921909d,CORE CFIHOS V2.0 CSV/CFIHOS CORE CFIHOS object equivalent mapping v2.0.csv,1179,source_reference_record,source_reference_record_unreviewed
CFIHOS-30000605,POSC CAESAR,RDS11524112,real,True,sha256:a69b98012d9e4a46495a3aed48eef8ce75a69d001eaa28b4c38cb0f3c921909d,CORE CFIHOS V2.0 CSV/CFIHOS CORE CFIHOS object equivalent mapping v2.0.csv,1180,source_reference_record,source_reference_record_unreviewed
CFIHOS-30000606,STEPLIB,670122,real,True,sha256:a69b98012d9e4a46495a3aed48eef8ce75a69d001eaa28b4c38cb0f3c921909d,CORE CFIHOS V2.0 CSV/CFIHOS CORE CFIHOS object equivalent mapping v2.0.csv,1181,source_reference_record,source_reference_record_unreviewed
CFIHOS-30000606,ISO 15926 part4,8991,real,True,sha256:a69b98012d9e4a46495a3aed48eef8ce75a69d001eaa28b4c38cb0f3c921909d,CORE CFIHOS V2.0 CSV/CFIHOS CORE CFIHOS object equivalent mapping v2.0.csv,1182,source_reference_record,source_reference_record_unreviewed
CFIHOS-30000606,POSC CAESAR,RDS11526244,real,True,sha256:a69b98012d9e4a46495a3aed48eef8ce75a69d001eaa28b4c38cb0f3c921909d,CORE CFIHOS V2.0 CSV/CFIHOS CORE CFIHOS object equivalent mapping v2.0.csv,1183,source_reference_record,source_reference_record_unreviewed
CFIHOS-30000607,ISO 15926 part4,4219,real,True,sha256:a69b98012d9e4a46495a3aed48eef8ce75a69d001eaa28b4c38cb0f3c921909d,CORE CFIHOS V2.0 CSV/CFIHOS CORE CFIHOS object equivalent mapping v2.0.csv,1184,source_reference_record,source_reference_record_unreviewed
CFIHOS-30000607,STEPLIB,70469,real,True,sha256:a69b98012d9e4a46495a3aed48eef8ce75a69d001eaa28b4c38cb0f3c921909d,CORE CFIHOS V2.0 CSV/CFIHOS CORE CFIHOS object equivalent mapping v2.0.csv,1185,source_reference_record,source_reference_record_unreviewed
CFIHOS-30000607,POSC CAESAR,RDS418769,real,True,sha256:a69b98012d9e4a46495a3aed48eef8ce75a69d001eaa28b4c38cb0f3c921909d,CORE CFIHOS V2.0 CSV/CFIHOS CORE CFIHOS object equivalent mapping v2.0.csv,1186,source_reference_record,source_reference_record_unreviewed
CFIHOS-30000608,POSC CAESAR,RDS2224581,real,True,sha256:a69b98012d9e4a46495a3aed48eef8ce75a69d001eaa28b4c38cb0f3c921909d,CORE CFIHOS V2.0 CSV/CFIHOS CORE CFIHOS object equivalent mapping v2.0.csv,1187,source_reference_record,source_reference_record_unreviewed
CFIHOS-30000609,POSC CAESAR,RDS1324006581,real,True,sha256:a69b98012d9e4a46495a3aed48eef8ce75a69d001eaa28b4c38cb0f3c921909d,CORE CFIHOS V2.0 CSV/CFIHOS CORE CFIHOS object equivalent mapping v2.0.csv,1188,source_reference_record,source_reference_record_unreviewed
CFIHOS-30000610,POSC CAESAR,RDS2224583,real,True,sha256:a69b98012d9e4a46495a3aed48eef8ce75a69d001eaa28b4c38cb0f3c921909d,CORE CFIHOS V2.0 CSV/CFIHOS CORE CFIHOS object equivalent mapping v2.0.csv,1189,source_reference_record,source_reference_record_unreviewed
CFIHOS-30000611,POSC CAESAR,RDS2224584,real,True,sha256:a69b98012d9e4a46495a3aed48eef8ce75a69d001eaa28b4c38cb0f3c921909d,CORE CFIHOS V2.0 CSV/CFIHOS CORE CFIHOS object equivalent mapping v2.0.csv,1190,source_reference_record,source_reference_record_unreviewed
CFIHOS-30000612,ISO 15926 part4,2430,real,True,sha256:a69b98012d9e4a46495a3aed48eef8ce75a69d001eaa28b4c38cb0f3c921909d,CORE CFIHOS V2.0 CSV/CFIHOS CORE CFIHOS object equivalent mapping v2.0.csv,1191,source_reference_record,source_reference_record_unreviewed
CFIHOS-30000612,STEPLIB,250035,real,True,sha256:a69b98012d9e4a46495a3aed48eef8ce75a69d001eaa28b4c38cb0f3c921909d,CORE CFIHOS V2.0 CSV/CFIHOS CORE CFIHOS object equivalent mapping v2.0.csv,1192,source_reference_record,source_reference_record_unreviewed
CFIHOS-30000612,POSC CAESAR,RDS869039,real,True,sha256:a69b98012d9e4a46495a3aed48eef8ce75a69d001eaa28b4c38cb0f3c921909d,CORE CFIHOS V2.0 CSV/CFIHOS CORE CFIHOS object equivalent mapping v2.0.csv,1193,source_reference_record,source_reference_record_unreviewed
CFIHOS-30000613,POSC CAESAR,RDS13611245,real,True,sha256:a69b98012d9e4a46495a3aed48eef8ce75a69d001eaa28b4c38cb0f3c921909d,CORE CFIHOS V2.0 CSV/CFIHOS CORE CFIHOS object equivalent mapping v2.0.csv,1194,source_reference_record,source_reference_record_unreviewed
CFIHOS-30000614,POSC CAESAR,RDS1330047681,real,True,sha256:a69b98012d9e4a46495a3aed48eef8ce75a69d001eaa28b4c38cb0f3c921909d,CORE CFIHOS V2.0 CSV/CFIHOS CORE CFIHOS object equivalent mapping v2.0.csv,1195,source_reference_record,source_reference_record_unreviewed
CFIHOS-30000615,POSC CAESAR,RDS1289414621,real,True,sha256:a69b98012d9e4a46495a3aed48eef8ce75a69d001eaa28b4c38cb0f3c921909d,CORE CFIHOS V2.0 CSV/CFIHOS CORE CFIHOS object equivalent mapping v2.0.csv,1196,source_reference_record,source_reference_record_unreviewed
CFIHOS-30000616,STEPLIB,252105,real,True,sha256:a69b98012d9e4a46495a3aed48eef8ce75a69d001eaa28b4c38cb0f3c921909d,CORE CFIHOS V2.0 CSV/CFIHOS CORE CFIHOS object equivalent mapping v2.0.csv,1197,source_reference_record,source_reference_record_unreviewed
CFIHOS-30000616,ISO 15926 part4,2788,real,True,sha256:a69b98012d9e4a46495a3aed48eef8ce75a69d001eaa28b4c38cb0f3c921909d,CORE CFIHOS V2.0 CSV/CFIHOS CORE CFIHOS object equivalent mapping v2.0.csv,1198,source_reference_record,source_reference_record_unreviewed
CFIHOS-30000616,POSC CAESAR,RDS859859,real,True,sha256:a69b98012d9e4a46495a3aed48eef8ce75a69d001eaa28b4c38cb0f3c921909d,CORE CFIHOS V2.0 CSV/CFIHOS CORE CFIHOS object equivalent mapping v2.0.csv,1199,source_reference_record,source_reference_record_unreviewed
CFIHOS-30000617,STEPLIB,251116,real,True,sha256:a69b98012d9e4a46495a3aed48eef8ce75a69d001eaa28b4c38cb0f3c921909d,CORE CFIHOS V2.0 CSV/CFIHOS CORE CFIHOS object equivalent mapping v2.0.csv,1200,source_reference_record,source_reference_record_unreviewed
CFIHOS-30000617,ISO 15926 part4,2794,real,True,sha256:a69b98012d9e4a46495a3aed48eef8ce75a69d001eaa28b4c38cb0f3c921909d,CORE CFIHOS V2.0 CSV/CFIHOS CORE CFIHOS object equivalent mapping v2.0.csv,1201,source_reference_record,source_reference_record_unreviewed
CFIHOS-30000617,POSC CAESAR,RDS316394,real,True,sha256:a69b98012d9e4a46495a3aed48eef8ce75a69d001eaa28b4c38cb0f3c921909d,CORE CFIHOS V2.0 CSV/CFIHOS CORE CFIHOS object equivalent mapping v2.0.csv,1202,source_reference_record,source_reference_record_unreviewed
CFIHOS-30000618,ISO 14224:2016,EC,real,True,sha256:a69b98012d9e4a46495a3aed48eef8ce75a69d001eaa28b4c38cb0f3c921909d,CORE CFIHOS V2.0 CSV/CFIHOS CORE CFIHOS object equivalent mapping v2.0.csv,1203,source_reference_record,source_reference_record_unreviewed
CFIHOS-30000618,POSC CAESAR,RDS1299946361,real,True,sha256:a69b98012d9e4a46495a3aed48eef8ce75a69d001eaa28b4c38cb0f3c921909d,CORE CFIHOS V2.0 CSV/CFIHOS CORE CFIHOS object equivalent mapping v2.0.csv,1204,source_reference_record,source_reference_record_unreviewed
CFIHOS-30000619,POSC CAESAR,RDS7210699,real,True,sha256:a69b98012d9e4a46495a3aed48eef8ce75a69d001eaa28b4c38cb0f3c921909d,CORE CFIHOS V2.0 CSV/CFIHOS CORE CFIHOS object equivalent mapping v2.0.csv,1205,source_reference_record,source_reference_record_unreviewed
CFIHOS-30000620,POSC CAESAR,RDS475559,real,True,sha256:a69b98012d9e4a46495a3aed48eef8ce75a69d001eaa28b4c38cb0f3c921909d,CORE CFIHOS V2.0 CSV/CFIHOS CORE CFIHOS object equivalent mapping v2.0.csv,1206,source_reference_record,source_reference_record_unreviewed
CFIHOS-30000621,STEPLIB,10665,real,True,sha256:a69b98012d9e4a46495a3aed48eef8ce75a69d001eaa28b4c38cb0f3c921909d,CORE CFIHOS V2.0 CSV/CFIHOS CORE CFIHOS object equivalent mapping v2.0.csv,1207,source_reference_record,source_reference_record_unreviewed
CFIHOS-30000621,POSC CAESAR,RDS2224587,real,True,sha256:a69b98012d9e4a46495a3aed48eef8ce75a69d001eaa28b4c38cb0f3c921909d,CORE CFIHOS V2.0 CSV/CFIHOS CORE CFIHOS object equivalent mapping v2.0.csv,1208,source_reference_record,source_reference_record_unreviewed
CFIHOS-30000622,POSC CAESAR,RDS1325271521,real,True,sha256:a69b98012d9e4a46495a3aed48eef8ce75a69d001eaa28b4c38cb0f3c921909d,CORE CFIHOS V2.0 CSV/CFIHOS CORE CFIHOS object equivalent mapping v2.0.csv,1209,source_reference_record,source_reference_record_unreviewed
CFIHOS-30000623,STEPLIB,250270,real,True,sha256:a69b98012d9e4a46495a3aed48eef8ce75a69d001eaa28b4c38cb0f3c921909d,CORE CFIHOS V2.0 CSV/CFIHOS CORE CFIHOS object equivalent mapping v2.0.csv,1210,source_reference_record,source_reference_record_unreviewed
CFIHOS-30000623,ISO 15926 part4,3092,real,True,sha256:a69b98012d9e4a46495a3aed48eef8ce75a69d001eaa28b4c38cb0f3c921909d,CORE CFIHOS V2.0 CSV/CFIHOS CORE CFIHOS object equivalent mapping v2.0.csv,1211,source_reference_record,source_reference_record_unreviewed
CFIHOS-30000623,POSC CAESAR,RDS874169,real,True,sha256:a69b98012d9e4a46495a3aed48eef8ce75a69d001eaa28b4c38cb0f3c921909d,CORE CFIHOS V2.0 CSV/CFIHOS CORE CFIHOS object equivalent mapping v2.0.csv,1212,source_reference_record,source_reference_record_unreviewed
CFIHOS-30000623,ISO 14224:2016,SG,real,True,sha256:a69b98012d9e4a46495a3aed48eef8ce75a69d001eaa28b4c38cb0f3c921909d,CORE CFIHOS V2.0 CSV/CFIHOS CORE CFIHOS object equivalent mapping v2.0.csv,1213,source_reference_record,source_reference_record_unreviewed
CFIHOS-30000624,POSC CAESAR,RDS1289791601,real,True,sha256:a69b98012d9e4a46495a3aed48eef8ce75a69d001eaa28b4c38cb0f3c921909d,CORE CFIHOS V2.0 CSV/CFIHOS CORE CFIHOS object equivalent mapping v2.0.csv,1214,source_reference_record,source_reference_record_unreviewed
CFIHOS-30000626,ISO 15926 part4,3250,real,True,sha256:a69b98012d9e4a46495a3aed48eef8ce75a69d001eaa28b4c38cb0f3c921909d,CORE CFIHOS V2.0 CSV/CFIHOS CORE CFIHOS object equivalent mapping v2.0.csv,1215,source_reference_record,source_reference_record_unreviewed
CFIHOS-30000626,STEPLIB,70889,real,True,sha256:a69b98012d9e4a46495a3aed48eef8ce75a69d001eaa28b4c38cb0f3c921909d,CORE CFIHOS V2.0 CSV/CFIHOS CORE CFIHOS object equivalent mapping v2.0.csv,1216,source_reference_record,source_reference_record_unreviewed
CFIHOS-30000626,POSC CAESAR,RDS7135931,real,True,sha256:a69b98012d9e4a46495a3aed48eef8ce75a69d001eaa28b4c38cb0f3c921909d,CORE CFIHOS V2.0 CSV/CFIHOS CORE CFIHOS object equivalent mapping v2.0.csv,1217,source_reference_record,source_reference_record_unreviewed
CFIHOS-30000627,STEPLIB,40117,real,True,sha256:a69b98012d9e4a46495a3aed48eef8ce75a69d001eaa28b4c38cb0f3c921909d,CORE CFIHOS V2.0 CSV/CFIHOS CORE CFIHOS object equivalent mapping v2.0.csv,1218,source_reference_record,source_reference_record_unreviewed
CFIHOS-30000627,POSC CAESAR,RDS1299927291,real,True,sha256:a69b98012d9e4a46495a3aed48eef8ce75a69d001eaa28b4c38cb0f3c921909d,CORE CFIHOS V2.0 CSV/CFIHOS CORE CFIHOS object equivalent mapping v2.0.csv,1219,source_reference_record,source_reference_record_unreviewed
CFIHOS-30000628,POSC CAESAR,RDS13610390,real,True,sha256:a69b98012d9e4a46495a3aed48eef8ce75a69d001eaa28b4c38cb0f3c921909d,CORE CFIHOS V2.0 CSV/CFIHOS CORE CFIHOS object equivalent mapping v2.0.csv,1220,source_reference_record,source_reference_record_unreviewed
CFIHOS-30000629,STEPLIB,130794,real,True,sha256:a69b98012d9e4a46495a3aed48eef8ce75a69d001eaa28b4c38cb0f3c921909d,CORE CFIHOS V2.0 CSV/CFIHOS CORE CFIHOS object equivalent mapping v2.0.csv,1221,source_reference_record,source_reference_record_unreviewed
CFIHOS-30000629,ISO 15926 part4,3390,real,True,sha256:a69b98012d9e4a46495a3aed48eef8ce75a69d001eaa28b4c38cb0f3c921909d,CORE CFIHOS V2.0 CSV/CFIHOS CORE CFIHOS object equivalent mapping v2.0.csv,1222,source_reference_record,source_reference_record_unreviewed
CFIHOS-30000629,POSC CAESAR,RDS5796125,real,True,sha256:a69b98012d9e4a46495a3aed48eef8ce75a69d001eaa28b4c38cb0f3c921909d,CORE CFIHOS V2.0 CSV/CFIHOS CORE CFIHOS object equivalent mapping v2.0.csv,1223,source_reference_record,source_reference_record_unreviewed
CFIHOS-30000630,STEPLIB,520610,real,True,sha256:a69b98012d9e4a46495a3aed48eef8ce75a69d001eaa28b4c38cb0f3c921909d,CORE CFIHOS V2.0 CSV/CFIHOS CORE CFIHOS object equivalent mapping v2.0.csv,1224,source_reference_record,source_reference_record_unreviewed
CFIHOS-30000630,ISO 15926 part4,8838,real,True,sha256:a69b98012d9e4a46495a3aed48eef8ce75a69d001eaa28b4c38cb0f3c921909d,CORE CFIHOS V2.0 CSV/CFIHOS CORE CFIHOS object equivalent mapping v2.0.csv,1225,source_reference_record,source_reference_record_unreviewed
CFIHOS-30000630,POSC CAESAR,RDS1016684,real,True,sha256:a69b98012d9e4a46495a3aed48eef8ce75a69d001eaa28b4c38cb0f3c921909d,CORE CFIHOS V2.0 CSV/CFIHOS CORE CFIHOS object equivalent mapping v2.0.csv,1226,source_reference_record,source_reference_record_unreviewed
CFIHOS-30000631,STEPLIB,491495,real,True,sha256:a69b98012d9e4a46495a3aed48eef8ce75a69d001eaa28b4c38cb0f3c921909d,CORE CFIHOS V2.0 CSV/CFIHOS CORE CFIHOS object equivalent mapping v2.0.csv,1227,source_reference_record,source_reference_record_unreviewed
CFIHOS-30000631,ISO 15926 part4,8260,real,True,sha256:a69b98012d9e4a46495a3aed48eef8ce75a69d001eaa28b4c38cb0f3c921909d,CORE CFIHOS V2.0 CSV/CFIHOS CORE CFIHOS object equivalent mapping v2.0.csv,1228,source_reference_record,source_reference_record_unreviewed
CFIHOS-30000631,POSC CAESAR,RDS7953828,real,True,sha256:a69b98012d9e4a46495a3aed48eef8ce75a69d001eaa28b4c38cb0f3c921909d,CORE CFIHOS V2.0 CSV/CFIHOS CORE CFIHOS object equivalent mapping v2.0.csv,1229,source_reference_record,source_reference_record_unreviewed
CFIHOS-30000631,ISO 14224:2016,TH,real,True,sha256:a69b98012d9e4a46495a3aed48eef8ce75a69d001eaa28b4c38cb0f3c921909d,CORE CFIHOS V2.0 CSV/CFIHOS CORE CFIHOS object equivalent mapping v2.0.csv,1230,source_reference_record,source_reference_record_unreviewed
CFIHOS-30000632,STEPLIB,40217,real,True,sha256:a69b98012d9e4a46495a3aed48eef8ce75a69d001eaa28b4c38cb0f3c921909d,CORE CFIHOS V2.0 CSV/CFIHOS CORE CFIHOS object equivalent mapping v2.0.csv,1231,source_reference_record,source_reference_record_unreviewed
CFIHOS-30000632,POSC CAESAR,RDS284714,real,True,sha256:a69b98012d9e4a46495a3aed48eef8ce75a69d001eaa28b4c38cb0f3c921909d,CORE CFIHOS V2.0 CSV/CFIHOS CORE CFIHOS object equivalent mapping v2.0.csv,1232,source_reference_record,source_reference_record_unreviewed
CFIHOS-30000633,STEPLIB,670204,real,True,sha256:a69b98012d9e4a46495a3aed48eef8ce75a69d001eaa28b4c38cb0f3c921909d,CORE CFIHOS V2.0 CSV/CFIHOS CORE CFIHOS object equivalent mapping v2.0.csv,1233,source_reference_record,source_reference_record_unreviewed
CFIHOS-30000633,ISO 15926 part4,8992,real,True,sha256:a69b98012d9e4a46495a3aed48eef8ce75a69d001eaa28b4c38cb0f3c921909d,CORE CFIHOS V2.0 CSV/CFIHOS CORE CFIHOS object equivalent mapping v2.0.csv,1234,source_reference_record,source_reference_record_unreviewed
CFIHOS-30000633,POSC CAESAR,RDS11525282,real,True,sha256:a69b98012d9e4a46495a3aed48eef8ce75a69d001eaa28b4c38cb0f3c921909d,CORE CFIHOS V2.0 CSV/CFIHOS CORE CFIHOS object equivalent mapping v2.0.csv,1235,source_reference_record,source_reference_record_unreviewed
CFIHOS-30000634,ISO 15926 part4,10552,real,True,sha256:a69b98012d9e4a46495a3aed48eef8ce75a69d001eaa28b4c38cb0f3c921909d,CORE CFIHOS V2.0 CSV/CFIHOS CORE CFIHOS object equivalent mapping v2.0.csv,1236,source_reference_record,source_reference_record_unreviewed
CFIHOS-30000634,POSC CAESAR,RDS6331685,real,True,sha256:a69b98012d9e4a46495a3aed48eef8ce75a69d001eaa28b4c38cb0f3c921909d,CORE CFIHOS V2.0 CSV/CFIHOS CORE CFIHOS object equivalent mapping v2.0.csv,1237,source_reference_record,source_reference_record_unreviewed
CFIHOS-30000635,ISO 15926 part4,10178,real,True,sha256:a69b98012d9e4a46495a3aed48eef8ce75a69d001eaa28b4c38cb0f3c921909d,CORE CFIHOS V2.0 CSV/CFIHOS CORE CFIHOS object equivalent mapping v2.0.csv,1238,source_reference_record,source_reference_record_unreviewed
CFIHOS-30000635,STEPLIB,820005,real,True,sha256:a69b98012d9e4a46495a3aed48eef8ce75a69d001eaa28b4c38cb0f3c921909d,CORE CFIHOS V2.0 CSV/CFIHOS CORE CFIHOS object equivalent mapping v2.0.csv,1239,source_reference_record,source_reference_record_unreviewed
CFIHOS-30000635,POSC CAESAR,RDS283859,real,True,sha256:a69b98012d9e4a46495a3aed48eef8ce75a69d001eaa28b4c38cb0f3c921909d,CORE CFIHOS V2.0 CSV/CFIHOS CORE CFIHOS object equivalent mapping v2.0.csv,1240,source_reference_record,source_reference_record_unreviewed
CFIHOS-30000636,ISO 15926 part4,10199,real,True,sha256:a69b98012d9e4a46495a3aed48eef8ce75a69d001eaa28b4c38cb0f3c921909d,CORE CFIHOS V2.0 CSV/CFIHOS CORE CFIHOS object equivalent mapping v2.0.csv,1241,source_reference_record,source_reference_record_unreviewed
CFIHOS-30000636,STEPLIB,820034,real,True,sha256:a69b98012d9e4a46495a3aed48eef8ce75a69d001eaa28b4c38cb0f3c921909d,CORE CFIHOS V2.0 CSV/CFIHOS CORE CFIHOS object equivalent mapping v2.0.csv,1242,source_reference_record,source_reference_record_unreviewed
CFIHOS-30000636,POSC CAESAR,RDS292229,real,True,sha256:a69b98012d9e4a46495a3aed48eef8ce75a69d001eaa28b4c38cb0f3c921909d,CORE CFIHOS V2.0 CSV/CFIHOS CORE CFIHOS object equivalent mapping v2.0.csv,1243,source_reference_record,source_reference_record_unreviewed
CFIHOS-30000636,ISO 14224:2016,VACH,real,True,sha256:a69b98012d9e4a46495a3aed48eef8ce75a69d001eaa28b4c38cb0f3c921909d,CORE CFIHOS V2.0 CSV/CFIHOS CORE CFIHOS object equivalent mapping v2.0.csv,1244,source_reference_record,source_reference_record_unreviewed
CFIHOS-30000637,POSC CAESAR,RDS1280084541,real,True,sha256:a69b98012d9e4a46495a3aed48eef8ce75a69d001eaa28b4c38cb0f3c921909d,CORE CFIHOS V2.0 CSV/CFIHOS CORE CFIHOS object equivalent mapping v2.0.csv,1245,source_reference_record,source_reference_record_unreviewed
CFIHOS-30000638,ISO 15926 part4,10211,real,True,sha256:a69b98012d9e4a46495a3aed48eef8ce75a69d001eaa28b4c38cb0f3c921909d,CORE CFIHOS V2.0 CSV/CFIHOS CORE CFIHOS object equivalent mapping v2.0.csv,1246,source_reference_record,source_reference_record_unreviewed
CFIHOS-30000638,STEPLIB,820020,real,True,sha256:a69b98012d9e4a46495a3aed48eef8ce75a69d001eaa28b4c38cb0f3c921909d,CORE CFIHOS V2.0 CSV/CFIHOS CORE CFIHOS object equivalent mapping v2.0.csv,1247,source_reference_record,source_reference_record_unreviewed
CFIHOS-30000638,POSC CAESAR,RDS297539,real,True,sha256:a69b98012d9e4a46495a3aed48eef8ce75a69d001eaa28b4c38cb0f3c921909d,CORE CFIHOS V2.0 CSV/CFIHOS CORE CFIHOS object equivalent mapping v2.0.csv,1248,source_reference_record,source_reference_record_unreviewed
CFIHOS-30000638,ISO 14224:2016,VAAF,real,True,sha256:a69b98012d9e4a46495a3aed48eef8ce75a69d001eaa28b4c38cb0f3c921909d,CORE CFIHOS V2.0 CSV/CFIHOS CORE CFIHOS object equivalent mapping v2.0.csv,1249,source_reference_record,source_reference_record_unreviewed
CFIHOS-30000639,ISO 15926 part4,10217,real,True,sha256:a69b98012d9e4a46495a3aed48eef8ce75a69d001eaa28b4c38cb0f3c921909d,CORE CFIHOS V2.0 CSV/CFIHOS CORE CFIHOS object equivalent mapping v2.0.csv,1250,source_reference_record,source_reference_record_unreviewed
CFIHOS-30000639,STEPLIB,70084,real,True,sha256:a69b98012d9e4a46495a3aed48eef8ce75a69d001eaa28b4c38cb0f3c921909d,CORE CFIHOS V2.0 CSV/CFIHOS CORE CFIHOS object equivalent mapping v2.0.csv,1251,source_reference_record,source_reference_record_unreviewed
CFIHOS-30000639,POSC CAESAR,RDS6329587,real,True,sha256:a69b98012d9e4a46495a3aed48eef8ce75a69d001eaa28b4c38cb0f3c921909d,CORE CFIHOS V2.0 CSV/CFIHOS CORE CFIHOS object equivalent mapping v2.0.csv,1252,source_reference_record,source_reference_record_unreviewed
CFIHOS-30000640,ISO 15926 part4,4312,real,True,sha256:a69b98012d9e4a46495a3aed48eef8ce75a69d001eaa28b4c38cb0f3c921909d,CORE CFIHOS V2.0 CSV/CFIHOS CORE CFIHOS object equivalent mapping v2.0.csv,1253,source_reference_record,source_reference_record_unreviewed
CFIHOS-30000640,STEPLIB,70776,real,True,sha256:a69b98012d9e4a46495a3aed48eef8ce75a69d001eaa28b4c38cb0f3c921909d,CORE CFIHOS V2.0 CSV/CFIHOS CORE CFIHOS object equivalent mapping v2.0.csv,1254,source_reference_record,source_reference_record_unreviewed
CFIHOS-30000640,ISO 14224:2016,FGBA,real,True,sha256:a69b98012d9e4a46495a3aed48eef8ce75a69d001eaa28b4c38cb0f3c921909d,CORE CFIHOS V2.0 CSV/CFIHOS CORE CFIHOS object equivalent mapping v2.0.csv,1255,source_reference_record,source_reference_record_unreviewed
CFIHOS-30000640,POSC CAESAR,RDS17604520,real,True,sha256:a69b98012d9e4a46495a3aed48eef8ce75a69d001eaa28b4c38cb0f3c921909d,CORE CFIHOS V2.0 CSV/CFIHOS CORE CFIHOS object equivalent mapping v2.0.csv,1256,source_reference_record,source_reference_record_unreviewed
CFIHOS-30000641,ISO 15926 part4,4374,real,True,sha256:a69b98012d9e4a46495a3aed48eef8ce75a69d001eaa28b4c38cb0f3c921909d,CORE CFIHOS V2.0 CSV/CFIHOS CORE CFIHOS object equivalent mapping v2.0.csv,1257,source_reference_record,source_reference_record_unreviewed
CFIHOS-30000641,POSC CAESAR,RDS5767545,real,True,sha256:a69b98012d9e4a46495a3aed48eef8ce75a69d001eaa28b4c38cb0f3c921909d,CORE CFIHOS V2.0 CSV/CFIHOS CORE CFIHOS object equivalent mapping v2.0.csv,1258,source_reference_record,source_reference_record_unreviewed
CFIHOS-30000642,ISO 15926 part4,10251,real,True,sha256:a69b98012d9e4a46495a3aed48eef8ce75a69d001eaa28b4c38cb0f3c921909d,CORE CFIHOS V2.0 CSV/CFIHOS CORE CFIHOS object equivalent mapping v2.0.csv,1259,source_reference_record,source_reference_record_unreviewed
CFIHOS-30000642,STEPLIB,70122,real,True,sha256:a69b98012d9e4a46495a3aed48eef8ce75a69d001eaa28b4c38cb0f3c921909d,CORE CFIHOS V2.0 CSV/CFIHOS CORE CFIHOS object equivalent mapping v2.0.csv,1260,source_reference_record,source_reference_record_unreviewed
CFIHOS-30000642,POSC CAESAR,RDS11274560,real,True,sha256:a69b98012d9e4a46495a3aed48eef8ce75a69d001eaa28b4c38cb0f3c921909d,CORE CFIHOS V2.0 CSV/CFIHOS CORE CFIHOS object equivalent mapping v2.0.csv,1261,source_reference_record,source_reference_record_unreviewed
CFIHOS-30000643,ISO 15926 part4,4417,real,True,sha256:a69b98012d9e4a46495a3aed48eef8ce75a69d001eaa28b4c38cb0f3c921909d,CORE CFIHOS V2.0 CSV/CFIHOS CORE CFIHOS object equivalent mapping v2.0.csv,1262,source_reference_record,source_reference_record_unreviewed
CFIHOS-30000643,STEPLIB,70145,real,True,sha256:a69b98012d9e4a46495a3aed48eef8ce75a69d001eaa28b4c38cb0f3c921909d,CORE CFIHOS V2.0 CSV/CFIHOS CORE CFIHOS object equivalent mapping v2.0.csv,1263,source_reference_record,source_reference_record_unreviewed
CFIHOS-30000643,ISO 14224:2016,IPFS,real,True,sha256:a69b98012d9e4a46495a3aed48eef8ce75a69d001eaa28b4c38cb0f3c921909d,CORE CFIHOS V2.0 CSV/CFIHOS CORE CFIHOS object equivalent mapping v2.0.csv,1264,source_reference_record,source_reference_record_unreviewed
CFIHOS-30000643,POSC CAESAR,RDS880154,real,True,sha256:a69b98012d9e4a46495a3aed48eef8ce75a69d001eaa28b4c38cb0f3c921909d,CORE CFIHOS V2.0 CSV/CFIHOS CORE CFIHOS object equivalent mapping v2.0.csv,1265,source_reference_record,source_reference_record_unreviewed
CFIHOS-30000644,POSC CAESAR,RDS1286872861,real,True,sha256:a69b98012d9e4a46495a3aed48eef8ce75a69d001eaa28b4c38cb0f3c921909d,CORE CFIHOS V2.0 CSV/CFIHOS CORE CFIHOS object equivalent mapping v2.0.csv,1266,source_reference_record,source_reference_record_unreviewed
CFIHOS-30000645,POSC CAESAR,RDS304379,real,True,sha256:a69b98012d9e4a46495a3aed48eef8ce75a69d001eaa28b4c38cb0f3c921909d,CORE CFIHOS V2.0 CSV/CFIHOS CORE CFIHOS object equivalent mapping v2.0.csv,1267,source_reference_record,source_reference_record_unreviewed
CFIHOS-30000646,ISO 15926 part4,4520,real,True,sha256:a69b98012d9e4a46495a3aed48eef8ce75a69d001eaa28b4c38cb0f3c921909d,CORE CFIHOS V2.0 CSV/CFIHOS CORE CFIHOS object equivalent mapping v2.0.csv,1268,source_reference_record,source_reference_record_unreviewed
CFIHOS-30000646,STEPLIB,70230,real,True,sha256:a69b98012d9e4a46495a3aed48eef8ce75a69d001eaa28b4c38cb0f3c921909d,CORE CFIHOS V2.0 CSV/CFIHOS CORE CFIHOS object equivalent mapping v2.0.csv,1269,source_reference_record,source_reference_record_unreviewed
CFIHOS-30000646,POSC CAESAR,RDS418544,real,True,sha256:a69b98012d9e4a46495a3aed48eef8ce75a69d001eaa28b4c38cb0f3c921909d,CORE CFIHOS V2.0 CSV/CFIHOS CORE CFIHOS object equivalent mapping v2.0.csv,1270,source_reference_record,source_reference_record_unreviewed
CFIHOS-30000647,STEPLIB,70579,real,True,sha256:a69b98012d9e4a46495a3aed48eef8ce75a69d001eaa28b4c38cb0f3c921909d,CORE CFIHOS V2.0 CSV/CFIHOS CORE CFIHOS object equivalent mapping v2.0.csv,1271,source_reference_record,source_reference_record_unreviewed
CFIHOS-30000647,POSC CAESAR,RDS2224589,real,True,sha256:a69b98012d9e4a46495a3aed48eef8ce75a69d001eaa28b4c38cb0f3c921909d,CORE CFIHOS V2.0 CSV/CFIHOS CORE CFIHOS object equivalent mapping v2.0.csv,1272,source_reference_record,source_reference_record_unreviewed
CFIHOS-30000648,STEPLIB,520146,real,True,sha256:a69b98012d9e4a46495a3aed48eef8ce75a69d001eaa28b4c38cb0f3c921909d,CORE CFIHOS V2.0 CSV/CFIHOS CORE CFIHOS object equivalent mapping v2.0.csv,1273,source_reference_record,source_reference_record_unreviewed
CFIHOS-30000648,ISO 15926 part4,8676,real,True,sha256:a69b98012d9e4a46495a3aed48eef8ce75a69d001eaa28b4c38cb0f3c921909d,CORE CFIHOS V2.0 CSV/CFIHOS CORE CFIHOS object equivalent mapping v2.0.csv,1274,source_reference_record,source_reference_record_unreviewed
CFIHOS-30000648,POSC CAESAR,RDS1339832331,real,True,sha256:a69b98012d9e4a46495a3aed48eef8ce75a69d001eaa28b4c38cb0f3c921909d,CORE CFIHOS V2.0 CSV/CFIHOS CORE CFIHOS object equivalent mapping v2.0.csv,1275,source_reference_record,source_reference_record_unreviewed
CFIHOS-30000649,ISO 15926 part4,10350,real,True,sha256:a69b98012d9e4a46495a3aed48eef8ce75a69d001eaa28b4c38cb0f3c921909d,CORE CFIHOS V2.0 CSV/CFIHOS CORE CFIHOS object equivalent mapping v2.0.csv,1276,source_reference_record,source_reference_record_unreviewed
CFIHOS-30000649,POSC CAESAR,RDS292499,real,True,sha256:a69b98012d9e4a46495a3aed48eef8ce75a69d001eaa28b4c38cb0f3c921909d,CORE CFIHOS V2.0 CSV/CFIHOS CORE CFIHOS object equivalent mapping v2.0.csv,1277,source_reference_record,source_reference_record_unreviewed
CFIHOS-30000650,POSC CAESAR,RDS1048796831,real,True,sha256:a69b98012d9e4a46495a3aed48eef8ce75a69d001eaa28b4c38cb0f3c921909d,CORE CFIHOS V2.0 CSV/CFIHOS CORE CFIHOS object equivalent mapping v2.0.csv,1278,source_reference_record,source_reference_record_unreviewed
CFIHOS-30000652,POSC CAESAR,RDS2224590,real,True,sha256:a69b98012d9e4a46495a3aed48eef8ce75a69d001eaa28b4c38cb0f3c921909d,CORE CFIHOS V2.0 CSV/CFIHOS CORE CFIHOS object equivalent mapping v2.0.csv,1279,source_reference_record,source_reference_record_unreviewed
CFIHOS-30000653,STEPLIB,400039,real,True,sha256:a69b98012d9e4a46495a3aed48eef8ce75a69d001eaa28b4c38cb0f3c921909d,CORE CFIHOS V2.0 CSV/CFIHOS CORE CFIHOS object equivalent mapping v2.0.csv,1280,source_reference_record,source_reference_record_unreviewed
CFIHOS-30000653,ISO 15926 part4,7247,real,True,sha256:a69b98012d9e4a46495a3aed48eef8ce75a69d001eaa28b4c38cb0f3c921909d,CORE CFIHOS V2.0 CSV/CFIHOS CORE CFIHOS object equivalent mapping v2.0.csv,1281,source_reference_record,source_reference_record_unreviewed
CFIHOS-30000653,POSC CAESAR,RDS309329,real,True,sha256:a69b98012d9e4a46495a3aed48eef8ce75a69d001eaa28b4c38cb0f3c921909d,CORE CFIHOS V2.0 CSV/CFIHOS CORE CFIHOS object equivalent mapping v2.0.csv,1282,source_reference_record,source_reference_record_unreviewed
CFIHOS-30000654,ISO 15926 part4,4677,real,True,sha256:a69b98012d9e4a46495a3aed48eef8ce75a69d001eaa28b4c38cb0f3c921909d,CORE CFIHOS V2.0 CSV/CFIHOS CORE CFIHOS object equivalent mapping v2.0.csv,1283,source_reference_record,source_reference_record_unreviewed
CFIHOS-30000654,STEPLIB,70324,real,True,sha256:a69b98012d9e4a46495a3aed48eef8ce75a69d001eaa28b4c38cb0f3c921909d,CORE CFIHOS V2.0 CSV/CFIHOS CORE CFIHOS object equivalent mapping v2.0.csv,1284,source_reference_record,source_reference_record_unreviewed
CFIHOS-30000654,ISO 14224:2016,IPPS,real,True,sha256:a69b98012d9e4a46495a3aed48eef8ce75a69d001eaa28b4c38cb0f3c921909d,CORE CFIHOS V2.0 CSV/CFIHOS CORE CFIHOS object equivalent mapping v2.0.csv,1285,source_reference_record,source_reference_record_unreviewed
CFIHOS-30000654,POSC CAESAR,RDS743399,real,True,sha256:a69b98012d9e4a46495a3aed48eef8ce75a69d001eaa28b4c38cb0f3c921909d,CORE CFIHOS V2.0 CSV/CFIHOS CORE CFIHOS object equivalent mapping v2.0.csv,1286,source_reference_record,source_reference_record_unreviewed
CFIHOS-30000655,STEPLIB,520022,real,True,sha256:a69b98012d9e4a46495a3aed48eef8ce75a69d001eaa28b4c38cb0f3c921909d,CORE CFIHOS V2.0 CSV/CFIHOS CORE CFIHOS object equivalent mapping v2.0.csv,1287,source_reference_record,source_reference_record_unreviewed
CFIHOS-30000655,ISO 15926 part4,8759,real,True,sha256:a69b98012d9e4a46495a3aed48eef8ce75a69d001eaa28b4c38cb0f3c921909d,CORE CFIHOS V2.0 CSV/CFIHOS CORE CFIHOS object equivalent mapping v2.0.csv,1288,source_reference_record,source_reference_record_unreviewed
CFIHOS-30000655,POSC CAESAR,RDS4316825252,real,True,sha256:a69b98012d9e4a46495a3aed48eef8ce75a69d001eaa28b4c38cb0f3c921909d,CORE CFIHOS V2.0 CSV/CFIHOS CORE CFIHOS object equivalent mapping v2.0.csv,1289,source_reference_record,source_reference_record_unreviewed
CFIHOS-30000656,ISO 14224:2016,DR,real,True,sha256:a69b98012d9e4a46495a3aed48eef8ce75a69d001eaa28b4c38cb0f3c921909d,CORE CFIHOS V2.0 CSV/CFIHOS CORE CFIHOS object equivalent mapping v2.0.csv,1290,source_reference_record,source_reference_record_unreviewed
CFIHOS-30000656,POSC CAESAR,RDS286379,real,True,sha256:a69b98012d9e4a46495a3aed48eef8ce75a69d001eaa28b4c38cb0f3c921909d,CORE CFIHOS V2.0 CSV/CFIHOS CORE CFIHOS object equivalent mapping v2.0.csv,1291,source_reference_record,source_reference_record_unreviewed
CFIHOS-30000657,STEPLIB,100328,real,True,sha256:a69b98012d9e4a46495a3aed48eef8ce75a69d001eaa28b4c38cb0f3c921909d,CORE CFIHOS V2.0 CSV/CFIHOS CORE CFIHOS object equivalent mapping v2.0.csv,1292,source_reference_record,source_reference_record_unreviewed
CFIHOS-30000657,ISO 14224:2016,NODN,real,True,sha256:a69b98012d9e4a46495a3aed48eef8ce75a69d001eaa28b4c38cb0f3c921909d,CORE CFIHOS V2.0 CSV/CFIHOS CORE CFIHOS object equivalent mapping v2.0.csv,1293,source_reference_record,source_reference_record_unreviewed
CFIHOS-30000657,POSC CAESAR,RDS5855670,real,True,sha256:a69b98012d9e4a46495a3aed48eef8ce75a69d001eaa28b4c38cb0f3c921909d,CORE CFIHOS V2.0 CSV/CFIHOS CORE CFIHOS object equivalent mapping v2.0.csv,1294,source_reference_record,source_reference_record_unreviewed
CFIHOS-30000658,POSC CAESAR,RDS2224592,real,True,sha256:a69b98012d9e4a46495a3aed48eef8ce75a69d001eaa28b4c38cb0f3c921909d,CORE CFIHOS V2.0 CSV/CFIHOS CORE CFIHOS object equivalent mapping v2.0.csv,1295,source_reference_record,source_reference_record_unreviewed
CFIHOS-30000659,POSC CAESAR,RDS1295598271,real,True,sha256:a69b98012d9e4a46495a3aed48eef8ce75a69d001eaa28b4c38cb0f3c921909d,CORE CFIHOS V2.0 CSV/CFIHOS CORE CFIHOS object equivalent mapping v2.0.csv,1296,source_reference_record,source_reference_record_unreviewed
CFIHOS-30000659,ISO 14224:2016,TC,real,True,sha256:a69b98012d9e4a46495a3aed48eef8ce75a69d001eaa28b4c38cb0f3c921909d,CORE CFIHOS V2.0 CSV/CFIHOS CORE CFIHOS object equivalent mapping v2.0.csv,1297,source_reference_record,source_reference_record_unreviewed
CFIHOS-30000660,ISO 15926 part4,10554,real,True,sha256:a69b98012d9e4a46495a3aed48eef8ce75a69d001eaa28b4c38cb0f3c921909d,CORE CFIHOS V2.0 CSV/CFIHOS CORE CFIHOS object equivalent mapping v2.0.csv,1298,source_reference_record,source_reference_record_unreviewed
CFIHOS-30000660,STEPLIB,820153,real,True,sha256:a69b98012d9e4a46495a3aed48eef8ce75a69d001eaa28b4c38cb0f3c921909d,CORE CFIHOS V2.0 CSV/CFIHOS CORE CFIHOS object equivalent mapping v2.0.csv,1299,source_reference_record,source_reference_record_unreviewed
CFIHOS-30000660,POSC CAESAR,RDS292589,real,True,sha256:a69b98012d9e4a46495a3aed48eef8ce75a69d001eaa28b4c38cb0f3c921909d,CORE CFIHOS V2.0 CSV/CFIHOS CORE CFIHOS object equivalent mapping v2.0.csv,1300,source_reference_record,source_reference_record_unreviewed
CFIHOS-30000660,ISO 14224:2016,VA,real,True,sha256:a69b98012d9e4a46495a3aed48eef8ce75a69d001eaa28b4c38cb0f3c921909d,CORE CFIHOS V2.0 CSV/CFIHOS CORE CFIHOS object equivalent mapping v2.0.csv,1301,source_reference_record,source_reference_record_unreviewed
CFIHOS-30000661,ISO 15926 part4,4818,real,True,sha256:a69b98012d9e4a46495a3aed48eef8ce75a69d001eaa28b4c38cb0f3c921909d,CORE CFIHOS V2.0 CSV/CFIHOS CORE CFIHOS object equivalent mapping v2.0.csv,1302,source_reference_record,source_reference_record_unreviewed
CFIHOS-30000661,STEPLIB,70700,real,True,sha256:a69b98012d9e4a46495a3aed48eef8ce75a69d001eaa28b4c38cb0f3c921909d,CORE CFIHOS V2.0 CSV/CFIHOS CORE CFIHOS object equivalent mapping v2.0.csv,1303,source_reference_record,source_reference_record_unreviewed
CFIHOS-30000661,POSC CAESAR,RDS267929,real,True,sha256:a69b98012d9e4a46495a3aed48eef8ce75a69d001eaa28b4c38cb0f3c921909d,CORE CFIHOS V2.0 CSV/CFIHOS CORE CFIHOS object equivalent mapping v2.0.csv,1304,source_reference_record,source_reference_record_unreviewed
CFIHOS-30000662,ISO 14224:2016,IPFS,real,True,sha256:a69b98012d9e4a46495a3aed48eef8ce75a69d001eaa28b4c38cb0f3c921909d,CORE CFIHOS V2.0 CSV/CFIHOS CORE CFIHOS object equivalent mapping v2.0.csv,1305,source_reference_record,source_reference_record_unreviewed
CFIHOS-30000662,POSC CAESAR,RDS1026717301,real,True,sha256:a69b98012d9e4a46495a3aed48eef8ce75a69d001eaa28b4c38cb0f3c921909d,CORE CFIHOS V2.0 CSV/CFIHOS CORE CFIHOS object equivalent mapping v2.0.csv,1306,source_reference_record,source_reference_record_unreviewed
CFIHOS-30000663,ISO 15926 part4,4742,real,True,sha256:a69b98012d9e4a46495a3aed48eef8ce75a69d001eaa28b4c38cb0f3c921909d,CORE CFIHOS V2.0 CSV/CFIHOS CORE CFIHOS object equivalent mapping v2.0.csv,1307,source_reference_record,source_reference_record_unreviewed
CFIHOS-30000663,POSC CAESAR,RDS460394,real,True,sha256:a69b98012d9e4a46495a3aed48eef8ce75a69d001eaa28b4c38cb0f3c921909d,CORE CFIHOS V2.0 CSV/CFIHOS CORE CFIHOS object equivalent mapping v2.0.csv,1308,source_reference_record,source_reference_record_unreviewed
CFIHOS-30000664,ISO 15926 part4,4597,real,True,sha256:a69b98012d9e4a46495a3aed48eef8ce75a69d001eaa28b4c38cb0f3c921909d,CORE CFIHOS V2.0 CSV/CFIHOS CORE CFIHOS object equivalent mapping v2.0.csv,1309,source_reference_record,source_reference_record_unreviewed
CFIHOS-30000664,STEPLIB,70286,real,True,sha256:a69b98012d9e4a46495a3aed48eef8ce75a69d001eaa28b4c38cb0f3c921909d,CORE CFIHOS V2.0 CSV/CFIHOS CORE CFIHOS object equivalent mapping v2.0.csv,1310,source_reference_record,source_reference_record_unreviewed
CFIHOS-30000664,POSC CAESAR,RDS418364,real,True,sha256:a69b98012d9e4a46495a3aed48eef8ce75a69d001eaa28b4c38cb0f3c921909d,CORE CFIHOS V2.0 CSV/CFIHOS CORE CFIHOS object equivalent mapping v2.0.csv,1311,source_reference_record,source_reference_record_unreviewed
CFIHOS-30000665,ISO 15926 part4,4310,real,True,sha256:a69b98012d9e4a46495a3aed48eef8ce75a69d001eaa28b4c38cb0f3c921909d,CORE CFIHOS V2.0 CSV/CFIHOS CORE CFIHOS object equivalent mapping v2.0.csv,1312,source_reference_record,source_reference_record_unreviewed
CFIHOS-30000665,POSC CAESAR,RDS461879,real,True,sha256:a69b98012d9e4a46495a3aed48eef8ce75a69d001eaa28b4c38cb0f3c921909d,CORE CFIHOS V2.0 CSV/CFIHOS CORE CFIHOS object equivalent mapping v2.0.csv,1313,source_reference_record,source_reference_record_unreviewed
CFIHOS-30000666,ISO 15926 part4,4293,real,True,sha256:a69b98012d9e4a46495a3aed48eef8ce75a69d001eaa28b4c38cb0f3c921909d,CORE CFIHOS V2.0 CSV/CFIHOS CORE CFIHOS object equivalent mapping v2.0.csv,1314,source_reference_record,source_reference_record_unreviewed
CFIHOS-30000666,STEPLIB,71001,real,True,sha256:a69b98012d9e4a46495a3aed48eef8ce75a69d001eaa28b4c38cb0f3c921909d,CORE CFIHOS V2.0 CSV/CFIHOS CORE CFIHOS object equivalent mapping v2.0.csv,1315,source_reference_record,source_reference_record_unreviewed
CFIHOS-30000666,POSC CAESAR,RDS289844,real,True,sha256:a69b98012d9e4a46495a3aed48eef8ce75a69d001eaa28b4c38cb0f3c921909d,CORE CFIHOS V2.0 CSV/CFIHOS CORE CFIHOS object equivalent mapping v2.0.csv,1316,source_reference_record,source_reference_record_unreviewed
CFIHOS-30000667,POSC CAESAR,RDS2224585,real,True,sha256:a69b98012d9e4a46495a3aed48eef8ce75a69d001eaa28b4c38cb0f3c921909d,CORE CFIHOS V2.0 CSV/CFIHOS CORE CFIHOS object equivalent mapping v2.0.csv,1317,source_reference_record,source_reference_record_unreviewed
CFIHOS-30000668,POSC CAESAR,RDS2224582,real,True,sha256:a69b98012d9e4a46495a3aed48eef8ce75a69d001eaa28b4c38cb0f3c921909d,CORE CFIHOS V2.0 CSV/CFIHOS CORE CFIHOS object equivalent mapping v2.0.csv,1318,source_reference_record,source_reference_record_unreviewed
CFIHOS-30000669,POSC CAESAR,RDS2224586,real,True,sha256:a69b98012d9e4a46495a3aed48eef8ce75a69d001eaa28b4c38cb0f3c921909d,CORE CFIHOS V2.0 CSV/CFIHOS CORE CFIHOS object equivalent mapping v2.0.csv,1319,source_reference_record,source_reference_record_unreviewed
CFIHOS-30000670,POSC CAESAR,RDS2224591,real,True,sha256:a69b98012d9e4a46495a3aed48eef8ce75a69d001eaa28b4c38cb0f3c921909d,CORE CFIHOS V2.0 CSV/CFIHOS CORE CFIHOS object equivalent mapping v2.0.csv,1320,source_reference_record,source_reference_record_unreviewed
CFIHOS-30000671,ISO 15926 part4,4413,real,True,sha256:a69b98012d9e4a46495a3aed48eef8ce75a69d001eaa28b4c38cb0f3c921909d,CORE CFIHOS V2.0 CSV/CFIHOS CORE CFIHOS object equivalent mapping v2.0.csv,1321,source_reference_record,source_reference_record_unreviewed
CFIHOS-30000671,STEPLIB,70530,real,True,sha256:a69b98012d9e4a46495a3aed48eef8ce75a69d001eaa28b4c38cb0f3c921909d,CORE CFIHOS V2.0 CSV/CFIHOS CORE CFIHOS object equivalent mapping v2.0.csv,1322,source_reference_record,source_reference_record_unreviewed
CFIHOS-30000671,POSC CAESAR,RDS461834,real,True,sha256:a69b98012d9e4a46495a3aed48eef8ce75a69d001eaa28b4c38cb0f3c921909d,CORE CFIHOS V2.0 CSV/CFIHOS CORE CFIHOS object equivalent mapping v2.0.csv,1323,source_reference_record,source_reference_record_unreviewed
CFIHOS-30000672,ISO 15926 part4,4518,real,True,sha256:a69b98012d9e4a46495a3aed48eef8ce75a69d001eaa28b4c38cb0f3c921909d,CORE CFIHOS V2.0 CSV/CFIHOS CORE CFIHOS object equivalent mapping v2.0.csv,1324,source_reference_record,source_reference_record_unreviewed
CFIHOS-30000672,STEPLIB,70575,real,True,sha256:a69b98012d9e4a46495a3aed48eef8ce75a69d001eaa28b4c38cb0f3c921909d,CORE CFIHOS V2.0 CSV/CFIHOS CORE CFIHOS object equivalent mapping v2.0.csv,1325,source_reference_record,source_reference_record_unreviewed
CFIHOS-30000672,ISO 14224:2016,IPLS,real,True,sha256:a69b98012d9e4a46495a3aed48eef8ce75a69d001eaa28b4c38cb0f3c921909d,CORE CFIHOS V2.0 CSV/CFIHOS CORE CFIHOS object equivalent mapping v2.0.csv,1326,source_reference_record,source_reference_record_unreviewed
CFIHOS-30000672,POSC CAESAR,RDS880784,real,True,sha256:a69b98012d9e4a46495a3aed48eef8ce75a69d001eaa28b4c38cb0f3c921909d,CORE CFIHOS V2.0 CSV/CFIHOS CORE CFIHOS object equivalent mapping v2.0.csv,1327,source_reference_record,source_reference_record_unreviewed
CFIHOS-30000673,ISO 15926 part4,4667,real,True,sha256:a69b98012d9e4a46495a3aed48eef8ce75a69d001eaa28b4c38cb0f3c921909d,CORE CFIHOS V2.0 CSV/CFIHOS CORE CFIHOS object equivalent mapping v2.0.csv,1328,source_reference_record,source_reference_record_unreviewed
CFIHOS-30000673,STEPLIB,71205,real,True,sha256:a69b98012d9e4a46495a3aed48eef8ce75a69d001eaa28b4c38cb0f3c921909d,CORE CFIHOS V2.0 CSV/CFIHOS CORE CFIHOS object equivalent mapping v2.0.csv,1329,source_reference_record,source_reference_record_unreviewed
CFIHOS-30000673,POSC CAESAR,RDS462104,real,True,sha256:a69b98012d9e4a46495a3aed48eef8ce75a69d001eaa28b4c38cb0f3c921909d,CORE CFIHOS V2.0 CSV/CFIHOS CORE CFIHOS object equivalent mapping v2.0.csv,1330,source_reference_record,source_reference_record_unreviewed
CFIHOS-30000674,ISO 15926 part4,4795,real,True,sha256:a69b98012d9e4a46495a3aed48eef8ce75a69d001eaa28b4c38cb0f3c921909d,CORE CFIHOS V2.0 CSV/CFIHOS CORE CFIHOS object equivalent mapping v2.0.csv,1331,source_reference_record,source_reference_record_unreviewed
CFIHOS-30000674,STEPLIB,70409,real,True,sha256:a69b98012d9e4a46495a3aed48eef8ce75a69d001eaa28b4c38cb0f3c921909d,CORE CFIHOS V2.0 CSV/CFIHOS CORE CFIHOS object equivalent mapping v2.0.csv,1332,source_reference_record,source_reference_record_unreviewed
CFIHOS-30000674,POSC CAESAR,RDS445454,real,True,sha256:a69b98012d9e4a46495a3aed48eef8ce75a69d001eaa28b4c38cb0f3c921909d,CORE CFIHOS V2.0 CSV/CFIHOS CORE CFIHOS object equivalent mapping v2.0.csv,1333,source_reference_record,source_reference_record_unreviewed
CFIHOS-30000675,ISO 15926 part4,4434,real,True,sha256:a69b98012d9e4a46495a3aed48eef8ce75a69d001eaa28b4c38cb0f3c921909d,CORE CFIHOS V2.0 CSV/CFIHOS CORE CFIHOS object equivalent mapping v2.0.csv,1334,source_reference_record,source_reference_record_unreviewed
CFIHOS-30000675,STEPLIB,70541,real,True,sha256:a69b98012d9e4a46495a3aed48eef8ce75a69d001eaa28b4c38cb0f3c921909d,CORE CFIHOS V2.0 CSV/CFIHOS CORE CFIHOS object equivalent mapping v2.0.csv,1335,source_reference_record,source_reference_record_unreviewed
CFIHOS-30000675,POSC CAESAR,RDS462644,real,True,sha256:a69b98012d9e4a46495a3aed48eef8ce75a69d001eaa28b4c38cb0f3c921909d,CORE CFIHOS V2.0 CSV/CFIHOS CORE CFIHOS object equivalent mapping v2.0.csv,1336,source_reference_record,source_reference_record_unreviewed
CFIHOS-30000676,ISO 15926 part4,4426,real,True,sha256:a69b98012d9e4a46495a3aed48eef8ce75a69d001eaa28b4c38cb0f3c921909d,CORE CFIHOS V2.0 CSV/CFIHOS CORE CFIHOS object equivalent mapping v2.0.csv,1337,source_reference_record,source_reference_record_unreviewed
CFIHOS-30000676,STEPLIB,70429,real,True,sha256:a69b98012d9e4a46495a3aed48eef8ce75a69d001eaa28b4c38cb0f3c921909d,CORE CFIHOS V2.0 CSV/CFIHOS CORE CFIHOS object equivalent mapping v2.0.csv,1338,source_reference_record,source_reference_record_unreviewed
CFIHOS-30000676,POSC CAESAR,RDS935459,real,True,sha256:a69b98012d9e4a46495a3aed48eef8ce75a69d001eaa28b4c38cb0f3c921909d,CORE CFIHOS V2.0 CSV/CFIHOS CORE CFIHOS object equivalent mapping v2.0.csv,1339,source_reference_record,source_reference_record_unreviewed
CFIHOS-30000677,ISO 15926 part4,4519,real,True,sha256:a69b98012d9e4a46495a3aed48eef8ce75a69d001eaa28b4c38cb0f3c921909d,CORE CFIHOS V2.0 CSV/CFIHOS CORE CFIHOS object equivalent mapping v2.0.csv,1340,source_reference_record,source_reference_record_unreviewed
CFIHOS-30000677,STEPLIB,70228,real,True,sha256:a69b98012d9e4a46495a3aed48eef8ce75a69d001eaa28b4c38cb0f3c921909d,CORE CFIHOS V2.0 CSV/CFIHOS CORE CFIHOS object equivalent mapping v2.0.csv,1341,source_reference_record,source_reference_record_unreviewed
CFIHOS-30000677,ISO 14224:2016,IPLS,real,True,sha256:a69b98012d9e4a46495a3aed48eef8ce75a69d001eaa28b4c38cb0f3c921909d,CORE CFIHOS V2.0 CSV/CFIHOS CORE CFIHOS object equivalent mapping v2.0.csv,1342,source_reference_record,source_reference_record_unreviewed
CFIHOS-30000677,POSC CAESAR,RDS316754,real,True,sha256:a69b98012d9e4a46495a3aed48eef8ce75a69d001eaa28b4c38cb0f3c921909d,CORE CFIHOS V2.0 CSV/CFIHOS CORE CFIHOS object equivalent mapping v2.0.csv,1343,source_reference_record,source_reference_record_unreviewed
CFIHOS-30000678,STEPLIB,251154,real,True,sha256:a69b98012d9e4a46495a3aed48eef8ce75a69d001eaa28b4c38cb0f3c921909d,CORE CFIHOS V2.0 CSV/CFIHOS CORE CFIHOS object equivalent mapping v2.0.csv,1344,source_reference_record,source_reference_record_unreviewed
CFIHOS-30000678,ISO 15926 part4,3211,real,True,sha256:a69b98012d9e4a46495a3aed48eef8ce75a69d001eaa28b4c38cb0f3c921909d,CORE CFIHOS V2.0 CSV/CFIHOS CORE CFIHOS object equivalent mapping v2.0.csv,1345,source_reference_record,source_reference_record_unreviewed
CFIHOS-30000678,POSC CAESAR,RDS935594,real,True,sha256:a69b98012d9e4a46495a3aed48eef8ce75a69d001eaa28b4c38cb0f3c921909d,CORE CFIHOS V2.0 CSV/CFIHOS CORE CFIHOS object equivalent mapping v2.0.csv,1346,source_reference_record,source_reference_record_unreviewed
CFIHOS-30000679,ISO 14224:2016,EP,real,True,sha256:a69b98012d9e4a46495a3aed48eef8ce75a69d001eaa28b4c38cb0f3c921909d,CORE CFIHOS V2.0 CSV/CFIHOS CORE CFIHOS object equivalent mapping v2.0.csv,1347,source_reference_record,source_reference_record_unreviewed
CFIHOS-30000679,POSC CAESAR,RDS18141154,real,True,sha256:a69b98012d9e4a46495a3aed48eef8ce75a69d001eaa28b4c38cb0f3c921909d,CORE CFIHOS V2.0 CSV/CFIHOS CORE CFIHOS object equivalent mapping v2.0.csv,1348,source_reference_record,source_reference_record_unreviewed
CFIHOS-30000680,POSC CAESAR,RDS2224588,real,True,sha256:a69b98012d9e4a46495a3aed48eef8ce75a69d001eaa28b4c38cb0f3c921909d,CORE CFIHOS V2.0 CSV/CFIHOS CORE CFIHOS object equivalent mapping v2.0.csv,1349,source_reference_record,source_reference_record_unreviewed
CFIHOS-30000681,ISO 15926 part4,10487,real,True,sha256:a69b98012d9e4a46495a3aed48eef8ce75a69d001eaa28b4c38cb0f3c921909d,CORE CFIHOS V2.0 CSV/CFIHOS CORE CFIHOS object equivalent mapping v2.0.csv,1350,source_reference_record,source_reference_record_unreviewed
CFIHOS-30000681,STEPLIB,820928,real,True,sha256:a69b98012d9e4a46495a3aed48eef8ce75a69d001eaa28b4c38cb0f3c921909d,CORE CFIHOS V2.0 CSV/CFIHOS CORE CFIHOS object equivalent mapping v2.0.csv,1351,source_reference_record,source_reference_record_unreviewed
CFIHOS-30000681,POSC CAESAR,RDS431279,real,True,sha256:a69b98012d9e4a46495a3aed48eef8ce75a69d001eaa28b4c38cb0f3c921909d,CORE CFIHOS V2.0 CSV/CFIHOS CORE CFIHOS object equivalent mapping v2.0.csv,1352,source_reference_record,source_reference_record_unreviewed
CFIHOS-30000682,ISO 15926 part4,10472,real,True,sha256:a69b98012d9e4a46495a3aed48eef8ce75a69d001eaa28b4c38cb0f3c921909d,CORE CFIHOS V2.0 CSV/CFIHOS CORE CFIHOS object equivalent mapping v2.0.csv,1353,source_reference_record,source_reference_record_unreviewed
CFIHOS-30000682,POSC CAESAR,RDS7018938,real,True,sha256:a69b98012d9e4a46495a3aed48eef8ce75a69d001eaa28b4c38cb0f3c921909d,CORE CFIHOS V2.0 CSV/CFIHOS CORE CFIHOS object equivalent mapping v2.0.csv,1354,source_reference_record,source_reference_record_unreviewed
CFIHOS-30000683,STEPLIB,130108,real,True,sha256:a69b98012d9e4a46495a3aed48eef8ce75a69d001eaa28b4c38cb0f3c921909d,CORE CFIHOS V2.0 CSV/CFIHOS CORE CFIHOS object equivalent mapping v2.0.csv,1355,source_reference_record,source_reference_record_unreviewed
CFIHOS-30000683,ISO 15926 part4,7622,real,True,sha256:a69b98012d9e4a46495a3aed48eef8ce75a69d001eaa28b4c38cb0f3c921909d,CORE CFIHOS V2.0 CSV/CFIHOS CORE CFIHOS object equivalent mapping v2.0.csv,1356,source_reference_record,source_reference_record_unreviewed
CFIHOS-30000683,ISO 14224:2016,CE,real,True,sha256:a69b98012d9e4a46495a3aed48eef8ce75a69d001eaa28b4c38cb0f3c921909d,CORE CFIHOS V2.0 CSV/CFIHOS CORE CFIHOS object equivalent mapping v2.0.csv,1357,source_reference_record,source_reference_record_unreviewed
CFIHOS-30000683,POSC CAESAR,RDS13068410,real,True,sha256:a69b98012d9e4a46495a3aed48eef8ce75a69d001eaa28b4c38cb0f3c921909d,CORE CFIHOS V2.0 CSV/CFIHOS CORE CFIHOS object equivalent mapping v2.0.csv,1358,source_reference_record,source_reference_record_unreviewed
CFIHOS-30000684,STEPLIB,130177,real,True,sha256:a69b98012d9e4a46495a3aed48eef8ce75a69d001eaa28b4c38cb0f3c921909d,CORE CFIHOS V2.0 CSV/CFIHOS CORE CFIHOS object equivalent mapping v2.0.csv,1359,source_reference_record,source_reference_record_unreviewed
CFIHOS-30000684,ISO 15926 part4,7875,real,True,sha256:a69b98012d9e4a46495a3aed48eef8ce75a69d001eaa28b4c38cb0f3c921909d,CORE CFIHOS V2.0 CSV/CFIHOS CORE CFIHOS object equivalent mapping v2.0.csv,1360,source_reference_record,source_reference_record_unreviewed
CFIHOS-30000684,POSC CAESAR,RDS7191198,real,True,sha256:a69b98012d9e4a46495a3aed48eef8ce75a69d001eaa28b4c38cb0f3c921909d,CORE CFIHOS V2.0 CSV/CFIHOS CORE CFIHOS object equivalent mapping v2.0.csv,1361,source_reference_record,source_reference_record_unreviewed
CFIHOS-30000685,STEPLIB,130281,real,True,sha256:a69b98012d9e4a46495a3aed48eef8ce75a69d001eaa28b4c38cb0f3c921909d,CORE CFIHOS V2.0 CSV/CFIHOS CORE CFIHOS object equivalent mapping v2.0.csv,1362,source_reference_record,source_reference_record_unreviewed
CFIHOS-30000685,ISO 15926 part4,8280,real,True,sha256:a69b98012d9e4a46495a3aed48eef8ce75a69d001eaa28b4c38cb0f3c921909d,CORE CFIHOS V2.0 CSV/CFIHOS CORE CFIHOS object equivalent mapping v2.0.csv,1363,source_reference_record,source_reference_record_unreviewed
CFIHOS-30000685,POSC CAESAR,RDS313289,real,True,sha256:a69b98012d9e4a46495a3aed48eef8ce75a69d001eaa28b4c38cb0f3c921909d,CORE CFIHOS V2.0 CSV/CFIHOS CORE CFIHOS object equivalent mapping v2.0.csv,1364,source_reference_record,source_reference_record_unreviewed
CFIHOS-30000686,POSC CAESAR,RDS1299047481,real,True,sha256:a69b98012d9e4a46495a3aed48eef8ce75a69d001eaa28b4c38cb0f3c921909d,CORE CFIHOS V2.0 CSV/CFIHOS CORE CFIHOS object equivalent mapping v2.0.csv,1365,source_reference_record,source_reference_record_unreviewed
CFIHOS-30000687,ISO 15926 part4,4514,real,True,sha256:a69b98012d9e4a46495a3aed48eef8ce75a69d001eaa28b4c38cb0f3c921909d,CORE CFIHOS V2.0 CSV/CFIHOS CORE CFIHOS object equivalent mapping v2.0.csv,1366,source_reference_record,source_reference_record_unreviewed
CFIHOS-30000687,STEPLIB,70224,real,True,sha256:a69b98012d9e4a46495a3aed48eef8ce75a69d001eaa28b4c38cb0f3c921909d,CORE CFIHOS V2.0 CSV/CFIHOS CORE CFIHOS object equivalent mapping v2.0.csv,1367,source_reference_record,source_reference_record_unreviewed
CFIHOS-30000687,ISO 14224:2016,IPLS,real,True,sha256:a69b98012d9e4a46495a3aed48eef8ce75a69d001eaa28b4c38cb0f3c921909d,CORE CFIHOS V2.0 CSV/CFIHOS CORE CFIHOS object equivalent mapping v2.0.csv,1368,source_reference_record,source_reference_record_unreviewed
CFIHOS-30000687,POSC CAESAR,RDS462689,real,True,sha256:a69b98012d9e4a46495a3aed48eef8ce75a69d001eaa28b4c38cb0f3c921909d,CORE CFIHOS V2.0 CSV/CFIHOS CORE CFIHOS object equivalent mapping v2.0.csv,1369,source_reference_record,source_reference_record_unreviewed
CFIHOS-30000688,ISO 15926 part4,4568,real,True,sha256:a69b98012d9e4a46495a3aed48eef8ce75a69d001eaa28b4c38cb0f3c921909d,CORE CFIHOS V2.0 CSV/CFIHOS CORE CFIHOS object equivalent mapping v2.0.csv,1370,source_reference_record,source_reference_record_unreviewed
CFIHOS-30000688,STEPLIB,70841,real,True,sha256:a69b98012d9e4a46495a3aed48eef8ce75a69d001eaa28b4c38cb0f3c921909d,CORE CFIHOS V2.0 CSV/CFIHOS CORE CFIHOS object equivalent mapping v2.0.csv,1371,source_reference_record,source_reference_record_unreviewed
CFIHOS-30000688,POSC CAESAR,RDS648404,real,True,sha256:a69b98012d9e4a46495a3aed48eef8ce75a69d001eaa28b4c38cb0f3c921909d,CORE CFIHOS V2.0 CSV/CFIHOS CORE CFIHOS object equivalent mapping v2.0.csv,1372,source_reference_record,source_reference_record_unreviewed
CFIHOS-30000689,ISO 15926 part4,4585,real,True,sha256:a69b98012d9e4a46495a3aed48eef8ce75a69d001eaa28b4c38cb0f3c921909d,CORE CFIHOS V2.0 CSV/CFIHOS CORE CFIHOS object equivalent mapping v2.0.csv,1373,source_reference_record,source_reference_record_unreviewed
CFIHOS-30000689,STEPLIB,70279,real,True,sha256:a69b98012d9e4a46495a3aed48eef8ce75a69d001eaa28b4c38cb0f3c921909d,CORE CFIHOS V2.0 CSV/CFIHOS CORE CFIHOS object equivalent mapping v2.0.csv,1374,source_reference_record,source_reference_record_unreviewed
CFIHOS-30000689,POSC CAESAR,RDS1008989,real,True,sha256:a69b98012d9e4a46495a3aed48eef8ce75a69d001eaa28b4c38cb0f3c921909d,CORE CFIHOS V2.0 CSV/CFIHOS CORE CFIHOS object equivalent mapping v2.0.csv,1375,source_reference_record,source_reference_record_unreviewed
CFIHOS-30000690,POSC CAESAR,RDS317159,real,True,sha256:a69b98012d9e4a46495a3aed48eef8ce75a69d001eaa28b4c38cb0f3c921909d,CORE CFIHOS V2.0 CSV/CFIHOS CORE CFIHOS object equivalent mapping v2.0.csv,1376,source_reference_record,source_reference_record_unreviewed
CFIHOS-30000697,ISO 15926 part4,8653,real,True,sha256:a69b98012d9e4a46495a3aed48eef8ce75a69d001eaa28b4c38cb0f3c921909d,CORE CFIHOS V2.0 CSV/CFIHOS CORE CFIHOS object equivalent mapping v2.0.csv,1377,source_reference_record,source_reference_record_unreviewed
CFIHOS-30000697,POSC CAESAR,RDS5785737,real,True,sha256:a69b98012d9e4a46495a3aed48eef8ce75a69d001eaa28b4c38cb0f3c921909d,CORE CFIHOS V2.0 CSV/CFIHOS CORE CFIHOS object equivalent mapping v2.0.csv,1378,source_reference_record,source_reference_record_unreviewed
CFIHOS-30000698,ISO 15926 part4,8811,real,True,sha256:a69b98012d9e4a46495a3aed48eef8ce75a69d001eaa28b4c38cb0f3c921909d,CORE CFIHOS V2.0 CSV/CFIHOS CORE CFIHOS object equivalent mapping v2.0.csv,1379,source_reference_record,source_reference_record_unreviewed
CFIHOS-30000698,ISO 14224:2016,HBHT,real,True,sha256:a69b98012d9e4a46495a3aed48eef8ce75a69d001eaa28b4c38cb0f3c921909d,CORE CFIHOS V2.0 CSV/CFIHOS CORE CFIHOS object equivalent mapping v2.0.csv,1380,source_reference_record,source_reference_record_unreviewed
CFIHOS-30000698,POSC CAESAR,RDS2194378711,real,True,sha256:a69b98012d9e4a46495a3aed48eef8ce75a69d001eaa28b4c38cb0f3c921909d,CORE CFIHOS V2.0 CSV/CFIHOS CORE CFIHOS object equivalent mapping v2.0.csv,1381,source_reference_record,source_reference_record_unreviewed
CFIHOS-30000699,POSC CAESAR,RDS1286904151,real,True,sha256:a69b98012d9e4a46495a3aed48eef8ce75a69d001eaa28b4c38cb0f3c921909d,CORE CFIHOS V2.0 CSV/CFIHOS CORE CFIHOS object equivalent mapping v2.0.csv,1382,source_reference_record,source_reference_record_unreviewed
CFIHOS-30000706,POSC CAESAR,RDS276479,real,True,sha256:a69b98012d9e4a46495a3aed48eef8ce75a69d001eaa28b4c38cb0f3c921909d,CORE CFIHOS V2.0 CSV/CFIHOS CORE CFIHOS object equivalent mapping v2.0.csv,1383,source_reference_record,source_reference_record_unreviewed
CFIHOS-30000708,ISO 15926 part4,8650,real,True,sha256:a69b98012d9e4a46495a3aed48eef8ce75a69d001eaa28b4c38cb0f3c921909d,CORE CFIHOS V2.0 CSV/CFIHOS CORE CFIHOS object equivalent mapping v2.0.csv,1384,source_reference_record,source_reference_record_unreviewed
CFIHOS-30000708,POSC CAESAR,RDS282554,real,True,sha256:a69b98012d9e4a46495a3aed48eef8ce75a69d001eaa28b4c38cb0f3c921909d,CORE CFIHOS V2.0 CSV/CFIHOS CORE CFIHOS object equivalent mapping v2.0.csv,1385,source_reference_record,source_reference_record_unreviewed
CFIHOS-30000710,POSC CAESAR,RDS414093041,real,True,sha256:a69b98012d9e4a46495a3aed48eef8ce75a69d001eaa28b4c38cb0f3c921909d,CORE CFIHOS V2.0 CSV/CFIHOS CORE CFIHOS object equivalent mapping v2.0.csv,1386,source_reference_record,source_reference_record_unreviewed
CFIHOS-30000712,ISO 14224:2016,CI,real,True,sha256:a69b98012d9e4a46495a3aed48eef8ce75a69d001eaa28b4c38cb0f3c921909d,CORE CFIHOS V2.0 CSV/CFIHOS CORE CFIHOS object equivalent mapping v2.0.csv,1387,source_reference_record,source_reference_record_unreviewed
CFIHOS-30000712,ISO 14224:2016,OIWI,real,True,sha256:a69b98012d9e4a46495a3aed48eef8ce75a69d001eaa28b4c38cb0f3c921909d,CORE CFIHOS V2.0 CSV/CFIHOS CORE CFIHOS object equivalent mapping v2.0.csv,1388,source_reference_record,source_reference_record_unreviewed
CFIHOS-30000712,POSC CAESAR,RDS7170184,real,True,sha256:a69b98012d9e4a46495a3aed48eef8ce75a69d001eaa28b4c38cb0f3c921909d,CORE CFIHOS V2.0 CSV/CFIHOS CORE CFIHOS object equivalent mapping v2.0.csv,1389,source_reference_record,source_reference_record_unreviewed
CFIHOS-30000713,POSC CAESAR,RDS1322424091,real,True,sha256:a69b98012d9e4a46495a3aed48eef8ce75a69d001eaa28b4c38cb0f3c921909d,CORE CFIHOS V2.0 CSV/CFIHOS CORE CFIHOS object equivalent mapping v2.0.csv,1390,source_reference_record,source_reference_record_unreviewed
CFIHOS-30000714,ISO 14224:2016,FL,real,True,sha256:a69b98012d9e4a46495a3aed48eef8ce75a69d001eaa28b4c38cb0f3c921909d,CORE CFIHOS V2.0 CSV/CFIHOS CORE CFIHOS object equivalent mapping v2.0.csv,1391,source_reference_record,source_reference_record_unreviewed
CFIHOS-30000715,ISO 14224:2016,CI,real,True,sha256:a69b98012d9e4a46495a3aed48eef8ce75a69d001eaa28b4c38cb0f3c921909d,CORE CFIHOS V2.0 CSV/CFIHOS CORE CFIHOS object equivalent mapping v2.0.csv,1392,source_reference_record,source_reference_record_unreviewed
CFIHOS-30000717,ISO 14224:2016,CI,real,True,sha256:a69b98012d9e4a46495a3aed48eef8ce75a69d001eaa28b4c38cb0f3c921909d,CORE CFIHOS V2.0 CSV/CFIHOS CORE CFIHOS object equivalent mapping v2.0.csv,1393,source_reference_record,source_reference_record_unreviewed
CFIHOS-30000717,ISO 14224:2016,OIWI,real,True,sha256:a69b98012d9e4a46495a3aed48eef8ce75a69d001eaa28b4c38cb0f3c921909d,CORE CFIHOS V2.0 CSV/CFIHOS CORE CFIHOS object equivalent mapping v2.0.csv,1394,source_reference_record,source_reference_record_unreviewed
CFIHOS-30000718,POSC CAESAR,RDS16556883,real,True,sha256:a69b98012d9e4a46495a3aed48eef8ce75a69d001eaa28b4c38cb0f3c921909d,CORE CFIHOS V2.0 CSV/CFIHOS CORE CFIHOS object equivalent mapping v2.0.csv,1395,source_reference_record,source_reference_record_unreviewed
CFIHOS-30000719,POSC CAESAR,RDS16705128,real,True,sha256:a69b98012d9e4a46495a3aed48eef8ce75a69d001eaa28b4c38cb0f3c921909d,CORE CFIHOS V2.0 CSV/CFIHOS CORE CFIHOS object equivalent mapping v2.0.csv,1396,source_reference_record,source_reference_record_unreviewed
CFIHOS-30000719,ISO 14224:2016,TM,real,True,sha256:a69b98012d9e4a46495a3aed48eef8ce75a69d001eaa28b4c38cb0f3c921909d,CORE CFIHOS V2.0 CSV/CFIHOS CORE CFIHOS object equivalent mapping v2.0.csv,1397,source_reference_record,source_reference_record_unreviewed
CFIHOS-30000720,POSC CAESAR,RDS287324,real,True,sha256:a69b98012d9e4a46495a3aed48eef8ce75a69d001eaa28b4c38cb0f3c921909d,CORE CFIHOS V2.0 CSV/CFIHOS CORE CFIHOS object equivalent mapping v2.0.csv,1398,source_reference_record,source_reference_record_unreviewed
CFIHOS-30000721,POSC CAESAR,RDS13029500,real,True,sha256:a69b98012d9e4a46495a3aed48eef8ce75a69d001eaa28b4c38cb0f3c921909d,CORE CFIHOS V2.0 CSV/CFIHOS CORE CFIHOS object equivalent mapping v2.0.csv,1399,source_reference_record,source_reference_record_unreviewed
CFIHOS-30000722,POSC CAESAR,RDS289439,real,True,sha256:a69b98012d9e4a46495a3aed48eef8ce75a69d001eaa28b4c38cb0f3c921909d,CORE CFIHOS V2.0 CSV/CFIHOS CORE CFIHOS object equivalent mapping v2.0.csv,1400,source_reference_record,source_reference_record_unreviewed
CFIHOS-30000724,POSC CAESAR,RDS8641357,real,True,sha256:a69b98012d9e4a46495a3aed48eef8ce75a69d001eaa28b4c38cb0f3c921909d,CORE CFIHOS V2.0 CSV/CFIHOS CORE CFIHOS object equivalent mapping v2.0.csv,1401,source_reference_record,source_reference_record_unreviewed
CFIHOS-30000725,POSC CAESAR,RDS16557063,real,True,sha256:a69b98012d9e4a46495a3aed48eef8ce75a69d001eaa28b4c38cb0f3c921909d,CORE CFIHOS V2.0 CSV/CFIHOS CORE CFIHOS object equivalent mapping v2.0.csv,1402,source_reference_record,source_reference_record_unreviewed
CFIHOS-30000726,POSC CAESAR,RDS16553733,real,True,sha256:a69b98012d9e4a46495a3aed48eef8ce75a69d001eaa28b4c38cb0f3c921909d,CORE CFIHOS V2.0 CSV/CFIHOS CORE CFIHOS object equivalent mapping v2.0.csv,1403,source_reference_record,source_reference_record_unreviewed
CFIHOS-30000727,ISO 15926 part4,2780,real,True,sha256:a69b98012d9e4a46495a3aed48eef8ce75a69d001eaa28b4c38cb0f3c921909d,CORE CFIHOS V2.0 CSV/CFIHOS CORE CFIHOS object equivalent mapping v2.0.csv,1404,source_reference_record,source_reference_record_unreviewed
CFIHOS-30000727,POSC CAESAR,RDS281249,real,True,sha256:a69b98012d9e4a46495a3aed48eef8ce75a69d001eaa28b4c38cb0f3c921909d,CORE CFIHOS V2.0 CSV/CFIHOS CORE CFIHOS object equivalent mapping v2.0.csv,1405,source_reference_record,source_reference_record_unreviewed
CFIHOS-30000728,ISO 15926 part4,3238,real,True,sha256:a69b98012d9e4a46495a3aed48eef8ce75a69d001eaa28b4c38cb0f3c921909d,CORE CFIHOS V2.0 CSV/CFIHOS CORE CFIHOS object equivalent mapping v2.0.csv,1406,source_reference_record,source_reference_record_unreviewed
CFIHOS-30000728,POSC CAESAR,RDS875204,real,True,sha256:a69b98012d9e4a46495a3aed48eef8ce75a69d001eaa28b4c38cb0f3c921909d,CORE CFIHOS V2.0 CSV/CFIHOS CORE CFIHOS object equivalent mapping v2.0.csv,1407,source_reference_record,source_reference_record_unreviewed
CFIHOS-30000730,POSC CAESAR,RDS13029359,real,True,sha256:a69b98012d9e4a46495a3aed48eef8ce75a69d001eaa28b4c38cb0f3c921909d,CORE CFIHOS V2.0 CSV/CFIHOS CORE CFIHOS object equivalent mapping v2.0.csv,1408,source_reference_record,source_reference_record_unreviewed
CFIHOS-30000731,ISO 15926 part4,2374,real,True,sha256:a69b98012d9e4a46495a3aed48eef8ce75a69d001eaa28b4c38cb0f3c921909d,CORE CFIHOS V2.0 CSV/CFIHOS CORE CFIHOS object equivalent mapping v2.0.csv,1409,source_reference_record,source_reference_record_unreviewed
CFIHOS-30000731,POSC CAESAR,RDS1026134,real,True,sha256:a69b98012d9e4a46495a3aed48eef8ce75a69d001eaa28b4c38cb0f3c921909d,CORE CFIHOS V2.0 CSV/CFIHOS CORE CFIHOS object equivalent mapping v2.0.csv,1410,source_reference_record,source_reference_record_unreviewed
CFIHOS-30000732,STEPLIB,250612,real,True,sha256:a69b98012d9e4a46495a3aed48eef8ce75a69d001eaa28b4c38cb0f3c921909d,CORE CFIHOS V2.0 CSV/CFIHOS CORE CFIHOS object equivalent mapping v2.0.csv,1411,source_reference_record,source_reference_record_unreviewed
CFIHOS-30000732,ISO 15926 part4,3461,real,True,sha256:a69b98012d9e4a46495a3aed48eef8ce75a69d001eaa28b4c38cb0f3c921909d,CORE CFIHOS V2.0 CSV/CFIHOS CORE CFIHOS object equivalent mapping v2.0.csv,1412,source_reference_record,source_reference_record_unreviewed
CFIHOS-30000732,POSC CAESAR,RDS875159,real,True,sha256:a69b98012d9e4a46495a3aed48eef8ce75a69d001eaa28b4c38cb0f3c921909d,CORE CFIHOS V2.0 CSV/CFIHOS CORE CFIHOS object equivalent mapping v2.0.csv,1413,source_reference_record,source_reference_record_unreviewed
CFIHOS-30000733,STEPLIB,251505,real,True,sha256:a69b98012d9e4a46495a3aed48eef8ce75a69d001eaa28b4c38cb0f3c921909d,CORE CFIHOS V2.0 CSV/CFIHOS CORE CFIHOS object equivalent mapping v2.0.csv,1414,source_reference_record,source_reference_record_unreviewed
CFIHOS-30000733,ISO 15926 part4,2553,real,True,sha256:a69b98012d9e4a46495a3aed48eef8ce75a69d001eaa28b4c38cb0f3c921909d,CORE CFIHOS V2.0 CSV/CFIHOS CORE CFIHOS object equivalent mapping v2.0.csv,1415,source_reference_record,source_reference_record_unreviewed
CFIHOS-30000733,POSC CAESAR,RDS869129,real,True,sha256:a69b98012d9e4a46495a3aed48eef8ce75a69d001eaa28b4c38cb0f3c921909d,CORE CFIHOS V2.0 CSV/CFIHOS CORE CFIHOS object equivalent mapping v2.0.csv,1416,source_reference_record,source_reference_record_unreviewed
CFIHOS-30000734,STEPLIB,251409,real,True,sha256:a69b98012d9e4a46495a3aed48eef8ce75a69d001eaa28b4c38cb0f3c921909d,CORE CFIHOS V2.0 CSV/CFIHOS CORE CFIHOS object equivalent mapping v2.0.csv,1417,source_reference_record,source_reference_record_unreviewed
CFIHOS-30000734,ISO 15926 part4,2770,real,True,sha256:a69b98012d9e4a46495a3aed48eef8ce75a69d001eaa28b4c38cb0f3c921909d,CORE CFIHOS V2.0 CSV/CFIHOS CORE CFIHOS object equivalent mapping v2.0.csv,1418,source_reference_record,source_reference_record_unreviewed
CFIHOS-30000734,POSC CAESAR,RDS860534,real,True,sha256:a69b98012d9e4a46495a3aed48eef8ce75a69d001eaa28b4c38cb0f3c921909d,CORE CFIHOS V2.0 CSV/CFIHOS CORE CFIHOS object equivalent mapping v2.0.csv,1419,source_reference_record,source_reference_record_unreviewed
CFIHOS-30000735,ISO 15926 part4,2774,real,True,sha256:a69b98012d9e4a46495a3aed48eef8ce75a69d001eaa28b4c38cb0f3c921909d,CORE CFIHOS V2.0 CSV/CFIHOS CORE CFIHOS object equivalent mapping v2.0.csv,1420,source_reference_record,source_reference_record_unreviewed
CFIHOS-30000735,POSC CAESAR,RDS316439,real,True,sha256:a69b98012d9e4a46495a3aed48eef8ce75a69d001eaa28b4c38cb0f3c921909d,CORE CFIHOS V2.0 CSV/CFIHOS CORE CFIHOS object equivalent mapping v2.0.csv,1421,source_reference_record,source_reference_record_unreviewed
CFIHOS-30000736,ISO 14224:2016,CS,real,True,sha256:a69b98012d9e4a46495a3aed48eef8ce75a69d001eaa28b4c38cb0f3c921909d,CORE CFIHOS V2.0 CSV/CFIHOS CORE CFIHOS object equivalent mapping v2.0.csv,1422,source_reference_record,source_reference_record_unreviewed
CFIHOS-30000736,POSC CAESAR,RDS16700620,real,True,sha256:a69b98012d9e4a46495a3aed48eef8ce75a69d001eaa28b4c38cb0f3c921909d,CORE CFIHOS V2.0 CSV/CFIHOS CORE CFIHOS object equivalent mapping v2.0.csv,1423,source_reference_record,source_reference_record_unreviewed
CFIHOS-30000737,POSC CAESAR,RDS16551297,real,True,sha256:a69b98012d9e4a46495a3aed48eef8ce75a69d001eaa28b4c38cb0f3c921909d,CORE CFIHOS V2.0 CSV/CFIHOS CORE CFIHOS object equivalent mapping v2.0.csv,1424,source_reference_record,source_reference_record_unreviewed
CFIHOS-30000738,ISO 15926 part4,10354,real,True,sha256:a69b98012d9e4a46495a3aed48eef8ce75a69d001eaa28b4c38cb0f3c921909d,CORE CFIHOS V2.0 CSV/CFIHOS CORE CFIHOS object equivalent mapping v2.0.csv,1425,source_reference_record,source_reference_record_unreviewed
CFIHOS-30000738,POSC CAESAR,RDS11142220,real,True,sha256:a69b98012d9e4a46495a3aed48eef8ce75a69d001eaa28b4c38cb0f3c921909d,CORE CFIHOS V2.0 CSV/CFIHOS CORE CFIHOS object equivalent mapping v2.0.csv,1426,source_reference_record,source_reference_record_unreviewed
CFIHOS-30000739,ISO 15926 part4,10473,real,True,sha256:a69b98012d9e4a46495a3aed48eef8ce75a69d001eaa28b4c38cb0f3c921909d,CORE CFIHOS V2.0 CSV/CFIHOS CORE CFIHOS object equivalent mapping v2.0.csv,1427,source_reference_record,source_reference_record_unreviewed
CFIHOS-30000739,POSC CAESAR,RDS5794370,real,True,sha256:a69b98012d9e4a46495a3aed48eef8ce75a69d001eaa28b4c38cb0f3c921909d,CORE CFIHOS V2.0 CSV/CFIHOS CORE CFIHOS object equivalent mapping v2.0.csv,1428,source_reference_record,source_reference_record_unreviewed
CFIHOS-30000742,STEPLIB,71213,real,True,sha256:a69b98012d9e4a46495a3aed48eef8ce75a69d001eaa28b4c38cb0f3c921909d,CORE CFIHOS V2.0 CSV/CFIHOS CORE CFIHOS object equivalent mapping v2.0.csv,1429,source_reference_record,source_reference_record_unreviewed
CFIHOS-30000743,STEPLIB,640064,real,True,sha256:a69b98012d9e4a46495a3aed48eef8ce75a69d001eaa28b4c38cb0f3c921909d,CORE CFIHOS V2.0 CSV/CFIHOS CORE CFIHOS object equivalent mapping v2.0.csv,1430,source_reference_record,source_reference_record_unreviewed
CFIHOS-30000743,POSC CAESAR,RDS5762464,real,True,sha256:a69b98012d9e4a46495a3aed48eef8ce75a69d001eaa28b4c38cb0f3c921909d,CORE CFIHOS V2.0 CSV/CFIHOS CORE CFIHOS object equivalent mapping v2.0.csv,1431,source_reference_record,source_reference_record_unreviewed
CFIHOS-30000745,STEPLIB,250118,real,True,sha256:a69b98012d9e4a46495a3aed48eef8ce75a69d001eaa28b4c38cb0f3c921909d,CORE CFIHOS V2.0 CSV/CFIHOS CORE CFIHOS object equivalent mapping v2.0.csv,1432,source_reference_record,source_reference_record_unreviewed
CFIHOS-30000745,ISO 15926 part4,2654,real,True,sha256:a69b98012d9e4a46495a3aed48eef8ce75a69d001eaa28b4c38cb0f3c921909d,CORE CFIHOS V2.0 CSV/CFIHOS CORE CFIHOS object equivalent mapping v2.0.csv,1433,source_reference_record,source_reference_record_unreviewed
CFIHOS-30000745,POSC CAESAR,RDS877859,real,True,sha256:a69b98012d9e4a46495a3aed48eef8ce75a69d001eaa28b4c38cb0f3c921909d,CORE CFIHOS V2.0 CSV/CFIHOS CORE CFIHOS object equivalent mapping v2.0.csv,1434,source_reference_record,source_reference_record_unreviewed
CFIHOS-30000746,STEPLIB,250487,real,True,sha256:a69b98012d9e4a46495a3aed48eef8ce75a69d001eaa28b4c38cb0f3c921909d,CORE CFIHOS V2.0 CSV/CFIHOS CORE CFIHOS object equivalent mapping v2.0.csv,1435,source_reference_record,source_reference_record_unreviewed
CFIHOS-30000746,ISO 15926 part4,3617,real,True,sha256:a69b98012d9e4a46495a3aed48eef8ce75a69d001eaa28b4c38cb0f3c921909d,CORE CFIHOS V2.0 CSV/CFIHOS CORE CFIHOS object equivalent mapping v2.0.csv,1436,source_reference_record,source_reference_record_unreviewed
CFIHOS-30000746,POSC CAESAR,RDS877949,real,True,sha256:a69b98012d9e4a46495a3aed48eef8ce75a69d001eaa28b4c38cb0f3c921909d,CORE CFIHOS V2.0 CSV/CFIHOS CORE CFIHOS object equivalent mapping v2.0.csv,1437,source_reference_record,source_reference_record_unreviewed
CFIHOS-30000747,ISO 15926 part4,4225,real,True,sha256:a69b98012d9e4a46495a3aed48eef8ce75a69d001eaa28b4c38cb0f3c921909d,CORE CFIHOS V2.0 CSV/CFIHOS CORE CFIHOS object equivalent mapping v2.0.csv,1438,source_reference_record,source_reference_record_unreviewed
CFIHOS-30000747,STEPLIB,70016,real,True,sha256:a69b98012d9e4a46495a3aed48eef8ce75a69d001eaa28b4c38cb0f3c921909d,CORE CFIHOS V2.0 CSV/CFIHOS CORE CFIHOS object equivalent mapping v2.0.csv,1439,source_reference_record,source_reference_record_unreviewed
CFIHOS-30000747,POSC CAESAR,RDS6569030,real,True,sha256:a69b98012d9e4a46495a3aed48eef8ce75a69d001eaa28b4c38cb0f3c921909d,CORE CFIHOS V2.0 CSV/CFIHOS CORE CFIHOS object equivalent mapping v2.0.csv,1440,source_reference_record,source_reference_record_unreviewed
CFIHOS-30000748,ISO 15926 part4,4402,real,True,sha256:a69b98012d9e4a46495a3aed48eef8ce75a69d001eaa28b4c38cb0f3c921909d,CORE CFIHOS V2.0 CSV/CFIHOS CORE CFIHOS object equivalent mapping v2.0.csv,1441,source_reference_record,source_reference_record_unreviewed
CFIHOS-30000748,POSC CAESAR,RDS5786237,real,True,sha256:a69b98012d9e4a46495a3aed48eef8ce75a69d001eaa28b4c38cb0f3c921909d,CORE CFIHOS V2.0 CSV/CFIHOS CORE CFIHOS object equivalent mapping v2.0.csv,1442,source_reference_record,source_reference_record_unreviewed
CFIHOS-30000749,ISO 15926 part4,4741,real,True,sha256:a69b98012d9e4a46495a3aed48eef8ce75a69d001eaa28b4c38cb0f3c921909d,CORE CFIHOS V2.0 CSV/CFIHOS CORE CFIHOS object equivalent mapping v2.0.csv,1443,source_reference_record,source_reference_record_unreviewed
CFIHOS-30000749,STEPLIB,70375,real,True,sha256:a69b98012d9e4a46495a3aed48eef8ce75a69d001eaa28b4c38cb0f3c921909d,CORE CFIHOS V2.0 CSV/CFIHOS CORE CFIHOS object equivalent mapping v2.0.csv,1444,source_reference_record,source_reference_record_unreviewed
CFIHOS-30000749,POSC CAESAR,RDS648674,real,True,sha256:a69b98012d9e4a46495a3aed48eef8ce75a69d001eaa28b4c38cb0f3c921909d,CORE CFIHOS V2.0 CSV/CFIHOS CORE CFIHOS object equivalent mapping v2.0.csv,1445,source_reference_record,source_reference_record_unreviewed
CFIHOS-30000750,ISO 15926 part4,4719,real,True,sha256:a69b98012d9e4a46495a3aed48eef8ce75a69d001eaa28b4c38cb0f3c921909d,CORE CFIHOS V2.0 CSV/CFIHOS CORE CFIHOS object equivalent mapping v2.0.csv,1446,source_reference_record,source_reference_record_unreviewed
CFIHOS-30000750,POSC CAESAR,RDS5773110,real,True,sha256:a69b98012d9e4a46495a3aed48eef8ce75a69d001eaa28b4c38cb0f3c921909d,CORE CFIHOS V2.0 CSV/CFIHOS CORE CFIHOS object equivalent mapping v2.0.csv,1447,source_reference_record,source_reference_record_unreviewed
CFIHOS-30000752,STEPLIB,100119,real,True,sha256:a69b98012d9e4a46495a3aed48eef8ce75a69d001eaa28b4c38cb0f3c921909d,CORE CFIHOS V2.0 CSV/CFIHOS CORE CFIHOS object equivalent mapping v2.0.csv,1448,source_reference_record,source_reference_record_unreviewed
CFIHOS-30000752,ISO 14224:2016,HEP,real,True,sha256:a69b98012d9e4a46495a3aed48eef8ce75a69d001eaa28b4c38cb0f3c921909d,CORE CFIHOS V2.0 CSV/CFIHOS CORE CFIHOS object equivalent mapping v2.0.csv,1449,source_reference_record,source_reference_record_unreviewed
CFIHOS-30000752,ISO 14224:2016,SH,real,True,sha256:a69b98012d9e4a46495a3aed48eef8ce75a69d001eaa28b4c38cb0f3c921909d,CORE CFIHOS V2.0 CSV/CFIHOS CORE CFIHOS object equivalent mapping v2.0.csv,1450,source_reference_record,source_reference_record_unreviewed
CFIHOS-30000754,STEPLIB,100243,real,True,sha256:a69b98012d9e4a46495a3aed48eef8ce75a69d001eaa28b4c38cb0f3c921909d,CORE CFIHOS V2.0 CSV/CFIHOS CORE CFIHOS object equivalent mapping v2.0.csv,1451,source_reference_record,source_reference_record_unreviewed
CFIHOS-30000754,ISO 15926 part4,3830,real,True,sha256:a69b98012d9e4a46495a3aed48eef8ce75a69d001eaa28b4c38cb0f3c921909d,CORE CFIHOS V2.0 CSV/CFIHOS CORE CFIHOS object equivalent mapping v2.0.csv,1452,source_reference_record,source_reference_record_unreviewed
CFIHOS-30000754,POSC CAESAR,RDS11015765,real,True,sha256:a69b98012d9e4a46495a3aed48eef8ce75a69d001eaa28b4c38cb0f3c921909d,CORE CFIHOS V2.0 CSV/CFIHOS CORE CFIHOS object equivalent mapping v2.0.csv,1453,source_reference_record,source_reference_record_unreviewed
CFIHOS-30000754,ISO 14224:2016,SH,real,True,sha256:a69b98012d9e4a46495a3aed48eef8ce75a69d001eaa28b4c38cb0f3c921909d,CORE CFIHOS V2.0 CSV/CFIHOS CORE CFIHOS object equivalent mapping v2.0.csv,1454,source_reference_record,source_reference_record_unreviewed
CFIHOS-30000755,STEPLIB,100137,real,True,sha256:a69b98012d9e4a46495a3aed48eef8ce75a69d001eaa28b4c38cb0f3c921909d,CORE CFIHOS V2.0 CSV/CFIHOS CORE CFIHOS object equivalent mapping v2.0.csv,1455,source_reference_record,source_reference_record_unreviewed
CFIHOS-30000755,ISO 15926 part4,3844,real,True,sha256:a69b98012d9e4a46495a3aed48eef8ce75a69d001eaa28b4c38cb0f3c921909d,CORE CFIHOS V2.0 CSV/CFIHOS CORE CFIHOS object equivalent mapping v2.0.csv,1456,source_reference_record,source_reference_record_unreviewed
CFIHOS-30000755,ISO 14224:2016,HEST,real,True,sha256:a69b98012d9e4a46495a3aed48eef8ce75a69d001eaa28b4c38cb0f3c921909d,CORE CFIHOS V2.0 CSV/CFIHOS CORE CFIHOS object equivalent mapping v2.0.csv,1457,source_reference_record,source_reference_record_unreviewed
CFIHOS-30000755,POSC CAESAR,RDS419084,real,True,sha256:a69b98012d9e4a46495a3aed48eef8ce75a69d001eaa28b4c38cb0f3c921909d,CORE CFIHOS V2.0 CSV/CFIHOS CORE CFIHOS object equivalent mapping v2.0.csv,1458,source_reference_record,source_reference_record_unreviewed
CFIHOS-30000756,ISO 15926 part4,3805,real,True,sha256:a69b98012d9e4a46495a3aed48eef8ce75a69d001eaa28b4c38cb0f3c921909d,CORE CFIHOS V2.0 CSV/CFIHOS CORE CFIHOS object equivalent mapping v2.0.csv,1459,source_reference_record,source_reference_record_unreviewed
CFIHOS-30000756,ISO 14224:2016,HBIF,real,True,sha256:a69b98012d9e4a46495a3aed48eef8ce75a69d001eaa28b4c38cb0f3c921909d,CORE CFIHOS V2.0 CSV/CFIHOS CORE CFIHOS object equivalent mapping v2.0.csv,1460,source_reference_record,source_reference_record_unreviewed
CFIHOS-30000756,POSC CAESAR,RDS293264,real,True,sha256:a69b98012d9e4a46495a3aed48eef8ce75a69d001eaa28b4c38cb0f3c921909d,CORE CFIHOS V2.0 CSV/CFIHOS CORE CFIHOS object equivalent mapping v2.0.csv,1461,source_reference_record,source_reference_record_unreviewed
CFIHOS-30000757,POSC CAESAR,RDS5767025,real,True,sha256:a69b98012d9e4a46495a3aed48eef8ce75a69d001eaa28b4c38cb0f3c921909d,CORE CFIHOS V2.0 CSV/CFIHOS CORE CFIHOS object equivalent mapping v2.0.csv,1462,source_reference_record,source_reference_record_unreviewed
CFIHOS-30000758,ISO 15926 part4,8761,real,True,sha256:a69b98012d9e4a46495a3aed48eef8ce75a69d001eaa28b4c38cb0f3c921909d,CORE CFIHOS V2.0 CSV/CFIHOS CORE CFIHOS object equivalent mapping v2.0.csv,1463,source_reference_record,source_reference_record_unreviewed
CFIHOS-30000758,POSC CAESAR,RDS43168252108,real,True,sha256:a69b98012d9e4a46495a3aed48eef8ce75a69d001eaa28b4c38cb0f3c921909d,CORE CFIHOS V2.0 CSV/CFIHOS CORE CFIHOS object equivalent mapping v2.0.csv,1464,source_reference_record,source_reference_record_unreviewed
CFIHOS-30000759,ISO 15926 part4,8621,real,True,sha256:a69b98012d9e4a46495a3aed48eef8ce75a69d001eaa28b4c38cb0f3c921909d,CORE CFIHOS V2.0 CSV/CFIHOS CORE CFIHOS object equivalent mapping v2.0.csv,1465,source_reference_record,source_reference_record_unreviewed
CFIHOS-30000759,POSC CAESAR,RDS304334,real,True,sha256:a69b98012d9e4a46495a3aed48eef8ce75a69d001eaa28b4c38cb0f3c921909d,CORE CFIHOS V2.0 CSV/CFIHOS CORE CFIHOS object equivalent mapping v2.0.csv,1466,source_reference_record,source_reference_record_unreviewed
CFIHOS-30000800,ISO 15926 part4,1795,real,True,sha256:a69b98012d9e4a46495a3aed48eef8ce75a69d001eaa28b4c38cb0f3c921909d,CORE CFIHOS V2.0 CSV/CFIHOS CORE CFIHOS object equivalent mapping v2.0.csv,1467,source_reference_record,source_reference_record_unreviewed
CFIHOS-30000800,POSC CAESAR,RDS779695261,real,True,sha256:a69b98012d9e4a46495a3aed48eef8ce75a69d001eaa28b4c38cb0f3c921909d,CORE CFIHOS V2.0 CSV/CFIHOS CORE CFIHOS object equivalent mapping v2.0.csv,1468,source_reference_record,source_reference_record_unreviewed
CFIHOS-30000801,ISO 15926 part4,2332,real,True,sha256:a69b98012d9e4a46495a3aed48eef8ce75a69d001eaa28b4c38cb0f3c921909d,CORE CFIHOS V2.0 CSV/CFIHOS CORE CFIHOS object equivalent mapping v2.0.csv,1469,source_reference_record,source_reference_record_unreviewed
CFIHOS-30000801,STEPLIB,251411,real,True,sha256:a69b98012d9e4a46495a3aed48eef8ce75a69d001eaa28b4c38cb0f3c921909d,CORE CFIHOS V2.0 CSV/CFIHOS CORE CFIHOS object equivalent mapping v2.0.csv,1470,source_reference_record,source_reference_record_unreviewed
CFIHOS-30000801,POSC CAESAR,RDS962729,real,True,sha256:a69b98012d9e4a46495a3aed48eef8ce75a69d001eaa28b4c38cb0f3c921909d,CORE CFIHOS V2.0 CSV/CFIHOS CORE CFIHOS object equivalent mapping v2.0.csv,1471,source_reference_record,source_reference_record_unreviewed
CFIHOS-30000802,POSC CAESAR,RDS284219,real,True,sha256:a69b98012d9e4a46495a3aed48eef8ce75a69d001eaa28b4c38cb0f3c921909d,CORE CFIHOS V2.0 CSV/CFIHOS CORE CFIHOS object equivalent mapping v2.0.csv,1472,source_reference_record,source_reference_record_unreviewed
CFIHOS-30000803,ISO 15926 part4,2338,real,True,sha256:a69b98012d9e4a46495a3aed48eef8ce75a69d001eaa28b4c38cb0f3c921909d,CORE CFIHOS V2.0 CSV/CFIHOS CORE CFIHOS object equivalent mapping v2.0.csv,1473,source_reference_record,source_reference_record_unreviewed
CFIHOS-30000803,POSC CAESAR,RDS876239,real,True,sha256:a69b98012d9e4a46495a3aed48eef8ce75a69d001eaa28b4c38cb0f3c921909d,CORE CFIHOS V2.0 CSV/CFIHOS CORE CFIHOS object equivalent mapping v2.0.csv,1474,source_reference_record,source_reference_record_unreviewed
CFIHOS-30000804,ISO 15926 part4,2353,real,True,sha256:a69b98012d9e4a46495a3aed48eef8ce75a69d001eaa28b4c38cb0f3c921909d,CORE CFIHOS V2.0 CSV/CFIHOS CORE CFIHOS object equivalent mapping v2.0.csv,1475,source_reference_record,source_reference_record_unreviewed
CFIHOS-30000804,STEPLIB,251558,real,True,sha256:a69b98012d9e4a46495a3aed48eef8ce75a69d001eaa28b4c38cb0f3c921909d,CORE CFIHOS V2.0 CSV/CFIHOS CORE CFIHOS object equivalent mapping v2.0.csv,1476,source_reference_record,source_reference_record_unreviewed
CFIHOS-30000804,POSC CAESAR,RDS873359,real,True,sha256:a69b98012d9e4a46495a3aed48eef8ce75a69d001eaa28b4c38cb0f3c921909d,CORE CFIHOS V2.0 CSV/CFIHOS CORE CFIHOS object equivalent mapping v2.0.csv,1477,source_reference_record,source_reference_record_unreviewed
CFIHOS-30000805,ISO 15926 part4,2354,real,True,sha256:a69b98012d9e4a46495a3aed48eef8ce75a69d001eaa28b4c38cb0f3c921909d,CORE CFIHOS V2.0 CSV/CFIHOS CORE CFIHOS object equivalent mapping v2.0.csv,1478,source_reference_record,source_reference_record_unreviewed
CFIHOS-30000805,STEPLIB,250007,real,True,sha256:a69b98012d9e4a46495a3aed48eef8ce75a69d001eaa28b4c38cb0f3c921909d,CORE CFIHOS V2.0 CSV/CFIHOS CORE CFIHOS object equivalent mapping v2.0.csv,1479,source_reference_record,source_reference_record_unreviewed
CFIHOS-30000805,ISO 14224:2016,EMAC,real,True,sha256:a69b98012d9e4a46495a3aed48eef8ce75a69d001eaa28b4c38cb0f3c921909d,CORE CFIHOS V2.0 CSV/CFIHOS CORE CFIHOS object equivalent mapping v2.0.csv,1480,source_reference_record,source_reference_record_unreviewed
CFIHOS-30000805,POSC CAESAR,RDS472994,real,True,sha256:a69b98012d9e4a46495a3aed48eef8ce75a69d001eaa28b4c38cb0f3c921909d,CORE CFIHOS V2.0 CSV/CFIHOS CORE CFIHOS object equivalent mapping v2.0.csv,1481,source_reference_record,source_reference_record_unreviewed
CFIHOS-30000806,POSC CAESAR,RDS5791066,real,True,sha256:a69b98012d9e4a46495a3aed48eef8ce75a69d001eaa28b4c38cb0f3c921909d,CORE CFIHOS V2.0 CSV/CFIHOS CORE CFIHOS object equivalent mapping v2.0.csv,1482,source_reference_record,source_reference_record_unreviewed
CFIHOS-30000806,ISO 14224:2016,VABA,real,True,sha256:a69b98012d9e4a46495a3aed48eef8ce75a69d001eaa28b4c38cb0f3c921909d,CORE CFIHOS V2.0 CSV/CFIHOS CORE CFIHOS object equivalent mapping v2.0.csv,1483,source_reference_record,source_reference_record_unreviewed
CFIHOS-30000807,ISO 15926 part4,10163,real,True,sha256:a69b98012d9e4a46495a3aed48eef8ce75a69d001eaa28b4c38cb0f3c921909d,CORE CFIHOS V2.0 CSV/CFIHOS CORE CFIHOS object equivalent mapping v2.0.csv,1484,source_reference_record,source_reference_record_unreviewed
CFIHOS-30000807,POSC CAESAR,RDS416654,real,True,sha256:a69b98012d9e4a46495a3aed48eef8ce75a69d001eaa28b4c38cb0f3c921909d,CORE CFIHOS V2.0 CSV/CFIHOS CORE CFIHOS object equivalent mapping v2.0.csv,1485,source_reference_record,source_reference_record_unreviewed
CFIHOS-30000807,ISO 14224:2016,VABA,real,True,sha256:a69b98012d9e4a46495a3aed48eef8ce75a69d001eaa28b4c38cb0f3c921909d,CORE CFIHOS V2.0 CSV/CFIHOS CORE CFIHOS object equivalent mapping v2.0.csv,1486,source_reference_record,source_reference_record_unreviewed
CFIHOS-30000808,POSC CAESAR,RDS431594,real,True,sha256:a69b98012d9e4a46495a3aed48eef8ce75a69d001eaa28b4c38cb0f3c921909d,CORE CFIHOS V2.0 CSV/CFIHOS CORE CFIHOS object equivalent mapping v2.0.csv,1487,source_reference_record,source_reference_record_unreviewed
CFIHOS-30000809,ISO 15926 part4,10189,real,True,sha256:a69b98012d9e4a46495a3aed48eef8ce75a69d001eaa28b4c38cb0f3c921909d,CORE CFIHOS V2.0 CSV/CFIHOS CORE CFIHOS object equivalent mapping v2.0.csv,1488,source_reference_record,source_reference_record_unreviewed
CFIHOS-30000809,POSC CAESAR,RDS5791128,real,True,sha256:a69b98012d9e4a46495a3aed48eef8ce75a69d001eaa28b4c38cb0f3c921909d,CORE CFIHOS V2.0 CSV/CFIHOS CORE CFIHOS object equivalent mapping v2.0.csv,1489,source_reference_record,source_reference_record_unreviewed
CFIHOS-30000809,ISO 14224:2016,VABP,real,True,sha256:a69b98012d9e4a46495a3aed48eef8ce75a69d001eaa28b4c38cb0f3c921909d,CORE CFIHOS V2.0 CSV/CFIHOS CORE CFIHOS object equivalent mapping v2.0.csv,1490,source_reference_record,source_reference_record_unreviewed
CFIHOS-30000810,ISO 15926 part4,10190,real,True,sha256:a69b98012d9e4a46495a3aed48eef8ce75a69d001eaa28b4c38cb0f3c921909d,CORE CFIHOS V2.0 CSV/CFIHOS CORE CFIHOS object equivalent mapping v2.0.csv,1491,source_reference_record,source_reference_record_unreviewed
CFIHOS-30000810,POSC CAESAR,RDS416609,real,True,sha256:a69b98012d9e4a46495a3aed48eef8ce75a69d001eaa28b4c38cb0f3c921909d,CORE CFIHOS V2.0 CSV/CFIHOS CORE CFIHOS object equivalent mapping v2.0.csv,1492,source_reference_record,source_reference_record_unreviewed
CFIHOS-30000810,ISO 14224:2016,VABP,real,True,sha256:a69b98012d9e4a46495a3aed48eef8ce75a69d001eaa28b4c38cb0f3c921909d,CORE CFIHOS V2.0 CSV/CFIHOS CORE CFIHOS object equivalent mapping v2.0.csv,1493,source_reference_record,source_reference_record_unreviewed
CFIHOS-30000811,ISO 14224:2016,DC,real,True,sha256:a69b98012d9e4a46495a3aed48eef8ce75a69d001eaa28b4c38cb0f3c921909d,CORE CFIHOS V2.0 CSV/CFIHOS CORE CFIHOS object equivalent mapping v2.0.csv,1494,source_reference_record,source_reference_record_unreviewed
CFIHOS-30000812,ISO 15926 part4,10203,real,True,sha256:a69b98012d9e4a46495a3aed48eef8ce75a69d001eaa28b4c38cb0f3c921909d,CORE CFIHOS V2.0 CSV/CFIHOS CORE CFIHOS object equivalent mapping v2.0.csv,1495,source_reference_record,source_reference_record_unreviewed
CFIHOS-30000812,ISO 14224:2016,DC,real,True,sha256:a69b98012d9e4a46495a3aed48eef8ce75a69d001eaa28b4c38cb0f3c921909d,CORE CFIHOS V2.0 CSV/CFIHOS CORE CFIHOS object equivalent mapping v2.0.csv,1496,source_reference_record,source_reference_record_unreviewed
CFIHOS-30000812,POSC CAESAR,RDS292364,real,True,sha256:a69b98012d9e4a46495a3aed48eef8ce75a69d001eaa28b4c38cb0f3c921909d,CORE CFIHOS V2.0 CSV/CFIHOS CORE CFIHOS object equivalent mapping v2.0.csv,1497,source_reference_record,source_reference_record_unreviewed
CFIHOS-30000812,ISO 14224:2016,VAES,real,True,sha256:a69b98012d9e4a46495a3aed48eef8ce75a69d001eaa28b4c38cb0f3c921909d,CORE CFIHOS V2.0 CSV/CFIHOS CORE CFIHOS object equivalent mapping v2.0.csv,1498,source_reference_record,source_reference_record_unreviewed
CFIHOS-30000813,ISO 15926 part4,4275,real,True,sha256:a69b98012d9e4a46495a3aed48eef8ce75a69d001eaa28b4c38cb0f3c921909d,CORE CFIHOS V2.0 CSV/CFIHOS CORE CFIHOS object equivalent mapping v2.0.csv,1499,source_reference_record,source_reference_record_unreviewed
CFIHOS-30000813,STEPLIB,70045,real,True,sha256:a69b98012d9e4a46495a3aed48eef8ce75a69d001eaa28b4c38cb0f3c921909d,CORE CFIHOS V2.0 CSV/CFIHOS CORE CFIHOS object equivalent mapping v2.0.csv,1500,source_reference_record,source_reference_record_unreviewed
CFIHOS-30000813,POSC CAESAR,RDS878669,real,True,sha256:a69b98012d9e4a46495a3aed48eef8ce75a69d001eaa28b4c38cb0f3c921909d,CORE CFIHOS V2.0 CSV/CFIHOS CORE CFIHOS object equivalent mapping v2.0.csv,1501,source_reference_record,source_reference_record_unreviewed
CFIHOS-30000814,POSC CAESAR,RDS432899,real,True,sha256:a69b98012d9e4a46495a3aed48eef8ce75a69d001eaa28b4c38cb0f3c921909d,CORE CFIHOS V2.0 CSV/CFIHOS CORE CFIHOS object equivalent mapping v2.0.csv,1502,source_reference_record,source_reference_record_unreviewed
CFIHOS-30000815,ISO 15926 part4,10212,real,True,sha256:a69b98012d9e4a46495a3aed48eef8ce75a69d001eaa28b4c38cb0f3c921909d,CORE CFIHOS V2.0 CSV/CFIHOS CORE CFIHOS object equivalent mapping v2.0.csv,1503,source_reference_record,source_reference_record_unreviewed
CFIHOS-30000815,ISO 14224:2016,VASC,real,True,sha256:a69b98012d9e4a46495a3aed48eef8ce75a69d001eaa28b4c38cb0f3c921909d,CORE CFIHOS V2.0 CSV/CFIHOS CORE CFIHOS object equivalent mapping v2.0.csv,1504,source_reference_record,source_reference_record_unreviewed
CFIHOS-30000817,ISO 14224:2016,VADI,real,True,sha256:a69b98012d9e4a46495a3aed48eef8ce75a69d001eaa28b4c38cb0f3c921909d,CORE CFIHOS V2.0 CSV/CFIHOS CORE CFIHOS object equivalent mapping v2.0.csv,1505,source_reference_record,source_reference_record_unreviewed
CFIHOS-30000818,ISO 15926 part4,10221,real,True,sha256:a69b98012d9e4a46495a3aed48eef8ce75a69d001eaa28b4c38cb0f3c921909d,CORE CFIHOS V2.0 CSV/CFIHOS CORE CFIHOS object equivalent mapping v2.0.csv,1506,source_reference_record,source_reference_record_unreviewed
CFIHOS-30000818,POSC CAESAR,RDS421019,real,True,sha256:a69b98012d9e4a46495a3aed48eef8ce75a69d001eaa28b4c38cb0f3c921909d,CORE CFIHOS V2.0 CSV/CFIHOS CORE CFIHOS object equivalent mapping v2.0.csv,1507,source_reference_record,source_reference_record_unreviewed
CFIHOS-30000818,ISO 14224:2016,VADI,real,True,sha256:a69b98012d9e4a46495a3aed48eef8ce75a69d001eaa28b4c38cb0f3c921909d,CORE CFIHOS V2.0 CSV/CFIHOS CORE CFIHOS object equivalent mapping v2.0.csv,1508,source_reference_record,source_reference_record_unreviewed
CFIHOS-30000819,STEPLIB,250523,real,True,sha256:a69b98012d9e4a46495a3aed48eef8ce75a69d001eaa28b4c38cb0f3c921909d,CORE CFIHOS V2.0 CSV/CFIHOS CORE CFIHOS object equivalent mapping v2.0.csv,1509,source_reference_record,source_reference_record_unreviewed
CFIHOS-30000820,STEPLIB,250120,real,True,sha256:a69b98012d9e4a46495a3aed48eef8ce75a69d001eaa28b4c38cb0f3c921909d,CORE CFIHOS V2.0 CSV/CFIHOS CORE CFIHOS object equivalent mapping v2.0.csv,1510,source_reference_record,source_reference_record_unreviewed
CFIHOS-30000820,ISO 14224:2016,EMDC,real,True,sha256:a69b98012d9e4a46495a3aed48eef8ce75a69d001eaa28b4c38cb0f3c921909d,CORE CFIHOS V2.0 CSV/CFIHOS CORE CFIHOS object equivalent mapping v2.0.csv,1511,source_reference_record,source_reference_record_unreviewed
CFIHOS-30000820,POSC CAESAR,RDS472949,real,True,sha256:a69b98012d9e4a46495a3aed48eef8ce75a69d001eaa28b4c38cb0f3c921909d,CORE CFIHOS V2.0 CSV/CFIHOS CORE CFIHOS object equivalent mapping v2.0.csv,1512,source_reference_record,source_reference_record_unreviewed
CFIHOS-30000821,ISO 15926 part4,8520,real,True,sha256:a69b98012d9e4a46495a3aed48eef8ce75a69d001eaa28b4c38cb0f3c921909d,CORE CFIHOS V2.0 CSV/CFIHOS CORE CFIHOS object equivalent mapping v2.0.csv,1513,source_reference_record,source_reference_record_unreviewed
CFIHOS-30000821,POSC CAESAR,RDS4316635584,real,True,sha256:a69b98012d9e4a46495a3aed48eef8ce75a69d001eaa28b4c38cb0f3c921909d,CORE CFIHOS V2.0 CSV/CFIHOS CORE CFIHOS object equivalent mapping v2.0.csv,1514,source_reference_record,source_reference_record_unreviewed
CFIHOS-30000822,POSC CAESAR,RDS552689,real,True,sha256:a69b98012d9e4a46495a3aed48eef8ce75a69d001eaa28b4c38cb0f3c921909d,CORE CFIHOS V2.0 CSV/CFIHOS CORE CFIHOS object equivalent mapping v2.0.csv,1515,source_reference_record,source_reference_record_unreviewed
CFIHOS-30000823,ISO 15926 part4,2709,real,True,sha256:a69b98012d9e4a46495a3aed48eef8ce75a69d001eaa28b4c38cb0f3c921909d,CORE CFIHOS V2.0 CSV/CFIHOS CORE CFIHOS object equivalent mapping v2.0.csv,1516,source_reference_record,source_reference_record_unreviewed
CFIHOS-30000823,ISO 14224:2016,PTDT,real,True,sha256:a69b98012d9e4a46495a3aed48eef8ce75a69d001eaa28b4c38cb0f3c921909d,CORE CFIHOS V2.0 CSV/CFIHOS CORE CFIHOS object equivalent mapping v2.0.csv,1517,source_reference_record,source_reference_record_unreviewed
CFIHOS-30000823,POSC CAESAR,RDS877994,real,True,sha256:a69b98012d9e4a46495a3aed48eef8ce75a69d001eaa28b4c38cb0f3c921909d,CORE CFIHOS V2.0 CSV/CFIHOS CORE CFIHOS object equivalent mapping v2.0.csv,1518,source_reference_record,source_reference_record_unreviewed
CFIHOS-30000824,ISO 15926 part4,10249,real,True,sha256:a69b98012d9e4a46495a3aed48eef8ce75a69d001eaa28b4c38cb0f3c921909d,CORE CFIHOS V2.0 CSV/CFIHOS CORE CFIHOS object equivalent mapping v2.0.csv,1519,source_reference_record,source_reference_record_unreviewed
CFIHOS-30000824,POSC CAESAR,RDS11142670,real,True,sha256:a69b98012d9e4a46495a3aed48eef8ce75a69d001eaa28b4c38cb0f3c921909d,CORE CFIHOS V2.0 CSV/CFIHOS CORE CFIHOS object equivalent mapping v2.0.csv,1520,source_reference_record,source_reference_record_unreviewed
CFIHOS-30000824,ISO 14224:2016,VADC,real,True,sha256:a69b98012d9e4a46495a3aed48eef8ce75a69d001eaa28b4c38cb0f3c921909d,CORE CFIHOS V2.0 CSV/CFIHOS CORE CFIHOS object equivalent mapping v2.0.csv,1521,source_reference_record,source_reference_record_unreviewed
CFIHOS-30000825,ISO 15926 part4,10250,real,True,sha256:a69b98012d9e4a46495a3aed48eef8ce75a69d001eaa28b4c38cb0f3c921909d,CORE CFIHOS V2.0 CSV/CFIHOS CORE CFIHOS object equivalent mapping v2.0.csv,1522,source_reference_record,source_reference_record_unreviewed
CFIHOS-30000825,POSC CAESAR,RDS11142715,real,True,sha256:a69b98012d9e4a46495a3aed48eef8ce75a69d001eaa28b4c38cb0f3c921909d,CORE CFIHOS V2.0 CSV/CFIHOS CORE CFIHOS object equivalent mapping v2.0.csv,1523,source_reference_record,source_reference_record_unreviewed
CFIHOS-30000825,ISO 14224:2016,VADC,real,True,sha256:a69b98012d9e4a46495a3aed48eef8ce75a69d001eaa28b4c38cb0f3c921909d,CORE CFIHOS V2.0 CSV/CFIHOS CORE CFIHOS object equivalent mapping v2.0.csv,1524,source_reference_record,source_reference_record_unreviewed
CFIHOS-30000827,ISO 15926 part4,3751,real,True,sha256:a69b98012d9e4a46495a3aed48eef8ce75a69d001eaa28b4c38cb0f3c921909d,CORE CFIHOS V2.0 CSV/CFIHOS CORE CFIHOS object equivalent mapping v2.0.csv,1525,source_reference_record,source_reference_record_unreviewed
CFIHOS-30000827,POSC CAESAR,RDS444779,real,True,sha256:a69b98012d9e4a46495a3aed48eef8ce75a69d001eaa28b4c38cb0f3c921909d,CORE CFIHOS V2.0 CSV/CFIHOS CORE CFIHOS object equivalent mapping v2.0.csv,1526,source_reference_record,source_reference_record_unreviewed
CFIHOS-30000827,ISO 14224:2016,SH,real,True,sha256:a69b98012d9e4a46495a3aed48eef8ce75a69d001eaa28b4c38cb0f3c921909d,CORE CFIHOS V2.0 CSV/CFIHOS CORE CFIHOS object equivalent mapping v2.0.csv,1527,source_reference_record,source_reference_record_unreviewed
CFIHOS-30000828,ISO 14224:2016,PR,real,True,sha256:a69b98012d9e4a46495a3aed48eef8ce75a69d001eaa28b4c38cb0f3c921909d,CORE CFIHOS V2.0 CSV/CFIHOS CORE CFIHOS object equivalent mapping v2.0.csv,1528,source_reference_record,source_reference_record_unreviewed
CFIHOS-30000828,ISO 14224:2016,PRFL,real,True,sha256:a69b98012d9e4a46495a3aed48eef8ce75a69d001eaa28b4c38cb0f3c921909d,CORE CFIHOS V2.0 CSV/CFIHOS CORE CFIHOS object equivalent mapping v2.0.csv,1529,source_reference_record,source_reference_record_unreviewed
CFIHOS-30000829,ISO 14224:2016,IPFS,real,True,sha256:a69b98012d9e4a46495a3aed48eef8ce75a69d001eaa28b4c38cb0f3c921909d,CORE CFIHOS V2.0 CSV/CFIHOS CORE CFIHOS object equivalent mapping v2.0.csv,1530,source_reference_record,source_reference_record_unreviewed
CFIHOS-30000834,ISO 15926 part4,4430,real,True,sha256:a69b98012d9e4a46495a3aed48eef8ce75a69d001eaa28b4c38cb0f3c921909d,CORE CFIHOS V2.0 CSV/CFIHOS CORE CFIHOS object equivalent mapping v2.0.csv,1531,source_reference_record,source_reference_record_unreviewed
CFIHOS-30000834,STEPLIB,71286,real,True,sha256:a69b98012d9e4a46495a3aed48eef8ce75a69d001eaa28b4c38cb0f3c921909d,CORE CFIHOS V2.0 CSV/CFIHOS CORE CFIHOS object equivalent mapping v2.0.csv,1532,source_reference_record,source_reference_record_unreviewed
CFIHOS-30000834,POSC CAESAR,RDS1007639,real,True,sha256:a69b98012d9e4a46495a3aed48eef8ce75a69d001eaa28b4c38cb0f3c921909d,CORE CFIHOS V2.0 CSV/CFIHOS CORE CFIHOS object equivalent mapping v2.0.csv,1533,source_reference_record,source_reference_record_unreviewed
CFIHOS-30000835,ISO 15926 part4,4433,real,True,sha256:a69b98012d9e4a46495a3aed48eef8ce75a69d001eaa28b4c38cb0f3c921909d,CORE CFIHOS V2.0 CSV/CFIHOS CORE CFIHOS object equivalent mapping v2.0.csv,1534,source_reference_record,source_reference_record_unreviewed
CFIHOS-30000835,STEPLIB,71287,real,True,sha256:a69b98012d9e4a46495a3aed48eef8ce75a69d001eaa28b4c38cb0f3c921909d,CORE CFIHOS V2.0 CSV/CFIHOS CORE CFIHOS object equivalent mapping v2.0.csv,1535,source_reference_record,source_reference_record_unreviewed
CFIHOS-30000835,POSC CAESAR,RDS1007684,real,True,sha256:a69b98012d9e4a46495a3aed48eef8ce75a69d001eaa28b4c38cb0f3c921909d,CORE CFIHOS V2.0 CSV/CFIHOS CORE CFIHOS object equivalent mapping v2.0.csv,1536,source_reference_record,source_reference_record_unreviewed
CFIHOS-30000836,ISO 15926 part4,2900,real,True,sha256:a69b98012d9e4a46495a3aed48eef8ce75a69d001eaa28b4c38cb0f3c921909d,CORE CFIHOS V2.0 CSV/CFIHOS CORE CFIHOS object equivalent mapping v2.0.csv,1537,source_reference_record,source_reference_record_unreviewed
CFIHOS-30000836,POSC CAESAR,RDS913544,real,True,sha256:a69b98012d9e4a46495a3aed48eef8ce75a69d001eaa28b4c38cb0f3c921909d,CORE CFIHOS V2.0 CSV/CFIHOS CORE CFIHOS object equivalent mapping v2.0.csv,1538,source_reference_record,source_reference_record_unreviewed
CFIHOS-30000837,ISO 15926 part4,10302,real,True,sha256:a69b98012d9e4a46495a3aed48eef8ce75a69d001eaa28b4c38cb0f3c921909d,CORE CFIHOS V2.0 CSV/CFIHOS CORE CFIHOS object equivalent mapping v2.0.csv,1539,source_reference_record,source_reference_record_unreviewed
CFIHOS-30000837,POSC CAESAR,RDS17079788,real,True,sha256:a69b98012d9e4a46495a3aed48eef8ce75a69d001eaa28b4c38cb0f3c921909d,CORE CFIHOS V2.0 CSV/CFIHOS CORE CFIHOS object equivalent mapping v2.0.csv,1540,source_reference_record,source_reference_record_unreviewed
CFIHOS-30000837,ISO 14224:2016,VAGA,real,True,sha256:a69b98012d9e4a46495a3aed48eef8ce75a69d001eaa28b4c38cb0f3c921909d,CORE CFIHOS V2.0 CSV/CFIHOS CORE CFIHOS object equivalent mapping v2.0.csv,1541,source_reference_record,source_reference_record_unreviewed
CFIHOS-30000838,ISO 15926 part4,10303,real,True,sha256:a69b98012d9e4a46495a3aed48eef8ce75a69d001eaa28b4c38cb0f3c921909d,CORE CFIHOS V2.0 CSV/CFIHOS CORE CFIHOS object equivalent mapping v2.0.csv,1542,source_reference_record,source_reference_record_unreviewed
CFIHOS-30000838,POSC CAESAR,RDS416519,real,True,sha256:a69b98012d9e4a46495a3aed48eef8ce75a69d001eaa28b4c38cb0f3c921909d,CORE CFIHOS V2.0 CSV/CFIHOS CORE CFIHOS object equivalent mapping v2.0.csv,1543,source_reference_record,source_reference_record_unreviewed
CFIHOS-30000838,ISO 14224:2016,VAGA,real,True,sha256:a69b98012d9e4a46495a3aed48eef8ce75a69d001eaa28b4c38cb0f3c921909d,CORE CFIHOS V2.0 CSV/CFIHOS CORE CFIHOS object equivalent mapping v2.0.csv,1544,source_reference_record,source_reference_record_unreviewed
CFIHOS-30000839,ISO 15926 part4,10313,real,True,sha256:a69b98012d9e4a46495a3aed48eef8ce75a69d001eaa28b4c38cb0f3c921909d,CORE CFIHOS V2.0 CSV/CFIHOS CORE CFIHOS object equivalent mapping v2.0.csv,1545,source_reference_record,source_reference_record_unreviewed
CFIHOS-30000839,POSC CAESAR,RDS5767330,real,True,sha256:a69b98012d9e4a46495a3aed48eef8ce75a69d001eaa28b4c38cb0f3c921909d,CORE CFIHOS V2.0 CSV/CFIHOS CORE CFIHOS object equivalent mapping v2.0.csv,1546,source_reference_record,source_reference_record_unreviewed
CFIHOS-30000839,ISO 14224:2016,VAGL,real,True,sha256:a69b98012d9e4a46495a3aed48eef8ce75a69d001eaa28b4c38cb0f3c921909d,CORE CFIHOS V2.0 CSV/CFIHOS CORE CFIHOS object equivalent mapping v2.0.csv,1547,source_reference_record,source_reference_record_unreviewed
CFIHOS-30000840,ISO 15926 part4,10314,real,True,sha256:a69b98012d9e4a46495a3aed48eef8ce75a69d001eaa28b4c38cb0f3c921909d,CORE CFIHOS V2.0 CSV/CFIHOS CORE CFIHOS object equivalent mapping v2.0.csv,1548,source_reference_record,source_reference_record_unreviewed
CFIHOS-30000840,POSC CAESAR,RDS416204,real,True,sha256:a69b98012d9e4a46495a3aed48eef8ce75a69d001eaa28b4c38cb0f3c921909d,CORE CFIHOS V2.0 CSV/CFIHOS CORE CFIHOS object equivalent mapping v2.0.csv,1549,source_reference_record,source_reference_record_unreviewed
CFIHOS-30000840,ISO 14224:2016,VAGL,real,True,sha256:a69b98012d9e4a46495a3aed48eef8ce75a69d001eaa28b4c38cb0f3c921909d,CORE CFIHOS V2.0 CSV/CFIHOS CORE CFIHOS object equivalent mapping v2.0.csv,1550,source_reference_record,source_reference_record_unreviewed
CFIHOS-30000841,ISO 15926 part4,8601,real,True,sha256:a69b98012d9e4a46495a3aed48eef8ce75a69d001eaa28b4c38cb0f3c921909d,CORE CFIHOS V2.0 CSV/CFIHOS CORE CFIHOS object equivalent mapping v2.0.csv,1551,source_reference_record,source_reference_record_unreviewed
CFIHOS-30000841,POSC CAESAR,RDS16042131,real,True,sha256:a69b98012d9e4a46495a3aed48eef8ce75a69d001eaa28b4c38cb0f3c921909d,CORE CFIHOS V2.0 CSV/CFIHOS CORE CFIHOS object equivalent mapping v2.0.csv,1552,source_reference_record,source_reference_record_unreviewed
CFIHOS-30000841,ISO 14224:2016,VESE,real,True,sha256:a69b98012d9e4a46495a3aed48eef8ce75a69d001eaa28b4c38cb0f3c921909d,CORE CFIHOS V2.0 CSV/CFIHOS CORE CFIHOS object equivalent mapping v2.0.csv,1553,source_reference_record,source_reference_record_unreviewed
CFIHOS-30000843,STEPLIB,130143,real,True,sha256:a69b98012d9e4a46495a3aed48eef8ce75a69d001eaa28b4c38cb0f3c921909d,CORE CFIHOS V2.0 CSV/CFIHOS CORE CFIHOS object equivalent mapping v2.0.csv,1554,source_reference_record,source_reference_record_unreviewed
CFIHOS-30000843,ISO 15926 part4,7730,real,True,sha256:a69b98012d9e4a46495a3aed48eef8ce75a69d001eaa28b4c38cb0f3c921909d,CORE CFIHOS V2.0 CSV/CFIHOS CORE CFIHOS object equivalent mapping v2.0.csv,1555,source_reference_record,source_reference_record_unreviewed
CFIHOS-30000843,POSC CAESAR,RDS407017331,real,True,sha256:a69b98012d9e4a46495a3aed48eef8ce75a69d001eaa28b4c38cb0f3c921909d,CORE CFIHOS V2.0 CSV/CFIHOS CORE CFIHOS object equivalent mapping v2.0.csv,1556,source_reference_record,source_reference_record_unreviewed
CFIHOS-30000847,STEPLIB,70247,real,True,sha256:a69b98012d9e4a46495a3aed48eef8ce75a69d001eaa28b4c38cb0f3c921909d,CORE CFIHOS V2.0 CSV/CFIHOS CORE CFIHOS object equivalent mapping v2.0.csv,1557,source_reference_record,source_reference_record_unreviewed
CFIHOS-30000848,ISO 14224:2016,VAMO,real,True,sha256:a69b98012d9e4a46495a3aed48eef8ce75a69d001eaa28b4c38cb0f3c921909d,CORE CFIHOS V2.0 CSV/CFIHOS CORE CFIHOS object equivalent mapping v2.0.csv,1558,source_reference_record,source_reference_record_unreviewed
CFIHOS-30000849,ISO 14224:2016,VAMO,real,True,sha256:a69b98012d9e4a46495a3aed48eef8ce75a69d001eaa28b4c38cb0f3c921909d,CORE CFIHOS V2.0 CSV/CFIHOS CORE CFIHOS object equivalent mapping v2.0.csv,1559,source_reference_record,source_reference_record_unreviewed
CFIHOS-30000850,ISO 15926 part4,10362,real,True,sha256:a69b98012d9e4a46495a3aed48eef8ce75a69d001eaa28b4c38cb0f3c921909d,CORE CFIHOS V2.0 CSV/CFIHOS CORE CFIHOS object equivalent mapping v2.0.csv,1560,source_reference_record,source_reference_record_unreviewed
CFIHOS-30000850,POSC CAESAR,RDS6329980,real,True,sha256:a69b98012d9e4a46495a3aed48eef8ce75a69d001eaa28b4c38cb0f3c921909d,CORE CFIHOS V2.0 CSV/CFIHOS CORE CFIHOS object equivalent mapping v2.0.csv,1561,source_reference_record,source_reference_record_unreviewed
CFIHOS-30000850,ISO 14224:2016,VAMO,real,True,sha256:a69b98012d9e4a46495a3aed48eef8ce75a69d001eaa28b4c38cb0f3c921909d,CORE CFIHOS V2.0 CSV/CFIHOS CORE CFIHOS object equivalent mapping v2.0.csv,1562,source_reference_record,source_reference_record_unreviewed
CFIHOS-30000851,ISO 14224:2016,VANE,real,True,sha256:a69b98012d9e4a46495a3aed48eef8ce75a69d001eaa28b4c38cb0f3c921909d,CORE CFIHOS V2.0 CSV/CFIHOS CORE CFIHOS object equivalent mapping v2.0.csv,1563,source_reference_record,source_reference_record_unreviewed
CFIHOS-30000852,ISO 15926 part4,10364,real,True,sha256:a69b98012d9e4a46495a3aed48eef8ce75a69d001eaa28b4c38cb0f3c921909d,CORE CFIHOS V2.0 CSV/CFIHOS CORE CFIHOS object equivalent mapping v2.0.csv,1564,source_reference_record,source_reference_record_unreviewed
CFIHOS-30000852,POSC CAESAR,RDS421064,real,True,sha256:a69b98012d9e4a46495a3aed48eef8ce75a69d001eaa28b4c38cb0f3c921909d,CORE CFIHOS V2.0 CSV/CFIHOS CORE CFIHOS object equivalent mapping v2.0.csv,1565,source_reference_record,source_reference_record_unreviewed
CFIHOS-30000852,ISO 14224:2016,VANE,real,True,sha256:a69b98012d9e4a46495a3aed48eef8ce75a69d001eaa28b4c38cb0f3c921909d,CORE CFIHOS V2.0 CSV/CFIHOS CORE CFIHOS object equivalent mapping v2.0.csv,1566,source_reference_record,source_reference_record_unreviewed
CFIHOS-30000853,ISO 15926 part4,4578,real,True,sha256:a69b98012d9e4a46495a3aed48eef8ce75a69d001eaa28b4c38cb0f3c921909d,CORE CFIHOS V2.0 CSV/CFIHOS CORE CFIHOS object equivalent mapping v2.0.csv,1567,source_reference_record,source_reference_record_unreviewed
CFIHOS-30000853,ISO 14224:2016,IPLS,real,True,sha256:a69b98012d9e4a46495a3aed48eef8ce75a69d001eaa28b4c38cb0f3c921909d,CORE CFIHOS V2.0 CSV/CFIHOS CORE CFIHOS object equivalent mapping v2.0.csv,1568,source_reference_record,source_reference_record_unreviewed
CFIHOS-30000853,POSC CAESAR,RDS7945427,real,True,sha256:a69b98012d9e4a46495a3aed48eef8ce75a69d001eaa28b4c38cb0f3c921909d,CORE CFIHOS V2.0 CSV/CFIHOS CORE CFIHOS object equivalent mapping v2.0.csv,1569,source_reference_record,source_reference_record_unreviewed
CFIHOS-30000854,ISO 15926 part4,3142,real,True,sha256:a69b98012d9e4a46495a3aed48eef8ce75a69d001eaa28b4c38cb0f3c921909d,CORE CFIHOS V2.0 CSV/CFIHOS CORE CFIHOS object equivalent mapping v2.0.csv,1570,source_reference_record,source_reference_record_unreviewed
CFIHOS-30000854,POSC CAESAR,RDS913544,real,True,sha256:a69b98012d9e4a46495a3aed48eef8ce75a69d001eaa28b4c38cb0f3c921909d,CORE CFIHOS V2.0 CSV/CFIHOS CORE CFIHOS object equivalent mapping v2.0.csv,1571,source_reference_record,source_reference_record_unreviewed
CFIHOS-30000856,ISO 15926 part4,10391,real,True,sha256:a69b98012d9e4a46495a3aed48eef8ce75a69d001eaa28b4c38cb0f3c921909d,CORE CFIHOS V2.0 CSV/CFIHOS CORE CFIHOS object equivalent mapping v2.0.csv,1572,source_reference_record,source_reference_record_unreviewed
CFIHOS-30000856,ISO 14224:2016,VASP,real,True,sha256:a69b98012d9e4a46495a3aed48eef8ce75a69d001eaa28b4c38cb0f3c921909d,CORE CFIHOS V2.0 CSV/CFIHOS CORE CFIHOS object equivalent mapping v2.0.csv,1573,source_reference_record,source_reference_record_unreviewed
CFIHOS-30000857,ISO 15926 part4,10395,real,True,sha256:a69b98012d9e4a46495a3aed48eef8ce75a69d001eaa28b4c38cb0f3c921909d,CORE CFIHOS V2.0 CSV/CFIHOS CORE CFIHOS object equivalent mapping v2.0.csv,1574,source_reference_record,source_reference_record_unreviewed
CFIHOS-30000857,POSC CAESAR,RDS645794,real,True,sha256:a69b98012d9e4a46495a3aed48eef8ce75a69d001eaa28b4c38cb0f3c921909d,CORE CFIHOS V2.0 CSV/CFIHOS CORE CFIHOS object equivalent mapping v2.0.csv,1575,source_reference_record,source_reference_record_unreviewed
CFIHOS-30000857,ISO 14224:2016,VACH,real,True,sha256:a69b98012d9e4a46495a3aed48eef8ce75a69d001eaa28b4c38cb0f3c921909d,CORE CFIHOS V2.0 CSV/CFIHOS CORE CFIHOS object equivalent mapping v2.0.csv,1576,source_reference_record,source_reference_record_unreviewed
CFIHOS-30000858,ISO 14224:2016,IPFS,real,True,sha256:a69b98012d9e4a46495a3aed48eef8ce75a69d001eaa28b4c38cb0f3c921909d,CORE CFIHOS V2.0 CSV/CFIHOS CORE CFIHOS object equivalent mapping v2.0.csv,1577,source_reference_record,source_reference_record_unreviewed
CFIHOS-30000859,ISO 15926 part4,10400,real,True,sha256:a69b98012d9e4a46495a3aed48eef8ce75a69d001eaa28b4c38cb0f3c921909d,CORE CFIHOS V2.0 CSV/CFIHOS CORE CFIHOS object equivalent mapping v2.0.csv,1578,source_reference_record,source_reference_record_unreviewed
CFIHOS-30000859,POSC CAESAR,RDS5791353,real,True,sha256:a69b98012d9e4a46495a3aed48eef8ce75a69d001eaa28b4c38cb0f3c921909d,CORE CFIHOS V2.0 CSV/CFIHOS CORE CFIHOS object equivalent mapping v2.0.csv,1579,source_reference_record,source_reference_record_unreviewed
CFIHOS-30000859,ISO 14224:2016,VAPG,real,True,sha256:a69b98012d9e4a46495a3aed48eef8ce75a69d001eaa28b4c38cb0f3c921909d,CORE CFIHOS V2.0 CSV/CFIHOS CORE CFIHOS object equivalent mapping v2.0.csv,1580,source_reference_record,source_reference_record_unreviewed
CFIHOS-30000860,ISO 15926 part4,10402,real,True,sha256:a69b98012d9e4a46495a3aed48eef8ce75a69d001eaa28b4c38cb0f3c921909d,CORE CFIHOS V2.0 CSV/CFIHOS CORE CFIHOS object equivalent mapping v2.0.csv,1581,source_reference_record,source_reference_record_unreviewed
CFIHOS-30000860,POSC CAESAR,RDS421109,real,True,sha256:a69b98012d9e4a46495a3aed48eef8ce75a69d001eaa28b4c38cb0f3c921909d,CORE CFIHOS V2.0 CSV/CFIHOS CORE CFIHOS object equivalent mapping v2.0.csv,1582,source_reference_record,source_reference_record_unreviewed
CFIHOS-30000860,ISO 14224:2016,VAPG,real,True,sha256:a69b98012d9e4a46495a3aed48eef8ce75a69d001eaa28b4c38cb0f3c921909d,CORE CFIHOS V2.0 CSV/CFIHOS CORE CFIHOS object equivalent mapping v2.0.csv,1583,source_reference_record,source_reference_record_unreviewed
CFIHOS-30000861,ISO 15926 part4,10419,real,True,sha256:a69b98012d9e4a46495a3aed48eef8ce75a69d001eaa28b4c38cb0f3c921909d,CORE CFIHOS V2.0 CSV/CFIHOS CORE CFIHOS object equivalent mapping v2.0.csv,1584,source_reference_record,source_reference_record_unreviewed
CFIHOS-30000861,ISO 14224:2016,VASV,real,True,sha256:a69b98012d9e4a46495a3aed48eef8ce75a69d001eaa28b4c38cb0f3c921909d,CORE CFIHOS V2.0 CSV/CFIHOS CORE CFIHOS object equivalent mapping v2.0.csv,1585,source_reference_record,source_reference_record_unreviewed
CFIHOS-30000862,STEPLIB,130217,real,True,sha256:a69b98012d9e4a46495a3aed48eef8ce75a69d001eaa28b4c38cb0f3c921909d,CORE CFIHOS V2.0 CSV/CFIHOS CORE CFIHOS object equivalent mapping v2.0.csv,1586,source_reference_record,source_reference_record_unreviewed
CFIHOS-30000862,ISO 15926 part4,8023,real,True,sha256:a69b98012d9e4a46495a3aed48eef8ce75a69d001eaa28b4c38cb0f3c921909d,CORE CFIHOS V2.0 CSV/CFIHOS CORE CFIHOS object equivalent mapping v2.0.csv,1587,source_reference_record,source_reference_record_unreviewed
CFIHOS-30000862,ISO 14224:2016,PURE,real,True,sha256:a69b98012d9e4a46495a3aed48eef8ce75a69d001eaa28b4c38cb0f3c921909d,CORE CFIHOS V2.0 CSV/CFIHOS CORE CFIHOS object equivalent mapping v2.0.csv,1588,source_reference_record,source_reference_record_unreviewed
CFIHOS-30000862,POSC CAESAR,RDS420749,real,True,sha256:a69b98012d9e4a46495a3aed48eef8ce75a69d001eaa28b4c38cb0f3c921909d,CORE CFIHOS V2.0 CSV/CFIHOS CORE CFIHOS object equivalent mapping v2.0.csv,1589,source_reference_record,source_reference_record_unreviewed
CFIHOS-30000863,ISO 14224:2016,PR,real,True,sha256:a69b98012d9e4a46495a3aed48eef8ce75a69d001eaa28b4c38cb0f3c921909d,CORE CFIHOS V2.0 CSV/CFIHOS CORE CFIHOS object equivalent mapping v2.0.csv,1590,source_reference_record,source_reference_record_unreviewed
CFIHOS-30000863,ISO 14224:2016,PRRI,real,True,sha256:a69b98012d9e4a46495a3aed48eef8ce75a69d001eaa28b4c38cb0f3c921909d,CORE CFIHOS V2.0 CSV/CFIHOS CORE CFIHOS object equivalent mapping v2.0.csv,1591,source_reference_record,source_reference_record_unreviewed
CFIHOS-30000864,STEPLIB,130231,real,True,sha256:a69b98012d9e4a46495a3aed48eef8ce75a69d001eaa28b4c38cb0f3c921909d,CORE CFIHOS V2.0 CSV/CFIHOS CORE CFIHOS object equivalent mapping v2.0.csv,1592,source_reference_record,source_reference_record_unreviewed
CFIHOS-30000864,ISO 15926 part4,8046,real,True,sha256:a69b98012d9e4a46495a3aed48eef8ce75a69d001eaa28b4c38cb0f3c921909d,CORE CFIHOS V2.0 CSV/CFIHOS CORE CFIHOS object equivalent mapping v2.0.csv,1593,source_reference_record,source_reference_record_unreviewed
CFIHOS-30000864,ISO 14224:2016,PORO,real,True,sha256:a69b98012d9e4a46495a3aed48eef8ce75a69d001eaa28b4c38cb0f3c921909d,CORE CFIHOS V2.0 CSV/CFIHOS CORE CFIHOS object equivalent mapping v2.0.csv,1594,source_reference_record,source_reference_record_unreviewed
CFIHOS-30000864,POSC CAESAR,RDS420749,real,True,sha256:a69b98012d9e4a46495a3aed48eef8ce75a69d001eaa28b4c38cb0f3c921909d,CORE CFIHOS V2.0 CSV/CFIHOS CORE CFIHOS object equivalent mapping v2.0.csv,1595,source_reference_record,source_reference_record_unreviewed
CFIHOS-30000866,ISO 15926 part4,10482,real,True,sha256:a69b98012d9e4a46495a3aed48eef8ce75a69d001eaa28b4c38cb0f3c921909d,CORE CFIHOS V2.0 CSV/CFIHOS CORE CFIHOS object equivalent mapping v2.0.csv,1596,source_reference_record,source_reference_record_unreviewed
CFIHOS-30000866,POSC CAESAR,RDS873224,real,True,sha256:a69b98012d9e4a46495a3aed48eef8ce75a69d001eaa28b4c38cb0f3c921909d,CORE CFIHOS V2.0 CSV/CFIHOS CORE CFIHOS object equivalent mapping v2.0.csv,1597,source_reference_record,source_reference_record_unreviewed
CFIHOS-30000867,ISO 14224:2016,HES,real,True,sha256:a69b98012d9e4a46495a3aed48eef8ce75a69d001eaa28b4c38cb0f3c921909d,CORE CFIHOS V2.0 CSV/CFIHOS CORE CFIHOS object equivalent mapping v2.0.csv,1598,source_reference_record,source_reference_record_unreviewed
CFIHOS-30000867,ISO 14224:2016,SH,real,True,sha256:a69b98012d9e4a46495a3aed48eef8ce75a69d001eaa28b4c38cb0f3c921909d,CORE CFIHOS V2.0 CSV/CFIHOS CORE CFIHOS object equivalent mapping v2.0.csv,1599,source_reference_record,source_reference_record_unreviewed
CFIHOS-30000869,ISO 15926 part4,8850,real,True,sha256:a69b98012d9e4a46495a3aed48eef8ce75a69d001eaa28b4c38cb0f3c921909d,CORE CFIHOS V2.0 CSV/CFIHOS CORE CFIHOS object equivalent mapping v2.0.csv,1600,source_reference_record,source_reference_record_unreviewed
CFIHOS-30000869,POSC CAESAR,RDS283949,real,True,sha256:a69b98012d9e4a46495a3aed48eef8ce75a69d001eaa28b4c38cb0f3c921909d,CORE CFIHOS V2.0 CSV/CFIHOS CORE CFIHOS object equivalent mapping v2.0.csv,1601,source_reference_record,source_reference_record_unreviewed
CFIHOS-30000870,STEPLIB,251433,real,True,sha256:a69b98012d9e4a46495a3aed48eef8ce75a69d001eaa28b4c38cb0f3c921909d,CORE CFIHOS V2.0 CSV/CFIHOS CORE CFIHOS object equivalent mapping v2.0.csv,1602,source_reference_record,source_reference_record_unreviewed
CFIHOS-30000870,ISO 15926 part4,3451,real,True,sha256:a69b98012d9e4a46495a3aed48eef8ce75a69d001eaa28b4c38cb0f3c921909d,CORE CFIHOS V2.0 CSV/CFIHOS CORE CFIHOS object equivalent mapping v2.0.csv,1603,source_reference_record,source_reference_record_unreviewed
CFIHOS-30000870,POSC CAESAR,RDS963719,real,True,sha256:a69b98012d9e4a46495a3aed48eef8ce75a69d001eaa28b4c38cb0f3c921909d,CORE CFIHOS V2.0 CSV/CFIHOS CORE CFIHOS object equivalent mapping v2.0.csv,1604,source_reference_record,source_reference_record_unreviewed
CFIHOS-30000873,ISO 15926 part4,10522,real,True,sha256:a69b98012d9e4a46495a3aed48eef8ce75a69d001eaa28b4c38cb0f3c921909d,CORE CFIHOS V2.0 CSV/CFIHOS CORE CFIHOS object equivalent mapping v2.0.csv,1605,source_reference_record,source_reference_record_unreviewed
CFIHOS-30000873,POSC CAESAR,RDS610424,real,True,sha256:a69b98012d9e4a46495a3aed48eef8ce75a69d001eaa28b4c38cb0f3c921909d,CORE CFIHOS V2.0 CSV/CFIHOS CORE CFIHOS object equivalent mapping v2.0.csv,1606,source_reference_record,source_reference_record_unreviewed
CFIHOS-30000873,ISO 14224:2016,VACH,real,True,sha256:a69b98012d9e4a46495a3aed48eef8ce75a69d001eaa28b4c38cb0f3c921909d,CORE CFIHOS V2.0 CSV/CFIHOS CORE CFIHOS object equivalent mapping v2.0.csv,1607,source_reference_record,source_reference_record_unreviewed
CFIHOS-30000874,ISO 15926 part4,3590,real,True,sha256:a69b98012d9e4a46495a3aed48eef8ce75a69d001eaa28b4c38cb0f3c921909d,CORE CFIHOS V2.0 CSV/CFIHOS CORE CFIHOS object equivalent mapping v2.0.csv,1608,source_reference_record,source_reference_record_unreviewed
CFIHOS-30000874,POSC CAESAR,RDS876464,real,True,sha256:a69b98012d9e4a46495a3aed48eef8ce75a69d001eaa28b4c38cb0f3c921909d,CORE CFIHOS V2.0 CSV/CFIHOS CORE CFIHOS object equivalent mapping v2.0.csv,1609,source_reference_record,source_reference_record_unreviewed
CFIHOS-30000875,ISO 15926 part4,8884,real,True,sha256:a69b98012d9e4a46495a3aed48eef8ce75a69d001eaa28b4c38cb0f3c921909d,CORE CFIHOS V2.0 CSV/CFIHOS CORE CFIHOS object equivalent mapping v2.0.csv,1610,source_reference_record,source_reference_record_unreviewed
CFIHOS-30000875,POSC CAESAR,RDS431690821,real,True,sha256:a69b98012d9e4a46495a3aed48eef8ce75a69d001eaa28b4c38cb0f3c921909d,CORE CFIHOS V2.0 CSV/CFIHOS CORE CFIHOS object equivalent mapping v2.0.csv,1611,source_reference_record,source_reference_record_unreviewed
CFIHOS-30000876,ISO 15926 part4,10605,real,True,sha256:a69b98012d9e4a46495a3aed48eef8ce75a69d001eaa28b4c38cb0f3c921909d,CORE CFIHOS V2.0 CSV/CFIHOS CORE CFIHOS object equivalent mapping v2.0.csv,1612,source_reference_record,source_reference_record_unreviewed
CFIHOS-30000876,POSC CAESAR,RDS6327600,real,True,sha256:a69b98012d9e4a46495a3aed48eef8ce75a69d001eaa28b4c38cb0f3c921909d,CORE CFIHOS V2.0 CSV/CFIHOS CORE CFIHOS object equivalent mapping v2.0.csv,1613,source_reference_record,source_reference_record_unreviewed
CFIHOS-30000876,ISO 14224:2016,VACH,real,True,sha256:a69b98012d9e4a46495a3aed48eef8ce75a69d001eaa28b4c38cb0f3c921909d,CORE CFIHOS V2.0 CSV/CFIHOS CORE CFIHOS object equivalent mapping v2.0.csv,1614,source_reference_record,source_reference_record_unreviewed
CFIHOS-30000877,ISO 15926 part4,3146,real,True,sha256:a69b98012d9e4a46495a3aed48eef8ce75a69d001eaa28b4c38cb0f3c921909d,CORE CFIHOS V2.0 CSV/CFIHOS CORE CFIHOS object equivalent mapping v2.0.csv,1615,source_reference_record,source_reference_record_unreviewed
CFIHOS-30000877,ISO 14224:2016,PTOT,real,True,sha256:a69b98012d9e4a46495a3aed48eef8ce75a69d001eaa28b4c38cb0f3c921909d,CORE CFIHOS V2.0 CSV/CFIHOS CORE CFIHOS object equivalent mapping v2.0.csv,1616,source_reference_record,source_reference_record_unreviewed
CFIHOS-30000877,POSC CAESAR,RDS878309,real,True,sha256:a69b98012d9e4a46495a3aed48eef8ce75a69d001eaa28b4c38cb0f3c921909d,CORE CFIHOS V2.0 CSV/CFIHOS CORE CFIHOS object equivalent mapping v2.0.csv,1617,source_reference_record,source_reference_record_unreviewed
CFIHOS-30000878,ISO 15926 part4,7180,real,True,sha256:a69b98012d9e4a46495a3aed48eef8ce75a69d001eaa28b4c38cb0f3c921909d,CORE CFIHOS V2.0 CSV/CFIHOS CORE CFIHOS object equivalent mapping v2.0.csv,1618,source_reference_record,source_reference_record_unreviewed
CFIHOS-30000880,POSC CAESAR,RDS314774,real,True,sha256:a69b98012d9e4a46495a3aed48eef8ce75a69d001eaa28b4c38cb0f3c921909d,CORE CFIHOS V2.0 CSV/CFIHOS CORE CFIHOS object equivalent mapping v2.0.csv,1619,source_reference_record,source_reference_record_unreviewed
CFIHOS-30000881,ISO 15926 part4,8921,real,True,sha256:a69b98012d9e4a46495a3aed48eef8ce75a69d001eaa28b4c38cb0f3c921909d,CORE CFIHOS V2.0 CSV/CFIHOS CORE CFIHOS object equivalent mapping v2.0.csv,1620,source_reference_record,source_reference_record_unreviewed
CFIHOS-30000881,POSC CAESAR,RDS11525327,real,True,sha256:a69b98012d9e4a46495a3aed48eef8ce75a69d001eaa28b4c38cb0f3c921909d,CORE CFIHOS V2.0 CSV/CFIHOS CORE CFIHOS object equivalent mapping v2.0.csv,1621,source_reference_record,source_reference_record_unreviewed
CFIHOS-30000882,POSC CAESAR,RDS297494,real,True,sha256:a69b98012d9e4a46495a3aed48eef8ce75a69d001eaa28b4c38cb0f3c921909d,CORE CFIHOS V2.0 CSV/CFIHOS CORE CFIHOS object equivalent mapping v2.0.csv,1622,source_reference_record,source_reference_record_unreviewed
CFIHOS-30000883,POSC CAESAR,RDS467369,real,True,sha256:a69b98012d9e4a46495a3aed48eef8ce75a69d001eaa28b4c38cb0f3c921909d,CORE CFIHOS V2.0 CSV/CFIHOS CORE CFIHOS object equivalent mapping v2.0.csv,1623,source_reference_record,source_reference_record_unreviewed
CFIHOS-30000885,ISO 15926 part4,1813,real,True,sha256:a69b98012d9e4a46495a3aed48eef8ce75a69d001eaa28b4c38cb0f3c921909d,CORE CFIHOS V2.0 CSV/CFIHOS CORE CFIHOS object equivalent mapping v2.0.csv,1624,source_reference_record,source_reference_record_unreviewed
CFIHOS-30000885,POSC CAESAR,RDS444869,real,True,sha256:a69b98012d9e4a46495a3aed48eef8ce75a69d001eaa28b4c38cb0f3c921909d,CORE CFIHOS V2.0 CSV/CFIHOS CORE CFIHOS object equivalent mapping v2.0.csv,1625,source_reference_record,source_reference_record_unreviewed
CFIHOS-30000887,ISO 14224:2016,PI,real,True,sha256:a69b98012d9e4a46495a3aed48eef8ce75a69d001eaa28b4c38cb0f3c921909d,CORE CFIHOS V2.0 CSV/CFIHOS CORE CFIHOS object equivalent mapping v2.0.csv,1626,source_reference_record,source_reference_record_unreviewed
CFIHOS-30000887,POSC CAESAR,RDS1330900681,real,True,sha256:a69b98012d9e4a46495a3aed48eef8ce75a69d001eaa28b4c38cb0f3c921909d,CORE CFIHOS V2.0 CSV/CFIHOS CORE CFIHOS object equivalent mapping v2.0.csv,1627,source_reference_record,source_reference_record_unreviewed
CFIHOS-30000889,POSC CAESAR,RDS1295560811,real,True,sha256:a69b98012d9e4a46495a3aed48eef8ce75a69d001eaa28b4c38cb0f3c921909d,CORE CFIHOS V2.0 CSV/CFIHOS CORE CFIHOS object equivalent mapping v2.0.csv,1628,source_reference_record,source_reference_record_unreviewed
CFIHOS-30000890,ISO 14224:2016,ER,real,True,sha256:a69b98012d9e4a46495a3aed48eef8ce75a69d001eaa28b4c38cb0f3c921909d,CORE CFIHOS V2.0 CSV/CFIHOS CORE CFIHOS object equivalent mapping v2.0.csv,1629,source_reference_record,source_reference_record_unreviewed
CFIHOS-30000891,ISO 15926 part4,3744,real,True,sha256:a69b98012d9e4a46495a3aed48eef8ce75a69d001eaa28b4c38cb0f3c921909d,CORE CFIHOS V2.0 CSV/CFIHOS CORE CFIHOS object equivalent mapping v2.0.csv,1630,source_reference_record,source_reference_record_unreviewed
CFIHOS-30000891,POSC CAESAR,RDS440549,real,True,sha256:a69b98012d9e4a46495a3aed48eef8ce75a69d001eaa28b4c38cb0f3c921909d,CORE CFIHOS V2.0 CSV/CFIHOS CORE CFIHOS object equivalent mapping v2.0.csv,1631,source_reference_record,source_reference_record_unreviewed
CFIHOS-30000892,POSC CAESAR,RDS1280056841,real,True,sha256:a69b98012d9e4a46495a3aed48eef8ce75a69d001eaa28b4c38cb0f3c921909d,CORE CFIHOS V2.0 CSV/CFIHOS CORE CFIHOS object equivalent mapping v2.0.csv,1632,source_reference_record,source_reference_record_unreviewed
CFIHOS-30000894,ISO 15926 part4,3778,real,True,sha256:a69b98012d9e4a46495a3aed48eef8ce75a69d001eaa28b4c38cb0f3c921909d,CORE CFIHOS V2.0 CSV/CFIHOS CORE CFIHOS object equivalent mapping v2.0.csv,1633,source_reference_record,source_reference_record_unreviewed
CFIHOS-30000894,POSC CAESAR,RDS441134,real,True,sha256:a69b98012d9e4a46495a3aed48eef8ce75a69d001eaa28b4c38cb0f3c921909d,CORE CFIHOS V2.0 CSV/CFIHOS CORE CFIHOS object equivalent mapping v2.0.csv,1634,source_reference_record,source_reference_record_unreviewed
CFIHOS-30000895,ISO 15926 part4,4442,real,True,sha256:a69b98012d9e4a46495a3aed48eef8ce75a69d001eaa28b4c38cb0f3c921909d,CORE CFIHOS V2.0 CSV/CFIHOS CORE CFIHOS object equivalent mapping v2.0.csv,1635,source_reference_record,source_reference_record_unreviewed
CFIHOS-30000896,POSC CAESAR,RDS304244,real,True,sha256:a69b98012d9e4a46495a3aed48eef8ce75a69d001eaa28b4c38cb0f3c921909d,CORE CFIHOS V2.0 CSV/CFIHOS CORE CFIHOS object equivalent mapping v2.0.csv,1636,source_reference_record,source_reference_record_unreviewed
CFIHOS-30000897,ISO 15926 part4,4501,real,True,sha256:a69b98012d9e4a46495a3aed48eef8ce75a69d001eaa28b4c38cb0f3c921909d,CORE CFIHOS V2.0 CSV/CFIHOS CORE CFIHOS object equivalent mapping v2.0.csv,1637,source_reference_record,source_reference_record_unreviewed
CFIHOS-30000898,ISO 15926 part4,8659,real,True,sha256:a69b98012d9e4a46495a3aed48eef8ce75a69d001eaa28b4c38cb0f3c921909d,CORE CFIHOS V2.0 CSV/CFIHOS CORE CFIHOS object equivalent mapping v2.0.csv,1638,source_reference_record,source_reference_record_unreviewed
CFIHOS-30000901,POSC CAESAR,RDS306269,real,True,sha256:a69b98012d9e4a46495a3aed48eef8ce75a69d001eaa28b4c38cb0f3c921909d,CORE CFIHOS V2.0 CSV/CFIHOS CORE CFIHOS object equivalent mapping v2.0.csv,1639,source_reference_record,source_reference_record_unreviewed
CFIHOS-30000905,POSC CAESAR,RDS1289777110,real,True,sha256:a69b98012d9e4a46495a3aed48eef8ce75a69d001eaa28b4c38cb0f3c921909d,CORE CFIHOS V2.0 CSV/CFIHOS CORE CFIHOS object equivalent mapping v2.0.csv,1640,source_reference_record,source_reference_record_unreviewed
CFIHOS-30000908,ISO 15926 part4,7927,real,True,sha256:a69b98012d9e4a46495a3aed48eef8ce75a69d001eaa28b4c38cb0f3c921909d,CORE CFIHOS V2.0 CSV/CFIHOS CORE CFIHOS object equivalent mapping v2.0.csv,1641,source_reference_record,source_reference_record_unreviewed
CFIHOS-30000908,POSC CAESAR,RDS412306721,real,True,sha256:a69b98012d9e4a46495a3aed48eef8ce75a69d001eaa28b4c38cb0f3c921909d,CORE CFIHOS V2.0 CSV/CFIHOS CORE CFIHOS object equivalent mapping v2.0.csv,1642,source_reference_record,source_reference_record_unreviewed
CFIHOS-30000909,ISO 15926 part4,7255,real,True,sha256:a69b98012d9e4a46495a3aed48eef8ce75a69d001eaa28b4c38cb0f3c921909d,CORE CFIHOS V2.0 CSV/CFIHOS CORE CFIHOS object equivalent mapping v2.0.csv,1643,source_reference_record,source_reference_record_unreviewed
CFIHOS-30000912,ISO 15926 part4,4711,real,True,sha256:a69b98012d9e4a46495a3aed48eef8ce75a69d001eaa28b4c38cb0f3c921909d,CORE CFIHOS V2.0 CSV/CFIHOS CORE CFIHOS object equivalent mapping v2.0.csv,1644,source_reference_record,source_reference_record_unreviewed
CFIHOS-30000912,POSC CAESAR,RDS5761886,real,True,sha256:a69b98012d9e4a46495a3aed48eef8ce75a69d001eaa28b4c38cb0f3c921909d,CORE CFIHOS V2.0 CSV/CFIHOS CORE CFIHOS object equivalent mapping v2.0.csv,1645,source_reference_record,source_reference_record_unreviewed
CFIHOS-30000915,ISO 15926 part4,7727,real,True,sha256:a69b98012d9e4a46495a3aed48eef8ce75a69d001eaa28b4c38cb0f3c921909d,CORE CFIHOS V2.0 CSV/CFIHOS CORE CFIHOS object equivalent mapping v2.0.csv,1646,source_reference_record,source_reference_record_unreviewed
CFIHOS-30000915,POSC CAESAR,RDS380178235,real,True,sha256:a69b98012d9e4a46495a3aed48eef8ce75a69d001eaa28b4c38cb0f3c921909d,CORE CFIHOS V2.0 CSV/CFIHOS CORE CFIHOS object equivalent mapping v2.0.csv,1647,source_reference_record,source_reference_record_unreviewed
CFIHOS-30000916,ISO 14224:2016,ER,real,True,sha256:a69b98012d9e4a46495a3aed48eef8ce75a69d001eaa28b4c38cb0f3c921909d,CORE CFIHOS V2.0 CSV/CFIHOS CORE CFIHOS object equivalent mapping v2.0.csv,1648,source_reference_record,source_reference_record_unreviewed
CFIHOS-30000919,ISO 15926 part4,5339,real,True,sha256:a69b98012d9e4a46495a3aed48eef8ce75a69d001eaa28b4c38cb0f3c921909d,CORE CFIHOS V2.0 CSV/CFIHOS CORE CFIHOS object equivalent mapping v2.0.csv,1649,source_reference_record,source_reference_record_unreviewed
CFIHOS-30000919,POSC CAESAR,RDS5789846,real,True,sha256:a69b98012d9e4a46495a3aed48eef8ce75a69d001eaa28b4c38cb0f3c921909d,CORE CFIHOS V2.0 CSV/CFIHOS CORE CFIHOS object equivalent mapping v2.0.csv,1650,source_reference_record,source_reference_record_unreviewed
CFIHOS-30000921,ISO 14224:2016,ER,real,True,sha256:a69b98012d9e4a46495a3aed48eef8ce75a69d001eaa28b4c38cb0f3c921909d,CORE CFIHOS V2.0 CSV/CFIHOS CORE CFIHOS object equivalent mapping v2.0.csv,1651,source_reference_record,source_reference_record_unreviewed
CFIHOS-30000922,POSC CAESAR,RDS1300122521,real,True,sha256:a69b98012d9e4a46495a3aed48eef8ce75a69d001eaa28b4c38cb0f3c921909d,CORE CFIHOS V2.0 CSV/CFIHOS CORE CFIHOS object equivalent mapping v2.0.csv,1652,source_reference_record,source_reference_record_unreviewed
CFIHOS-30000923,ISO 15926 part4,3453,real,True,sha256:a69b98012d9e4a46495a3aed48eef8ce75a69d001eaa28b4c38cb0f3c921909d,CORE CFIHOS V2.0 CSV/CFIHOS CORE CFIHOS object equivalent mapping v2.0.csv,1653,source_reference_record,source_reference_record_unreviewed
CFIHOS-30000926,POSC CAESAR,RDS1295511221,real,True,sha256:a69b98012d9e4a46495a3aed48eef8ce75a69d001eaa28b4c38cb0f3c921909d,CORE CFIHOS V2.0 CSV/CFIHOS CORE CFIHOS object equivalent mapping v2.0.csv,1654,source_reference_record,source_reference_record_unreviewed
CFIHOS-30000927,POSC CAESAR,RDS1287915601,real,True,sha256:a69b98012d9e4a46495a3aed48eef8ce75a69d001eaa28b4c38cb0f3c921909d,CORE CFIHOS V2.0 CSV/CFIHOS CORE CFIHOS object equivalent mapping v2.0.csv,1655,source_reference_record,source_reference_record_unreviewed
CFIHOS-30000928,POSC CAESAR,RDS1287915601,real,True,sha256:a69b98012d9e4a46495a3aed48eef8ce75a69d001eaa28b4c38cb0f3c921909d,CORE CFIHOS V2.0 CSV/CFIHOS CORE CFIHOS object equivalent mapping v2.0.csv,1656,source_reference_record,source_reference_record_unreviewed
CFIHOS-30000930,POSC CAESAR,RDS291239,real,True,sha256:a69b98012d9e4a46495a3aed48eef8ce75a69d001eaa28b4c38cb0f3c921909d,CORE CFIHOS V2.0 CSV/CFIHOS CORE CFIHOS object equivalent mapping v2.0.csv,1657,source_reference_record,source_reference_record_unreviewed
CFIHOS-30000930,ISO 14224:2016,TU,real,True,sha256:a69b98012d9e4a46495a3aed48eef8ce75a69d001eaa28b4c38cb0f3c921909d,CORE CFIHOS V2.0 CSV/CFIHOS CORE CFIHOS object equivalent mapping v2.0.csv,1658,source_reference_record,source_reference_record_unreviewed
CFIHOS-30000931,ISO 14224:2016,FF,real,True,sha256:a69b98012d9e4a46495a3aed48eef8ce75a69d001eaa28b4c38cb0f3c921909d,CORE CFIHOS V2.0 CSV/CFIHOS CORE CFIHOS object equivalent mapping v2.0.csv,1659,source_reference_record,source_reference_record_unreviewed
CFIHOS-30000933,ISO 15926 part4,8317,real,True,sha256:a69b98012d9e4a46495a3aed48eef8ce75a69d001eaa28b4c38cb0f3c921909d,CORE CFIHOS V2.0 CSV/CFIHOS CORE CFIHOS object equivalent mapping v2.0.csv,1660,source_reference_record,source_reference_record_unreviewed
CFIHOS-30000934,ISO 14224:2016,FF,real,True,sha256:a69b98012d9e4a46495a3aed48eef8ce75a69d001eaa28b4c38cb0f3c921909d,CORE CFIHOS V2.0 CSV/CFIHOS CORE CFIHOS object equivalent mapping v2.0.csv,1661,source_reference_record,source_reference_record_unreviewed
CFIHOS-30000935,POSC CAESAR,RDS1066600871,real,True,sha256:a69b98012d9e4a46495a3aed48eef8ce75a69d001eaa28b4c38cb0f3c921909d,CORE CFIHOS V2.0 CSV/CFIHOS CORE CFIHOS object equivalent mapping v2.0.csv,1662,source_reference_record,source_reference_record_unreviewed
CFIHOS-30000938,ISO 15926 part4,7407,real,True,sha256:a69b98012d9e4a46495a3aed48eef8ce75a69d001eaa28b4c38cb0f3c921909d,CORE CFIHOS V2.0 CSV/CFIHOS CORE CFIHOS object equivalent mapping v2.0.csv,1663,source_reference_record,source_reference_record_unreviewed
CFIHOS-30000938,POSC CAESAR,RDS13029297,real,True,sha256:a69b98012d9e4a46495a3aed48eef8ce75a69d001eaa28b4c38cb0f3c921909d,CORE CFIHOS V2.0 CSV/CFIHOS CORE CFIHOS object equivalent mapping v2.0.csv,1664,source_reference_record,source_reference_record_unreviewed
CFIHOS-30000939,ISO 15926 part4,1811,real,True,sha256:a69b98012d9e4a46495a3aed48eef8ce75a69d001eaa28b4c38cb0f3c921909d,CORE CFIHOS V2.0 CSV/CFIHOS CORE CFIHOS object equivalent mapping v2.0.csv,1665,source_reference_record,source_reference_record_unreviewed
CFIHOS-30000939,POSC CAESAR,RDS898262151,real,True,sha256:a69b98012d9e4a46495a3aed48eef8ce75a69d001eaa28b4c38cb0f3c921909d,CORE CFIHOS V2.0 CSV/CFIHOS CORE CFIHOS object equivalent mapping v2.0.csv,1666,source_reference_record,source_reference_record_unreviewed
CFIHOS-30000940,ISO 15926 part4,8369,real,True,sha256:a69b98012d9e4a46495a3aed48eef8ce75a69d001eaa28b4c38cb0f3c921909d,CORE CFIHOS V2.0 CSV/CFIHOS CORE CFIHOS object equivalent mapping v2.0.csv,1667,source_reference_record,source_reference_record_unreviewed
CFIHOS-30000940,POSC CAESAR,RDS11589940,real,True,sha256:a69b98012d9e4a46495a3aed48eef8ce75a69d001eaa28b4c38cb0f3c921909d,CORE CFIHOS V2.0 CSV/CFIHOS CORE CFIHOS object equivalent mapping v2.0.csv,1668,source_reference_record,source_reference_record_unreviewed
CFIHOS-30000942,ISO 14224:2016,HP,real,True,sha256:a69b98012d9e4a46495a3aed48eef8ce75a69d001eaa28b4c38cb0f3c921909d,CORE CFIHOS V2.0 CSV/CFIHOS CORE CFIHOS object equivalent mapping v2.0.csv,1669,source_reference_record,source_reference_record_unreviewed
CFIHOS-30000942,POSC CAESAR,RDS5800917,real,True,sha256:a69b98012d9e4a46495a3aed48eef8ce75a69d001eaa28b4c38cb0f3c921909d,CORE CFIHOS V2.0 CSV/CFIHOS CORE CFIHOS object equivalent mapping v2.0.csv,1670,source_reference_record,source_reference_record_unreviewed
CFIHOS-30000943,ISO 15926 part4,4499,real,True,sha256:a69b98012d9e4a46495a3aed48eef8ce75a69d001eaa28b4c38cb0f3c921909d,CORE CFIHOS V2.0 CSV/CFIHOS CORE CFIHOS object equivalent mapping v2.0.csv,1671,source_reference_record,source_reference_record_unreviewed
CFIHOS-30000943,POSC CAESAR,RDS5784405,real,True,sha256:a69b98012d9e4a46495a3aed48eef8ce75a69d001eaa28b4c38cb0f3c921909d,CORE CFIHOS V2.0 CSV/CFIHOS CORE CFIHOS object equivalent mapping v2.0.csv,1672,source_reference_record,source_reference_record_unreviewed
CFIHOS-30000946,ISO 15926 part4,5214,real,True,sha256:a69b98012d9e4a46495a3aed48eef8ce75a69d001eaa28b4c38cb0f3c921909d,CORE CFIHOS V2.0 CSV/CFIHOS CORE CFIHOS object equivalent mapping v2.0.csv,1673,source_reference_record,source_reference_record_unreviewed
CFIHOS-30000946,POSC CAESAR,RDS416294,real,True,sha256:a69b98012d9e4a46495a3aed48eef8ce75a69d001eaa28b4c38cb0f3c921909d,CORE CFIHOS V2.0 CSV/CFIHOS CORE CFIHOS object equivalent mapping v2.0.csv,1674,source_reference_record,source_reference_record_unreviewed
CFIHOS-30000949,POSC CAESAR,RDS1300690551,real,True,sha256:a69b98012d9e4a46495a3aed48eef8ce75a69d001eaa28b4c38cb0f3c921909d,CORE CFIHOS V2.0 CSV/CFIHOS CORE CFIHOS object equivalent mapping v2.0.csv,1675,source_reference_record,source_reference_record_unreviewed
CFIHOS-30000950,POSC CAESAR,RDS13016965,real,True,sha256:a69b98012d9e4a46495a3aed48eef8ce75a69d001eaa28b4c38cb0f3c921909d,CORE CFIHOS V2.0 CSV/CFIHOS CORE CFIHOS object equivalent mapping v2.0.csv,1676,source_reference_record,source_reference_record_unreviewed
CFIHOS-30000951,ISO 15926 part4,4743,real,True,sha256:a69b98012d9e4a46495a3aed48eef8ce75a69d001eaa28b4c38cb0f3c921909d,CORE CFIHOS V2.0 CSV/CFIHOS CORE CFIHOS object equivalent mapping v2.0.csv,1677,source_reference_record,source_reference_record_unreviewed
CFIHOS-30000951,POSC CAESAR,RDS5777698,real,True,sha256:a69b98012d9e4a46495a3aed48eef8ce75a69d001eaa28b4c38cb0f3c921909d,CORE CFIHOS V2.0 CSV/CFIHOS CORE CFIHOS object equivalent mapping v2.0.csv,1678,source_reference_record,source_reference_record_unreviewed
CFIHOS-30000952,ISO 15926 part4,7268,real,True,sha256:a69b98012d9e4a46495a3aed48eef8ce75a69d001eaa28b4c38cb0f3c921909d,CORE CFIHOS V2.0 CSV/CFIHOS CORE CFIHOS object equivalent mapping v2.0.csv,1679,source_reference_record,source_reference_record_unreviewed
CFIHOS-30000952,POSC CAESAR,RDS13050740,real,True,sha256:a69b98012d9e4a46495a3aed48eef8ce75a69d001eaa28b4c38cb0f3c921909d,CORE CFIHOS V2.0 CSV/CFIHOS CORE CFIHOS object equivalent mapping v2.0.csv,1680,source_reference_record,source_reference_record_unreviewed
CFIHOS-30000953,POSC CAESAR,RDS1299021101,real,True,sha256:a69b98012d9e4a46495a3aed48eef8ce75a69d001eaa28b4c38cb0f3c921909d,CORE CFIHOS V2.0 CSV/CFIHOS CORE CFIHOS object equivalent mapping v2.0.csv,1681,source_reference_record,source_reference_record_unreviewed
CFIHOS-30000955,POSC CAESAR,RDS312569,real,True,sha256:a69b98012d9e4a46495a3aed48eef8ce75a69d001eaa28b4c38cb0f3c921909d,CORE CFIHOS V2.0 CSV/CFIHOS CORE CFIHOS object equivalent mapping v2.0.csv,1682,source_reference_record,source_reference_record_unreviewed
CFIHOS-30000956,POSC CAESAR,RDS17918239,real,True,sha256:a69b98012d9e4a46495a3aed48eef8ce75a69d001eaa28b4c38cb0f3c921909d,CORE CFIHOS V2.0 CSV/CFIHOS CORE CFIHOS object equivalent mapping v2.0.csv,1683,source_reference_record,source_reference_record_unreviewed
CFIHOS-30000957,ISO 15926 part4,3615,real,True,sha256:a69b98012d9e4a46495a3aed48eef8ce75a69d001eaa28b4c38cb0f3c921909d,CORE CFIHOS V2.0 CSV/CFIHOS CORE CFIHOS object equivalent mapping v2.0.csv,1684,source_reference_record,source_reference_record_unreviewed
CFIHOS-30000957,POSC CAESAR,RDS7124200,real,True,sha256:a69b98012d9e4a46495a3aed48eef8ce75a69d001eaa28b4c38cb0f3c921909d,CORE CFIHOS V2.0 CSV/CFIHOS CORE CFIHOS object equivalent mapping v2.0.csv,1685,source_reference_record,source_reference_record_unreviewed
CFIHOS-30000959,ISO 15926 part4,9896,real,True,sha256:a69b98012d9e4a46495a3aed48eef8ce75a69d001eaa28b4c38cb0f3c921909d,CORE CFIHOS V2.0 CSV/CFIHOS CORE CFIHOS object equivalent mapping v2.0.csv,1686,source_reference_record,source_reference_record_unreviewed
CFIHOS-30000962,ISO 15926 part4,10783,real,True,sha256:a69b98012d9e4a46495a3aed48eef8ce75a69d001eaa28b4c38cb0f3c921909d,CORE CFIHOS V2.0 CSV/CFIHOS CORE CFIHOS object equivalent mapping v2.0.csv,1687,source_reference_record,source_reference_record_unreviewed
CFIHOS-30000964,ISO 15926 part4,10270,real,True,sha256:a69b98012d9e4a46495a3aed48eef8ce75a69d001eaa28b4c38cb0f3c921909d,CORE CFIHOS V2.0 CSV/CFIHOS CORE CFIHOS object equivalent mapping v2.0.csv,1688,source_reference_record,source_reference_record_unreviewed
CFIHOS-30000964,POSC CAESAR,RDS328274,real,True,sha256:a69b98012d9e4a46495a3aed48eef8ce75a69d001eaa28b4c38cb0f3c921909d,CORE CFIHOS V2.0 CSV/CFIHOS CORE CFIHOS object equivalent mapping v2.0.csv,1689,source_reference_record,source_reference_record_unreviewed
CFIHOS-30000965,ISO 15926 part4,11402,real,True,sha256:a69b98012d9e4a46495a3aed48eef8ce75a69d001eaa28b4c38cb0f3c921909d,CORE CFIHOS V2.0 CSV/CFIHOS CORE CFIHOS object equivalent mapping v2.0.csv,1690,source_reference_record,source_reference_record_unreviewed
CFIHOS-30000965,POSC CAESAR,RDS288179,real,True,sha256:a69b98012d9e4a46495a3aed48eef8ce75a69d001eaa28b4c38cb0f3c921909d,CORE CFIHOS V2.0 CSV/CFIHOS CORE CFIHOS object equivalent mapping v2.0.csv,1691,source_reference_record,source_reference_record_unreviewed
CFIHOS-30000967,ISO 15926 part4,2710,real,True,sha256:a69b98012d9e4a46495a3aed48eef8ce75a69d001eaa28b4c38cb0f3c921909d,CORE CFIHOS V2.0 CSV/CFIHOS CORE CFIHOS object equivalent mapping v2.0.csv,1692,source_reference_record,source_reference_record_unreviewed
CFIHOS-30000967,POSC CAESAR,RDS475514,real,True,sha256:a69b98012d9e4a46495a3aed48eef8ce75a69d001eaa28b4c38cb0f3c921909d,CORE CFIHOS V2.0 CSV/CFIHOS CORE CFIHOS object equivalent mapping v2.0.csv,1693,source_reference_record,source_reference_record_unreviewed
CFIHOS-30000969,ISO 15926 part4,18443,real,True,sha256:a69b98012d9e4a46495a3aed48eef8ce75a69d001eaa28b4c38cb0f3c921909d,CORE CFIHOS V2.0 CSV/CFIHOS CORE CFIHOS object equivalent mapping v2.0.csv,1694,source_reference_record,source_reference_record_unreviewed
CFIHOS-30000969,POSC CAESAR,RDS1202849,real,True,sha256:a69b98012d9e4a46495a3aed48eef8ce75a69d001eaa28b4c38cb0f3c921909d,CORE CFIHOS V2.0 CSV/CFIHOS CORE CFIHOS object equivalent mapping v2.0.csv,1695,source_reference_record,source_reference_record_unreviewed
CFIHOS-30000972,ISO 15926 part4,13967,real,True,sha256:a69b98012d9e4a46495a3aed48eef8ce75a69d001eaa28b4c38cb0f3c921909d,CORE CFIHOS V2.0 CSV/CFIHOS CORE CFIHOS object equivalent mapping v2.0.csv,1696,source_reference_record,source_reference_record_unreviewed
CFIHOS-30000972,POSC CAESAR,RDS284759,real,True,sha256:a69b98012d9e4a46495a3aed48eef8ce75a69d001eaa28b4c38cb0f3c921909d,CORE CFIHOS V2.0 CSV/CFIHOS CORE CFIHOS object equivalent mapping v2.0.csv,1697,source_reference_record,source_reference_record_unreviewed
CFIHOS-30000975,ISO 15926 part4,14719,real,True,sha256:a69b98012d9e4a46495a3aed48eef8ce75a69d001eaa28b4c38cb0f3c921909d,CORE CFIHOS V2.0 CSV/CFIHOS CORE CFIHOS object equivalent mapping v2.0.csv,1698,source_reference_record,source_reference_record_unreviewed
CFIHOS-30000975,POSC CAESAR,RDS303614,real,True,sha256:a69b98012d9e4a46495a3aed48eef8ce75a69d001eaa28b4c38cb0f3c921909d,CORE CFIHOS V2.0 CSV/CFIHOS CORE CFIHOS object equivalent mapping v2.0.csv,1699,source_reference_record,source_reference_record_unreviewed
CFIHOS-30000981,ISO 15926 part4,16387,real,True,sha256:a69b98012d9e4a46495a3aed48eef8ce75a69d001eaa28b4c38cb0f3c921909d,CORE CFIHOS V2.0 CSV/CFIHOS CORE CFIHOS object equivalent mapping v2.0.csv,1700,source_reference_record,source_reference_record_unreviewed
CFIHOS-30000981,POSC CAESAR,RDS329399,real,True,sha256:a69b98012d9e4a46495a3aed48eef8ce75a69d001eaa28b4c38cb0f3c921909d,CORE CFIHOS V2.0 CSV/CFIHOS CORE CFIHOS object equivalent mapping v2.0.csv,1701,source_reference_record,source_reference_record_unreviewed
CFIHOS-30000990,ISO 15926 part4,20504,real,True,sha256:a69b98012d9e4a46495a3aed48eef8ce75a69d001eaa28b4c38cb0f3c921909d,CORE CFIHOS V2.0 CSV/CFIHOS CORE CFIHOS object equivalent mapping v2.0.csv,1702,source_reference_record,source_reference_record_unreviewed
CFIHOS-30000990,POSC CAESAR,RDS284849,real,True,sha256:a69b98012d9e4a46495a3aed48eef8ce75a69d001eaa28b4c38cb0f3c921909d,CORE CFIHOS V2.0 CSV/CFIHOS CORE CFIHOS object equivalent mapping v2.0.csv,1703,source_reference_record,source_reference_record_unreviewed
CFIHOS-30000996,ISO 15926 part4,21015,real,True,sha256:a69b98012d9e4a46495a3aed48eef8ce75a69d001eaa28b4c38cb0f3c921909d,CORE CFIHOS V2.0 CSV/CFIHOS CORE CFIHOS object equivalent mapping v2.0.csv,1704,source_reference_record,source_reference_record_unreviewed
CFIHOS-30000996,POSC CAESAR,RDS222261,real,True,sha256:a69b98012d9e4a46495a3aed48eef8ce75a69d001eaa28b4c38cb0f3c921909d,CORE CFIHOS V2.0 CSV/CFIHOS CORE CFIHOS object equivalent mapping v2.0.csv,1705,source_reference_record,source_reference_record_unreviewed
CFIHOS-30001003,ISO 15926 part4,13854,real,True,sha256:a69b98012d9e4a46495a3aed48eef8ce75a69d001eaa28b4c38cb0f3c921909d,CORE CFIHOS V2.0 CSV/CFIHOS CORE CFIHOS object equivalent mapping v2.0.csv,1706,source_reference_record,source_reference_record_unreviewed
CFIHOS-30001003,POSC CAESAR,RDS282239,real,True,sha256:a69b98012d9e4a46495a3aed48eef8ce75a69d001eaa28b4c38cb0f3c921909d,CORE CFIHOS V2.0 CSV/CFIHOS CORE CFIHOS object equivalent mapping v2.0.csv,1707,source_reference_record,source_reference_record_unreviewed
CFIHOS-30001005,ISO 15926 part4,22862,real,True,sha256:a69b98012d9e4a46495a3aed48eef8ce75a69d001eaa28b4c38cb0f3c921909d,CORE CFIHOS V2.0 CSV/CFIHOS CORE CFIHOS object equivalent mapping v2.0.csv,1708,source_reference_record,source_reference_record_unreviewed
CFIHOS-30001005,POSC CAESAR,RDS13119180,real,True,sha256:a69b98012d9e4a46495a3aed48eef8ce75a69d001eaa28b4c38cb0f3c921909d,CORE CFIHOS V2.0 CSV/CFIHOS CORE CFIHOS object equivalent mapping v2.0.csv,1709,source_reference_record,source_reference_record_unreviewed
CFIHOS-30001008,ISO 15926 part4,4741,real,True,sha256:a69b98012d9e4a46495a3aed48eef8ce75a69d001eaa28b4c38cb0f3c921909d,CORE CFIHOS V2.0 CSV/CFIHOS CORE CFIHOS object equivalent mapping v2.0.csv,1710,source_reference_record,source_reference_record_unreviewed
CFIHOS-30001008,POSC CAESAR,RDS648674,real,True,sha256:a69b98012d9e4a46495a3aed48eef8ce75a69d001eaa28b4c38cb0f3c921909d,CORE CFIHOS V2.0 CSV/CFIHOS CORE CFIHOS object equivalent mapping v2.0.csv,1711,source_reference_record,source_reference_record_unreviewed
CFIHOS-30001009,ISO 15926 part4,13441,real,True,sha256:a69b98012d9e4a46495a3aed48eef8ce75a69d001eaa28b4c38cb0f3c921909d,CORE CFIHOS V2.0 CSV/CFIHOS CORE CFIHOS object equivalent mapping v2.0.csv,1712,source_reference_record,source_reference_record_unreviewed
CFIHOS-30001009,POSC CAESAR,RDS485999,real,True,sha256:a69b98012d9e4a46495a3aed48eef8ce75a69d001eaa28b4c38cb0f3c921909d,CORE CFIHOS V2.0 CSV/CFIHOS CORE CFIHOS object equivalent mapping v2.0.csv,1713,source_reference_record,source_reference_record_unreviewed
CFIHOS-30001032,POSC CAESAR,RDS417104,real,True,sha256:a69b98012d9e4a46495a3aed48eef8ce75a69d001eaa28b4c38cb0f3c921909d,CORE CFIHOS V2.0 CSV/CFIHOS CORE CFIHOS object equivalent mapping v2.0.csv,1714,source_reference_record,source_reference_record_unreviewed
CFIHOS-40000001,POSC CAESAR,RDS373094,real,True,sha256:a69b98012d9e4a46495a3aed48eef8ce75a69d001eaa28b4c38cb0f3c921909d,CORE CFIHOS V2.0 CSV/CFIHOS CORE CFIHOS object equivalent mapping v2.0.csv,1715,source_reference_record,source_reference_record_unreviewed
CFIHOS-40000062,STEPLIB,610865,real,True,sha256:a69b98012d9e4a46495a3aed48eef8ce75a69d001eaa28b4c38cb0f3c921909d,CORE CFIHOS V2.0 CSV/CFIHOS CORE CFIHOS object equivalent mapping v2.0.csv,1716,source_reference_record,source_reference_record_unreviewed
CFIHOS-40000075,STEPLIB,550471,real,True,sha256:a69b98012d9e4a46495a3aed48eef8ce75a69d001eaa28b4c38cb0f3c921909d,CORE CFIHOS V2.0 CSV/CFIHOS CORE CFIHOS object equivalent mapping v2.0.csv,1717,source_reference_record,source_reference_record_unreviewed
CFIHOS-40000134,STEPLIB,550473,real,True,sha256:a69b98012d9e4a46495a3aed48eef8ce75a69d001eaa28b4c38cb0f3c921909d,CORE CFIHOS V2.0 CSV/CFIHOS CORE CFIHOS object equivalent mapping v2.0.csv,1718,source_reference_record,source_reference_record_unreviewed
CFIHOS-40000175,STEPLIB,193412,real,True,sha256:a69b98012d9e4a46495a3aed48eef8ce75a69d001eaa28b4c38cb0f3c921909d,CORE CFIHOS V2.0 CSV/CFIHOS CORE CFIHOS object equivalent mapping v2.0.csv,1719,source_reference_record,source_reference_record_unreviewed
CFIHOS-40000177,STEPLIB,790456,real,True,sha256:a69b98012d9e4a46495a3aed48eef8ce75a69d001eaa28b4c38cb0f3c921909d,CORE CFIHOS V2.0 CSV/CFIHOS CORE CFIHOS object equivalent mapping v2.0.csv,1720,source_reference_record,source_reference_record_unreviewed
CFIHOS-40000201,STEPLIB,551353,real,True,sha256:a69b98012d9e4a46495a3aed48eef8ce75a69d001eaa28b4c38cb0f3c921909d,CORE CFIHOS V2.0 CSV/CFIHOS CORE CFIHOS object equivalent mapping v2.0.csv,1721,source_reference_record,source_reference_record_unreviewed
CFIHOS-40000223,STEPLIB,160177,real,True,sha256:a69b98012d9e4a46495a3aed48eef8ce75a69d001eaa28b4c38cb0f3c921909d,CORE CFIHOS V2.0 CSV/CFIHOS CORE CFIHOS object equivalent mapping v2.0.csv,1722,source_reference_record,source_reference_record_unreviewed
CFIHOS-40000234,STEPLIB,910235,real,True,sha256:a69b98012d9e4a46495a3aed48eef8ce75a69d001eaa28b4c38cb0f3c921909d,CORE CFIHOS V2.0 CSV/CFIHOS CORE CFIHOS object equivalent mapping v2.0.csv,1723,source_reference_record,source_reference_record_unreviewed
CFIHOS-40000249,STEPLIB,552882,real,True,sha256:a69b98012d9e4a46495a3aed48eef8ce75a69d001eaa28b4c38cb0f3c921909d,CORE CFIHOS V2.0 CSV/CFIHOS CORE CFIHOS object equivalent mapping v2.0.csv,1724,source_reference_record,source_reference_record_unreviewed
CFIHOS-40000275,STEPLIB,550971,real,True,sha256:a69b98012d9e4a46495a3aed48eef8ce75a69d001eaa28b4c38cb0f3c921909d,CORE CFIHOS V2.0 CSV/CFIHOS CORE CFIHOS object equivalent mapping v2.0.csv,1725,source_reference_record,source_reference_record_unreviewed
CFIHOS-40000330,STEPLIB,550432,real,True,sha256:a69b98012d9e4a46495a3aed48eef8ce75a69d001eaa28b4c38cb0f3c921909d,CORE CFIHOS V2.0 CSV/CFIHOS CORE CFIHOS object equivalent mapping v2.0.csv,1726,source_reference_record,source_reference_record_unreviewed
CFIHOS-40000332,STEPLIB,550432,real,True,sha256:a69b98012d9e4a46495a3aed48eef8ce75a69d001eaa28b4c38cb0f3c921909d,CORE CFIHOS V2.0 CSV/CFIHOS CORE CFIHOS object equivalent mapping v2.0.csv,1727,source_reference_record,source_reference_record_unreviewed
CFIHOS-40000333,STEPLIB,552231,real,True,sha256:a69b98012d9e4a46495a3aed48eef8ce75a69d001eaa28b4c38cb0f3c921909d,CORE CFIHOS V2.0 CSV/CFIHOS CORE CFIHOS object equivalent mapping v2.0.csv,1728,source_reference_record,source_reference_record_unreviewed
CFIHOS-40000432,STEPLIB,553031,real,True,sha256:a69b98012d9e4a46495a3aed48eef8ce75a69d001eaa28b4c38cb0f3c921909d,CORE CFIHOS V2.0 CSV/CFIHOS CORE CFIHOS object equivalent mapping v2.0.csv,1729,source_reference_record,source_reference_record_unreviewed
CFIHOS-40000486,ISO 15926 part4,1626,real,True,sha256:a69b98012d9e4a46495a3aed48eef8ce75a69d001eaa28b4c38cb0f3c921909d,CORE CFIHOS V2.0 CSV/CFIHOS CORE CFIHOS object equivalent mapping v2.0.csv,1730,source_reference_record,source_reference_record_unreviewed
CFIHOS-40000486,STEPLIB,220132,real,True,sha256:a69b98012d9e4a46495a3aed48eef8ce75a69d001eaa28b4c38cb0f3c921909d,CORE CFIHOS V2.0 CSV/CFIHOS CORE CFIHOS object equivalent mapping v2.0.csv,1731,source_reference_record,source_reference_record_unreviewed
CFIHOS-40000487,ISO 15926 part4,3959,real,True,sha256:a69b98012d9e4a46495a3aed48eef8ce75a69d001eaa28b4c38cb0f3c921909d,CORE CFIHOS V2.0 CSV/CFIHOS CORE CFIHOS object equivalent mapping v2.0.csv,1732,source_reference_record,source_reference_record_unreviewed
CFIHOS-40000487,STEPLIB,910175,real,True,sha256:a69b98012d9e4a46495a3aed48eef8ce75a69d001eaa28b4c38cb0f3c921909d,CORE CFIHOS V2.0 CSV/CFIHOS CORE CFIHOS object equivalent mapping v2.0.csv,1733,source_reference_record,source_reference_record_unreviewed
CFIHOS-40000488,STEPLIB,10440,real,True,sha256:a69b98012d9e4a46495a3aed48eef8ce75a69d001eaa28b4c38cb0f3c921909d,CORE CFIHOS V2.0 CSV/CFIHOS CORE CFIHOS object equivalent mapping v2.0.csv,1734,source_reference_record,source_reference_record_unreviewed
CFIHOS-40000488,ISO 15926 part4,4093,real,True,sha256:a69b98012d9e4a46495a3aed48eef8ce75a69d001eaa28b4c38cb0f3c921909d,CORE CFIHOS V2.0 CSV/CFIHOS CORE CFIHOS object equivalent mapping v2.0.csv,1735,source_reference_record,source_reference_record_unreviewed
CFIHOS-40000489,STEPLIB,552314,real,True,sha256:a69b98012d9e4a46495a3aed48eef8ce75a69d001eaa28b4c38cb0f3c921909d,CORE CFIHOS V2.0 CSV/CFIHOS CORE CFIHOS object equivalent mapping v2.0.csv,1736,source_reference_record,source_reference_record_unreviewed
CFIHOS-40000489,ISO 15926 part4,5667,real,True,sha256:a69b98012d9e4a46495a3aed48eef8ce75a69d001eaa28b4c38cb0f3c921909d,CORE CFIHOS V2.0 CSV/CFIHOS CORE CFIHOS object equivalent mapping v2.0.csv,1737,source_reference_record,source_reference_record_unreviewed
CFIHOS-40000490,ISO 15926 part4,5711,real,True,sha256:a69b98012d9e4a46495a3aed48eef8ce75a69d001eaa28b4c38cb0f3c921909d,CORE CFIHOS V2.0 CSV/CFIHOS CORE CFIHOS object equivalent mapping v2.0.csv,1738,source_reference_record,source_reference_record_unreviewed
CFIHOS-40000491,STEPLIB,550092,real,True,sha256:a69b98012d9e4a46495a3aed48eef8ce75a69d001eaa28b4c38cb0f3c921909d,CORE CFIHOS V2.0 CSV/CFIHOS CORE CFIHOS object equivalent mapping v2.0.csv,1739,source_reference_record,source_reference_record_unreviewed
CFIHOS-40000491,ISO 15926 part4,5719,real,True,sha256:a69b98012d9e4a46495a3aed48eef8ce75a69d001eaa28b4c38cb0f3c921909d,CORE CFIHOS V2.0 CSV/CFIHOS CORE CFIHOS object equivalent mapping v2.0.csv,1740,source_reference_record,source_reference_record_unreviewed
CFIHOS-40000492,ISO 15926 part4,5729,real,True,sha256:a69b98012d9e4a46495a3aed48eef8ce75a69d001eaa28b4c38cb0f3c921909d,CORE CFIHOS V2.0 CSV/CFIHOS CORE CFIHOS object equivalent mapping v2.0.csv,1741,source_reference_record,source_reference_record_unreviewed
CFIHOS-40000493,STEPLIB,550188,real,True,sha256:a69b98012d9e4a46495a3aed48eef8ce75a69d001eaa28b4c38cb0f3c921909d,CORE CFIHOS V2.0 CSV/CFIHOS CORE CFIHOS object equivalent mapping v2.0.csv,1742,source_reference_record,source_reference_record_unreviewed
CFIHOS-40000493,ISO 15926 part4,5789,real,True,sha256:a69b98012d9e4a46495a3aed48eef8ce75a69d001eaa28b4c38cb0f3c921909d,CORE CFIHOS V2.0 CSV/CFIHOS CORE CFIHOS object equivalent mapping v2.0.csv,1743,source_reference_record,source_reference_record_unreviewed
CFIHOS-40000494,ISO 15926 part4,5825,real,True,sha256:a69b98012d9e4a46495a3aed48eef8ce75a69d001eaa28b4c38cb0f3c921909d,CORE CFIHOS V2.0 CSV/CFIHOS CORE CFIHOS object equivalent mapping v2.0.csv,1744,source_reference_record,source_reference_record_unreviewed
CFIHOS-40000495,STEPLIB,550331,real,True,sha256:a69b98012d9e4a46495a3aed48eef8ce75a69d001eaa28b4c38cb0f3c921909d,CORE CFIHOS V2.0 CSV/CFIHOS CORE CFIHOS object equivalent mapping v2.0.csv,1745,source_reference_record,source_reference_record_unreviewed
CFIHOS-40000495,ISO 15926 part4,5833,real,True,sha256:a69b98012d9e4a46495a3aed48eef8ce75a69d001eaa28b4c38cb0f3c921909d,CORE CFIHOS V2.0 CSV/CFIHOS CORE CFIHOS object equivalent mapping v2.0.csv,1746,source_reference_record,source_reference_record_unreviewed
CFIHOS-40000496,STEPLIB,550126,real,True,sha256:a69b98012d9e4a46495a3aed48eef8ce75a69d001eaa28b4c38cb0f3c921909d,CORE CFIHOS V2.0 CSV/CFIHOS CORE CFIHOS object equivalent mapping v2.0.csv,1747,source_reference_record,source_reference_record_unreviewed
CFIHOS-40000496,ISO 15926 part4,6006,real,True,sha256:a69b98012d9e4a46495a3aed48eef8ce75a69d001eaa28b4c38cb0f3c921909d,CORE CFIHOS V2.0 CSV/CFIHOS CORE CFIHOS object equivalent mapping v2.0.csv,1748,source_reference_record,source_reference_record_unreviewed
CFIHOS-40000497,STEPLIB,550354,real,True,sha256:a69b98012d9e4a46495a3aed48eef8ce75a69d001eaa28b4c38cb0f3c921909d,CORE CFIHOS V2.0 CSV/CFIHOS CORE CFIHOS object equivalent mapping v2.0.csv,1749,source_reference_record,source_reference_record_unreviewed
CFIHOS-40000497,ISO 15926 part4,6017,real,True,sha256:a69b98012d9e4a46495a3aed48eef8ce75a69d001eaa28b4c38cb0f3c921909d,CORE CFIHOS V2.0 CSV/CFIHOS CORE CFIHOS object equivalent mapping v2.0.csv,1750,source_reference_record,source_reference_record_unreviewed
CFIHOS-40000498,ISO 15926 part4,6025,real,True,sha256:a69b98012d9e4a46495a3aed48eef8ce75a69d001eaa28b4c38cb0f3c921909d,CORE CFIHOS V2.0 CSV/CFIHOS CORE CFIHOS object equivalent mapping v2.0.csv,1751,source_reference_record,source_reference_record_unreviewed
CFIHOS-40000499,ISO 15926 part4,6053,real,True,sha256:a69b98012d9e4a46495a3aed48eef8ce75a69d001eaa28b4c38cb0f3c921909d,CORE CFIHOS V2.0 CSV/CFIHOS CORE CFIHOS object equivalent mapping v2.0.csv,1752,source_reference_record,source_reference_record_unreviewed
CFIHOS-40000500,STEPLIB,550362,real,True,sha256:a69b98012d9e4a46495a3aed48eef8ce75a69d001eaa28b4c38cb0f3c921909d,CORE CFIHOS V2.0 CSV/CFIHOS CORE CFIHOS object equivalent mapping v2.0.csv,1753,source_reference_record,source_reference_record_unreviewed
CFIHOS-40000500,ISO 15926 part4,6096,real,True,sha256:a69b98012d9e4a46495a3aed48eef8ce75a69d001eaa28b4c38cb0f3c921909d,CORE CFIHOS V2.0 CSV/CFIHOS CORE CFIHOS object equivalent mapping v2.0.csv,1754,source_reference_record,source_reference_record_unreviewed
CFIHOS-40000501,ISO 15926 part4,6117,real,True,sha256:a69b98012d9e4a46495a3aed48eef8ce75a69d001eaa28b4c38cb0f3c921909d,CORE CFIHOS V2.0 CSV/CFIHOS CORE CFIHOS object equivalent mapping v2.0.csv,1755,source_reference_record,source_reference_record_unreviewed
CFIHOS-40000502,ISO 15926 part4,6132,real,True,sha256:a69b98012d9e4a46495a3aed48eef8ce75a69d001eaa28b4c38cb0f3c921909d,CORE CFIHOS V2.0 CSV/CFIHOS CORE CFIHOS object equivalent mapping v2.0.csv,1756,source_reference_record,source_reference_record_unreviewed
CFIHOS-40000503,STEPLIB,550397,real,True,sha256:a69b98012d9e4a46495a3aed48eef8ce75a69d001eaa28b4c38cb0f3c921909d,CORE CFIHOS V2.0 CSV/CFIHOS CORE CFIHOS object equivalent mapping v2.0.csv,1757,source_reference_record,source_reference_record_unreviewed
CFIHOS-40000503,ISO 15926 part4,6164,real,True,sha256:a69b98012d9e4a46495a3aed48eef8ce75a69d001eaa28b4c38cb0f3c921909d,CORE CFIHOS V2.0 CSV/CFIHOS CORE CFIHOS object equivalent mapping v2.0.csv,1758,source_reference_record,source_reference_record_unreviewed
CFIHOS-40000504,STEPLIB,550182,real,True,sha256:a69b98012d9e4a46495a3aed48eef8ce75a69d001eaa28b4c38cb0f3c921909d,CORE CFIHOS V2.0 CSV/CFIHOS CORE CFIHOS object equivalent mapping v2.0.csv,1759,source_reference_record,source_reference_record_unreviewed
CFIHOS-40000504,ISO 15926 part4,6189,real,True,sha256:a69b98012d9e4a46495a3aed48eef8ce75a69d001eaa28b4c38cb0f3c921909d,CORE CFIHOS V2.0 CSV/CFIHOS CORE CFIHOS object equivalent mapping v2.0.csv,1760,source_reference_record,source_reference_record_unreviewed
CFIHOS-40000505,ISO 15926 part4,6192,real,True,sha256:a69b98012d9e4a46495a3aed48eef8ce75a69d001eaa28b4c38cb0f3c921909d,CORE CFIHOS V2.0 CSV/CFIHOS CORE CFIHOS object equivalent mapping v2.0.csv,1761,source_reference_record,source_reference_record_unreviewed
CFIHOS-40000506,STEPLIB,550022,real,True,sha256:a69b98012d9e4a46495a3aed48eef8ce75a69d001eaa28b4c38cb0f3c921909d,CORE CFIHOS V2.0 CSV/CFIHOS CORE CFIHOS object equivalent mapping v2.0.csv,1762,source_reference_record,source_reference_record_unreviewed
CFIHOS-40000506,ISO 15926 part4,6323,real,True,sha256:a69b98012d9e4a46495a3aed48eef8ce75a69d001eaa28b4c38cb0f3c921909d,CORE CFIHOS V2.0 CSV/CFIHOS CORE CFIHOS object equivalent mapping v2.0.csv,1763,source_reference_record,source_reference_record_unreviewed
CFIHOS-40000507,ISO 15926 part4,6340,real,True,sha256:a69b98012d9e4a46495a3aed48eef8ce75a69d001eaa28b4c38cb0f3c921909d,CORE CFIHOS V2.0 CSV/CFIHOS CORE CFIHOS object equivalent mapping v2.0.csv,1764,source_reference_record,source_reference_record_unreviewed
CFIHOS-40000508,ISO 15926 part4,6353,real,True,sha256:a69b98012d9e4a46495a3aed48eef8ce75a69d001eaa28b4c38cb0f3c921909d,CORE CFIHOS V2.0 CSV/CFIHOS CORE CFIHOS object equivalent mapping v2.0.csv,1765,source_reference_record,source_reference_record_unreviewed
CFIHOS-40000509,STEPLIB,551563,real,True,sha256:a69b98012d9e4a46495a3aed48eef8ce75a69d001eaa28b4c38cb0f3c921909d,CORE CFIHOS V2.0 CSV/CFIHOS CORE CFIHOS object equivalent mapping v2.0.csv,1766,source_reference_record,source_reference_record_unreviewed
CFIHOS-40000509,ISO 15926 part4,6359,real,True,sha256:a69b98012d9e4a46495a3aed48eef8ce75a69d001eaa28b4c38cb0f3c921909d,CORE CFIHOS V2.0 CSV/CFIHOS CORE CFIHOS object equivalent mapping v2.0.csv,1767,source_reference_record,source_reference_record_unreviewed
CFIHOS-40000510,ISO 15926 part4,6392,real,True,sha256:a69b98012d9e4a46495a3aed48eef8ce75a69d001eaa28b4c38cb0f3c921909d,CORE CFIHOS V2.0 CSV/CFIHOS CORE CFIHOS object equivalent mapping v2.0.csv,1768,source_reference_record,source_reference_record_unreviewed
CFIHOS-40000511,ISO 15926 part4,6393,real,True,sha256:a69b98012d9e4a46495a3aed48eef8ce75a69d001eaa28b4c38cb0f3c921909d,CORE CFIHOS V2.0 CSV/CFIHOS CORE CFIHOS object equivalent mapping v2.0.csv,1769,source_reference_record,source_reference_record_unreviewed
CFIHOS-40000512,STEPLIB,550189,real,True,sha256:a69b98012d9e4a46495a3aed48eef8ce75a69d001eaa28b4c38cb0f3c921909d,CORE CFIHOS V2.0 CSV/CFIHOS CORE CFIHOS object equivalent mapping v2.0.csv,1770,source_reference_record,source_reference_record_unreviewed
CFIHOS-40000512,ISO 15926 part4,6395,real,True,sha256:a69b98012d9e4a46495a3aed48eef8ce75a69d001eaa28b4c38cb0f3c921909d,CORE CFIHOS V2.0 CSV/CFIHOS CORE CFIHOS object equivalent mapping v2.0.csv,1771,source_reference_record,source_reference_record_unreviewed
CFIHOS-40000513,ISO 15926 part4,6396,real,True,sha256:a69b98012d9e4a46495a3aed48eef8ce75a69d001eaa28b4c38cb0f3c921909d,CORE CFIHOS V2.0 CSV/CFIHOS CORE CFIHOS object equivalent mapping v2.0.csv,1772,source_reference_record,source_reference_record_unreviewed
CFIHOS-40000514,STEPLIB,550410,real,True,sha256:a69b98012d9e4a46495a3aed48eef8ce75a69d001eaa28b4c38cb0f3c921909d,CORE CFIHOS V2.0 CSV/CFIHOS CORE CFIHOS object equivalent mapping v2.0.csv,1773,source_reference_record,source_reference_record_unreviewed
CFIHOS-40000514,ISO 15926 part4,6398,real,True,sha256:a69b98012d9e4a46495a3aed48eef8ce75a69d001eaa28b4c38cb0f3c921909d,CORE CFIHOS V2.0 CSV/CFIHOS CORE CFIHOS object equivalent mapping v2.0.csv,1774,source_reference_record,source_reference_record_unreviewed
CFIHOS-40000515,ISO 15926 part4,6400,real,True,sha256:a69b98012d9e4a46495a3aed48eef8ce75a69d001eaa28b4c38cb0f3c921909d,CORE CFIHOS V2.0 CSV/CFIHOS CORE CFIHOS object equivalent mapping v2.0.csv,1775,source_reference_record,source_reference_record_unreviewed
CFIHOS-40000516,ISO 15926 part4,6429,real,True,sha256:a69b98012d9e4a46495a3aed48eef8ce75a69d001eaa28b4c38cb0f3c921909d,CORE CFIHOS V2.0 CSV/CFIHOS CORE CFIHOS object equivalent mapping v2.0.csv,1776,source_reference_record,source_reference_record_unreviewed
CFIHOS-40000517,ISO 15926 part4,6431,real,True,sha256:a69b98012d9e4a46495a3aed48eef8ce75a69d001eaa28b4c38cb0f3c921909d,CORE CFIHOS V2.0 CSV/CFIHOS CORE CFIHOS object equivalent mapping v2.0.csv,1777,source_reference_record,source_reference_record_unreviewed
CFIHOS-40000518,ISO 15926 part4,6432,real,True,sha256:a69b98012d9e4a46495a3aed48eef8ce75a69d001eaa28b4c38cb0f3c921909d,CORE CFIHOS V2.0 CSV/CFIHOS CORE CFIHOS object equivalent mapping v2.0.csv,1778,source_reference_record,source_reference_record_unreviewed
CFIHOS-40000519,STEPLIB,550206,real,True,sha256:a69b98012d9e4a46495a3aed48eef8ce75a69d001eaa28b4c38cb0f3c921909d,CORE CFIHOS V2.0 CSV/CFIHOS CORE CFIHOS object equivalent mapping v2.0.csv,1779,source_reference_record,source_reference_record_unreviewed
CFIHOS-40000519,ISO 15926 part4,6444,real,True,sha256:a69b98012d9e4a46495a3aed48eef8ce75a69d001eaa28b4c38cb0f3c921909d,CORE CFIHOS V2.0 CSV/CFIHOS CORE CFIHOS object equivalent mapping v2.0.csv,1780,source_reference_record,source_reference_record_unreviewed
CFIHOS-40000520,ISO 15926 part4,6451,real,True,sha256:a69b98012d9e4a46495a3aed48eef8ce75a69d001eaa28b4c38cb0f3c921909d,CORE CFIHOS V2.0 CSV/CFIHOS CORE CFIHOS object equivalent mapping v2.0.csv,1781,source_reference_record,source_reference_record_unreviewed
CFIHOS-40000521,STEPLIB,552460,real,True,sha256:a69b98012d9e4a46495a3aed48eef8ce75a69d001eaa28b4c38cb0f3c921909d,CORE CFIHOS V2.0 CSV/CFIHOS CORE CFIHOS object equivalent mapping v2.0.csv,1782,source_reference_record,source_reference_record_unreviewed
CFIHOS-40000521,ISO 15926 part4,6583,real,True,sha256:a69b98012d9e4a46495a3aed48eef8ce75a69d001eaa28b4c38cb0f3c921909d,CORE CFIHOS V2.0 CSV/CFIHOS CORE CFIHOS object equivalent mapping v2.0.csv,1783,source_reference_record,source_reference_record_unreviewed
CFIHOS-40000522,STEPLIB,552835,real,True,sha256:a69b98012d9e4a46495a3aed48eef8ce75a69d001eaa28b4c38cb0f3c921909d,CORE CFIHOS V2.0 CSV/CFIHOS CORE CFIHOS object equivalent mapping v2.0.csv,1784,source_reference_record,source_reference_record_unreviewed
CFIHOS-40000522,ISO 15926 part4,6587,real,True,sha256:a69b98012d9e4a46495a3aed48eef8ce75a69d001eaa28b4c38cb0f3c921909d,CORE CFIHOS V2.0 CSV/CFIHOS CORE CFIHOS object equivalent mapping v2.0.csv,1785,source_reference_record,source_reference_record_unreviewed
CFIHOS-40000523,STEPLIB,551751,real,True,sha256:a69b98012d9e4a46495a3aed48eef8ce75a69d001eaa28b4c38cb0f3c921909d,CORE CFIHOS V2.0 CSV/CFIHOS CORE CFIHOS object equivalent mapping v2.0.csv,1786,source_reference_record,source_reference_record_unreviewed
CFIHOS-40000523,ISO 15926 part4,6591,real,True,sha256:a69b98012d9e4a46495a3aed48eef8ce75a69d001eaa28b4c38cb0f3c921909d,CORE CFIHOS V2.0 CSV/CFIHOS CORE CFIHOS object equivalent mapping v2.0.csv,1787,source_reference_record,source_reference_record_unreviewed
CFIHOS-40000524,ISO 15926 part4,6592,real,True,sha256:a69b98012d9e4a46495a3aed48eef8ce75a69d001eaa28b4c38cb0f3c921909d,CORE CFIHOS V2.0 CSV/CFIHOS CORE CFIHOS object equivalent mapping v2.0.csv,1788,source_reference_record,source_reference_record_unreviewed
CFIHOS-40000525,ISO 15926 part4,6594,real,True,sha256:a69b98012d9e4a46495a3aed48eef8ce75a69d001eaa28b4c38cb0f3c921909d,CORE CFIHOS V2.0 CSV/CFIHOS CORE CFIHOS object equivalent mapping v2.0.csv,1789,source_reference_record,source_reference_record_unreviewed
CFIHOS-40000526,ISO 15926 part4,6596,real,True,sha256:a69b98012d9e4a46495a3aed48eef8ce75a69d001eaa28b4c38cb0f3c921909d,CORE CFIHOS V2.0 CSV/CFIHOS CORE CFIHOS object equivalent mapping v2.0.csv,1790,source_reference_record,source_reference_record_unreviewed
CFIHOS-40000527,ISO 15926 part4,6597,real,True,sha256:a69b98012d9e4a46495a3aed48eef8ce75a69d001eaa28b4c38cb0f3c921909d,CORE CFIHOS V2.0 CSV/CFIHOS CORE CFIHOS object equivalent mapping v2.0.csv,1791,source_reference_record,source_reference_record_unreviewed
CFIHOS-40000528,STEPLIB,550301,real,True,sha256:a69b98012d9e4a46495a3aed48eef8ce75a69d001eaa28b4c38cb0f3c921909d,CORE CFIHOS V2.0 CSV/CFIHOS CORE CFIHOS object equivalent mapping v2.0.csv,1792,source_reference_record,source_reference_record_unreviewed
CFIHOS-40000528,ISO 15926 part4,6600,real,True,sha256:a69b98012d9e4a46495a3aed48eef8ce75a69d001eaa28b4c38cb0f3c921909d,CORE CFIHOS V2.0 CSV/CFIHOS CORE CFIHOS object equivalent mapping v2.0.csv,1793,source_reference_record,source_reference_record_unreviewed
CFIHOS-40000529,ISO 15926 part4,6605,real,True,sha256:a69b98012d9e4a46495a3aed48eef8ce75a69d001eaa28b4c38cb0f3c921909d,CORE CFIHOS V2.0 CSV/CFIHOS CORE CFIHOS object equivalent mapping v2.0.csv,1794,source_reference_record,source_reference_record_unreviewed
CFIHOS-40000530,STEPLIB,550254,real,True,sha256:a69b98012d9e4a46495a3aed48eef8ce75a69d001eaa28b4c38cb0f3c921909d,CORE CFIHOS V2.0 CSV/CFIHOS CORE CFIHOS object equivalent mapping v2.0.csv,1795,source_reference_record,source_reference_record_unreviewed
CFIHOS-40000530,ISO 15926 part4,6700,real,True,sha256:a69b98012d9e4a46495a3aed48eef8ce75a69d001eaa28b4c38cb0f3c921909d,CORE CFIHOS V2.0 CSV/CFIHOS CORE CFIHOS object equivalent mapping v2.0.csv,1796,source_reference_record,source_reference_record_unreviewed
CFIHOS-40000531,STEPLIB,550707,real,True,sha256:a69b98012d9e4a46495a3aed48eef8ce75a69d001eaa28b4c38cb0f3c921909d,CORE CFIHOS V2.0 CSV/CFIHOS CORE CFIHOS object equivalent mapping v2.0.csv,1797,source_reference_record,source_reference_record_unreviewed
CFIHOS-40000531,ISO 15926 part4,6816,real,True,sha256:a69b98012d9e4a46495a3aed48eef8ce75a69d001eaa28b4c38cb0f3c921909d,CORE CFIHOS V2.0 CSV/CFIHOS CORE CFIHOS object equivalent mapping v2.0.csv,1798,source_reference_record,source_reference_record_unreviewed
CFIHOS-40000532,STEPLIB,550726,real,True,sha256:a69b98012d9e4a46495a3aed48eef8ce75a69d001eaa28b4c38cb0f3c921909d,CORE CFIHOS V2.0 CSV/CFIHOS CORE CFIHOS object equivalent mapping v2.0.csv,1799,source_reference_record,source_reference_record_unreviewed
CFIHOS-40000532,ISO 15926 part4,6887,real,True,sha256:a69b98012d9e4a46495a3aed48eef8ce75a69d001eaa28b4c38cb0f3c921909d,CORE CFIHOS V2.0 CSV/CFIHOS CORE CFIHOS object equivalent mapping v2.0.csv,1800,source_reference_record,source_reference_record_unreviewed
CFIHOS-40000533,ISO 15926 part4,6944,real,True,sha256:a69b98012d9e4a46495a3aed48eef8ce75a69d001eaa28b4c38cb0f3c921909d,CORE CFIHOS V2.0 CSV/CFIHOS CORE CFIHOS object equivalent mapping v2.0.csv,1801,source_reference_record,source_reference_record_unreviewed
CFIHOS-40000534,ISO 15926 part4,6962,real,True,sha256:a69b98012d9e4a46495a3aed48eef8ce75a69d001eaa28b4c38cb0f3c921909d,CORE CFIHOS V2.0 CSV/CFIHOS CORE CFIHOS object equivalent mapping v2.0.csv,1802,source_reference_record,source_reference_record_unreviewed
CFIHOS-40000535,STEPLIB,550163,real,True,sha256:a69b98012d9e4a46495a3aed48eef8ce75a69d001eaa28b4c38cb0f3c921909d,CORE CFIHOS V2.0 CSV/CFIHOS CORE CFIHOS object equivalent mapping v2.0.csv,1803,source_reference_record,source_reference_record_unreviewed
CFIHOS-40000535,ISO 15926 part4,7004,real,True,sha256:a69b98012d9e4a46495a3aed48eef8ce75a69d001eaa28b4c38cb0f3c921909d,CORE CFIHOS V2.0 CSV/CFIHOS CORE CFIHOS object equivalent mapping v2.0.csv,1804,source_reference_record,source_reference_record_unreviewed
CFIHOS-40000536,STEPLIB,551241,real,True,sha256:a69b98012d9e4a46495a3aed48eef8ce75a69d001eaa28b4c38cb0f3c921909d,CORE CFIHOS V2.0 CSV/CFIHOS CORE CFIHOS object equivalent mapping v2.0.csv,1805,source_reference_record,source_reference_record_unreviewed
CFIHOS-40000536,ISO 15926 part4,7005,real,True,sha256:a69b98012d9e4a46495a3aed48eef8ce75a69d001eaa28b4c38cb0f3c921909d,CORE CFIHOS V2.0 CSV/CFIHOS CORE CFIHOS object equivalent mapping v2.0.csv,1806,source_reference_record,source_reference_record_unreviewed
CFIHOS-40000537,STEPLIB,550164,real,True,sha256:a69b98012d9e4a46495a3aed48eef8ce75a69d001eaa28b4c38cb0f3c921909d,CORE CFIHOS V2.0 CSV/CFIHOS CORE CFIHOS object equivalent mapping v2.0.csv,1807,source_reference_record,source_reference_record_unreviewed
CFIHOS-40000537,ISO 15926 part4,7033,real,True,sha256:a69b98012d9e4a46495a3aed48eef8ce75a69d001eaa28b4c38cb0f3c921909d,CORE CFIHOS V2.0 CSV/CFIHOS CORE CFIHOS object equivalent mapping v2.0.csv,1808,source_reference_record,source_reference_record_unreviewed
CFIHOS-40000538,STEPLIB,550388,real,True,sha256:a69b98012d9e4a46495a3aed48eef8ce75a69d001eaa28b4c38cb0f3c921909d,CORE CFIHOS V2.0 CSV/CFIHOS CORE CFIHOS object equivalent mapping v2.0.csv,1809,source_reference_record,source_reference_record_unreviewed
CFIHOS-40000538,ISO 15926 part4,7034,real,True,sha256:a69b98012d9e4a46495a3aed48eef8ce75a69d001eaa28b4c38cb0f3c921909d,CORE CFIHOS V2.0 CSV/CFIHOS CORE CFIHOS object equivalent mapping v2.0.csv,1810,source_reference_record,source_reference_record_unreviewed
CFIHOS-40000539,ISO 15926 part4,7104,real,True,sha256:a69b98012d9e4a46495a3aed48eef8ce75a69d001eaa28b4c38cb0f3c921909d,CORE CFIHOS V2.0 CSV/CFIHOS CORE CFIHOS object equivalent mapping v2.0.csv,1811,source_reference_record,source_reference_record_unreviewed
CFIHOS-40000540,STEPLIB,550303,real,True,sha256:a69b98012d9e4a46495a3aed48eef8ce75a69d001eaa28b4c38cb0f3c921909d,CORE CFIHOS V2.0 CSV/CFIHOS CORE CFIHOS object equivalent mapping v2.0.csv,1812,source_reference_record,source_reference_record_unreviewed
CFIHOS-40000540,ISO 15926 part4,7141,real,True,sha256:a69b98012d9e4a46495a3aed48eef8ce75a69d001eaa28b4c38cb0f3c921909d,CORE CFIHOS V2.0 CSV/CFIHOS CORE CFIHOS object equivalent mapping v2.0.csv,1813,source_reference_record,source_reference_record_unreviewed
CFIHOS-40000541,STEPLIB,550464,real,True,sha256:a69b98012d9e4a46495a3aed48eef8ce75a69d001eaa28b4c38cb0f3c921909d,CORE CFIHOS V2.0 CSV/CFIHOS CORE CFIHOS object equivalent mapping v2.0.csv,1814,source_reference_record,source_reference_record_unreviewed
CFIHOS-40000541,ISO 15926 part4,7162,real,True,sha256:a69b98012d9e4a46495a3aed48eef8ce75a69d001eaa28b4c38cb0f3c921909d,CORE CFIHOS V2.0 CSV/CFIHOS CORE CFIHOS object equivalent mapping v2.0.csv,1815,source_reference_record,source_reference_record_unreviewed
CFIHOS-40000542,STEPLIB,400039,real,True,sha256:a69b98012d9e4a46495a3aed48eef8ce75a69d001eaa28b4c38cb0f3c921909d,CORE CFIHOS V2.0 CSV/CFIHOS CORE CFIHOS object equivalent mapping v2.0.csv,1816,source_reference_record,source_reference_record_unreviewed
CFIHOS-40000542,ISO 15926 part4,7247,real,True,sha256:a69b98012d9e4a46495a3aed48eef8ce75a69d001eaa28b4c38cb0f3c921909d,CORE CFIHOS V2.0 CSV/CFIHOS CORE CFIHOS object equivalent mapping v2.0.csv,1817,source_reference_record,source_reference_record_unreviewed
CFIHOS-40000543,STEPLIB,193002,real,True,sha256:a69b98012d9e4a46495a3aed48eef8ce75a69d001eaa28b4c38cb0f3c921909d,CORE CFIHOS V2.0 CSV/CFIHOS CORE CFIHOS object equivalent mapping v2.0.csv,1818,source_reference_record,source_reference_record_unreviewed
CFIHOS-40000543,ISO 15926 part4,955,real,True,sha256:a69b98012d9e4a46495a3aed48eef8ce75a69d001eaa28b4c38cb0f3c921909d,CORE CFIHOS V2.0 CSV/CFIHOS CORE CFIHOS object equivalent mapping v2.0.csv,1819,source_reference_record,source_reference_record_unreviewed
CFIHOS-40000581,ISO 15926 part4,6699,real,True,sha256:a69b98012d9e4a46495a3aed48eef8ce75a69d001eaa28b4c38cb0f3c921909d,CORE CFIHOS V2.0 CSV/CFIHOS CORE CFIHOS object equivalent mapping v2.0.csv,1820,source_reference_record,source_reference_record_unreviewed
CFIHOS-40000589,ISO 15926 part4,10595,real,True,sha256:a69b98012d9e4a46495a3aed48eef8ce75a69d001eaa28b4c38cb0f3c921909d,CORE CFIHOS V2.0 CSV/CFIHOS CORE CFIHOS object equivalent mapping v2.0.csv,1821,source_reference_record,source_reference_record_unreviewed
CFIHOS-40000589,POSC CAESAR,RDS720359,real,True,sha256:a69b98012d9e4a46495a3aed48eef8ce75a69d001eaa28b4c38cb0f3c921909d,CORE CFIHOS V2.0 CSV/CFIHOS CORE CFIHOS object equivalent mapping v2.0.csv,1822,source_reference_record,source_reference_record_unreviewed
CFIHOS-40000615,ISO 15926 part4,4023,real,True,sha256:a69b98012d9e4a46495a3aed48eef8ce75a69d001eaa28b4c38cb0f3c921909d,CORE CFIHOS V2.0 CSV/CFIHOS CORE CFIHOS object equivalent mapping v2.0.csv,1823,source_reference_record,source_reference_record_unreviewed
CFIHOS-40000625,ISO 15926 part4,102,real,True,sha256:a69b98012d9e4a46495a3aed48eef8ce75a69d001eaa28b4c38cb0f3c921909d,CORE CFIHOS V2.0 CSV/CFIHOS CORE CFIHOS object equivalent mapping v2.0.csv,1824,source_reference_record,source_reference_record_unreviewed
CFIHOS-60000001,POSC CAESAR,RDS1317959,real,True,sha256:a69b98012d9e4a46495a3aed48eef8ce75a69d001eaa28b4c38cb0f3c921909d,CORE CFIHOS V2.0 CSV/CFIHOS CORE CFIHOS object equivalent mapping v2.0.csv,1825,source_reference_record,source_reference_record_unreviewed
CFIHOS-60000006,POSC CAESAR,RDS1400191931,real,True,sha256:a69b98012d9e4a46495a3aed48eef8ce75a69d001eaa28b4c38cb0f3c921909d,CORE CFIHOS V2.0 CSV/CFIHOS CORE CFIHOS object equivalent mapping v2.0.csv,1826,source_reference_record,source_reference_record_unreviewed
CFIHOS-60000009,POSC CAESAR,RDS2228554,real,True,sha256:a69b98012d9e4a46495a3aed48eef8ce75a69d001eaa28b4c38cb0f3c921909d,CORE CFIHOS V2.0 CSV/CFIHOS CORE CFIHOS object equivalent mapping v2.0.csv,1827,source_reference_record,source_reference_record_unreviewed
CFIHOS-60000011,POSC CAESAR,RDS2228540,real,True,sha256:a69b98012d9e4a46495a3aed48eef8ce75a69d001eaa28b4c38cb0f3c921909d,CORE CFIHOS V2.0 CSV/CFIHOS CORE CFIHOS object equivalent mapping v2.0.csv,1828,source_reference_record,source_reference_record_unreviewed
CFIHOS-60000014,POSC CAESAR,RDS462959,real,True,sha256:a69b98012d9e4a46495a3aed48eef8ce75a69d001eaa28b4c38cb0f3c921909d,CORE CFIHOS V2.0 CSV/CFIHOS CORE CFIHOS object equivalent mapping v2.0.csv,1829,source_reference_record,source_reference_record_unreviewed
CFIHOS-60000015,POSC CAESAR,RDS463184,real,True,sha256:a69b98012d9e4a46495a3aed48eef8ce75a69d001eaa28b4c38cb0f3c921909d,CORE CFIHOS V2.0 CSV/CFIHOS CORE CFIHOS object equivalent mapping v2.0.csv,1830,source_reference_record,source_reference_record_unreviewed
CFIHOS-60000016,POSC CAESAR,RDS2228555,real,True,sha256:a69b98012d9e4a46495a3aed48eef8ce75a69d001eaa28b4c38cb0f3c921909d,CORE CFIHOS V2.0 CSV/CFIHOS CORE CFIHOS object equivalent mapping v2.0.csv,1831,source_reference_record,source_reference_record_unreviewed
CFIHOS-60000021,POSC CAESAR,RDS1400195941,real,True,sha256:a69b98012d9e4a46495a3aed48eef8ce75a69d001eaa28b4c38cb0f3c921909d,CORE CFIHOS V2.0 CSV/CFIHOS CORE CFIHOS object equivalent mapping v2.0.csv,1832,source_reference_record,source_reference_record_unreviewed
CFIHOS-60000027,POSC CAESAR,RDS463229,real,True,sha256:a69b98012d9e4a46495a3aed48eef8ce75a69d001eaa28b4c38cb0f3c921909d,CORE CFIHOS V2.0 CSV/CFIHOS CORE CFIHOS object equivalent mapping v2.0.csv,1833,source_reference_record,source_reference_record_unreviewed
CFIHOS-60000034,POSC CAESAR,RDS1400198301,real,True,sha256:a69b98012d9e4a46495a3aed48eef8ce75a69d001eaa28b4c38cb0f3c921909d,CORE CFIHOS V2.0 CSV/CFIHOS CORE CFIHOS object equivalent mapping v2.0.csv,1834,source_reference_record,source_reference_record_unreviewed
CFIHOS-60000038,POSC CAESAR,RDS463004,real,True,sha256:a69b98012d9e4a46495a3aed48eef8ce75a69d001eaa28b4c38cb0f3c921909d,CORE CFIHOS V2.0 CSV/CFIHOS CORE CFIHOS object equivalent mapping v2.0.csv,1835,source_reference_record,source_reference_record_unreviewed
CFIHOS-60000039,POSC CAESAR,RDS2228552,real,True,sha256:a69b98012d9e4a46495a3aed48eef8ce75a69d001eaa28b4c38cb0f3c921909d,CORE CFIHOS V2.0 CSV/CFIHOS CORE CFIHOS object equivalent mapping v2.0.csv,1836,source_reference_record,source_reference_record_unreviewed
CFIHOS-60000050,POSC CAESAR,RDS2221635,real,True,sha256:a69b98012d9e4a46495a3aed48eef8ce75a69d001eaa28b4c38cb0f3c921909d,CORE CFIHOS V2.0 CSV/CFIHOS CORE CFIHOS object equivalent mapping v2.0.csv,1837,source_reference_record,source_reference_record_unreviewed
CFIHOS-60000064,POSC CAESAR,RDS463094,real,True,sha256:a69b98012d9e4a46495a3aed48eef8ce75a69d001eaa28b4c38cb0f3c921909d,CORE CFIHOS V2.0 CSV/CFIHOS CORE CFIHOS object equivalent mapping v2.0.csv,1838,source_reference_record,source_reference_record_unreviewed
CFIHOS-60000069,POSC CAESAR,RDS222378,real,True,sha256:a69b98012d9e4a46495a3aed48eef8ce75a69d001eaa28b4c38cb0f3c921909d,CORE CFIHOS V2.0 CSV/CFIHOS CORE CFIHOS object equivalent mapping v2.0.csv,1839,source_reference_record,source_reference_record_unreviewed
CFIHOS-60000078,POSC CAESAR,RDS2228553,real,True,sha256:a69b98012d9e4a46495a3aed48eef8ce75a69d001eaa28b4c38cb0f3c921909d,CORE CFIHOS V2.0 CSV/CFIHOS CORE CFIHOS object equivalent mapping v2.0.csv,1840,source_reference_record,source_reference_record_unreviewed
CFIHOS-60000080,POSC CAESAR,RDS463049,real,True,sha256:a69b98012d9e4a46495a3aed48eef8ce75a69d001eaa28b4c38cb0f3c921909d,CORE CFIHOS V2.0 CSV/CFIHOS CORE CFIHOS object equivalent mapping v2.0.csv,1841,source_reference_record,source_reference_record_unreviewed
CFIHOS-60000085,POSC CAESAR,RDS463139,real,True,sha256:a69b98012d9e4a46495a3aed48eef8ce75a69d001eaa28b4c38cb0f3c921909d,CORE CFIHOS V2.0 CSV/CFIHOS CORE CFIHOS object equivalent mapping v2.0.csv,1842,source_reference_record,source_reference_record_unreviewed
CFIHOS-60000090,POSC CAESAR,RDS2228401,real,True,sha256:a69b98012d9e4a46495a3aed48eef8ce75a69d001eaa28b4c38cb0f3c921909d,CORE CFIHOS V2.0 CSV/CFIHOS CORE CFIHOS object equivalent mapping v2.0.csv,1843,source_reference_record,source_reference_record_unreviewed
CFIHOS-60000101,POSC CAESAR,RDS2220092,real,True,sha256:a69b98012d9e4a46495a3aed48eef8ce75a69d001eaa28b4c38cb0f3c921909d,CORE CFIHOS V2.0 CSV/CFIHOS CORE CFIHOS object equivalent mapping v2.0.csv,1844,source_reference_record,source_reference_record_unreviewed
CFIHOS-60000103,POSC CAESAR,RDS12837250,real,True,sha256:a69b98012d9e4a46495a3aed48eef8ce75a69d001eaa28b4c38cb0f3c921909d,CORE CFIHOS V2.0 CSV/CFIHOS CORE CFIHOS object equivalent mapping v2.0.csv,1845,source_reference_record,source_reference_record_unreviewed
CFIHOS-60000124,POSC CAESAR,RDS423764,real,True,sha256:a69b98012d9e4a46495a3aed48eef8ce75a69d001eaa28b4c38cb0f3c921909d,CORE CFIHOS V2.0 CSV/CFIHOS CORE CFIHOS object equivalent mapping v2.0.csv,1846,source_reference_record,source_reference_record_unreviewed
CFIHOS-60000125,POSC CAESAR,RDS2226082,real,True,sha256:a69b98012d9e4a46495a3aed48eef8ce75a69d001eaa28b4c38cb0f3c921909d,CORE CFIHOS V2.0 CSV/CFIHOS CORE CFIHOS object equivalent mapping v2.0.csv,1847,source_reference_record,source_reference_record_unreviewed
CFIHOS-60000126,POSC CAESAR,RDS423764,real,True,sha256:a69b98012d9e4a46495a3aed48eef8ce75a69d001eaa28b4c38cb0f3c921909d,CORE CFIHOS V2.0 CSV/CFIHOS CORE CFIHOS object equivalent mapping v2.0.csv,1848,source_reference_record,source_reference_record_unreviewed
CFIHOS-60000127,POSC CAESAR,RDS2226082,real,True,sha256:a69b98012d9e4a46495a3aed48eef8ce75a69d001eaa28b4c38cb0f3c921909d,CORE CFIHOS V2.0 CSV/CFIHOS CORE CFIHOS object equivalent mapping v2.0.csv,1849,source_reference_record,source_reference_record_unreviewed
CFIHOS-60000170,POSC CAESAR,RDS12836665,real,True,sha256:a69b98012d9e4a46495a3aed48eef8ce75a69d001eaa28b4c38cb0f3c921909d,CORE CFIHOS V2.0 CSV/CFIHOS CORE CFIHOS object equivalent mapping v2.0.csv,1850,source_reference_record,source_reference_record_unreviewed
CFIHOS-60000183,POSC CAESAR,RDS12836710,real,True,sha256:a69b98012d9e4a46495a3aed48eef8ce75a69d001eaa28b4c38cb0f3c921909d,CORE CFIHOS V2.0 CSV/CFIHOS CORE CFIHOS object equivalent mapping v2.0.csv,1851,source_reference_record,source_reference_record_unreviewed
CFIHOS-60000196,POSC CAESAR,RDS2226087,real,True,sha256:a69b98012d9e4a46495a3aed48eef8ce75a69d001eaa28b4c38cb0f3c921909d,CORE CFIHOS V2.0 CSV/CFIHOS CORE CFIHOS object equivalent mapping v2.0.csv,1852,source_reference_record,source_reference_record_unreviewed
CFIHOS-60000197,POSC CAESAR,RDS628379,real,True,sha256:a69b98012d9e4a46495a3aed48eef8ce75a69d001eaa28b4c38cb0f3c921909d,CORE CFIHOS V2.0 CSV/CFIHOS CORE CFIHOS object equivalent mapping v2.0.csv,1853,source_reference_record,source_reference_record_unreviewed
CFIHOS-60000200,POSC CAESAR,RDS423809,real,True,sha256:a69b98012d9e4a46495a3aed48eef8ce75a69d001eaa28b4c38cb0f3c921909d,CORE CFIHOS V2.0 CSV/CFIHOS CORE CFIHOS object equivalent mapping v2.0.csv,1854,source_reference_record,source_reference_record_unreviewed
CFIHOS-60000201,POSC CAESAR,RDS2228496,real,True,sha256:a69b98012d9e4a46495a3aed48eef8ce75a69d001eaa28b4c38cb0f3c921909d,CORE CFIHOS V2.0 CSV/CFIHOS CORE CFIHOS object equivalent mapping v2.0.csv,1855,source_reference_record,source_reference_record_unreviewed
CFIHOS-60000204,POSC CAESAR,RDS7151497,real,True,sha256:a69b98012d9e4a46495a3aed48eef8ce75a69d001eaa28b4c38cb0f3c921909d,CORE CFIHOS V2.0 CSV/CFIHOS CORE CFIHOS object equivalent mapping v2.0.csv,1856,source_reference_record,source_reference_record_unreviewed
CFIHOS-60000207,POSC CAESAR,RDS2228651,real,True,sha256:a69b98012d9e4a46495a3aed48eef8ce75a69d001eaa28b4c38cb0f3c921909d,CORE CFIHOS V2.0 CSV/CFIHOS CORE CFIHOS object equivalent mapping v2.0.csv,1857,source_reference_record,source_reference_record_unreviewed
CFIHOS-60000209,POSC CAESAR,RDS460664,real,True,sha256:a69b98012d9e4a46495a3aed48eef8ce75a69d001eaa28b4c38cb0f3c921909d,CORE CFIHOS V2.0 CSV/CFIHOS CORE CFIHOS object equivalent mapping v2.0.csv,1858,source_reference_record,source_reference_record_unreviewed
CFIHOS-60000212,POSC CAESAR,RDS2228497,real,True,sha256:a69b98012d9e4a46495a3aed48eef8ce75a69d001eaa28b4c38cb0f3c921909d,CORE CFIHOS V2.0 CSV/CFIHOS CORE CFIHOS object equivalent mapping v2.0.csv,1859,source_reference_record,source_reference_record_unreviewed
CFIHOS-60000213,POSC CAESAR,RDS2228402,real,True,sha256:a69b98012d9e4a46495a3aed48eef8ce75a69d001eaa28b4c38cb0f3c921909d,CORE CFIHOS V2.0 CSV/CFIHOS CORE CFIHOS object equivalent mapping v2.0.csv,1860,source_reference_record,source_reference_record_unreviewed
CFIHOS-60000215,POSC CAESAR,RDS416654,real,True,sha256:a69b98012d9e4a46495a3aed48eef8ce75a69d001eaa28b4c38cb0f3c921909d,CORE CFIHOS V2.0 CSV/CFIHOS CORE CFIHOS object equivalent mapping v2.0.csv,1861,source_reference_record,source_reference_record_unreviewed
CFIHOS-60000227,POSC CAESAR,RDS2228501,real,True,sha256:a69b98012d9e4a46495a3aed48eef8ce75a69d001eaa28b4c38cb0f3c921909d,CORE CFIHOS V2.0 CSV/CFIHOS CORE CFIHOS object equivalent mapping v2.0.csv,1862,source_reference_record,source_reference_record_unreviewed
CFIHOS-60000228,POSC CAESAR,RDS11019275,real,True,sha256:a69b98012d9e4a46495a3aed48eef8ce75a69d001eaa28b4c38cb0f3c921909d,CORE CFIHOS V2.0 CSV/CFIHOS CORE CFIHOS object equivalent mapping v2.0.csv,1863,source_reference_record,source_reference_record_unreviewed
CFIHOS-60000231,POSC CAESAR,RDS423899,real,True,sha256:a69b98012d9e4a46495a3aed48eef8ce75a69d001eaa28b4c38cb0f3c921909d,CORE CFIHOS V2.0 CSV/CFIHOS CORE CFIHOS object equivalent mapping v2.0.csv,1864,source_reference_record,source_reference_record_unreviewed
CFIHOS-60000235,POSC CAESAR,RDS2228610,real,True,sha256:a69b98012d9e4a46495a3aed48eef8ce75a69d001eaa28b4c38cb0f3c921909d,CORE CFIHOS V2.0 CSV/CFIHOS CORE CFIHOS object equivalent mapping v2.0.csv,1865,source_reference_record,source_reference_record_unreviewed
CFIHOS-60000242,POSC CAESAR,RDS43166360112,real,True,sha256:a69b98012d9e4a46495a3aed48eef8ce75a69d001eaa28b4c38cb0f3c921909d,CORE CFIHOS V2.0 CSV/CFIHOS CORE CFIHOS object equivalent mapping v2.0.csv,1866,source_reference_record,source_reference_record_unreviewed
CFIHOS-60000244,POSC CAESAR,RDS13035420,real,True,sha256:a69b98012d9e4a46495a3aed48eef8ce75a69d001eaa28b4c38cb0f3c921909d,CORE CFIHOS V2.0 CSV/CFIHOS CORE CFIHOS object equivalent mapping v2.0.csv,1867,source_reference_record,source_reference_record_unreviewed
CFIHOS-60000245,POSC CAESAR,RDS2225360,real,True,sha256:a69b98012d9e4a46495a3aed48eef8ce75a69d001eaa28b4c38cb0f3c921909d,CORE CFIHOS V2.0 CSV/CFIHOS CORE CFIHOS object equivalent mapping v2.0.csv,1868,source_reference_record,source_reference_record_unreviewed
CFIHOS-60000246,POSC CAESAR,RDS2228502,real,True,sha256:a69b98012d9e4a46495a3aed48eef8ce75a69d001eaa28b4c38cb0f3c921909d,CORE CFIHOS V2.0 CSV/CFIHOS CORE CFIHOS object equivalent mapping v2.0.csv,1869,source_reference_record,source_reference_record_unreviewed
CFIHOS-60000249,POSC CAESAR,RDS2229937,real,True,sha256:a69b98012d9e4a46495a3aed48eef8ce75a69d001eaa28b4c38cb0f3c921909d,CORE CFIHOS V2.0 CSV/CFIHOS CORE CFIHOS object equivalent mapping v2.0.csv,1870,source_reference_record,source_reference_record_unreviewed
CFIHOS-60000259,POSC CAESAR,RDS2228611,real,True,sha256:a69b98012d9e4a46495a3aed48eef8ce75a69d001eaa28b4c38cb0f3c921909d,CORE CFIHOS V2.0 CSV/CFIHOS CORE CFIHOS object equivalent mapping v2.0.csv,1871,source_reference_record,source_reference_record_unreviewed
CFIHOS-60000260,POSC CAESAR,RDS2228652,real,True,sha256:a69b98012d9e4a46495a3aed48eef8ce75a69d001eaa28b4c38cb0f3c921909d,CORE CFIHOS V2.0 CSV/CFIHOS CORE CFIHOS object equivalent mapping v2.0.csv,1872,source_reference_record,source_reference_record_unreviewed
CFIHOS-60000265,POSC CAESAR,RDS422729,real,True,sha256:a69b98012d9e4a46495a3aed48eef8ce75a69d001eaa28b4c38cb0f3c921909d,CORE CFIHOS V2.0 CSV/CFIHOS CORE CFIHOS object equivalent mapping v2.0.csv,1873,source_reference_record,source_reference_record_unreviewed
CFIHOS-60000266,POSC CAESAR,RDS422729,real,True,sha256:a69b98012d9e4a46495a3aed48eef8ce75a69d001eaa28b4c38cb0f3c921909d,CORE CFIHOS V2.0 CSV/CFIHOS CORE CFIHOS object equivalent mapping v2.0.csv,1874,source_reference_record,source_reference_record_unreviewed
CFIHOS-60000271,POSC CAESAR,RDS628334,real,True,sha256:a69b98012d9e4a46495a3aed48eef8ce75a69d001eaa28b4c38cb0f3c921909d,CORE CFIHOS V2.0 CSV/CFIHOS CORE CFIHOS object equivalent mapping v2.0.csv,1875,source_reference_record,source_reference_record_unreviewed
CFIHOS-60000274,POSC CAESAR,RDS2227741,real,True,sha256:a69b98012d9e4a46495a3aed48eef8ce75a69d001eaa28b4c38cb0f3c921909d,CORE CFIHOS V2.0 CSV/CFIHOS CORE CFIHOS object equivalent mapping v2.0.csv,1876,source_reference_record,source_reference_record_unreviewed
CFIHOS-60000275,POSC CAESAR,RDS2227742,real,True,sha256:a69b98012d9e4a46495a3aed48eef8ce75a69d001eaa28b4c38cb0f3c921909d,CORE CFIHOS V2.0 CSV/CFIHOS CORE CFIHOS object equivalent mapping v2.0.csv,1877,source_reference_record,source_reference_record_unreviewed
CFIHOS-60000276,POSC CAESAR,RDS2227743,real,True,sha256:a69b98012d9e4a46495a3aed48eef8ce75a69d001eaa28b4c38cb0f3c921909d,CORE CFIHOS V2.0 CSV/CFIHOS CORE CFIHOS object equivalent mapping v2.0.csv,1878,source_reference_record,source_reference_record_unreviewed
CFIHOS-60000279,POSC CAESAR,RDS2228943,real,True,sha256:a69b98012d9e4a46495a3aed48eef8ce75a69d001eaa28b4c38cb0f3c921909d,CORE CFIHOS V2.0 CSV/CFIHOS CORE CFIHOS object equivalent mapping v2.0.csv,1879,source_reference_record,source_reference_record_unreviewed
CFIHOS-60000281,POSC CAESAR,RDS2228653,real,True,sha256:a69b98012d9e4a46495a3aed48eef8ce75a69d001eaa28b4c38cb0f3c921909d,CORE CFIHOS V2.0 CSV/CFIHOS CORE CFIHOS object equivalent mapping v2.0.csv,1880,source_reference_record,source_reference_record_unreviewed
CFIHOS-60000283,POSC CAESAR,RDS2228503,real,True,sha256:a69b98012d9e4a46495a3aed48eef8ce75a69d001eaa28b4c38cb0f3c921909d,CORE CFIHOS V2.0 CSV/CFIHOS CORE CFIHOS object equivalent mapping v2.0.csv,1881,source_reference_record,source_reference_record_unreviewed
CFIHOS-60000298,POSC CAESAR,RDS296729,real,True,sha256:a69b98012d9e4a46495a3aed48eef8ce75a69d001eaa28b4c38cb0f3c921909d,CORE CFIHOS V2.0 CSV/CFIHOS CORE CFIHOS object equivalent mapping v2.0.csv,1882,source_reference_record,source_reference_record_unreviewed
CFIHOS-60000314,POSC CAESAR,RDS2226088,real,True,sha256:a69b98012d9e4a46495a3aed48eef8ce75a69d001eaa28b4c38cb0f3c921909d,CORE CFIHOS V2.0 CSV/CFIHOS CORE CFIHOS object equivalent mapping v2.0.csv,1883,source_reference_record,source_reference_record_unreviewed
CFIHOS-60000318,POSC CAESAR,RDS7199620,real,True,sha256:a69b98012d9e4a46495a3aed48eef8ce75a69d001eaa28b4c38cb0f3c921909d,CORE CFIHOS V2.0 CSV/CFIHOS CORE CFIHOS object equivalent mapping v2.0.csv,1884,source_reference_record,source_reference_record_unreviewed
CFIHOS-60000320,POSC CAESAR,RDS11529088,real,True,sha256:a69b98012d9e4a46495a3aed48eef8ce75a69d001eaa28b4c38cb0f3c921909d,CORE CFIHOS V2.0 CSV/CFIHOS CORE CFIHOS object equivalent mapping v2.0.csv,1885,source_reference_record,source_reference_record_unreviewed
CFIHOS-60000321,POSC CAESAR,RDS2228951,real,True,sha256:a69b98012d9e4a46495a3aed48eef8ce75a69d001eaa28b4c38cb0f3c921909d,CORE CFIHOS V2.0 CSV/CFIHOS CORE CFIHOS object equivalent mapping v2.0.csv,1886,source_reference_record,source_reference_record_unreviewed
CFIHOS-60000322,POSC CAESAR,RDS8642343,real,True,sha256:a69b98012d9e4a46495a3aed48eef8ce75a69d001eaa28b4c38cb0f3c921909d,CORE CFIHOS V2.0 CSV/CFIHOS CORE CFIHOS object equivalent mapping v2.0.csv,1887,source_reference_record,source_reference_record_unreviewed
CFIHOS-60000325,POSC CAESAR,RDS2223565,real,True,sha256:a69b98012d9e4a46495a3aed48eef8ce75a69d001eaa28b4c38cb0f3c921909d,CORE CFIHOS V2.0 CSV/CFIHOS CORE CFIHOS object equivalent mapping v2.0.csv,1888,source_reference_record,source_reference_record_unreviewed
CFIHOS-60000329,POSC CAESAR,RDS628424,real,True,sha256:a69b98012d9e4a46495a3aed48eef8ce75a69d001eaa28b4c38cb0f3c921909d,CORE CFIHOS V2.0 CSV/CFIHOS CORE CFIHOS object equivalent mapping v2.0.csv,1889,source_reference_record,source_reference_record_unreviewed
CFIHOS-60000331,POSC CAESAR,RDS2226089,real,True,sha256:a69b98012d9e4a46495a3aed48eef8ce75a69d001eaa28b4c38cb0f3c921909d,CORE CFIHOS V2.0 CSV/CFIHOS CORE CFIHOS object equivalent mapping v2.0.csv,1890,source_reference_record,source_reference_record_unreviewed
CFIHOS-60000334,POSC CAESAR,RDS2228612,real,True,sha256:a69b98012d9e4a46495a3aed48eef8ce75a69d001eaa28b4c38cb0f3c921909d,CORE CFIHOS V2.0 CSV/CFIHOS CORE CFIHOS object equivalent mapping v2.0.csv,1891,source_reference_record,source_reference_record_unreviewed
CFIHOS-60000335,POSC CAESAR,RDS2228504,real,True,sha256:a69b98012d9e4a46495a3aed48eef8ce75a69d001eaa28b4c38cb0f3c921909d,CORE CFIHOS V2.0 CSV/CFIHOS CORE CFIHOS object equivalent mapping v2.0.csv,1892,source_reference_record,source_reference_record_unreviewed
CFIHOS-60000357,POSC CAESAR,RDS13700634,real,True,sha256:a69b98012d9e4a46495a3aed48eef8ce75a69d001eaa28b4c38cb0f3c921909d,CORE CFIHOS V2.0 CSV/CFIHOS CORE CFIHOS object equivalent mapping v2.0.csv,1893,source_reference_record,source_reference_record_unreviewed
CFIHOS-60000358,POSC CAESAR,RDS2225390,real,True,sha256:a69b98012d9e4a46495a3aed48eef8ce75a69d001eaa28b4c38cb0f3c921909d,CORE CFIHOS V2.0 CSV/CFIHOS CORE CFIHOS object equivalent mapping v2.0.csv,1894,source_reference_record,source_reference_record_unreviewed
CFIHOS-60000360,POSC CAESAR,RDS2226066,real,True,sha256:a69b98012d9e4a46495a3aed48eef8ce75a69d001eaa28b4c38cb0f3c921909d,CORE CFIHOS V2.0 CSV/CFIHOS CORE CFIHOS object equivalent mapping v2.0.csv,1895,source_reference_record,source_reference_record_unreviewed
CFIHOS-60000363,POSC CAESAR,RDS2225361,real,True,sha256:a69b98012d9e4a46495a3aed48eef8ce75a69d001eaa28b4c38cb0f3c921909d,CORE CFIHOS V2.0 CSV/CFIHOS CORE CFIHOS object equivalent mapping v2.0.csv,1896,source_reference_record,source_reference_record_unreviewed
CFIHOS-60000365,POSC CAESAR,RDS13029800,real,True,sha256:a69b98012d9e4a46495a3aed48eef8ce75a69d001eaa28b4c38cb0f3c921909d,CORE CFIHOS V2.0 CSV/CFIHOS CORE CFIHOS object equivalent mapping v2.0.csv,1897,source_reference_record,source_reference_record_unreviewed
CFIHOS-60000366,POSC CAESAR,RDS424799,real,True,sha256:a69b98012d9e4a46495a3aed48eef8ce75a69d001eaa28b4c38cb0f3c921909d,CORE CFIHOS V2.0 CSV/CFIHOS CORE CFIHOS object equivalent mapping v2.0.csv,1898,source_reference_record,source_reference_record_unreviewed
CFIHOS-60000368,POSC CAESAR,RDS2228505,real,True,sha256:a69b98012d9e4a46495a3aed48eef8ce75a69d001eaa28b4c38cb0f3c921909d,CORE CFIHOS V2.0 CSV/CFIHOS CORE CFIHOS object equivalent mapping v2.0.csv,1899,source_reference_record,source_reference_record_unreviewed
CFIHOS-60000375,POSC CAESAR,RDS418648421,real,True,sha256:a69b98012d9e4a46495a3aed48eef8ce75a69d001eaa28b4c38cb0f3c921909d,CORE CFIHOS V2.0 CSV/CFIHOS CORE CFIHOS object equivalent mapping v2.0.csv,1900,source_reference_record,source_reference_record_unreviewed
CFIHOS-60000376,POSC CAESAR,RDS421154,real,True,sha256:a69b98012d9e4a46495a3aed48eef8ce75a69d001eaa28b4c38cb0f3c921909d,CORE CFIHOS V2.0 CSV/CFIHOS CORE CFIHOS object equivalent mapping v2.0.csv,1901,source_reference_record,source_reference_record_unreviewed
CFIHOS-60000377,POSC CAESAR,RDS418648421,real,True,sha256:a69b98012d9e4a46495a3aed48eef8ce75a69d001eaa28b4c38cb0f3c921909d,CORE CFIHOS V2.0 CSV/CFIHOS CORE CFIHOS object equivalent mapping v2.0.csv,1902,source_reference_record,source_reference_record_unreviewed
CFIHOS-60000378,POSC CAESAR,RDS2228970,real,True,sha256:a69b98012d9e4a46495a3aed48eef8ce75a69d001eaa28b4c38cb0f3c921909d,CORE CFIHOS V2.0 CSV/CFIHOS CORE CFIHOS object equivalent mapping v2.0.csv,1903,source_reference_record,source_reference_record_unreviewed
CFIHOS-60000379,POSC CAESAR,RDS2224719,real,True,sha256:a69b98012d9e4a46495a3aed48eef8ce75a69d001eaa28b4c38cb0f3c921909d,CORE CFIHOS V2.0 CSV/CFIHOS CORE CFIHOS object equivalent mapping v2.0.csv,1904,source_reference_record,source_reference_record_unreviewed
CFIHOS-60000381,POSC CAESAR,RDS2228506,real,True,sha256:a69b98012d9e4a46495a3aed48eef8ce75a69d001eaa28b4c38cb0f3c921909d,CORE CFIHOS V2.0 CSV/CFIHOS CORE CFIHOS object equivalent mapping v2.0.csv,1905,source_reference_record,source_reference_record_unreviewed
CFIHOS-60000382,POSC CAESAR,RDS2228410,real,True,sha256:a69b98012d9e4a46495a3aed48eef8ce75a69d001eaa28b4c38cb0f3c921909d,CORE CFIHOS V2.0 CSV/CFIHOS CORE CFIHOS object equivalent mapping v2.0.csv,1906,source_reference_record,source_reference_record_unreviewed
CFIHOS-60000385,POSC CAESAR,RDS889784,real,True,sha256:a69b98012d9e4a46495a3aed48eef8ce75a69d001eaa28b4c38cb0f3c921909d,CORE CFIHOS V2.0 CSV/CFIHOS CORE CFIHOS object equivalent mapping v2.0.csv,1907,source_reference_record,source_reference_record_unreviewed
CFIHOS-60000387,POSC CAESAR,RDS13110370,real,True,sha256:a69b98012d9e4a46495a3aed48eef8ce75a69d001eaa28b4c38cb0f3c921909d,CORE CFIHOS V2.0 CSV/CFIHOS CORE CFIHOS object equivalent mapping v2.0.csv,1908,source_reference_record,source_reference_record_unreviewed
CFIHOS-60000388,POSC CAESAR,RDS877994,real,True,sha256:a69b98012d9e4a46495a3aed48eef8ce75a69d001eaa28b4c38cb0f3c921909d,CORE CFIHOS V2.0 CSV/CFIHOS CORE CFIHOS object equivalent mapping v2.0.csv,1909,source_reference_record,source_reference_record_unreviewed
CFIHOS-60000389,POSC CAESAR,RDS2226056,real,True,sha256:a69b98012d9e4a46495a3aed48eef8ce75a69d001eaa28b4c38cb0f3c921909d,CORE CFIHOS V2.0 CSV/CFIHOS CORE CFIHOS object equivalent mapping v2.0.csv,1910,source_reference_record,source_reference_record_unreviewed
CFIHOS-60000394,POSC CAESAR,RDS12834910,real,True,sha256:a69b98012d9e4a46495a3aed48eef8ce75a69d001eaa28b4c38cb0f3c921909d,CORE CFIHOS V2.0 CSV/CFIHOS CORE CFIHOS object equivalent mapping v2.0.csv,1911,source_reference_record,source_reference_record_unreviewed
CFIHOS-60000400,POSC CAESAR,RDS2228944,real,True,sha256:a69b98012d9e4a46495a3aed48eef8ce75a69d001eaa28b4c38cb0f3c921909d,CORE CFIHOS V2.0 CSV/CFIHOS CORE CFIHOS object equivalent mapping v2.0.csv,1912,source_reference_record,source_reference_record_unreviewed
CFIHOS-60000401,POSC CAESAR,RDS432989,real,True,sha256:a69b98012d9e4a46495a3aed48eef8ce75a69d001eaa28b4c38cb0f3c921909d,CORE CFIHOS V2.0 CSV/CFIHOS CORE CFIHOS object equivalent mapping v2.0.csv,1913,source_reference_record,source_reference_record_unreviewed
CFIHOS-60000402,POSC CAESAR,RDS2228405,real,True,sha256:a69b98012d9e4a46495a3aed48eef8ce75a69d001eaa28b4c38cb0f3c921909d,CORE CFIHOS V2.0 CSV/CFIHOS CORE CFIHOS object equivalent mapping v2.0.csv,1914,source_reference_record,source_reference_record_unreviewed
CFIHOS-60000403,POSC CAESAR,RDS7199806,real,True,sha256:a69b98012d9e4a46495a3aed48eef8ce75a69d001eaa28b4c38cb0f3c921909d,CORE CFIHOS V2.0 CSV/CFIHOS CORE CFIHOS object equivalent mapping v2.0.csv,1915,source_reference_record,source_reference_record_unreviewed
CFIHOS-60000408,POSC CAESAR,RDS2227201,real,True,sha256:a69b98012d9e4a46495a3aed48eef8ce75a69d001eaa28b4c38cb0f3c921909d,CORE CFIHOS V2.0 CSV/CFIHOS CORE CFIHOS object equivalent mapping v2.0.csv,1916,source_reference_record,source_reference_record_unreviewed
CFIHOS-60000409,POSC CAESAR,RDS2227202,real,True,sha256:a69b98012d9e4a46495a3aed48eef8ce75a69d001eaa28b4c38cb0f3c921909d,CORE CFIHOS V2.0 CSV/CFIHOS CORE CFIHOS object equivalent mapping v2.0.csv,1917,source_reference_record,source_reference_record_unreviewed
CFIHOS-60000410,POSC CAESAR,RDS2227203,real,True,sha256:a69b98012d9e4a46495a3aed48eef8ce75a69d001eaa28b4c38cb0f3c921909d,CORE CFIHOS V2.0 CSV/CFIHOS CORE CFIHOS object equivalent mapping v2.0.csv,1918,source_reference_record,source_reference_record_unreviewed
CFIHOS-60000412,POSC CAESAR,RDS2227210,real,True,sha256:a69b98012d9e4a46495a3aed48eef8ce75a69d001eaa28b4c38cb0f3c921909d,CORE CFIHOS V2.0 CSV/CFIHOS CORE CFIHOS object equivalent mapping v2.0.csv,1919,source_reference_record,source_reference_record_unreviewed
CFIHOS-60000413,POSC CAESAR,RDS2227211,real,True,sha256:a69b98012d9e4a46495a3aed48eef8ce75a69d001eaa28b4c38cb0f3c921909d,CORE CFIHOS V2.0 CSV/CFIHOS CORE CFIHOS object equivalent mapping v2.0.csv,1920,source_reference_record,source_reference_record_unreviewed
CFIHOS-60000417,POSC CAESAR,RDS2227212,real,True,sha256:a69b98012d9e4a46495a3aed48eef8ce75a69d001eaa28b4c38cb0f3c921909d,CORE CFIHOS V2.0 CSV/CFIHOS CORE CFIHOS object equivalent mapping v2.0.csv,1921,source_reference_record,source_reference_record_unreviewed
CFIHOS-60000418,POSC CAESAR,RDS2227213,real,True,sha256:a69b98012d9e4a46495a3aed48eef8ce75a69d001eaa28b4c38cb0f3c921909d,CORE CFIHOS V2.0 CSV/CFIHOS CORE CFIHOS object equivalent mapping v2.0.csv,1922,source_reference_record,source_reference_record_unreviewed
CFIHOS-60000420,POSC CAESAR,RDS2227214,real,True,sha256:a69b98012d9e4a46495a3aed48eef8ce75a69d001eaa28b4c38cb0f3c921909d,CORE CFIHOS V2.0 CSV/CFIHOS CORE CFIHOS object equivalent mapping v2.0.csv,1923,source_reference_record,source_reference_record_unreviewed
CFIHOS-60000421,POSC CAESAR,RDS2227215,real,True,sha256:a69b98012d9e4a46495a3aed48eef8ce75a69d001eaa28b4c38cb0f3c921909d,CORE CFIHOS V2.0 CSV/CFIHOS CORE CFIHOS object equivalent mapping v2.0.csv,1924,source_reference_record,source_reference_record_unreviewed
CFIHOS-60000425,POSC CAESAR,RDS4976786220,real,True,sha256:a69b98012d9e4a46495a3aed48eef8ce75a69d001eaa28b4c38cb0f3c921909d,CORE CFIHOS V2.0 CSV/CFIHOS CORE CFIHOS object equivalent mapping v2.0.csv,1925,source_reference_record,source_reference_record_unreviewed
CFIHOS-60000428,POSC CAESAR,RDS5968490,real,True,sha256:a69b98012d9e4a46495a3aed48eef8ce75a69d001eaa28b4c38cb0f3c921909d,CORE CFIHOS V2.0 CSV/CFIHOS CORE CFIHOS object equivalent mapping v2.0.csv,1926,source_reference_record,source_reference_record_unreviewed
CFIHOS-60000429,POSC CAESAR,RDS49767861183,real,True,sha256:a69b98012d9e4a46495a3aed48eef8ce75a69d001eaa28b4c38cb0f3c921909d,CORE CFIHOS V2.0 CSV/CFIHOS CORE CFIHOS object equivalent mapping v2.0.csv,1927,source_reference_record,source_reference_record_unreviewed
CFIHOS-60000430,POSC CAESAR,RDS49767861150,real,True,sha256:a69b98012d9e4a46495a3aed48eef8ce75a69d001eaa28b4c38cb0f3c921909d,CORE CFIHOS V2.0 CSV/CFIHOS CORE CFIHOS object equivalent mapping v2.0.csv,1928,source_reference_record,source_reference_record_unreviewed
CFIHOS-60000431,POSC CAESAR,RDS4976786157,real,True,sha256:a69b98012d9e4a46495a3aed48eef8ce75a69d001eaa28b4c38cb0f3c921909d,CORE CFIHOS V2.0 CSV/CFIHOS CORE CFIHOS object equivalent mapping v2.0.csv,1929,source_reference_record,source_reference_record_unreviewed
CFIHOS-60000434,POSC CAESAR,RDS2228654,real,True,sha256:a69b98012d9e4a46495a3aed48eef8ce75a69d001eaa28b4c38cb0f3c921909d,CORE CFIHOS V2.0 CSV/CFIHOS CORE CFIHOS object equivalent mapping v2.0.csv,1930,source_reference_record,source_reference_record_unreviewed
CFIHOS-60000435,POSC CAESAR,RDS637289,real,True,sha256:a69b98012d9e4a46495a3aed48eef8ce75a69d001eaa28b4c38cb0f3c921909d,CORE CFIHOS V2.0 CSV/CFIHOS CORE CFIHOS object equivalent mapping v2.0.csv,1931,source_reference_record,source_reference_record_unreviewed
CFIHOS-60000436,POSC CAESAR,RDS11854600,real,True,sha256:a69b98012d9e4a46495a3aed48eef8ce75a69d001eaa28b4c38cb0f3c921909d,CORE CFIHOS V2.0 CSV/CFIHOS CORE CFIHOS object equivalent mapping v2.0.csv,1932,source_reference_record,source_reference_record_unreviewed
CFIHOS-60000438,POSC CAESAR,RDS415124,real,True,sha256:a69b98012d9e4a46495a3aed48eef8ce75a69d001eaa28b4c38cb0f3c921909d,CORE CFIHOS V2.0 CSV/CFIHOS CORE CFIHOS object equivalent mapping v2.0.csv,1933,source_reference_record,source_reference_record_unreviewed
CFIHOS-60000440,POSC CAESAR,RDS2225352,real,True,sha256:a69b98012d9e4a46495a3aed48eef8ce75a69d001eaa28b4c38cb0f3c921909d,CORE CFIHOS V2.0 CSV/CFIHOS CORE CFIHOS object equivalent mapping v2.0.csv,1934,source_reference_record,source_reference_record_unreviewed
CFIHOS-60000441,POSC CAESAR,RDS1293967931,real,True,sha256:a69b98012d9e4a46495a3aed48eef8ce75a69d001eaa28b4c38cb0f3c921909d,CORE CFIHOS V2.0 CSV/CFIHOS CORE CFIHOS object equivalent mapping v2.0.csv,1935,source_reference_record,source_reference_record_unreviewed
CFIHOS-60000442,POSC CAESAR,RDS2225350,real,True,sha256:a69b98012d9e4a46495a3aed48eef8ce75a69d001eaa28b4c38cb0f3c921909d,CORE CFIHOS V2.0 CSV/CFIHOS CORE CFIHOS object equivalent mapping v2.0.csv,1936,source_reference_record,source_reference_record_unreviewed
CFIHOS-60000443,POSC CAESAR,RDS2228800,real,True,sha256:a69b98012d9e4a46495a3aed48eef8ce75a69d001eaa28b4c38cb0f3c921909d,CORE CFIHOS V2.0 CSV/CFIHOS CORE CFIHOS object equivalent mapping v2.0.csv,1937,source_reference_record,source_reference_record_unreviewed
CFIHOS-60000446,POSC CAESAR,RDS12836395,real,True,sha256:a69b98012d9e4a46495a3aed48eef8ce75a69d001eaa28b4c38cb0f3c921909d,CORE CFIHOS V2.0 CSV/CFIHOS CORE CFIHOS object equivalent mapping v2.0.csv,1938,source_reference_record,source_reference_record_unreviewed
CFIHOS-60000447,POSC CAESAR,RDS12836395,real,True,sha256:a69b98012d9e4a46495a3aed48eef8ce75a69d001eaa28b4c38cb0f3c921909d,CORE CFIHOS V2.0 CSV/CFIHOS CORE CFIHOS object equivalent mapping v2.0.csv,1939,source_reference_record,source_reference_record_unreviewed
CFIHOS-60000448,POSC CAESAR,RDS2228613,real,True,sha256:a69b98012d9e4a46495a3aed48eef8ce75a69d001eaa28b4c38cb0f3c921909d,CORE CFIHOS V2.0 CSV/CFIHOS CORE CFIHOS object equivalent mapping v2.0.csv,1940,source_reference_record,source_reference_record_unreviewed
CFIHOS-60000450,POSC CAESAR,RDS11508376,real,True,sha256:a69b98012d9e4a46495a3aed48eef8ce75a69d001eaa28b4c38cb0f3c921909d,CORE CFIHOS V2.0 CSV/CFIHOS CORE CFIHOS object equivalent mapping v2.0.csv,1941,source_reference_record,source_reference_record_unreviewed
CFIHOS-60000452,POSC CAESAR,RDS2227025,real,True,sha256:a69b98012d9e4a46495a3aed48eef8ce75a69d001eaa28b4c38cb0f3c921909d,CORE CFIHOS V2.0 CSV/CFIHOS CORE CFIHOS object equivalent mapping v2.0.csv,1942,source_reference_record,source_reference_record_unreviewed
CFIHOS-60000466,POSC CAESAR,RDS419219,real,True,sha256:a69b98012d9e4a46495a3aed48eef8ce75a69d001eaa28b4c38cb0f3c921909d,CORE CFIHOS V2.0 CSV/CFIHOS CORE CFIHOS object equivalent mapping v2.0.csv,1943,source_reference_record,source_reference_record_unreviewed
CFIHOS-60000468,POSC CAESAR,RDS425114,real,True,sha256:a69b98012d9e4a46495a3aed48eef8ce75a69d001eaa28b4c38cb0f3c921909d,CORE CFIHOS V2.0 CSV/CFIHOS CORE CFIHOS object equivalent mapping v2.0.csv,1944,source_reference_record,source_reference_record_unreviewed
CFIHOS-60000471,POSC CAESAR,RDS2227208,real,True,sha256:a69b98012d9e4a46495a3aed48eef8ce75a69d001eaa28b4c38cb0f3c921909d,CORE CFIHOS V2.0 CSV/CFIHOS CORE CFIHOS object equivalent mapping v2.0.csv,1945,source_reference_record,source_reference_record_unreviewed
CFIHOS-60000481,POSC CAESAR,RDS1013399,real,True,sha256:a69b98012d9e4a46495a3aed48eef8ce75a69d001eaa28b4c38cb0f3c921909d,CORE CFIHOS V2.0 CSV/CFIHOS CORE CFIHOS object equivalent mapping v2.0.csv,1946,source_reference_record,source_reference_record_unreviewed
CFIHOS-60000482,POSC CAESAR,RDS2227200,real,True,sha256:a69b98012d9e4a46495a3aed48eef8ce75a69d001eaa28b4c38cb0f3c921909d,CORE CFIHOS V2.0 CSV/CFIHOS CORE CFIHOS object equivalent mapping v2.0.csv,1947,source_reference_record,source_reference_record_unreviewed
CFIHOS-60000483,POSC CAESAR,RDS2227204,real,True,sha256:a69b98012d9e4a46495a3aed48eef8ce75a69d001eaa28b4c38cb0f3c921909d,CORE CFIHOS V2.0 CSV/CFIHOS CORE CFIHOS object equivalent mapping v2.0.csv,1948,source_reference_record,source_reference_record_unreviewed
CFIHOS-60000484,POSC CAESAR,RDS2227207,real,True,sha256:a69b98012d9e4a46495a3aed48eef8ce75a69d001eaa28b4c38cb0f3c921909d,CORE CFIHOS V2.0 CSV/CFIHOS CORE CFIHOS object equivalent mapping v2.0.csv,1949,source_reference_record,source_reference_record_unreviewed
CFIHOS-60000485,POSC CAESAR,RDS1013309,real,True,sha256:a69b98012d9e4a46495a3aed48eef8ce75a69d001eaa28b4c38cb0f3c921909d,CORE CFIHOS V2.0 CSV/CFIHOS CORE CFIHOS object equivalent mapping v2.0.csv,1950,source_reference_record,source_reference_record_unreviewed
CFIHOS-60000487,POSC CAESAR,RDS2227205,real,True,sha256:a69b98012d9e4a46495a3aed48eef8ce75a69d001eaa28b4c38cb0f3c921909d,CORE CFIHOS V2.0 CSV/CFIHOS CORE CFIHOS object equivalent mapping v2.0.csv,1951,source_reference_record,source_reference_record_unreviewed
CFIHOS-60000489,POSC CAESAR,RDS2227216,real,True,sha256:a69b98012d9e4a46495a3aed48eef8ce75a69d001eaa28b4c38cb0f3c921909d,CORE CFIHOS V2.0 CSV/CFIHOS CORE CFIHOS object equivalent mapping v2.0.csv,1952,source_reference_record,source_reference_record_unreviewed
CFIHOS-60000490,POSC CAESAR,RDS1015109,real,True,sha256:a69b98012d9e4a46495a3aed48eef8ce75a69d001eaa28b4c38cb0f3c921909d,CORE CFIHOS V2.0 CSV/CFIHOS CORE CFIHOS object equivalent mapping v2.0.csv,1953,source_reference_record,source_reference_record_unreviewed
CFIHOS-60000491,POSC CAESAR,RDS1015199,real,True,sha256:a69b98012d9e4a46495a3aed48eef8ce75a69d001eaa28b4c38cb0f3c921909d,CORE CFIHOS V2.0 CSV/CFIHOS CORE CFIHOS object equivalent mapping v2.0.csv,1954,source_reference_record,source_reference_record_unreviewed
CFIHOS-60000492,POSC CAESAR,RDS5967880,real,True,sha256:a69b98012d9e4a46495a3aed48eef8ce75a69d001eaa28b4c38cb0f3c921909d,CORE CFIHOS V2.0 CSV/CFIHOS CORE CFIHOS object equivalent mapping v2.0.csv,1955,source_reference_record,source_reference_record_unreviewed
CFIHOS-60000493,POSC CAESAR,RDS50364046159,real,True,sha256:a69b98012d9e4a46495a3aed48eef8ce75a69d001eaa28b4c38cb0f3c921909d,CORE CFIHOS V2.0 CSV/CFIHOS CORE CFIHOS object equivalent mapping v2.0.csv,1956,source_reference_record,source_reference_record_unreviewed
CFIHOS-60000495,POSC CAESAR,RDS2228945,real,True,sha256:a69b98012d9e4a46495a3aed48eef8ce75a69d001eaa28b4c38cb0f3c921909d,CORE CFIHOS V2.0 CSV/CFIHOS CORE CFIHOS object equivalent mapping v2.0.csv,1957,source_reference_record,source_reference_record_unreviewed
CFIHOS-60000497,POSC CAESAR,RDS2228406,real,True,sha256:a69b98012d9e4a46495a3aed48eef8ce75a69d001eaa28b4c38cb0f3c921909d,CORE CFIHOS V2.0 CSV/CFIHOS CORE CFIHOS object equivalent mapping v2.0.csv,1958,source_reference_record,source_reference_record_unreviewed
CFIHOS-60000500,POSC CAESAR,RDS14058145,real,True,sha256:a69b98012d9e4a46495a3aed48eef8ce75a69d001eaa28b4c38cb0f3c921909d,CORE CFIHOS V2.0 CSV/CFIHOS CORE CFIHOS object equivalent mapping v2.0.csv,1959,source_reference_record,source_reference_record_unreviewed
CFIHOS-60000504,POSC CAESAR,RDS2229203,real,True,sha256:a69b98012d9e4a46495a3aed48eef8ce75a69d001eaa28b4c38cb0f3c921909d,CORE CFIHOS V2.0 CSV/CFIHOS CORE CFIHOS object equivalent mapping v2.0.csv,1960,source_reference_record,source_reference_record_unreviewed
CFIHOS-60000507,POSC CAESAR,RDS417689,real,True,sha256:a69b98012d9e4a46495a3aed48eef8ce75a69d001eaa28b4c38cb0f3c921909d,CORE CFIHOS V2.0 CSV/CFIHOS CORE CFIHOS object equivalent mapping v2.0.csv,1961,source_reference_record,source_reference_record_unreviewed
CFIHOS-60000508,POSC CAESAR,RDS2228961,real,True,sha256:a69b98012d9e4a46495a3aed48eef8ce75a69d001eaa28b4c38cb0f3c921909d,CORE CFIHOS V2.0 CSV/CFIHOS CORE CFIHOS object equivalent mapping v2.0.csv,1962,source_reference_record,source_reference_record_unreviewed
CFIHOS-60000509,POSC CAESAR,RDS2221122,real,True,sha256:a69b98012d9e4a46495a3aed48eef8ce75a69d001eaa28b4c38cb0f3c921909d,CORE CFIHOS V2.0 CSV/CFIHOS CORE CFIHOS object equivalent mapping v2.0.csv,1963,source_reference_record,source_reference_record_unreviewed
CFIHOS-60000511,POSC CAESAR,RDS2228507,real,True,sha256:a69b98012d9e4a46495a3aed48eef8ce75a69d001eaa28b4c38cb0f3c921909d,CORE CFIHOS V2.0 CSV/CFIHOS CORE CFIHOS object equivalent mapping v2.0.csv,1964,source_reference_record,source_reference_record_unreviewed
CFIHOS-60000512,POSC CAESAR,RDS2228655,real,True,sha256:a69b98012d9e4a46495a3aed48eef8ce75a69d001eaa28b4c38cb0f3c921909d,CORE CFIHOS V2.0 CSV/CFIHOS CORE CFIHOS object equivalent mapping v2.0.csv,1965,source_reference_record,source_reference_record_unreviewed
CFIHOS-60000514,POSC CAESAR,RDS2226086,real,True,sha256:a69b98012d9e4a46495a3aed48eef8ce75a69d001eaa28b4c38cb0f3c921909d,CORE CFIHOS V2.0 CSV/CFIHOS CORE CFIHOS object equivalent mapping v2.0.csv,1966,source_reference_record,source_reference_record_unreviewed
CFIHOS-60000515,POSC CAESAR,RDS2224716,real,True,sha256:a69b98012d9e4a46495a3aed48eef8ce75a69d001eaa28b4c38cb0f3c921909d,CORE CFIHOS V2.0 CSV/CFIHOS CORE CFIHOS object equivalent mapping v2.0.csv,1967,source_reference_record,source_reference_record_unreviewed
CFIHOS-60000529,POSC CAESAR,RDS5005825220,real,True,sha256:a69b98012d9e4a46495a3aed48eef8ce75a69d001eaa28b4c38cb0f3c921909d,CORE CFIHOS V2.0 CSV/CFIHOS CORE CFIHOS object equivalent mapping v2.0.csv,1968,source_reference_record,source_reference_record_unreviewed
CFIHOS-60000532,POSC CAESAR,RDS2228606,real,True,sha256:a69b98012d9e4a46495a3aed48eef8ce75a69d001eaa28b4c38cb0f3c921909d,CORE CFIHOS V2.0 CSV/CFIHOS CORE CFIHOS object equivalent mapping v2.0.csv,1969,source_reference_record,source_reference_record_unreviewed
CFIHOS-60000533,POSC CAESAR,RDS2228640,real,True,sha256:a69b98012d9e4a46495a3aed48eef8ce75a69d001eaa28b4c38cb0f3c921909d,CORE CFIHOS V2.0 CSV/CFIHOS CORE CFIHOS object equivalent mapping v2.0.csv,1970,source_reference_record,source_reference_record_unreviewed
CFIHOS-60000535,POSC CAESAR,RDS2226070,real,True,sha256:a69b98012d9e4a46495a3aed48eef8ce75a69d001eaa28b4c38cb0f3c921909d,CORE CFIHOS V2.0 CSV/CFIHOS CORE CFIHOS object equivalent mapping v2.0.csv,1971,source_reference_record,source_reference_record_unreviewed
CFIHOS-60000536,POSC CAESAR,RDS2221801,real,True,sha256:a69b98012d9e4a46495a3aed48eef8ce75a69d001eaa28b4c38cb0f3c921909d,CORE CFIHOS V2.0 CSV/CFIHOS CORE CFIHOS object equivalent mapping v2.0.csv,1972,source_reference_record,source_reference_record_unreviewed
CFIHOS-60000537,POSC CAESAR,RDS222608,real,True,sha256:a69b98012d9e4a46495a3aed48eef8ce75a69d001eaa28b4c38cb0f3c921909d,CORE CFIHOS V2.0 CSV/CFIHOS CORE CFIHOS object equivalent mapping v2.0.csv,1973,source_reference_record,source_reference_record_unreviewed
CFIHOS-60000541,POSC CAESAR,RDS433934,real,True,sha256:a69b98012d9e4a46495a3aed48eef8ce75a69d001eaa28b4c38cb0f3c921909d,CORE CFIHOS V2.0 CSV/CFIHOS CORE CFIHOS object equivalent mapping v2.0.csv,1974,source_reference_record,source_reference_record_unreviewed
CFIHOS-60000542,POSC CAESAR,RDS2228601,real,True,sha256:a69b98012d9e4a46495a3aed48eef8ce75a69d001eaa28b4c38cb0f3c921909d,CORE CFIHOS V2.0 CSV/CFIHOS CORE CFIHOS object equivalent mapping v2.0.csv,1975,source_reference_record,source_reference_record_unreviewed
CFIHOS-60000543,POSC CAESAR,RDS2228602,real,True,sha256:a69b98012d9e4a46495a3aed48eef8ce75a69d001eaa28b4c38cb0f3c921909d,CORE CFIHOS V2.0 CSV/CFIHOS CORE CFIHOS object equivalent mapping v2.0.csv,1976,source_reference_record,source_reference_record_unreviewed
CFIHOS-60000545,POSC CAESAR,RDS820799,real,True,sha256:a69b98012d9e4a46495a3aed48eef8ce75a69d001eaa28b4c38cb0f3c921909d,CORE CFIHOS V2.0 CSV/CFIHOS CORE CFIHOS object equivalent mapping v2.0.csv,1977,source_reference_record,source_reference_record_unreviewed
CFIHOS-60000546,POSC CAESAR,RDS2226074,real,True,sha256:a69b98012d9e4a46495a3aed48eef8ce75a69d001eaa28b4c38cb0f3c921909d,CORE CFIHOS V2.0 CSV/CFIHOS CORE CFIHOS object equivalent mapping v2.0.csv,1978,source_reference_record,source_reference_record_unreviewed
CFIHOS-60000548,POSC CAESAR,RDS2228656,real,True,sha256:a69b98012d9e4a46495a3aed48eef8ce75a69d001eaa28b4c38cb0f3c921909d,CORE CFIHOS V2.0 CSV/CFIHOS CORE CFIHOS object equivalent mapping v2.0.csv,1979,source_reference_record,source_reference_record_unreviewed
CFIHOS-60000550,POSC CAESAR,RDS2228673,real,True,sha256:a69b98012d9e4a46495a3aed48eef8ce75a69d001eaa28b4c38cb0f3c921909d,CORE CFIHOS V2.0 CSV/CFIHOS CORE CFIHOS object equivalent mapping v2.0.csv,1980,source_reference_record,source_reference_record_unreviewed
CFIHOS-60000551,POSC CAESAR,RDS2225364,real,True,sha256:a69b98012d9e4a46495a3aed48eef8ce75a69d001eaa28b4c38cb0f3c921909d,CORE CFIHOS V2.0 CSV/CFIHOS CORE CFIHOS object equivalent mapping v2.0.csv,1981,source_reference_record,source_reference_record_unreviewed
CFIHOS-60000553,POSC CAESAR,RDS2228952,real,True,sha256:a69b98012d9e4a46495a3aed48eef8ce75a69d001eaa28b4c38cb0f3c921909d,CORE CFIHOS V2.0 CSV/CFIHOS CORE CFIHOS object equivalent mapping v2.0.csv,1982,source_reference_record,source_reference_record_unreviewed
CFIHOS-60000556,POSC CAESAR,RDS13315233,real,True,sha256:a69b98012d9e4a46495a3aed48eef8ce75a69d001eaa28b4c38cb0f3c921909d,CORE CFIHOS V2.0 CSV/CFIHOS CORE CFIHOS object equivalent mapping v2.0.csv,1983,source_reference_record,source_reference_record_unreviewed
CFIHOS-60000557,POSC CAESAR,RDS13034655,real,True,sha256:a69b98012d9e4a46495a3aed48eef8ce75a69d001eaa28b4c38cb0f3c921909d,CORE CFIHOS V2.0 CSV/CFIHOS CORE CFIHOS object equivalent mapping v2.0.csv,1984,source_reference_record,source_reference_record_unreviewed
CFIHOS-60000558,POSC CAESAR,RDS2228953,real,True,sha256:a69b98012d9e4a46495a3aed48eef8ce75a69d001eaa28b4c38cb0f3c921909d,CORE CFIHOS V2.0 CSV/CFIHOS CORE CFIHOS object equivalent mapping v2.0.csv,1985,source_reference_record,source_reference_record_unreviewed
CFIHOS-60000561,POSC CAESAR,RDS2228408,real,True,sha256:a69b98012d9e4a46495a3aed48eef8ce75a69d001eaa28b4c38cb0f3c921909d,CORE CFIHOS V2.0 CSV/CFIHOS CORE CFIHOS object equivalent mapping v2.0.csv,1986,source_reference_record,source_reference_record_unreviewed
CFIHOS-60000562,POSC CAESAR,RDS2228614,real,True,sha256:a69b98012d9e4a46495a3aed48eef8ce75a69d001eaa28b4c38cb0f3c921909d,CORE CFIHOS V2.0 CSV/CFIHOS CORE CFIHOS object equivalent mapping v2.0.csv,1987,source_reference_record,source_reference_record_unreviewed
CFIHOS-60000565,POSC CAESAR,RDS13110308,real,True,sha256:a69b98012d9e4a46495a3aed48eef8ce75a69d001eaa28b4c38cb0f3c921909d,CORE CFIHOS V2.0 CSV/CFIHOS CORE CFIHOS object equivalent mapping v2.0.csv,1988,source_reference_record,source_reference_record_unreviewed
CFIHOS-60000566,POSC CAESAR,RDS2228615,real,True,sha256:a69b98012d9e4a46495a3aed48eef8ce75a69d001eaa28b4c38cb0f3c921909d,CORE CFIHOS V2.0 CSV/CFIHOS CORE CFIHOS object equivalent mapping v2.0.csv,1989,source_reference_record,source_reference_record_unreviewed
CFIHOS-60000568,POSC CAESAR,RDS873719,real,True,sha256:a69b98012d9e4a46495a3aed48eef8ce75a69d001eaa28b4c38cb0f3c921909d,CORE CFIHOS V2.0 CSV/CFIHOS CORE CFIHOS object equivalent mapping v2.0.csv,1990,source_reference_record,source_reference_record_unreviewed
CFIHOS-60000569,POSC CAESAR,RDS2225353,real,True,sha256:a69b98012d9e4a46495a3aed48eef8ce75a69d001eaa28b4c38cb0f3c921909d,CORE CFIHOS V2.0 CSV/CFIHOS CORE CFIHOS object equivalent mapping v2.0.csv,1991,source_reference_record,source_reference_record_unreviewed
CFIHOS-60000570,POSC CAESAR,RDS2226084,real,True,sha256:a69b98012d9e4a46495a3aed48eef8ce75a69d001eaa28b4c38cb0f3c921909d,CORE CFIHOS V2.0 CSV/CFIHOS CORE CFIHOS object equivalent mapping v2.0.csv,1992,source_reference_record,source_reference_record_unreviewed
CFIHOS-60000571,POSC CAESAR,RDS1090214,real,True,sha256:a69b98012d9e4a46495a3aed48eef8ce75a69d001eaa28b4c38cb0f3c921909d,CORE CFIHOS V2.0 CSV/CFIHOS CORE CFIHOS object equivalent mapping v2.0.csv,1993,source_reference_record,source_reference_record_unreviewed
CFIHOS-60000595,POSC CAESAR,RDS479564,real,True,sha256:a69b98012d9e4a46495a3aed48eef8ce75a69d001eaa28b4c38cb0f3c921909d,CORE CFIHOS V2.0 CSV/CFIHOS CORE CFIHOS object equivalent mapping v2.0.csv,1994,source_reference_record,source_reference_record_unreviewed
CFIHOS-60000599,POSC CAESAR,RDS890234,real,True,sha256:a69b98012d9e4a46495a3aed48eef8ce75a69d001eaa28b4c38cb0f3c921909d,CORE CFIHOS V2.0 CSV/CFIHOS CORE CFIHOS object equivalent mapping v2.0.csv,1995,source_reference_record,source_reference_record_unreviewed
CFIHOS-60000601,POSC CAESAR,RDS1400086601,real,True,sha256:a69b98012d9e4a46495a3aed48eef8ce75a69d001eaa28b4c38cb0f3c921909d,CORE CFIHOS V2.0 CSV/CFIHOS CORE CFIHOS object equivalent mapping v2.0.csv,1996,source_reference_record,source_reference_record_unreviewed
CFIHOS-60000602,POSC CAESAR,RDS2228891,real,True,sha256:a69b98012d9e4a46495a3aed48eef8ce75a69d001eaa28b4c38cb0f3c921909d,CORE CFIHOS V2.0 CSV/CFIHOS CORE CFIHOS object equivalent mapping v2.0.csv,1997,source_reference_record,source_reference_record_unreviewed
CFIHOS-60000603,POSC CAESAR,RDS11503242,real,True,sha256:a69b98012d9e4a46495a3aed48eef8ce75a69d001eaa28b4c38cb0f3c921909d,CORE CFIHOS V2.0 CSV/CFIHOS CORE CFIHOS object equivalent mapping v2.0.csv,1998,source_reference_record,source_reference_record_unreviewed
CFIHOS-60000606,POSC CAESAR,RDS2228954,real,True,sha256:a69b98012d9e4a46495a3aed48eef8ce75a69d001eaa28b4c38cb0f3c921909d,CORE CFIHOS V2.0 CSV/CFIHOS CORE CFIHOS object equivalent mapping v2.0.csv,1999,source_reference_record,source_reference_record_unreviewed
CFIHOS-60000611,POSC CAESAR,RDS2228381,real,True,sha256:a69b98012d9e4a46495a3aed48eef8ce75a69d001eaa28b4c38cb0f3c921909d,CORE CFIHOS V2.0 CSV/CFIHOS CORE CFIHOS object equivalent mapping v2.0.csv,2000,source_reference_record,source_reference_record_unreviewed
CFIHOS-60000612,POSC CAESAR,RDS2228382,real,True,sha256:a69b98012d9e4a46495a3aed48eef8ce75a69d001eaa28b4c38cb0f3c921909d,CORE CFIHOS V2.0 CSV/CFIHOS CORE CFIHOS object equivalent mapping v2.0.csv,2001,source_reference_record,source_reference_record_unreviewed
CFIHOS-60000613,POSC CAESAR,RDS2228383,real,True,sha256:a69b98012d9e4a46495a3aed48eef8ce75a69d001eaa28b4c38cb0f3c921909d,CORE CFIHOS V2.0 CSV/CFIHOS CORE CFIHOS object equivalent mapping v2.0.csv,2002,source_reference_record,source_reference_record_unreviewed
CFIHOS-60000614,POSC CAESAR,RDS2228383,real,True,sha256:a69b98012d9e4a46495a3aed48eef8ce75a69d001eaa28b4c38cb0f3c921909d,CORE CFIHOS V2.0 CSV/CFIHOS CORE CFIHOS object equivalent mapping v2.0.csv,2003,source_reference_record,source_reference_record_unreviewed
CFIHOS-60000615,POSC CAESAR,RDS2228384,real,True,sha256:a69b98012d9e4a46495a3aed48eef8ce75a69d001eaa28b4c38cb0f3c921909d,CORE CFIHOS V2.0 CSV/CFIHOS CORE CFIHOS object equivalent mapping v2.0.csv,2004,source_reference_record,source_reference_record_unreviewed
CFIHOS-60000616,POSC CAESAR,RDS2228384,real,True,sha256:a69b98012d9e4a46495a3aed48eef8ce75a69d001eaa28b4c38cb0f3c921909d,CORE CFIHOS V2.0 CSV/CFIHOS CORE CFIHOS object equivalent mapping v2.0.csv,2005,source_reference_record,source_reference_record_unreviewed
CFIHOS-60000617,POSC CAESAR,RDS2228385,real,True,sha256:a69b98012d9e4a46495a3aed48eef8ce75a69d001eaa28b4c38cb0f3c921909d,CORE CFIHOS V2.0 CSV/CFIHOS CORE CFIHOS object equivalent mapping v2.0.csv,2006,source_reference_record,source_reference_record_unreviewed
CFIHOS-60000618,POSC CAESAR,RDS2228385,real,True,sha256:a69b98012d9e4a46495a3aed48eef8ce75a69d001eaa28b4c38cb0f3c921909d,CORE CFIHOS V2.0 CSV/CFIHOS CORE CFIHOS object equivalent mapping v2.0.csv,2007,source_reference_record,source_reference_record_unreviewed
CFIHOS-60000628,POSC CAESAR,RDS1400182901,real,True,sha256:a69b98012d9e4a46495a3aed48eef8ce75a69d001eaa28b4c38cb0f3c921909d,CORE CFIHOS V2.0 CSV/CFIHOS CORE CFIHOS object equivalent mapping v2.0.csv,2008,source_reference_record,source_reference_record_unreviewed
CFIHOS-60000629,POSC CAESAR,RDS2228892,real,True,sha256:a69b98012d9e4a46495a3aed48eef8ce75a69d001eaa28b4c38cb0f3c921909d,CORE CFIHOS V2.0 CSV/CFIHOS CORE CFIHOS object equivalent mapping v2.0.csv,2009,source_reference_record,source_reference_record_unreviewed
CFIHOS-60000631,POSC CAESAR,RDS1084229,real,True,sha256:a69b98012d9e4a46495a3aed48eef8ce75a69d001eaa28b4c38cb0f3c921909d,CORE CFIHOS V2.0 CSV/CFIHOS CORE CFIHOS object equivalent mapping v2.0.csv,2010,source_reference_record,source_reference_record_unreviewed
CFIHOS-60000632,POSC CAESAR,RDS1084184,real,True,sha256:a69b98012d9e4a46495a3aed48eef8ce75a69d001eaa28b4c38cb0f3c921909d,CORE CFIHOS V2.0 CSV/CFIHOS CORE CFIHOS object equivalent mapping v2.0.csv,2011,source_reference_record,source_reference_record_unreviewed
CFIHOS-60000633,POSC CAESAR,RDS1051694,real,True,sha256:a69b98012d9e4a46495a3aed48eef8ce75a69d001eaa28b4c38cb0f3c921909d,CORE CFIHOS V2.0 CSV/CFIHOS CORE CFIHOS object equivalent mapping v2.0.csv,2012,source_reference_record,source_reference_record_unreviewed
CFIHOS-60000634,POSC CAESAR,RDS2228893,real,True,sha256:a69b98012d9e4a46495a3aed48eef8ce75a69d001eaa28b4c38cb0f3c921909d,CORE CFIHOS V2.0 CSV/CFIHOS CORE CFIHOS object equivalent mapping v2.0.csv,2013,source_reference_record,source_reference_record_unreviewed
CFIHOS-60000637,POSC CAESAR,RDS12836215,real,True,sha256:a69b98012d9e4a46495a3aed48eef8ce75a69d001eaa28b4c38cb0f3c921909d,CORE CFIHOS V2.0 CSV/CFIHOS CORE CFIHOS object equivalent mapping v2.0.csv,2014,source_reference_record,source_reference_record_unreviewed
CFIHOS-60000638,POSC CAESAR,RDS16011259,real,True,sha256:a69b98012d9e4a46495a3aed48eef8ce75a69d001eaa28b4c38cb0f3c921909d,CORE CFIHOS V2.0 CSV/CFIHOS CORE CFIHOS object equivalent mapping v2.0.csv,2015,source_reference_record,source_reference_record_unreviewed
CFIHOS-60000639,POSC CAESAR,RDS486449,real,True,sha256:a69b98012d9e4a46495a3aed48eef8ce75a69d001eaa28b4c38cb0f3c921909d,CORE CFIHOS V2.0 CSV/CFIHOS CORE CFIHOS object equivalent mapping v2.0.csv,2016,source_reference_record,source_reference_record_unreviewed
CFIHOS-60000640,POSC CAESAR,RDS2228411,real,True,sha256:a69b98012d9e4a46495a3aed48eef8ce75a69d001eaa28b4c38cb0f3c921909d,CORE CFIHOS V2.0 CSV/CFIHOS CORE CFIHOS object equivalent mapping v2.0.csv,2017,source_reference_record,source_reference_record_unreviewed
CFIHOS-60000642,POSC CAESAR,RDS2225362,real,True,sha256:a69b98012d9e4a46495a3aed48eef8ce75a69d001eaa28b4c38cb0f3c921909d,CORE CFIHOS V2.0 CSV/CFIHOS CORE CFIHOS object equivalent mapping v2.0.csv,2018,source_reference_record,source_reference_record_unreviewed
CFIHOS-60000645,POSC CAESAR,RDS16458768,real,True,sha256:a69b98012d9e4a46495a3aed48eef8ce75a69d001eaa28b4c38cb0f3c921909d,CORE CFIHOS V2.0 CSV/CFIHOS CORE CFIHOS object equivalent mapping v2.0.csv,2019,source_reference_record,source_reference_record_unreviewed
CFIHOS-60000649,POSC CAESAR,RDS5644791,real,True,sha256:a69b98012d9e4a46495a3aed48eef8ce75a69d001eaa28b4c38cb0f3c921909d,CORE CFIHOS V2.0 CSV/CFIHOS CORE CFIHOS object equivalent mapping v2.0.csv,2020,source_reference_record,source_reference_record_unreviewed
CFIHOS-60000653,POSC CAESAR,RDS1327139,real,True,sha256:a69b98012d9e4a46495a3aed48eef8ce75a69d001eaa28b4c38cb0f3c921909d,CORE CFIHOS V2.0 CSV/CFIHOS CORE CFIHOS object equivalent mapping v2.0.csv,2021,source_reference_record,source_reference_record_unreviewed
CFIHOS-60000655,POSC CAESAR,RDS499189841,real,True,sha256:a69b98012d9e4a46495a3aed48eef8ce75a69d001eaa28b4c38cb0f3c921909d,CORE CFIHOS V2.0 CSV/CFIHOS CORE CFIHOS object equivalent mapping v2.0.csv,2022,source_reference_record,source_reference_record_unreviewed
CFIHOS-60000656,POSC CAESAR,RDS2228701,real,True,sha256:a69b98012d9e4a46495a3aed48eef8ce75a69d001eaa28b4c38cb0f3c921909d,CORE CFIHOS V2.0 CSV/CFIHOS CORE CFIHOS object equivalent mapping v2.0.csv,2023,source_reference_record,source_reference_record_unreviewed
CFIHOS-60000657,POSC CAESAR,RDS2228702,real,True,sha256:a69b98012d9e4a46495a3aed48eef8ce75a69d001eaa28b4c38cb0f3c921909d,CORE CFIHOS V2.0 CSV/CFIHOS CORE CFIHOS object equivalent mapping v2.0.csv,2024,source_reference_record,source_reference_record_unreviewed
CFIHOS-60000658,POSC CAESAR,RDS2228703,real,True,sha256:a69b98012d9e4a46495a3aed48eef8ce75a69d001eaa28b4c38cb0f3c921909d,CORE CFIHOS V2.0 CSV/CFIHOS CORE CFIHOS object equivalent mapping v2.0.csv,2025,source_reference_record,source_reference_record_unreviewed
CFIHOS-60000659,POSC CAESAR,RDS2228704,real,True,sha256:a69b98012d9e4a46495a3aed48eef8ce75a69d001eaa28b4c38cb0f3c921909d,CORE CFIHOS V2.0 CSV/CFIHOS CORE CFIHOS object equivalent mapping v2.0.csv,2026,source_reference_record,source_reference_record_unreviewed
CFIHOS-60000660,POSC CAESAR,RDS2228705,real,True,sha256:a69b98012d9e4a46495a3aed48eef8ce75a69d001eaa28b4c38cb0f3c921909d,CORE CFIHOS V2.0 CSV/CFIHOS CORE CFIHOS object equivalent mapping v2.0.csv,2027,source_reference_record,source_reference_record_unreviewed
CFIHOS-60000661,POSC CAESAR,RDS2228706,real,True,sha256:a69b98012d9e4a46495a3aed48eef8ce75a69d001eaa28b4c38cb0f3c921909d,CORE CFIHOS V2.0 CSV/CFIHOS CORE CFIHOS object equivalent mapping v2.0.csv,2028,source_reference_record,source_reference_record_unreviewed
CFIHOS-60000662,POSC CAESAR,RDS2228707,real,True,sha256:a69b98012d9e4a46495a3aed48eef8ce75a69d001eaa28b4c38cb0f3c921909d,CORE CFIHOS V2.0 CSV/CFIHOS CORE CFIHOS object equivalent mapping v2.0.csv,2029,source_reference_record,source_reference_record_unreviewed
CFIHOS-60000663,POSC CAESAR,RDS2228708,real,True,sha256:a69b98012d9e4a46495a3aed48eef8ce75a69d001eaa28b4c38cb0f3c921909d,CORE CFIHOS V2.0 CSV/CFIHOS CORE CFIHOS object equivalent mapping v2.0.csv,2030,source_reference_record,source_reference_record_unreviewed
CFIHOS-60000664,POSC CAESAR,RDS5750863,real,True,sha256:a69b98012d9e4a46495a3aed48eef8ce75a69d001eaa28b4c38cb0f3c921909d,CORE CFIHOS V2.0 CSV/CFIHOS CORE CFIHOS object equivalent mapping v2.0.csv,2031,source_reference_record,source_reference_record_unreviewed
CFIHOS-60000665,POSC CAESAR,RDS5750908,real,True,sha256:a69b98012d9e4a46495a3aed48eef8ce75a69d001eaa28b4c38cb0f3c921909d,CORE CFIHOS V2.0 CSV/CFIHOS CORE CFIHOS object equivalent mapping v2.0.csv,2032,source_reference_record,source_reference_record_unreviewed
CFIHOS-60000666,POSC CAESAR,RDS2228713,real,True,sha256:a69b98012d9e4a46495a3aed48eef8ce75a69d001eaa28b4c38cb0f3c921909d,CORE CFIHOS V2.0 CSV/CFIHOS CORE CFIHOS object equivalent mapping v2.0.csv,2033,source_reference_record,source_reference_record_unreviewed
CFIHOS-60000667,POSC CAESAR,RDS2228714,real,True,sha256:a69b98012d9e4a46495a3aed48eef8ce75a69d001eaa28b4c38cb0f3c921909d,CORE CFIHOS V2.0 CSV/CFIHOS CORE CFIHOS object equivalent mapping v2.0.csv,2034,source_reference_record,source_reference_record_unreviewed
CFIHOS-60000668,POSC CAESAR,RDS2228715,real,True,sha256:a69b98012d9e4a46495a3aed48eef8ce75a69d001eaa28b4c38cb0f3c921909d,CORE CFIHOS V2.0 CSV/CFIHOS CORE CFIHOS object equivalent mapping v2.0.csv,2035,source_reference_record,source_reference_record_unreviewed
CFIHOS-60000669,POSC CAESAR,RDS2228716,real,True,sha256:a69b98012d9e4a46495a3aed48eef8ce75a69d001eaa28b4c38cb0f3c921909d,CORE CFIHOS V2.0 CSV/CFIHOS CORE CFIHOS object equivalent mapping v2.0.csv,2036,source_reference_record,source_reference_record_unreviewed
CFIHOS-60000670,POSC CAESAR,RDS2228717,real,True,sha256:a69b98012d9e4a46495a3aed48eef8ce75a69d001eaa28b4c38cb0f3c921909d,CORE CFIHOS V2.0 CSV/CFIHOS CORE CFIHOS object equivalent mapping v2.0.csv,2037,source_reference_record,source_reference_record_unreviewed
CFIHOS-60000671,POSC CAESAR,RDS2228718,real,True,sha256:a69b98012d9e4a46495a3aed48eef8ce75a69d001eaa28b4c38cb0f3c921909d,CORE CFIHOS V2.0 CSV/CFIHOS CORE CFIHOS object equivalent mapping v2.0.csv,2038,source_reference_record,source_reference_record_unreviewed
CFIHOS-60000673,POSC CAESAR,RDS4703990,real,True,sha256:a69b98012d9e4a46495a3aed48eef8ce75a69d001eaa28b4c38cb0f3c921909d,CORE CFIHOS V2.0 CSV/CFIHOS CORE CFIHOS object equivalent mapping v2.0.csv,2039,source_reference_record,source_reference_record_unreviewed
CFIHOS-60000674,POSC CAESAR,RDS4704035,real,True,sha256:a69b98012d9e4a46495a3aed48eef8ce75a69d001eaa28b4c38cb0f3c921909d,CORE CFIHOS V2.0 CSV/CFIHOS CORE CFIHOS object equivalent mapping v2.0.csv,2040,source_reference_record,source_reference_record_unreviewed
CFIHOS-60000675,POSC CAESAR,RDS4704080,real,True,sha256:a69b98012d9e4a46495a3aed48eef8ce75a69d001eaa28b4c38cb0f3c921909d,CORE CFIHOS V2.0 CSV/CFIHOS CORE CFIHOS object equivalent mapping v2.0.csv,2041,source_reference_record,source_reference_record_unreviewed
CFIHOS-60000676,POSC CAESAR,RDS1186469,real,True,sha256:a69b98012d9e4a46495a3aed48eef8ce75a69d001eaa28b4c38cb0f3c921909d,CORE CFIHOS V2.0 CSV/CFIHOS CORE CFIHOS object equivalent mapping v2.0.csv,2042,source_reference_record,source_reference_record_unreviewed
CFIHOS-60000677,POSC CAESAR,RDS499145520,real,True,sha256:a69b98012d9e4a46495a3aed48eef8ce75a69d001eaa28b4c38cb0f3c921909d,CORE CFIHOS V2.0 CSV/CFIHOS CORE CFIHOS object equivalent mapping v2.0.csv,2043,source_reference_record,source_reference_record_unreviewed
CFIHOS-60000678,POSC CAESAR,RDS2228725,real,True,sha256:a69b98012d9e4a46495a3aed48eef8ce75a69d001eaa28b4c38cb0f3c921909d,CORE CFIHOS V2.0 CSV/CFIHOS CORE CFIHOS object equivalent mapping v2.0.csv,2044,source_reference_record,source_reference_record_unreviewed
CFIHOS-60000679,POSC CAESAR,RDS2228726,real,True,sha256:a69b98012d9e4a46495a3aed48eef8ce75a69d001eaa28b4c38cb0f3c921909d,CORE CFIHOS V2.0 CSV/CFIHOS CORE CFIHOS object equivalent mapping v2.0.csv,2045,source_reference_record,source_reference_record_unreviewed
CFIHOS-60000680,POSC CAESAR,RDS2228727,real,True,sha256:a69b98012d9e4a46495a3aed48eef8ce75a69d001eaa28b4c38cb0f3c921909d,CORE CFIHOS V2.0 CSV/CFIHOS CORE CFIHOS object equivalent mapping v2.0.csv,2046,source_reference_record,source_reference_record_unreviewed
CFIHOS-60000681,POSC CAESAR,RDS2228728,real,True,sha256:a69b98012d9e4a46495a3aed48eef8ce75a69d001eaa28b4c38cb0f3c921909d,CORE CFIHOS V2.0 CSV/CFIHOS CORE CFIHOS object equivalent mapping v2.0.csv,2047,source_reference_record,source_reference_record_unreviewed
CFIHOS-60000683,POSC CAESAR,RDS5750953,real,True,sha256:a69b98012d9e4a46495a3aed48eef8ce75a69d001eaa28b4c38cb0f3c921909d,CORE CFIHOS V2.0 CSV/CFIHOS CORE CFIHOS object equivalent mapping v2.0.csv,2048,source_reference_record,source_reference_record_unreviewed
CFIHOS-60000684,POSC CAESAR,RDS5750998,real,True,sha256:a69b98012d9e4a46495a3aed48eef8ce75a69d001eaa28b4c38cb0f3c921909d,CORE CFIHOS V2.0 CSV/CFIHOS CORE CFIHOS object equivalent mapping v2.0.csv,2049,source_reference_record,source_reference_record_unreviewed
CFIHOS-60000685,POSC CAESAR,RDS5751043,real,True,sha256:a69b98012d9e4a46495a3aed48eef8ce75a69d001eaa28b4c38cb0f3c921909d,CORE CFIHOS V2.0 CSV/CFIHOS CORE CFIHOS object equivalent mapping v2.0.csv,2050,source_reference_record,source_reference_record_unreviewed
CFIHOS-60000686,POSC CAESAR,RDS5751135,real,True,sha256:a69b98012d9e4a46495a3aed48eef8ce75a69d001eaa28b4c38cb0f3c921909d,CORE CFIHOS V2.0 CSV/CFIHOS CORE CFIHOS object equivalent mapping v2.0.csv,2051,source_reference_record,source_reference_record_unreviewed
CFIHOS-60000687,POSC CAESAR,RDS5751180,real,True,sha256:a69b98012d9e4a46495a3aed48eef8ce75a69d001eaa28b4c38cb0f3c921909d,CORE CFIHOS V2.0 CSV/CFIHOS CORE CFIHOS object equivalent mapping v2.0.csv,2052,source_reference_record,source_reference_record_unreviewed
CFIHOS-60000688,POSC CAESAR,RDS2228735,real,True,sha256:a69b98012d9e4a46495a3aed48eef8ce75a69d001eaa28b4c38cb0f3c921909d,CORE CFIHOS V2.0 CSV/CFIHOS CORE CFIHOS object equivalent mapping v2.0.csv,2053,source_reference_record,source_reference_record_unreviewed
CFIHOS-60000689,POSC CAESAR,RDS2228736,real,True,sha256:a69b98012d9e4a46495a3aed48eef8ce75a69d001eaa28b4c38cb0f3c921909d,CORE CFIHOS V2.0 CSV/CFIHOS CORE CFIHOS object equivalent mapping v2.0.csv,2054,source_reference_record,source_reference_record_unreviewed
CFIHOS-60000690,POSC CAESAR,RDS2228737,real,True,sha256:a69b98012d9e4a46495a3aed48eef8ce75a69d001eaa28b4c38cb0f3c921909d,CORE CFIHOS V2.0 CSV/CFIHOS CORE CFIHOS object equivalent mapping v2.0.csv,2055,source_reference_record,source_reference_record_unreviewed
CFIHOS-60000691,POSC CAESAR,RDS2228738,real,True,sha256:a69b98012d9e4a46495a3aed48eef8ce75a69d001eaa28b4c38cb0f3c921909d,CORE CFIHOS V2.0 CSV/CFIHOS CORE CFIHOS object equivalent mapping v2.0.csv,2056,source_reference_record,source_reference_record_unreviewed
CFIHOS-60000693,POSC CAESAR,RDS5751225,real,True,sha256:a69b98012d9e4a46495a3aed48eef8ce75a69d001eaa28b4c38cb0f3c921909d,CORE CFIHOS V2.0 CSV/CFIHOS CORE CFIHOS object equivalent mapping v2.0.csv,2057,source_reference_record,source_reference_record_unreviewed
CFIHOS-60000694,POSC CAESAR,RDS5751270,real,True,sha256:a69b98012d9e4a46495a3aed48eef8ce75a69d001eaa28b4c38cb0f3c921909d,CORE CFIHOS V2.0 CSV/CFIHOS CORE CFIHOS object equivalent mapping v2.0.csv,2058,source_reference_record,source_reference_record_unreviewed
CFIHOS-60000695,POSC CAESAR,RDS5751315,real,True,sha256:a69b98012d9e4a46495a3aed48eef8ce75a69d001eaa28b4c38cb0f3c921909d,CORE CFIHOS V2.0 CSV/CFIHOS CORE CFIHOS object equivalent mapping v2.0.csv,2059,source_reference_record,source_reference_record_unreviewed
CFIHOS-60000696,POSC CAESAR,RDS1007594,real,True,sha256:a69b98012d9e4a46495a3aed48eef8ce75a69d001eaa28b4c38cb0f3c921909d,CORE CFIHOS V2.0 CSV/CFIHOS CORE CFIHOS object equivalent mapping v2.0.csv,2060,source_reference_record,source_reference_record_unreviewed
CFIHOS-60000697,POSC CAESAR,RDS5751360,real,True,sha256:a69b98012d9e4a46495a3aed48eef8ce75a69d001eaa28b4c38cb0f3c921909d,CORE CFIHOS V2.0 CSV/CFIHOS CORE CFIHOS object equivalent mapping v2.0.csv,2061,source_reference_record,source_reference_record_unreviewed
CFIHOS-60000698,POSC CAESAR,RDS5751405,real,True,sha256:a69b98012d9e4a46495a3aed48eef8ce75a69d001eaa28b4c38cb0f3c921909d,CORE CFIHOS V2.0 CSV/CFIHOS CORE CFIHOS object equivalent mapping v2.0.csv,2062,source_reference_record,source_reference_record_unreviewed
CFIHOS-60000699,POSC CAESAR,RDS2228746,real,True,sha256:a69b98012d9e4a46495a3aed48eef8ce75a69d001eaa28b4c38cb0f3c921909d,CORE CFIHOS V2.0 CSV/CFIHOS CORE CFIHOS object equivalent mapping v2.0.csv,2063,source_reference_record,source_reference_record_unreviewed
CFIHOS-60000700,POSC CAESAR,RDS2228747,real,True,sha256:a69b98012d9e4a46495a3aed48eef8ce75a69d001eaa28b4c38cb0f3c921909d,CORE CFIHOS V2.0 CSV/CFIHOS CORE CFIHOS object equivalent mapping v2.0.csv,2064,source_reference_record,source_reference_record_unreviewed
CFIHOS-60000701,POSC CAESAR,RDS2228748,real,True,sha256:a69b98012d9e4a46495a3aed48eef8ce75a69d001eaa28b4c38cb0f3c921909d,CORE CFIHOS V2.0 CSV/CFIHOS CORE CFIHOS object equivalent mapping v2.0.csv,2065,source_reference_record,source_reference_record_unreviewed
CFIHOS-60000703,POSC CAESAR,RDS499153651,real,True,sha256:a69b98012d9e4a46495a3aed48eef8ce75a69d001eaa28b4c38cb0f3c921909d,CORE CFIHOS V2.0 CSV/CFIHOS CORE CFIHOS object equivalent mapping v2.0.csv,2066,source_reference_record,source_reference_record_unreviewed
CFIHOS-60000704,POSC CAESAR,RDS499192951,real,True,sha256:a69b98012d9e4a46495a3aed48eef8ce75a69d001eaa28b4c38cb0f3c921909d,CORE CFIHOS V2.0 CSV/CFIHOS CORE CFIHOS object equivalent mapping v2.0.csv,2067,source_reference_record,source_reference_record_unreviewed
CFIHOS-60000705,POSC CAESAR,RDS499212191,real,True,sha256:a69b98012d9e4a46495a3aed48eef8ce75a69d001eaa28b4c38cb0f3c921909d,CORE CFIHOS V2.0 CSV/CFIHOS CORE CFIHOS object equivalent mapping v2.0.csv,2068,source_reference_record,source_reference_record_unreviewed
CFIHOS-60000706,POSC CAESAR,RDS5751450,real,True,sha256:a69b98012d9e4a46495a3aed48eef8ce75a69d001eaa28b4c38cb0f3c921909d,CORE CFIHOS V2.0 CSV/CFIHOS CORE CFIHOS object equivalent mapping v2.0.csv,2069,source_reference_record,source_reference_record_unreviewed
CFIHOS-60000707,POSC CAESAR,RDS5751495,real,True,sha256:a69b98012d9e4a46495a3aed48eef8ce75a69d001eaa28b4c38cb0f3c921909d,CORE CFIHOS V2.0 CSV/CFIHOS CORE CFIHOS object equivalent mapping v2.0.csv,2070,source_reference_record,source_reference_record_unreviewed
CFIHOS-60000708,POSC CAESAR,RDS1006379,real,True,sha256:a69b98012d9e4a46495a3aed48eef8ce75a69d001eaa28b4c38cb0f3c921909d,CORE CFIHOS V2.0 CSV/CFIHOS CORE CFIHOS object equivalent mapping v2.0.csv,2071,source_reference_record,source_reference_record_unreviewed
CFIHOS-60000709,POSC CAESAR,RDS1007369,real,True,sha256:a69b98012d9e4a46495a3aed48eef8ce75a69d001eaa28b4c38cb0f3c921909d,CORE CFIHOS V2.0 CSV/CFIHOS CORE CFIHOS object equivalent mapping v2.0.csv,2072,source_reference_record,source_reference_record_unreviewed
CFIHOS-60000710,POSC CAESAR,RDS499184471,real,True,sha256:a69b98012d9e4a46495a3aed48eef8ce75a69d001eaa28b4c38cb0f3c921909d,CORE CFIHOS V2.0 CSV/CFIHOS CORE CFIHOS object equivalent mapping v2.0.csv,2073,source_reference_record,source_reference_record_unreviewed
CFIHOS-60000711,POSC CAESAR,RDS11365160,real,True,sha256:a69b98012d9e4a46495a3aed48eef8ce75a69d001eaa28b4c38cb0f3c921909d,CORE CFIHOS V2.0 CSV/CFIHOS CORE CFIHOS object equivalent mapping v2.0.csv,2074,source_reference_record,source_reference_record_unreviewed
CFIHOS-60000713,POSC CAESAR,RDS2228760,real,True,sha256:a69b98012d9e4a46495a3aed48eef8ce75a69d001eaa28b4c38cb0f3c921909d,CORE CFIHOS V2.0 CSV/CFIHOS CORE CFIHOS object equivalent mapping v2.0.csv,2075,source_reference_record,source_reference_record_unreviewed
CFIHOS-60000714,POSC CAESAR,RDS2228761,real,True,sha256:a69b98012d9e4a46495a3aed48eef8ce75a69d001eaa28b4c38cb0f3c921909d,CORE CFIHOS V2.0 CSV/CFIHOS CORE CFIHOS object equivalent mapping v2.0.csv,2076,source_reference_record,source_reference_record_unreviewed
CFIHOS-60000715,POSC CAESAR,RDS2228762,real,True,sha256:a69b98012d9e4a46495a3aed48eef8ce75a69d001eaa28b4c38cb0f3c921909d,CORE CFIHOS V2.0 CSV/CFIHOS CORE CFIHOS object equivalent mapping v2.0.csv,2077,source_reference_record,source_reference_record_unreviewed
CFIHOS-60000716,POSC CAESAR,RDS499187651,real,True,sha256:a69b98012d9e4a46495a3aed48eef8ce75a69d001eaa28b4c38cb0f3c921909d,CORE CFIHOS V2.0 CSV/CFIHOS CORE CFIHOS object equivalent mapping v2.0.csv,2078,source_reference_record,source_reference_record_unreviewed
CFIHOS-60000717,POSC CAESAR,RDS499186791,real,True,sha256:a69b98012d9e4a46495a3aed48eef8ce75a69d001eaa28b4c38cb0f3c921909d,CORE CFIHOS V2.0 CSV/CFIHOS CORE CFIHOS object equivalent mapping v2.0.csv,2079,source_reference_record,source_reference_record_unreviewed
CFIHOS-60000718,POSC CAESAR,RDS1007414,real,True,sha256:a69b98012d9e4a46495a3aed48eef8ce75a69d001eaa28b4c38cb0f3c921909d,CORE CFIHOS V2.0 CSV/CFIHOS CORE CFIHOS object equivalent mapping v2.0.csv,2080,source_reference_record,source_reference_record_unreviewed
CFIHOS-60000719,POSC CAESAR,RDS1007459,real,True,sha256:a69b98012d9e4a46495a3aed48eef8ce75a69d001eaa28b4c38cb0f3c921909d,CORE CFIHOS V2.0 CSV/CFIHOS CORE CFIHOS object equivalent mapping v2.0.csv,2081,source_reference_record,source_reference_record_unreviewed
CFIHOS-60000720,POSC CAESAR,RDS1007504,real,True,sha256:a69b98012d9e4a46495a3aed48eef8ce75a69d001eaa28b4c38cb0f3c921909d,CORE CFIHOS V2.0 CSV/CFIHOS CORE CFIHOS object equivalent mapping v2.0.csv,2082,source_reference_record,source_reference_record_unreviewed
CFIHOS-60000721,POSC CAESAR,RDS1007549,real,True,sha256:a69b98012d9e4a46495a3aed48eef8ce75a69d001eaa28b4c38cb0f3c921909d,CORE CFIHOS V2.0 CSV/CFIHOS CORE CFIHOS object equivalent mapping v2.0.csv,2083,source_reference_record,source_reference_record_unreviewed
CFIHOS-60000722,POSC CAESAR,RDS480599,real,True,sha256:a69b98012d9e4a46495a3aed48eef8ce75a69d001eaa28b4c38cb0f3c921909d,CORE CFIHOS V2.0 CSV/CFIHOS CORE CFIHOS object equivalent mapping v2.0.csv,2084,source_reference_record,source_reference_record_unreviewed
CFIHOS-60000723,POSC CAESAR,RDS425699,real,True,sha256:a69b98012d9e4a46495a3aed48eef8ce75a69d001eaa28b4c38cb0f3c921909d,CORE CFIHOS V2.0 CSV/CFIHOS CORE CFIHOS object equivalent mapping v2.0.csv,2085,source_reference_record,source_reference_record_unreviewed
CFIHOS-60000724,POSC CAESAR,RDS2228894,real,True,sha256:a69b98012d9e4a46495a3aed48eef8ce75a69d001eaa28b4c38cb0f3c921909d,CORE CFIHOS V2.0 CSV/CFIHOS CORE CFIHOS object equivalent mapping v2.0.csv,2086,source_reference_record,source_reference_record_unreviewed
CFIHOS-60000726,POSC CAESAR,RDS11368590,real,True,sha256:a69b98012d9e4a46495a3aed48eef8ce75a69d001eaa28b4c38cb0f3c921909d,CORE CFIHOS V2.0 CSV/CFIHOS CORE CFIHOS object equivalent mapping v2.0.csv,2087,source_reference_record,source_reference_record_unreviewed
CFIHOS-60000727,POSC CAESAR,RDS2226085,real,True,sha256:a69b98012d9e4a46495a3aed48eef8ce75a69d001eaa28b4c38cb0f3c921909d,CORE CFIHOS V2.0 CSV/CFIHOS CORE CFIHOS object equivalent mapping v2.0.csv,2088,source_reference_record,source_reference_record_unreviewed
CFIHOS-60000730,POSC CAESAR,RDS2228508,real,True,sha256:a69b98012d9e4a46495a3aed48eef8ce75a69d001eaa28b4c38cb0f3c921909d,CORE CFIHOS V2.0 CSV/CFIHOS CORE CFIHOS object equivalent mapping v2.0.csv,2089,source_reference_record,source_reference_record_unreviewed
CFIHOS-60000743,POSC CAESAR,RDS2227188,real,True,sha256:a69b98012d9e4a46495a3aed48eef8ce75a69d001eaa28b4c38cb0f3c921909d,CORE CFIHOS V2.0 CSV/CFIHOS CORE CFIHOS object equivalent mapping v2.0.csv,2090,source_reference_record,source_reference_record_unreviewed
CFIHOS-60000744,POSC CAESAR,RDS2226609,real,True,sha256:a69b98012d9e4a46495a3aed48eef8ce75a69d001eaa28b4c38cb0f3c921909d,CORE CFIHOS V2.0 CSV/CFIHOS CORE CFIHOS object equivalent mapping v2.0.csv,2091,source_reference_record,source_reference_record_unreviewed
CFIHOS-60000747,POSC CAESAR,RDS2228972,real,True,sha256:a69b98012d9e4a46495a3aed48eef8ce75a69d001eaa28b4c38cb0f3c921909d,CORE CFIHOS V2.0 CSV/CFIHOS CORE CFIHOS object equivalent mapping v2.0.csv,2092,source_reference_record,source_reference_record_unreviewed
CFIHOS-60000748,POSC CAESAR,RDS17250567,real,True,sha256:a69b98012d9e4a46495a3aed48eef8ce75a69d001eaa28b4c38cb0f3c921909d,CORE CFIHOS V2.0 CSV/CFIHOS CORE CFIHOS object equivalent mapping v2.0.csv,2093,source_reference_record,source_reference_record_unreviewed
CFIHOS-60000749,POSC CAESAR,RDS17250612,real,True,sha256:a69b98012d9e4a46495a3aed48eef8ce75a69d001eaa28b4c38cb0f3c921909d,CORE CFIHOS V2.0 CSV/CFIHOS CORE CFIHOS object equivalent mapping v2.0.csv,2094,source_reference_record,source_reference_record_unreviewed
CFIHOS-60000751,POSC CAESAR,RDS933479,real,True,sha256:a69b98012d9e4a46495a3aed48eef8ce75a69d001eaa28b4c38cb0f3c921909d,CORE CFIHOS V2.0 CSV/CFIHOS CORE CFIHOS object equivalent mapping v2.0.csv,2095,source_reference_record,source_reference_record_unreviewed
CFIHOS-60000753,POSC CAESAR,RDS2228498,real,True,sha256:a69b98012d9e4a46495a3aed48eef8ce75a69d001eaa28b4c38cb0f3c921909d,CORE CFIHOS V2.0 CSV/CFIHOS CORE CFIHOS object equivalent mapping v2.0.csv,2096,source_reference_record,source_reference_record_unreviewed
CFIHOS-60000762,POSC CAESAR,RDS482354,real,True,sha256:a69b98012d9e4a46495a3aed48eef8ce75a69d001eaa28b4c38cb0f3c921909d,CORE CFIHOS V2.0 CSV/CFIHOS CORE CFIHOS object equivalent mapping v2.0.csv,2097,source_reference_record,source_reference_record_unreviewed
CFIHOS-60000763,POSC CAESAR,RDS478214,real,True,sha256:a69b98012d9e4a46495a3aed48eef8ce75a69d001eaa28b4c38cb0f3c921909d,CORE CFIHOS V2.0 CSV/CFIHOS CORE CFIHOS object equivalent mapping v2.0.csv,2098,source_reference_record,source_reference_record_unreviewed
CFIHOS-60000764,POSC CAESAR,RDS5763400,real,True,sha256:a69b98012d9e4a46495a3aed48eef8ce75a69d001eaa28b4c38cb0f3c921909d,CORE CFIHOS V2.0 CSV/CFIHOS CORE CFIHOS object equivalent mapping v2.0.csv,2099,source_reference_record,source_reference_record_unreviewed
CFIHOS-60000766,POSC CAESAR,RDS2228955,real,True,sha256:a69b98012d9e4a46495a3aed48eef8ce75a69d001eaa28b4c38cb0f3c921909d,CORE CFIHOS V2.0 CSV/CFIHOS CORE CFIHOS object equivalent mapping v2.0.csv,2100,source_reference_record,source_reference_record_unreviewed
CFIHOS-60000767,POSC CAESAR,RDS2221123,real,True,sha256:a69b98012d9e4a46495a3aed48eef8ce75a69d001eaa28b4c38cb0f3c921909d,CORE CFIHOS V2.0 CSV/CFIHOS CORE CFIHOS object equivalent mapping v2.0.csv,2101,source_reference_record,source_reference_record_unreviewed
CFIHOS-60000768,POSC CAESAR,RDS2228641,real,True,sha256:a69b98012d9e4a46495a3aed48eef8ce75a69d001eaa28b4c38cb0f3c921909d,CORE CFIHOS V2.0 CSV/CFIHOS CORE CFIHOS object equivalent mapping v2.0.csv,2102,source_reference_record,source_reference_record_unreviewed
CFIHOS-60000769,POSC CAESAR,RDS2224701,real,True,sha256:a69b98012d9e4a46495a3aed48eef8ce75a69d001eaa28b4c38cb0f3c921909d,CORE CFIHOS V2.0 CSV/CFIHOS CORE CFIHOS object equivalent mapping v2.0.csv,2103,source_reference_record,source_reference_record_unreviewed
CFIHOS-60000770,POSC CAESAR,RDS2224702,real,True,sha256:a69b98012d9e4a46495a3aed48eef8ce75a69d001eaa28b4c38cb0f3c921909d,CORE CFIHOS V2.0 CSV/CFIHOS CORE CFIHOS object equivalent mapping v2.0.csv,2104,source_reference_record,source_reference_record_unreviewed
CFIHOS-60000771,POSC CAESAR,RDS2224703,real,True,sha256:a69b98012d9e4a46495a3aed48eef8ce75a69d001eaa28b4c38cb0f3c921909d,CORE CFIHOS V2.0 CSV/CFIHOS CORE CFIHOS object equivalent mapping v2.0.csv,2105,source_reference_record,source_reference_record_unreviewed
CFIHOS-60000772,POSC CAESAR,RDS2224704,real,True,sha256:a69b98012d9e4a46495a3aed48eef8ce75a69d001eaa28b4c38cb0f3c921909d,CORE CFIHOS V2.0 CSV/CFIHOS CORE CFIHOS object equivalent mapping v2.0.csv,2106,source_reference_record,source_reference_record_unreviewed
CFIHOS-60000773,POSC CAESAR,RDS222609,real,True,sha256:a69b98012d9e4a46495a3aed48eef8ce75a69d001eaa28b4c38cb0f3c921909d,CORE CFIHOS V2.0 CSV/CFIHOS CORE CFIHOS object equivalent mapping v2.0.csv,2107,source_reference_record,source_reference_record_unreviewed
CFIHOS-60000774,POSC CAESAR,RDS2228490,real,True,sha256:a69b98012d9e4a46495a3aed48eef8ce75a69d001eaa28b4c38cb0f3c921909d,CORE CFIHOS V2.0 CSV/CFIHOS CORE CFIHOS object equivalent mapping v2.0.csv,2108,source_reference_record,source_reference_record_unreviewed
CFIHOS-60000775,POSC CAESAR,RDS2228741,real,True,sha256:a69b98012d9e4a46495a3aed48eef8ce75a69d001eaa28b4c38cb0f3c921909d,CORE CFIHOS V2.0 CSV/CFIHOS CORE CFIHOS object equivalent mapping v2.0.csv,2109,source_reference_record,source_reference_record_unreviewed
CFIHOS-60000777,POSC CAESAR,RDS476909,real,True,sha256:a69b98012d9e4a46495a3aed48eef8ce75a69d001eaa28b4c38cb0f3c921909d,CORE CFIHOS V2.0 CSV/CFIHOS CORE CFIHOS object equivalent mapping v2.0.csv,2110,source_reference_record,source_reference_record_unreviewed
CFIHOS-60000779,POSC CAESAR,RDS2226077,real,True,sha256:a69b98012d9e4a46495a3aed48eef8ce75a69d001eaa28b4c38cb0f3c921909d,CORE CFIHOS V2.0 CSV/CFIHOS CORE CFIHOS object equivalent mapping v2.0.csv,2111,source_reference_record,source_reference_record_unreviewed
CFIHOS-60000784,POSC CAESAR,RDS2228956,real,True,sha256:a69b98012d9e4a46495a3aed48eef8ce75a69d001eaa28b4c38cb0f3c921909d,CORE CFIHOS V2.0 CSV/CFIHOS CORE CFIHOS object equivalent mapping v2.0.csv,2112,source_reference_record,source_reference_record_unreviewed
CFIHOS-60000785,POSC CAESAR,RDS1400177501,real,True,sha256:a69b98012d9e4a46495a3aed48eef8ce75a69d001eaa28b4c38cb0f3c921909d,CORE CFIHOS V2.0 CSV/CFIHOS CORE CFIHOS object equivalent mapping v2.0.csv,2113,source_reference_record,source_reference_record_unreviewed
CFIHOS-60000786,POSC CAESAR,RDS1400180481,real,True,sha256:a69b98012d9e4a46495a3aed48eef8ce75a69d001eaa28b4c38cb0f3c921909d,CORE CFIHOS V2.0 CSV/CFIHOS CORE CFIHOS object equivalent mapping v2.0.csv,2114,source_reference_record,source_reference_record_unreviewed
CFIHOS-60000788,POSC CAESAR,RDS2228973,real,True,sha256:a69b98012d9e4a46495a3aed48eef8ce75a69d001eaa28b4c38cb0f3c921909d,CORE CFIHOS V2.0 CSV/CFIHOS CORE CFIHOS object equivalent mapping v2.0.csv,2115,source_reference_record,source_reference_record_unreviewed
CFIHOS-60000789,POSC CAESAR,RDS7220304,real,True,sha256:a69b98012d9e4a46495a3aed48eef8ce75a69d001eaa28b4c38cb0f3c921909d,CORE CFIHOS V2.0 CSV/CFIHOS CORE CFIHOS object equivalent mapping v2.0.csv,2116,source_reference_record,source_reference_record_unreviewed
CFIHOS-60000793,POSC CAESAR,RDS460529,real,True,sha256:a69b98012d9e4a46495a3aed48eef8ce75a69d001eaa28b4c38cb0f3c921909d,CORE CFIHOS V2.0 CSV/CFIHOS CORE CFIHOS object equivalent mapping v2.0.csv,2117,source_reference_record,source_reference_record_unreviewed
CFIHOS-60000794,POSC CAESAR,RDS2228974,real,True,sha256:a69b98012d9e4a46495a3aed48eef8ce75a69d001eaa28b4c38cb0f3c921909d,CORE CFIHOS V2.0 CSV/CFIHOS CORE CFIHOS object equivalent mapping v2.0.csv,2118,source_reference_record,source_reference_record_unreviewed
CFIHOS-60000795,POSC CAESAR,RDS2225351,real,True,sha256:a69b98012d9e4a46495a3aed48eef8ce75a69d001eaa28b4c38cb0f3c921909d,CORE CFIHOS V2.0 CSV/CFIHOS CORE CFIHOS object equivalent mapping v2.0.csv,2119,source_reference_record,source_reference_record_unreviewed
CFIHOS-60000796,POSC CAESAR,RDS425159,real,True,sha256:a69b98012d9e4a46495a3aed48eef8ce75a69d001eaa28b4c38cb0f3c921909d,CORE CFIHOS V2.0 CSV/CFIHOS CORE CFIHOS object equivalent mapping v2.0.csv,2120,source_reference_record,source_reference_record_unreviewed
CFIHOS-60000797,POSC CAESAR,RDS5857186,real,True,sha256:a69b98012d9e4a46495a3aed48eef8ce75a69d001eaa28b4c38cb0f3c921909d,CORE CFIHOS V2.0 CSV/CFIHOS CORE CFIHOS object equivalent mapping v2.0.csv,2121,source_reference_record,source_reference_record_unreviewed
CFIHOS-60000798,POSC CAESAR,RDS960479,real,True,sha256:a69b98012d9e4a46495a3aed48eef8ce75a69d001eaa28b4c38cb0f3c921909d,CORE CFIHOS V2.0 CSV/CFIHOS CORE CFIHOS object equivalent mapping v2.0.csv,2122,source_reference_record,source_reference_record_unreviewed
CFIHOS-60000799,POSC CAESAR,RDS4826404062,real,True,sha256:a69b98012d9e4a46495a3aed48eef8ce75a69d001eaa28b4c38cb0f3c921909d,CORE CFIHOS V2.0 CSV/CFIHOS CORE CFIHOS object equivalent mapping v2.0.csv,2123,source_reference_record,source_reference_record_unreviewed
CFIHOS-60000801,POSC CAESAR,RDS425744,real,True,sha256:a69b98012d9e4a46495a3aed48eef8ce75a69d001eaa28b4c38cb0f3c921909d,CORE CFIHOS V2.0 CSV/CFIHOS CORE CFIHOS object equivalent mapping v2.0.csv,2124,source_reference_record,source_reference_record_unreviewed
CFIHOS-60000803,POSC CAESAR,RDS5779175,real,True,sha256:a69b98012d9e4a46495a3aed48eef8ce75a69d001eaa28b4c38cb0f3c921909d,CORE CFIHOS V2.0 CSV/CFIHOS CORE CFIHOS object equivalent mapping v2.0.csv,2125,source_reference_record,source_reference_record_unreviewed
CFIHOS-60000806,POSC CAESAR,RDS2228657,real,True,sha256:a69b98012d9e4a46495a3aed48eef8ce75a69d001eaa28b4c38cb0f3c921909d,CORE CFIHOS V2.0 CSV/CFIHOS CORE CFIHOS object equivalent mapping v2.0.csv,2126,source_reference_record,source_reference_record_unreviewed
CFIHOS-60000808,POSC CAESAR,RDS2228842,real,True,sha256:a69b98012d9e4a46495a3aed48eef8ce75a69d001eaa28b4c38cb0f3c921909d,CORE CFIHOS V2.0 CSV/CFIHOS CORE CFIHOS object equivalent mapping v2.0.csv,2127,source_reference_record,source_reference_record_unreviewed
CFIHOS-60000810,POSC CAESAR,RDS1060027601,real,True,sha256:a69b98012d9e4a46495a3aed48eef8ce75a69d001eaa28b4c38cb0f3c921909d,CORE CFIHOS V2.0 CSV/CFIHOS CORE CFIHOS object equivalent mapping v2.0.csv,2128,source_reference_record,source_reference_record_unreviewed
CFIHOS-60000811,POSC CAESAR,RDS1324967491,real,True,sha256:a69b98012d9e4a46495a3aed48eef8ce75a69d001eaa28b4c38cb0f3c921909d,CORE CFIHOS V2.0 CSV/CFIHOS CORE CFIHOS object equivalent mapping v2.0.csv,2129,source_reference_record,source_reference_record_unreviewed
CFIHOS-60000812,POSC CAESAR,RDS2229248,real,True,sha256:a69b98012d9e4a46495a3aed48eef8ce75a69d001eaa28b4c38cb0f3c921909d,CORE CFIHOS V2.0 CSV/CFIHOS CORE CFIHOS object equivalent mapping v2.0.csv,2130,source_reference_record,source_reference_record_unreviewed
CFIHOS-60000813,POSC CAESAR,RDS629054,real,True,sha256:a69b98012d9e4a46495a3aed48eef8ce75a69d001eaa28b4c38cb0f3c921909d,CORE CFIHOS V2.0 CSV/CFIHOS CORE CFIHOS object equivalent mapping v2.0.csv,2131,source_reference_record,source_reference_record_unreviewed
CFIHOS-60000814,POSC CAESAR,RDS12835765,real,True,sha256:a69b98012d9e4a46495a3aed48eef8ce75a69d001eaa28b4c38cb0f3c921909d,CORE CFIHOS V2.0 CSV/CFIHOS CORE CFIHOS object equivalent mapping v2.0.csv,2132,source_reference_record,source_reference_record_unreviewed
CFIHOS-60000821,POSC CAESAR,RDS2228976,real,True,sha256:a69b98012d9e4a46495a3aed48eef8ce75a69d001eaa28b4c38cb0f3c921909d,CORE CFIHOS V2.0 CSV/CFIHOS CORE CFIHOS object equivalent mapping v2.0.csv,2133,source_reference_record,source_reference_record_unreviewed
CFIHOS-60000827,POSC CAESAR,RDS2228605,real,True,sha256:a69b98012d9e4a46495a3aed48eef8ce75a69d001eaa28b4c38cb0f3c921909d,CORE CFIHOS V2.0 CSV/CFIHOS CORE CFIHOS object equivalent mapping v2.0.csv,2134,source_reference_record,source_reference_record_unreviewed
CFIHOS-60000840,POSC CAESAR,RDS2228509,real,True,sha256:a69b98012d9e4a46495a3aed48eef8ce75a69d001eaa28b4c38cb0f3c921909d,CORE CFIHOS V2.0 CSV/CFIHOS CORE CFIHOS object equivalent mapping v2.0.csv,2135,source_reference_record,source_reference_record_unreviewed
CFIHOS-60000845,POSC CAESAR,RDS628469,real,True,sha256:a69b98012d9e4a46495a3aed48eef8ce75a69d001eaa28b4c38cb0f3c921909d,CORE CFIHOS V2.0 CSV/CFIHOS CORE CFIHOS object equivalent mapping v2.0.csv,2136,source_reference_record,source_reference_record_unreviewed
CFIHOS-60000847,POSC CAESAR,RDS2228742,real,True,sha256:a69b98012d9e4a46495a3aed48eef8ce75a69d001eaa28b4c38cb0f3c921909d,CORE CFIHOS V2.0 CSV/CFIHOS CORE CFIHOS object equivalent mapping v2.0.csv,2137,source_reference_record,source_reference_record_unreviewed
CFIHOS-60000848,POSC CAESAR,RDS5856662,real,True,sha256:a69b98012d9e4a46495a3aed48eef8ce75a69d001eaa28b4c38cb0f3c921909d,CORE CFIHOS V2.0 CSV/CFIHOS CORE CFIHOS object equivalent mapping v2.0.csv,2138,source_reference_record,source_reference_record_unreviewed
CFIHOS-60000851,POSC CAESAR,RDS5856752,real,True,sha256:a69b98012d9e4a46495a3aed48eef8ce75a69d001eaa28b4c38cb0f3c921909d,CORE CFIHOS V2.0 CSV/CFIHOS CORE CFIHOS object equivalent mapping v2.0.csv,2139,source_reference_record,source_reference_record_unreviewed
CFIHOS-60000854,POSC CAESAR,RDS479789,real,True,sha256:a69b98012d9e4a46495a3aed48eef8ce75a69d001eaa28b4c38cb0f3c921909d,CORE CFIHOS V2.0 CSV/CFIHOS CORE CFIHOS object equivalent mapping v2.0.csv,2140,source_reference_record,source_reference_record_unreviewed
CFIHOS-60000855,POSC CAESAR,RDS482640407,real,True,sha256:a69b98012d9e4a46495a3aed48eef8ce75a69d001eaa28b4c38cb0f3c921909d,CORE CFIHOS V2.0 CSV/CFIHOS CORE CFIHOS object equivalent mapping v2.0.csv,2141,source_reference_record,source_reference_record_unreviewed
CFIHOS-60000858,POSC CAESAR,RDS2228978,real,True,sha256:a69b98012d9e4a46495a3aed48eef8ce75a69d001eaa28b4c38cb0f3c921909d,CORE CFIHOS V2.0 CSV/CFIHOS CORE CFIHOS object equivalent mapping v2.0.csv,2142,source_reference_record,source_reference_record_unreviewed
CFIHOS-60000860,POSC CAESAR,RDS2228492,real,True,sha256:a69b98012d9e4a46495a3aed48eef8ce75a69d001eaa28b4c38cb0f3c921909d,CORE CFIHOS V2.0 CSV/CFIHOS CORE CFIHOS object equivalent mapping v2.0.csv,2143,source_reference_record,source_reference_record_unreviewed
CFIHOS-60000863,POSC CAESAR,RDS4974055538,real,True,sha256:a69b98012d9e4a46495a3aed48eef8ce75a69d001eaa28b4c38cb0f3c921909d,CORE CFIHOS V2.0 CSV/CFIHOS CORE CFIHOS object equivalent mapping v2.0.csv,2144,source_reference_record,source_reference_record_unreviewed
CFIHOS-60000864,POSC CAESAR,RDS2228621,real,True,sha256:a69b98012d9e4a46495a3aed48eef8ce75a69d001eaa28b4c38cb0f3c921909d,CORE CFIHOS V2.0 CSV/CFIHOS CORE CFIHOS object equivalent mapping v2.0.csv,2145,source_reference_record,source_reference_record_unreviewed
CFIHOS-60000865,POSC CAESAR,RDS2228616,real,True,sha256:a69b98012d9e4a46495a3aed48eef8ce75a69d001eaa28b4c38cb0f3c921909d,CORE CFIHOS V2.0 CSV/CFIHOS CORE CFIHOS object equivalent mapping v2.0.csv,2146,source_reference_record,source_reference_record_unreviewed
CFIHOS-60000873,POSC CAESAR,RDS2226085,real,True,sha256:a69b98012d9e4a46495a3aed48eef8ce75a69d001eaa28b4c38cb0f3c921909d,CORE CFIHOS V2.0 CSV/CFIHOS CORE CFIHOS object equivalent mapping v2.0.csv,2147,source_reference_record,source_reference_record_unreviewed
CFIHOS-60000874,POSC CAESAR,RDS2227740,real,True,sha256:a69b98012d9e4a46495a3aed48eef8ce75a69d001eaa28b4c38cb0f3c921909d,CORE CFIHOS V2.0 CSV/CFIHOS CORE CFIHOS object equivalent mapping v2.0.csv,2148,source_reference_record,source_reference_record_unreviewed
CFIHOS-60000883,POSC CAESAR,RDS8641857,real,True,sha256:a69b98012d9e4a46495a3aed48eef8ce75a69d001eaa28b4c38cb0f3c921909d,CORE CFIHOS V2.0 CSV/CFIHOS CORE CFIHOS object equivalent mapping v2.0.csv,2149,source_reference_record,source_reference_record_unreviewed
CFIHOS-60000884,POSC CAESAR,RDS8641857,real,True,sha256:a69b98012d9e4a46495a3aed48eef8ce75a69d001eaa28b4c38cb0f3c921909d,CORE CFIHOS V2.0 CSV/CFIHOS CORE CFIHOS object equivalent mapping v2.0.csv,2150,source_reference_record,source_reference_record_unreviewed
CFIHOS-60000885,POSC CAESAR,RDS8641857,real,True,sha256:a69b98012d9e4a46495a3aed48eef8ce75a69d001eaa28b4c38cb0f3c921909d,CORE CFIHOS V2.0 CSV/CFIHOS CORE CFIHOS object equivalent mapping v2.0.csv,2151,source_reference_record,source_reference_record_unreviewed
CFIHOS-60000886,POSC CAESAR,RDS8641857,real,True,sha256:a69b98012d9e4a46495a3aed48eef8ce75a69d001eaa28b4c38cb0f3c921909d,CORE CFIHOS V2.0 CSV/CFIHOS CORE CFIHOS object equivalent mapping v2.0.csv,2152,source_reference_record,source_reference_record_unreviewed
CFIHOS-60000887,POSC CAESAR,RDS878309,real,True,sha256:a69b98012d9e4a46495a3aed48eef8ce75a69d001eaa28b4c38cb0f3c921909d,CORE CFIHOS V2.0 CSV/CFIHOS CORE CFIHOS object equivalent mapping v2.0.csv,2153,source_reference_record,source_reference_record_unreviewed
CFIHOS-60000891,POSC CAESAR,RDS2228603,real,True,sha256:a69b98012d9e4a46495a3aed48eef8ce75a69d001eaa28b4c38cb0f3c921909d,CORE CFIHOS V2.0 CSV/CFIHOS CORE CFIHOS object equivalent mapping v2.0.csv,2154,source_reference_record,source_reference_record_unreviewed
CFIHOS-60000893,POSC CAESAR,RDS2225367,real,True,sha256:a69b98012d9e4a46495a3aed48eef8ce75a69d001eaa28b4c38cb0f3c921909d,CORE CFIHOS V2.0 CSV/CFIHOS CORE CFIHOS object equivalent mapping v2.0.csv,2155,source_reference_record,source_reference_record_unreviewed
CFIHOS-60000894,POSC CAESAR,RDS2225366,real,True,sha256:a69b98012d9e4a46495a3aed48eef8ce75a69d001eaa28b4c38cb0f3c921909d,CORE CFIHOS V2.0 CSV/CFIHOS CORE CFIHOS object equivalent mapping v2.0.csv,2156,source_reference_record,source_reference_record_unreviewed
CFIHOS-60000895,POSC CAESAR,RDS2226078,real,True,sha256:a69b98012d9e4a46495a3aed48eef8ce75a69d001eaa28b4c38cb0f3c921909d,CORE CFIHOS V2.0 CSV/CFIHOS CORE CFIHOS object equivalent mapping v2.0.csv,2157,source_reference_record,source_reference_record_unreviewed
CFIHOS-60000906,POSC CAESAR,RDS1066969820,real,True,sha256:a69b98012d9e4a46495a3aed48eef8ce75a69d001eaa28b4c38cb0f3c921909d,CORE CFIHOS V2.0 CSV/CFIHOS CORE CFIHOS object equivalent mapping v2.0.csv,2158,source_reference_record,source_reference_record_unreviewed
CFIHOS-60000907,POSC CAESAR,RDS479834,real,True,sha256:a69b98012d9e4a46495a3aed48eef8ce75a69d001eaa28b4c38cb0f3c921909d,CORE CFIHOS V2.0 CSV/CFIHOS CORE CFIHOS object equivalent mapping v2.0.csv,2159,source_reference_record,source_reference_record_unreviewed
CFIHOS-60000911,POSC CAESAR,RDS2228947,real,True,sha256:a69b98012d9e4a46495a3aed48eef8ce75a69d001eaa28b4c38cb0f3c921909d,CORE CFIHOS V2.0 CSV/CFIHOS CORE CFIHOS object equivalent mapping v2.0.csv,2160,source_reference_record,source_reference_record_unreviewed
CFIHOS-60000932,POSC CAESAR,RDS2228979,real,True,sha256:a69b98012d9e4a46495a3aed48eef8ce75a69d001eaa28b4c38cb0f3c921909d,CORE CFIHOS V2.0 CSV/CFIHOS CORE CFIHOS object equivalent mapping v2.0.csv,2161,source_reference_record,source_reference_record_unreviewed
CFIHOS-60000936,POSC CAESAR,RDS486179,real,True,sha256:a69b98012d9e4a46495a3aed48eef8ce75a69d001eaa28b4c38cb0f3c921909d,CORE CFIHOS V2.0 CSV/CFIHOS CORE CFIHOS object equivalent mapping v2.0.csv,2162,source_reference_record,source_reference_record_unreviewed
CFIHOS-60000937,POSC CAESAR,RDS2229252,real,True,sha256:a69b98012d9e4a46495a3aed48eef8ce75a69d001eaa28b4c38cb0f3c921909d,CORE CFIHOS V2.0 CSV/CFIHOS CORE CFIHOS object equivalent mapping v2.0.csv,2163,source_reference_record,source_reference_record_unreviewed
CFIHOS-60000938,POSC CAESAR,RDS419444,real,True,sha256:a69b98012d9e4a46495a3aed48eef8ce75a69d001eaa28b4c38cb0f3c921909d,CORE CFIHOS V2.0 CSV/CFIHOS CORE CFIHOS object equivalent mapping v2.0.csv,2164,source_reference_record,source_reference_record_unreviewed
CFIHOS-60000940,POSC CAESAR,RDS2228658,real,True,sha256:a69b98012d9e4a46495a3aed48eef8ce75a69d001eaa28b4c38cb0f3c921909d,CORE CFIHOS V2.0 CSV/CFIHOS CORE CFIHOS object equivalent mapping v2.0.csv,2165,source_reference_record,source_reference_record_unreviewed
CFIHOS-60000941,POSC CAESAR,RDS2228607,real,True,sha256:a69b98012d9e4a46495a3aed48eef8ce75a69d001eaa28b4c38cb0f3c921909d,CORE CFIHOS V2.0 CSV/CFIHOS CORE CFIHOS object equivalent mapping v2.0.csv,2166,source_reference_record,source_reference_record_unreviewed
CFIHOS-60000942,POSC CAESAR,RDS435149,real,True,sha256:a69b98012d9e4a46495a3aed48eef8ce75a69d001eaa28b4c38cb0f3c921909d,CORE CFIHOS V2.0 CSV/CFIHOS CORE CFIHOS object equivalent mapping v2.0.csv,2167,source_reference_record,source_reference_record_unreviewed
CFIHOS-60000947,POSC CAESAR,RDS885194,real,True,sha256:a69b98012d9e4a46495a3aed48eef8ce75a69d001eaa28b4c38cb0f3c921909d,CORE CFIHOS V2.0 CSV/CFIHOS CORE CFIHOS object equivalent mapping v2.0.csv,2168,source_reference_record,source_reference_record_unreviewed
CFIHOS-60000948,POSC CAESAR,RDS2229253,real,True,sha256:a69b98012d9e4a46495a3aed48eef8ce75a69d001eaa28b4c38cb0f3c921909d,CORE CFIHOS V2.0 CSV/CFIHOS CORE CFIHOS object equivalent mapping v2.0.csv,2169,source_reference_record,source_reference_record_unreviewed
CFIHOS-60000950,POSC CAESAR,RDS7151797,real,True,sha256:a69b98012d9e4a46495a3aed48eef8ce75a69d001eaa28b4c38cb0f3c921909d,CORE CFIHOS V2.0 CSV/CFIHOS CORE CFIHOS object equivalent mapping v2.0.csv,2170,source_reference_record,source_reference_record_unreviewed
CFIHOS-60000951,POSC CAESAR,RDS2228561,real,True,sha256:a69b98012d9e4a46495a3aed48eef8ce75a69d001eaa28b4c38cb0f3c921909d,CORE CFIHOS V2.0 CSV/CFIHOS CORE CFIHOS object equivalent mapping v2.0.csv,2171,source_reference_record,source_reference_record_unreviewed
CFIHOS-60000952,POSC CAESAR,RDS2228566,real,True,sha256:a69b98012d9e4a46495a3aed48eef8ce75a69d001eaa28b4c38cb0f3c921909d,CORE CFIHOS V2.0 CSV/CFIHOS CORE CFIHOS object equivalent mapping v2.0.csv,2172,source_reference_record,source_reference_record_unreviewed
CFIHOS-60000953,POSC CAESAR,RDS2228562,real,True,sha256:a69b98012d9e4a46495a3aed48eef8ce75a69d001eaa28b4c38cb0f3c921909d,CORE CFIHOS V2.0 CSV/CFIHOS CORE CFIHOS object equivalent mapping v2.0.csv,2173,source_reference_record,source_reference_record_unreviewed
CFIHOS-60000954,POSC CAESAR,RDS2228567,real,True,sha256:a69b98012d9e4a46495a3aed48eef8ce75a69d001eaa28b4c38cb0f3c921909d,CORE CFIHOS V2.0 CSV/CFIHOS CORE CFIHOS object equivalent mapping v2.0.csv,2174,source_reference_record,source_reference_record_unreviewed
CFIHOS-60000955,POSC CAESAR,RDS2228563,real,True,sha256:a69b98012d9e4a46495a3aed48eef8ce75a69d001eaa28b4c38cb0f3c921909d,CORE CFIHOS V2.0 CSV/CFIHOS CORE CFIHOS object equivalent mapping v2.0.csv,2175,source_reference_record,source_reference_record_unreviewed
CFIHOS-60000956,POSC CAESAR,RDS2228568,real,True,sha256:a69b98012d9e4a46495a3aed48eef8ce75a69d001eaa28b4c38cb0f3c921909d,CORE CFIHOS V2.0 CSV/CFIHOS CORE CFIHOS object equivalent mapping v2.0.csv,2176,source_reference_record,source_reference_record_unreviewed
CFIHOS-60000957,POSC CAESAR,RDS2228569,real,True,sha256:a69b98012d9e4a46495a3aed48eef8ce75a69d001eaa28b4c38cb0f3c921909d,CORE CFIHOS V2.0 CSV/CFIHOS CORE CFIHOS object equivalent mapping v2.0.csv,2177,source_reference_record,source_reference_record_unreviewed
CFIHOS-60000958,POSC CAESAR,RDS2228564,real,True,sha256:a69b98012d9e4a46495a3aed48eef8ce75a69d001eaa28b4c38cb0f3c921909d,CORE CFIHOS V2.0 CSV/CFIHOS CORE CFIHOS object equivalent mapping v2.0.csv,2178,source_reference_record,source_reference_record_unreviewed
CFIHOS-60000959,POSC CAESAR,RDS2228570,real,True,sha256:a69b98012d9e4a46495a3aed48eef8ce75a69d001eaa28b4c38cb0f3c921909d,CORE CFIHOS V2.0 CSV/CFIHOS CORE CFIHOS object equivalent mapping v2.0.csv,2179,source_reference_record,source_reference_record_unreviewed
CFIHOS-60000960,POSC CAESAR,RDS2228560,real,True,sha256:a69b98012d9e4a46495a3aed48eef8ce75a69d001eaa28b4c38cb0f3c921909d,CORE CFIHOS V2.0 CSV/CFIHOS CORE CFIHOS object equivalent mapping v2.0.csv,2180,source_reference_record,source_reference_record_unreviewed
CFIHOS-60000961,POSC CAESAR,RDS2228565,real,True,sha256:a69b98012d9e4a46495a3aed48eef8ce75a69d001eaa28b4c38cb0f3c921909d,CORE CFIHOS V2.0 CSV/CFIHOS CORE CFIHOS object equivalent mapping v2.0.csv,2181,source_reference_record,source_reference_record_unreviewed
CFIHOS-60000964,POSC CAESAR,RDS2225354,real,True,sha256:a69b98012d9e4a46495a3aed48eef8ce75a69d001eaa28b4c38cb0f3c921909d,CORE CFIHOS V2.0 CSV/CFIHOS CORE CFIHOS object equivalent mapping v2.0.csv,2182,source_reference_record,source_reference_record_unreviewed
CFIHOS-60000965,POSC CAESAR,RDS812294,real,True,sha256:a69b98012d9e4a46495a3aed48eef8ce75a69d001eaa28b4c38cb0f3c921909d,CORE CFIHOS V2.0 CSV/CFIHOS CORE CFIHOS object equivalent mapping v2.0.csv,2183,source_reference_record,source_reference_record_unreviewed
CFIHOS-60000971,POSC CAESAR,RDS12835540,real,True,sha256:a69b98012d9e4a46495a3aed48eef8ce75a69d001eaa28b4c38cb0f3c921909d,CORE CFIHOS V2.0 CSV/CFIHOS CORE CFIHOS object equivalent mapping v2.0.csv,2184,source_reference_record,source_reference_record_unreviewed
CFIHOS-60000972,POSC CAESAR,RDS12835585,real,True,sha256:a69b98012d9e4a46495a3aed48eef8ce75a69d001eaa28b4c38cb0f3c921909d,CORE CFIHOS V2.0 CSV/CFIHOS CORE CFIHOS object equivalent mapping v2.0.csv,2185,source_reference_record,source_reference_record_unreviewed
CFIHOS-60000973,POSC CAESAR,RDS11508122,real,True,sha256:a69b98012d9e4a46495a3aed48eef8ce75a69d001eaa28b4c38cb0f3c921909d,CORE CFIHOS V2.0 CSV/CFIHOS CORE CFIHOS object equivalent mapping v2.0.csv,2186,source_reference_record,source_reference_record_unreviewed
CFIHOS-60000974,POSC CAESAR,RDS11508122,real,True,sha256:a69b98012d9e4a46495a3aed48eef8ce75a69d001eaa28b4c38cb0f3c921909d,CORE CFIHOS V2.0 CSV/CFIHOS CORE CFIHOS object equivalent mapping v2.0.csv,2187,source_reference_record,source_reference_record_unreviewed
CFIHOS-60000976,POSC CAESAR,RDS637469,real,True,sha256:a69b98012d9e4a46495a3aed48eef8ce75a69d001eaa28b4c38cb0f3c921909d,CORE CFIHOS V2.0 CSV/CFIHOS CORE CFIHOS object equivalent mapping v2.0.csv,2188,source_reference_record,source_reference_record_unreviewed
CFIHOS-60000979,POSC CAESAR,RDS11507993,real,True,sha256:a69b98012d9e4a46495a3aed48eef8ce75a69d001eaa28b4c38cb0f3c921909d,CORE CFIHOS V2.0 CSV/CFIHOS CORE CFIHOS object equivalent mapping v2.0.csv,2189,source_reference_record,source_reference_record_unreviewed
CFIHOS-60000980,POSC CAESAR,RDS11507993,real,True,sha256:a69b98012d9e4a46495a3aed48eef8ce75a69d001eaa28b4c38cb0f3c921909d,CORE CFIHOS V2.0 CSV/CFIHOS CORE CFIHOS object equivalent mapping v2.0.csv,2190,source_reference_record,source_reference_record_unreviewed
CFIHOS-60000982,POSC CAESAR,RDS1333484,real,True,sha256:a69b98012d9e4a46495a3aed48eef8ce75a69d001eaa28b4c38cb0f3c921909d,CORE CFIHOS V2.0 CSV/CFIHOS CORE CFIHOS object equivalent mapping v2.0.csv,2191,source_reference_record,source_reference_record_unreviewed
CFIHOS-60000984,POSC CAESAR,RDS2226079,real,True,sha256:a69b98012d9e4a46495a3aed48eef8ce75a69d001eaa28b4c38cb0f3c921909d,CORE CFIHOS V2.0 CSV/CFIHOS CORE CFIHOS object equivalent mapping v2.0.csv,2192,source_reference_record,source_reference_record_unreviewed
CFIHOS-60000985,POSC CAESAR,RDS2221124,real,True,sha256:a69b98012d9e4a46495a3aed48eef8ce75a69d001eaa28b4c38cb0f3c921909d,CORE CFIHOS V2.0 CSV/CFIHOS CORE CFIHOS object equivalent mapping v2.0.csv,2193,source_reference_record,source_reference_record_unreviewed
CFIHOS-60000986,POSC CAESAR,RDS6330659,real,True,sha256:a69b98012d9e4a46495a3aed48eef8ce75a69d001eaa28b4c38cb0f3c921909d,CORE CFIHOS V2.0 CSV/CFIHOS CORE CFIHOS object equivalent mapping v2.0.csv,2194,source_reference_record,source_reference_record_unreviewed
CFIHOS-60000988,POSC CAESAR,RDS2229214,real,True,sha256:a69b98012d9e4a46495a3aed48eef8ce75a69d001eaa28b4c38cb0f3c921909d,CORE CFIHOS V2.0 CSV/CFIHOS CORE CFIHOS object equivalent mapping v2.0.csv,2195,source_reference_record,source_reference_record_unreviewed
CFIHOS-60000989,POSC CAESAR,RDS16458588,real,True,sha256:a69b98012d9e4a46495a3aed48eef8ce75a69d001eaa28b4c38cb0f3c921909d,CORE CFIHOS V2.0 CSV/CFIHOS CORE CFIHOS object equivalent mapping v2.0.csv,2196,source_reference_record,source_reference_record_unreviewed
CFIHOS-60001010,POSC CAESAR,RDS1341854,real,True,sha256:a69b98012d9e4a46495a3aed48eef8ce75a69d001eaa28b4c38cb0f3c921909d,CORE CFIHOS V2.0 CSV/CFIHOS CORE CFIHOS object equivalent mapping v2.0.csv,2197,source_reference_record,source_reference_record_unreviewed
CFIHOS-60001011,POSC CAESAR,RDS1341899,real,True,sha256:a69b98012d9e4a46495a3aed48eef8ce75a69d001eaa28b4c38cb0f3c921909d,CORE CFIHOS V2.0 CSV/CFIHOS CORE CFIHOS object equivalent mapping v2.0.csv,2198,source_reference_record,source_reference_record_unreviewed
CFIHOS-60001012,POSC CAESAR,RDS2228510,real,True,sha256:a69b98012d9e4a46495a3aed48eef8ce75a69d001eaa28b4c38cb0f3c921909d,CORE CFIHOS V2.0 CSV/CFIHOS CORE CFIHOS object equivalent mapping v2.0.csv,2199,source_reference_record,source_reference_record_unreviewed
CFIHOS-60001024,POSC CAESAR,RDS637514,real,True,sha256:a69b98012d9e4a46495a3aed48eef8ce75a69d001eaa28b4c38cb0f3c921909d,CORE CFIHOS V2.0 CSV/CFIHOS CORE CFIHOS object equivalent mapping v2.0.csv,2200,source_reference_record,source_reference_record_unreviewed
CFIHOS-60001025,POSC CAESAR,RDS637514,real,True,sha256:a69b98012d9e4a46495a3aed48eef8ce75a69d001eaa28b4c38cb0f3c921909d,CORE CFIHOS V2.0 CSV/CFIHOS CORE CFIHOS object equivalent mapping v2.0.csv,2201,source_reference_record,source_reference_record_unreviewed
CFIHOS-60001028,POSC CAESAR,RDS422999,real,True,sha256:a69b98012d9e4a46495a3aed48eef8ce75a69d001eaa28b4c38cb0f3c921909d,CORE CFIHOS V2.0 CSV/CFIHOS CORE CFIHOS object equivalent mapping v2.0.csv,2202,source_reference_record,source_reference_record_unreviewed
CFIHOS-60001031,POSC CAESAR,RDS7022320,real,True,sha256:a69b98012d9e4a46495a3aed48eef8ce75a69d001eaa28b4c38cb0f3c921909d,CORE CFIHOS V2.0 CSV/CFIHOS CORE CFIHOS object equivalent mapping v2.0.csv,2203,source_reference_record,source_reference_record_unreviewed
CFIHOS-60001035,POSC CAESAR,RDS2228617,real,True,sha256:a69b98012d9e4a46495a3aed48eef8ce75a69d001eaa28b4c38cb0f3c921909d,CORE CFIHOS V2.0 CSV/CFIHOS CORE CFIHOS object equivalent mapping v2.0.csv,2204,source_reference_record,source_reference_record_unreviewed
CFIHOS-60001038,POSC CAESAR,RDS2226080,real,True,sha256:a69b98012d9e4a46495a3aed48eef8ce75a69d001eaa28b4c38cb0f3c921909d,CORE CFIHOS V2.0 CSV/CFIHOS CORE CFIHOS object equivalent mapping v2.0.csv,2205,source_reference_record,source_reference_record_unreviewed
CFIHOS-60001040,POSC CAESAR,RDS13068545,real,True,sha256:a69b98012d9e4a46495a3aed48eef8ce75a69d001eaa28b4c38cb0f3c921909d,CORE CFIHOS V2.0 CSV/CFIHOS CORE CFIHOS object equivalent mapping v2.0.csv,2206,source_reference_record,source_reference_record_unreviewed
CFIHOS-60001041,POSC CAESAR,RDS11855905,real,True,sha256:a69b98012d9e4a46495a3aed48eef8ce75a69d001eaa28b4c38cb0f3c921909d,CORE CFIHOS V2.0 CSV/CFIHOS CORE CFIHOS object equivalent mapping v2.0.csv,2207,source_reference_record,source_reference_record_unreviewed
CFIHOS-60001042,POSC CAESAR,RDS8985471,real,True,sha256:a69b98012d9e4a46495a3aed48eef8ce75a69d001eaa28b4c38cb0f3c921909d,CORE CFIHOS V2.0 CSV/CFIHOS CORE CFIHOS object equivalent mapping v2.0.csv,2208,source_reference_record,source_reference_record_unreviewed
CFIHOS-60001050,POSC CAESAR,RDS11368725,real,True,sha256:a69b98012d9e4a46495a3aed48eef8ce75a69d001eaa28b4c38cb0f3c921909d,CORE CFIHOS V2.0 CSV/CFIHOS CORE CFIHOS object equivalent mapping v2.0.csv,2209,source_reference_record,source_reference_record_unreviewed
CFIHOS-60001052,POSC CAESAR,RDS890369,real,True,sha256:a69b98012d9e4a46495a3aed48eef8ce75a69d001eaa28b4c38cb0f3c921909d,CORE CFIHOS V2.0 CSV/CFIHOS CORE CFIHOS object equivalent mapping v2.0.csv,2210,source_reference_record,source_reference_record_unreviewed
CFIHOS-60001053,POSC CAESAR,RDS2228659,real,True,sha256:a69b98012d9e4a46495a3aed48eef8ce75a69d001eaa28b4c38cb0f3c921909d,CORE CFIHOS V2.0 CSV/CFIHOS CORE CFIHOS object equivalent mapping v2.0.csv,2211,source_reference_record,source_reference_record_unreviewed
CFIHOS-60001056,POSC CAESAR,RDS2224705,real,True,sha256:a69b98012d9e4a46495a3aed48eef8ce75a69d001eaa28b4c38cb0f3c921909d,CORE CFIHOS V2.0 CSV/CFIHOS CORE CFIHOS object equivalent mapping v2.0.csv,2212,source_reference_record,source_reference_record_unreviewed
CFIHOS-60001057,POSC CAESAR,RDS2224706,real,True,sha256:a69b98012d9e4a46495a3aed48eef8ce75a69d001eaa28b4c38cb0f3c921909d,CORE CFIHOS V2.0 CSV/CFIHOS CORE CFIHOS object equivalent mapping v2.0.csv,2213,source_reference_record,source_reference_record_unreviewed
CFIHOS-60001058,POSC CAESAR,RDS2224707,real,True,sha256:a69b98012d9e4a46495a3aed48eef8ce75a69d001eaa28b4c38cb0f3c921909d,CORE CFIHOS V2.0 CSV/CFIHOS CORE CFIHOS object equivalent mapping v2.0.csv,2214,source_reference_record,source_reference_record_unreviewed
CFIHOS-60001059,POSC CAESAR,RDS2224708,real,True,sha256:a69b98012d9e4a46495a3aed48eef8ce75a69d001eaa28b4c38cb0f3c921909d,CORE CFIHOS V2.0 CSV/CFIHOS CORE CFIHOS object equivalent mapping v2.0.csv,2215,source_reference_record,source_reference_record_unreviewed
CFIHOS-60001060,POSC CAESAR,RDS8372601,real,True,sha256:a69b98012d9e4a46495a3aed48eef8ce75a69d001eaa28b4c38cb0f3c921909d,CORE CFIHOS V2.0 CSV/CFIHOS CORE CFIHOS object equivalent mapping v2.0.csv,2216,source_reference_record,source_reference_record_unreviewed
CFIHOS-60001061,POSC CAESAR,RDS2228921,real,True,sha256:a69b98012d9e4a46495a3aed48eef8ce75a69d001eaa28b4c38cb0f3c921909d,CORE CFIHOS V2.0 CSV/CFIHOS CORE CFIHOS object equivalent mapping v2.0.csv,2217,source_reference_record,source_reference_record_unreviewed
CFIHOS-60001170,POSC CAESAR,RDS418904,real,True,sha256:a69b98012d9e4a46495a3aed48eef8ce75a69d001eaa28b4c38cb0f3c921909d,CORE CFIHOS V2.0 CSV/CFIHOS CORE CFIHOS object equivalent mapping v2.0.csv,2218,source_reference_record,source_reference_record_unreviewed
CFIHOS-60001171,POSC CAESAR,RDS2228982,real,True,sha256:a69b98012d9e4a46495a3aed48eef8ce75a69d001eaa28b4c38cb0f3c921909d,CORE CFIHOS V2.0 CSV/CFIHOS CORE CFIHOS object equivalent mapping v2.0.csv,2219,source_reference_record,source_reference_record_unreviewed
CFIHOS-60001173,POSC CAESAR,RDS2228841,real,True,sha256:a69b98012d9e4a46495a3aed48eef8ce75a69d001eaa28b4c38cb0f3c921909d,CORE CFIHOS V2.0 CSV/CFIHOS CORE CFIHOS object equivalent mapping v2.0.csv,2220,source_reference_record,source_reference_record_unreviewed
CFIHOS-60001188,POSC CAESAR,RDS5857732,real,True,sha256:a69b98012d9e4a46495a3aed48eef8ce75a69d001eaa28b4c38cb0f3c921909d,CORE CFIHOS V2.0 CSV/CFIHOS CORE CFIHOS object equivalent mapping v2.0.csv,2221,source_reference_record,source_reference_record_unreviewed
CFIHOS-60001189,POSC CAESAR,RDS7199868,real,True,sha256:a69b98012d9e4a46495a3aed48eef8ce75a69d001eaa28b4c38cb0f3c921909d,CORE CFIHOS V2.0 CSV/CFIHOS CORE CFIHOS object equivalent mapping v2.0.csv,2222,source_reference_record,source_reference_record_unreviewed
CFIHOS-60001190,POSC CAESAR,RDS2228622,real,True,sha256:a69b98012d9e4a46495a3aed48eef8ce75a69d001eaa28b4c38cb0f3c921909d,CORE CFIHOS V2.0 CSV/CFIHOS CORE CFIHOS object equivalent mapping v2.0.csv,2223,source_reference_record,source_reference_record_unreviewed
CFIHOS-60001192,POSC CAESAR,RDS2228672,real,True,sha256:a69b98012d9e4a46495a3aed48eef8ce75a69d001eaa28b4c38cb0f3c921909d,CORE CFIHOS V2.0 CSV/CFIHOS CORE CFIHOS object equivalent mapping v2.0.csv,2224,source_reference_record,source_reference_record_unreviewed
CFIHOS-60001201,POSC CAESAR,RDS480104,real,True,sha256:a69b98012d9e4a46495a3aed48eef8ce75a69d001eaa28b4c38cb0f3c921909d,CORE CFIHOS V2.0 CSV/CFIHOS CORE CFIHOS object equivalent mapping v2.0.csv,2225,source_reference_record,source_reference_record_unreviewed
CFIHOS-60001202,POSC CAESAR,RDS5856797,real,True,sha256:a69b98012d9e4a46495a3aed48eef8ce75a69d001eaa28b4c38cb0f3c921909d,CORE CFIHOS V2.0 CSV/CFIHOS CORE CFIHOS object equivalent mapping v2.0.csv,2226,source_reference_record,source_reference_record_unreviewed
CFIHOS-60001206,POSC CAESAR,RDS2228511,real,True,sha256:a69b98012d9e4a46495a3aed48eef8ce75a69d001eaa28b4c38cb0f3c921909d,CORE CFIHOS V2.0 CSV/CFIHOS CORE CFIHOS object equivalent mapping v2.0.csv,2227,source_reference_record,source_reference_record_unreviewed
CFIHOS-60001213,POSC CAESAR,RDS2229881,real,True,sha256:a69b98012d9e4a46495a3aed48eef8ce75a69d001eaa28b4c38cb0f3c921909d,CORE CFIHOS V2.0 CSV/CFIHOS CORE CFIHOS object equivalent mapping v2.0.csv,2228,source_reference_record,source_reference_record_unreviewed
CFIHOS-60001214,POSC CAESAR,RDS283589,real,True,sha256:a69b98012d9e4a46495a3aed48eef8ce75a69d001eaa28b4c38cb0f3c921909d,CORE CFIHOS V2.0 CSV/CFIHOS CORE CFIHOS object equivalent mapping v2.0.csv,2229,source_reference_record,source_reference_record_unreviewed
CFIHOS-60001215,POSC CAESAR,RDS419939,real,True,sha256:a69b98012d9e4a46495a3aed48eef8ce75a69d001eaa28b4c38cb0f3c921909d,CORE CFIHOS V2.0 CSV/CFIHOS CORE CFIHOS object equivalent mapping v2.0.csv,2230,source_reference_record,source_reference_record_unreviewed
CFIHOS-60001216,POSC CAESAR,RDS2229254,real,True,sha256:a69b98012d9e4a46495a3aed48eef8ce75a69d001eaa28b4c38cb0f3c921909d,CORE CFIHOS V2.0 CSV/CFIHOS CORE CFIHOS object equivalent mapping v2.0.csv,2231,source_reference_record,source_reference_record_unreviewed
CFIHOS-60001217,POSC CAESAR,RDS1061647611,real,True,sha256:a69b98012d9e4a46495a3aed48eef8ce75a69d001eaa28b4c38cb0f3c921909d,CORE CFIHOS V2.0 CSV/CFIHOS CORE CFIHOS object equivalent mapping v2.0.csv,2232,source_reference_record,source_reference_record_unreviewed
CFIHOS-60001223,POSC CAESAR,RDS222611,real,True,sha256:a69b98012d9e4a46495a3aed48eef8ce75a69d001eaa28b4c38cb0f3c921909d,CORE CFIHOS V2.0 CSV/CFIHOS CORE CFIHOS object equivalent mapping v2.0.csv,2233,source_reference_record,source_reference_record_unreviewed
CFIHOS-60001226,POSC CAESAR,RDS2228491,real,True,sha256:a69b98012d9e4a46495a3aed48eef8ce75a69d001eaa28b4c38cb0f3c921909d,CORE CFIHOS V2.0 CSV/CFIHOS CORE CFIHOS object equivalent mapping v2.0.csv,2234,source_reference_record,source_reference_record_unreviewed
CFIHOS-60001234,POSC CAESAR,RDS424643601,real,True,sha256:a69b98012d9e4a46495a3aed48eef8ce75a69d001eaa28b4c38cb0f3c921909d,CORE CFIHOS V2.0 CSV/CFIHOS CORE CFIHOS object equivalent mapping v2.0.csv,2235,source_reference_record,source_reference_record_unreviewed
CFIHOS-60001237,POSC CAESAR,RDS2228770,real,True,sha256:a69b98012d9e4a46495a3aed48eef8ce75a69d001eaa28b4c38cb0f3c921909d,CORE CFIHOS V2.0 CSV/CFIHOS CORE CFIHOS object equivalent mapping v2.0.csv,2236,source_reference_record,source_reference_record_unreviewed
CFIHOS-60001238,POSC CAESAR,RDS1016684,real,True,sha256:a69b98012d9e4a46495a3aed48eef8ce75a69d001eaa28b4c38cb0f3c921909d,CORE CFIHOS V2.0 CSV/CFIHOS CORE CFIHOS object equivalent mapping v2.0.csv,2237,source_reference_record,source_reference_record_unreviewed
CFIHOS-60001239,POSC CAESAR,RDS14208634,real,True,sha256:a69b98012d9e4a46495a3aed48eef8ce75a69d001eaa28b4c38cb0f3c921909d,CORE CFIHOS V2.0 CSV/CFIHOS CORE CFIHOS object equivalent mapping v2.0.csv,2238,source_reference_record,source_reference_record_unreviewed
CFIHOS-60001240,POSC CAESAR,RDS11854690,real,True,sha256:a69b98012d9e4a46495a3aed48eef8ce75a69d001eaa28b4c38cb0f3c921909d,CORE CFIHOS V2.0 CSV/CFIHOS CORE CFIHOS object equivalent mapping v2.0.csv,2239,source_reference_record,source_reference_record_unreviewed
CFIHOS-60001245,POSC CAESAR,RDS416744,real,True,sha256:a69b98012d9e4a46495a3aed48eef8ce75a69d001eaa28b4c38cb0f3c921909d,CORE CFIHOS V2.0 CSV/CFIHOS CORE CFIHOS object equivalent mapping v2.0.csv,2240,source_reference_record,source_reference_record_unreviewed
CFIHOS-60001246,POSC CAESAR,RDS422684,real,True,sha256:a69b98012d9e4a46495a3aed48eef8ce75a69d001eaa28b4c38cb0f3c921909d,CORE CFIHOS V2.0 CSV/CFIHOS CORE CFIHOS object equivalent mapping v2.0.csv,2241,source_reference_record,source_reference_record_unreviewed
CFIHOS-60001254,POSC CAESAR,RDS416429,real,True,sha256:a69b98012d9e4a46495a3aed48eef8ce75a69d001eaa28b4c38cb0f3c921909d,CORE CFIHOS V2.0 CSV/CFIHOS CORE CFIHOS object equivalent mapping v2.0.csv,2242,source_reference_record,source_reference_record_unreviewed
CFIHOS-60001265,POSC CAESAR,RDS2228618,real,True,sha256:a69b98012d9e4a46495a3aed48eef8ce75a69d001eaa28b4c38cb0f3c921909d,CORE CFIHOS V2.0 CSV/CFIHOS CORE CFIHOS object equivalent mapping v2.0.csv,2243,source_reference_record,source_reference_record_unreviewed
CFIHOS-60001272,POSC CAESAR,RDS2228962,real,True,sha256:a69b98012d9e4a46495a3aed48eef8ce75a69d001eaa28b4c38cb0f3c921909d,CORE CFIHOS V2.0 CSV/CFIHOS CORE CFIHOS object equivalent mapping v2.0.csv,2244,source_reference_record,source_reference_record_unreviewed
CFIHOS-60001273,POSC CAESAR,RDS2228963,real,True,sha256:a69b98012d9e4a46495a3aed48eef8ce75a69d001eaa28b4c38cb0f3c921909d,CORE CFIHOS V2.0 CSV/CFIHOS CORE CFIHOS object equivalent mapping v2.0.csv,2245,source_reference_record,source_reference_record_unreviewed
CFIHOS-60001274,POSC CAESAR,RDS817019,real,True,sha256:a69b98012d9e4a46495a3aed48eef8ce75a69d001eaa28b4c38cb0f3c921909d,CORE CFIHOS V2.0 CSV/CFIHOS CORE CFIHOS object equivalent mapping v2.0.csv,2246,source_reference_record,source_reference_record_unreviewed
CFIHOS-60001275,POSC CAESAR,RDS2228964,real,True,sha256:a69b98012d9e4a46495a3aed48eef8ce75a69d001eaa28b4c38cb0f3c921909d,CORE CFIHOS V2.0 CSV/CFIHOS CORE CFIHOS object equivalent mapping v2.0.csv,2247,source_reference_record,source_reference_record_unreviewed
CFIHOS-60001279,POSC CAESAR,RDS22260291,real,True,sha256:a69b98012d9e4a46495a3aed48eef8ce75a69d001eaa28b4c38cb0f3c921909d,CORE CFIHOS V2.0 CSV/CFIHOS CORE CFIHOS object equivalent mapping v2.0.csv,2248,source_reference_record,source_reference_record_unreviewed
CFIHOS-60001280,POSC CAESAR,RDS22260301,real,True,sha256:a69b98012d9e4a46495a3aed48eef8ce75a69d001eaa28b4c38cb0f3c921909d,CORE CFIHOS V2.0 CSV/CFIHOS CORE CFIHOS object equivalent mapping v2.0.csv,2249,source_reference_record,source_reference_record_unreviewed
CFIHOS-60001281,POSC CAESAR,RDS22260311,real,True,sha256:a69b98012d9e4a46495a3aed48eef8ce75a69d001eaa28b4c38cb0f3c921909d,CORE CFIHOS V2.0 CSV/CFIHOS CORE CFIHOS object equivalent mapping v2.0.csv,2250,source_reference_record,source_reference_record_unreviewed
CFIHOS-60001282,POSC CAESAR,RDS22260321,real,True,sha256:a69b98012d9e4a46495a3aed48eef8ce75a69d001eaa28b4c38cb0f3c921909d,CORE CFIHOS V2.0 CSV/CFIHOS CORE CFIHOS object equivalent mapping v2.0.csv,2251,source_reference_record,source_reference_record_unreviewed
CFIHOS-60001283,POSC CAESAR,RDS22260331,real,True,sha256:a69b98012d9e4a46495a3aed48eef8ce75a69d001eaa28b4c38cb0f3c921909d,CORE CFIHOS V2.0 CSV/CFIHOS CORE CFIHOS object equivalent mapping v2.0.csv,2252,source_reference_record,source_reference_record_unreviewed
CFIHOS-60001284,POSC CAESAR,RDS22260341,real,True,sha256:a69b98012d9e4a46495a3aed48eef8ce75a69d001eaa28b4c38cb0f3c921909d,CORE CFIHOS V2.0 CSV/CFIHOS CORE CFIHOS object equivalent mapping v2.0.csv,2253,source_reference_record,source_reference_record_unreviewed
CFIHOS-60001285,POSC CAESAR,RDS2226058,real,True,sha256:a69b98012d9e4a46495a3aed48eef8ce75a69d001eaa28b4c38cb0f3c921909d,CORE CFIHOS V2.0 CSV/CFIHOS CORE CFIHOS object equivalent mapping v2.0.csv,2254,source_reference_record,source_reference_record_unreviewed
CFIHOS-60001286,POSC CAESAR,RDS426959,real,True,sha256:a69b98012d9e4a46495a3aed48eef8ce75a69d001eaa28b4c38cb0f3c921909d,CORE CFIHOS V2.0 CSV/CFIHOS CORE CFIHOS object equivalent mapping v2.0.csv,2255,source_reference_record,source_reference_record_unreviewed
CFIHOS-60001287,POSC CAESAR,RDS2221125,real,True,sha256:a69b98012d9e4a46495a3aed48eef8ce75a69d001eaa28b4c38cb0f3c921909d,CORE CFIHOS V2.0 CSV/CFIHOS CORE CFIHOS object equivalent mapping v2.0.csv,2256,source_reference_record,source_reference_record_unreviewed
CFIHOS-60001290,POSC CAESAR,RDS637424,real,True,sha256:a69b98012d9e4a46495a3aed48eef8ce75a69d001eaa28b4c38cb0f3c921909d,CORE CFIHOS V2.0 CSV/CFIHOS CORE CFIHOS object equivalent mapping v2.0.csv,2257,source_reference_record,source_reference_record_unreviewed
CFIHOS-60001291,POSC CAESAR,RDS637424,real,True,sha256:a69b98012d9e4a46495a3aed48eef8ce75a69d001eaa28b4c38cb0f3c921909d,CORE CFIHOS V2.0 CSV/CFIHOS CORE CFIHOS object equivalent mapping v2.0.csv,2258,source_reference_record,source_reference_record_unreviewed
CFIHOS-60001292,POSC CAESAR,RDS2228670,real,True,sha256:a69b98012d9e4a46495a3aed48eef8ce75a69d001eaa28b4c38cb0f3c921909d,CORE CFIHOS V2.0 CSV/CFIHOS CORE CFIHOS object equivalent mapping v2.0.csv,2259,source_reference_record,source_reference_record_unreviewed
CFIHOS-60001293,POSC CAESAR,RDS2228670,real,True,sha256:a69b98012d9e4a46495a3aed48eef8ce75a69d001eaa28b4c38cb0f3c921909d,CORE CFIHOS V2.0 CSV/CFIHOS CORE CFIHOS object equivalent mapping v2.0.csv,2260,source_reference_record,source_reference_record_unreviewed
CFIHOS-60001294,POSC CAESAR,RDS2224718,real,True,sha256:a69b98012d9e4a46495a3aed48eef8ce75a69d001eaa28b4c38cb0f3c921909d,CORE CFIHOS V2.0 CSV/CFIHOS CORE CFIHOS object equivalent mapping v2.0.csv,2261,source_reference_record,source_reference_record_unreviewed
CFIHOS-60001296,POSC CAESAR,RDS2225363,real,True,sha256:a69b98012d9e4a46495a3aed48eef8ce75a69d001eaa28b4c38cb0f3c921909d,CORE CFIHOS V2.0 CSV/CFIHOS CORE CFIHOS object equivalent mapping v2.0.csv,2262,source_reference_record,source_reference_record_unreviewed
CFIHOS-60001297,POSC CAESAR,RDS1066969820,real,True,sha256:a69b98012d9e4a46495a3aed48eef8ce75a69d001eaa28b4c38cb0f3c921909d,CORE CFIHOS V2.0 CSV/CFIHOS CORE CFIHOS object equivalent mapping v2.0.csv,2263,source_reference_record,source_reference_record_unreviewed
CFIHOS-60001302,POSC CAESAR,RDS817244,real,True,sha256:a69b98012d9e4a46495a3aed48eef8ce75a69d001eaa28b4c38cb0f3c921909d,CORE CFIHOS V2.0 CSV/CFIHOS CORE CFIHOS object equivalent mapping v2.0.csv,2264,source_reference_record,source_reference_record_unreviewed
CFIHOS-60001303,POSC CAESAR,RDS4316887025,real,True,sha256:a69b98012d9e4a46495a3aed48eef8ce75a69d001eaa28b4c38cb0f3c921909d,CORE CFIHOS V2.0 CSV/CFIHOS CORE CFIHOS object equivalent mapping v2.0.csv,2265,source_reference_record,source_reference_record_unreviewed
CFIHOS-60001312,POSC CAESAR,RDS2228499,real,True,sha256:a69b98012d9e4a46495a3aed48eef8ce75a69d001eaa28b4c38cb0f3c921909d,CORE CFIHOS V2.0 CSV/CFIHOS CORE CFIHOS object equivalent mapping v2.0.csv,2266,source_reference_record,source_reference_record_unreviewed
CFIHOS-60001320,POSC CAESAR,RDS2228673,real,True,sha256:a69b98012d9e4a46495a3aed48eef8ce75a69d001eaa28b4c38cb0f3c921909d,CORE CFIHOS V2.0 CSV/CFIHOS CORE CFIHOS object equivalent mapping v2.0.csv,2267,source_reference_record,source_reference_record_unreviewed
CFIHOS-60001321,POSC CAESAR,RDS646289,real,True,sha256:a69b98012d9e4a46495a3aed48eef8ce75a69d001eaa28b4c38cb0f3c921909d,CORE CFIHOS V2.0 CSV/CFIHOS CORE CFIHOS object equivalent mapping v2.0.csv,2268,source_reference_record,source_reference_record_unreviewed
CFIHOS-60001322,POSC CAESAR,RDS6331685,real,True,sha256:a69b98012d9e4a46495a3aed48eef8ce75a69d001eaa28b4c38cb0f3c921909d,CORE CFIHOS V2.0 CSV/CFIHOS CORE CFIHOS object equivalent mapping v2.0.csv,2269,source_reference_record,source_reference_record_unreviewed
CFIHOS-60001323,POSC CAESAR,RDS13034430,real,True,sha256:a69b98012d9e4a46495a3aed48eef8ce75a69d001eaa28b4c38cb0f3c921909d,CORE CFIHOS V2.0 CSV/CFIHOS CORE CFIHOS object equivalent mapping v2.0.csv,2270,source_reference_record,source_reference_record_unreviewed
CFIHOS-60001326,POSC CAESAR,RDS1289809551,real,True,sha256:a69b98012d9e4a46495a3aed48eef8ce75a69d001eaa28b4c38cb0f3c921909d,CORE CFIHOS V2.0 CSV/CFIHOS CORE CFIHOS object equivalent mapping v2.0.csv,2271,source_reference_record,source_reference_record_unreviewed
CFIHOS-60001328,POSC CAESAR,RDS5857585,real,True,sha256:a69b98012d9e4a46495a3aed48eef8ce75a69d001eaa28b4c38cb0f3c921909d,CORE CFIHOS V2.0 CSV/CFIHOS CORE CFIHOS object equivalent mapping v2.0.csv,2272,source_reference_record,source_reference_record_unreviewed
CFIHOS-60001336,POSC CAESAR,RDS2226081,real,True,sha256:a69b98012d9e4a46495a3aed48eef8ce75a69d001eaa28b4c38cb0f3c921909d,CORE CFIHOS V2.0 CSV/CFIHOS CORE CFIHOS object equivalent mapping v2.0.csv,2273,source_reference_record,source_reference_record_unreviewed
CFIHOS-60001338,POSC CAESAR,RDS1012769,real,True,sha256:a69b98012d9e4a46495a3aed48eef8ce75a69d001eaa28b4c38cb0f3c921909d,CORE CFIHOS V2.0 CSV/CFIHOS CORE CFIHOS object equivalent mapping v2.0.csv,2274,source_reference_record,source_reference_record_unreviewed
CFIHOS-60001339,POSC CAESAR,RDS1012769,real,True,sha256:a69b98012d9e4a46495a3aed48eef8ce75a69d001eaa28b4c38cb0f3c921909d,CORE CFIHOS V2.0 CSV/CFIHOS CORE CFIHOS object equivalent mapping v2.0.csv,2275,source_reference_record,source_reference_record_unreviewed
CFIHOS-60001340,POSC CAESAR,RDS2226083,real,True,sha256:a69b98012d9e4a46495a3aed48eef8ce75a69d001eaa28b4c38cb0f3c921909d,CORE CFIHOS V2.0 CSV/CFIHOS CORE CFIHOS object equivalent mapping v2.0.csv,2276,source_reference_record,source_reference_record_unreviewed
CFIHOS-60001341,POSC CAESAR,RDS2226083,real,True,sha256:a69b98012d9e4a46495a3aed48eef8ce75a69d001eaa28b4c38cb0f3c921909d,CORE CFIHOS V2.0 CSV/CFIHOS CORE CFIHOS object equivalent mapping v2.0.csv,2277,source_reference_record,source_reference_record_unreviewed
CFIHOS-60001342,POSC CAESAR,RDS2228604,real,True,sha256:a69b98012d9e4a46495a3aed48eef8ce75a69d001eaa28b4c38cb0f3c921909d,CORE CFIHOS V2.0 CSV/CFIHOS CORE CFIHOS object equivalent mapping v2.0.csv,2278,source_reference_record,source_reference_record_unreviewed
CFIHOS-60001349,POSC CAESAR,RDS14057695,real,True,sha256:a69b98012d9e4a46495a3aed48eef8ce75a69d001eaa28b4c38cb0f3c921909d,CORE CFIHOS V2.0 CSV/CFIHOS CORE CFIHOS object equivalent mapping v2.0.csv,2279,source_reference_record,source_reference_record_unreviewed
CFIHOS-60001354,POSC CAESAR,RDS13598667,real,True,sha256:a69b98012d9e4a46495a3aed48eef8ce75a69d001eaa28b4c38cb0f3c921909d,CORE CFIHOS V2.0 CSV/CFIHOS CORE CFIHOS object equivalent mapping v2.0.csv,2280,source_reference_record,source_reference_record_unreviewed
CFIHOS-60001363,POSC CAESAR,RDS1012814,real,True,sha256:a69b98012d9e4a46495a3aed48eef8ce75a69d001eaa28b4c38cb0f3c921909d,CORE CFIHOS V2.0 CSV/CFIHOS CORE CFIHOS object equivalent mapping v2.0.csv,2281,source_reference_record,source_reference_record_unreviewed
CFIHOS-60001368,POSC CAESAR,RDS11215931,real,True,sha256:a69b98012d9e4a46495a3aed48eef8ce75a69d001eaa28b4c38cb0f3c921909d,CORE CFIHOS V2.0 CSV/CFIHOS CORE CFIHOS object equivalent mapping v2.0.csv,2282,source_reference_record,source_reference_record_unreviewed
CFIHOS-60001369,POSC CAESAR,RDS4316908510,real,True,sha256:a69b98012d9e4a46495a3aed48eef8ce75a69d001eaa28b4c38cb0f3c921909d,CORE CFIHOS V2.0 CSV/CFIHOS CORE CFIHOS object equivalent mapping v2.0.csv,2283,source_reference_record,source_reference_record_unreviewed
CFIHOS-60001370,POSC CAESAR,RDS2226057,real,True,sha256:a69b98012d9e4a46495a3aed48eef8ce75a69d001eaa28b4c38cb0f3c921909d,CORE CFIHOS V2.0 CSV/CFIHOS CORE CFIHOS object equivalent mapping v2.0.csv,2284,source_reference_record,source_reference_record_unreviewed
CFIHOS-60001372,POSC CAESAR,RDS2220058,real,True,sha256:a69b98012d9e4a46495a3aed48eef8ce75a69d001eaa28b4c38cb0f3c921909d,CORE CFIHOS V2.0 CSV/CFIHOS CORE CFIHOS object equivalent mapping v2.0.csv,2285,source_reference_record,source_reference_record_unreviewed
CFIHOS-60001373,POSC CAESAR,RDS16552864,real,True,sha256:a69b98012d9e4a46495a3aed48eef8ce75a69d001eaa28b4c38cb0f3c921909d,CORE CFIHOS V2.0 CSV/CFIHOS CORE CFIHOS object equivalent mapping v2.0.csv,2286,source_reference_record,source_reference_record_unreviewed
CFIHOS-60001375,POSC CAESAR,RDS5766187,real,True,sha256:a69b98012d9e4a46495a3aed48eef8ce75a69d001eaa28b4c38cb0f3c921909d,CORE CFIHOS V2.0 CSV/CFIHOS CORE CFIHOS object equivalent mapping v2.0.csv,2287,source_reference_record,source_reference_record_unreviewed
CFIHOS-60001392,POSC CAESAR,RDS869849,real,True,sha256:a69b98012d9e4a46495a3aed48eef8ce75a69d001eaa28b4c38cb0f3c921909d,CORE CFIHOS V2.0 CSV/CFIHOS CORE CFIHOS object equivalent mapping v2.0.csv,2288,source_reference_record,source_reference_record_unreviewed
CFIHOS-60001393,POSC CAESAR,RDS5760491,real,True,sha256:a69b98012d9e4a46495a3aed48eef8ce75a69d001eaa28b4c38cb0f3c921909d,CORE CFIHOS V2.0 CSV/CFIHOS CORE CFIHOS object equivalent mapping v2.0.csv,2289,source_reference_record,source_reference_record_unreviewed
CFIHOS-60001396,POSC CAESAR,RDS4974055555,real,True,sha256:a69b98012d9e4a46495a3aed48eef8ce75a69d001eaa28b4c38cb0f3c921909d,CORE CFIHOS V2.0 CSV/CFIHOS CORE CFIHOS object equivalent mapping v2.0.csv,2290,source_reference_record,source_reference_record_unreviewed
CFIHOS-60001397,POSC CAESAR,RDS4974055578,real,True,sha256:a69b98012d9e4a46495a3aed48eef8ce75a69d001eaa28b4c38cb0f3c921909d,CORE CFIHOS V2.0 CSV/CFIHOS CORE CFIHOS object equivalent mapping v2.0.csv,2291,source_reference_record,source_reference_record_unreviewed
CFIHOS-60001398,POSC CAESAR,RDS49740555101,real,True,sha256:a69b98012d9e4a46495a3aed48eef8ce75a69d001eaa28b4c38cb0f3c921909d,CORE CFIHOS V2.0 CSV/CFIHOS CORE CFIHOS object equivalent mapping v2.0.csv,2292,source_reference_record,source_reference_record_unreviewed
CFIHOS-60001413,POSC CAESAR,RDS11617515,real,True,sha256:a69b98012d9e4a46495a3aed48eef8ce75a69d001eaa28b4c38cb0f3c921909d,CORE CFIHOS V2.0 CSV/CFIHOS CORE CFIHOS object equivalent mapping v2.0.csv,2293,source_reference_record,source_reference_record_unreviewed
CFIHOS-60001414,POSC CAESAR,RDS2228040,real,True,sha256:a69b98012d9e4a46495a3aed48eef8ce75a69d001eaa28b4c38cb0f3c921909d,CORE CFIHOS V2.0 CSV/CFIHOS CORE CFIHOS object equivalent mapping v2.0.csv,2294,source_reference_record,source_reference_record_unreviewed
CFIHOS-60001416,POSC CAESAR,RDS2229160,real,True,sha256:a69b98012d9e4a46495a3aed48eef8ce75a69d001eaa28b4c38cb0f3c921909d,CORE CFIHOS V2.0 CSV/CFIHOS CORE CFIHOS object equivalent mapping v2.0.csv,2295,source_reference_record,source_reference_record_unreviewed
CFIHOS-60001418,POSC CAESAR,RDS8648500,real,True,sha256:a69b98012d9e4a46495a3aed48eef8ce75a69d001eaa28b4c38cb0f3c921909d,CORE CFIHOS V2.0 CSV/CFIHOS CORE CFIHOS object equivalent mapping v2.0.csv,2296,source_reference_record,source_reference_record_unreviewed
CFIHOS-60001422,ISO 15926 part4,23286,real,True,sha256:a69b98012d9e4a46495a3aed48eef8ce75a69d001eaa28b4c38cb0f3c921909d,CORE CFIHOS V2.0 CSV/CFIHOS CORE CFIHOS object equivalent mapping v2.0.csv,2297,source_reference_record,source_reference_record_unreviewed
CFIHOS-60001422,POSC CAESAR,RDS1346759,real,True,sha256:a69b98012d9e4a46495a3aed48eef8ce75a69d001eaa28b4c38cb0f3c921909d,CORE CFIHOS V2.0 CSV/CFIHOS CORE CFIHOS object equivalent mapping v2.0.csv,2298,source_reference_record,source_reference_record_unreviewed
CFIHOS-60001423,ISO 15926 part4,23606,real,True,sha256:a69b98012d9e4a46495a3aed48eef8ce75a69d001eaa28b4c38cb0f3c921909d,CORE CFIHOS V2.0 CSV/CFIHOS CORE CFIHOS object equivalent mapping v2.0.csv,2299,source_reference_record,source_reference_record_unreviewed
CFIHOS-60001423,POSC CAESAR,RDS1347974,real,True,sha256:a69b98012d9e4a46495a3aed48eef8ce75a69d001eaa28b4c38cb0f3c921909d,CORE CFIHOS V2.0 CSV/CFIHOS CORE CFIHOS object equivalent mapping v2.0.csv,2300,source_reference_record,source_reference_record_unreviewed
CFIHOS-60001425,ISO 15926 part4,23826,real,True,sha256:a69b98012d9e4a46495a3aed48eef8ce75a69d001eaa28b4c38cb0f3c921909d,CORE CFIHOS V2.0 CSV/CFIHOS CORE CFIHOS object equivalent mapping v2.0.csv,2301,source_reference_record,source_reference_record_unreviewed
CFIHOS-60001425,POSC CAESAR,RDS1348334,real,True,sha256:a69b98012d9e4a46495a3aed48eef8ce75a69d001eaa28b4c38cb0f3c921909d,CORE CFIHOS V2.0 CSV/CFIHOS CORE CFIHOS object equivalent mapping v2.0.csv,2302,source_reference_record,source_reference_record_unreviewed
CFIHOS-60001426,ISO 15926 part4,24288,real,True,sha256:a69b98012d9e4a46495a3aed48eef8ce75a69d001eaa28b4c38cb0f3c921909d,CORE CFIHOS V2.0 CSV/CFIHOS CORE CFIHOS object equivalent mapping v2.0.csv,2303,source_reference_record,source_reference_record_unreviewed
CFIHOS-60001426,POSC CAESAR,RDS4316908552,real,True,sha256:a69b98012d9e4a46495a3aed48eef8ce75a69d001eaa28b4c38cb0f3c921909d,CORE CFIHOS V2.0 CSV/CFIHOS CORE CFIHOS object equivalent mapping v2.0.csv,2304,source_reference_record,source_reference_record_unreviewed
CFIHOS-60001427,ISO 15926 part4,25350,real,True,sha256:a69b98012d9e4a46495a3aed48eef8ce75a69d001eaa28b4c38cb0f3c921909d,CORE CFIHOS V2.0 CSV/CFIHOS CORE CFIHOS object equivalent mapping v2.0.csv,2305,source_reference_record,source_reference_record_unreviewed
CFIHOS-60001427,POSC CAESAR,RDS1313954,real,True,sha256:a69b98012d9e4a46495a3aed48eef8ce75a69d001eaa28b4c38cb0f3c921909d,CORE CFIHOS V2.0 CSV/CFIHOS CORE CFIHOS object equivalent mapping v2.0.csv,2306,source_reference_record,source_reference_record_unreviewed
CFIHOS-60001428,ISO 15926 part4,25351,real,True,sha256:a69b98012d9e4a46495a3aed48eef8ce75a69d001eaa28b4c38cb0f3c921909d,CORE CFIHOS V2.0 CSV/CFIHOS CORE CFIHOS object equivalent mapping v2.0.csv,2307,source_reference_record,source_reference_record_unreviewed
CFIHOS-60001428,POSC CAESAR,RDS1313999,real,True,sha256:a69b98012d9e4a46495a3aed48eef8ce75a69d001eaa28b4c38cb0f3c921909d,CORE CFIHOS V2.0 CSV/CFIHOS CORE CFIHOS object equivalent mapping v2.0.csv,2308,source_reference_record,source_reference_record_unreviewed
CFIHOS-60001429,ISO 15926 part4,25402,real,True,sha256:a69b98012d9e4a46495a3aed48eef8ce75a69d001eaa28b4c38cb0f3c921909d,CORE CFIHOS V2.0 CSV/CFIHOS CORE CFIHOS object equivalent mapping v2.0.csv,2309,source_reference_record,source_reference_record_unreviewed
CFIHOS-60001429,POSC CAESAR,RDS1314224,real,True,sha256:a69b98012d9e4a46495a3aed48eef8ce75a69d001eaa28b4c38cb0f3c921909d,CORE CFIHOS V2.0 CSV/CFIHOS CORE CFIHOS object equivalent mapping v2.0.csv,2310,source_reference_record,source_reference_record_unreviewed
CFIHOS-60001430,ISO 15926 part4,25685,real,True,sha256:a69b98012d9e4a46495a3aed48eef8ce75a69d001eaa28b4c38cb0f3c921909d,CORE CFIHOS V2.0 CSV/CFIHOS CORE CFIHOS object equivalent mapping v2.0.csv,2311,source_reference_record,source_reference_record_unreviewed
CFIHOS-60001430,POSC CAESAR,RDS1348919,real,True,sha256:a69b98012d9e4a46495a3aed48eef8ce75a69d001eaa28b4c38cb0f3c921909d,CORE CFIHOS V2.0 CSV/CFIHOS CORE CFIHOS object equivalent mapping v2.0.csv,2312,source_reference_record,source_reference_record_unreviewed
CFIHOS-60001431,ISO 15926 part4,25686,real,True,sha256:a69b98012d9e4a46495a3aed48eef8ce75a69d001eaa28b4c38cb0f3c921909d,CORE CFIHOS V2.0 CSV/CFIHOS CORE CFIHOS object equivalent mapping v2.0.csv,2313,source_reference_record,source_reference_record_unreviewed
CFIHOS-60001431,POSC CAESAR,RDS1348874,real,True,sha256:a69b98012d9e4a46495a3aed48eef8ce75a69d001eaa28b4c38cb0f3c921909d,CORE CFIHOS V2.0 CSV/CFIHOS CORE CFIHOS object equivalent mapping v2.0.csv,2314,source_reference_record,source_reference_record_unreviewed
CFIHOS-60001432,ISO 15926 part4,10827,real,True,sha256:a69b98012d9e4a46495a3aed48eef8ce75a69d001eaa28b4c38cb0f3c921909d,CORE CFIHOS V2.0 CSV/CFIHOS CORE CFIHOS object equivalent mapping v2.0.csv,2315,source_reference_record,source_reference_record_unreviewed
CFIHOS-60001432,POSC CAESAR,RDS1318274,real,True,sha256:a69b98012d9e4a46495a3aed48eef8ce75a69d001eaa28b4c38cb0f3c921909d,CORE CFIHOS V2.0 CSV/CFIHOS CORE CFIHOS object equivalent mapping v2.0.csv,2316,source_reference_record,source_reference_record_unreviewed
CFIHOS-60001433,ISO 15926 part4,10832,real,True,sha256:a69b98012d9e4a46495a3aed48eef8ce75a69d001eaa28b4c38cb0f3c921909d,CORE CFIHOS V2.0 CSV/CFIHOS CORE CFIHOS object equivalent mapping v2.0.csv,2317,source_reference_record,source_reference_record_unreviewed
CFIHOS-60001433,POSC CAESAR,RDS43165906236,real,True,sha256:a69b98012d9e4a46495a3aed48eef8ce75a69d001eaa28b4c38cb0f3c921909d,CORE CFIHOS V2.0 CSV/CFIHOS CORE CFIHOS object equivalent mapping v2.0.csv,2318,source_reference_record,source_reference_record_unreviewed
CFIHOS-60001434,ISO 15926 part4,12080,real,True,sha256:a69b98012d9e4a46495a3aed48eef8ce75a69d001eaa28b4c38cb0f3c921909d,CORE CFIHOS V2.0 CSV/CFIHOS CORE CFIHOS object equivalent mapping v2.0.csv,2319,source_reference_record,source_reference_record_unreviewed
CFIHOS-60001434,POSC CAESAR,RDS1322324,real,True,sha256:a69b98012d9e4a46495a3aed48eef8ce75a69d001eaa28b4c38cb0f3c921909d,CORE CFIHOS V2.0 CSV/CFIHOS CORE CFIHOS object equivalent mapping v2.0.csv,2320,source_reference_record,source_reference_record_unreviewed
CFIHOS-60001435,ISO 15926 part4,12128,real,True,sha256:a69b98012d9e4a46495a3aed48eef8ce75a69d001eaa28b4c38cb0f3c921909d,CORE CFIHOS V2.0 CSV/CFIHOS CORE CFIHOS object equivalent mapping v2.0.csv,2321,source_reference_record,source_reference_record_unreviewed
CFIHOS-60001435,POSC CAESAR,RDS1322684,real,True,sha256:a69b98012d9e4a46495a3aed48eef8ce75a69d001eaa28b4c38cb0f3c921909d,CORE CFIHOS V2.0 CSV/CFIHOS CORE CFIHOS object equivalent mapping v2.0.csv,2322,source_reference_record,source_reference_record_unreviewed
CFIHOS-60001436,ISO 15926 part4,12132,real,True,sha256:a69b98012d9e4a46495a3aed48eef8ce75a69d001eaa28b4c38cb0f3c921909d,CORE CFIHOS V2.0 CSV/CFIHOS CORE CFIHOS object equivalent mapping v2.0.csv,2323,source_reference_record,source_reference_record_unreviewed
CFIHOS-60001436,POSC CAESAR,RDS1322549,real,True,sha256:a69b98012d9e4a46495a3aed48eef8ce75a69d001eaa28b4c38cb0f3c921909d,CORE CFIHOS V2.0 CSV/CFIHOS CORE CFIHOS object equivalent mapping v2.0.csv,2324,source_reference_record,source_reference_record_unreviewed
CFIHOS-60001437,ISO 15926 part4,13486,real,True,sha256:a69b98012d9e4a46495a3aed48eef8ce75a69d001eaa28b4c38cb0f3c921909d,CORE CFIHOS V2.0 CSV/CFIHOS CORE CFIHOS object equivalent mapping v2.0.csv,2325,source_reference_record,source_reference_record_unreviewed
CFIHOS-60001437,POSC CAESAR,RDS1324034,real,True,sha256:a69b98012d9e4a46495a3aed48eef8ce75a69d001eaa28b4c38cb0f3c921909d,CORE CFIHOS V2.0 CSV/CFIHOS CORE CFIHOS object equivalent mapping v2.0.csv,2326,source_reference_record,source_reference_record_unreviewed
CFIHOS-60001438,ISO 15926 part4,14090,real,True,sha256:a69b98012d9e4a46495a3aed48eef8ce75a69d001eaa28b4c38cb0f3c921909d,CORE CFIHOS V2.0 CSV/CFIHOS CORE CFIHOS object equivalent mapping v2.0.csv,2327,source_reference_record,source_reference_record_unreviewed
CFIHOS-60001438,POSC CAESAR,RDS1324664,real,True,sha256:a69b98012d9e4a46495a3aed48eef8ce75a69d001eaa28b4c38cb0f3c921909d,CORE CFIHOS V2.0 CSV/CFIHOS CORE CFIHOS object equivalent mapping v2.0.csv,2328,source_reference_record,source_reference_record_unreviewed
CFIHOS-60001439,ISO 15926 part4,11825,real,True,sha256:a69b98012d9e4a46495a3aed48eef8ce75a69d001eaa28b4c38cb0f3c921909d,CORE CFIHOS V2.0 CSV/CFIHOS CORE CFIHOS object equivalent mapping v2.0.csv,2329,source_reference_record,source_reference_record_unreviewed
CFIHOS-60001439,POSC CAESAR,RDS1319669,real,True,sha256:a69b98012d9e4a46495a3aed48eef8ce75a69d001eaa28b4c38cb0f3c921909d,CORE CFIHOS V2.0 CSV/CFIHOS CORE CFIHOS object equivalent mapping v2.0.csv,2330,source_reference_record,source_reference_record_unreviewed
CFIHOS-60001440,ISO 15926 part4,14094,real,True,sha256:a69b98012d9e4a46495a3aed48eef8ce75a69d001eaa28b4c38cb0f3c921909d,CORE CFIHOS V2.0 CSV/CFIHOS CORE CFIHOS object equivalent mapping v2.0.csv,2331,source_reference_record,source_reference_record_unreviewed
CFIHOS-60001440,POSC CAESAR,RDS1320029,real,True,sha256:a69b98012d9e4a46495a3aed48eef8ce75a69d001eaa28b4c38cb0f3c921909d,CORE CFIHOS V2.0 CSV/CFIHOS CORE CFIHOS object equivalent mapping v2.0.csv,2332,source_reference_record,source_reference_record_unreviewed
CFIHOS-60001441,ISO 15926 part4,14116,real,True,sha256:a69b98012d9e4a46495a3aed48eef8ce75a69d001eaa28b4c38cb0f3c921909d,CORE CFIHOS V2.0 CSV/CFIHOS CORE CFIHOS object equivalent mapping v2.0.csv,2333,source_reference_record,source_reference_record_unreviewed
CFIHOS-60001441,POSC CAESAR,RDS1324439,real,True,sha256:a69b98012d9e4a46495a3aed48eef8ce75a69d001eaa28b4c38cb0f3c921909d,CORE CFIHOS V2.0 CSV/CFIHOS CORE CFIHOS object equivalent mapping v2.0.csv,2334,source_reference_record,source_reference_record_unreviewed
CFIHOS-60001442,ISO 15926 part4,14132,real,True,sha256:a69b98012d9e4a46495a3aed48eef8ce75a69d001eaa28b4c38cb0f3c921909d,CORE CFIHOS V2.0 CSV/CFIHOS CORE CFIHOS object equivalent mapping v2.0.csv,2335,source_reference_record,source_reference_record_unreviewed
CFIHOS-60001442,POSC CAESAR,RDS1342934,real,True,sha256:a69b98012d9e4a46495a3aed48eef8ce75a69d001eaa28b4c38cb0f3c921909d,CORE CFIHOS V2.0 CSV/CFIHOS CORE CFIHOS object equivalent mapping v2.0.csv,2336,source_reference_record,source_reference_record_unreviewed
CFIHOS-60001443,ISO 15926 part4,14932,real,True,sha256:a69b98012d9e4a46495a3aed48eef8ce75a69d001eaa28b4c38cb0f3c921909d,CORE CFIHOS V2.0 CSV/CFIHOS CORE CFIHOS object equivalent mapping v2.0.csv,2337,source_reference_record,source_reference_record_unreviewed
CFIHOS-60001443,POSC CAESAR,RDS1326464,real,True,sha256:a69b98012d9e4a46495a3aed48eef8ce75a69d001eaa28b4c38cb0f3c921909d,CORE CFIHOS V2.0 CSV/CFIHOS CORE CFIHOS object equivalent mapping v2.0.csv,2338,source_reference_record,source_reference_record_unreviewed
CFIHOS-60001444,ISO 15926 part4,17159,real,True,sha256:a69b98012d9e4a46495a3aed48eef8ce75a69d001eaa28b4c38cb0f3c921909d,CORE CFIHOS V2.0 CSV/CFIHOS CORE CFIHOS object equivalent mapping v2.0.csv,2339,source_reference_record,source_reference_record_unreviewed
CFIHOS-60001444,POSC CAESAR,RDS1359450791,real,True,sha256:a69b98012d9e4a46495a3aed48eef8ce75a69d001eaa28b4c38cb0f3c921909d,CORE CFIHOS V2.0 CSV/CFIHOS CORE CFIHOS object equivalent mapping v2.0.csv,2340,source_reference_record,source_reference_record_unreviewed
CFIHOS-60001445,ISO 15926 part4,15038,real,True,sha256:a69b98012d9e4a46495a3aed48eef8ce75a69d001eaa28b4c38cb0f3c921909d,CORE CFIHOS V2.0 CSV/CFIHOS CORE CFIHOS object equivalent mapping v2.0.csv,2341,source_reference_record,source_reference_record_unreviewed
CFIHOS-60001445,POSC CAESAR,RDS1326734,real,True,sha256:a69b98012d9e4a46495a3aed48eef8ce75a69d001eaa28b4c38cb0f3c921909d,CORE CFIHOS V2.0 CSV/CFIHOS CORE CFIHOS object equivalent mapping v2.0.csv,2342,source_reference_record,source_reference_record_unreviewed
CFIHOS-60001446,ISO 15926 part4,15347,real,True,sha256:a69b98012d9e4a46495a3aed48eef8ce75a69d001eaa28b4c38cb0f3c921909d,CORE CFIHOS V2.0 CSV/CFIHOS CORE CFIHOS object equivalent mapping v2.0.csv,2343,source_reference_record,source_reference_record_unreviewed
CFIHOS-60001446,POSC CAESAR,RDS1326959,real,True,sha256:a69b98012d9e4a46495a3aed48eef8ce75a69d001eaa28b4c38cb0f3c921909d,CORE CFIHOS V2.0 CSV/CFIHOS CORE CFIHOS object equivalent mapping v2.0.csv,2344,source_reference_record,source_reference_record_unreviewed
CFIHOS-60001447,ISO 15926 part4,15358,real,True,sha256:a69b98012d9e4a46495a3aed48eef8ce75a69d001eaa28b4c38cb0f3c921909d,CORE CFIHOS V2.0 CSV/CFIHOS CORE CFIHOS object equivalent mapping v2.0.csv,2345,source_reference_record,source_reference_record_unreviewed
CFIHOS-60001447,POSC CAESAR,RDS1342979,real,True,sha256:a69b98012d9e4a46495a3aed48eef8ce75a69d001eaa28b4c38cb0f3c921909d,CORE CFIHOS V2.0 CSV/CFIHOS CORE CFIHOS object equivalent mapping v2.0.csv,2346,source_reference_record,source_reference_record_unreviewed
CFIHOS-60001448,ISO 15926 part4,15902,real,True,sha256:a69b98012d9e4a46495a3aed48eef8ce75a69d001eaa28b4c38cb0f3c921909d,CORE CFIHOS V2.0 CSV/CFIHOS CORE CFIHOS object equivalent mapping v2.0.csv,2347,source_reference_record,source_reference_record_unreviewed
CFIHOS-60001448,POSC CAESAR,RDS4316756455,real,True,sha256:a69b98012d9e4a46495a3aed48eef8ce75a69d001eaa28b4c38cb0f3c921909d,CORE CFIHOS V2.0 CSV/CFIHOS CORE CFIHOS object equivalent mapping v2.0.csv,2348,source_reference_record,source_reference_record_unreviewed
CFIHOS-60001449,ISO 15926 part4,15928,real,True,sha256:a69b98012d9e4a46495a3aed48eef8ce75a69d001eaa28b4c38cb0f3c921909d,CORE CFIHOS V2.0 CSV/CFIHOS CORE CFIHOS object equivalent mapping v2.0.csv,2349,source_reference_record,source_reference_record_unreviewed
CFIHOS-60001449,POSC CAESAR,RDS1328669,real,True,sha256:a69b98012d9e4a46495a3aed48eef8ce75a69d001eaa28b4c38cb0f3c921909d,CORE CFIHOS V2.0 CSV/CFIHOS CORE CFIHOS object equivalent mapping v2.0.csv,2350,source_reference_record,source_reference_record_unreviewed
CFIHOS-60001450,ISO 15926 part4,15953,real,True,sha256:a69b98012d9e4a46495a3aed48eef8ce75a69d001eaa28b4c38cb0f3c921909d,CORE CFIHOS V2.0 CSV/CFIHOS CORE CFIHOS object equivalent mapping v2.0.csv,2351,source_reference_record,source_reference_record_unreviewed
CFIHOS-60001450,POSC CAESAR,RDS1329344,real,True,sha256:a69b98012d9e4a46495a3aed48eef8ce75a69d001eaa28b4c38cb0f3c921909d,CORE CFIHOS V2.0 CSV/CFIHOS CORE CFIHOS object equivalent mapping v2.0.csv,2352,source_reference_record,source_reference_record_unreviewed
CFIHOS-60001451,ISO 15926 part4,15963,real,True,sha256:a69b98012d9e4a46495a3aed48eef8ce75a69d001eaa28b4c38cb0f3c921909d,CORE CFIHOS V2.0 CSV/CFIHOS CORE CFIHOS object equivalent mapping v2.0.csv,2353,source_reference_record,source_reference_record_unreviewed
CFIHOS-60001451,POSC CAESAR,RDS1354454,real,True,sha256:a69b98012d9e4a46495a3aed48eef8ce75a69d001eaa28b4c38cb0f3c921909d,CORE CFIHOS V2.0 CSV/CFIHOS CORE CFIHOS object equivalent mapping v2.0.csv,2354,source_reference_record,source_reference_record_unreviewed
CFIHOS-60001452,ISO 15926 part4,15969,real,True,sha256:a69b98012d9e4a46495a3aed48eef8ce75a69d001eaa28b4c38cb0f3c921909d,CORE CFIHOS V2.0 CSV/CFIHOS CORE CFIHOS object equivalent mapping v2.0.csv,2355,source_reference_record,source_reference_record_unreviewed
CFIHOS-60001452,POSC CAESAR,RDS1329659,real,True,sha256:a69b98012d9e4a46495a3aed48eef8ce75a69d001eaa28b4c38cb0f3c921909d,CORE CFIHOS V2.0 CSV/CFIHOS CORE CFIHOS object equivalent mapping v2.0.csv,2356,source_reference_record,source_reference_record_unreviewed
CFIHOS-60001453,ISO 15926 part4,15988,real,True,sha256:a69b98012d9e4a46495a3aed48eef8ce75a69d001eaa28b4c38cb0f3c921909d,CORE CFIHOS V2.0 CSV/CFIHOS CORE CFIHOS object equivalent mapping v2.0.csv,2357,source_reference_record,source_reference_record_unreviewed
CFIHOS-60001453,POSC CAESAR,RDS1329884,real,True,sha256:a69b98012d9e4a46495a3aed48eef8ce75a69d001eaa28b4c38cb0f3c921909d,CORE CFIHOS V2.0 CSV/CFIHOS CORE CFIHOS object equivalent mapping v2.0.csv,2358,source_reference_record,source_reference_record_unreviewed
CFIHOS-60001454,ISO 15926 part4,15990,real,True,sha256:a69b98012d9e4a46495a3aed48eef8ce75a69d001eaa28b4c38cb0f3c921909d,CORE CFIHOS V2.0 CSV/CFIHOS CORE CFIHOS object equivalent mapping v2.0.csv,2359,source_reference_record,source_reference_record_unreviewed
CFIHOS-60001454,POSC CAESAR,RDS43167566130,real,True,sha256:a69b98012d9e4a46495a3aed48eef8ce75a69d001eaa28b4c38cb0f3c921909d,CORE CFIHOS V2.0 CSV/CFIHOS CORE CFIHOS object equivalent mapping v2.0.csv,2360,source_reference_record,source_reference_record_unreviewed
CFIHOS-60001455,ISO 15926 part4,16010,real,True,sha256:a69b98012d9e4a46495a3aed48eef8ce75a69d001eaa28b4c38cb0f3c921909d,CORE CFIHOS V2.0 CSV/CFIHOS CORE CFIHOS object equivalent mapping v2.0.csv,2361,source_reference_record,source_reference_record_unreviewed
CFIHOS-60001455,POSC CAESAR,RDS1351034,real,True,sha256:a69b98012d9e4a46495a3aed48eef8ce75a69d001eaa28b4c38cb0f3c921909d,CORE CFIHOS V2.0 CSV/CFIHOS CORE CFIHOS object equivalent mapping v2.0.csv,2362,source_reference_record,source_reference_record_unreviewed
CFIHOS-60001456,ISO 15926 part4,16028,real,True,sha256:a69b98012d9e4a46495a3aed48eef8ce75a69d001eaa28b4c38cb0f3c921909d,CORE CFIHOS V2.0 CSV/CFIHOS CORE CFIHOS object equivalent mapping v2.0.csv,2363,source_reference_record,source_reference_record_unreviewed
CFIHOS-60001456,POSC CAESAR,RDS1359653041,real,True,sha256:a69b98012d9e4a46495a3aed48eef8ce75a69d001eaa28b4c38cb0f3c921909d,CORE CFIHOS V2.0 CSV/CFIHOS CORE CFIHOS object equivalent mapping v2.0.csv,2364,source_reference_record,source_reference_record_unreviewed
CFIHOS-60001457,ISO 15926 part4,16029,real,True,sha256:a69b98012d9e4a46495a3aed48eef8ce75a69d001eaa28b4c38cb0f3c921909d,CORE CFIHOS V2.0 CSV/CFIHOS CORE CFIHOS object equivalent mapping v2.0.csv,2365,source_reference_record,source_reference_record_unreviewed
CFIHOS-60001457,POSC CAESAR,RDS4316756747,real,True,sha256:a69b98012d9e4a46495a3aed48eef8ce75a69d001eaa28b4c38cb0f3c921909d,CORE CFIHOS V2.0 CSV/CFIHOS CORE CFIHOS object equivalent mapping v2.0.csv,2366,source_reference_record,source_reference_record_unreviewed
CFIHOS-60001458,ISO 15926 part4,16032,real,True,sha256:a69b98012d9e4a46495a3aed48eef8ce75a69d001eaa28b4c38cb0f3c921909d,CORE CFIHOS V2.0 CSV/CFIHOS CORE CFIHOS object equivalent mapping v2.0.csv,2367,source_reference_record,source_reference_record_unreviewed
CFIHOS-60001458,POSC CAESAR,RDS1330919,real,True,sha256:a69b98012d9e4a46495a3aed48eef8ce75a69d001eaa28b4c38cb0f3c921909d,CORE CFIHOS V2.0 CSV/CFIHOS CORE CFIHOS object equivalent mapping v2.0.csv,2368,source_reference_record,source_reference_record_unreviewed
CFIHOS-60001459,ISO 15926 part4,16442,real,True,sha256:a69b98012d9e4a46495a3aed48eef8ce75a69d001eaa28b4c38cb0f3c921909d,CORE CFIHOS V2.0 CSV/CFIHOS CORE CFIHOS object equivalent mapping v2.0.csv,2369,source_reference_record,source_reference_record_unreviewed
CFIHOS-60001459,POSC CAESAR,RDS1331144,real,True,sha256:a69b98012d9e4a46495a3aed48eef8ce75a69d001eaa28b4c38cb0f3c921909d,CORE CFIHOS V2.0 CSV/CFIHOS CORE CFIHOS object equivalent mapping v2.0.csv,2370,source_reference_record,source_reference_record_unreviewed
CFIHOS-60001460,ISO 15926 part4,16453,real,True,sha256:a69b98012d9e4a46495a3aed48eef8ce75a69d001eaa28b4c38cb0f3c921909d,CORE CFIHOS V2.0 CSV/CFIHOS CORE CFIHOS object equivalent mapping v2.0.csv,2371,source_reference_record,source_reference_record_unreviewed
CFIHOS-60001460,POSC CAESAR,RDS1331369,real,True,sha256:a69b98012d9e4a46495a3aed48eef8ce75a69d001eaa28b4c38cb0f3c921909d,CORE CFIHOS V2.0 CSV/CFIHOS CORE CFIHOS object equivalent mapping v2.0.csv,2372,source_reference_record,source_reference_record_unreviewed
CFIHOS-60001461,ISO 15926 part4,17101,real,True,sha256:a69b98012d9e4a46495a3aed48eef8ce75a69d001eaa28b4c38cb0f3c921909d,CORE CFIHOS V2.0 CSV/CFIHOS CORE CFIHOS object equivalent mapping v2.0.csv,2373,source_reference_record,source_reference_record_unreviewed
CFIHOS-60001461,POSC CAESAR,RDS1332674,real,True,sha256:a69b98012d9e4a46495a3aed48eef8ce75a69d001eaa28b4c38cb0f3c921909d,CORE CFIHOS V2.0 CSV/CFIHOS CORE CFIHOS object equivalent mapping v2.0.csv,2374,source_reference_record,source_reference_record_unreviewed
CFIHOS-60001462,ISO 15926 part4,17102,real,True,sha256:a69b98012d9e4a46495a3aed48eef8ce75a69d001eaa28b4c38cb0f3c921909d,CORE CFIHOS V2.0 CSV/CFIHOS CORE CFIHOS object equivalent mapping v2.0.csv,2375,source_reference_record,source_reference_record_unreviewed
CFIHOS-60001462,POSC CAESAR,RDS1349099,real,True,sha256:a69b98012d9e4a46495a3aed48eef8ce75a69d001eaa28b4c38cb0f3c921909d,CORE CFIHOS V2.0 CSV/CFIHOS CORE CFIHOS object equivalent mapping v2.0.csv,2376,source_reference_record,source_reference_record_unreviewed
CFIHOS-60001463,ISO 15926 part4,17107,real,True,sha256:a69b98012d9e4a46495a3aed48eef8ce75a69d001eaa28b4c38cb0f3c921909d,CORE CFIHOS V2.0 CSV/CFIHOS CORE CFIHOS object equivalent mapping v2.0.csv,2377,source_reference_record,source_reference_record_unreviewed
CFIHOS-60001463,POSC CAESAR,RDS1321064,real,True,sha256:a69b98012d9e4a46495a3aed48eef8ce75a69d001eaa28b4c38cb0f3c921909d,CORE CFIHOS V2.0 CSV/CFIHOS CORE CFIHOS object equivalent mapping v2.0.csv,2378,source_reference_record,source_reference_record_unreviewed
CFIHOS-60001464,ISO 15926 part4,17117,real,True,sha256:a69b98012d9e4a46495a3aed48eef8ce75a69d001eaa28b4c38cb0f3c921909d,CORE CFIHOS V2.0 CSV/CFIHOS CORE CFIHOS object equivalent mapping v2.0.csv,2379,source_reference_record,source_reference_record_unreviewed
CFIHOS-60001464,POSC CAESAR,RDS1321379,real,True,sha256:a69b98012d9e4a46495a3aed48eef8ce75a69d001eaa28b4c38cb0f3c921909d,CORE CFIHOS V2.0 CSV/CFIHOS CORE CFIHOS object equivalent mapping v2.0.csv,2380,source_reference_record,source_reference_record_unreviewed
CFIHOS-60001465,ISO 15926 part4,17138,real,True,sha256:a69b98012d9e4a46495a3aed48eef8ce75a69d001eaa28b4c38cb0f3c921909d,CORE CFIHOS V2.0 CSV/CFIHOS CORE CFIHOS object equivalent mapping v2.0.csv,2381,source_reference_record,source_reference_record_unreviewed
CFIHOS-60001465,POSC CAESAR,RDS1354499,real,True,sha256:a69b98012d9e4a46495a3aed48eef8ce75a69d001eaa28b4c38cb0f3c921909d,CORE CFIHOS V2.0 CSV/CFIHOS CORE CFIHOS object equivalent mapping v2.0.csv,2382,source_reference_record,source_reference_record_unreviewed
CFIHOS-60001466,ISO 15926 part4,17142,real,True,sha256:a69b98012d9e4a46495a3aed48eef8ce75a69d001eaa28b4c38cb0f3c921909d,CORE CFIHOS V2.0 CSV/CFIHOS CORE CFIHOS object equivalent mapping v2.0.csv,2383,source_reference_record,source_reference_record_unreviewed
CFIHOS-60001466,POSC CAESAR,RDS1358009,real,True,sha256:a69b98012d9e4a46495a3aed48eef8ce75a69d001eaa28b4c38cb0f3c921909d,CORE CFIHOS V2.0 CSV/CFIHOS CORE CFIHOS object equivalent mapping v2.0.csv,2384,source_reference_record,source_reference_record_unreviewed
CFIHOS-60001467,ISO 15926 part4,17144,real,True,sha256:a69b98012d9e4a46495a3aed48eef8ce75a69d001eaa28b4c38cb0f3c921909d,CORE CFIHOS V2.0 CSV/CFIHOS CORE CFIHOS object equivalent mapping v2.0.csv,2385,source_reference_record,source_reference_record_unreviewed
CFIHOS-60001467,POSC CAESAR,RDS1327949,real,True,sha256:a69b98012d9e4a46495a3aed48eef8ce75a69d001eaa28b4c38cb0f3c921909d,CORE CFIHOS V2.0 CSV/CFIHOS CORE CFIHOS object equivalent mapping v2.0.csv,2386,source_reference_record,source_reference_record_unreviewed
CFIHOS-60001468,ISO 15926 part4,17240,real,True,sha256:a69b98012d9e4a46495a3aed48eef8ce75a69d001eaa28b4c38cb0f3c921909d,CORE CFIHOS V2.0 CSV/CFIHOS CORE CFIHOS object equivalent mapping v2.0.csv,2387,source_reference_record,source_reference_record_unreviewed
CFIHOS-60001468,POSC CAESAR,RDS1065016611,real,True,sha256:a69b98012d9e4a46495a3aed48eef8ce75a69d001eaa28b4c38cb0f3c921909d,CORE CFIHOS V2.0 CSV/CFIHOS CORE CFIHOS object equivalent mapping v2.0.csv,2388,source_reference_record,source_reference_record_unreviewed
CFIHOS-60001469,ISO 15926 part4,17264,real,True,sha256:a69b98012d9e4a46495a3aed48eef8ce75a69d001eaa28b4c38cb0f3c921909d,CORE CFIHOS V2.0 CSV/CFIHOS CORE CFIHOS object equivalent mapping v2.0.csv,2389,source_reference_record,source_reference_record_unreviewed
CFIHOS-60001469,POSC CAESAR,RDS1357739,real,True,sha256:a69b98012d9e4a46495a3aed48eef8ce75a69d001eaa28b4c38cb0f3c921909d,CORE CFIHOS V2.0 CSV/CFIHOS CORE CFIHOS object equivalent mapping v2.0.csv,2390,source_reference_record,source_reference_record_unreviewed
CFIHOS-60001470,ISO 15926 part4,17278,real,True,sha256:a69b98012d9e4a46495a3aed48eef8ce75a69d001eaa28b4c38cb0f3c921909d,CORE CFIHOS V2.0 CSV/CFIHOS CORE CFIHOS object equivalent mapping v2.0.csv,2391,source_reference_record,source_reference_record_unreviewed
CFIHOS-60001470,POSC CAESAR,RDS1358189,real,True,sha256:a69b98012d9e4a46495a3aed48eef8ce75a69d001eaa28b4c38cb0f3c921909d,CORE CFIHOS V2.0 CSV/CFIHOS CORE CFIHOS object equivalent mapping v2.0.csv,2392,source_reference_record,source_reference_record_unreviewed
CFIHOS-60001471,ISO 15926 part4,17281,real,True,sha256:a69b98012d9e4a46495a3aed48eef8ce75a69d001eaa28b4c38cb0f3c921909d,CORE CFIHOS V2.0 CSV/CFIHOS CORE CFIHOS object equivalent mapping v2.0.csv,2393,source_reference_record,source_reference_record_unreviewed
CFIHOS-60001471,POSC CAESAR,RDS2228975,real,True,sha256:a69b98012d9e4a46495a3aed48eef8ce75a69d001eaa28b4c38cb0f3c921909d,CORE CFIHOS V2.0 CSV/CFIHOS CORE CFIHOS object equivalent mapping v2.0.csv,2394,source_reference_record,source_reference_record_unreviewed
CFIHOS-60001472,ISO 15926 part4,17307,real,True,sha256:a69b98012d9e4a46495a3aed48eef8ce75a69d001eaa28b4c38cb0f3c921909d,CORE CFIHOS V2.0 CSV/CFIHOS CORE CFIHOS object equivalent mapping v2.0.csv,2395,source_reference_record,source_reference_record_unreviewed
CFIHOS-60001472,POSC CAESAR,RDS11617155,real,True,sha256:a69b98012d9e4a46495a3aed48eef8ce75a69d001eaa28b4c38cb0f3c921909d,CORE CFIHOS V2.0 CSV/CFIHOS CORE CFIHOS object equivalent mapping v2.0.csv,2396,source_reference_record,source_reference_record_unreviewed
CFIHOS-60001473,ISO 15926 part4,17356,real,True,sha256:a69b98012d9e4a46495a3aed48eef8ce75a69d001eaa28b4c38cb0f3c921909d,CORE CFIHOS V2.0 CSV/CFIHOS CORE CFIHOS object equivalent mapping v2.0.csv,2397,source_reference_record,source_reference_record_unreviewed
CFIHOS-60001473,POSC CAESAR,RDS1336814,real,True,sha256:a69b98012d9e4a46495a3aed48eef8ce75a69d001eaa28b4c38cb0f3c921909d,CORE CFIHOS V2.0 CSV/CFIHOS CORE CFIHOS object equivalent mapping v2.0.csv,2398,source_reference_record,source_reference_record_unreviewed
CFIHOS-60001474,ISO 15926 part4,17768,real,True,sha256:a69b98012d9e4a46495a3aed48eef8ce75a69d001eaa28b4c38cb0f3c921909d,CORE CFIHOS V2.0 CSV/CFIHOS CORE CFIHOS object equivalent mapping v2.0.csv,2399,source_reference_record,source_reference_record_unreviewed
CFIHOS-60001474,POSC CAESAR,RDS1337939,real,True,sha256:a69b98012d9e4a46495a3aed48eef8ce75a69d001eaa28b4c38cb0f3c921909d,CORE CFIHOS V2.0 CSV/CFIHOS CORE CFIHOS object equivalent mapping v2.0.csv,2400,source_reference_record,source_reference_record_unreviewed
CFIHOS-60001475,ISO 15926 part4,17776,real,True,sha256:a69b98012d9e4a46495a3aed48eef8ce75a69d001eaa28b4c38cb0f3c921909d,CORE CFIHOS V2.0 CSV/CFIHOS CORE CFIHOS object equivalent mapping v2.0.csv,2401,source_reference_record,source_reference_record_unreviewed
CFIHOS-60001475,POSC CAESAR,RDS1338299,real,True,sha256:a69b98012d9e4a46495a3aed48eef8ce75a69d001eaa28b4c38cb0f3c921909d,CORE CFIHOS V2.0 CSV/CFIHOS CORE CFIHOS object equivalent mapping v2.0.csv,2402,source_reference_record,source_reference_record_unreviewed
CFIHOS-60001476,ISO 15926 part4,18179,real,True,sha256:a69b98012d9e4a46495a3aed48eef8ce75a69d001eaa28b4c38cb0f3c921909d,CORE CFIHOS V2.0 CSV/CFIHOS CORE CFIHOS object equivalent mapping v2.0.csv,2403,source_reference_record,source_reference_record_unreviewed
CFIHOS-60001476,POSC CAESAR,RDS1338524,real,True,sha256:a69b98012d9e4a46495a3aed48eef8ce75a69d001eaa28b4c38cb0f3c921909d,CORE CFIHOS V2.0 CSV/CFIHOS CORE CFIHOS object equivalent mapping v2.0.csv,2404,source_reference_record,source_reference_record_unreviewed
CFIHOS-60001477,ISO 15926 part4,19370,real,True,sha256:a69b98012d9e4a46495a3aed48eef8ce75a69d001eaa28b4c38cb0f3c921909d,CORE CFIHOS V2.0 CSV/CFIHOS CORE CFIHOS object equivalent mapping v2.0.csv,2405,source_reference_record,source_reference_record_unreviewed
CFIHOS-60001477,POSC CAESAR,RDS1340909,real,True,sha256:a69b98012d9e4a46495a3aed48eef8ce75a69d001eaa28b4c38cb0f3c921909d,CORE CFIHOS V2.0 CSV/CFIHOS CORE CFIHOS object equivalent mapping v2.0.csv,2406,source_reference_record,source_reference_record_unreviewed
CFIHOS-60001478,ISO 15926 part4,19374,real,True,sha256:a69b98012d9e4a46495a3aed48eef8ce75a69d001eaa28b4c38cb0f3c921909d,CORE CFIHOS V2.0 CSV/CFIHOS CORE CFIHOS object equivalent mapping v2.0.csv,2407,source_reference_record,source_reference_record_unreviewed
CFIHOS-60001478,POSC CAESAR,RDS43168250123,real,True,sha256:a69b98012d9e4a46495a3aed48eef8ce75a69d001eaa28b4c38cb0f3c921909d,CORE CFIHOS V2.0 CSV/CFIHOS CORE CFIHOS object equivalent mapping v2.0.csv,2408,source_reference_record,source_reference_record_unreviewed
CFIHOS-60001479,ISO 15926 part4,19380,real,True,sha256:a69b98012d9e4a46495a3aed48eef8ce75a69d001eaa28b4c38cb0f3c921909d,CORE CFIHOS V2.0 CSV/CFIHOS CORE CFIHOS object equivalent mapping v2.0.csv,2409,source_reference_record,source_reference_record_unreviewed
CFIHOS-60001479,POSC CAESAR,RDS2228980,real,True,sha256:a69b98012d9e4a46495a3aed48eef8ce75a69d001eaa28b4c38cb0f3c921909d,CORE CFIHOS V2.0 CSV/CFIHOS CORE CFIHOS object equivalent mapping v2.0.csv,2410,source_reference_record,source_reference_record_unreviewed
CFIHOS-60001480,ISO 15926 part4,20408,real,True,sha256:a69b98012d9e4a46495a3aed48eef8ce75a69d001eaa28b4c38cb0f3c921909d,CORE CFIHOS V2.0 CSV/CFIHOS CORE CFIHOS object equivalent mapping v2.0.csv,2411,source_reference_record,source_reference_record_unreviewed
CFIHOS-60001480,POSC CAESAR,RDS1342304,real,True,sha256:a69b98012d9e4a46495a3aed48eef8ce75a69d001eaa28b4c38cb0f3c921909d,CORE CFIHOS V2.0 CSV/CFIHOS CORE CFIHOS object equivalent mapping v2.0.csv,2412,source_reference_record,source_reference_record_unreviewed
CFIHOS-60001481,ISO 15926 part4,20821,real,True,sha256:a69b98012d9e4a46495a3aed48eef8ce75a69d001eaa28b4c38cb0f3c921909d,CORE CFIHOS V2.0 CSV/CFIHOS CORE CFIHOS object equivalent mapping v2.0.csv,2413,source_reference_record,source_reference_record_unreviewed
CFIHOS-60001481,POSC CAESAR,RDS1342529,real,True,sha256:a69b98012d9e4a46495a3aed48eef8ce75a69d001eaa28b4c38cb0f3c921909d,CORE CFIHOS V2.0 CSV/CFIHOS CORE CFIHOS object equivalent mapping v2.0.csv,2414,source_reference_record,source_reference_record_unreviewed
CFIHOS-60001482,ISO 15926 part4,22699,real,True,sha256:a69b98012d9e4a46495a3aed48eef8ce75a69d001eaa28b4c38cb0f3c921909d,CORE CFIHOS V2.0 CSV/CFIHOS CORE CFIHOS object equivalent mapping v2.0.csv,2415,source_reference_record,source_reference_record_unreviewed
CFIHOS-60001482,POSC CAESAR,RDS1344689,real,True,sha256:a69b98012d9e4a46495a3aed48eef8ce75a69d001eaa28b4c38cb0f3c921909d,CORE CFIHOS V2.0 CSV/CFIHOS CORE CFIHOS object equivalent mapping v2.0.csv,2416,source_reference_record,source_reference_record_unreviewed
CFIHOS-60001483,POSC CAESAR,RDS2224736,real,True,sha256:a69b98012d9e4a46495a3aed48eef8ce75a69d001eaa28b4c38cb0f3c921909d,CORE CFIHOS V2.0 CSV/CFIHOS CORE CFIHOS object equivalent mapping v2.0.csv,2417,source_reference_record,source_reference_record_unreviewed
CFIHOS-60001484,POSC CAESAR,RDS2224740,real,True,sha256:a69b98012d9e4a46495a3aed48eef8ce75a69d001eaa28b4c38cb0f3c921909d,CORE CFIHOS V2.0 CSV/CFIHOS CORE CFIHOS object equivalent mapping v2.0.csv,2418,source_reference_record,source_reference_record_unreviewed
CFIHOS-60001485,POSC CAESAR,RDS2228201,real,True,sha256:a69b98012d9e4a46495a3aed48eef8ce75a69d001eaa28b4c38cb0f3c921909d,CORE CFIHOS V2.0 CSV/CFIHOS CORE CFIHOS object equivalent mapping v2.0.csv,2419,source_reference_record,source_reference_record_unreviewed
CFIHOS-60001486,POSC CAESAR,RDS2228202,real,True,sha256:a69b98012d9e4a46495a3aed48eef8ce75a69d001eaa28b4c38cb0f3c921909d,CORE CFIHOS V2.0 CSV/CFIHOS CORE CFIHOS object equivalent mapping v2.0.csv,2420,source_reference_record,source_reference_record_unreviewed
CFIHOS-60001487,POSC CAESAR,RDS2228203,real,True,sha256:a69b98012d9e4a46495a3aed48eef8ce75a69d001eaa28b4c38cb0f3c921909d,CORE CFIHOS V2.0 CSV/CFIHOS CORE CFIHOS object equivalent mapping v2.0.csv,2421,source_reference_record,source_reference_record_unreviewed
CFIHOS-60001488,POSC CAESAR,RDS2228204,real,True,sha256:a69b98012d9e4a46495a3aed48eef8ce75a69d001eaa28b4c38cb0f3c921909d,CORE CFIHOS V2.0 CSV/CFIHOS CORE CFIHOS object equivalent mapping v2.0.csv,2422,source_reference_record,source_reference_record_unreviewed
CFIHOS-60001489,POSC CAESAR,RDS2228205,real,True,sha256:a69b98012d9e4a46495a3aed48eef8ce75a69d001eaa28b4c38cb0f3c921909d,CORE CFIHOS V2.0 CSV/CFIHOS CORE CFIHOS object equivalent mapping v2.0.csv,2423,source_reference_record,source_reference_record_unreviewed
CFIHOS-60001490,POSC CAESAR,RDS2228206,real,True,sha256:a69b98012d9e4a46495a3aed48eef8ce75a69d001eaa28b4c38cb0f3c921909d,CORE CFIHOS V2.0 CSV/CFIHOS CORE CFIHOS object equivalent mapping v2.0.csv,2424,source_reference_record,source_reference_record_unreviewed
CFIHOS-60001491,POSC CAESAR,RDS2228207,real,True,sha256:a69b98012d9e4a46495a3aed48eef8ce75a69d001eaa28b4c38cb0f3c921909d,CORE CFIHOS V2.0 CSV/CFIHOS CORE CFIHOS object equivalent mapping v2.0.csv,2425,source_reference_record,source_reference_record_unreviewed
CFIHOS-60001492,POSC CAESAR,RDS2228208,real,True,sha256:a69b98012d9e4a46495a3aed48eef8ce75a69d001eaa28b4c38cb0f3c921909d,CORE CFIHOS V2.0 CSV/CFIHOS CORE CFIHOS object equivalent mapping v2.0.csv,2426,source_reference_record,source_reference_record_unreviewed
CFIHOS-60001493,POSC CAESAR,RDS2228209,real,True,sha256:a69b98012d9e4a46495a3aed48eef8ce75a69d001eaa28b4c38cb0f3c921909d,CORE CFIHOS V2.0 CSV/CFIHOS CORE CFIHOS object equivalent mapping v2.0.csv,2427,source_reference_record,source_reference_record_unreviewed
CFIHOS-60001494,POSC CAESAR,RDS2228210,real,True,sha256:a69b98012d9e4a46495a3aed48eef8ce75a69d001eaa28b4c38cb0f3c921909d,CORE CFIHOS V2.0 CSV/CFIHOS CORE CFIHOS object equivalent mapping v2.0.csv,2428,source_reference_record,source_reference_record_unreviewed
CFIHOS-60001495,POSC CAESAR,RDS2228211,real,True,sha256:a69b98012d9e4a46495a3aed48eef8ce75a69d001eaa28b4c38cb0f3c921909d,CORE CFIHOS V2.0 CSV/CFIHOS CORE CFIHOS object equivalent mapping v2.0.csv,2429,source_reference_record,source_reference_record_unreviewed
CFIHOS-60001496,POSC CAESAR,RDS2228212,real,True,sha256:a69b98012d9e4a46495a3aed48eef8ce75a69d001eaa28b4c38cb0f3c921909d,CORE CFIHOS V2.0 CSV/CFIHOS CORE CFIHOS object equivalent mapping v2.0.csv,2430,source_reference_record,source_reference_record_unreviewed
CFIHOS-60001497,POSC CAESAR,RDS2228213,real,True,sha256:a69b98012d9e4a46495a3aed48eef8ce75a69d001eaa28b4c38cb0f3c921909d,CORE CFIHOS V2.0 CSV/CFIHOS CORE CFIHOS object equivalent mapping v2.0.csv,2431,source_reference_record,source_reference_record_unreviewed
CFIHOS-60001498,POSC CAESAR,RDS2228214,real,True,sha256:a69b98012d9e4a46495a3aed48eef8ce75a69d001eaa28b4c38cb0f3c921909d,CORE CFIHOS V2.0 CSV/CFIHOS CORE CFIHOS object equivalent mapping v2.0.csv,2432,source_reference_record,source_reference_record_unreviewed
CFIHOS-60001499,POSC CAESAR,RDS2228215,real,True,sha256:a69b98012d9e4a46495a3aed48eef8ce75a69d001eaa28b4c38cb0f3c921909d,CORE CFIHOS V2.0 CSV/CFIHOS CORE CFIHOS object equivalent mapping v2.0.csv,2433,source_reference_record,source_reference_record_unreviewed
CFIHOS-60001500,POSC CAESAR,RDS2228216,real,True,sha256:a69b98012d9e4a46495a3aed48eef8ce75a69d001eaa28b4c38cb0f3c921909d,CORE CFIHOS V2.0 CSV/CFIHOS CORE CFIHOS object equivalent mapping v2.0.csv,2434,source_reference_record,source_reference_record_unreviewed
CFIHOS-60001501,POSC CAESAR,RDS2228217,real,True,sha256:a69b98012d9e4a46495a3aed48eef8ce75a69d001eaa28b4c38cb0f3c921909d,CORE CFIHOS V2.0 CSV/CFIHOS CORE CFIHOS object equivalent mapping v2.0.csv,2435,source_reference_record,source_reference_record_unreviewed
CFIHOS-60001502,POSC CAESAR,RDS2228218,real,True,sha256:a69b98012d9e4a46495a3aed48eef8ce75a69d001eaa28b4c38cb0f3c921909d,CORE CFIHOS V2.0 CSV/CFIHOS CORE CFIHOS object equivalent mapping v2.0.csv,2436,source_reference_record,source_reference_record_unreviewed
CFIHOS-60001503,POSC CAESAR,RDS2228219,real,True,sha256:a69b98012d9e4a46495a3aed48eef8ce75a69d001eaa28b4c38cb0f3c921909d,CORE CFIHOS V2.0 CSV/CFIHOS CORE CFIHOS object equivalent mapping v2.0.csv,2437,source_reference_record,source_reference_record_unreviewed
CFIHOS-60001504,POSC CAESAR,RDS2228221,real,True,sha256:a69b98012d9e4a46495a3aed48eef8ce75a69d001eaa28b4c38cb0f3c921909d,CORE CFIHOS V2.0 CSV/CFIHOS CORE CFIHOS object equivalent mapping v2.0.csv,2438,source_reference_record,source_reference_record_unreviewed
CFIHOS-60001505,POSC CAESAR,RDS2228222,real,True,sha256:a69b98012d9e4a46495a3aed48eef8ce75a69d001eaa28b4c38cb0f3c921909d,CORE CFIHOS V2.0 CSV/CFIHOS CORE CFIHOS object equivalent mapping v2.0.csv,2439,source_reference_record,source_reference_record_unreviewed
CFIHOS-60001506,POSC CAESAR,RDS2228223,real,True,sha256:a69b98012d9e4a46495a3aed48eef8ce75a69d001eaa28b4c38cb0f3c921909d,CORE CFIHOS V2.0 CSV/CFIHOS CORE CFIHOS object equivalent mapping v2.0.csv,2440,source_reference_record,source_reference_record_unreviewed
CFIHOS-60001507,POSC CAESAR,RDS2228224,real,True,sha256:a69b98012d9e4a46495a3aed48eef8ce75a69d001eaa28b4c38cb0f3c921909d,CORE CFIHOS V2.0 CSV/CFIHOS CORE CFIHOS object equivalent mapping v2.0.csv,2441,source_reference_record,source_reference_record_unreviewed
CFIHOS-60001508,POSC CAESAR,RDS2228225,real,True,sha256:a69b98012d9e4a46495a3aed48eef8ce75a69d001eaa28b4c38cb0f3c921909d,CORE CFIHOS V2.0 CSV/CFIHOS CORE CFIHOS object equivalent mapping v2.0.csv,2442,source_reference_record,source_reference_record_unreviewed
CFIHOS-60001509,POSC CAESAR,RDS2228226,real,True,sha256:a69b98012d9e4a46495a3aed48eef8ce75a69d001eaa28b4c38cb0f3c921909d,CORE CFIHOS V2.0 CSV/CFIHOS CORE CFIHOS object equivalent mapping v2.0.csv,2443,source_reference_record,source_reference_record_unreviewed
CFIHOS-60001510,POSC CAESAR,RDS2228227,real,True,sha256:a69b98012d9e4a46495a3aed48eef8ce75a69d001eaa28b4c38cb0f3c921909d,CORE CFIHOS V2.0 CSV/CFIHOS CORE CFIHOS object equivalent mapping v2.0.csv,2444,source_reference_record,source_reference_record_unreviewed
CFIHOS-60001511,POSC CAESAR,RDS2228228,real,True,sha256:a69b98012d9e4a46495a3aed48eef8ce75a69d001eaa28b4c38cb0f3c921909d,CORE CFIHOS V2.0 CSV/CFIHOS CORE CFIHOS object equivalent mapping v2.0.csv,2445,source_reference_record,source_reference_record_unreviewed
CFIHOS-60001512,POSC CAESAR,RDS2228230,real,True,sha256:a69b98012d9e4a46495a3aed48eef8ce75a69d001eaa28b4c38cb0f3c921909d,CORE CFIHOS V2.0 CSV/CFIHOS CORE CFIHOS object equivalent mapping v2.0.csv,2446,source_reference_record,source_reference_record_unreviewed
CFIHOS-60001513,POSC CAESAR,RDS2228233,real,True,sha256:a69b98012d9e4a46495a3aed48eef8ce75a69d001eaa28b4c38cb0f3c921909d,CORE CFIHOS V2.0 CSV/CFIHOS CORE CFIHOS object equivalent mapping v2.0.csv,2447,source_reference_record,source_reference_record_unreviewed
CFIHOS-60001514,POSC CAESAR,RDS2228234,real,True,sha256:a69b98012d9e4a46495a3aed48eef8ce75a69d001eaa28b4c38cb0f3c921909d,CORE CFIHOS V2.0 CSV/CFIHOS CORE CFIHOS object equivalent mapping v2.0.csv,2448,source_reference_record,source_reference_record_unreviewed
CFIHOS-60001515,POSC CAESAR,RDS2228235,real,True,sha256:a69b98012d9e4a46495a3aed48eef8ce75a69d001eaa28b4c38cb0f3c921909d,CORE CFIHOS V2.0 CSV/CFIHOS CORE CFIHOS object equivalent mapping v2.0.csv,2449,source_reference_record,source_reference_record_unreviewed
CFIHOS-60001516,POSC CAESAR,RDS2228237,real,True,sha256:a69b98012d9e4a46495a3aed48eef8ce75a69d001eaa28b4c38cb0f3c921909d,CORE CFIHOS V2.0 CSV/CFIHOS CORE CFIHOS object equivalent mapping v2.0.csv,2450,source_reference_record,source_reference_record_unreviewed
CFIHOS-60001517,POSC CAESAR,RDS2228238,real,True,sha256:a69b98012d9e4a46495a3aed48eef8ce75a69d001eaa28b4c38cb0f3c921909d,CORE CFIHOS V2.0 CSV/CFIHOS CORE CFIHOS object equivalent mapping v2.0.csv,2451,source_reference_record,source_reference_record_unreviewed
CFIHOS-60001518,POSC CAESAR,RDS2228239,real,True,sha256:a69b98012d9e4a46495a3aed48eef8ce75a69d001eaa28b4c38cb0f3c921909d,CORE CFIHOS V2.0 CSV/CFIHOS CORE CFIHOS object equivalent mapping v2.0.csv,2452,source_reference_record,source_reference_record_unreviewed
CFIHOS-60001519,POSC CAESAR,RDS2228240,real,True,sha256:a69b98012d9e4a46495a3aed48eef8ce75a69d001eaa28b4c38cb0f3c921909d,CORE CFIHOS V2.0 CSV/CFIHOS CORE CFIHOS object equivalent mapping v2.0.csv,2453,source_reference_record,source_reference_record_unreviewed
CFIHOS-60001520,POSC CAESAR,RDS2228241,real,True,sha256:a69b98012d9e4a46495a3aed48eef8ce75a69d001eaa28b4c38cb0f3c921909d,CORE CFIHOS V2.0 CSV/CFIHOS CORE CFIHOS object equivalent mapping v2.0.csv,2454,source_reference_record,source_reference_record_unreviewed
CFIHOS-60001521,POSC CAESAR,RDS2228242,real,True,sha256:a69b98012d9e4a46495a3aed48eef8ce75a69d001eaa28b4c38cb0f3c921909d,CORE CFIHOS V2.0 CSV/CFIHOS CORE CFIHOS object equivalent mapping v2.0.csv,2455,source_reference_record,source_reference_record_unreviewed
CFIHOS-60001522,POSC CAESAR,RDS2228243,real,True,sha256:a69b98012d9e4a46495a3aed48eef8ce75a69d001eaa28b4c38cb0f3c921909d,CORE CFIHOS V2.0 CSV/CFIHOS CORE CFIHOS object equivalent mapping v2.0.csv,2456,source_reference_record,source_reference_record_unreviewed
CFIHOS-60001523,POSC CAESAR,RDS2228244,real,True,sha256:a69b98012d9e4a46495a3aed48eef8ce75a69d001eaa28b4c38cb0f3c921909d,CORE CFIHOS V2.0 CSV/CFIHOS CORE CFIHOS object equivalent mapping v2.0.csv,2457,source_reference_record,source_reference_record_unreviewed
CFIHOS-60001524,POSC CAESAR,RDS2228245,real,True,sha256:a69b98012d9e4a46495a3aed48eef8ce75a69d001eaa28b4c38cb0f3c921909d,CORE CFIHOS V2.0 CSV/CFIHOS CORE CFIHOS object equivalent mapping v2.0.csv,2458,source_reference_record,source_reference_record_unreviewed
CFIHOS-60001525,POSC CAESAR,RDS2228246,real,True,sha256:a69b98012d9e4a46495a3aed48eef8ce75a69d001eaa28b4c38cb0f3c921909d,CORE CFIHOS V2.0 CSV/CFIHOS CORE CFIHOS object equivalent mapping v2.0.csv,2459,source_reference_record,source_reference_record_unreviewed
CFIHOS-60001526,POSC CAESAR,RDS2228247,real,True,sha256:a69b98012d9e4a46495a3aed48eef8ce75a69d001eaa28b4c38cb0f3c921909d,CORE CFIHOS V2.0 CSV/CFIHOS CORE CFIHOS object equivalent mapping v2.0.csv,2460,source_reference_record,source_reference_record_unreviewed
CFIHOS-60001527,POSC CAESAR,RDS2228248,real,True,sha256:a69b98012d9e4a46495a3aed48eef8ce75a69d001eaa28b4c38cb0f3c921909d,CORE CFIHOS V2.0 CSV/CFIHOS CORE CFIHOS object equivalent mapping v2.0.csv,2461,source_reference_record,source_reference_record_unreviewed
CFIHOS-60001528,POSC CAESAR,RDS2228249,real,True,sha256:a69b98012d9e4a46495a3aed48eef8ce75a69d001eaa28b4c38cb0f3c921909d,CORE CFIHOS V2.0 CSV/CFIHOS CORE CFIHOS object equivalent mapping v2.0.csv,2462,source_reference_record,source_reference_record_unreviewed
CFIHOS-60001529,POSC CAESAR,RDS2228250,real,True,sha256:a69b98012d9e4a46495a3aed48eef8ce75a69d001eaa28b4c38cb0f3c921909d,CORE CFIHOS V2.0 CSV/CFIHOS CORE CFIHOS object equivalent mapping v2.0.csv,2463,source_reference_record,source_reference_record_unreviewed
CFIHOS-60001530,POSC CAESAR,RDS2228251,real,True,sha256:a69b98012d9e4a46495a3aed48eef8ce75a69d001eaa28b4c38cb0f3c921909d,CORE CFIHOS V2.0 CSV/CFIHOS CORE CFIHOS object equivalent mapping v2.0.csv,2464,source_reference_record,source_reference_record_unreviewed
CFIHOS-60001531,POSC CAESAR,RDS2228252,real,True,sha256:a69b98012d9e4a46495a3aed48eef8ce75a69d001eaa28b4c38cb0f3c921909d,CORE CFIHOS V2.0 CSV/CFIHOS CORE CFIHOS object equivalent mapping v2.0.csv,2465,source_reference_record,source_reference_record_unreviewed
CFIHOS-60001532,POSC CAESAR,RDS2228253,real,True,sha256:a69b98012d9e4a46495a3aed48eef8ce75a69d001eaa28b4c38cb0f3c921909d,CORE CFIHOS V2.0 CSV/CFIHOS CORE CFIHOS object equivalent mapping v2.0.csv,2466,source_reference_record,source_reference_record_unreviewed
CFIHOS-60001533,POSC CAESAR,RDS2228254,real,True,sha256:a69b98012d9e4a46495a3aed48eef8ce75a69d001eaa28b4c38cb0f3c921909d,CORE CFIHOS V2.0 CSV/CFIHOS CORE CFIHOS object equivalent mapping v2.0.csv,2467,source_reference_record,source_reference_record_unreviewed
CFIHOS-60001534,POSC CAESAR,RDS2228255,real,True,sha256:a69b98012d9e4a46495a3aed48eef8ce75a69d001eaa28b4c38cb0f3c921909d,CORE CFIHOS V2.0 CSV/CFIHOS CORE CFIHOS object equivalent mapping v2.0.csv,2468,source_reference_record,source_reference_record_unreviewed
CFIHOS-60001535,POSC CAESAR,RDS2228256,real,True,sha256:a69b98012d9e4a46495a3aed48eef8ce75a69d001eaa28b4c38cb0f3c921909d,CORE CFIHOS V2.0 CSV/CFIHOS CORE CFIHOS object equivalent mapping v2.0.csv,2469,source_reference_record,source_reference_record_unreviewed
CFIHOS-60001536,POSC CAESAR,RDS2228257,real,True,sha256:a69b98012d9e4a46495a3aed48eef8ce75a69d001eaa28b4c38cb0f3c921909d,CORE CFIHOS V2.0 CSV/CFIHOS CORE CFIHOS object equivalent mapping v2.0.csv,2470,source_reference_record,source_reference_record_unreviewed
CFIHOS-60001537,POSC CAESAR,RDS2228258,real,True,sha256:a69b98012d9e4a46495a3aed48eef8ce75a69d001eaa28b4c38cb0f3c921909d,CORE CFIHOS V2.0 CSV/CFIHOS CORE CFIHOS object equivalent mapping v2.0.csv,2471,source_reference_record,source_reference_record_unreviewed
CFIHOS-60001538,POSC CAESAR,RDS2228259,real,True,sha256:a69b98012d9e4a46495a3aed48eef8ce75a69d001eaa28b4c38cb0f3c921909d,CORE CFIHOS V2.0 CSV/CFIHOS CORE CFIHOS object equivalent mapping v2.0.csv,2472,source_reference_record,source_reference_record_unreviewed
CFIHOS-60001539,POSC CAESAR,RDS2228260,real,True,sha256:a69b98012d9e4a46495a3aed48eef8ce75a69d001eaa28b4c38cb0f3c921909d,CORE CFIHOS V2.0 CSV/CFIHOS CORE CFIHOS object equivalent mapping v2.0.csv,2473,source_reference_record,source_reference_record_unreviewed
CFIHOS-60001540,POSC CAESAR,RDS2228261,real,True,sha256:a69b98012d9e4a46495a3aed48eef8ce75a69d001eaa28b4c38cb0f3c921909d,CORE CFIHOS V2.0 CSV/CFIHOS CORE CFIHOS object equivalent mapping v2.0.csv,2474,source_reference_record,source_reference_record_unreviewed
CFIHOS-60001541,POSC CAESAR,RDS2228262,real,True,sha256:a69b98012d9e4a46495a3aed48eef8ce75a69d001eaa28b4c38cb0f3c921909d,CORE CFIHOS V2.0 CSV/CFIHOS CORE CFIHOS object equivalent mapping v2.0.csv,2475,source_reference_record,source_reference_record_unreviewed
CFIHOS-60001542,POSC CAESAR,RDS2228263,real,True,sha256:a69b98012d9e4a46495a3aed48eef8ce75a69d001eaa28b4c38cb0f3c921909d,CORE CFIHOS V2.0 CSV/CFIHOS CORE CFIHOS object equivalent mapping v2.0.csv,2476,source_reference_record,source_reference_record_unreviewed
CFIHOS-60001543,POSC CAESAR,RDS2228264,real,True,sha256:a69b98012d9e4a46495a3aed48eef8ce75a69d001eaa28b4c38cb0f3c921909d,CORE CFIHOS V2.0 CSV/CFIHOS CORE CFIHOS object equivalent mapping v2.0.csv,2477,source_reference_record,source_reference_record_unreviewed
CFIHOS-60001544,POSC CAESAR,RDS2228265,real,True,sha256:a69b98012d9e4a46495a3aed48eef8ce75a69d001eaa28b4c38cb0f3c921909d,CORE CFIHOS V2.0 CSV/CFIHOS CORE CFIHOS object equivalent mapping v2.0.csv,2478,source_reference_record,source_reference_record_unreviewed
CFIHOS-60001545,POSC CAESAR,RDS2228266,real,True,sha256:a69b98012d9e4a46495a3aed48eef8ce75a69d001eaa28b4c38cb0f3c921909d,CORE CFIHOS V2.0 CSV/CFIHOS CORE CFIHOS object equivalent mapping v2.0.csv,2479,source_reference_record,source_reference_record_unreviewed
CFIHOS-60001546,POSC CAESAR,RDS2228267,real,True,sha256:a69b98012d9e4a46495a3aed48eef8ce75a69d001eaa28b4c38cb0f3c921909d,CORE CFIHOS V2.0 CSV/CFIHOS CORE CFIHOS object equivalent mapping v2.0.csv,2480,source_reference_record,source_reference_record_unreviewed
CFIHOS-60001547,POSC CAESAR,RDS2228268,real,True,sha256:a69b98012d9e4a46495a3aed48eef8ce75a69d001eaa28b4c38cb0f3c921909d,CORE CFIHOS V2.0 CSV/CFIHOS CORE CFIHOS object equivalent mapping v2.0.csv,2481,source_reference_record,source_reference_record_unreviewed
CFIHOS-60001548,POSC CAESAR,RDS2228269,real,True,sha256:a69b98012d9e4a46495a3aed48eef8ce75a69d001eaa28b4c38cb0f3c921909d,CORE CFIHOS V2.0 CSV/CFIHOS CORE CFIHOS object equivalent mapping v2.0.csv,2482,source_reference_record,source_reference_record_unreviewed
CFIHOS-60001549,POSC CAESAR,RDS2228270,real,True,sha256:a69b98012d9e4a46495a3aed48eef8ce75a69d001eaa28b4c38cb0f3c921909d,CORE CFIHOS V2.0 CSV/CFIHOS CORE CFIHOS object equivalent mapping v2.0.csv,2483,source_reference_record,source_reference_record_unreviewed
CFIHOS-60001550,POSC CAESAR,RDS2228271,real,True,sha256:a69b98012d9e4a46495a3aed48eef8ce75a69d001eaa28b4c38cb0f3c921909d,CORE CFIHOS V2.0 CSV/CFIHOS CORE CFIHOS object equivalent mapping v2.0.csv,2484,source_reference_record,source_reference_record_unreviewed
CFIHOS-60001551,POSC CAESAR,RDS2228272,real,True,sha256:a69b98012d9e4a46495a3aed48eef8ce75a69d001eaa28b4c38cb0f3c921909d,CORE CFIHOS V2.0 CSV/CFIHOS CORE CFIHOS object equivalent mapping v2.0.csv,2485,source_reference_record,source_reference_record_unreviewed
CFIHOS-60001552,POSC CAESAR,RDS2228273,real,True,sha256:a69b98012d9e4a46495a3aed48eef8ce75a69d001eaa28b4c38cb0f3c921909d,CORE CFIHOS V2.0 CSV/CFIHOS CORE CFIHOS object equivalent mapping v2.0.csv,2486,source_reference_record,source_reference_record_unreviewed
CFIHOS-60001553,POSC CAESAR,RDS2228274,real,True,sha256:a69b98012d9e4a46495a3aed48eef8ce75a69d001eaa28b4c38cb0f3c921909d,CORE CFIHOS V2.0 CSV/CFIHOS CORE CFIHOS object equivalent mapping v2.0.csv,2487,source_reference_record,source_reference_record_unreviewed
CFIHOS-60001554,POSC CAESAR,RDS2228275,real,True,sha256:a69b98012d9e4a46495a3aed48eef8ce75a69d001eaa28b4c38cb0f3c921909d,CORE CFIHOS V2.0 CSV/CFIHOS CORE CFIHOS object equivalent mapping v2.0.csv,2488,source_reference_record,source_reference_record_unreviewed
CFIHOS-60001555,POSC CAESAR,RDS2228276,real,True,sha256:a69b98012d9e4a46495a3aed48eef8ce75a69d001eaa28b4c38cb0f3c921909d,CORE CFIHOS V2.0 CSV/CFIHOS CORE CFIHOS object equivalent mapping v2.0.csv,2489,source_reference_record,source_reference_record_unreviewed
CFIHOS-60001556,POSC CAESAR,RDS2228277,real,True,sha256:a69b98012d9e4a46495a3aed48eef8ce75a69d001eaa28b4c38cb0f3c921909d,CORE CFIHOS V2.0 CSV/CFIHOS CORE CFIHOS object equivalent mapping v2.0.csv,2490,source_reference_record,source_reference_record_unreviewed
CFIHOS-60001557,POSC CAESAR,RDS2228278,real,True,sha256:a69b98012d9e4a46495a3aed48eef8ce75a69d001eaa28b4c38cb0f3c921909d,CORE CFIHOS V2.0 CSV/CFIHOS CORE CFIHOS object equivalent mapping v2.0.csv,2491,source_reference_record,source_reference_record_unreviewed
CFIHOS-60001558,POSC CAESAR,RDS2228279,real,True,sha256:a69b98012d9e4a46495a3aed48eef8ce75a69d001eaa28b4c38cb0f3c921909d,CORE CFIHOS V2.0 CSV/CFIHOS CORE CFIHOS object equivalent mapping v2.0.csv,2492,source_reference_record,source_reference_record_unreviewed
CFIHOS-60001559,POSC CAESAR,RDS2228280,real,True,sha256:a69b98012d9e4a46495a3aed48eef8ce75a69d001eaa28b4c38cb0f3c921909d,CORE CFIHOS V2.0 CSV/CFIHOS CORE CFIHOS object equivalent mapping v2.0.csv,2493,source_reference_record,source_reference_record_unreviewed
CFIHOS-60001560,POSC CAESAR,RDS2228281,real,True,sha256:a69b98012d9e4a46495a3aed48eef8ce75a69d001eaa28b4c38cb0f3c921909d,CORE CFIHOS V2.0 CSV/CFIHOS CORE CFIHOS object equivalent mapping v2.0.csv,2494,source_reference_record,source_reference_record_unreviewed
CFIHOS-60001561,POSC CAESAR,RDS2228282,real,True,sha256:a69b98012d9e4a46495a3aed48eef8ce75a69d001eaa28b4c38cb0f3c921909d,CORE CFIHOS V2.0 CSV/CFIHOS CORE CFIHOS object equivalent mapping v2.0.csv,2495,source_reference_record,source_reference_record_unreviewed
CFIHOS-60001562,POSC CAESAR,RDS2228283,real,True,sha256:a69b98012d9e4a46495a3aed48eef8ce75a69d001eaa28b4c38cb0f3c921909d,CORE CFIHOS V2.0 CSV/CFIHOS CORE CFIHOS object equivalent mapping v2.0.csv,2496,source_reference_record,source_reference_record_unreviewed
CFIHOS-60001563,POSC CAESAR,RDS2228284,real,True,sha256:a69b98012d9e4a46495a3aed48eef8ce75a69d001eaa28b4c38cb0f3c921909d,CORE CFIHOS V2.0 CSV/CFIHOS CORE CFIHOS object equivalent mapping v2.0.csv,2497,source_reference_record,source_reference_record_unreviewed
CFIHOS-60001564,POSC CAESAR,RDS2228285,real,True,sha256:a69b98012d9e4a46495a3aed48eef8ce75a69d001eaa28b4c38cb0f3c921909d,CORE CFIHOS V2.0 CSV/CFIHOS CORE CFIHOS object equivalent mapping v2.0.csv,2498,source_reference_record,source_reference_record_unreviewed
CFIHOS-60001565,POSC CAESAR,RDS2228286,real,True,sha256:a69b98012d9e4a46495a3aed48eef8ce75a69d001eaa28b4c38cb0f3c921909d,CORE CFIHOS V2.0 CSV/CFIHOS CORE CFIHOS object equivalent mapping v2.0.csv,2499,source_reference_record,source_reference_record_unreviewed
CFIHOS-60001566,POSC CAESAR,RDS2228287,real,True,sha256:a69b98012d9e4a46495a3aed48eef8ce75a69d001eaa28b4c38cb0f3c921909d,CORE CFIHOS V2.0 CSV/CFIHOS CORE CFIHOS object equivalent mapping v2.0.csv,2500,source_reference_record,source_reference_record_unreviewed
CFIHOS-60001567,POSC CAESAR,RDS2228288,real,True,sha256:a69b98012d9e4a46495a3aed48eef8ce75a69d001eaa28b4c38cb0f3c921909d,CORE CFIHOS V2.0 CSV/CFIHOS CORE CFIHOS object equivalent mapping v2.0.csv,2501,source_reference_record,source_reference_record_unreviewed
CFIHOS-60001568,POSC CAESAR,RDS2228289,real,True,sha256:a69b98012d9e4a46495a3aed48eef8ce75a69d001eaa28b4c38cb0f3c921909d,CORE CFIHOS V2.0 CSV/CFIHOS CORE CFIHOS object equivalent mapping v2.0.csv,2502,source_reference_record,source_reference_record_unreviewed
CFIHOS-60001569,POSC CAESAR,RDS2228290,real,True,sha256:a69b98012d9e4a46495a3aed48eef8ce75a69d001eaa28b4c38cb0f3c921909d,CORE CFIHOS V2.0 CSV/CFIHOS CORE CFIHOS object equivalent mapping v2.0.csv,2503,source_reference_record,source_reference_record_unreviewed
CFIHOS-60001570,POSC CAESAR,RDS2228291,real,True,sha256:a69b98012d9e4a46495a3aed48eef8ce75a69d001eaa28b4c38cb0f3c921909d,CORE CFIHOS V2.0 CSV/CFIHOS CORE CFIHOS object equivalent mapping v2.0.csv,2504,source_reference_record,source_reference_record_unreviewed
CFIHOS-60001571,POSC CAESAR,RDS2228292,real,True,sha256:a69b98012d9e4a46495a3aed48eef8ce75a69d001eaa28b4c38cb0f3c921909d,CORE CFIHOS V2.0 CSV/CFIHOS CORE CFIHOS object equivalent mapping v2.0.csv,2505,source_reference_record,source_reference_record_unreviewed
CFIHOS-60001572,POSC CAESAR,RDS2228293,real,True,sha256:a69b98012d9e4a46495a3aed48eef8ce75a69d001eaa28b4c38cb0f3c921909d,CORE CFIHOS V2.0 CSV/CFIHOS CORE CFIHOS object equivalent mapping v2.0.csv,2506,source_reference_record,source_reference_record_unreviewed
CFIHOS-60001573,POSC CAESAR,RDS2228294,real,True,sha256:a69b98012d9e4a46495a3aed48eef8ce75a69d001eaa28b4c38cb0f3c921909d,CORE CFIHOS V2.0 CSV/CFIHOS CORE CFIHOS object equivalent mapping v2.0.csv,2507,source_reference_record,source_reference_record_unreviewed
CFIHOS-60001574,POSC CAESAR,RDS2228295,real,True,sha256:a69b98012d9e4a46495a3aed48eef8ce75a69d001eaa28b4c38cb0f3c921909d,CORE CFIHOS V2.0 CSV/CFIHOS CORE CFIHOS object equivalent mapping v2.0.csv,2508,source_reference_record,source_reference_record_unreviewed
CFIHOS-60001575,POSC CAESAR,RDS2228296,real,True,sha256:a69b98012d9e4a46495a3aed48eef8ce75a69d001eaa28b4c38cb0f3c921909d,CORE CFIHOS V2.0 CSV/CFIHOS CORE CFIHOS object equivalent mapping v2.0.csv,2509,source_reference_record,source_reference_record_unreviewed
CFIHOS-60001576,POSC CAESAR,RDS2228297,real,True,sha256:a69b98012d9e4a46495a3aed48eef8ce75a69d001eaa28b4c38cb0f3c921909d,CORE CFIHOS V2.0 CSV/CFIHOS CORE CFIHOS object equivalent mapping v2.0.csv,2510,source_reference_record,source_reference_record_unreviewed
CFIHOS-60001577,POSC CAESAR,RDS2228298,real,True,sha256:a69b98012d9e4a46495a3aed48eef8ce75a69d001eaa28b4c38cb0f3c921909d,CORE CFIHOS V2.0 CSV/CFIHOS CORE CFIHOS object equivalent mapping v2.0.csv,2511,source_reference_record,source_reference_record_unreviewed
CFIHOS-60001578,POSC CAESAR,RDS2228299,real,True,sha256:a69b98012d9e4a46495a3aed48eef8ce75a69d001eaa28b4c38cb0f3c921909d,CORE CFIHOS V2.0 CSV/CFIHOS CORE CFIHOS object equivalent mapping v2.0.csv,2512,source_reference_record,source_reference_record_unreviewed
CFIHOS-60001579,POSC CAESAR,RDS2228300,real,True,sha256:a69b98012d9e4a46495a3aed48eef8ce75a69d001eaa28b4c38cb0f3c921909d,CORE CFIHOS V2.0 CSV/CFIHOS CORE CFIHOS object equivalent mapping v2.0.csv,2513,source_reference_record,source_reference_record_unreviewed
CFIHOS-60001580,POSC CAESAR,RDS2228302,real,True,sha256:a69b98012d9e4a46495a3aed48eef8ce75a69d001eaa28b4c38cb0f3c921909d,CORE CFIHOS V2.0 CSV/CFIHOS CORE CFIHOS object equivalent mapping v2.0.csv,2514,source_reference_record,source_reference_record_unreviewed
CFIHOS-60001581,POSC CAESAR,RDS2228303,real,True,sha256:a69b98012d9e4a46495a3aed48eef8ce75a69d001eaa28b4c38cb0f3c921909d,CORE CFIHOS V2.0 CSV/CFIHOS CORE CFIHOS object equivalent mapping v2.0.csv,2515,source_reference_record,source_reference_record_unreviewed
CFIHOS-60001582,POSC CAESAR,RDS2228304,real,True,sha256:a69b98012d9e4a46495a3aed48eef8ce75a69d001eaa28b4c38cb0f3c921909d,CORE CFIHOS V2.0 CSV/CFIHOS CORE CFIHOS object equivalent mapping v2.0.csv,2516,source_reference_record,source_reference_record_unreviewed
CFIHOS-60001583,POSC CAESAR,RDS2228305,real,True,sha256:a69b98012d9e4a46495a3aed48eef8ce75a69d001eaa28b4c38cb0f3c921909d,CORE CFIHOS V2.0 CSV/CFIHOS CORE CFIHOS object equivalent mapping v2.0.csv,2517,source_reference_record,source_reference_record_unreviewed
CFIHOS-60001584,POSC CAESAR,RDS2228306,real,True,sha256:a69b98012d9e4a46495a3aed48eef8ce75a69d001eaa28b4c38cb0f3c921909d,CORE CFIHOS V2.0 CSV/CFIHOS CORE CFIHOS object equivalent mapping v2.0.csv,2518,source_reference_record,source_reference_record_unreviewed
CFIHOS-60001585,POSC CAESAR,RDS2228307,real,True,sha256:a69b98012d9e4a46495a3aed48eef8ce75a69d001eaa28b4c38cb0f3c921909d,CORE CFIHOS V2.0 CSV/CFIHOS CORE CFIHOS object equivalent mapping v2.0.csv,2519,source_reference_record,source_reference_record_unreviewed
CFIHOS-60001586,POSC CAESAR,RDS2228308,real,True,sha256:a69b98012d9e4a46495a3aed48eef8ce75a69d001eaa28b4c38cb0f3c921909d,CORE CFIHOS V2.0 CSV/CFIHOS CORE CFIHOS object equivalent mapping v2.0.csv,2520,source_reference_record,source_reference_record_unreviewed
CFIHOS-60001587,POSC CAESAR,RDS2228309,real,True,sha256:a69b98012d9e4a46495a3aed48eef8ce75a69d001eaa28b4c38cb0f3c921909d,CORE CFIHOS V2.0 CSV/CFIHOS CORE CFIHOS object equivalent mapping v2.0.csv,2521,source_reference_record,source_reference_record_unreviewed
CFIHOS-60001588,POSC CAESAR,RDS2228310,real,True,sha256:a69b98012d9e4a46495a3aed48eef8ce75a69d001eaa28b4c38cb0f3c921909d,CORE CFIHOS V2.0 CSV/CFIHOS CORE CFIHOS object equivalent mapping v2.0.csv,2522,source_reference_record,source_reference_record_unreviewed
CFIHOS-60001589,POSC CAESAR,RDS2228311,real,True,sha256:a69b98012d9e4a46495a3aed48eef8ce75a69d001eaa28b4c38cb0f3c921909d,CORE CFIHOS V2.0 CSV/CFIHOS CORE CFIHOS object equivalent mapping v2.0.csv,2523,source_reference_record,source_reference_record_unreviewed
CFIHOS-60001590,POSC CAESAR,RDS2228312,real,True,sha256:a69b98012d9e4a46495a3aed48eef8ce75a69d001eaa28b4c38cb0f3c921909d,CORE CFIHOS V2.0 CSV/CFIHOS CORE CFIHOS object equivalent mapping v2.0.csv,2524,source_reference_record,source_reference_record_unreviewed
CFIHOS-60001591,POSC CAESAR,RDS2228313,real,True,sha256:a69b98012d9e4a46495a3aed48eef8ce75a69d001eaa28b4c38cb0f3c921909d,CORE CFIHOS V2.0 CSV/CFIHOS CORE CFIHOS object equivalent mapping v2.0.csv,2525,source_reference_record,source_reference_record_unreviewed
CFIHOS-60001592,POSC CAESAR,RDS2228314,real,True,sha256:a69b98012d9e4a46495a3aed48eef8ce75a69d001eaa28b4c38cb0f3c921909d,CORE CFIHOS V2.0 CSV/CFIHOS CORE CFIHOS object equivalent mapping v2.0.csv,2526,source_reference_record,source_reference_record_unreviewed
CFIHOS-60001593,POSC CAESAR,RDS2228315,real,True,sha256:a69b98012d9e4a46495a3aed48eef8ce75a69d001eaa28b4c38cb0f3c921909d,CORE CFIHOS V2.0 CSV/CFIHOS CORE CFIHOS object equivalent mapping v2.0.csv,2527,source_reference_record,source_reference_record_unreviewed
CFIHOS-60001594,POSC CAESAR,RDS2228316,real,True,sha256:a69b98012d9e4a46495a3aed48eef8ce75a69d001eaa28b4c38cb0f3c921909d,CORE CFIHOS V2.0 CSV/CFIHOS CORE CFIHOS object equivalent mapping v2.0.csv,2528,source_reference_record,source_reference_record_unreviewed
CFIHOS-60001595,POSC CAESAR,RDS2228317,real,True,sha256:a69b98012d9e4a46495a3aed48eef8ce75a69d001eaa28b4c38cb0f3c921909d,CORE CFIHOS V2.0 CSV/CFIHOS CORE CFIHOS object equivalent mapping v2.0.csv,2529,source_reference_record,source_reference_record_unreviewed
CFIHOS-60001596,POSC CAESAR,RDS2228318,real,True,sha256:a69b98012d9e4a46495a3aed48eef8ce75a69d001eaa28b4c38cb0f3c921909d,CORE CFIHOS V2.0 CSV/CFIHOS CORE CFIHOS object equivalent mapping v2.0.csv,2530,source_reference_record,source_reference_record_unreviewed
CFIHOS-60001597,POSC CAESAR,RDS2228319,real,True,sha256:a69b98012d9e4a46495a3aed48eef8ce75a69d001eaa28b4c38cb0f3c921909d,CORE CFIHOS V2.0 CSV/CFIHOS CORE CFIHOS object equivalent mapping v2.0.csv,2531,source_reference_record,source_reference_record_unreviewed
CFIHOS-60001598,POSC CAESAR,RDS2228320,real,True,sha256:a69b98012d9e4a46495a3aed48eef8ce75a69d001eaa28b4c38cb0f3c921909d,CORE CFIHOS V2.0 CSV/CFIHOS CORE CFIHOS object equivalent mapping v2.0.csv,2532,source_reference_record,source_reference_record_unreviewed
CFIHOS-60001599,POSC CAESAR,RDS2228321,real,True,sha256:a69b98012d9e4a46495a3aed48eef8ce75a69d001eaa28b4c38cb0f3c921909d,CORE CFIHOS V2.0 CSV/CFIHOS CORE CFIHOS object equivalent mapping v2.0.csv,2533,source_reference_record,source_reference_record_unreviewed
CFIHOS-60001600,POSC CAESAR,RDS2228322,real,True,sha256:a69b98012d9e4a46495a3aed48eef8ce75a69d001eaa28b4c38cb0f3c921909d,CORE CFIHOS V2.0 CSV/CFIHOS CORE CFIHOS object equivalent mapping v2.0.csv,2534,source_reference_record,source_reference_record_unreviewed
CFIHOS-60001601,POSC CAESAR,RDS2228323,real,True,sha256:a69b98012d9e4a46495a3aed48eef8ce75a69d001eaa28b4c38cb0f3c921909d,CORE CFIHOS V2.0 CSV/CFIHOS CORE CFIHOS object equivalent mapping v2.0.csv,2535,source_reference_record,source_reference_record_unreviewed
CFIHOS-60001602,POSC CAESAR,RDS2228324,real,True,sha256:a69b98012d9e4a46495a3aed48eef8ce75a69d001eaa28b4c38cb0f3c921909d,CORE CFIHOS V2.0 CSV/CFIHOS CORE CFIHOS object equivalent mapping v2.0.csv,2536,source_reference_record,source_reference_record_unreviewed
CFIHOS-60001603,POSC CAESAR,RDS2228325,real,True,sha256:a69b98012d9e4a46495a3aed48eef8ce75a69d001eaa28b4c38cb0f3c921909d,CORE CFIHOS V2.0 CSV/CFIHOS CORE CFIHOS object equivalent mapping v2.0.csv,2537,source_reference_record,source_reference_record_unreviewed
CFIHOS-60001604,POSC CAESAR,RDS2228326,real,True,sha256:a69b98012d9e4a46495a3aed48eef8ce75a69d001eaa28b4c38cb0f3c921909d,CORE CFIHOS V2.0 CSV/CFIHOS CORE CFIHOS object equivalent mapping v2.0.csv,2538,source_reference_record,source_reference_record_unreviewed
CFIHOS-60001605,POSC CAESAR,RDS2228327,real,True,sha256:a69b98012d9e4a46495a3aed48eef8ce75a69d001eaa28b4c38cb0f3c921909d,CORE CFIHOS V2.0 CSV/CFIHOS CORE CFIHOS object equivalent mapping v2.0.csv,2539,source_reference_record,source_reference_record_unreviewed
CFIHOS-60001606,POSC CAESAR,RDS2228328,real,True,sha256:a69b98012d9e4a46495a3aed48eef8ce75a69d001eaa28b4c38cb0f3c921909d,CORE CFIHOS V2.0 CSV/CFIHOS CORE CFIHOS object equivalent mapping v2.0.csv,2540,source_reference_record,source_reference_record_unreviewed
CFIHOS-60001607,POSC CAESAR,RDS2228329,real,True,sha256:a69b98012d9e4a46495a3aed48eef8ce75a69d001eaa28b4c38cb0f3c921909d,CORE CFIHOS V2.0 CSV/CFIHOS CORE CFIHOS object equivalent mapping v2.0.csv,2541,source_reference_record,source_reference_record_unreviewed
CFIHOS-60001608,POSC CAESAR,RDS2228330,real,True,sha256:a69b98012d9e4a46495a3aed48eef8ce75a69d001eaa28b4c38cb0f3c921909d,CORE CFIHOS V2.0 CSV/CFIHOS CORE CFIHOS object equivalent mapping v2.0.csv,2542,source_reference_record,source_reference_record_unreviewed
CFIHOS-60001609,POSC CAESAR,RDS2228331,real,True,sha256:a69b98012d9e4a46495a3aed48eef8ce75a69d001eaa28b4c38cb0f3c921909d,CORE CFIHOS V2.0 CSV/CFIHOS CORE CFIHOS object equivalent mapping v2.0.csv,2543,source_reference_record,source_reference_record_unreviewed
CFIHOS-60001610,POSC CAESAR,RDS2228332,real,True,sha256:a69b98012d9e4a46495a3aed48eef8ce75a69d001eaa28b4c38cb0f3c921909d,CORE CFIHOS V2.0 CSV/CFIHOS CORE CFIHOS object equivalent mapping v2.0.csv,2544,source_reference_record,source_reference_record_unreviewed
CFIHOS-60001611,POSC CAESAR,RDS2228333,real,True,sha256:a69b98012d9e4a46495a3aed48eef8ce75a69d001eaa28b4c38cb0f3c921909d,CORE CFIHOS V2.0 CSV/CFIHOS CORE CFIHOS object equivalent mapping v2.0.csv,2545,source_reference_record,source_reference_record_unreviewed
CFIHOS-60001612,POSC CAESAR,RDS2228334,real,True,sha256:a69b98012d9e4a46495a3aed48eef8ce75a69d001eaa28b4c38cb0f3c921909d,CORE CFIHOS V2.0 CSV/CFIHOS CORE CFIHOS object equivalent mapping v2.0.csv,2546,source_reference_record,source_reference_record_unreviewed
CFIHOS-60001613,POSC CAESAR,RDS2228335,real,True,sha256:a69b98012d9e4a46495a3aed48eef8ce75a69d001eaa28b4c38cb0f3c921909d,CORE CFIHOS V2.0 CSV/CFIHOS CORE CFIHOS object equivalent mapping v2.0.csv,2547,source_reference_record,source_reference_record_unreviewed
CFIHOS-60001614,POSC CAESAR,RDS2228336,real,True,sha256:a69b98012d9e4a46495a3aed48eef8ce75a69d001eaa28b4c38cb0f3c921909d,CORE CFIHOS V2.0 CSV/CFIHOS CORE CFIHOS object equivalent mapping v2.0.csv,2548,source_reference_record,source_reference_record_unreviewed
CFIHOS-60001615,POSC CAESAR,RDS2228337,real,True,sha256:a69b98012d9e4a46495a3aed48eef8ce75a69d001eaa28b4c38cb0f3c921909d,CORE CFIHOS V2.0 CSV/CFIHOS CORE CFIHOS object equivalent mapping v2.0.csv,2549,source_reference_record,source_reference_record_unreviewed
CFIHOS-60001616,POSC CAESAR,RDS2228338,real,True,sha256:a69b98012d9e4a46495a3aed48eef8ce75a69d001eaa28b4c38cb0f3c921909d,CORE CFIHOS V2.0 CSV/CFIHOS CORE CFIHOS object equivalent mapping v2.0.csv,2550,source_reference_record,source_reference_record_unreviewed
CFIHOS-60001617,POSC CAESAR,RDS2228339,real,True,sha256:a69b98012d9e4a46495a3aed48eef8ce75a69d001eaa28b4c38cb0f3c921909d,CORE CFIHOS V2.0 CSV/CFIHOS CORE CFIHOS object equivalent mapping v2.0.csv,2551,source_reference_record,source_reference_record_unreviewed
CFIHOS-60001618,POSC CAESAR,RDS2228340,real,True,sha256:a69b98012d9e4a46495a3aed48eef8ce75a69d001eaa28b4c38cb0f3c921909d,CORE CFIHOS V2.0 CSV/CFIHOS CORE CFIHOS object equivalent mapping v2.0.csv,2552,source_reference_record,source_reference_record_unreviewed
CFIHOS-60001619,POSC CAESAR,RDS2228341,real,True,sha256:a69b98012d9e4a46495a3aed48eef8ce75a69d001eaa28b4c38cb0f3c921909d,CORE CFIHOS V2.0 CSV/CFIHOS CORE CFIHOS object equivalent mapping v2.0.csv,2553,source_reference_record,source_reference_record_unreviewed
CFIHOS-60001620,POSC CAESAR,RDS2228342,real,True,sha256:a69b98012d9e4a46495a3aed48eef8ce75a69d001eaa28b4c38cb0f3c921909d,CORE CFIHOS V2.0 CSV/CFIHOS CORE CFIHOS object equivalent mapping v2.0.csv,2554,source_reference_record,source_reference_record_unreviewed
CFIHOS-60001621,POSC CAESAR,RDS2228343,real,True,sha256:a69b98012d9e4a46495a3aed48eef8ce75a69d001eaa28b4c38cb0f3c921909d,CORE CFIHOS V2.0 CSV/CFIHOS CORE CFIHOS object equivalent mapping v2.0.csv,2555,source_reference_record,source_reference_record_unreviewed
CFIHOS-60001622,POSC CAESAR,RDS2228344,real,True,sha256:a69b98012d9e4a46495a3aed48eef8ce75a69d001eaa28b4c38cb0f3c921909d,CORE CFIHOS V2.0 CSV/CFIHOS CORE CFIHOS object equivalent mapping v2.0.csv,2556,source_reference_record,source_reference_record_unreviewed
CFIHOS-60001623,POSC CAESAR,RDS2228345,real,True,sha256:a69b98012d9e4a46495a3aed48eef8ce75a69d001eaa28b4c38cb0f3c921909d,CORE CFIHOS V2.0 CSV/CFIHOS CORE CFIHOS object equivalent mapping v2.0.csv,2557,source_reference_record,source_reference_record_unreviewed
CFIHOS-60001624,POSC CAESAR,RDS2228346,real,True,sha256:a69b98012d9e4a46495a3aed48eef8ce75a69d001eaa28b4c38cb0f3c921909d,CORE CFIHOS V2.0 CSV/CFIHOS CORE CFIHOS object equivalent mapping v2.0.csv,2558,source_reference_record,source_reference_record_unreviewed
CFIHOS-60001625,POSC CAESAR,RDS2228347,real,True,sha256:a69b98012d9e4a46495a3aed48eef8ce75a69d001eaa28b4c38cb0f3c921909d,CORE CFIHOS V2.0 CSV/CFIHOS CORE CFIHOS object equivalent mapping v2.0.csv,2559,source_reference_record,source_reference_record_unreviewed
CFIHOS-60001626,POSC CAESAR,RDS2228348,real,True,sha256:a69b98012d9e4a46495a3aed48eef8ce75a69d001eaa28b4c38cb0f3c921909d,CORE CFIHOS V2.0 CSV/CFIHOS CORE CFIHOS object equivalent mapping v2.0.csv,2560,source_reference_record,source_reference_record_unreviewed
CFIHOS-60001627,POSC CAESAR,RDS2228349,real,True,sha256:a69b98012d9e4a46495a3aed48eef8ce75a69d001eaa28b4c38cb0f3c921909d,CORE CFIHOS V2.0 CSV/CFIHOS CORE CFIHOS object equivalent mapping v2.0.csv,2561,source_reference_record,source_reference_record_unreviewed
CFIHOS-60001628,POSC CAESAR,RDS2228352,real,True,sha256:a69b98012d9e4a46495a3aed48eef8ce75a69d001eaa28b4c38cb0f3c921909d,CORE CFIHOS V2.0 CSV/CFIHOS CORE CFIHOS object equivalent mapping v2.0.csv,2562,source_reference_record,source_reference_record_unreviewed
CFIHOS-60001629,POSC CAESAR,RDS2228354,real,True,sha256:a69b98012d9e4a46495a3aed48eef8ce75a69d001eaa28b4c38cb0f3c921909d,CORE CFIHOS V2.0 CSV/CFIHOS CORE CFIHOS object equivalent mapping v2.0.csv,2563,source_reference_record,source_reference_record_unreviewed
CFIHOS-60001630,POSC CAESAR,RDS2228355,real,True,sha256:a69b98012d9e4a46495a3aed48eef8ce75a69d001eaa28b4c38cb0f3c921909d,CORE CFIHOS V2.0 CSV/CFIHOS CORE CFIHOS object equivalent mapping v2.0.csv,2564,source_reference_record,source_reference_record_unreviewed
CFIHOS-60001631,POSC CAESAR,RDS2228356,real,True,sha256:a69b98012d9e4a46495a3aed48eef8ce75a69d001eaa28b4c38cb0f3c921909d,CORE CFIHOS V2.0 CSV/CFIHOS CORE CFIHOS object equivalent mapping v2.0.csv,2565,source_reference_record,source_reference_record_unreviewed
CFIHOS-60001632,POSC CAESAR,RDS2228357,real,True,sha256:a69b98012d9e4a46495a3aed48eef8ce75a69d001eaa28b4c38cb0f3c921909d,CORE CFIHOS V2.0 CSV/CFIHOS CORE CFIHOS object equivalent mapping v2.0.csv,2566,source_reference_record,source_reference_record_unreviewed
CFIHOS-60001633,POSC CAESAR,RDS2228358,real,True,sha256:a69b98012d9e4a46495a3aed48eef8ce75a69d001eaa28b4c38cb0f3c921909d,CORE CFIHOS V2.0 CSV/CFIHOS CORE CFIHOS object equivalent mapping v2.0.csv,2567,source_reference_record,source_reference_record_unreviewed
CFIHOS-60001634,POSC CAESAR,RDS2228359,real,True,sha256:a69b98012d9e4a46495a3aed48eef8ce75a69d001eaa28b4c38cb0f3c921909d,CORE CFIHOS V2.0 CSV/CFIHOS CORE CFIHOS object equivalent mapping v2.0.csv,2568,source_reference_record,source_reference_record_unreviewed
CFIHOS-60001635,POSC CAESAR,RDS2228360,real,True,sha256:a69b98012d9e4a46495a3aed48eef8ce75a69d001eaa28b4c38cb0f3c921909d,CORE CFIHOS V2.0 CSV/CFIHOS CORE CFIHOS object equivalent mapping v2.0.csv,2569,source_reference_record,source_reference_record_unreviewed
CFIHOS-60001636,POSC CAESAR,RDS2228362,real,True,sha256:a69b98012d9e4a46495a3aed48eef8ce75a69d001eaa28b4c38cb0f3c921909d,CORE CFIHOS V2.0 CSV/CFIHOS CORE CFIHOS object equivalent mapping v2.0.csv,2570,source_reference_record,source_reference_record_unreviewed
CFIHOS-60001637,POSC CAESAR,RDS2228363,real,True,sha256:a69b98012d9e4a46495a3aed48eef8ce75a69d001eaa28b4c38cb0f3c921909d,CORE CFIHOS V2.0 CSV/CFIHOS CORE CFIHOS object equivalent mapping v2.0.csv,2571,source_reference_record,source_reference_record_unreviewed
CFIHOS-60001638,POSC CAESAR,RDS2228366,real,True,sha256:a69b98012d9e4a46495a3aed48eef8ce75a69d001eaa28b4c38cb0f3c921909d,CORE CFIHOS V2.0 CSV/CFIHOS CORE CFIHOS object equivalent mapping v2.0.csv,2572,source_reference_record,source_reference_record_unreviewed
CFIHOS-60001639,POSC CAESAR,RDS2228367,real,True,sha256:a69b98012d9e4a46495a3aed48eef8ce75a69d001eaa28b4c38cb0f3c921909d,CORE CFIHOS V2.0 CSV/CFIHOS CORE CFIHOS object equivalent mapping v2.0.csv,2573,source_reference_record,source_reference_record_unreviewed
CFIHOS-60001640,POSC CAESAR,RDS2228368,real,True,sha256:a69b98012d9e4a46495a3aed48eef8ce75a69d001eaa28b4c38cb0f3c921909d,CORE CFIHOS V2.0 CSV/CFIHOS CORE CFIHOS object equivalent mapping v2.0.csv,2574,source_reference_record,source_reference_record_unreviewed
CFIHOS-60001641,POSC CAESAR,RDS2228369,real,True,sha256:a69b98012d9e4a46495a3aed48eef8ce75a69d001eaa28b4c38cb0f3c921909d,CORE CFIHOS V2.0 CSV/CFIHOS CORE CFIHOS object equivalent mapping v2.0.csv,2575,source_reference_record,source_reference_record_unreviewed
CFIHOS-60001644,POSC CAESAR,RDS2228946,real,True,sha256:a69b98012d9e4a46495a3aed48eef8ce75a69d001eaa28b4c38cb0f3c921909d,CORE CFIHOS V2.0 CSV/CFIHOS CORE CFIHOS object equivalent mapping v2.0.csv,2576,source_reference_record,source_reference_record_unreviewed
CFIHOS-60001645,POSC CAESAR,RDS2228781,real,True,sha256:a69b98012d9e4a46495a3aed48eef8ce75a69d001eaa28b4c38cb0f3c921909d,CORE CFIHOS V2.0 CSV/CFIHOS CORE CFIHOS object equivalent mapping v2.0.csv,2577,source_reference_record,source_reference_record_unreviewed
CFIHOS-60001647,POSC CAESAR,RDS2228782,real,True,sha256:a69b98012d9e4a46495a3aed48eef8ce75a69d001eaa28b4c38cb0f3c921909d,CORE CFIHOS V2.0 CSV/CFIHOS CORE CFIHOS object equivalent mapping v2.0.csv,2578,source_reference_record,source_reference_record_unreviewed
CFIHOS-60001648,POSC CAESAR,RDS2228783,real,True,sha256:a69b98012d9e4a46495a3aed48eef8ce75a69d001eaa28b4c38cb0f3c921909d,CORE CFIHOS V2.0 CSV/CFIHOS CORE CFIHOS object equivalent mapping v2.0.csv,2579,source_reference_record,source_reference_record_unreviewed
CFIHOS-60001649,POSC CAESAR,RDS2226630,real,True,sha256:a69b98012d9e4a46495a3aed48eef8ce75a69d001eaa28b4c38cb0f3c921909d,CORE CFIHOS V2.0 CSV/CFIHOS CORE CFIHOS object equivalent mapping v2.0.csv,2580,source_reference_record,source_reference_record_unreviewed
CFIHOS-60001650,POSC CAESAR,RDS2226632,real,True,sha256:a69b98012d9e4a46495a3aed48eef8ce75a69d001eaa28b4c38cb0f3c921909d,CORE CFIHOS V2.0 CSV/CFIHOS CORE CFIHOS object equivalent mapping v2.0.csv,2581,source_reference_record,source_reference_record_unreviewed
CFIHOS-60001651,POSC CAESAR,RDS9648872,real,True,sha256:a69b98012d9e4a46495a3aed48eef8ce75a69d001eaa28b4c38cb0f3c921909d,CORE CFIHOS V2.0 CSV/CFIHOS CORE CFIHOS object equivalent mapping v2.0.csv,2582,source_reference_record,source_reference_record_unreviewed
CFIHOS-60001652,POSC CAESAR,RDS2229122,real,True,sha256:a69b98012d9e4a46495a3aed48eef8ce75a69d001eaa28b4c38cb0f3c921909d,CORE CFIHOS V2.0 CSV/CFIHOS CORE CFIHOS object equivalent mapping v2.0.csv,2583,source_reference_record,source_reference_record_unreviewed
CFIHOS-60001653,POSC CAESAR,RDS2229990,real,True,sha256:a69b98012d9e4a46495a3aed48eef8ce75a69d001eaa28b4c38cb0f3c921909d,CORE CFIHOS V2.0 CSV/CFIHOS CORE CFIHOS object equivalent mapping v2.0.csv,2584,source_reference_record,source_reference_record_unreviewed
CFIHOS-60001654,POSC CAESAR,RDS2229991,real,True,sha256:a69b98012d9e4a46495a3aed48eef8ce75a69d001eaa28b4c38cb0f3c921909d,CORE CFIHOS V2.0 CSV/CFIHOS CORE CFIHOS object equivalent mapping v2.0.csv,2585,source_reference_record,source_reference_record_unreviewed
CFIHOS-60001655,POSC CAESAR,RDS2227509,real,True,sha256:a69b98012d9e4a46495a3aed48eef8ce75a69d001eaa28b4c38cb0f3c921909d,CORE CFIHOS V2.0 CSV/CFIHOS CORE CFIHOS object equivalent mapping v2.0.csv,2586,source_reference_record,source_reference_record_unreviewed
CFIHOS-60001656,POSC CAESAR,RDS2229994,real,True,sha256:a69b98012d9e4a46495a3aed48eef8ce75a69d001eaa28b4c38cb0f3c921909d,CORE CFIHOS V2.0 CSV/CFIHOS CORE CFIHOS object equivalent mapping v2.0.csv,2587,source_reference_record,source_reference_record_unreviewed
CFIHOS-60001657,POSC CAESAR,RDS2229995,real,True,sha256:a69b98012d9e4a46495a3aed48eef8ce75a69d001eaa28b4c38cb0f3c921909d,CORE CFIHOS V2.0 CSV/CFIHOS CORE CFIHOS object equivalent mapping v2.0.csv,2588,source_reference_record,source_reference_record_unreviewed
CFIHOS-60001658,POSC CAESAR,RDS2229997,real,True,sha256:a69b98012d9e4a46495a3aed48eef8ce75a69d001eaa28b4c38cb0f3c921909d,CORE CFIHOS V2.0 CSV/CFIHOS CORE CFIHOS object equivalent mapping v2.0.csv,2589,source_reference_record,source_reference_record_unreviewed
CFIHOS-60001659,POSC CAESAR,RDS9658412,real,True,sha256:a69b98012d9e4a46495a3aed48eef8ce75a69d001eaa28b4c38cb0f3c921909d,CORE CFIHOS V2.0 CSV/CFIHOS CORE CFIHOS object equivalent mapping v2.0.csv,2590,source_reference_record,source_reference_record_unreviewed
CFIHOS-60001660,POSC CAESAR,RDS9658952,real,True,sha256:a69b98012d9e4a46495a3aed48eef8ce75a69d001eaa28b4c38cb0f3c921909d,CORE CFIHOS V2.0 CSV/CFIHOS CORE CFIHOS object equivalent mapping v2.0.csv,2591,source_reference_record,source_reference_record_unreviewed
CFIHOS-60001661,POSC CAESAR,RDS2227510,real,True,sha256:a69b98012d9e4a46495a3aed48eef8ce75a69d001eaa28b4c38cb0f3c921909d,CORE CFIHOS V2.0 CSV/CFIHOS CORE CFIHOS object equivalent mapping v2.0.csv,2592,source_reference_record,source_reference_record_unreviewed
CFIHOS-60001662,POSC CAESAR,RDS9661877,real,True,sha256:a69b98012d9e4a46495a3aed48eef8ce75a69d001eaa28b4c38cb0f3c921909d,CORE CFIHOS V2.0 CSV/CFIHOS CORE CFIHOS object equivalent mapping v2.0.csv,2593,source_reference_record,source_reference_record_unreviewed
CFIHOS-60001663,POSC CAESAR,RDS9664082,real,True,sha256:a69b98012d9e4a46495a3aed48eef8ce75a69d001eaa28b4c38cb0f3c921909d,CORE CFIHOS V2.0 CSV/CFIHOS CORE CFIHOS object equivalent mapping v2.0.csv,2594,source_reference_record,source_reference_record_unreviewed
CFIHOS-60001664,POSC CAESAR,RDS2229253,real,True,sha256:a69b98012d9e4a46495a3aed48eef8ce75a69d001eaa28b4c38cb0f3c921909d,CORE CFIHOS V2.0 CSV/CFIHOS CORE CFIHOS object equivalent mapping v2.0.csv,2595,source_reference_record,source_reference_record_unreviewed
CFIHOS-60001665,POSC CAESAR,RDS2227506,real,True,sha256:a69b98012d9e4a46495a3aed48eef8ce75a69d001eaa28b4c38cb0f3c921909d,CORE CFIHOS V2.0 CSV/CFIHOS CORE CFIHOS object equivalent mapping v2.0.csv,2596,source_reference_record,source_reference_record_unreviewed
CFIHOS-60001666,POSC CAESAR,RDS9686717,real,True,sha256:a69b98012d9e4a46495a3aed48eef8ce75a69d001eaa28b4c38cb0f3c921909d,CORE CFIHOS V2.0 CSV/CFIHOS CORE CFIHOS object equivalent mapping v2.0.csv,2597,source_reference_record,source_reference_record_unreviewed
CFIHOS-60001667,POSC CAESAR,RDS9695762,real,True,sha256:a69b98012d9e4a46495a3aed48eef8ce75a69d001eaa28b4c38cb0f3c921909d,CORE CFIHOS V2.0 CSV/CFIHOS CORE CFIHOS object equivalent mapping v2.0.csv,2598,source_reference_record,source_reference_record_unreviewed
CFIHOS-60001668,POSC CAESAR,RDS9701927,real,True,sha256:a69b98012d9e4a46495a3aed48eef8ce75a69d001eaa28b4c38cb0f3c921909d,CORE CFIHOS V2.0 CSV/CFIHOS CORE CFIHOS object equivalent mapping v2.0.csv,2599,source_reference_record,source_reference_record_unreviewed
CFIHOS-60001669,POSC CAESAR,RDS9709622,real,True,sha256:a69b98012d9e4a46495a3aed48eef8ce75a69d001eaa28b4c38cb0f3c921909d,CORE CFIHOS V2.0 CSV/CFIHOS CORE CFIHOS object equivalent mapping v2.0.csv,2600,source_reference_record,source_reference_record_unreviewed
CFIHOS-60001672,POSC CAESAR,RDS2225682,real,True,sha256:a69b98012d9e4a46495a3aed48eef8ce75a69d001eaa28b4c38cb0f3c921909d,CORE CFIHOS V2.0 CSV/CFIHOS CORE CFIHOS object equivalent mapping v2.0.csv,2601,source_reference_record,source_reference_record_unreviewed
CFIHOS-60001673,POSC CAESAR,RDS2225672,real,True,sha256:a69b98012d9e4a46495a3aed48eef8ce75a69d001eaa28b4c38cb0f3c921909d,CORE CFIHOS V2.0 CSV/CFIHOS CORE CFIHOS object equivalent mapping v2.0.csv,2602,source_reference_record,source_reference_record_unreviewed
CFIHOS-60001674,POSC CAESAR,RDS2225688,real,True,sha256:a69b98012d9e4a46495a3aed48eef8ce75a69d001eaa28b4c38cb0f3c921909d,CORE CFIHOS V2.0 CSV/CFIHOS CORE CFIHOS object equivalent mapping v2.0.csv,2603,source_reference_record,source_reference_record_unreviewed
CFIHOS-60001675,POSC CAESAR,RDS2225676,real,True,sha256:a69b98012d9e4a46495a3aed48eef8ce75a69d001eaa28b4c38cb0f3c921909d,CORE CFIHOS V2.0 CSV/CFIHOS CORE CFIHOS object equivalent mapping v2.0.csv,2604,source_reference_record,source_reference_record_unreviewed
CFIHOS-60001676,POSC CAESAR,RDS2225685,real,True,sha256:a69b98012d9e4a46495a3aed48eef8ce75a69d001eaa28b4c38cb0f3c921909d,CORE CFIHOS V2.0 CSV/CFIHOS CORE CFIHOS object equivalent mapping v2.0.csv,2605,source_reference_record,source_reference_record_unreviewed
CFIHOS-60001677,POSC CAESAR,RDS2225675,real,True,sha256:a69b98012d9e4a46495a3aed48eef8ce75a69d001eaa28b4c38cb0f3c921909d,CORE CFIHOS V2.0 CSV/CFIHOS CORE CFIHOS object equivalent mapping v2.0.csv,2606,source_reference_record,source_reference_record_unreviewed
CFIHOS-60001678,POSC CAESAR,RDS2225681,real,True,sha256:a69b98012d9e4a46495a3aed48eef8ce75a69d001eaa28b4c38cb0f3c921909d,CORE CFIHOS V2.0 CSV/CFIHOS CORE CFIHOS object equivalent mapping v2.0.csv,2607,source_reference_record,source_reference_record_unreviewed
CFIHOS-60001679,POSC CAESAR,RDS2225671,real,True,sha256:a69b98012d9e4a46495a3aed48eef8ce75a69d001eaa28b4c38cb0f3c921909d,CORE CFIHOS V2.0 CSV/CFIHOS CORE CFIHOS object equivalent mapping v2.0.csv,2608,source_reference_record,source_reference_record_unreviewed
CFIHOS-60001680,POSC CAESAR,RDS2225680,real,True,sha256:a69b98012d9e4a46495a3aed48eef8ce75a69d001eaa28b4c38cb0f3c921909d,CORE CFIHOS V2.0 CSV/CFIHOS CORE CFIHOS object equivalent mapping v2.0.csv,2609,source_reference_record,source_reference_record_unreviewed
CFIHOS-60001681,POSC CAESAR,RDS2225683,real,True,sha256:a69b98012d9e4a46495a3aed48eef8ce75a69d001eaa28b4c38cb0f3c921909d,CORE CFIHOS V2.0 CSV/CFIHOS CORE CFIHOS object equivalent mapping v2.0.csv,2610,source_reference_record,source_reference_record_unreviewed
CFIHOS-60001682,POSC CAESAR,RDS2225684,real,True,sha256:a69b98012d9e4a46495a3aed48eef8ce75a69d001eaa28b4c38cb0f3c921909d,CORE CFIHOS V2.0 CSV/CFIHOS CORE CFIHOS object equivalent mapping v2.0.csv,2611,source_reference_record,source_reference_record_unreviewed
CFIHOS-60001683,POSC CAESAR,RDS2225686,real,True,sha256:a69b98012d9e4a46495a3aed48eef8ce75a69d001eaa28b4c38cb0f3c921909d,CORE CFIHOS V2.0 CSV/CFIHOS CORE CFIHOS object equivalent mapping v2.0.csv,2612,source_reference_record,source_reference_record_unreviewed
CFIHOS-60001684,POSC CAESAR,RDS2225687,real,True,sha256:a69b98012d9e4a46495a3aed48eef8ce75a69d001eaa28b4c38cb0f3c921909d,CORE CFIHOS V2.0 CSV/CFIHOS CORE CFIHOS object equivalent mapping v2.0.csv,2613,source_reference_record,source_reference_record_unreviewed
CFIHOS-60001685,POSC CAESAR,RDS2225689,real,True,sha256:a69b98012d9e4a46495a3aed48eef8ce75a69d001eaa28b4c38cb0f3c921909d,CORE CFIHOS V2.0 CSV/CFIHOS CORE CFIHOS object equivalent mapping v2.0.csv,2614,source_reference_record,source_reference_record_unreviewed
CFIHOS-60001686,POSC CAESAR,RDS2225690,real,True,sha256:a69b98012d9e4a46495a3aed48eef8ce75a69d001eaa28b4c38cb0f3c921909d,CORE CFIHOS V2.0 CSV/CFIHOS CORE CFIHOS object equivalent mapping v2.0.csv,2615,source_reference_record,source_reference_record_unreviewed
CFIHOS-60001687,POSC CAESAR,RDS2225677,real,True,sha256:a69b98012d9e4a46495a3aed48eef8ce75a69d001eaa28b4c38cb0f3c921909d,CORE CFIHOS V2.0 CSV/CFIHOS CORE CFIHOS object equivalent mapping v2.0.csv,2616,source_reference_record,source_reference_record_unreviewed
CFIHOS-60001689,POSC CAESAR,RDS2225679,real,True,sha256:a69b98012d9e4a46495a3aed48eef8ce75a69d001eaa28b4c38cb0f3c921909d,CORE CFIHOS V2.0 CSV/CFIHOS CORE CFIHOS object equivalent mapping v2.0.csv,2617,source_reference_record,source_reference_record_unreviewed
CFIHOS-60001690,POSC CAESAR,RDS2228948,real,True,sha256:a69b98012d9e4a46495a3aed48eef8ce75a69d001eaa28b4c38cb0f3c921909d,CORE CFIHOS V2.0 CSV/CFIHOS CORE CFIHOS object equivalent mapping v2.0.csv,2618,source_reference_record,source_reference_record_unreviewed
CFIHOS-60001691,POSC CAESAR,RDS2228801,real,True,sha256:a69b98012d9e4a46495a3aed48eef8ce75a69d001eaa28b4c38cb0f3c921909d,CORE CFIHOS V2.0 CSV/CFIHOS CORE CFIHOS object equivalent mapping v2.0.csv,2619,source_reference_record,source_reference_record_unreviewed
CFIHOS-60001692,POSC CAESAR,RDS2228803,real,True,sha256:a69b98012d9e4a46495a3aed48eef8ce75a69d001eaa28b4c38cb0f3c921909d,CORE CFIHOS V2.0 CSV/CFIHOS CORE CFIHOS object equivalent mapping v2.0.csv,2620,source_reference_record,source_reference_record_unreviewed
CFIHOS-60001693,POSC CAESAR,RDS2228804,real,True,sha256:a69b98012d9e4a46495a3aed48eef8ce75a69d001eaa28b4c38cb0f3c921909d,CORE CFIHOS V2.0 CSV/CFIHOS CORE CFIHOS object equivalent mapping v2.0.csv,2621,source_reference_record,source_reference_record_unreviewed
CFIHOS-60001694,POSC CAESAR,RDS2228802,real,True,sha256:a69b98012d9e4a46495a3aed48eef8ce75a69d001eaa28b4c38cb0f3c921909d,CORE CFIHOS V2.0 CSV/CFIHOS CORE CFIHOS object equivalent mapping v2.0.csv,2622,source_reference_record,source_reference_record_unreviewed
CFIHOS-60001695,POSC CAESAR,RDS2228805,real,True,sha256:a69b98012d9e4a46495a3aed48eef8ce75a69d001eaa28b4c38cb0f3c921909d,CORE CFIHOS V2.0 CSV/CFIHOS CORE CFIHOS object equivalent mapping v2.0.csv,2623,source_reference_record,source_reference_record_unreviewed
CFIHOS-60001707,POSC CAESAR,RDS2228721,real,True,sha256:a69b98012d9e4a46495a3aed48eef8ce75a69d001eaa28b4c38cb0f3c921909d,CORE CFIHOS V2.0 CSV/CFIHOS CORE CFIHOS object equivalent mapping v2.0.csv,2624,source_reference_record,source_reference_record_unreviewed
CFIHOS-60001708,POSC CAESAR,RDS2228722,real,True,sha256:a69b98012d9e4a46495a3aed48eef8ce75a69d001eaa28b4c38cb0f3c921909d,CORE CFIHOS V2.0 CSV/CFIHOS CORE CFIHOS object equivalent mapping v2.0.csv,2625,source_reference_record,source_reference_record_unreviewed
CFIHOS-60001709,POSC CAESAR,RDS2228723,real,True,sha256:a69b98012d9e4a46495a3aed48eef8ce75a69d001eaa28b4c38cb0f3c921909d,CORE CFIHOS V2.0 CSV/CFIHOS CORE CFIHOS object equivalent mapping v2.0.csv,2626,source_reference_record,source_reference_record_unreviewed
CFIHOS-60001710,POSC CAESAR,RDS2228724,real,True,sha256:a69b98012d9e4a46495a3aed48eef8ce75a69d001eaa28b4c38cb0f3c921909d,CORE CFIHOS V2.0 CSV/CFIHOS CORE CFIHOS object equivalent mapping v2.0.csv,2627,source_reference_record,source_reference_record_unreviewed
CFIHOS-60001711,POSC CAESAR,RDS2228725,real,True,sha256:a69b98012d9e4a46495a3aed48eef8ce75a69d001eaa28b4c38cb0f3c921909d,CORE CFIHOS V2.0 CSV/CFIHOS CORE CFIHOS object equivalent mapping v2.0.csv,2628,source_reference_record,source_reference_record_unreviewed
CFIHOS-60001712,POSC CAESAR,RDS2228726,real,True,sha256:a69b98012d9e4a46495a3aed48eef8ce75a69d001eaa28b4c38cb0f3c921909d,CORE CFIHOS V2.0 CSV/CFIHOS CORE CFIHOS object equivalent mapping v2.0.csv,2629,source_reference_record,source_reference_record_unreviewed
CFIHOS-60001713,POSC CAESAR,RDS2225394,real,True,sha256:a69b98012d9e4a46495a3aed48eef8ce75a69d001eaa28b4c38cb0f3c921909d,CORE CFIHOS V2.0 CSV/CFIHOS CORE CFIHOS object equivalent mapping v2.0.csv,2630,source_reference_record,source_reference_record_unreviewed
CFIHOS-60001714,POSC CAESAR,RDS2225393,real,True,sha256:a69b98012d9e4a46495a3aed48eef8ce75a69d001eaa28b4c38cb0f3c921909d,CORE CFIHOS V2.0 CSV/CFIHOS CORE CFIHOS object equivalent mapping v2.0.csv,2631,source_reference_record,source_reference_record_unreviewed
CFIHOS-60001715,POSC CAESAR,RDS208174576205,real,True,sha256:a69b98012d9e4a46495a3aed48eef8ce75a69d001eaa28b4c38cb0f3c921909d,CORE CFIHOS V2.0 CSV/CFIHOS CORE CFIHOS object equivalent mapping v2.0.csv,2632,source_reference_record,source_reference_record_unreviewed
CFIHOS-60001716,POSC CAESAR,RDS20817457769,real,True,sha256:a69b98012d9e4a46495a3aed48eef8ce75a69d001eaa28b4c38cb0f3c921909d,CORE CFIHOS V2.0 CSV/CFIHOS CORE CFIHOS object equivalent mapping v2.0.csv,2633,source_reference_record,source_reference_record_unreviewed
CFIHOS-60001717,POSC CAESAR,RDS2081745761,real,True,sha256:a69b98012d9e4a46495a3aed48eef8ce75a69d001eaa28b4c38cb0f3c921909d,CORE CFIHOS V2.0 CSV/CFIHOS CORE CFIHOS object equivalent mapping v2.0.csv,2634,source_reference_record,source_reference_record_unreviewed
CFIHOS-60001718,POSC CAESAR,RDS208174576145,real,True,sha256:a69b98012d9e4a46495a3aed48eef8ce75a69d001eaa28b4c38cb0f3c921909d,CORE CFIHOS V2.0 CSV/CFIHOS CORE CFIHOS object equivalent mapping v2.0.csv,2635,source_reference_record,source_reference_record_unreviewed
CFIHOS-60001719,POSC CAESAR,RDS1458785801,real,True,sha256:a69b98012d9e4a46495a3aed48eef8ce75a69d001eaa28b4c38cb0f3c921909d,CORE CFIHOS V2.0 CSV/CFIHOS CORE CFIHOS object equivalent mapping v2.0.csv,2636,source_reference_record,source_reference_record_unreviewed
CFIHOS-60001720,POSC CAESAR,RDS2225395,real,True,sha256:a69b98012d9e4a46495a3aed48eef8ce75a69d001eaa28b4c38cb0f3c921909d,CORE CFIHOS V2.0 CSV/CFIHOS CORE CFIHOS object equivalent mapping v2.0.csv,2637,source_reference_record,source_reference_record_unreviewed
CFIHOS-60001721,POSC CAESAR,RDS5921646,real,True,sha256:a69b98012d9e4a46495a3aed48eef8ce75a69d001eaa28b4c38cb0f3c921909d,CORE CFIHOS V2.0 CSV/CFIHOS CORE CFIHOS object equivalent mapping v2.0.csv,2638,source_reference_record,source_reference_record_unreviewed
CFIHOS-60001723,POSC CAESAR,RDS2228831,real,True,sha256:a69b98012d9e4a46495a3aed48eef8ce75a69d001eaa28b4c38cb0f3c921909d,CORE CFIHOS V2.0 CSV/CFIHOS CORE CFIHOS object equivalent mapping v2.0.csv,2639,source_reference_record,source_reference_record_unreviewed
CFIHOS-60001724,POSC CAESAR,RDS2228832,real,True,sha256:a69b98012d9e4a46495a3aed48eef8ce75a69d001eaa28b4c38cb0f3c921909d,CORE CFIHOS V2.0 CSV/CFIHOS CORE CFIHOS object equivalent mapping v2.0.csv,2640,source_reference_record,source_reference_record_unreviewed
CFIHOS-60001725,POSC CAESAR,RDS2228833,real,True,sha256:a69b98012d9e4a46495a3aed48eef8ce75a69d001eaa28b4c38cb0f3c921909d,CORE CFIHOS V2.0 CSV/CFIHOS CORE CFIHOS object equivalent mapping v2.0.csv,2641,source_reference_record,source_reference_record_unreviewed
CFIHOS-60001726,POSC CAESAR,RDS2228834,real,True,sha256:a69b98012d9e4a46495a3aed48eef8ce75a69d001eaa28b4c38cb0f3c921909d,CORE CFIHOS V2.0 CSV/CFIHOS CORE CFIHOS object equivalent mapping v2.0.csv,2642,source_reference_record,source_reference_record_unreviewed
CFIHOS-60001727,POSC CAESAR,RDS2225371,real,True,sha256:a69b98012d9e4a46495a3aed48eef8ce75a69d001eaa28b4c38cb0f3c921909d,CORE CFIHOS V2.0 CSV/CFIHOS CORE CFIHOS object equivalent mapping v2.0.csv,2643,source_reference_record,source_reference_record_unreviewed
CFIHOS-60001728,POSC CAESAR,RDS2225372,real,True,sha256:a69b98012d9e4a46495a3aed48eef8ce75a69d001eaa28b4c38cb0f3c921909d,CORE CFIHOS V2.0 CSV/CFIHOS CORE CFIHOS object equivalent mapping v2.0.csv,2644,source_reference_record,source_reference_record_unreviewed
CFIHOS-60001729,POSC CAESAR,RDS2225373,real,True,sha256:a69b98012d9e4a46495a3aed48eef8ce75a69d001eaa28b4c38cb0f3c921909d,CORE CFIHOS V2.0 CSV/CFIHOS CORE CFIHOS object equivalent mapping v2.0.csv,2645,source_reference_record,source_reference_record_unreviewed
CFIHOS-60001730,POSC CAESAR,RDS2225374,real,True,sha256:a69b98012d9e4a46495a3aed48eef8ce75a69d001eaa28b4c38cb0f3c921909d,CORE CFIHOS V2.0 CSV/CFIHOS CORE CFIHOS object equivalent mapping v2.0.csv,2646,source_reference_record,source_reference_record_unreviewed
CFIHOS-60001731,POSC CAESAR,RDS2225375,real,True,sha256:a69b98012d9e4a46495a3aed48eef8ce75a69d001eaa28b4c38cb0f3c921909d,CORE CFIHOS V2.0 CSV/CFIHOS CORE CFIHOS object equivalent mapping v2.0.csv,2647,source_reference_record,source_reference_record_unreviewed
CFIHOS-60001732,POSC CAESAR,RDS2220153,real,True,sha256:a69b98012d9e4a46495a3aed48eef8ce75a69d001eaa28b4c38cb0f3c921909d,CORE CFIHOS V2.0 CSV/CFIHOS CORE CFIHOS object equivalent mapping v2.0.csv,2648,source_reference_record,source_reference_record_unreviewed
CFIHOS-60001733,POSC CAESAR,RDS8499820,real,True,sha256:a69b98012d9e4a46495a3aed48eef8ce75a69d001eaa28b4c38cb0f3c921909d,CORE CFIHOS V2.0 CSV/CFIHOS CORE CFIHOS object equivalent mapping v2.0.csv,2649,source_reference_record,source_reference_record_unreviewed
CFIHOS-60001734,POSC CAESAR,RDS8499882,real,True,sha256:a69b98012d9e4a46495a3aed48eef8ce75a69d001eaa28b4c38cb0f3c921909d,CORE CFIHOS V2.0 CSV/CFIHOS CORE CFIHOS object equivalent mapping v2.0.csv,2650,source_reference_record,source_reference_record_unreviewed
CFIHOS-60001735,POSC CAESAR,RDS2222903,real,True,sha256:a69b98012d9e4a46495a3aed48eef8ce75a69d001eaa28b4c38cb0f3c921909d,CORE CFIHOS V2.0 CSV/CFIHOS CORE CFIHOS object equivalent mapping v2.0.csv,2651,source_reference_record,source_reference_record_unreviewed
CFIHOS-60001736,POSC CAESAR,RDS2222905,real,True,sha256:a69b98012d9e4a46495a3aed48eef8ce75a69d001eaa28b4c38cb0f3c921909d,CORE CFIHOS V2.0 CSV/CFIHOS CORE CFIHOS object equivalent mapping v2.0.csv,2652,source_reference_record,source_reference_record_unreviewed
CFIHOS-60001737,POSC CAESAR,RDS2222907,real,True,sha256:a69b98012d9e4a46495a3aed48eef8ce75a69d001eaa28b4c38cb0f3c921909d,CORE CFIHOS V2.0 CSV/CFIHOS CORE CFIHOS object equivalent mapping v2.0.csv,2653,source_reference_record,source_reference_record_unreviewed
CFIHOS-60001738,POSC CAESAR,RDS2226067,real,True,sha256:a69b98012d9e4a46495a3aed48eef8ce75a69d001eaa28b4c38cb0f3c921909d,CORE CFIHOS V2.0 CSV/CFIHOS CORE CFIHOS object equivalent mapping v2.0.csv,2654,source_reference_record,source_reference_record_unreviewed
CFIHOS-60001739,POSC CAESAR,RDS2226068,real,True,sha256:a69b98012d9e4a46495a3aed48eef8ce75a69d001eaa28b4c38cb0f3c921909d,CORE CFIHOS V2.0 CSV/CFIHOS CORE CFIHOS object equivalent mapping v2.0.csv,2655,source_reference_record,source_reference_record_unreviewed
CFIHOS-60001740,POSC CAESAR,RDS2226069,real,True,sha256:a69b98012d9e4a46495a3aed48eef8ce75a69d001eaa28b4c38cb0f3c921909d,CORE CFIHOS V2.0 CSV/CFIHOS CORE CFIHOS object equivalent mapping v2.0.csv,2656,source_reference_record,source_reference_record_unreviewed
CFIHOS-60001741,POSC CAESAR,RDS2226073,real,True,sha256:a69b98012d9e4a46495a3aed48eef8ce75a69d001eaa28b4c38cb0f3c921909d,CORE CFIHOS V2.0 CSV/CFIHOS CORE CFIHOS object equivalent mapping v2.0.csv,2657,source_reference_record,source_reference_record_unreviewed
CFIHOS-60001742,POSC CAESAR,RDS2226071,real,True,sha256:a69b98012d9e4a46495a3aed48eef8ce75a69d001eaa28b4c38cb0f3c921909d,CORE CFIHOS V2.0 CSV/CFIHOS CORE CFIHOS object equivalent mapping v2.0.csv,2658,source_reference_record,source_reference_record_unreviewed
CFIHOS-60001743,POSC CAESAR,RDS2226072,real,True,sha256:a69b98012d9e4a46495a3aed48eef8ce75a69d001eaa28b4c38cb0f3c921909d,CORE CFIHOS V2.0 CSV/CFIHOS CORE CFIHOS object equivalent mapping v2.0.csv,2659,source_reference_record,source_reference_record_unreviewed
CFIHOS-60001744,POSC CAESAR,RDS2226075,real,True,sha256:a69b98012d9e4a46495a3aed48eef8ce75a69d001eaa28b4c38cb0f3c921909d,CORE CFIHOS V2.0 CSV/CFIHOS CORE CFIHOS object equivalent mapping v2.0.csv,2660,source_reference_record,source_reference_record_unreviewed
CFIHOS-60001745,POSC CAESAR,RDS2226076,real,True,sha256:a69b98012d9e4a46495a3aed48eef8ce75a69d001eaa28b4c38cb0f3c921909d,CORE CFIHOS V2.0 CSV/CFIHOS CORE CFIHOS object equivalent mapping v2.0.csv,2661,source_reference_record,source_reference_record_unreviewed
CFIHOS-60001746,POSC CAESAR,RDS22250651,real,True,sha256:a69b98012d9e4a46495a3aed48eef8ce75a69d001eaa28b4c38cb0f3c921909d,CORE CFIHOS V2.0 CSV/CFIHOS CORE CFIHOS object equivalent mapping v2.0.csv,2662,source_reference_record,source_reference_record_unreviewed
CFIHOS-60001747,POSC CAESAR,RDS22250661,real,True,sha256:a69b98012d9e4a46495a3aed48eef8ce75a69d001eaa28b4c38cb0f3c921909d,CORE CFIHOS V2.0 CSV/CFIHOS CORE CFIHOS object equivalent mapping v2.0.csv,2663,source_reference_record,source_reference_record_unreviewed
CFIHOS-60001748,POSC CAESAR,RDS22250671,real,True,sha256:a69b98012d9e4a46495a3aed48eef8ce75a69d001eaa28b4c38cb0f3c921909d,CORE CFIHOS V2.0 CSV/CFIHOS CORE CFIHOS object equivalent mapping v2.0.csv,2664,source_reference_record,source_reference_record_unreviewed
CFIHOS-60001749,POSC CAESAR,RDS22250681,real,True,sha256:a69b98012d9e4a46495a3aed48eef8ce75a69d001eaa28b4c38cb0f3c921909d,CORE CFIHOS V2.0 CSV/CFIHOS CORE CFIHOS object equivalent mapping v2.0.csv,2665,source_reference_record,source_reference_record_unreviewed
CFIHOS-60001750,POSC CAESAR,RDS22250701,real,True,sha256:a69b98012d9e4a46495a3aed48eef8ce75a69d001eaa28b4c38cb0f3c921909d,CORE CFIHOS V2.0 CSV/CFIHOS CORE CFIHOS object equivalent mapping v2.0.csv,2666,source_reference_record,source_reference_record_unreviewed
CFIHOS-60001751,POSC CAESAR,RDS22250711,real,True,sha256:a69b98012d9e4a46495a3aed48eef8ce75a69d001eaa28b4c38cb0f3c921909d,CORE CFIHOS V2.0 CSV/CFIHOS CORE CFIHOS object equivalent mapping v2.0.csv,2667,source_reference_record,source_reference_record_unreviewed
CFIHOS-60001752,POSC CAESAR,RDS22250721,real,True,sha256:a69b98012d9e4a46495a3aed48eef8ce75a69d001eaa28b4c38cb0f3c921909d,CORE CFIHOS V2.0 CSV/CFIHOS CORE CFIHOS object equivalent mapping v2.0.csv,2668,source_reference_record,source_reference_record_unreviewed
CFIHOS-60001753,POSC CAESAR,RDS22250731,real,True,sha256:a69b98012d9e4a46495a3aed48eef8ce75a69d001eaa28b4c38cb0f3c921909d,CORE CFIHOS V2.0 CSV/CFIHOS CORE CFIHOS object equivalent mapping v2.0.csv,2669,source_reference_record,source_reference_record_unreviewed
CFIHOS-60001754,POSC CAESAR,RDS50364046189,real,True,sha256:a69b98012d9e4a46495a3aed48eef8ce75a69d001eaa28b4c38cb0f3c921909d,CORE CFIHOS V2.0 CSV/CFIHOS CORE CFIHOS object equivalent mapping v2.0.csv,2670,source_reference_record,source_reference_record_unreviewed
CFIHOS-60001755,POSC CAESAR,RDS50364046203,real,True,sha256:a69b98012d9e4a46495a3aed48eef8ce75a69d001eaa28b4c38cb0f3c921909d,CORE CFIHOS V2.0 CSV/CFIHOS CORE CFIHOS object equivalent mapping v2.0.csv,2671,source_reference_record,source_reference_record_unreviewed
CFIHOS-60001756,POSC CAESAR,RDS50364046231,real,True,sha256:a69b98012d9e4a46495a3aed48eef8ce75a69d001eaa28b4c38cb0f3c921909d,CORE CFIHOS V2.0 CSV/CFIHOS CORE CFIHOS object equivalent mapping v2.0.csv,2672,source_reference_record,source_reference_record_unreviewed
CFIHOS-60001757,POSC CAESAR,RDS503640470,real,True,sha256:a69b98012d9e4a46495a3aed48eef8ce75a69d001eaa28b4c38cb0f3c921909d,CORE CFIHOS V2.0 CSV/CFIHOS CORE CFIHOS object equivalent mapping v2.0.csv,2673,source_reference_record,source_reference_record_unreviewed
CFIHOS-60001758,POSC CAESAR,RDS5036404728,real,True,sha256:a69b98012d9e4a46495a3aed48eef8ce75a69d001eaa28b4c38cb0f3c921909d,CORE CFIHOS V2.0 CSV/CFIHOS CORE CFIHOS object equivalent mapping v2.0.csv,2674,source_reference_record,source_reference_record_unreviewed
CFIHOS-60001759,POSC CAESAR,RDS5036404742,real,True,sha256:a69b98012d9e4a46495a3aed48eef8ce75a69d001eaa28b4c38cb0f3c921909d,CORE CFIHOS V2.0 CSV/CFIHOS CORE CFIHOS object equivalent mapping v2.0.csv,2675,source_reference_record,source_reference_record_unreviewed
CFIHOS-60001760,POSC CAESAR,RDS4974055614,real,True,sha256:a69b98012d9e4a46495a3aed48eef8ce75a69d001eaa28b4c38cb0f3c921909d,CORE CFIHOS V2.0 CSV/CFIHOS CORE CFIHOS object equivalent mapping v2.0.csv,2676,source_reference_record,source_reference_record_unreviewed
CFIHOS-60001761,POSC CAESAR,RDS4974055632,real,True,sha256:a69b98012d9e4a46495a3aed48eef8ce75a69d001eaa28b4c38cb0f3c921909d,CORE CFIHOS V2.0 CSV/CFIHOS CORE CFIHOS object equivalent mapping v2.0.csv,2677,source_reference_record,source_reference_record_unreviewed
CFIHOS-60001762,POSC CAESAR,RDS4974055650,real,True,sha256:a69b98012d9e4a46495a3aed48eef8ce75a69d001eaa28b4c38cb0f3c921909d,CORE CFIHOS V2.0 CSV/CFIHOS CORE CFIHOS object equivalent mapping v2.0.csv,2678,source_reference_record,source_reference_record_unreviewed
CFIHOS-60001770,POSC CAESAR,RDS2228736,real,True,sha256:a69b98012d9e4a46495a3aed48eef8ce75a69d001eaa28b4c38cb0f3c921909d,CORE CFIHOS V2.0 CSV/CFIHOS CORE CFIHOS object equivalent mapping v2.0.csv,2679,source_reference_record,source_reference_record_unreviewed
CFIHOS-60001771,POSC CAESAR,RDS2228733,real,True,sha256:a69b98012d9e4a46495a3aed48eef8ce75a69d001eaa28b4c38cb0f3c921909d,CORE CFIHOS V2.0 CSV/CFIHOS CORE CFIHOS object equivalent mapping v2.0.csv,2680,source_reference_record,source_reference_record_unreviewed
CFIHOS-60001772,POSC CAESAR,RDS2228737,real,True,sha256:a69b98012d9e4a46495a3aed48eef8ce75a69d001eaa28b4c38cb0f3c921909d,CORE CFIHOS V2.0 CSV/CFIHOS CORE CFIHOS object equivalent mapping v2.0.csv,2681,source_reference_record,source_reference_record_unreviewed
CFIHOS-60001773,POSC CAESAR,RDS2228735,real,True,sha256:a69b98012d9e4a46495a3aed48eef8ce75a69d001eaa28b4c38cb0f3c921909d,CORE CFIHOS V2.0 CSV/CFIHOS CORE CFIHOS object equivalent mapping v2.0.csv,2682,source_reference_record,source_reference_record_unreviewed
CFIHOS-60001774,POSC CAESAR,RDS2228732,real,True,sha256:a69b98012d9e4a46495a3aed48eef8ce75a69d001eaa28b4c38cb0f3c921909d,CORE CFIHOS V2.0 CSV/CFIHOS CORE CFIHOS object equivalent mapping v2.0.csv,2683,source_reference_record,source_reference_record_unreviewed
CFIHOS-60001775,POSC CAESAR,RDS2228731,real,True,sha256:a69b98012d9e4a46495a3aed48eef8ce75a69d001eaa28b4c38cb0f3c921909d,CORE CFIHOS V2.0 CSV/CFIHOS CORE CFIHOS object equivalent mapping v2.0.csv,2684,source_reference_record,source_reference_record_unreviewed
CFIHOS-60001776,POSC CAESAR,RDS2228734,real,True,sha256:a69b98012d9e4a46495a3aed48eef8ce75a69d001eaa28b4c38cb0f3c921909d,CORE CFIHOS V2.0 CSV/CFIHOS CORE CFIHOS object equivalent mapping v2.0.csv,2685,source_reference_record,source_reference_record_unreviewed
CFIHOS-60001778,POSC CAESAR,RDS214694,real,True,sha256:a69b98012d9e4a46495a3aed48eef8ce75a69d001eaa28b4c38cb0f3c921909d,CORE CFIHOS V2.0 CSV/CFIHOS CORE CFIHOS object equivalent mapping v2.0.csv,2686,source_reference_record,source_reference_record_unreviewed
CFIHOS-60001779,POSC CAESAR,RDS214739,real,True,sha256:a69b98012d9e4a46495a3aed48eef8ce75a69d001eaa28b4c38cb0f3c921909d,CORE CFIHOS V2.0 CSV/CFIHOS CORE CFIHOS object equivalent mapping v2.0.csv,2687,source_reference_record,source_reference_record_unreviewed
CFIHOS-60001780,POSC CAESAR,RDS2223604,real,True,sha256:a69b98012d9e4a46495a3aed48eef8ce75a69d001eaa28b4c38cb0f3c921909d,CORE CFIHOS V2.0 CSV/CFIHOS CORE CFIHOS object equivalent mapping v2.0.csv,2688,source_reference_record,source_reference_record_unreviewed
CFIHOS-60001781,POSC CAESAR,RDS2223605,real,True,sha256:a69b98012d9e4a46495a3aed48eef8ce75a69d001eaa28b4c38cb0f3c921909d,CORE CFIHOS V2.0 CSV/CFIHOS CORE CFIHOS object equivalent mapping v2.0.csv,2689,source_reference_record,source_reference_record_unreviewed
CFIHOS-60001782,POSC CAESAR,RDS2223606,real,True,sha256:a69b98012d9e4a46495a3aed48eef8ce75a69d001eaa28b4c38cb0f3c921909d,CORE CFIHOS V2.0 CSV/CFIHOS CORE CFIHOS object equivalent mapping v2.0.csv,2690,source_reference_record,source_reference_record_unreviewed
CFIHOS-60001783,POSC CAESAR,RDS2223600,real,True,sha256:a69b98012d9e4a46495a3aed48eef8ce75a69d001eaa28b4c38cb0f3c921909d,CORE CFIHOS V2.0 CSV/CFIHOS CORE CFIHOS object equivalent mapping v2.0.csv,2691,source_reference_record,source_reference_record_unreviewed
CFIHOS-60001784,POSC CAESAR,RDS2223601,real,True,sha256:a69b98012d9e4a46495a3aed48eef8ce75a69d001eaa28b4c38cb0f3c921909d,CORE CFIHOS V2.0 CSV/CFIHOS CORE CFIHOS object equivalent mapping v2.0.csv,2692,source_reference_record,source_reference_record_unreviewed
CFIHOS-60001785,POSC CAESAR,RDS2223602,real,True,sha256:a69b98012d9e4a46495a3aed48eef8ce75a69d001eaa28b4c38cb0f3c921909d,CORE CFIHOS V2.0 CSV/CFIHOS CORE CFIHOS object equivalent mapping v2.0.csv,2693,source_reference_record,source_reference_record_unreviewed
CFIHOS-60001786,POSC CAESAR,RDS2223603,real,True,sha256:a69b98012d9e4a46495a3aed48eef8ce75a69d001eaa28b4c38cb0f3c921909d,CORE CFIHOS V2.0 CSV/CFIHOS CORE CFIHOS object equivalent mapping v2.0.csv,2694,source_reference_record,source_reference_record_unreviewed
CFIHOS-60001787,POSC CAESAR,RDS6464356,real,True,sha256:a69b98012d9e4a46495a3aed48eef8ce75a69d001eaa28b4c38cb0f3c921909d,CORE CFIHOS V2.0 CSV/CFIHOS CORE CFIHOS object equivalent mapping v2.0.csv,2695,source_reference_record,source_reference_record_unreviewed
CFIHOS-60001788,POSC CAESAR,RDS6464420,real,True,sha256:a69b98012d9e4a46495a3aed48eef8ce75a69d001eaa28b4c38cb0f3c921909d,CORE CFIHOS V2.0 CSV/CFIHOS CORE CFIHOS object equivalent mapping v2.0.csv,2696,source_reference_record,source_reference_record_unreviewed
CFIHOS-60001789,POSC CAESAR,RDS2223607,real,True,sha256:a69b98012d9e4a46495a3aed48eef8ce75a69d001eaa28b4c38cb0f3c921909d,CORE CFIHOS V2.0 CSV/CFIHOS CORE CFIHOS object equivalent mapping v2.0.csv,2697,source_reference_record,source_reference_record_unreviewed
CFIHOS-60001790,POSC CAESAR,RDS2223608,real,True,sha256:a69b98012d9e4a46495a3aed48eef8ce75a69d001eaa28b4c38cb0f3c921909d,CORE CFIHOS V2.0 CSV/CFIHOS CORE CFIHOS object equivalent mapping v2.0.csv,2698,source_reference_record,source_reference_record_unreviewed
CFIHOS-60001791,POSC CAESAR,RDS2223609,real,True,sha256:a69b98012d9e4a46495a3aed48eef8ce75a69d001eaa28b4c38cb0f3c921909d,CORE CFIHOS V2.0 CSV/CFIHOS CORE CFIHOS object equivalent mapping v2.0.csv,2699,source_reference_record,source_reference_record_unreviewed
CFIHOS-60001792,POSC CAESAR,RDS2223610,real,True,sha256:a69b98012d9e4a46495a3aed48eef8ce75a69d001eaa28b4c38cb0f3c921909d,CORE CFIHOS V2.0 CSV/CFIHOS CORE CFIHOS object equivalent mapping v2.0.csv,2700,source_reference_record,source_reference_record_unreviewed
CFIHOS-60001793,POSC CAESAR,RDS2223611,real,True,sha256:a69b98012d9e4a46495a3aed48eef8ce75a69d001eaa28b4c38cb0f3c921909d,CORE CFIHOS V2.0 CSV/CFIHOS CORE CFIHOS object equivalent mapping v2.0.csv,2701,source_reference_record,source_reference_record_unreviewed
CFIHOS-60001794,POSC CAESAR,RDS2223612,real,True,sha256:a69b98012d9e4a46495a3aed48eef8ce75a69d001eaa28b4c38cb0f3c921909d,CORE CFIHOS V2.0 CSV/CFIHOS CORE CFIHOS object equivalent mapping v2.0.csv,2702,source_reference_record,source_reference_record_unreviewed
CFIHOS-60001795,POSC CAESAR,RDS2223613,real,True,sha256:a69b98012d9e4a46495a3aed48eef8ce75a69d001eaa28b4c38cb0f3c921909d,CORE CFIHOS V2.0 CSV/CFIHOS CORE CFIHOS object equivalent mapping v2.0.csv,2703,source_reference_record,source_reference_record_unreviewed
CFIHOS-60001796,POSC CAESAR,RDS2228901,real,True,sha256:a69b98012d9e4a46495a3aed48eef8ce75a69d001eaa28b4c38cb0f3c921909d,CORE CFIHOS V2.0 CSV/CFIHOS CORE CFIHOS object equivalent mapping v2.0.csv,2704,source_reference_record,source_reference_record_unreviewed
CFIHOS-60001797,POSC CAESAR,RDS2228902,real,True,sha256:a69b98012d9e4a46495a3aed48eef8ce75a69d001eaa28b4c38cb0f3c921909d,CORE CFIHOS V2.0 CSV/CFIHOS CORE CFIHOS object equivalent mapping v2.0.csv,2705,source_reference_record,source_reference_record_unreviewed
CFIHOS-60001798,POSC CAESAR,RDS2228903,real,True,sha256:a69b98012d9e4a46495a3aed48eef8ce75a69d001eaa28b4c38cb0f3c921909d,CORE CFIHOS V2.0 CSV/CFIHOS CORE CFIHOS object equivalent mapping v2.0.csv,2706,source_reference_record,source_reference_record_unreviewed
CFIHOS-60001799,POSC CAESAR,RDS2228904,real,True,sha256:a69b98012d9e4a46495a3aed48eef8ce75a69d001eaa28b4c38cb0f3c921909d,CORE CFIHOS V2.0 CSV/CFIHOS CORE CFIHOS object equivalent mapping v2.0.csv,2707,source_reference_record,source_reference_record_unreviewed
CFIHOS-60001800,POSC CAESAR,RDS2228905,real,True,sha256:a69b98012d9e4a46495a3aed48eef8ce75a69d001eaa28b4c38cb0f3c921909d,CORE CFIHOS V2.0 CSV/CFIHOS CORE CFIHOS object equivalent mapping v2.0.csv,2708,source_reference_record,source_reference_record_unreviewed
CFIHOS-60001801,POSC CAESAR,RDS2228906,real,True,sha256:a69b98012d9e4a46495a3aed48eef8ce75a69d001eaa28b4c38cb0f3c921909d,CORE CFIHOS V2.0 CSV/CFIHOS CORE CFIHOS object equivalent mapping v2.0.csv,2709,source_reference_record,source_reference_record_unreviewed
CFIHOS-60001802,POSC CAESAR,RDS2228907,real,True,sha256:a69b98012d9e4a46495a3aed48eef8ce75a69d001eaa28b4c38cb0f3c921909d,CORE CFIHOS V2.0 CSV/CFIHOS CORE CFIHOS object equivalent mapping v2.0.csv,2710,source_reference_record,source_reference_record_unreviewed
CFIHOS-60001803,POSC CAESAR,RDS2228908,real,True,sha256:a69b98012d9e4a46495a3aed48eef8ce75a69d001eaa28b4c38cb0f3c921909d,CORE CFIHOS V2.0 CSV/CFIHOS CORE CFIHOS object equivalent mapping v2.0.csv,2711,source_reference_record,source_reference_record_unreviewed
CFIHOS-60001804,POSC CAESAR,RDS2228909,real,True,sha256:a69b98012d9e4a46495a3aed48eef8ce75a69d001eaa28b4c38cb0f3c921909d,CORE CFIHOS V2.0 CSV/CFIHOS CORE CFIHOS object equivalent mapping v2.0.csv,2712,source_reference_record,source_reference_record_unreviewed
CFIHOS-60001805,POSC CAESAR,RDS2228910,real,True,sha256:a69b98012d9e4a46495a3aed48eef8ce75a69d001eaa28b4c38cb0f3c921909d,CORE CFIHOS V2.0 CSV/CFIHOS CORE CFIHOS object equivalent mapping v2.0.csv,2713,source_reference_record,source_reference_record_unreviewed
CFIHOS-60001806,POSC CAESAR,RDS2228911,real,True,sha256:a69b98012d9e4a46495a3aed48eef8ce75a69d001eaa28b4c38cb0f3c921909d,CORE CFIHOS V2.0 CSV/CFIHOS CORE CFIHOS object equivalent mapping v2.0.csv,2714,source_reference_record,source_reference_record_unreviewed
CFIHOS-60001807,POSC CAESAR,RDS2228912,real,True,sha256:a69b98012d9e4a46495a3aed48eef8ce75a69d001eaa28b4c38cb0f3c921909d,CORE CFIHOS V2.0 CSV/CFIHOS CORE CFIHOS object equivalent mapping v2.0.csv,2715,source_reference_record,source_reference_record_unreviewed
CFIHOS-60001808,POSC CAESAR,RDS2228913,real,True,sha256:a69b98012d9e4a46495a3aed48eef8ce75a69d001eaa28b4c38cb0f3c921909d,CORE CFIHOS V2.0 CSV/CFIHOS CORE CFIHOS object equivalent mapping v2.0.csv,2716,source_reference_record,source_reference_record_unreviewed
CFIHOS-60001809,POSC CAESAR,RDS2228914,real,True,sha256:a69b98012d9e4a46495a3aed48eef8ce75a69d001eaa28b4c38cb0f3c921909d,CORE CFIHOS V2.0 CSV/CFIHOS CORE CFIHOS object equivalent mapping v2.0.csv,2717,source_reference_record,source_reference_record_unreviewed
CFIHOS-60001810,POSC CAESAR,RDS2228915,real,True,sha256:a69b98012d9e4a46495a3aed48eef8ce75a69d001eaa28b4c38cb0f3c921909d,CORE CFIHOS V2.0 CSV/CFIHOS CORE CFIHOS object equivalent mapping v2.0.csv,2718,source_reference_record,source_reference_record_unreviewed
CFIHOS-60001811,POSC CAESAR,RDS2228916,real,True,sha256:a69b98012d9e4a46495a3aed48eef8ce75a69d001eaa28b4c38cb0f3c921909d,CORE CFIHOS V2.0 CSV/CFIHOS CORE CFIHOS object equivalent mapping v2.0.csv,2719,source_reference_record,source_reference_record_unreviewed
CFIHOS-60001812,POSC CAESAR,RDS2228917,real,True,sha256:a69b98012d9e4a46495a3aed48eef8ce75a69d001eaa28b4c38cb0f3c921909d,CORE CFIHOS V2.0 CSV/CFIHOS CORE CFIHOS object equivalent mapping v2.0.csv,2720,source_reference_record,source_reference_record_unreviewed
CFIHOS-60001813,POSC CAESAR,RDS2228918,real,True,sha256:a69b98012d9e4a46495a3aed48eef8ce75a69d001eaa28b4c38cb0f3c921909d,CORE CFIHOS V2.0 CSV/CFIHOS CORE CFIHOS object equivalent mapping v2.0.csv,2721,source_reference_record,source_reference_record_unreviewed
CFIHOS-60001814,POSC CAESAR,RDS2228919,real,True,sha256:a69b98012d9e4a46495a3aed48eef8ce75a69d001eaa28b4c38cb0f3c921909d,CORE CFIHOS V2.0 CSV/CFIHOS CORE CFIHOS object equivalent mapping v2.0.csv,2722,source_reference_record,source_reference_record_unreviewed
CFIHOS-60001815,POSC CAESAR,RDS445094,real,True,sha256:a69b98012d9e4a46495a3aed48eef8ce75a69d001eaa28b4c38cb0f3c921909d,CORE CFIHOS V2.0 CSV/CFIHOS CORE CFIHOS object equivalent mapping v2.0.csv,2723,source_reference_record,source_reference_record_unreviewed
CFIHOS-60001816,POSC CAESAR,RDS477899,real,True,sha256:a69b98012d9e4a46495a3aed48eef8ce75a69d001eaa28b4c38cb0f3c921909d,CORE CFIHOS V2.0 CSV/CFIHOS CORE CFIHOS object equivalent mapping v2.0.csv,2724,source_reference_record,source_reference_record_unreviewed
CFIHOS-60001817,POSC CAESAR,RDS2228377,real,True,sha256:a69b98012d9e4a46495a3aed48eef8ce75a69d001eaa28b4c38cb0f3c921909d,CORE CFIHOS V2.0 CSV/CFIHOS CORE CFIHOS object equivalent mapping v2.0.csv,2725,source_reference_record,source_reference_record_unreviewed
CFIHOS-60001818,POSC CAESAR,RDS11141905,real,True,sha256:a69b98012d9e4a46495a3aed48eef8ce75a69d001eaa28b4c38cb0f3c921909d,CORE CFIHOS V2.0 CSV/CFIHOS CORE CFIHOS object equivalent mapping v2.0.csv,2726,source_reference_record,source_reference_record_unreviewed
CFIHOS-60002478,POSC CAESAR,RDS860669,real,True,sha256:a69b98012d9e4a46495a3aed48eef8ce75a69d001eaa28b4c38cb0f3c921909d,CORE CFIHOS V2.0 CSV/CFIHOS CORE CFIHOS object equivalent mapping v2.0.csv,2727,source_reference_record,source_reference_record_unreviewed
CFIHOS-60002479,POSC CAESAR,RDS291599,real,True,sha256:a69b98012d9e4a46495a3aed48eef8ce75a69d001eaa28b4c38cb0f3c921909d,CORE CFIHOS V2.0 CSV/CFIHOS CORE CFIHOS object equivalent mapping v2.0.csv,2728,source_reference_record,source_reference_record_unreviewed
CFIHOS-60002480,POSC CAESAR,RDS648854,real,True,sha256:a69b98012d9e4a46495a3aed48eef8ce75a69d001eaa28b4c38cb0f3c921909d,CORE CFIHOS V2.0 CSV/CFIHOS CORE CFIHOS object equivalent mapping v2.0.csv,2729,source_reference_record,source_reference_record_unreviewed
CFIHOS-60002482,ISO 15926 part4,3712,real,True,sha256:a69b98012d9e4a46495a3aed48eef8ce75a69d001eaa28b4c38cb0f3c921909d,CORE CFIHOS V2.0 CSV/CFIHOS CORE CFIHOS object equivalent mapping v2.0.csv,2730,source_reference_record,source_reference_record_unreviewed
CFIHOS-60002482,POSC CAESAR,RDS14058010,real,True,sha256:a69b98012d9e4a46495a3aed48eef8ce75a69d001eaa28b4c38cb0f3c921909d,CORE CFIHOS V2.0 CSV/CFIHOS CORE CFIHOS object equivalent mapping v2.0.csv,2731,source_reference_record,source_reference_record_unreviewed
CFIHOS-60002483,ISO 15926 part4,3752,real,True,sha256:a69b98012d9e4a46495a3aed48eef8ce75a69d001eaa28b4c38cb0f3c921909d,CORE CFIHOS V2.0 CSV/CFIHOS CORE CFIHOS object equivalent mapping v2.0.csv,2732,source_reference_record,source_reference_record_unreviewed
CFIHOS-60002483,POSC CAESAR,RDS14058100,real,True,sha256:a69b98012d9e4a46495a3aed48eef8ce75a69d001eaa28b4c38cb0f3c921909d,CORE CFIHOS V2.0 CSV/CFIHOS CORE CFIHOS object equivalent mapping v2.0.csv,2733,source_reference_record,source_reference_record_unreviewed
CFIHOS-60002484,ISO 15926 part4,3769,real,True,sha256:a69b98012d9e4a46495a3aed48eef8ce75a69d001eaa28b4c38cb0f3c921909d,CORE CFIHOS V2.0 CSV/CFIHOS CORE CFIHOS object equivalent mapping v2.0.csv,2734,source_reference_record,source_reference_record_unreviewed
CFIHOS-60002484,POSC CAESAR,RDS14058280,real,True,sha256:a69b98012d9e4a46495a3aed48eef8ce75a69d001eaa28b4c38cb0f3c921909d,CORE CFIHOS V2.0 CSV/CFIHOS CORE CFIHOS object equivalent mapping v2.0.csv,2735,source_reference_record,source_reference_record_unreviewed
CFIHOS-60002485,ISO 15926 part4,3780,real,True,sha256:a69b98012d9e4a46495a3aed48eef8ce75a69d001eaa28b4c38cb0f3c921909d,CORE CFIHOS V2.0 CSV/CFIHOS CORE CFIHOS object equivalent mapping v2.0.csv,2736,source_reference_record,source_reference_record_unreviewed
CFIHOS-60002485,POSC CAESAR,RDS14057965,real,True,sha256:a69b98012d9e4a46495a3aed48eef8ce75a69d001eaa28b4c38cb0f3c921909d,CORE CFIHOS V2.0 CSV/CFIHOS CORE CFIHOS object equivalent mapping v2.0.csv,2737,source_reference_record,source_reference_record_unreviewed
CFIHOS-60002486,ISO 15926 part4,3810,real,True,sha256:a69b98012d9e4a46495a3aed48eef8ce75a69d001eaa28b4c38cb0f3c921909d,CORE CFIHOS V2.0 CSV/CFIHOS CORE CFIHOS object equivalent mapping v2.0.csv,2738,source_reference_record,source_reference_record_unreviewed
CFIHOS-60002486,POSC CAESAR,RDS14057740,real,True,sha256:a69b98012d9e4a46495a3aed48eef8ce75a69d001eaa28b4c38cb0f3c921909d,CORE CFIHOS V2.0 CSV/CFIHOS CORE CFIHOS object equivalent mapping v2.0.csv,2739,source_reference_record,source_reference_record_unreviewed
CFIHOS-60002487,ISO 15926 part4,3814,real,True,sha256:a69b98012d9e4a46495a3aed48eef8ce75a69d001eaa28b4c38cb0f3c921909d,CORE CFIHOS V2.0 CSV/CFIHOS CORE CFIHOS object equivalent mapping v2.0.csv,2740,source_reference_record,source_reference_record_unreviewed
CFIHOS-60002487,POSC CAESAR,RDS14057785,real,True,sha256:a69b98012d9e4a46495a3aed48eef8ce75a69d001eaa28b4c38cb0f3c921909d,CORE CFIHOS V2.0 CSV/CFIHOS CORE CFIHOS object equivalent mapping v2.0.csv,2741,source_reference_record,source_reference_record_unreviewed
CFIHOS-60002488,ISO 15926 part4,3818,real,True,sha256:a69b98012d9e4a46495a3aed48eef8ce75a69d001eaa28b4c38cb0f3c921909d,CORE CFIHOS V2.0 CSV/CFIHOS CORE CFIHOS object equivalent mapping v2.0.csv,2742,source_reference_record,source_reference_record_unreviewed
CFIHOS-60002488,POSC CAESAR,RDS14057830,real,True,sha256:a69b98012d9e4a46495a3aed48eef8ce75a69d001eaa28b4c38cb0f3c921909d,CORE CFIHOS V2.0 CSV/CFIHOS CORE CFIHOS object equivalent mapping v2.0.csv,2743,source_reference_record,source_reference_record_unreviewed
CFIHOS-60002489,ISO 15926 part4,3820,real,True,sha256:a69b98012d9e4a46495a3aed48eef8ce75a69d001eaa28b4c38cb0f3c921909d,CORE CFIHOS V2.0 CSV/CFIHOS CORE CFIHOS object equivalent mapping v2.0.csv,2744,source_reference_record,source_reference_record_unreviewed
CFIHOS-60002489,POSC CAESAR,RDS14057875,real,True,sha256:a69b98012d9e4a46495a3aed48eef8ce75a69d001eaa28b4c38cb0f3c921909d,CORE CFIHOS V2.0 CSV/CFIHOS CORE CFIHOS object equivalent mapping v2.0.csv,2745,source_reference_record,source_reference_record_unreviewed
CFIHOS-60002490,ISO 15926 part4,3834,real,True,sha256:a69b98012d9e4a46495a3aed48eef8ce75a69d001eaa28b4c38cb0f3c921909d,CORE CFIHOS V2.0 CSV/CFIHOS CORE CFIHOS object equivalent mapping v2.0.csv,2746,source_reference_record,source_reference_record_unreviewed
CFIHOS-60002490,POSC CAESAR,RDS11280506,real,True,sha256:a69b98012d9e4a46495a3aed48eef8ce75a69d001eaa28b4c38cb0f3c921909d,CORE CFIHOS V2.0 CSV/CFIHOS CORE CFIHOS object equivalent mapping v2.0.csv,2747,source_reference_record,source_reference_record_unreviewed
CFIHOS-60002491,ISO 15926 part4,3866,real,True,sha256:a69b98012d9e4a46495a3aed48eef8ce75a69d001eaa28b4c38cb0f3c921909d,CORE CFIHOS V2.0 CSV/CFIHOS CORE CFIHOS object equivalent mapping v2.0.csv,2748,source_reference_record,source_reference_record_unreviewed
CFIHOS-60002491,POSC CAESAR,RDS13306207,real,True,sha256:a69b98012d9e4a46495a3aed48eef8ce75a69d001eaa28b4c38cb0f3c921909d,CORE CFIHOS V2.0 CSV/CFIHOS CORE CFIHOS object equivalent mapping v2.0.csv,2749,source_reference_record,source_reference_record_unreviewed
CFIHOS-60002492,ISO 15926 part4,3892,real,True,sha256:a69b98012d9e4a46495a3aed48eef8ce75a69d001eaa28b4c38cb0f3c921909d,CORE CFIHOS V2.0 CSV/CFIHOS CORE CFIHOS object equivalent mapping v2.0.csv,2750,source_reference_record,source_reference_record_unreviewed
CFIHOS-60002492,POSC CAESAR,RDS14057650,real,True,sha256:a69b98012d9e4a46495a3aed48eef8ce75a69d001eaa28b4c38cb0f3c921909d,CORE CFIHOS V2.0 CSV/CFIHOS CORE CFIHOS object equivalent mapping v2.0.csv,2751,source_reference_record,source_reference_record_unreviewed
CFIHOS-60002493,ISO 15926 part4,3756,real,True,sha256:a69b98012d9e4a46495a3aed48eef8ce75a69d001eaa28b4c38cb0f3c921909d,CORE CFIHOS V2.0 CSV/CFIHOS CORE CFIHOS object equivalent mapping v2.0.csv,2752,source_reference_record,source_reference_record_unreviewed
CFIHOS-60002493,POSC CAESAR,RDS14058235,real,True,sha256:a69b98012d9e4a46495a3aed48eef8ce75a69d001eaa28b4c38cb0f3c921909d,CORE CFIHOS V2.0 CSV/CFIHOS CORE CFIHOS object equivalent mapping v2.0.csv,2753,source_reference_record,source_reference_record_unreviewed
CFIHOS-60002494,ISO 15926 part4,3832,real,True,sha256:a69b98012d9e4a46495a3aed48eef8ce75a69d001eaa28b4c38cb0f3c921909d,CORE CFIHOS V2.0 CSV/CFIHOS CORE CFIHOS object equivalent mapping v2.0.csv,2754,source_reference_record,source_reference_record_unreviewed
CFIHOS-60002494,POSC CAESAR,RDS14057920,real,True,sha256:a69b98012d9e4a46495a3aed48eef8ce75a69d001eaa28b4c38cb0f3c921909d,CORE CFIHOS V2.0 CSV/CFIHOS CORE CFIHOS object equivalent mapping v2.0.csv,2755,source_reference_record,source_reference_record_unreviewed
CFIHOS-60002495,ISO 15926 part4,7293,real,True,sha256:a69b98012d9e4a46495a3aed48eef8ce75a69d001eaa28b4c38cb0f3c921909d,CORE CFIHOS V2.0 CSV/CFIHOS CORE CFIHOS object equivalent mapping v2.0.csv,2756,source_reference_record,source_reference_record_unreviewed
CFIHOS-60002495,POSC CAESAR,RDS292049,real,True,sha256:a69b98012d9e4a46495a3aed48eef8ce75a69d001eaa28b4c38cb0f3c921909d,CORE CFIHOS V2.0 CSV/CFIHOS CORE CFIHOS object equivalent mapping v2.0.csv,2757,source_reference_record,source_reference_record_unreviewed
CFIHOS-60002496,ISO 15926 part4,7315,real,True,sha256:a69b98012d9e4a46495a3aed48eef8ce75a69d001eaa28b4c38cb0f3c921909d,CORE CFIHOS V2.0 CSV/CFIHOS CORE CFIHOS object equivalent mapping v2.0.csv,2758,source_reference_record,source_reference_record_unreviewed
CFIHOS-60002496,POSC CAESAR,RDS433259,real,True,sha256:a69b98012d9e4a46495a3aed48eef8ce75a69d001eaa28b4c38cb0f3c921909d,CORE CFIHOS V2.0 CSV/CFIHOS CORE CFIHOS object equivalent mapping v2.0.csv,2759,source_reference_record,source_reference_record_unreviewed
CFIHOS-60002497,ISO 15926 part4,7434,real,True,sha256:a69b98012d9e4a46495a3aed48eef8ce75a69d001eaa28b4c38cb0f3c921909d,CORE CFIHOS V2.0 CSV/CFIHOS CORE CFIHOS object equivalent mapping v2.0.csv,2760,source_reference_record,source_reference_record_unreviewed
CFIHOS-60002497,POSC CAESAR,RDS16766514,real,True,sha256:a69b98012d9e4a46495a3aed48eef8ce75a69d001eaa28b4c38cb0f3c921909d,CORE CFIHOS V2.0 CSV/CFIHOS CORE CFIHOS object equivalent mapping v2.0.csv,2761,source_reference_record,source_reference_record_unreviewed
CFIHOS-60002498,ISO 15926 part4,8205,real,True,sha256:a69b98012d9e4a46495a3aed48eef8ce75a69d001eaa28b4c38cb0f3c921909d,CORE CFIHOS V2.0 CSV/CFIHOS CORE CFIHOS object equivalent mapping v2.0.csv,2762,source_reference_record,source_reference_record_unreviewed
CFIHOS-60002498,POSC CAESAR,RDS444689,real,True,sha256:a69b98012d9e4a46495a3aed48eef8ce75a69d001eaa28b4c38cb0f3c921909d,CORE CFIHOS V2.0 CSV/CFIHOS CORE CFIHOS object equivalent mapping v2.0.csv,2763,source_reference_record,source_reference_record_unreviewed
CFIHOS-60002499,ISO 15926 part4,20719,real,True,sha256:a69b98012d9e4a46495a3aed48eef8ce75a69d001eaa28b4c38cb0f3c921909d,CORE CFIHOS V2.0 CSV/CFIHOS CORE CFIHOS object equivalent mapping v2.0.csv,2764,source_reference_record,source_reference_record_unreviewed
CFIHOS-60002499,POSC CAESAR,RDS13662784,real,True,sha256:a69b98012d9e4a46495a3aed48eef8ce75a69d001eaa28b4c38cb0f3c921909d,CORE CFIHOS V2.0 CSV/CFIHOS CORE CFIHOS object equivalent mapping v2.0.csv,2765,source_reference_record,source_reference_record_unreviewed
CFIHOS-60002502,POSC CAESAR,RDS16770204,real,True,sha256:a69b98012d9e4a46495a3aed48eef8ce75a69d001eaa28b4c38cb0f3c921909d,CORE CFIHOS V2.0 CSV/CFIHOS CORE CFIHOS object equivalent mapping v2.0.csv,2766,source_reference_record,source_reference_record_unreviewed
CFIHOS-60002503,POSC CAESAR,RDS813554,real,True,sha256:a69b98012d9e4a46495a3aed48eef8ce75a69d001eaa28b4c38cb0f3c921909d,CORE CFIHOS V2.0 CSV/CFIHOS CORE CFIHOS object equivalent mapping v2.0.csv,2767,source_reference_record,source_reference_record_unreviewed
CFIHOS-60002504,POSC CAESAR,RDS403602811,real,True,sha256:a69b98012d9e4a46495a3aed48eef8ce75a69d001eaa28b4c38cb0f3c921909d,CORE CFIHOS V2.0 CSV/CFIHOS CORE CFIHOS object equivalent mapping v2.0.csv,2768,source_reference_record,source_reference_record_unreviewed
CFIHOS-60002505,POSC CAESAR,RDS816434,real,True,sha256:a69b98012d9e4a46495a3aed48eef8ce75a69d001eaa28b4c38cb0f3c921909d,CORE CFIHOS V2.0 CSV/CFIHOS CORE CFIHOS object equivalent mapping v2.0.csv,2769,source_reference_record,source_reference_record_unreviewed
CFIHOS-60002506,POSC CAESAR,RDS13329124,real,True,sha256:a69b98012d9e4a46495a3aed48eef8ce75a69d001eaa28b4c38cb0f3c921909d,CORE CFIHOS V2.0 CSV/CFIHOS CORE CFIHOS object equivalent mapping v2.0.csv,2770,source_reference_record,source_reference_record_unreviewed
CFIHOS-60002507,POSC CAESAR,RDS412173251,real,True,sha256:a69b98012d9e4a46495a3aed48eef8ce75a69d001eaa28b4c38cb0f3c921909d,CORE CFIHOS V2.0 CSV/CFIHOS CORE CFIHOS object equivalent mapping v2.0.csv,2771,source_reference_record,source_reference_record_unreviewed
CFIHOS-60002508,POSC CAESAR,RDS13329062,real,True,sha256:a69b98012d9e4a46495a3aed48eef8ce75a69d001eaa28b4c38cb0f3c921909d,CORE CFIHOS V2.0 CSV/CFIHOS CORE CFIHOS object equivalent mapping v2.0.csv,2772,source_reference_record,source_reference_record_unreviewed
CFIHOS-60002515,POSC CAESAR,RDS1008584,real,True,sha256:a69b98012d9e4a46495a3aed48eef8ce75a69d001eaa28b4c38cb0f3c921909d,CORE CFIHOS V2.0 CSV/CFIHOS CORE CFIHOS object equivalent mapping v2.0.csv,2773,source_reference_record,source_reference_record_unreviewed
CFIHOS-60002516,POSC CAESAR,RDS289349,real,True,sha256:a69b98012d9e4a46495a3aed48eef8ce75a69d001eaa28b4c38cb0f3c921909d,CORE CFIHOS V2.0 CSV/CFIHOS CORE CFIHOS object equivalent mapping v2.0.csv,2774,source_reference_record,source_reference_record_unreviewed
CFIHOS-60002521,POSC CAESAR,RDS1300656381,real,True,sha256:a69b98012d9e4a46495a3aed48eef8ce75a69d001eaa28b4c38cb0f3c921909d,CORE CFIHOS V2.0 CSV/CFIHOS CORE CFIHOS object equivalent mapping v2.0.csv,2775,source_reference_record,source_reference_record_unreviewed
CFIHOS-60002522,POSC CAESAR,RDS4316824823,real,True,sha256:a69b98012d9e4a46495a3aed48eef8ce75a69d001eaa28b4c38cb0f3c921909d,CORE CFIHOS V2.0 CSV/CFIHOS CORE CFIHOS object equivalent mapping v2.0.csv,2776,source_reference_record,source_reference_record_unreviewed
CFIHOS-60002523,POSC CAESAR,RDS2224551,real,True,sha256:a69b98012d9e4a46495a3aed48eef8ce75a69d001eaa28b4c38cb0f3c921909d,CORE CFIHOS V2.0 CSV/CFIHOS CORE CFIHOS object equivalent mapping v2.0.csv,2777,source_reference_record,source_reference_record_unreviewed
CFIHOS-60002524,POSC CAESAR,RDS434654,real,True,sha256:a69b98012d9e4a46495a3aed48eef8ce75a69d001eaa28b4c38cb0f3c921909d,CORE CFIHOS V2.0 CSV/CFIHOS CORE CFIHOS object equivalent mapping v2.0.csv,2778,source_reference_record,source_reference_record_unreviewed
CFIHOS-60002525,POSC CAESAR,RDS435419,real,True,sha256:a69b98012d9e4a46495a3aed48eef8ce75a69d001eaa28b4c38cb0f3c921909d,CORE CFIHOS V2.0 CSV/CFIHOS CORE CFIHOS object equivalent mapping v2.0.csv,2779,source_reference_record,source_reference_record_unreviewed
CFIHOS-60002526,POSC CAESAR,RDS444689,real,True,sha256:a69b98012d9e4a46495a3aed48eef8ce75a69d001eaa28b4c38cb0f3c921909d,CORE CFIHOS V2.0 CSV/CFIHOS CORE CFIHOS object equivalent mapping v2.0.csv,2780,source_reference_record,source_reference_record_unreviewed
CFIHOS-60002527,POSC CAESAR,RDS444644,real,True,sha256:a69b98012d9e4a46495a3aed48eef8ce75a69d001eaa28b4c38cb0f3c921909d,CORE CFIHOS V2.0 CSV/CFIHOS CORE CFIHOS object equivalent mapping v2.0.csv,2781,source_reference_record,source_reference_record_unreviewed
CFIHOS-60002530,POSC CAESAR,RDS433304,real,True,sha256:a69b98012d9e4a46495a3aed48eef8ce75a69d001eaa28b4c38cb0f3c921909d,CORE CFIHOS V2.0 CSV/CFIHOS CORE CFIHOS object equivalent mapping v2.0.csv,2782,source_reference_record,source_reference_record_unreviewed
CFIHOS-60002531,POSC CAESAR,RDS813014,real,True,sha256:a69b98012d9e4a46495a3aed48eef8ce75a69d001eaa28b4c38cb0f3c921909d,CORE CFIHOS V2.0 CSV/CFIHOS CORE CFIHOS object equivalent mapping v2.0.csv,2783,source_reference_record,source_reference_record_unreviewed
CFIHOS-60002532,POSC CAESAR,RDS815084,real,True,sha256:a69b98012d9e4a46495a3aed48eef8ce75a69d001eaa28b4c38cb0f3c921909d,CORE CFIHOS V2.0 CSV/CFIHOS CORE CFIHOS object equivalent mapping v2.0.csv,2784,source_reference_record,source_reference_record_unreviewed
CFIHOS-60002533,ISO 15926 part4,8847,real,True,sha256:a69b98012d9e4a46495a3aed48eef8ce75a69d001eaa28b4c38cb0f3c921909d,CORE CFIHOS V2.0 CSV/CFIHOS CORE CFIHOS object equivalent mapping v2.0.csv,2785,source_reference_record,source_reference_record_unreviewed
CFIHOS-60002533,POSC CAESAR,RDS407884761,real,True,sha256:a69b98012d9e4a46495a3aed48eef8ce75a69d001eaa28b4c38cb0f3c921909d,CORE CFIHOS V2.0 CSV/CFIHOS CORE CFIHOS object equivalent mapping v2.0.csv,2786,source_reference_record,source_reference_record_unreviewed
CFIHOS-60002534,POSC CAESAR,RDS815579,real,True,sha256:a69b98012d9e4a46495a3aed48eef8ce75a69d001eaa28b4c38cb0f3c921909d,CORE CFIHOS V2.0 CSV/CFIHOS CORE CFIHOS object equivalent mapping v2.0.csv,2787,source_reference_record,source_reference_record_unreviewed
CFIHOS-60002535,POSC CAESAR,RDS413215851,real,True,sha256:a69b98012d9e4a46495a3aed48eef8ce75a69d001eaa28b4c38cb0f3c921909d,CORE CFIHOS V2.0 CSV/CFIHOS CORE CFIHOS object equivalent mapping v2.0.csv,2788,source_reference_record,source_reference_record_unreviewed
CFIHOS-60002536,POSC CAESAR,RDS816389,real,True,sha256:a69b98012d9e4a46495a3aed48eef8ce75a69d001eaa28b4c38cb0f3c921909d,CORE CFIHOS V2.0 CSV/CFIHOS CORE CFIHOS object equivalent mapping v2.0.csv,2789,source_reference_record,source_reference_record_unreviewed
CFIHOS-60002537,POSC CAESAR,RDS427266821,real,True,sha256:a69b98012d9e4a46495a3aed48eef8ce75a69d001eaa28b4c38cb0f3c921909d,CORE CFIHOS V2.0 CSV/CFIHOS CORE CFIHOS object equivalent mapping v2.0.csv,2790,source_reference_record,source_reference_record_unreviewed
CFIHOS-60002564,POSC CAESAR,RDS414044,real,True,sha256:a69b98012d9e4a46495a3aed48eef8ce75a69d001eaa28b4c38cb0f3c921909d,CORE CFIHOS V2.0 CSV/CFIHOS CORE CFIHOS object equivalent mapping v2.0.csv,2791,source_reference_record,source_reference_record_unreviewed
CFIHOS-60002566,POSC CAESAR,RDS458009,real,True,sha256:a69b98012d9e4a46495a3aed48eef8ce75a69d001eaa28b4c38cb0f3c921909d,CORE CFIHOS V2.0 CSV/CFIHOS CORE CFIHOS object equivalent mapping v2.0.csv,2792,source_reference_record,source_reference_record_unreviewed
CFIHOS-60002568,POSC CAESAR,RDS303029,real,True,sha256:a69b98012d9e4a46495a3aed48eef8ce75a69d001eaa28b4c38cb0f3c921909d,CORE CFIHOS V2.0 CSV/CFIHOS CORE CFIHOS object equivalent mapping v2.0.csv,2793,source_reference_record,source_reference_record_unreviewed
CFIHOS-68000500,POSC CAESAR,RDS2228003,real,True,sha256:a69b98012d9e4a46495a3aed48eef8ce75a69d001eaa28b4c38cb0f3c921909d,CORE CFIHOS V2.0 CSV/CFIHOS CORE CFIHOS object equivalent mapping v2.0.csv,2794,source_reference_record,source_reference_record_unreviewed
CFIHOS-68000501,POSC CAESAR,RDS2228005,real,True,sha256:a69b98012d9e4a46495a3aed48eef8ce75a69d001eaa28b4c38cb0f3c921909d,CORE CFIHOS V2.0 CSV/CFIHOS CORE CFIHOS object equivalent mapping v2.0.csv,2795,source_reference_record,source_reference_record_unreviewed
CFIHOS-68000502,POSC CAESAR,RDS2228006,real,True,sha256:a69b98012d9e4a46495a3aed48eef8ce75a69d001eaa28b4c38cb0f3c921909d,CORE CFIHOS V2.0 CSV/CFIHOS CORE CFIHOS object equivalent mapping v2.0.csv,2796,source_reference_record,source_reference_record_unreviewed
CFIHOS-68000503,POSC CAESAR,RDS2228007,real,True,sha256:a69b98012d9e4a46495a3aed48eef8ce75a69d001eaa28b4c38cb0f3c921909d,CORE CFIHOS V2.0 CSV/CFIHOS CORE CFIHOS object equivalent mapping v2.0.csv,2797,source_reference_record,source_reference_record_unreviewed
CFIHOS-68000504,POSC CAESAR,RDS2228008,real,True,sha256:a69b98012d9e4a46495a3aed48eef8ce75a69d001eaa28b4c38cb0f3c921909d,CORE CFIHOS V2.0 CSV/CFIHOS CORE CFIHOS object equivalent mapping v2.0.csv,2798,source_reference_record,source_reference_record_unreviewed
CFIHOS-70000004,POSC CAESAR,RDS2224620,real,True,sha256:a69b98012d9e4a46495a3aed48eef8ce75a69d001eaa28b4c38cb0f3c921909d,CORE CFIHOS V2.0 CSV/CFIHOS CORE CFIHOS object equivalent mapping v2.0.csv,2799,source_reference_record,source_reference_record_unreviewed
CFIHOS-70000005,POSC CAESAR,RDS2225822,real,True,sha256:a69b98012d9e4a46495a3aed48eef8ce75a69d001eaa28b4c38cb0f3c921909d,CORE CFIHOS V2.0 CSV/CFIHOS CORE CFIHOS object equivalent mapping v2.0.csv,2800,source_reference_record,source_reference_record_unreviewed
CFIHOS-70000007,POSC CAESAR,RDS2225122,real,True,sha256:a69b98012d9e4a46495a3aed48eef8ce75a69d001eaa28b4c38cb0f3c921909d,CORE CFIHOS V2.0 CSV/CFIHOS CORE CFIHOS object equivalent mapping v2.0.csv,2801,source_reference_record,source_reference_record_unreviewed
CFIHOS-70000009,POSC CAESAR,RDS2224659,real,True,sha256:a69b98012d9e4a46495a3aed48eef8ce75a69d001eaa28b4c38cb0f3c921909d,CORE CFIHOS V2.0 CSV/CFIHOS CORE CFIHOS object equivalent mapping v2.0.csv,2802,source_reference_record,source_reference_record_unreviewed
CFIHOS-70000010,POSC CAESAR,RDS2225823,real,True,sha256:a69b98012d9e4a46495a3aed48eef8ce75a69d001eaa28b4c38cb0f3c921909d,CORE CFIHOS V2.0 CSV/CFIHOS CORE CFIHOS object equivalent mapping v2.0.csv,2803,source_reference_record,source_reference_record_unreviewed
CFIHOS-70000011,POSC CAESAR,RDS2225123,real,True,sha256:a69b98012d9e4a46495a3aed48eef8ce75a69d001eaa28b4c38cb0f3c921909d,CORE CFIHOS V2.0 CSV/CFIHOS CORE CFIHOS object equivalent mapping v2.0.csv,2804,source_reference_record,source_reference_record_unreviewed
CFIHOS-70000012,POSC CAESAR,RDS1318007331,real,True,sha256:a69b98012d9e4a46495a3aed48eef8ce75a69d001eaa28b4c38cb0f3c921909d,CORE CFIHOS V2.0 CSV/CFIHOS CORE CFIHOS object equivalent mapping v2.0.csv,2805,source_reference_record,source_reference_record_unreviewed
CFIHOS-70000013,POSC CAESAR,RDS2228068,real,True,sha256:a69b98012d9e4a46495a3aed48eef8ce75a69d001eaa28b4c38cb0f3c921909d,CORE CFIHOS V2.0 CSV/CFIHOS CORE CFIHOS object equivalent mapping v2.0.csv,2806,source_reference_record,source_reference_record_unreviewed
CFIHOS-70000014,POSC CAESAR,RDS332729,real,True,sha256:a69b98012d9e4a46495a3aed48eef8ce75a69d001eaa28b4c38cb0f3c921909d,CORE CFIHOS V2.0 CSV/CFIHOS CORE CFIHOS object equivalent mapping v2.0.csv,2807,source_reference_record,source_reference_record_unreviewed
CFIHOS-70000015,POSC CAESAR,RDS2228065,real,True,sha256:a69b98012d9e4a46495a3aed48eef8ce75a69d001eaa28b4c38cb0f3c921909d,CORE CFIHOS V2.0 CSV/CFIHOS CORE CFIHOS object equivalent mapping v2.0.csv,2808,source_reference_record,source_reference_record_unreviewed
CFIHOS-70000017,POSC CAESAR,RDS7506802,real,True,sha256:a69b98012d9e4a46495a3aed48eef8ce75a69d001eaa28b4c38cb0f3c921909d,CORE CFIHOS V2.0 CSV/CFIHOS CORE CFIHOS object equivalent mapping v2.0.csv,2809,source_reference_record,source_reference_record_unreviewed
CFIHOS-70000018,POSC CAESAR,RDS2225154,real,True,sha256:a69b98012d9e4a46495a3aed48eef8ce75a69d001eaa28b4c38cb0f3c921909d,CORE CFIHOS V2.0 CSV/CFIHOS CORE CFIHOS object equivalent mapping v2.0.csv,2810,source_reference_record,source_reference_record_unreviewed
CFIHOS-70000019,POSC CAESAR,RDS2225155,real,True,sha256:a69b98012d9e4a46495a3aed48eef8ce75a69d001eaa28b4c38cb0f3c921909d,CORE CFIHOS V2.0 CSV/CFIHOS CORE CFIHOS object equivalent mapping v2.0.csv,2811,source_reference_record,source_reference_record_unreviewed
CFIHOS-70000021,POSC CAESAR,RDS2225824,real,True,sha256:a69b98012d9e4a46495a3aed48eef8ce75a69d001eaa28b4c38cb0f3c921909d,CORE CFIHOS V2.0 CSV/CFIHOS CORE CFIHOS object equivalent mapping v2.0.csv,2812,source_reference_record,source_reference_record_unreviewed
CFIHOS-70000022,POSC CAESAR,RDS2225156,real,True,sha256:a69b98012d9e4a46495a3aed48eef8ce75a69d001eaa28b4c38cb0f3c921909d,CORE CFIHOS V2.0 CSV/CFIHOS CORE CFIHOS object equivalent mapping v2.0.csv,2813,source_reference_record,source_reference_record_unreviewed
CFIHOS-70000023,POSC CAESAR,RDS2225148,real,True,sha256:a69b98012d9e4a46495a3aed48eef8ce75a69d001eaa28b4c38cb0f3c921909d,CORE CFIHOS V2.0 CSV/CFIHOS CORE CFIHOS object equivalent mapping v2.0.csv,2814,source_reference_record,source_reference_record_unreviewed
CFIHOS-70000024,POSC CAESAR,RDS330434,real,True,sha256:a69b98012d9e4a46495a3aed48eef8ce75a69d001eaa28b4c38cb0f3c921909d,CORE CFIHOS V2.0 CSV/CFIHOS CORE CFIHOS object equivalent mapping v2.0.csv,2815,source_reference_record,source_reference_record_unreviewed
CFIHOS-70000025,POSC CAESAR,RDS2225825,real,True,sha256:a69b98012d9e4a46495a3aed48eef8ce75a69d001eaa28b4c38cb0f3c921909d,CORE CFIHOS V2.0 CSV/CFIHOS CORE CFIHOS object equivalent mapping v2.0.csv,2816,source_reference_record,source_reference_record_unreviewed
CFIHOS-70000026,POSC CAESAR,RDS2224631,real,True,sha256:a69b98012d9e4a46495a3aed48eef8ce75a69d001eaa28b4c38cb0f3c921909d,CORE CFIHOS V2.0 CSV/CFIHOS CORE CFIHOS object equivalent mapping v2.0.csv,2817,source_reference_record,source_reference_record_unreviewed
CFIHOS-70000027,POSC CAESAR,RDS2224657,real,True,sha256:a69b98012d9e4a46495a3aed48eef8ce75a69d001eaa28b4c38cb0f3c921909d,CORE CFIHOS V2.0 CSV/CFIHOS CORE CFIHOS object equivalent mapping v2.0.csv,2818,source_reference_record,source_reference_record_unreviewed
CFIHOS-70000028,POSC CAESAR,RDS2225124,real,True,sha256:a69b98012d9e4a46495a3aed48eef8ce75a69d001eaa28b4c38cb0f3c921909d,CORE CFIHOS V2.0 CSV/CFIHOS CORE CFIHOS object equivalent mapping v2.0.csv,2819,source_reference_record,source_reference_record_unreviewed
CFIHOS-70000029,POSC CAESAR,RDS2225125,real,True,sha256:a69b98012d9e4a46495a3aed48eef8ce75a69d001eaa28b4c38cb0f3c921909d,CORE CFIHOS V2.0 CSV/CFIHOS CORE CFIHOS object equivalent mapping v2.0.csv,2820,source_reference_record,source_reference_record_unreviewed
CFIHOS-70000030,POSC CAESAR,RDS2225827,real,True,sha256:a69b98012d9e4a46495a3aed48eef8ce75a69d001eaa28b4c38cb0f3c921909d,CORE CFIHOS V2.0 CSV/CFIHOS CORE CFIHOS object equivalent mapping v2.0.csv,2821,source_reference_record,source_reference_record_unreviewed
CFIHOS-70000033,POSC CAESAR,RDS222245,real,True,sha256:a69b98012d9e4a46495a3aed48eef8ce75a69d001eaa28b4c38cb0f3c921909d,CORE CFIHOS V2.0 CSV/CFIHOS CORE CFIHOS object equivalent mapping v2.0.csv,2822,source_reference_record,source_reference_record_unreviewed
CFIHOS-70000034,POSC CAESAR,RDS2228050,real,True,sha256:a69b98012d9e4a46495a3aed48eef8ce75a69d001eaa28b4c38cb0f3c921909d,CORE CFIHOS V2.0 CSV/CFIHOS CORE CFIHOS object equivalent mapping v2.0.csv,2823,source_reference_record,source_reference_record_unreviewed
CFIHOS-70000037,POSC CAESAR,RDS2225828,real,True,sha256:a69b98012d9e4a46495a3aed48eef8ce75a69d001eaa28b4c38cb0f3c921909d,CORE CFIHOS V2.0 CSV/CFIHOS CORE CFIHOS object equivalent mapping v2.0.csv,2824,source_reference_record,source_reference_record_unreviewed
CFIHOS-70000039,POSC CAESAR,RDS2228084,real,True,sha256:a69b98012d9e4a46495a3aed48eef8ce75a69d001eaa28b4c38cb0f3c921909d,CORE CFIHOS V2.0 CSV/CFIHOS CORE CFIHOS object equivalent mapping v2.0.csv,2825,source_reference_record,source_reference_record_unreviewed
CFIHOS-70000042,POSC CAESAR,RDS2225184,real,True,sha256:a69b98012d9e4a46495a3aed48eef8ce75a69d001eaa28b4c38cb0f3c921909d,CORE CFIHOS V2.0 CSV/CFIHOS CORE CFIHOS object equivalent mapping v2.0.csv,2826,source_reference_record,source_reference_record_unreviewed
CFIHOS-70000043,POSC CAESAR,RDS2225967,real,True,sha256:a69b98012d9e4a46495a3aed48eef8ce75a69d001eaa28b4c38cb0f3c921909d,CORE CFIHOS V2.0 CSV/CFIHOS CORE CFIHOS object equivalent mapping v2.0.csv,2827,source_reference_record,source_reference_record_unreviewed
CFIHOS-70000044,POSC CAESAR,RDS2225153,real,True,sha256:a69b98012d9e4a46495a3aed48eef8ce75a69d001eaa28b4c38cb0f3c921909d,CORE CFIHOS V2.0 CSV/CFIHOS CORE CFIHOS object equivalent mapping v2.0.csv,2828,source_reference_record,source_reference_record_unreviewed
CFIHOS-70000048,POSC CAESAR,RDS2225954,real,True,sha256:a69b98012d9e4a46495a3aed48eef8ce75a69d001eaa28b4c38cb0f3c921909d,CORE CFIHOS V2.0 CSV/CFIHOS CORE CFIHOS object equivalent mapping v2.0.csv,2829,source_reference_record,source_reference_record_unreviewed
CFIHOS-70000051,POSC CAESAR,RDS2225185,real,True,sha256:a69b98012d9e4a46495a3aed48eef8ce75a69d001eaa28b4c38cb0f3c921909d,CORE CFIHOS V2.0 CSV/CFIHOS CORE CFIHOS object equivalent mapping v2.0.csv,2830,source_reference_record,source_reference_record_unreviewed
CFIHOS-70000055,POSC CAESAR,RDS2228086,real,True,sha256:a69b98012d9e4a46495a3aed48eef8ce75a69d001eaa28b4c38cb0f3c921909d,CORE CFIHOS V2.0 CSV/CFIHOS CORE CFIHOS object equivalent mapping v2.0.csv,2831,source_reference_record,source_reference_record_unreviewed
CFIHOS-70000057,POSC CAESAR,RDS2224616,real,True,sha256:a69b98012d9e4a46495a3aed48eef8ce75a69d001eaa28b4c38cb0f3c921909d,CORE CFIHOS V2.0 CSV/CFIHOS CORE CFIHOS object equivalent mapping v2.0.csv,2832,source_reference_record,source_reference_record_unreviewed
CFIHOS-70000060,POSC CAESAR,RDS2224646,real,True,sha256:a69b98012d9e4a46495a3aed48eef8ce75a69d001eaa28b4c38cb0f3c921909d,CORE CFIHOS V2.0 CSV/CFIHOS CORE CFIHOS object equivalent mapping v2.0.csv,2833,source_reference_record,source_reference_record_unreviewed
CFIHOS-70000062,POSC CAESAR,RDS2224632,real,True,sha256:a69b98012d9e4a46495a3aed48eef8ce75a69d001eaa28b4c38cb0f3c921909d,CORE CFIHOS V2.0 CSV/CFIHOS CORE CFIHOS object equivalent mapping v2.0.csv,2834,source_reference_record,source_reference_record_unreviewed
CFIHOS-70000063,POSC CAESAR,RDS2229880,real,True,sha256:a69b98012d9e4a46495a3aed48eef8ce75a69d001eaa28b4c38cb0f3c921909d,CORE CFIHOS V2.0 CSV/CFIHOS CORE CFIHOS object equivalent mapping v2.0.csv,2835,source_reference_record,source_reference_record_unreviewed
CFIHOS-70000064,POSC CAESAR,RDS2225839,real,True,sha256:a69b98012d9e4a46495a3aed48eef8ce75a69d001eaa28b4c38cb0f3c921909d,CORE CFIHOS V2.0 CSV/CFIHOS CORE CFIHOS object equivalent mapping v2.0.csv,2836,source_reference_record,source_reference_record_unreviewed
CFIHOS-70000066,POSC CAESAR,RDS2228090,real,True,sha256:a69b98012d9e4a46495a3aed48eef8ce75a69d001eaa28b4c38cb0f3c921909d,CORE CFIHOS V2.0 CSV/CFIHOS CORE CFIHOS object equivalent mapping v2.0.csv,2837,source_reference_record,source_reference_record_unreviewed
CFIHOS-70000070,POSC CAESAR,RDS2225840,real,True,sha256:a69b98012d9e4a46495a3aed48eef8ce75a69d001eaa28b4c38cb0f3c921909d,CORE CFIHOS V2.0 CSV/CFIHOS CORE CFIHOS object equivalent mapping v2.0.csv,2838,source_reference_record,source_reference_record_unreviewed
CFIHOS-70000071,POSC CAESAR,RDS2225085,real,True,sha256:a69b98012d9e4a46495a3aed48eef8ce75a69d001eaa28b4c38cb0f3c921909d,CORE CFIHOS V2.0 CSV/CFIHOS CORE CFIHOS object equivalent mapping v2.0.csv,2839,source_reference_record,source_reference_record_unreviewed
CFIHOS-70000072,POSC CAESAR,RDS2225841,real,True,sha256:a69b98012d9e4a46495a3aed48eef8ce75a69d001eaa28b4c38cb0f3c921909d,CORE CFIHOS V2.0 CSV/CFIHOS CORE CFIHOS object equivalent mapping v2.0.csv,2840,source_reference_record,source_reference_record_unreviewed
CFIHOS-70000074,POSC CAESAR,RDS2225158,real,True,sha256:a69b98012d9e4a46495a3aed48eef8ce75a69d001eaa28b4c38cb0f3c921909d,CORE CFIHOS V2.0 CSV/CFIHOS CORE CFIHOS object equivalent mapping v2.0.csv,2841,source_reference_record,source_reference_record_unreviewed
CFIHOS-70000076,POSC CAESAR,RDS2225187,real,True,sha256:a69b98012d9e4a46495a3aed48eef8ce75a69d001eaa28b4c38cb0f3c921909d,CORE CFIHOS V2.0 CSV/CFIHOS CORE CFIHOS object equivalent mapping v2.0.csv,2842,source_reference_record,source_reference_record_unreviewed
CFIHOS-70000077,POSC CAESAR,RDS2225843,real,True,sha256:a69b98012d9e4a46495a3aed48eef8ce75a69d001eaa28b4c38cb0f3c921909d,CORE CFIHOS V2.0 CSV/CFIHOS CORE CFIHOS object equivalent mapping v2.0.csv,2843,source_reference_record,source_reference_record_unreviewed
CFIHOS-70000078,POSC CAESAR,RDS333854,real,True,sha256:a69b98012d9e4a46495a3aed48eef8ce75a69d001eaa28b4c38cb0f3c921909d,CORE CFIHOS V2.0 CSV/CFIHOS CORE CFIHOS object equivalent mapping v2.0.csv,2844,source_reference_record,source_reference_record_unreviewed
CFIHOS-70000079,POSC CAESAR,RDS2228069,real,True,sha256:a69b98012d9e4a46495a3aed48eef8ce75a69d001eaa28b4c38cb0f3c921909d,CORE CFIHOS V2.0 CSV/CFIHOS CORE CFIHOS object equivalent mapping v2.0.csv,2845,source_reference_record,source_reference_record_unreviewed
CFIHOS-70000081,POSC CAESAR,RDS2225953,real,True,sha256:a69b98012d9e4a46495a3aed48eef8ce75a69d001eaa28b4c38cb0f3c921909d,CORE CFIHOS V2.0 CSV/CFIHOS CORE CFIHOS object equivalent mapping v2.0.csv,2846,source_reference_record,source_reference_record_unreviewed
CFIHOS-70000082,POSC CAESAR,RDS2225087,real,True,sha256:a69b98012d9e4a46495a3aed48eef8ce75a69d001eaa28b4c38cb0f3c921909d,CORE CFIHOS V2.0 CSV/CFIHOS CORE CFIHOS object equivalent mapping v2.0.csv,2847,source_reference_record,source_reference_record_unreviewed
CFIHOS-70000083,POSC CAESAR,RDS11708918,real,True,sha256:a69b98012d9e4a46495a3aed48eef8ce75a69d001eaa28b4c38cb0f3c921909d,CORE CFIHOS V2.0 CSV/CFIHOS CORE CFIHOS object equivalent mapping v2.0.csv,2848,source_reference_record,source_reference_record_unreviewed
CFIHOS-70000084,POSC CAESAR,RDS2224623,real,True,sha256:a69b98012d9e4a46495a3aed48eef8ce75a69d001eaa28b4c38cb0f3c921909d,CORE CFIHOS V2.0 CSV/CFIHOS CORE CFIHOS object equivalent mapping v2.0.csv,2849,source_reference_record,source_reference_record_unreviewed
CFIHOS-70000085,POSC CAESAR,RDS2224633,real,True,sha256:a69b98012d9e4a46495a3aed48eef8ce75a69d001eaa28b4c38cb0f3c921909d,CORE CFIHOS V2.0 CSV/CFIHOS CORE CFIHOS object equivalent mapping v2.0.csv,2850,source_reference_record,source_reference_record_unreviewed
CFIHOS-70000086,POSC CAESAR,RDS2224655,real,True,sha256:a69b98012d9e4a46495a3aed48eef8ce75a69d001eaa28b4c38cb0f3c921909d,CORE CFIHOS V2.0 CSV/CFIHOS CORE CFIHOS object equivalent mapping v2.0.csv,2851,source_reference_record,source_reference_record_unreviewed
CFIHOS-70000087,POSC CAESAR,RDS2225845,real,True,sha256:a69b98012d9e4a46495a3aed48eef8ce75a69d001eaa28b4c38cb0f3c921909d,CORE CFIHOS V2.0 CSV/CFIHOS CORE CFIHOS object equivalent mapping v2.0.csv,2852,source_reference_record,source_reference_record_unreviewed
CFIHOS-70000088,POSC CAESAR,RDS2224634,real,True,sha256:a69b98012d9e4a46495a3aed48eef8ce75a69d001eaa28b4c38cb0f3c921909d,CORE CFIHOS V2.0 CSV/CFIHOS CORE CFIHOS object equivalent mapping v2.0.csv,2853,source_reference_record,source_reference_record_unreviewed
CFIHOS-70000089,POSC CAESAR,RDS2225847,real,True,sha256:a69b98012d9e4a46495a3aed48eef8ce75a69d001eaa28b4c38cb0f3c921909d,CORE CFIHOS V2.0 CSV/CFIHOS CORE CFIHOS object equivalent mapping v2.0.csv,2854,source_reference_record,source_reference_record_unreviewed
CFIHOS-70000091,POSC CAESAR,RDS2225849,real,True,sha256:a69b98012d9e4a46495a3aed48eef8ce75a69d001eaa28b4c38cb0f3c921909d,CORE CFIHOS V2.0 CSV/CFIHOS CORE CFIHOS object equivalent mapping v2.0.csv,2855,source_reference_record,source_reference_record_unreviewed
CFIHOS-70000092,POSC CAESAR,RDS2225850,real,True,sha256:a69b98012d9e4a46495a3aed48eef8ce75a69d001eaa28b4c38cb0f3c921909d,CORE CFIHOS V2.0 CSV/CFIHOS CORE CFIHOS object equivalent mapping v2.0.csv,2856,source_reference_record,source_reference_record_unreviewed
CFIHOS-70000094,POSC CAESAR,RDS2224654,real,True,sha256:a69b98012d9e4a46495a3aed48eef8ce75a69d001eaa28b4c38cb0f3c921909d,CORE CFIHOS V2.0 CSV/CFIHOS CORE CFIHOS object equivalent mapping v2.0.csv,2857,source_reference_record,source_reference_record_unreviewed
CFIHOS-70000096,POSC CAESAR,RDS2225149,real,True,sha256:a69b98012d9e4a46495a3aed48eef8ce75a69d001eaa28b4c38cb0f3c921909d,CORE CFIHOS V2.0 CSV/CFIHOS CORE CFIHOS object equivalent mapping v2.0.csv,2858,source_reference_record,source_reference_record_unreviewed
CFIHOS-70000097,POSC CAESAR,RDS2225940,real,True,sha256:a69b98012d9e4a46495a3aed48eef8ce75a69d001eaa28b4c38cb0f3c921909d,CORE CFIHOS V2.0 CSV/CFIHOS CORE CFIHOS object equivalent mapping v2.0.csv,2859,source_reference_record,source_reference_record_unreviewed
CFIHOS-70000098,POSC CAESAR,RDS2225189,real,True,sha256:a69b98012d9e4a46495a3aed48eef8ce75a69d001eaa28b4c38cb0f3c921909d,CORE CFIHOS V2.0 CSV/CFIHOS CORE CFIHOS object equivalent mapping v2.0.csv,2860,source_reference_record,source_reference_record_unreviewed
CFIHOS-70000099,POSC CAESAR,RDS2225969,real,True,sha256:a69b98012d9e4a46495a3aed48eef8ce75a69d001eaa28b4c38cb0f3c921909d,CORE CFIHOS V2.0 CSV/CFIHOS CORE CFIHOS object equivalent mapping v2.0.csv,2861,source_reference_record,source_reference_record_unreviewed
CFIHOS-70000100,POSC CAESAR,RDS2225941,real,True,sha256:a69b98012d9e4a46495a3aed48eef8ce75a69d001eaa28b4c38cb0f3c921909d,CORE CFIHOS V2.0 CSV/CFIHOS CORE CFIHOS object equivalent mapping v2.0.csv,2862,source_reference_record,source_reference_record_unreviewed
CFIHOS-70000102,POSC CAESAR,RDS2228095,real,True,sha256:a69b98012d9e4a46495a3aed48eef8ce75a69d001eaa28b4c38cb0f3c921909d,CORE CFIHOS V2.0 CSV/CFIHOS CORE CFIHOS object equivalent mapping v2.0.csv,2863,source_reference_record,source_reference_record_unreviewed
CFIHOS-70000103,POSC CAESAR,RDS2224660,real,True,sha256:a69b98012d9e4a46495a3aed48eef8ce75a69d001eaa28b4c38cb0f3c921909d,CORE CFIHOS V2.0 CSV/CFIHOS CORE CFIHOS object equivalent mapping v2.0.csv,2864,source_reference_record,source_reference_record_unreviewed
CFIHOS-70000105,POSC CAESAR,RDS2225096,real,True,sha256:a69b98012d9e4a46495a3aed48eef8ce75a69d001eaa28b4c38cb0f3c921909d,CORE CFIHOS V2.0 CSV/CFIHOS CORE CFIHOS object equivalent mapping v2.0.csv,2865,source_reference_record,source_reference_record_unreviewed
CFIHOS-70000106,POSC CAESAR,RDS2224627,real,True,sha256:a69b98012d9e4a46495a3aed48eef8ce75a69d001eaa28b4c38cb0f3c921909d,CORE CFIHOS V2.0 CSV/CFIHOS CORE CFIHOS object equivalent mapping v2.0.csv,2866,source_reference_record,source_reference_record_unreviewed
CFIHOS-70000108,POSC CAESAR,RDS2228067,real,True,sha256:a69b98012d9e4a46495a3aed48eef8ce75a69d001eaa28b4c38cb0f3c921909d,CORE CFIHOS V2.0 CSV/CFIHOS CORE CFIHOS object equivalent mapping v2.0.csv,2867,source_reference_record,source_reference_record_unreviewed
CFIHOS-70000109,POSC CAESAR,RDS2224647,real,True,sha256:a69b98012d9e4a46495a3aed48eef8ce75a69d001eaa28b4c38cb0f3c921909d,CORE CFIHOS V2.0 CSV/CFIHOS CORE CFIHOS object equivalent mapping v2.0.csv,2868,source_reference_record,source_reference_record_unreviewed
CFIHOS-70000111,POSC CAESAR,RDS2224634,real,True,sha256:a69b98012d9e4a46495a3aed48eef8ce75a69d001eaa28b4c38cb0f3c921909d,CORE CFIHOS V2.0 CSV/CFIHOS CORE CFIHOS object equivalent mapping v2.0.csv,2869,source_reference_record,source_reference_record_unreviewed
CFIHOS-70000112,POSC CAESAR,RDS2224635,real,True,sha256:a69b98012d9e4a46495a3aed48eef8ce75a69d001eaa28b4c38cb0f3c921909d,CORE CFIHOS V2.0 CSV/CFIHOS CORE CFIHOS object equivalent mapping v2.0.csv,2870,source_reference_record,source_reference_record_unreviewed
CFIHOS-70000113,POSC CAESAR,RDS2225856,real,True,sha256:a69b98012d9e4a46495a3aed48eef8ce75a69d001eaa28b4c38cb0f3c921909d,CORE CFIHOS V2.0 CSV/CFIHOS CORE CFIHOS object equivalent mapping v2.0.csv,2871,source_reference_record,source_reference_record_unreviewed
CFIHOS-70000115,POSC CAESAR,RDS2224636,real,True,sha256:a69b98012d9e4a46495a3aed48eef8ce75a69d001eaa28b4c38cb0f3c921909d,CORE CFIHOS V2.0 CSV/CFIHOS CORE CFIHOS object equivalent mapping v2.0.csv,2872,source_reference_record,source_reference_record_unreviewed
CFIHOS-70000116,POSC CAESAR,RDS2225097,real,True,sha256:a69b98012d9e4a46495a3aed48eef8ce75a69d001eaa28b4c38cb0f3c921909d,CORE CFIHOS V2.0 CSV/CFIHOS CORE CFIHOS object equivalent mapping v2.0.csv,2873,source_reference_record,source_reference_record_unreviewed
CFIHOS-70000117,POSC CAESAR,RDS222335,real,True,sha256:a69b98012d9e4a46495a3aed48eef8ce75a69d001eaa28b4c38cb0f3c921909d,CORE CFIHOS V2.0 CSV/CFIHOS CORE CFIHOS object equivalent mapping v2.0.csv,2874,source_reference_record,source_reference_record_unreviewed
CFIHOS-70000118,POSC CAESAR,RDS7952620,real,True,sha256:a69b98012d9e4a46495a3aed48eef8ce75a69d001eaa28b4c38cb0f3c921909d,CORE CFIHOS V2.0 CSV/CFIHOS CORE CFIHOS object equivalent mapping v2.0.csv,2875,source_reference_record,source_reference_record_unreviewed
CFIHOS-70000119,POSC CAESAR,RDS2225098,real,True,sha256:a69b98012d9e4a46495a3aed48eef8ce75a69d001eaa28b4c38cb0f3c921909d,CORE CFIHOS V2.0 CSV/CFIHOS CORE CFIHOS object equivalent mapping v2.0.csv,2876,source_reference_record,source_reference_record_unreviewed
CFIHOS-70000122,POSC CAESAR,RDS2224661,real,True,sha256:a69b98012d9e4a46495a3aed48eef8ce75a69d001eaa28b4c38cb0f3c921909d,CORE CFIHOS V2.0 CSV/CFIHOS CORE CFIHOS object equivalent mapping v2.0.csv,2877,source_reference_record,source_reference_record_unreviewed
CFIHOS-70000126,POSC CAESAR,RDS333944,real,True,sha256:a69b98012d9e4a46495a3aed48eef8ce75a69d001eaa28b4c38cb0f3c921909d,CORE CFIHOS V2.0 CSV/CFIHOS CORE CFIHOS object equivalent mapping v2.0.csv,2878,source_reference_record,source_reference_record_unreviewed
CFIHOS-70000127,POSC CAESAR,RDS2224637,real,True,sha256:a69b98012d9e4a46495a3aed48eef8ce75a69d001eaa28b4c38cb0f3c921909d,CORE CFIHOS V2.0 CSV/CFIHOS CORE CFIHOS object equivalent mapping v2.0.csv,2879,source_reference_record,source_reference_record_unreviewed
CFIHOS-70000129,POSC CAESAR,RDS2225862,real,True,sha256:a69b98012d9e4a46495a3aed48eef8ce75a69d001eaa28b4c38cb0f3c921909d,CORE CFIHOS V2.0 CSV/CFIHOS CORE CFIHOS object equivalent mapping v2.0.csv,2880,source_reference_record,source_reference_record_unreviewed
CFIHOS-70000130,POSC CAESAR,RDS2224638,real,True,sha256:a69b98012d9e4a46495a3aed48eef8ce75a69d001eaa28b4c38cb0f3c921909d,CORE CFIHOS V2.0 CSV/CFIHOS CORE CFIHOS object equivalent mapping v2.0.csv,2881,source_reference_record,source_reference_record_unreviewed
CFIHOS-70000132,POSC CAESAR,RDS2224648,real,True,sha256:a69b98012d9e4a46495a3aed48eef8ce75a69d001eaa28b4c38cb0f3c921909d,CORE CFIHOS V2.0 CSV/CFIHOS CORE CFIHOS object equivalent mapping v2.0.csv,2882,source_reference_record,source_reference_record_unreviewed
CFIHOS-70000134,POSC CAESAR,RDS2225865,real,True,sha256:a69b98012d9e4a46495a3aed48eef8ce75a69d001eaa28b4c38cb0f3c921909d,CORE CFIHOS V2.0 CSV/CFIHOS CORE CFIHOS object equivalent mapping v2.0.csv,2883,source_reference_record,source_reference_record_unreviewed
CFIHOS-70000135,POSC CAESAR,RDS2224618,real,True,sha256:a69b98012d9e4a46495a3aed48eef8ce75a69d001eaa28b4c38cb0f3c921909d,CORE CFIHOS V2.0 CSV/CFIHOS CORE CFIHOS object equivalent mapping v2.0.csv,2884,source_reference_record,source_reference_record_unreviewed
CFIHOS-70000136,POSC CAESAR,RDS2225161,real,True,sha256:a69b98012d9e4a46495a3aed48eef8ce75a69d001eaa28b4c38cb0f3c921909d,CORE CFIHOS V2.0 CSV/CFIHOS CORE CFIHOS object equivalent mapping v2.0.csv,2885,source_reference_record,source_reference_record_unreviewed
CFIHOS-70000137,POSC CAESAR,RDS2225866,real,True,sha256:a69b98012d9e4a46495a3aed48eef8ce75a69d001eaa28b4c38cb0f3c921909d,CORE CFIHOS V2.0 CSV/CFIHOS CORE CFIHOS object equivalent mapping v2.0.csv,2886,source_reference_record,source_reference_record_unreviewed
CFIHOS-70000138,POSC CAESAR,RDS2228054,real,True,sha256:a69b98012d9e4a46495a3aed48eef8ce75a69d001eaa28b4c38cb0f3c921909d,CORE CFIHOS V2.0 CSV/CFIHOS CORE CFIHOS object equivalent mapping v2.0.csv,2887,source_reference_record,source_reference_record_unreviewed
CFIHOS-70000140,POSC CAESAR,RDS2225868,real,True,sha256:a69b98012d9e4a46495a3aed48eef8ce75a69d001eaa28b4c38cb0f3c921909d,CORE CFIHOS V2.0 CSV/CFIHOS CORE CFIHOS object equivalent mapping v2.0.csv,2888,source_reference_record,source_reference_record_unreviewed
CFIHOS-70000141,POSC CAESAR,RDS2225867,real,True,sha256:a69b98012d9e4a46495a3aed48eef8ce75a69d001eaa28b4c38cb0f3c921909d,CORE CFIHOS V2.0 CSV/CFIHOS CORE CFIHOS object equivalent mapping v2.0.csv,2889,source_reference_record,source_reference_record_unreviewed
CFIHOS-70000145,POSC CAESAR,RDS2225869,real,True,sha256:a69b98012d9e4a46495a3aed48eef8ce75a69d001eaa28b4c38cb0f3c921909d,CORE CFIHOS V2.0 CSV/CFIHOS CORE CFIHOS object equivalent mapping v2.0.csv,2890,source_reference_record,source_reference_record_unreviewed
CFIHOS-70000147,POSC CAESAR,RDS2224628,real,True,sha256:a69b98012d9e4a46495a3aed48eef8ce75a69d001eaa28b4c38cb0f3c921909d,CORE CFIHOS V2.0 CSV/CFIHOS CORE CFIHOS object equivalent mapping v2.0.csv,2891,source_reference_record,source_reference_record_unreviewed
CFIHOS-70000148,POSC CAESAR,RDS2225102,real,True,sha256:a69b98012d9e4a46495a3aed48eef8ce75a69d001eaa28b4c38cb0f3c921909d,CORE CFIHOS V2.0 CSV/CFIHOS CORE CFIHOS object equivalent mapping v2.0.csv,2892,source_reference_record,source_reference_record_unreviewed
CFIHOS-70000151,POSC CAESAR,RDS2225104,real,True,sha256:a69b98012d9e4a46495a3aed48eef8ce75a69d001eaa28b4c38cb0f3c921909d,CORE CFIHOS V2.0 CSV/CFIHOS CORE CFIHOS object equivalent mapping v2.0.csv,2893,source_reference_record,source_reference_record_unreviewed
CFIHOS-70000153,POSC CAESAR,RDS7506740,real,True,sha256:a69b98012d9e4a46495a3aed48eef8ce75a69d001eaa28b4c38cb0f3c921909d,CORE CFIHOS V2.0 CSV/CFIHOS CORE CFIHOS object equivalent mapping v2.0.csv,2894,source_reference_record,source_reference_record_unreviewed
CFIHOS-70000154,POSC CAESAR,RDS2225193,real,True,sha256:a69b98012d9e4a46495a3aed48eef8ce75a69d001eaa28b4c38cb0f3c921909d,CORE CFIHOS V2.0 CSV/CFIHOS CORE CFIHOS object equivalent mapping v2.0.csv,2895,source_reference_record,source_reference_record_unreviewed
CFIHOS-70000155,POSC CAESAR,RDS2225871,real,True,sha256:a69b98012d9e4a46495a3aed48eef8ce75a69d001eaa28b4c38cb0f3c921909d,CORE CFIHOS V2.0 CSV/CFIHOS CORE CFIHOS object equivalent mapping v2.0.csv,2896,source_reference_record,source_reference_record_unreviewed
CFIHOS-70000156,POSC CAESAR,RDS2225870,real,True,sha256:a69b98012d9e4a46495a3aed48eef8ce75a69d001eaa28b4c38cb0f3c921909d,CORE CFIHOS V2.0 CSV/CFIHOS CORE CFIHOS object equivalent mapping v2.0.csv,2897,source_reference_record,source_reference_record_unreviewed
CFIHOS-70000158,POSC CAESAR,RDS333674,real,True,sha256:a69b98012d9e4a46495a3aed48eef8ce75a69d001eaa28b4c38cb0f3c921909d,CORE CFIHOS V2.0 CSV/CFIHOS CORE CFIHOS object equivalent mapping v2.0.csv,2898,source_reference_record,source_reference_record_unreviewed
CFIHOS-70000159,POSC CAESAR,RDS2225970,real,True,sha256:a69b98012d9e4a46495a3aed48eef8ce75a69d001eaa28b4c38cb0f3c921909d,CORE CFIHOS V2.0 CSV/CFIHOS CORE CFIHOS object equivalent mapping v2.0.csv,2899,source_reference_record,source_reference_record_unreviewed
CFIHOS-70000160,POSC CAESAR,RDS2228070,real,True,sha256:a69b98012d9e4a46495a3aed48eef8ce75a69d001eaa28b4c38cb0f3c921909d,CORE CFIHOS V2.0 CSV/CFIHOS CORE CFIHOS object equivalent mapping v2.0.csv,2900,source_reference_record,source_reference_record_unreviewed
CFIHOS-70000162,POSC CAESAR,RDS2225105,real,True,sha256:a69b98012d9e4a46495a3aed48eef8ce75a69d001eaa28b4c38cb0f3c921909d,CORE CFIHOS V2.0 CSV/CFIHOS CORE CFIHOS object equivalent mapping v2.0.csv,2901,source_reference_record,source_reference_record_unreviewed
CFIHOS-70000164,POSC CAESAR,RDS2225873,real,True,sha256:a69b98012d9e4a46495a3aed48eef8ce75a69d001eaa28b4c38cb0f3c921909d,CORE CFIHOS V2.0 CSV/CFIHOS CORE CFIHOS object equivalent mapping v2.0.csv,2902,source_reference_record,source_reference_record_unreviewed
CFIHOS-70000166,POSC CAESAR,RDS2228076,real,True,sha256:a69b98012d9e4a46495a3aed48eef8ce75a69d001eaa28b4c38cb0f3c921909d,CORE CFIHOS V2.0 CSV/CFIHOS CORE CFIHOS object equivalent mapping v2.0.csv,2903,source_reference_record,source_reference_record_unreviewed
CFIHOS-70000167,POSC CAESAR,RDS2228094,real,True,sha256:a69b98012d9e4a46495a3aed48eef8ce75a69d001eaa28b4c38cb0f3c921909d,CORE CFIHOS V2.0 CSV/CFIHOS CORE CFIHOS object equivalent mapping v2.0.csv,2904,source_reference_record,source_reference_record_unreviewed
CFIHOS-70000168,POSC CAESAR,RDS2228096,real,True,sha256:a69b98012d9e4a46495a3aed48eef8ce75a69d001eaa28b4c38cb0f3c921909d,CORE CFIHOS V2.0 CSV/CFIHOS CORE CFIHOS object equivalent mapping v2.0.csv,2905,source_reference_record,source_reference_record_unreviewed
CFIHOS-70000169,POSC CAESAR,RDS2228057,real,True,sha256:a69b98012d9e4a46495a3aed48eef8ce75a69d001eaa28b4c38cb0f3c921909d,CORE CFIHOS V2.0 CSV/CFIHOS CORE CFIHOS object equivalent mapping v2.0.csv,2906,source_reference_record,source_reference_record_unreviewed
CFIHOS-70000170,POSC CAESAR,RDS2228097,real,True,sha256:a69b98012d9e4a46495a3aed48eef8ce75a69d001eaa28b4c38cb0f3c921909d,CORE CFIHOS V2.0 CSV/CFIHOS CORE CFIHOS object equivalent mapping v2.0.csv,2907,source_reference_record,source_reference_record_unreviewed
CFIHOS-70000171,POSC CAESAR,RDS2225874,real,True,sha256:a69b98012d9e4a46495a3aed48eef8ce75a69d001eaa28b4c38cb0f3c921909d,CORE CFIHOS V2.0 CSV/CFIHOS CORE CFIHOS object equivalent mapping v2.0.csv,2908,source_reference_record,source_reference_record_unreviewed
CFIHOS-70000172,POSC CAESAR,RDS2225875,real,True,sha256:a69b98012d9e4a46495a3aed48eef8ce75a69d001eaa28b4c38cb0f3c921909d,CORE CFIHOS V2.0 CSV/CFIHOS CORE CFIHOS object equivalent mapping v2.0.csv,2909,source_reference_record,source_reference_record_unreviewed
CFIHOS-70000173,POSC CAESAR,RDS2225876,real,True,sha256:a69b98012d9e4a46495a3aed48eef8ce75a69d001eaa28b4c38cb0f3c921909d,CORE CFIHOS V2.0 CSV/CFIHOS CORE CFIHOS object equivalent mapping v2.0.csv,2910,source_reference_record,source_reference_record_unreviewed
CFIHOS-70000174,POSC CAESAR,RDS2225877,real,True,sha256:a69b98012d9e4a46495a3aed48eef8ce75a69d001eaa28b4c38cb0f3c921909d,CORE CFIHOS V2.0 CSV/CFIHOS CORE CFIHOS object equivalent mapping v2.0.csv,2911,source_reference_record,source_reference_record_unreviewed
CFIHOS-70000175,POSC CAESAR,RDS2225878,real,True,sha256:a69b98012d9e4a46495a3aed48eef8ce75a69d001eaa28b4c38cb0f3c921909d,CORE CFIHOS V2.0 CSV/CFIHOS CORE CFIHOS object equivalent mapping v2.0.csv,2912,source_reference_record,source_reference_record_unreviewed
CFIHOS-70000176,POSC CAESAR,RDS2225879,real,True,sha256:a69b98012d9e4a46495a3aed48eef8ce75a69d001eaa28b4c38cb0f3c921909d,CORE CFIHOS V2.0 CSV/CFIHOS CORE CFIHOS object equivalent mapping v2.0.csv,2913,source_reference_record,source_reference_record_unreviewed
CFIHOS-70000177,POSC CAESAR,RDS2225880,real,True,sha256:a69b98012d9e4a46495a3aed48eef8ce75a69d001eaa28b4c38cb0f3c921909d,CORE CFIHOS V2.0 CSV/CFIHOS CORE CFIHOS object equivalent mapping v2.0.csv,2914,source_reference_record,source_reference_record_unreviewed
CFIHOS-70000178,POSC CAESAR,RDS2228074,real,True,sha256:a69b98012d9e4a46495a3aed48eef8ce75a69d001eaa28b4c38cb0f3c921909d,CORE CFIHOS V2.0 CSV/CFIHOS CORE CFIHOS object equivalent mapping v2.0.csv,2915,source_reference_record,source_reference_record_unreviewed
CFIHOS-70000179,POSC CAESAR,RDS2225130,real,True,sha256:a69b98012d9e4a46495a3aed48eef8ce75a69d001eaa28b4c38cb0f3c921909d,CORE CFIHOS V2.0 CSV/CFIHOS CORE CFIHOS object equivalent mapping v2.0.csv,2916,source_reference_record,source_reference_record_unreviewed
CFIHOS-70000180,POSC CAESAR,RDS2225165,real,True,sha256:a69b98012d9e4a46495a3aed48eef8ce75a69d001eaa28b4c38cb0f3c921909d,CORE CFIHOS V2.0 CSV/CFIHOS CORE CFIHOS object equivalent mapping v2.0.csv,2917,source_reference_record,source_reference_record_unreviewed
CFIHOS-70000181,POSC CAESAR,RDS2225141,real,True,sha256:a69b98012d9e4a46495a3aed48eef8ce75a69d001eaa28b4c38cb0f3c921909d,CORE CFIHOS V2.0 CSV/CFIHOS CORE CFIHOS object equivalent mapping v2.0.csv,2918,source_reference_record,source_reference_record_unreviewed
CFIHOS-70000182,POSC CAESAR,RDS2225106,real,True,sha256:a69b98012d9e4a46495a3aed48eef8ce75a69d001eaa28b4c38cb0f3c921909d,CORE CFIHOS V2.0 CSV/CFIHOS CORE CFIHOS object equivalent mapping v2.0.csv,2919,source_reference_record,source_reference_record_unreviewed
CFIHOS-70000186,POSC CAESAR,RDS331244,real,True,sha256:a69b98012d9e4a46495a3aed48eef8ce75a69d001eaa28b4c38cb0f3c921909d,CORE CFIHOS V2.0 CSV/CFIHOS CORE CFIHOS object equivalent mapping v2.0.csv,2920,source_reference_record,source_reference_record_unreviewed
CFIHOS-70000188,POSC CAESAR,RDS2225166,real,True,sha256:a69b98012d9e4a46495a3aed48eef8ce75a69d001eaa28b4c38cb0f3c921909d,CORE CFIHOS V2.0 CSV/CFIHOS CORE CFIHOS object equivalent mapping v2.0.csv,2921,source_reference_record,source_reference_record_unreviewed
CFIHOS-70000189,POSC CAESAR,RDS2225194,real,True,sha256:a69b98012d9e4a46495a3aed48eef8ce75a69d001eaa28b4c38cb0f3c921909d,CORE CFIHOS V2.0 CSV/CFIHOS CORE CFIHOS object equivalent mapping v2.0.csv,2922,source_reference_record,source_reference_record_unreviewed
CFIHOS-70000190,POSC CAESAR,RDS2225971,real,True,sha256:a69b98012d9e4a46495a3aed48eef8ce75a69d001eaa28b4c38cb0f3c921909d,CORE CFIHOS V2.0 CSV/CFIHOS CORE CFIHOS object equivalent mapping v2.0.csv,2923,source_reference_record,source_reference_record_unreviewed
CFIHOS-70000191,POSC CAESAR,RDS2225958,real,True,sha256:a69b98012d9e4a46495a3aed48eef8ce75a69d001eaa28b4c38cb0f3c921909d,CORE CFIHOS V2.0 CSV/CFIHOS CORE CFIHOS object equivalent mapping v2.0.csv,2924,source_reference_record,source_reference_record_unreviewed
CFIHOS-70000192,POSC CAESAR,RDS2225882,real,True,sha256:a69b98012d9e4a46495a3aed48eef8ce75a69d001eaa28b4c38cb0f3c921909d,CORE CFIHOS V2.0 CSV/CFIHOS CORE CFIHOS object equivalent mapping v2.0.csv,2925,source_reference_record,source_reference_record_unreviewed
CFIHOS-70000193,POSC CAESAR,RDS331559,real,True,sha256:a69b98012d9e4a46495a3aed48eef8ce75a69d001eaa28b4c38cb0f3c921909d,CORE CFIHOS V2.0 CSV/CFIHOS CORE CFIHOS object equivalent mapping v2.0.csv,2926,source_reference_record,source_reference_record_unreviewed
CFIHOS-70000196,POSC CAESAR,RDS331199,real,True,sha256:a69b98012d9e4a46495a3aed48eef8ce75a69d001eaa28b4c38cb0f3c921909d,CORE CFIHOS V2.0 CSV/CFIHOS CORE CFIHOS object equivalent mapping v2.0.csv,2927,source_reference_record,source_reference_record_unreviewed
CFIHOS-70000197,POSC CAESAR,RDS2224639,real,True,sha256:a69b98012d9e4a46495a3aed48eef8ce75a69d001eaa28b4c38cb0f3c921909d,CORE CFIHOS V2.0 CSV/CFIHOS CORE CFIHOS object equivalent mapping v2.0.csv,2928,source_reference_record,source_reference_record_unreviewed
CFIHOS-70000199,POSC CAESAR,RDS2225884,real,True,sha256:a69b98012d9e4a46495a3aed48eef8ce75a69d001eaa28b4c38cb0f3c921909d,CORE CFIHOS V2.0 CSV/CFIHOS CORE CFIHOS object equivalent mapping v2.0.csv,2929,source_reference_record,source_reference_record_unreviewed
CFIHOS-70000200,POSC CAESAR,RDS2224624,real,True,sha256:a69b98012d9e4a46495a3aed48eef8ce75a69d001eaa28b4c38cb0f3c921909d,CORE CFIHOS V2.0 CSV/CFIHOS CORE CFIHOS object equivalent mapping v2.0.csv,2930,source_reference_record,source_reference_record_unreviewed
CFIHOS-70000203,POSC CAESAR,RDS222244,real,True,sha256:a69b98012d9e4a46495a3aed48eef8ce75a69d001eaa28b4c38cb0f3c921909d,CORE CFIHOS V2.0 CSV/CFIHOS CORE CFIHOS object equivalent mapping v2.0.csv,2931,source_reference_record,source_reference_record_unreviewed
CFIHOS-70000204,POSC CAESAR,RDS2225885,real,True,sha256:a69b98012d9e4a46495a3aed48eef8ce75a69d001eaa28b4c38cb0f3c921909d,CORE CFIHOS V2.0 CSV/CFIHOS CORE CFIHOS object equivalent mapping v2.0.csv,2932,source_reference_record,source_reference_record_unreviewed
CFIHOS-70000205,POSC CAESAR,RDS331469,real,True,sha256:a69b98012d9e4a46495a3aed48eef8ce75a69d001eaa28b4c38cb0f3c921909d,CORE CFIHOS V2.0 CSV/CFIHOS CORE CFIHOS object equivalent mapping v2.0.csv,2933,source_reference_record,source_reference_record_unreviewed
CFIHOS-70000206,POSC CAESAR,RDS2225142,real,True,sha256:a69b98012d9e4a46495a3aed48eef8ce75a69d001eaa28b4c38cb0f3c921909d,CORE CFIHOS V2.0 CSV/CFIHOS CORE CFIHOS object equivalent mapping v2.0.csv,2934,source_reference_record,source_reference_record_unreviewed
CFIHOS-70000208,POSC CAESAR,RDS2225119,real,True,sha256:a69b98012d9e4a46495a3aed48eef8ce75a69d001eaa28b4c38cb0f3c921909d,CORE CFIHOS V2.0 CSV/CFIHOS CORE CFIHOS object equivalent mapping v2.0.csv,2935,source_reference_record,source_reference_record_unreviewed
CFIHOS-70000211,POSC CAESAR,RDS2228079,real,True,sha256:a69b98012d9e4a46495a3aed48eef8ce75a69d001eaa28b4c38cb0f3c921909d,CORE CFIHOS V2.0 CSV/CFIHOS CORE CFIHOS object equivalent mapping v2.0.csv,2936,source_reference_record,source_reference_record_unreviewed
CFIHOS-70000212,POSC CAESAR,RDS2228099,real,True,sha256:a69b98012d9e4a46495a3aed48eef8ce75a69d001eaa28b4c38cb0f3c921909d,CORE CFIHOS V2.0 CSV/CFIHOS CORE CFIHOS object equivalent mapping v2.0.csv,2937,source_reference_record,source_reference_record_unreviewed
CFIHOS-70000215,POSC CAESAR,RDS2224640,real,True,sha256:a69b98012d9e4a46495a3aed48eef8ce75a69d001eaa28b4c38cb0f3c921909d,CORE CFIHOS V2.0 CSV/CFIHOS CORE CFIHOS object equivalent mapping v2.0.csv,2938,source_reference_record,source_reference_record_unreviewed
CFIHOS-70000217,POSC CAESAR,RDS2225891,real,True,sha256:a69b98012d9e4a46495a3aed48eef8ce75a69d001eaa28b4c38cb0f3c921909d,CORE CFIHOS V2.0 CSV/CFIHOS CORE CFIHOS object equivalent mapping v2.0.csv,2939,source_reference_record,source_reference_record_unreviewed
CFIHOS-70000218,POSC CAESAR,RDS2225892,real,True,sha256:a69b98012d9e4a46495a3aed48eef8ce75a69d001eaa28b4c38cb0f3c921909d,CORE CFIHOS V2.0 CSV/CFIHOS CORE CFIHOS object equivalent mapping v2.0.csv,2940,source_reference_record,source_reference_record_unreviewed
CFIHOS-70000219,POSC CAESAR,RDS2225893,real,True,sha256:a69b98012d9e4a46495a3aed48eef8ce75a69d001eaa28b4c38cb0f3c921909d,CORE CFIHOS V2.0 CSV/CFIHOS CORE CFIHOS object equivalent mapping v2.0.csv,2941,source_reference_record,source_reference_record_unreviewed
CFIHOS-70000220,POSC CAESAR,RDS2225894,real,True,sha256:a69b98012d9e4a46495a3aed48eef8ce75a69d001eaa28b4c38cb0f3c921909d,CORE CFIHOS V2.0 CSV/CFIHOS CORE CFIHOS object equivalent mapping v2.0.csv,2942,source_reference_record,source_reference_record_unreviewed
CFIHOS-70000221,POSC CAESAR,RDS2225895,real,True,sha256:a69b98012d9e4a46495a3aed48eef8ce75a69d001eaa28b4c38cb0f3c921909d,CORE CFIHOS V2.0 CSV/CFIHOS CORE CFIHOS object equivalent mapping v2.0.csv,2943,source_reference_record,source_reference_record_unreviewed
CFIHOS-70000222,POSC CAESAR,RDS2225896,real,True,sha256:a69b98012d9e4a46495a3aed48eef8ce75a69d001eaa28b4c38cb0f3c921909d,CORE CFIHOS V2.0 CSV/CFIHOS CORE CFIHOS object equivalent mapping v2.0.csv,2944,source_reference_record,source_reference_record_unreviewed
CFIHOS-70000223,POSC CAESAR,RDS2225897,real,True,sha256:a69b98012d9e4a46495a3aed48eef8ce75a69d001eaa28b4c38cb0f3c921909d,CORE CFIHOS V2.0 CSV/CFIHOS CORE CFIHOS object equivalent mapping v2.0.csv,2945,source_reference_record,source_reference_record_unreviewed
CFIHOS-70000226,POSC CAESAR,RDS2225898,real,True,sha256:a69b98012d9e4a46495a3aed48eef8ce75a69d001eaa28b4c38cb0f3c921909d,CORE CFIHOS V2.0 CSV/CFIHOS CORE CFIHOS object equivalent mapping v2.0.csv,2946,source_reference_record,source_reference_record_unreviewed
CFIHOS-70000227,POSC CAESAR,RDS2225197,real,True,sha256:a69b98012d9e4a46495a3aed48eef8ce75a69d001eaa28b4c38cb0f3c921909d,CORE CFIHOS V2.0 CSV/CFIHOS CORE CFIHOS object equivalent mapping v2.0.csv,2947,source_reference_record,source_reference_record_unreviewed
CFIHOS-70000228,POSC CAESAR,RDS2225143,real,True,sha256:a69b98012d9e4a46495a3aed48eef8ce75a69d001eaa28b4c38cb0f3c921909d,CORE CFIHOS V2.0 CSV/CFIHOS CORE CFIHOS object equivalent mapping v2.0.csv,2948,source_reference_record,source_reference_record_unreviewed
CFIHOS-70000230,POSC CAESAR,RDS2224641,real,True,sha256:a69b98012d9e4a46495a3aed48eef8ce75a69d001eaa28b4c38cb0f3c921909d,CORE CFIHOS V2.0 CSV/CFIHOS CORE CFIHOS object equivalent mapping v2.0.csv,2949,source_reference_record,source_reference_record_unreviewed
CFIHOS-70000231,POSC CAESAR,RDS331694,real,True,sha256:a69b98012d9e4a46495a3aed48eef8ce75a69d001eaa28b4c38cb0f3c921909d,CORE CFIHOS V2.0 CSV/CFIHOS CORE CFIHOS object equivalent mapping v2.0.csv,2950,source_reference_record,source_reference_record_unreviewed
CFIHOS-70000232,POSC CAESAR,RDS2227320,real,True,sha256:a69b98012d9e4a46495a3aed48eef8ce75a69d001eaa28b4c38cb0f3c921909d,CORE CFIHOS V2.0 CSV/CFIHOS CORE CFIHOS object equivalent mapping v2.0.csv,2951,source_reference_record,source_reference_record_unreviewed
CFIHOS-70000233,POSC CAESAR,RDS2227321,real,True,sha256:a69b98012d9e4a46495a3aed48eef8ce75a69d001eaa28b4c38cb0f3c921909d,CORE CFIHOS V2.0 CSV/CFIHOS CORE CFIHOS object equivalent mapping v2.0.csv,2952,source_reference_record,source_reference_record_unreviewed
CFIHOS-70000234,POSC CAESAR,RDS2227322,real,True,sha256:a69b98012d9e4a46495a3aed48eef8ce75a69d001eaa28b4c38cb0f3c921909d,CORE CFIHOS V2.0 CSV/CFIHOS CORE CFIHOS object equivalent mapping v2.0.csv,2953,source_reference_record,source_reference_record_unreviewed
CFIHOS-70000237,POSC CAESAR,RDS339299,real,True,sha256:a69b98012d9e4a46495a3aed48eef8ce75a69d001eaa28b4c38cb0f3c921909d,CORE CFIHOS V2.0 CSV/CFIHOS CORE CFIHOS object equivalent mapping v2.0.csv,2954,source_reference_record,source_reference_record_unreviewed
CFIHOS-70000238,POSC CAESAR,RDS9690677,real,True,sha256:a69b98012d9e4a46495a3aed48eef8ce75a69d001eaa28b4c38cb0f3c921909d,CORE CFIHOS V2.0 CSV/CFIHOS CORE CFIHOS object equivalent mapping v2.0.csv,2955,source_reference_record,source_reference_record_unreviewed
CFIHOS-70000239,POSC CAESAR,RDS331829,real,True,sha256:a69b98012d9e4a46495a3aed48eef8ce75a69d001eaa28b4c38cb0f3c921909d,CORE CFIHOS V2.0 CSV/CFIHOS CORE CFIHOS object equivalent mapping v2.0.csv,2956,source_reference_record,source_reference_record_unreviewed
CFIHOS-70000243,POSC CAESAR,RDS11708198,real,True,sha256:a69b98012d9e4a46495a3aed48eef8ce75a69d001eaa28b4c38cb0f3c921909d,CORE CFIHOS V2.0 CSV/CFIHOS CORE CFIHOS object equivalent mapping v2.0.csv,2957,source_reference_record,source_reference_record_unreviewed
CFIHOS-70000244,POSC CAESAR,RDS222341,real,True,sha256:a69b98012d9e4a46495a3aed48eef8ce75a69d001eaa28b4c38cb0f3c921909d,CORE CFIHOS V2.0 CSV/CFIHOS CORE CFIHOS object equivalent mapping v2.0.csv,2958,source_reference_record,source_reference_record_unreviewed
CFIHOS-70000245,POSC CAESAR,RDS2227330,real,True,sha256:a69b98012d9e4a46495a3aed48eef8ce75a69d001eaa28b4c38cb0f3c921909d,CORE CFIHOS V2.0 CSV/CFIHOS CORE CFIHOS object equivalent mapping v2.0.csv,2959,source_reference_record,source_reference_record_unreviewed
CFIHOS-70000247,POSC CAESAR,RDS7950100,real,True,sha256:a69b98012d9e4a46495a3aed48eef8ce75a69d001eaa28b4c38cb0f3c921909d,CORE CFIHOS V2.0 CSV/CFIHOS CORE CFIHOS object equivalent mapping v2.0.csv,2960,source_reference_record,source_reference_record_unreviewed
CFIHOS-70000248,POSC CAESAR,RDS1012190851,real,True,sha256:a69b98012d9e4a46495a3aed48eef8ce75a69d001eaa28b4c38cb0f3c921909d,CORE CFIHOS V2.0 CSV/CFIHOS CORE CFIHOS object equivalent mapping v2.0.csv,2961,source_reference_record,source_reference_record_unreviewed
CFIHOS-70000249,POSC CAESAR,RDS2227564,real,True,sha256:a69b98012d9e4a46495a3aed48eef8ce75a69d001eaa28b4c38cb0f3c921909d,CORE CFIHOS V2.0 CSV/CFIHOS CORE CFIHOS object equivalent mapping v2.0.csv,2962,source_reference_record,source_reference_record_unreviewed
CFIHOS-70000251,POSC CAESAR,RDS2224662,real,True,sha256:a69b98012d9e4a46495a3aed48eef8ce75a69d001eaa28b4c38cb0f3c921909d,CORE CFIHOS V2.0 CSV/CFIHOS CORE CFIHOS object equivalent mapping v2.0.csv,2963,source_reference_record,source_reference_record_unreviewed
CFIHOS-70000253,POSC CAESAR,RDS2227323,real,True,sha256:a69b98012d9e4a46495a3aed48eef8ce75a69d001eaa28b4c38cb0f3c921909d,CORE CFIHOS V2.0 CSV/CFIHOS CORE CFIHOS object equivalent mapping v2.0.csv,2964,source_reference_record,source_reference_record_unreviewed
CFIHOS-70000255,POSC CAESAR,RDS7952931,real,True,sha256:a69b98012d9e4a46495a3aed48eef8ce75a69d001eaa28b4c38cb0f3c921909d,CORE CFIHOS V2.0 CSV/CFIHOS CORE CFIHOS object equivalent mapping v2.0.csv,2965,source_reference_record,source_reference_record_unreviewed
CFIHOS-70000256,POSC CAESAR,RDS7949582,real,True,sha256:a69b98012d9e4a46495a3aed48eef8ce75a69d001eaa28b4c38cb0f3c921909d,CORE CFIHOS V2.0 CSV/CFIHOS CORE CFIHOS object equivalent mapping v2.0.csv,2966,source_reference_record,source_reference_record_unreviewed
CFIHOS-70000257,POSC CAESAR,RDS11704013,real,True,sha256:a69b98012d9e4a46495a3aed48eef8ce75a69d001eaa28b4c38cb0f3c921909d,CORE CFIHOS V2.0 CSV/CFIHOS CORE CFIHOS object equivalent mapping v2.0.csv,2967,source_reference_record,source_reference_record_unreviewed
CFIHOS-70000258,POSC CAESAR,RDS2227560,real,True,sha256:a69b98012d9e4a46495a3aed48eef8ce75a69d001eaa28b4c38cb0f3c921909d,CORE CFIHOS V2.0 CSV/CFIHOS CORE CFIHOS object equivalent mapping v2.0.csv,2968,source_reference_record,source_reference_record_unreviewed
CFIHOS-70000259,POSC CAESAR,RDS337454,real,True,sha256:a69b98012d9e4a46495a3aed48eef8ce75a69d001eaa28b4c38cb0f3c921909d,CORE CFIHOS V2.0 CSV/CFIHOS CORE CFIHOS object equivalent mapping v2.0.csv,2969,source_reference_record,source_reference_record_unreviewed
CFIHOS-70000260,POSC CAESAR,RDS2227324,real,True,sha256:a69b98012d9e4a46495a3aed48eef8ce75a69d001eaa28b4c38cb0f3c921909d,CORE CFIHOS V2.0 CSV/CFIHOS CORE CFIHOS object equivalent mapping v2.0.csv,2970,source_reference_record,source_reference_record_unreviewed
CFIHOS-70000261,POSC CAESAR,RDS2227337,real,True,sha256:a69b98012d9e4a46495a3aed48eef8ce75a69d001eaa28b4c38cb0f3c921909d,CORE CFIHOS V2.0 CSV/CFIHOS CORE CFIHOS object equivalent mapping v2.0.csv,2971,source_reference_record,source_reference_record_unreviewed
CFIHOS-70000262,POSC CAESAR,RDS222246,real,True,sha256:a69b98012d9e4a46495a3aed48eef8ce75a69d001eaa28b4c38cb0f3c921909d,CORE CFIHOS V2.0 CSV/CFIHOS CORE CFIHOS object equivalent mapping v2.0.csv,2972,source_reference_record,source_reference_record_unreviewed
CFIHOS-70000264,POSC CAESAR,RDS222262,real,True,sha256:a69b98012d9e4a46495a3aed48eef8ce75a69d001eaa28b4c38cb0f3c921909d,CORE CFIHOS V2.0 CSV/CFIHOS CORE CFIHOS object equivalent mapping v2.0.csv,2973,source_reference_record,source_reference_record_unreviewed
CFIHOS-70000265,POSC CAESAR,RDS7951925,real,True,sha256:a69b98012d9e4a46495a3aed48eef8ce75a69d001eaa28b4c38cb0f3c921909d,CORE CFIHOS V2.0 CSV/CFIHOS CORE CFIHOS object equivalent mapping v2.0.csv,2974,source_reference_record,source_reference_record_unreviewed
CFIHOS-70000267,POSC CAESAR,RDS2227326,real,True,sha256:a69b98012d9e4a46495a3aed48eef8ce75a69d001eaa28b4c38cb0f3c921909d,CORE CFIHOS V2.0 CSV/CFIHOS CORE CFIHOS object equivalent mapping v2.0.csv,2975,source_reference_record,source_reference_record_unreviewed
CFIHOS-70000268,POSC CAESAR,RDS2221147,real,True,sha256:a69b98012d9e4a46495a3aed48eef8ce75a69d001eaa28b4c38cb0f3c921909d,CORE CFIHOS V2.0 CSV/CFIHOS CORE CFIHOS object equivalent mapping v2.0.csv,2976,source_reference_record,source_reference_record_unreviewed
CFIHOS-70000269,POSC CAESAR,RDS2225131,real,True,sha256:a69b98012d9e4a46495a3aed48eef8ce75a69d001eaa28b4c38cb0f3c921909d,CORE CFIHOS V2.0 CSV/CFIHOS CORE CFIHOS object equivalent mapping v2.0.csv,2977,source_reference_record,source_reference_record_unreviewed
CFIHOS-70000271,POSC CAESAR,RDS2225107,real,True,sha256:a69b98012d9e4a46495a3aed48eef8ce75a69d001eaa28b4c38cb0f3c921909d,CORE CFIHOS V2.0 CSV/CFIHOS CORE CFIHOS object equivalent mapping v2.0.csv,2978,source_reference_record,source_reference_record_unreviewed
CFIHOS-70000272,POSC CAESAR,RDS2225946,real,True,sha256:a69b98012d9e4a46495a3aed48eef8ce75a69d001eaa28b4c38cb0f3c921909d,CORE CFIHOS V2.0 CSV/CFIHOS CORE CFIHOS object equivalent mapping v2.0.csv,2979,source_reference_record,source_reference_record_unreviewed
CFIHOS-70000273,POSC CAESAR,RDS2225171,real,True,sha256:a69b98012d9e4a46495a3aed48eef8ce75a69d001eaa28b4c38cb0f3c921909d,CORE CFIHOS V2.0 CSV/CFIHOS CORE CFIHOS object equivalent mapping v2.0.csv,2980,source_reference_record,source_reference_record_unreviewed
CFIHOS-70000274,POSC CAESAR,RDS2225901,real,True,sha256:a69b98012d9e4a46495a3aed48eef8ce75a69d001eaa28b4c38cb0f3c921909d,CORE CFIHOS V2.0 CSV/CFIHOS CORE CFIHOS object equivalent mapping v2.0.csv,2981,source_reference_record,source_reference_record_unreviewed
CFIHOS-70000275,POSC CAESAR,RDS2225902,real,True,sha256:a69b98012d9e4a46495a3aed48eef8ce75a69d001eaa28b4c38cb0f3c921909d,CORE CFIHOS V2.0 CSV/CFIHOS CORE CFIHOS object equivalent mapping v2.0.csv,2982,source_reference_record,source_reference_record_unreviewed
CFIHOS-70000276,POSC CAESAR,RDS2225108,real,True,sha256:a69b98012d9e4a46495a3aed48eef8ce75a69d001eaa28b4c38cb0f3c921909d,CORE CFIHOS V2.0 CSV/CFIHOS CORE CFIHOS object equivalent mapping v2.0.csv,2983,source_reference_record,source_reference_record_unreviewed
CFIHOS-70000277,POSC CAESAR,RDS2225109,real,True,sha256:a69b98012d9e4a46495a3aed48eef8ce75a69d001eaa28b4c38cb0f3c921909d,CORE CFIHOS V2.0 CSV/CFIHOS CORE CFIHOS object equivalent mapping v2.0.csv,2984,source_reference_record,source_reference_record_unreviewed
CFIHOS-70000278,POSC CAESAR,RDS334124,real,True,sha256:a69b98012d9e4a46495a3aed48eef8ce75a69d001eaa28b4c38cb0f3c921909d,CORE CFIHOS V2.0 CSV/CFIHOS CORE CFIHOS object equivalent mapping v2.0.csv,2985,source_reference_record,source_reference_record_unreviewed
CFIHOS-70000280,POSC CAESAR,RDS2224625,real,True,sha256:a69b98012d9e4a46495a3aed48eef8ce75a69d001eaa28b4c38cb0f3c921909d,CORE CFIHOS V2.0 CSV/CFIHOS CORE CFIHOS object equivalent mapping v2.0.csv,2986,source_reference_record,source_reference_record_unreviewed
CFIHOS-70000283,POSC CAESAR,RDS2225904,real,True,sha256:a69b98012d9e4a46495a3aed48eef8ce75a69d001eaa28b4c38cb0f3c921909d,CORE CFIHOS V2.0 CSV/CFIHOS CORE CFIHOS object equivalent mapping v2.0.csv,2987,source_reference_record,source_reference_record_unreviewed
CFIHOS-70000284,POSC CAESAR,RDS2224630,real,True,sha256:a69b98012d9e4a46495a3aed48eef8ce75a69d001eaa28b4c38cb0f3c921909d,CORE CFIHOS V2.0 CSV/CFIHOS CORE CFIHOS object equivalent mapping v2.0.csv,2988,source_reference_record,source_reference_record_unreviewed
CFIHOS-70000286,POSC CAESAR,RDS2225811,real,True,sha256:a69b98012d9e4a46495a3aed48eef8ce75a69d001eaa28b4c38cb0f3c921909d,CORE CFIHOS V2.0 CSV/CFIHOS CORE CFIHOS object equivalent mapping v2.0.csv,2989,source_reference_record,source_reference_record_unreviewed
CFIHOS-70000287,POSC CAESAR,RDS2225905,real,True,sha256:a69b98012d9e4a46495a3aed48eef8ce75a69d001eaa28b4c38cb0f3c921909d,CORE CFIHOS V2.0 CSV/CFIHOS CORE CFIHOS object equivalent mapping v2.0.csv,2990,source_reference_record,source_reference_record_unreviewed
CFIHOS-70000289,POSC CAESAR,RDS2225151,real,True,sha256:a69b98012d9e4a46495a3aed48eef8ce75a69d001eaa28b4c38cb0f3c921909d,CORE CFIHOS V2.0 CSV/CFIHOS CORE CFIHOS object equivalent mapping v2.0.csv,2991,source_reference_record,source_reference_record_unreviewed
CFIHOS-70000290,POSC CAESAR,RDS2225906,real,True,sha256:a69b98012d9e4a46495a3aed48eef8ce75a69d001eaa28b4c38cb0f3c921909d,CORE CFIHOS V2.0 CSV/CFIHOS CORE CFIHOS object equivalent mapping v2.0.csv,2992,source_reference_record,source_reference_record_unreviewed
CFIHOS-70000292,POSC CAESAR,RDS329894,real,True,sha256:a69b98012d9e4a46495a3aed48eef8ce75a69d001eaa28b4c38cb0f3c921909d,CORE CFIHOS V2.0 CSV/CFIHOS CORE CFIHOS object equivalent mapping v2.0.csv,2993,source_reference_record,source_reference_record_unreviewed
CFIHOS-70000293,POSC CAESAR,RDS331109,real,True,sha256:a69b98012d9e4a46495a3aed48eef8ce75a69d001eaa28b4c38cb0f3c921909d,CORE CFIHOS V2.0 CSV/CFIHOS CORE CFIHOS object equivalent mapping v2.0.csv,2994,source_reference_record,source_reference_record_unreviewed
CFIHOS-70000295,POSC CAESAR,RDS2225081,real,True,sha256:a69b98012d9e4a46495a3aed48eef8ce75a69d001eaa28b4c38cb0f3c921909d,CORE CFIHOS V2.0 CSV/CFIHOS CORE CFIHOS object equivalent mapping v2.0.csv,2995,source_reference_record,source_reference_record_unreviewed
CFIHOS-70000298,POSC CAESAR,RDS2224649,real,True,sha256:a69b98012d9e4a46495a3aed48eef8ce75a69d001eaa28b4c38cb0f3c921909d,CORE CFIHOS V2.0 CSV/CFIHOS CORE CFIHOS object equivalent mapping v2.0.csv,2996,source_reference_record,source_reference_record_unreviewed
CFIHOS-70000299,POSC CAESAR,RDS2225965,real,True,sha256:a69b98012d9e4a46495a3aed48eef8ce75a69d001eaa28b4c38cb0f3c921909d,CORE CFIHOS V2.0 CSV/CFIHOS CORE CFIHOS object equivalent mapping v2.0.csv,2997,source_reference_record,source_reference_record_unreviewed
CFIHOS-70000300,POSC CAESAR,RDS337499,real,True,sha256:a69b98012d9e4a46495a3aed48eef8ce75a69d001eaa28b4c38cb0f3c921909d,CORE CFIHOS V2.0 CSV/CFIHOS CORE CFIHOS object equivalent mapping v2.0.csv,2998,source_reference_record,source_reference_record_unreviewed
CFIHOS-70000302,POSC CAESAR,RDS2225174,real,True,sha256:a69b98012d9e4a46495a3aed48eef8ce75a69d001eaa28b4c38cb0f3c921909d,CORE CFIHOS V2.0 CSV/CFIHOS CORE CFIHOS object equivalent mapping v2.0.csv,2999,source_reference_record,source_reference_record_unreviewed
CFIHOS-70000303,POSC CAESAR,RDS2225175,real,True,sha256:a69b98012d9e4a46495a3aed48eef8ce75a69d001eaa28b4c38cb0f3c921909d,CORE CFIHOS V2.0 CSV/CFIHOS CORE CFIHOS object equivalent mapping v2.0.csv,3000,source_reference_record,source_reference_record_unreviewed
CFIHOS-70000305,POSC CAESAR,RDS2225936,real,True,sha256:a69b98012d9e4a46495a3aed48eef8ce75a69d001eaa28b4c38cb0f3c921909d,CORE CFIHOS V2.0 CSV/CFIHOS CORE CFIHOS object equivalent mapping v2.0.csv,3001,source_reference_record,source_reference_record_unreviewed
CFIHOS-70000309,POSC CAESAR,RDS2225176,real,True,sha256:a69b98012d9e4a46495a3aed48eef8ce75a69d001eaa28b4c38cb0f3c921909d,CORE CFIHOS V2.0 CSV/CFIHOS CORE CFIHOS object equivalent mapping v2.0.csv,3002,source_reference_record,source_reference_record_unreviewed
CFIHOS-70000310,POSC CAESAR,RDS2225110,real,True,sha256:a69b98012d9e4a46495a3aed48eef8ce75a69d001eaa28b4c38cb0f3c921909d,CORE CFIHOS V2.0 CSV/CFIHOS CORE CFIHOS object equivalent mapping v2.0.csv,3003,source_reference_record,source_reference_record_unreviewed
CFIHOS-70000312,POSC CAESAR,RDS2228059,real,True,sha256:a69b98012d9e4a46495a3aed48eef8ce75a69d001eaa28b4c38cb0f3c921909d,CORE CFIHOS V2.0 CSV/CFIHOS CORE CFIHOS object equivalent mapping v2.0.csv,3004,source_reference_record,source_reference_record_unreviewed
CFIHOS-70000313,POSC CAESAR,RDS2228060,real,True,sha256:a69b98012d9e4a46495a3aed48eef8ce75a69d001eaa28b4c38cb0f3c921909d,CORE CFIHOS V2.0 CSV/CFIHOS CORE CFIHOS object equivalent mapping v2.0.csv,3005,source_reference_record,source_reference_record_unreviewed
CFIHOS-70000315,POSC CAESAR,RDS2225911,real,True,sha256:a69b98012d9e4a46495a3aed48eef8ce75a69d001eaa28b4c38cb0f3c921909d,CORE CFIHOS V2.0 CSV/CFIHOS CORE CFIHOS object equivalent mapping v2.0.csv,3006,source_reference_record,source_reference_record_unreviewed
CFIHOS-70000317,POSC CAESAR,RDS2224651,real,True,sha256:a69b98012d9e4a46495a3aed48eef8ce75a69d001eaa28b4c38cb0f3c921909d,CORE CFIHOS V2.0 CSV/CFIHOS CORE CFIHOS object equivalent mapping v2.0.csv,3007,source_reference_record,source_reference_record_unreviewed
CFIHOS-70000318,POSC CAESAR,RDS2225912,real,True,sha256:a69b98012d9e4a46495a3aed48eef8ce75a69d001eaa28b4c38cb0f3c921909d,CORE CFIHOS V2.0 CSV/CFIHOS CORE CFIHOS object equivalent mapping v2.0.csv,3008,source_reference_record,source_reference_record_unreviewed
CFIHOS-70000319,POSC CAESAR,RDS2224650,real,True,sha256:a69b98012d9e4a46495a3aed48eef8ce75a69d001eaa28b4c38cb0f3c921909d,CORE CFIHOS V2.0 CSV/CFIHOS CORE CFIHOS object equivalent mapping v2.0.csv,3009,source_reference_record,source_reference_record_unreviewed
CFIHOS-70000320,POSC CAESAR,RDS2224642,real,True,sha256:a69b98012d9e4a46495a3aed48eef8ce75a69d001eaa28b4c38cb0f3c921909d,CORE CFIHOS V2.0 CSV/CFIHOS CORE CFIHOS object equivalent mapping v2.0.csv,3010,source_reference_record,source_reference_record_unreviewed
CFIHOS-70000321,POSC CAESAR,RDS2225111,real,True,sha256:a69b98012d9e4a46495a3aed48eef8ce75a69d001eaa28b4c38cb0f3c921909d,CORE CFIHOS V2.0 CSV/CFIHOS CORE CFIHOS object equivalent mapping v2.0.csv,3011,source_reference_record,source_reference_record_unreviewed
CFIHOS-70000322,POSC CAESAR,RDS2225914,real,True,sha256:a69b98012d9e4a46495a3aed48eef8ce75a69d001eaa28b4c38cb0f3c921909d,CORE CFIHOS V2.0 CSV/CFIHOS CORE CFIHOS object equivalent mapping v2.0.csv,3012,source_reference_record,source_reference_record_unreviewed
CFIHOS-70000323,POSC CAESAR,RDS2225150,real,True,sha256:a69b98012d9e4a46495a3aed48eef8ce75a69d001eaa28b4c38cb0f3c921909d,CORE CFIHOS V2.0 CSV/CFIHOS CORE CFIHOS object equivalent mapping v2.0.csv,3013,source_reference_record,source_reference_record_unreviewed
CFIHOS-70000324,POSC CAESAR,RDS2224643,real,True,sha256:a69b98012d9e4a46495a3aed48eef8ce75a69d001eaa28b4c38cb0f3c921909d,CORE CFIHOS V2.0 CSV/CFIHOS CORE CFIHOS object equivalent mapping v2.0.csv,3014,source_reference_record,source_reference_record_unreviewed
CFIHOS-70000325,POSC CAESAR,RDS2228082,real,True,sha256:a69b98012d9e4a46495a3aed48eef8ce75a69d001eaa28b4c38cb0f3c921909d,CORE CFIHOS V2.0 CSV/CFIHOS CORE CFIHOS object equivalent mapping v2.0.csv,3015,source_reference_record,source_reference_record_unreviewed
CFIHOS-70000327,POSC CAESAR,RDS2225112,real,True,sha256:a69b98012d9e4a46495a3aed48eef8ce75a69d001eaa28b4c38cb0f3c921909d,CORE CFIHOS V2.0 CSV/CFIHOS CORE CFIHOS object equivalent mapping v2.0.csv,3016,source_reference_record,source_reference_record_unreviewed
CFIHOS-70000328,POSC CAESAR,RDS7952620,real,True,sha256:a69b98012d9e4a46495a3aed48eef8ce75a69d001eaa28b4c38cb0f3c921909d,CORE CFIHOS V2.0 CSV/CFIHOS CORE CFIHOS object equivalent mapping v2.0.csv,3017,source_reference_record,source_reference_record_unreviewed
CFIHOS-70000330,POSC CAESAR,RDS2224617,real,True,sha256:a69b98012d9e4a46495a3aed48eef8ce75a69d001eaa28b4c38cb0f3c921909d,CORE CFIHOS V2.0 CSV/CFIHOS CORE CFIHOS object equivalent mapping v2.0.csv,3018,source_reference_record,source_reference_record_unreviewed
CFIHOS-70000331,POSC CAESAR,RDS2225092,real,True,sha256:a69b98012d9e4a46495a3aed48eef8ce75a69d001eaa28b4c38cb0f3c921909d,CORE CFIHOS V2.0 CSV/CFIHOS CORE CFIHOS object equivalent mapping v2.0.csv,3019,source_reference_record,source_reference_record_unreviewed
CFIHOS-70000333,POSC CAESAR,RDS2225937,real,True,sha256:a69b98012d9e4a46495a3aed48eef8ce75a69d001eaa28b4c38cb0f3c921909d,CORE CFIHOS V2.0 CSV/CFIHOS CORE CFIHOS object equivalent mapping v2.0.csv,3020,source_reference_record,source_reference_record_unreviewed
CFIHOS-70000334,POSC CAESAR,RDS2224645,real,True,sha256:a69b98012d9e4a46495a3aed48eef8ce75a69d001eaa28b4c38cb0f3c921909d,CORE CFIHOS V2.0 CSV/CFIHOS CORE CFIHOS object equivalent mapping v2.0.csv,3021,source_reference_record,source_reference_record_unreviewed
CFIHOS-70000335,POSC CAESAR,RDS2228056,real,True,sha256:a69b98012d9e4a46495a3aed48eef8ce75a69d001eaa28b4c38cb0f3c921909d,CORE CFIHOS V2.0 CSV/CFIHOS CORE CFIHOS object equivalent mapping v2.0.csv,3022,source_reference_record,source_reference_record_unreviewed
CFIHOS-70000337,POSC CAESAR,RDS2225137,real,True,sha256:a69b98012d9e4a46495a3aed48eef8ce75a69d001eaa28b4c38cb0f3c921909d,CORE CFIHOS V2.0 CSV/CFIHOS CORE CFIHOS object equivalent mapping v2.0.csv,3023,source_reference_record,source_reference_record_unreviewed
CFIHOS-70000338,POSC CAESAR,RDS2225146,real,True,sha256:a69b98012d9e4a46495a3aed48eef8ce75a69d001eaa28b4c38cb0f3c921909d,CORE CFIHOS V2.0 CSV/CFIHOS CORE CFIHOS object equivalent mapping v2.0.csv,3024,source_reference_record,source_reference_record_unreviewed
CFIHOS-70000339,POSC CAESAR,RDS2225170,real,True,sha256:a69b98012d9e4a46495a3aed48eef8ce75a69d001eaa28b4c38cb0f3c921909d,CORE CFIHOS V2.0 CSV/CFIHOS CORE CFIHOS object equivalent mapping v2.0.csv,3025,source_reference_record,source_reference_record_unreviewed
CFIHOS-70000340,POSC CAESAR,RDS2225925,real,True,sha256:a69b98012d9e4a46495a3aed48eef8ce75a69d001eaa28b4c38cb0f3c921909d,CORE CFIHOS V2.0 CSV/CFIHOS CORE CFIHOS object equivalent mapping v2.0.csv,3026,source_reference_record,source_reference_record_unreviewed
CFIHOS-70000342,POSC CAESAR,RDS2225117,real,True,sha256:a69b98012d9e4a46495a3aed48eef8ce75a69d001eaa28b4c38cb0f3c921909d,CORE CFIHOS V2.0 CSV/CFIHOS CORE CFIHOS object equivalent mapping v2.0.csv,3027,source_reference_record,source_reference_record_unreviewed
CFIHOS-70000343,POSC CAESAR,RDS2225118,real,True,sha256:a69b98012d9e4a46495a3aed48eef8ce75a69d001eaa28b4c38cb0f3c921909d,CORE CFIHOS V2.0 CSV/CFIHOS CORE CFIHOS object equivalent mapping v2.0.csv,3028,source_reference_record,source_reference_record_unreviewed
CFIHOS-70000346,POSC CAESAR,RDS2224621,real,True,sha256:a69b98012d9e4a46495a3aed48eef8ce75a69d001eaa28b4c38cb0f3c921909d,CORE CFIHOS V2.0 CSV/CFIHOS CORE CFIHOS object equivalent mapping v2.0.csv,3029,source_reference_record,source_reference_record_unreviewed
CFIHOS-70000347,POSC CAESAR,RDS11709863,real,True,sha256:a69b98012d9e4a46495a3aed48eef8ce75a69d001eaa28b4c38cb0f3c921909d,CORE CFIHOS V2.0 CSV/CFIHOS CORE CFIHOS object equivalent mapping v2.0.csv,3030,source_reference_record,source_reference_record_unreviewed
CFIHOS-70000349,POSC CAESAR,RDS2225960,real,True,sha256:a69b98012d9e4a46495a3aed48eef8ce75a69d001eaa28b4c38cb0f3c921909d,CORE CFIHOS V2.0 CSV/CFIHOS CORE CFIHOS object equivalent mapping v2.0.csv,3031,source_reference_record,source_reference_record_unreviewed
CFIHOS-70000351,POSC CAESAR,RDS2225929,real,True,sha256:a69b98012d9e4a46495a3aed48eef8ce75a69d001eaa28b4c38cb0f3c921909d,CORE CFIHOS V2.0 CSV/CFIHOS CORE CFIHOS object equivalent mapping v2.0.csv,3032,source_reference_record,source_reference_record_unreviewed
CFIHOS-70000352,POSC CAESAR,RDS2225930,real,True,sha256:a69b98012d9e4a46495a3aed48eef8ce75a69d001eaa28b4c38cb0f3c921909d,CORE CFIHOS V2.0 CSV/CFIHOS CORE CFIHOS object equivalent mapping v2.0.csv,3033,source_reference_record,source_reference_record_unreviewed
CFIHOS-70000353,POSC CAESAR,RDS2225963,real,True,sha256:a69b98012d9e4a46495a3aed48eef8ce75a69d001eaa28b4c38cb0f3c921909d,CORE CFIHOS V2.0 CSV/CFIHOS CORE CFIHOS object equivalent mapping v2.0.csv,3034,source_reference_record,source_reference_record_unreviewed
CFIHOS-70000354,POSC CAESAR,RDS2225178,real,True,sha256:a69b98012d9e4a46495a3aed48eef8ce75a69d001eaa28b4c38cb0f3c921909d,CORE CFIHOS V2.0 CSV/CFIHOS CORE CFIHOS object equivalent mapping v2.0.csv,3035,source_reference_record,source_reference_record_unreviewed
CFIHOS-70000357,POSC CAESAR,RDS2228063,real,True,sha256:a69b98012d9e4a46495a3aed48eef8ce75a69d001eaa28b4c38cb0f3c921909d,CORE CFIHOS V2.0 CSV/CFIHOS CORE CFIHOS object equivalent mapping v2.0.csv,3036,source_reference_record,source_reference_record_unreviewed
CFIHOS-70000358,POSC CAESAR,RDS2224658,real,True,sha256:a69b98012d9e4a46495a3aed48eef8ce75a69d001eaa28b4c38cb0f3c921909d,CORE CFIHOS V2.0 CSV/CFIHOS CORE CFIHOS object equivalent mapping v2.0.csv,3037,source_reference_record,source_reference_record_unreviewed
CFIHOS-70000359,POSC CAESAR,RDS2225931,real,True,sha256:a69b98012d9e4a46495a3aed48eef8ce75a69d001eaa28b4c38cb0f3c921909d,CORE CFIHOS V2.0 CSV/CFIHOS CORE CFIHOS object equivalent mapping v2.0.csv,3038,source_reference_record,source_reference_record_unreviewed
CFIHOS-70000360,POSC CAESAR,RDS2225147,real,True,sha256:a69b98012d9e4a46495a3aed48eef8ce75a69d001eaa28b4c38cb0f3c921909d,CORE CFIHOS V2.0 CSV/CFIHOS CORE CFIHOS object equivalent mapping v2.0.csv,3039,source_reference_record,source_reference_record_unreviewed
CFIHOS-70000362,POSC CAESAR,RDS2225093,real,True,sha256:a69b98012d9e4a46495a3aed48eef8ce75a69d001eaa28b4c38cb0f3c921909d,CORE CFIHOS V2.0 CSV/CFIHOS CORE CFIHOS object equivalent mapping v2.0.csv,3040,source_reference_record,source_reference_record_unreviewed
CFIHOS-70000363,POSC CAESAR,RDS2224629,real,True,sha256:a69b98012d9e4a46495a3aed48eef8ce75a69d001eaa28b4c38cb0f3c921909d,CORE CFIHOS V2.0 CSV/CFIHOS CORE CFIHOS object equivalent mapping v2.0.csv,3041,source_reference_record,source_reference_record_unreviewed
CFIHOS-70000365,POSC CAESAR,RDS2225179,real,True,sha256:a69b98012d9e4a46495a3aed48eef8ce75a69d001eaa28b4c38cb0f3c921909d,CORE CFIHOS V2.0 CSV/CFIHOS CORE CFIHOS object equivalent mapping v2.0.csv,3042,source_reference_record,source_reference_record_unreviewed
CFIHOS-70000366,POSC CAESAR,RDS2225956,real,True,sha256:a69b98012d9e4a46495a3aed48eef8ce75a69d001eaa28b4c38cb0f3c921909d,CORE CFIHOS V2.0 CSV/CFIHOS CORE CFIHOS object equivalent mapping v2.0.csv,3043,source_reference_record,source_reference_record_unreviewed
CFIHOS-70000367,POSC CAESAR,RDS2225091,real,True,sha256:a69b98012d9e4a46495a3aed48eef8ce75a69d001eaa28b4c38cb0f3c921909d,CORE CFIHOS V2.0 CSV/CFIHOS CORE CFIHOS object equivalent mapping v2.0.csv,3044,source_reference_record,source_reference_record_unreviewed
CFIHOS-70000368,POSC CAESAR,RDS2225917,real,True,sha256:a69b98012d9e4a46495a3aed48eef8ce75a69d001eaa28b4c38cb0f3c921909d,CORE CFIHOS V2.0 CSV/CFIHOS CORE CFIHOS object equivalent mapping v2.0.csv,3045,source_reference_record,source_reference_record_unreviewed
CFIHOS-70000369,POSC CAESAR,RDS2224656,real,True,sha256:a69b98012d9e4a46495a3aed48eef8ce75a69d001eaa28b4c38cb0f3c921909d,CORE CFIHOS V2.0 CSV/CFIHOS CORE CFIHOS object equivalent mapping v2.0.csv,3046,source_reference_record,source_reference_record_unreviewed
CFIHOS-70000370,POSC CAESAR,RDS2224652,real,True,sha256:a69b98012d9e4a46495a3aed48eef8ce75a69d001eaa28b4c38cb0f3c921909d,CORE CFIHOS V2.0 CSV/CFIHOS CORE CFIHOS object equivalent mapping v2.0.csv,3047,source_reference_record,source_reference_record_unreviewed
CFIHOS-70000371,POSC CAESAR,RDS345959,real,True,sha256:a69b98012d9e4a46495a3aed48eef8ce75a69d001eaa28b4c38cb0f3c921909d,CORE CFIHOS V2.0 CSV/CFIHOS CORE CFIHOS object equivalent mapping v2.0.csv,3048,source_reference_record,source_reference_record_unreviewed
CFIHOS-70000372,POSC CAESAR,RDS2225918,real,True,sha256:a69b98012d9e4a46495a3aed48eef8ce75a69d001eaa28b4c38cb0f3c921909d,CORE CFIHOS V2.0 CSV/CFIHOS CORE CFIHOS object equivalent mapping v2.0.csv,3049,source_reference_record,source_reference_record_unreviewed
CFIHOS-70000373,POSC CAESAR,RDS335789,real,True,sha256:a69b98012d9e4a46495a3aed48eef8ce75a69d001eaa28b4c38cb0f3c921909d,CORE CFIHOS V2.0 CSV/CFIHOS CORE CFIHOS object equivalent mapping v2.0.csv,3050,source_reference_record,source_reference_record_unreviewed
CFIHOS-70000374,POSC CAESAR,RDS2225132,real,True,sha256:a69b98012d9e4a46495a3aed48eef8ce75a69d001eaa28b4c38cb0f3c921909d,CORE CFIHOS V2.0 CSV/CFIHOS CORE CFIHOS object equivalent mapping v2.0.csv,3051,source_reference_record,source_reference_record_unreviewed
CFIHOS-70000375,POSC CAESAR,RDS2224644,real,True,sha256:a69b98012d9e4a46495a3aed48eef8ce75a69d001eaa28b4c38cb0f3c921909d,CORE CFIHOS V2.0 CSV/CFIHOS CORE CFIHOS object equivalent mapping v2.0.csv,3052,source_reference_record,source_reference_record_unreviewed
CFIHOS-70000376,POSC CAESAR,RDS2224653,real,True,sha256:a69b98012d9e4a46495a3aed48eef8ce75a69d001eaa28b4c38cb0f3c921909d,CORE CFIHOS V2.0 CSV/CFIHOS CORE CFIHOS object equivalent mapping v2.0.csv,3053,source_reference_record,source_reference_record_unreviewed
CFIHOS-70000377,POSC CAESAR,RDS2225113,real,True,sha256:a69b98012d9e4a46495a3aed48eef8ce75a69d001eaa28b4c38cb0f3c921909d,CORE CFIHOS V2.0 CSV/CFIHOS CORE CFIHOS object equivalent mapping v2.0.csv,3054,source_reference_record,source_reference_record_unreviewed
CFIHOS-70000378,POSC CAESAR,RDS2228062,real,True,sha256:a69b98012d9e4a46495a3aed48eef8ce75a69d001eaa28b4c38cb0f3c921909d,CORE CFIHOS V2.0 CSV/CFIHOS CORE CFIHOS object equivalent mapping v2.0.csv,3055,source_reference_record,source_reference_record_unreviewed
CFIHOS-70000379,POSC CAESAR,RDS2225114,real,True,sha256:a69b98012d9e4a46495a3aed48eef8ce75a69d001eaa28b4c38cb0f3c921909d,CORE CFIHOS V2.0 CSV/CFIHOS CORE CFIHOS object equivalent mapping v2.0.csv,3056,source_reference_record,source_reference_record_unreviewed
CFIHOS-70000382,POSC CAESAR,RDS2225115,real,True,sha256:a69b98012d9e4a46495a3aed48eef8ce75a69d001eaa28b4c38cb0f3c921909d,CORE CFIHOS V2.0 CSV/CFIHOS CORE CFIHOS object equivalent mapping v2.0.csv,3057,source_reference_record,source_reference_record_unreviewed
CFIHOS-70000384,POSC CAESAR,RDS2225813,real,True,sha256:a69b98012d9e4a46495a3aed48eef8ce75a69d001eaa28b4c38cb0f3c921909d,CORE CFIHOS V2.0 CSV/CFIHOS CORE CFIHOS object equivalent mapping v2.0.csv,3058,source_reference_record,source_reference_record_unreviewed
CFIHOS-70000386,POSC CAESAR,RDS2224626,real,True,sha256:a69b98012d9e4a46495a3aed48eef8ce75a69d001eaa28b4c38cb0f3c921909d,CORE CFIHOS V2.0 CSV/CFIHOS CORE CFIHOS object equivalent mapping v2.0.csv,3059,source_reference_record,source_reference_record_unreviewed
CFIHOS-70000388,POSC CAESAR,RDS2225922,real,True,sha256:a69b98012d9e4a46495a3aed48eef8ce75a69d001eaa28b4c38cb0f3c921909d,CORE CFIHOS V2.0 CSV/CFIHOS CORE CFIHOS object equivalent mapping v2.0.csv,3060,source_reference_record,source_reference_record_unreviewed
CFIHOS-70000389,POSC CAESAR,RDS2225962,real,True,sha256:a69b98012d9e4a46495a3aed48eef8ce75a69d001eaa28b4c38cb0f3c921909d,CORE CFIHOS V2.0 CSV/CFIHOS CORE CFIHOS object equivalent mapping v2.0.csv,3061,source_reference_record,source_reference_record_unreviewed
CFIHOS-70000390,POSC CAESAR,RDS2225152,real,True,sha256:a69b98012d9e4a46495a3aed48eef8ce75a69d001eaa28b4c38cb0f3c921909d,CORE CFIHOS V2.0 CSV/CFIHOS CORE CFIHOS object equivalent mapping v2.0.csv,3062,source_reference_record,source_reference_record_unreviewed
CFIHOS-70000392,POSC CAESAR,RDS2225923,real,True,sha256:a69b98012d9e4a46495a3aed48eef8ce75a69d001eaa28b4c38cb0f3c921909d,CORE CFIHOS V2.0 CSV/CFIHOS CORE CFIHOS object equivalent mapping v2.0.csv,3063,source_reference_record,source_reference_record_unreviewed
CFIHOS-70000394,POSC CAESAR,RDS222358,real,True,sha256:a69b98012d9e4a46495a3aed48eef8ce75a69d001eaa28b4c38cb0f3c921909d,CORE CFIHOS V2.0 CSV/CFIHOS CORE CFIHOS object equivalent mapping v2.0.csv,3064,source_reference_record,source_reference_record_unreviewed
CFIHOS-70000395,POSC CAESAR,RDS222359,real,True,sha256:a69b98012d9e4a46495a3aed48eef8ce75a69d001eaa28b4c38cb0f3c921909d,CORE CFIHOS V2.0 CSV/CFIHOS CORE CFIHOS object equivalent mapping v2.0.csv,3065,source_reference_record,source_reference_record_unreviewed
CFIHOS-70000399,POSC CAESAR,RDS222282,real,True,sha256:a69b98012d9e4a46495a3aed48eef8ce75a69d001eaa28b4c38cb0f3c921909d,CORE CFIHOS V2.0 CSV/CFIHOS CORE CFIHOS object equivalent mapping v2.0.csv,3066,source_reference_record,source_reference_record_unreviewed
CFIHOS-70000401,POSC CAESAR,RDS332234,real,True,sha256:a69b98012d9e4a46495a3aed48eef8ce75a69d001eaa28b4c38cb0f3c921909d,CORE CFIHOS V2.0 CSV/CFIHOS CORE CFIHOS object equivalent mapping v2.0.csv,3067,source_reference_record,source_reference_record_unreviewed
CFIHOS-70000403,POSC CAESAR,RDS222328,real,True,sha256:a69b98012d9e4a46495a3aed48eef8ce75a69d001eaa28b4c38cb0f3c921909d,CORE CFIHOS V2.0 CSV/CFIHOS CORE CFIHOS object equivalent mapping v2.0.csv,3068,source_reference_record,source_reference_record_unreviewed
CFIHOS-70000404,POSC CAESAR,RDS11704418,real,True,sha256:a69b98012d9e4a46495a3aed48eef8ce75a69d001eaa28b4c38cb0f3c921909d,CORE CFIHOS V2.0 CSV/CFIHOS CORE CFIHOS object equivalent mapping v2.0.csv,3069,source_reference_record,source_reference_record_unreviewed
CFIHOS-70000405,POSC CAESAR,RDS2225948,real,True,sha256:a69b98012d9e4a46495a3aed48eef8ce75a69d001eaa28b4c38cb0f3c921909d,CORE CFIHOS V2.0 CSV/CFIHOS CORE CFIHOS object equivalent mapping v2.0.csv,3070,source_reference_record,source_reference_record_unreviewed
CFIHOS-70000406,POSC CAESAR,RDS332864,real,True,sha256:a69b98012d9e4a46495a3aed48eef8ce75a69d001eaa28b4c38cb0f3c921909d,CORE CFIHOS V2.0 CSV/CFIHOS CORE CFIHOS object equivalent mapping v2.0.csv,3071,source_reference_record,source_reference_record_unreviewed
CFIHOS-70000407,POSC CAESAR,RDS11703743,real,True,sha256:a69b98012d9e4a46495a3aed48eef8ce75a69d001eaa28b4c38cb0f3c921909d,CORE CFIHOS V2.0 CSV/CFIHOS CORE CFIHOS object equivalent mapping v2.0.csv,3072,source_reference_record,source_reference_record_unreviewed
CFIHOS-70000408,POSC CAESAR,RDS2225952,real,True,sha256:a69b98012d9e4a46495a3aed48eef8ce75a69d001eaa28b4c38cb0f3c921909d,CORE CFIHOS V2.0 CSV/CFIHOS CORE CFIHOS object equivalent mapping v2.0.csv,3073,source_reference_record,source_reference_record_unreviewed
CFIHOS-70000409,POSC CAESAR,RDS331514,real,True,sha256:a69b98012d9e4a46495a3aed48eef8ce75a69d001eaa28b4c38cb0f3c921909d,CORE CFIHOS V2.0 CSV/CFIHOS CORE CFIHOS object equivalent mapping v2.0.csv,3074,source_reference_record,source_reference_record_unreviewed
CFIHOS-70000410,POSC CAESAR,RDS2227331,real,True,sha256:a69b98012d9e4a46495a3aed48eef8ce75a69d001eaa28b4c38cb0f3c921909d,CORE CFIHOS V2.0 CSV/CFIHOS CORE CFIHOS object equivalent mapping v2.0.csv,3075,source_reference_record,source_reference_record_unreviewed
CFIHOS-70000411,POSC CAESAR,RDS2224619,real,True,sha256:a69b98012d9e4a46495a3aed48eef8ce75a69d001eaa28b4c38cb0f3c921909d,CORE CFIHOS V2.0 CSV/CFIHOS CORE CFIHOS object equivalent mapping v2.0.csv,3076,source_reference_record,source_reference_record_unreviewed
CFIHOS-70000412,POSC CAESAR,RDS7507037,real,True,sha256:a69b98012d9e4a46495a3aed48eef8ce75a69d001eaa28b4c38cb0f3c921909d,CORE CFIHOS V2.0 CSV/CFIHOS CORE CFIHOS object equivalent mapping v2.0.csv,3077,source_reference_record,source_reference_record_unreviewed
CFIHOS-70000413,POSC CAESAR,RDS2224615,real,True,sha256:a69b98012d9e4a46495a3aed48eef8ce75a69d001eaa28b4c38cb0f3c921909d,CORE CFIHOS V2.0 CSV/CFIHOS CORE CFIHOS object equivalent mapping v2.0.csv,3078,source_reference_record,source_reference_record_unreviewed
CFIHOS-70000414,POSC CAESAR,RDS2227327,real,True,sha256:a69b98012d9e4a46495a3aed48eef8ce75a69d001eaa28b4c38cb0f3c921909d,CORE CFIHOS V2.0 CSV/CFIHOS CORE CFIHOS object equivalent mapping v2.0.csv,3079,source_reference_record,source_reference_record_unreviewed
CFIHOS-70000415,POSC CAESAR,RDS2227328,real,True,sha256:a69b98012d9e4a46495a3aed48eef8ce75a69d001eaa28b4c38cb0f3c921909d,CORE CFIHOS V2.0 CSV/CFIHOS CORE CFIHOS object equivalent mapping v2.0.csv,3080,source_reference_record,source_reference_record_unreviewed
CFIHOS-70000416,POSC CAESAR,RDS2227329,real,True,sha256:a69b98012d9e4a46495a3aed48eef8ce75a69d001eaa28b4c38cb0f3c921909d,CORE CFIHOS V2.0 CSV/CFIHOS CORE CFIHOS object equivalent mapping v2.0.csv,3081,source_reference_record,source_reference_record_unreviewed
CFIHOS-70000417,POSC CAESAR,RDS2228075,real,True,sha256:a69b98012d9e4a46495a3aed48eef8ce75a69d001eaa28b4c38cb0f3c921909d,CORE CFIHOS V2.0 CSV/CFIHOS CORE CFIHOS object equivalent mapping v2.0.csv,3082,source_reference_record,source_reference_record_unreviewed
CFIHOS-70000418,POSC CAESAR,RDS222243,real,True,sha256:a69b98012d9e4a46495a3aed48eef8ce75a69d001eaa28b4c38cb0f3c921909d,CORE CFIHOS V2.0 CSV/CFIHOS CORE CFIHOS object equivalent mapping v2.0.csv,3083,source_reference_record,source_reference_record_unreviewed
CFIHOS-70000419,POSC CAESAR,RDS2227333,real,True,sha256:a69b98012d9e4a46495a3aed48eef8ce75a69d001eaa28b4c38cb0f3c921909d,CORE CFIHOS V2.0 CSV/CFIHOS CORE CFIHOS object equivalent mapping v2.0.csv,3084,source_reference_record,source_reference_record_unreviewed
CFIHOS-70000420,POSC CAESAR,RDS2224614,real,True,sha256:a69b98012d9e4a46495a3aed48eef8ce75a69d001eaa28b4c38cb0f3c921909d,CORE CFIHOS V2.0 CSV/CFIHOS CORE CFIHOS object equivalent mapping v2.0.csv,3085,source_reference_record,source_reference_record_unreviewed
CFIHOS-70000421,POSC CAESAR,RDS333944,real,True,sha256:a69b98012d9e4a46495a3aed48eef8ce75a69d001eaa28b4c38cb0f3c921909d,CORE CFIHOS V2.0 CSV/CFIHOS CORE CFIHOS object equivalent mapping v2.0.csv,3086,source_reference_record,source_reference_record_unreviewed
CFIHOS-70000422,POSC CAESAR,RDS2227332,real,True,sha256:a69b98012d9e4a46495a3aed48eef8ce75a69d001eaa28b4c38cb0f3c921909d,CORE CFIHOS V2.0 CSV/CFIHOS CORE CFIHOS object equivalent mapping v2.0.csv,3087,source_reference_record,source_reference_record_unreviewed
CFIHOS-70000423,POSC CAESAR,RDS2227334,real,True,sha256:a69b98012d9e4a46495a3aed48eef8ce75a69d001eaa28b4c38cb0f3c921909d,CORE CFIHOS V2.0 CSV/CFIHOS CORE CFIHOS object equivalent mapping v2.0.csv,3088,source_reference_record,source_reference_record_unreviewed
CFIHOS-70000424,POSC CAESAR,RDS2227335,real,True,sha256:a69b98012d9e4a46495a3aed48eef8ce75a69d001eaa28b4c38cb0f3c921909d,CORE CFIHOS V2.0 CSV/CFIHOS CORE CFIHOS object equivalent mapping v2.0.csv,3089,source_reference_record,source_reference_record_unreviewed
CFIHOS-70000425,POSC CAESAR,RDS2227336,real,True,sha256:a69b98012d9e4a46495a3aed48eef8ce75a69d001eaa28b4c38cb0f3c921909d,CORE CFIHOS V2.0 CSV/CFIHOS CORE CFIHOS object equivalent mapping v2.0.csv,3090,source_reference_record,source_reference_record_unreviewed
CFIHOS-70000426,POSC CAESAR,RDS2227338,real,True,sha256:a69b98012d9e4a46495a3aed48eef8ce75a69d001eaa28b4c38cb0f3c921909d,CORE CFIHOS V2.0 CSV/CFIHOS CORE CFIHOS object equivalent mapping v2.0.csv,3091,source_reference_record,source_reference_record_unreviewed
