CFIHOS unique code,section,object,entity name,property name,entity attribute name,definition,note / comment,example,identifier / mandatory / optional,format,constraint must be present in,data source,former section (if different from last published version),relationship verb,data_origin,is_real,source_artifact_id,source_archive_member,source_row,annotation_origin,verification_status
CFIHOS-00000001,A.2.01,entity:,site,,,A geographical surface that can be identified on a map,,,,,,Owner/Operator,,,real,True,sha256:a69b98012d9e4a46495a3aed48eef8ce75a69d001eaa28b4c38cb0f3c921909d,CORE CFIHOS V2.0 CSV/CFIHOS CORE data dictionary v2.0.csv,1,source_reference_record,source_reference_record_unreviewed
CFIHOS-10000240,,attribute:,site,measurement system code,,The default measurement system that is used by a site,,Example : SI,Mandatory,"Text, max 10 characters",measurement system,,,is used by default at,real,True,sha256:a69b98012d9e4a46495a3aed48eef8ce75a69d001eaa28b4c38cb0f3c921909d,CORE CFIHOS V2.0 CSV/CFIHOS CORE data dictionary v2.0.csv,2,source_reference_record,source_reference_record_unreviewed
CFIHOS-10000003,,attribute:,site,site code,,A code that uniquely identifies the site,,Example : KAS,Identifier,"Text, max 40 characters",,,,,real,True,sha256:a69b98012d9e4a46495a3aed48eef8ce75a69d001eaa28b4c38cb0f3c921909d,CORE CFIHOS V2.0 CSV/CFIHOS CORE data dictionary v2.0.csv,3,source_reference_record,source_reference_record_unreviewed
CFIHOS-10000004,,attribute:,site,site name,,A unique name to identify a geographical location,,Example : Kashagan field,Mandatory,"Text, max 100 characters",,,,,real,True,sha256:a69b98012d9e4a46495a3aed48eef8ce75a69d001eaa28b4c38cb0f3c921909d,CORE CFIHOS V2.0 CSV/CFIHOS CORE data dictionary v2.0.csv,4,source_reference_record,source_reference_record_unreviewed
CFIHOS-00000031,A.2.02,entity:,plant,,,"An assembly of equipment that perform a physical or chemical process, including production, transportation and storage","A Plant represents the ''high level'' function to be performed, and during the design, a Plant is decomposed in Process Units and Tags.",,,,,Owner/Operator,,,real,True,sha256:a69b98012d9e4a46495a3aed48eef8ce75a69d001eaa28b4c38cb0f3c921909d,CORE CFIHOS V2.0 CSV/CFIHOS CORE data dictionary v2.0.csv,5,source_reference_record,source_reference_record_unreviewed
CFIHOS-10000367,,attribute:,plant,industrial complex code,,A code that uniquely identifies the industrial complex,,Example : VSI,Optional,"Text, max 40 characters",industrial complex,,,includes,real,True,sha256:a69b98012d9e4a46495a3aed48eef8ce75a69d001eaa28b4c38cb0f3c921909d,CORE CFIHOS V2.0 CSV/CFIHOS CORE data dictionary v2.0.csv,6,source_reference_record,source_reference_record_unreviewed
CFIHOS-10000147,,attribute:,plant,ISO language code,,The language that should be used by default for all exchange of information related to that plant,,Example : EN,Optional,"Text, max 2 characters",iso language,,,is the language used by default for projects at,real,True,sha256:a69b98012d9e4a46495a3aed48eef8ce75a69d001eaa28b4c38cb0f3c921909d,CORE CFIHOS V2.0 CSV/CFIHOS CORE data dictionary v2.0.csv,7,source_reference_record,source_reference_record_unreviewed
CFIHOS-10000240,,attribute:,plant,measurement system code,,The default measurement system that is used by a plant,,Example : SI,Optional,"Text, max 10 characters",measurement system,,,is the system used by defaults for projects at,real,True,sha256:a69b98012d9e4a46495a3aed48eef8ce75a69d001eaa28b4c38cb0f3c921909d,CORE CFIHOS V2.0 CSV/CFIHOS CORE data dictionary v2.0.csv,8,source_reference_record,source_reference_record_unreviewed
CFIHOS-10000005,,attribute:,plant,plant code,,A code that uniquely identifies the plant,,Example : 6000,Identifier,"Text, max 40 characters",,,,,real,True,sha256:a69b98012d9e4a46495a3aed48eef8ce75a69d001eaa28b4c38cb0f3c921909d,CORE CFIHOS V2.0 CSV/CFIHOS CORE data dictionary v2.0.csv,9,source_reference_record,source_reference_record_unreviewed
CFIHOS-10000006,,attribute:,plant,plant name,,The full name of the plant,,Example : Onshore Processing Facility (OPF),Mandatory,"Text, max 100 characters",,,,,real,True,sha256:a69b98012d9e4a46495a3aed48eef8ce75a69d001eaa28b4c38cb0f3c921909d,CORE CFIHOS V2.0 CSV/CFIHOS CORE data dictionary v2.0.csv,10,source_reference_record,source_reference_record_unreviewed
CFIHOS-10000003,,attribute:,plant,site code,,A code that uniquely identifies the site,,Example : KAS,Optional,"Text, max 40 characters",site,,,includes,real,True,sha256:a69b98012d9e4a46495a3aed48eef8ce75a69d001eaa28b4c38cb0f3c921909d,CORE CFIHOS V2.0 CSV/CFIHOS CORE data dictionary v2.0.csv,11,source_reference_record,source_reference_record_unreviewed
CFIHOS-00000002,A.2.03,entity:,process unit,,,A decomposition of the ''high level'' Facility function into more granular ''sub-functions'',This facility breakdown structure is decided by the process engineer.,,,,,Owner/Operator,,,real,True,sha256:a69b98012d9e4a46495a3aed48eef8ce75a69d001eaa28b4c38cb0f3c921909d,CORE CFIHOS V2.0 CSV/CFIHOS CORE data dictionary v2.0.csv,12,source_reference_record,source_reference_record_unreviewed
CFIHOS-10000005,,attribute:,process unit,plant code,,The plant the process unit is part of,,Example : 6000,Identifier,"Text, max 40 characters",plant,,,is functionally divided in,real,True,sha256:a69b98012d9e4a46495a3aed48eef8ce75a69d001eaa28b4c38cb0f3c921909d,CORE CFIHOS V2.0 CSV/CFIHOS CORE data dictionary v2.0.csv,13,source_reference_record,source_reference_record_unreviewed
CFIHOS-10000157,,attribute:,process unit,process unit code,,A code that uniquely identifies the process unit within the plant,,Example : 36,Identifier,"Text, max 40 characters",,,,,real,True,sha256:a69b98012d9e4a46495a3aed48eef8ce75a69d001eaa28b4c38cb0f3c921909d,CORE CFIHOS V2.0 CSV/CFIHOS CORE data dictionary v2.0.csv,14,source_reference_record,source_reference_record_unreviewed
CFIHOS-10000008,,attribute:,process unit,process unit name,,A name describing the function of the process unit,,Example : Inlet compression,Mandatory,"Text, max 100 characters",,,,,real,True,sha256:a69b98012d9e4a46495a3aed48eef8ce75a69d001eaa28b4c38cb0f3c921909d,CORE CFIHOS V2.0 CSV/CFIHOS CORE data dictionary v2.0.csv,15,source_reference_record,source_reference_record_unreviewed
CFIHOS-00000003,A.2.04,entity:,area,,,A geographical surface occupied by a Plant,A plant area is created to identify the physical location of an equipment within a plant.,,,,,EPC,,,real,True,sha256:a69b98012d9e4a46495a3aed48eef8ce75a69d001eaa28b4c38cb0f3c921909d,CORE CFIHOS V2.0 CSV/CFIHOS CORE data dictionary v2.0.csv,16,source_reference_record,source_reference_record_unreviewed
CFIHOS-10000001,,attribute:,area,area code,,A code that uniquely identifies the area within the plant,,Example : Topsides,Identifier,"Text, max 10 characters",,,,,real,True,sha256:a69b98012d9e4a46495a3aed48eef8ce75a69d001eaa28b4c38cb0f3c921909d,CORE CFIHOS V2.0 CSV/CFIHOS CORE data dictionary v2.0.csv,17,source_reference_record,source_reference_record_unreviewed
CFIHOS-10000002,,attribute:,area,area name,,A name describing the location of an area within the plant,,Example : Topsides Deck 1,Mandatory,"Text, max 100 characters",,,,,real,True,sha256:a69b98012d9e4a46495a3aed48eef8ce75a69d001eaa28b4c38cb0f3c921909d,CORE CFIHOS V2.0 CSV/CFIHOS CORE data dictionary v2.0.csv,18,source_reference_record,source_reference_record_unreviewed
CFIHOS-10000005,,attribute:,area,plant code,,The plant the area is part of,,Example : 6000,Identifier,"Text, max 40 characters",plant,,,is geographically divided in,real,True,sha256:a69b98012d9e4a46495a3aed48eef8ce75a69d001eaa28b4c38cb0f3c921909d,CORE CFIHOS V2.0 CSV/CFIHOS CORE data dictionary v2.0.csv,19,source_reference_record,source_reference_record_unreviewed
CFIHOS-00000026,A.2.05,entity:,construction assembly,,,A grouping of tags intended to be assembled and installed as a whole,Tag modules are created to facilitate fabrication during the project.,,,,,EPC,,,real,True,sha256:a69b98012d9e4a46495a3aed48eef8ce75a69d001eaa28b4c38cb0f3c921909d,CORE CFIHOS V2.0 CSV/CFIHOS CORE data dictionary v2.0.csv,20,source_reference_record,source_reference_record_unreviewed
CFIHOS-10000130,,attribute:,construction assembly,construction assembly code,,A code that uniquely identifies the construction assembly at a plant,,Example : CIU,Identifier,"Text, max 10 characters",,,,,real,True,sha256:a69b98012d9e4a46495a3aed48eef8ce75a69d001eaa28b4c38cb0f3c921909d,CORE CFIHOS V2.0 CSV/CFIHOS CORE data dictionary v2.0.csv,21,source_reference_record,source_reference_record_unreviewed
CFIHOS-10000131,,attribute:,construction assembly,construction assembly name,,A name describing the purpose of a construction assembly,,Example : Chemical Injection Unit,Mandatory,"Text, max 100 characters",,,,,real,True,sha256:a69b98012d9e4a46495a3aed48eef8ce75a69d001eaa28b4c38cb0f3c921909d,CORE CFIHOS V2.0 CSV/CFIHOS CORE data dictionary v2.0.csv,22,source_reference_record,source_reference_record_unreviewed
CFIHOS-10000175,,attribute:,construction assembly,parent construction assembly code,,A code that uniquely identifies the parent of a construction assembly at a plant,,Example : CIU,Optional,"Text, max 10 characters",construction assembly,,,is decomposed in,real,True,sha256:a69b98012d9e4a46495a3aed48eef8ce75a69d001eaa28b4c38cb0f3c921909d,CORE CFIHOS V2.0 CSV/CFIHOS CORE data dictionary v2.0.csv,23,source_reference_record,source_reference_record_unreviewed
CFIHOS-10000005,,attribute:,construction assembly,plant code,,The plant at which the construction assembly is constructed,,Example : 6000,Identifier,"Text, max 40 characters",plant,,,is constructed by,real,True,sha256:a69b98012d9e4a46495a3aed48eef8ce75a69d001eaa28b4c38cb0f3c921909d,CORE CFIHOS V2.0 CSV/CFIHOS CORE data dictionary v2.0.csv,24,source_reference_record,source_reference_record_unreviewed
CFIHOS-00000004,A.2.07,entity:,commissioning unit,,,"A grouping of tags (if the commissioning unit is at the lowest level in the structure), or sub-commissioning units, by the commissioning discipline",This grouping allows one to perform commissioning activities.,,,,,EPC,,,real,True,sha256:a69b98012d9e4a46495a3aed48eef8ce75a69d001eaa28b4c38cb0f3c921909d,CORE CFIHOS V2.0 CSV/CFIHOS CORE data dictionary v2.0.csv,25,source_reference_record,source_reference_record_unreviewed
CFIHOS-10000009,,attribute:,commissioning unit,commissioning unit code,,A code that uniquely identifies the commissioning unit within a plant,,Example : 980,Identifier,"Text, max 10 characters",,,,,real,True,sha256:a69b98012d9e4a46495a3aed48eef8ce75a69d001eaa28b4c38cb0f3c921909d,CORE CFIHOS V2.0 CSV/CFIHOS CORE data dictionary v2.0.csv,26,source_reference_record,source_reference_record_unreviewed
CFIHOS-10000010,,attribute:,commissioning unit,commissioning unit name,,The name by which the commission unit is usually designated,,Example : Plant Production Manifold East,Mandatory,"Text, max 100 characters",,,,,real,True,sha256:a69b98012d9e4a46495a3aed48eef8ce75a69d001eaa28b4c38cb0f3c921909d,CORE CFIHOS V2.0 CSV/CFIHOS CORE data dictionary v2.0.csv,27,source_reference_record,source_reference_record_unreviewed
CFIHOS-10000176,,attribute:,commissioning unit,parent commissioning unit code,,A code that uniquely identifies the parent of the commission unit at the plant,,Example : 981,Optional,"Text, max 10 characters",commissioning unit,,,is decomposed in,real,True,sha256:a69b98012d9e4a46495a3aed48eef8ce75a69d001eaa28b4c38cb0f3c921909d,CORE CFIHOS V2.0 CSV/CFIHOS CORE data dictionary v2.0.csv,28,source_reference_record,source_reference_record_unreviewed
CFIHOS-10000005,,attribute:,commissioning unit,plant code,,The plant the commissioning unit is part of,,Example : 6000,Identifier,"Text, max 40 characters",plant,,,is commissioned by,real,True,sha256:a69b98012d9e4a46495a3aed48eef8ce75a69d001eaa28b4c38cb0f3c921909d,CORE CFIHOS V2.0 CSV/CFIHOS CORE data dictionary v2.0.csv,29,source_reference_record,source_reference_record_unreviewed
CFIHOS-00000037,A.2.08,entity:,leaf node commissioning unit,,,A commissioning unit that is at the lowest level in the hierarchical structure of commissioning units,,,,,,EPC,,,real,True,sha256:a69b98012d9e4a46495a3aed48eef8ce75a69d001eaa28b4c38cb0f3c921909d,CORE CFIHOS V2.0 CSV/CFIHOS CORE data dictionary v2.0.csv,30,source_reference_record,source_reference_record_unreviewed
CFIHOS-10000009,,attribute:,leaf node commissioning unit,commissioning unit code,,A code that uniquely identifies the commissioning unit within a plant,,Example : 980,Identifier,"Text, max 10 characters",commissioning unit,,,is subtype of,real,True,sha256:a69b98012d9e4a46495a3aed48eef8ce75a69d001eaa28b4c38cb0f3c921909d,CORE CFIHOS V2.0 CSV/CFIHOS CORE data dictionary v2.0.csv,31,source_reference_record,source_reference_record_unreviewed
CFIHOS-10000005,,attribute:,leaf node commissioning unit,plant code,,The plant the commissioning unit is part of,,Example : 6000,Identifier,"Text, max 40 characters",commissioning unit,,,is subtype of,real,True,sha256:a69b98012d9e4a46495a3aed48eef8ce75a69d001eaa28b4c38cb0f3c921909d,CORE CFIHOS V2.0 CSV/CFIHOS CORE data dictionary v2.0.csv,32,source_reference_record,source_reference_record_unreviewed
CFIHOS-00000006,A.2.09,entity:,maintenance unit,,,A grouping of maintenance system by the maintenance discipline. This grouping allows one to perform maintenance activities.,,,,,,Owner/Operator,,,real,True,sha256:a69b98012d9e4a46495a3aed48eef8ce75a69d001eaa28b4c38cb0f3c921909d,CORE CFIHOS V2.0 CSV/CFIHOS CORE data dictionary v2.0.csv,33,source_reference_record,source_reference_record_unreviewed
CFIHOS-10000013,,attribute:,maintenance unit,maintenance unit code,,A code that uniquely identifies the maintenance unit at a plant,,Example : A01,Identifier,"Text, max 10 characters",,,,,real,True,sha256:a69b98012d9e4a46495a3aed48eef8ce75a69d001eaa28b4c38cb0f3c921909d,CORE CFIHOS V2.0 CSV/CFIHOS CORE data dictionary v2.0.csv,34,source_reference_record,source_reference_record_unreviewed
CFIHOS-10000014,,attribute:,maintenance unit,maintenance unit name,,The name by which the maintenance unit is usually designated,,Example : Oil Wells and Wellhead Facilities,Mandatory,"Text, max 100 characters",,,,,real,True,sha256:a69b98012d9e4a46495a3aed48eef8ce75a69d001eaa28b4c38cb0f3c921909d,CORE CFIHOS V2.0 CSV/CFIHOS CORE data dictionary v2.0.csv,35,source_reference_record,source_reference_record_unreviewed
CFIHOS-10000005,,attribute:,maintenance unit,plant code,,The plant at which the maintenance unit is located,,Example : 6000,Identifier,"Text, max 40 characters",plant,,,is maintained by,real,True,sha256:a69b98012d9e4a46495a3aed48eef8ce75a69d001eaa28b4c38cb0f3c921909d,CORE CFIHOS V2.0 CSV/CFIHOS CORE data dictionary v2.0.csv,36,source_reference_record,source_reference_record_unreviewed
CFIHOS-00000007,A.2.10,entity:,maintenance system,,,A grouping of tags that can be maintained at the same time,Maintenance systems are defined by the maintenance discipline.,,,,,Owner/Operator,,,real,True,sha256:a69b98012d9e4a46495a3aed48eef8ce75a69d001eaa28b4c38cb0f3c921909d,CORE CFIHOS V2.0 CSV/CFIHOS CORE data dictionary v2.0.csv,37,source_reference_record,source_reference_record_unreviewed
CFIHOS-10000017,,attribute:,maintenance system,maintenance system actual startup date,,The date at which the maintenance system has been started for the first time (on a continuous basis),"This information is used by the maintenance discipline to develop maintenance plans, and particularly to determine when the first maintenance activities will have to happen.",Example : 2010-01-01,Optional,Date,,,,,real,True,sha256:a69b98012d9e4a46495a3aed48eef8ce75a69d001eaa28b4c38cb0f3c921909d,CORE CFIHOS V2.0 CSV/CFIHOS CORE data dictionary v2.0.csv,38,source_reference_record,source_reference_record_unreviewed
CFIHOS-10000015,,attribute:,maintenance system,maintenance system code,,A code that uniquely identifies the maintenance system within a maintenance unit,,Example : A01.01,Identifier,"Text, max 10 characters",,,,,real,True,sha256:a69b98012d9e4a46495a3aed48eef8ce75a69d001eaa28b4c38cb0f3c921909d,CORE CFIHOS V2.0 CSV/CFIHOS CORE data dictionary v2.0.csv,39,source_reference_record,source_reference_record_unreviewed
CFIHOS-10000016,,attribute:,maintenance system,maintenance system name,,The name by which the maintenance system is usually designated,,"Example : Oil Wells, Xmas Trees and Flowlines",Mandatory,"Text, max 100 characters",,,,,real,True,sha256:a69b98012d9e4a46495a3aed48eef8ce75a69d001eaa28b4c38cb0f3c921909d,CORE CFIHOS V2.0 CSV/CFIHOS CORE data dictionary v2.0.csv,40,source_reference_record,source_reference_record_unreviewed
CFIHOS-10000013,,attribute:,maintenance system,maintenance unit code,,The maintenance unit to which the maintenance system belongs,,Example : A01,Identifier,"Text, max 10 characters",maintenance unit,,,covers,real,True,sha256:a69b98012d9e4a46495a3aed48eef8ce75a69d001eaa28b4c38cb0f3c921909d,CORE CFIHOS V2.0 CSV/CFIHOS CORE data dictionary v2.0.csv,41,source_reference_record,source_reference_record_unreviewed
CFIHOS-10000005,,attribute:,maintenance system,plant code,,The plant at which the maintenance unit is located,,Example : 6000,Identifier,"Text, max 40 characters",maintenance unit,,,covers,real,True,sha256:a69b98012d9e4a46495a3aed48eef8ce75a69d001eaa28b4c38cb0f3c921909d,CORE CFIHOS V2.0 CSV/CFIHOS CORE data dictionary v2.0.csv,42,source_reference_record,source_reference_record_unreviewed
CFIHOS-00000010,A.2.11,entity:,corrosion loop,,,"A grouping of tags with similar operating conditions, e.g. pipe, equipment, .. (i.e., made of similar materials of construction, sharing similar corrosion/degradation rate)",Corrosion Loops are created to monitor the corrosions of equipment and thus are important to establish proper inspection strategies.,,,,,Owner/Operator,,,real,True,sha256:a69b98012d9e4a46495a3aed48eef8ce75a69d001eaa28b4c38cb0f3c921909d,CORE CFIHOS V2.0 CSV/CFIHOS CORE data dictionary v2.0.csv,43,source_reference_record,source_reference_record_unreviewed
CFIHOS-10000018,,attribute:,corrosion loop,corrosion loop code,,A code that uniquely identifies the corrosion loop at a plant,,Example : CL1101,Identifier,"Text, max 40 characters",,,,,real,True,sha256:a69b98012d9e4a46495a3aed48eef8ce75a69d001eaa28b4c38cb0f3c921909d,CORE CFIHOS V2.0 CSV/CFIHOS CORE data dictionary v2.0.csv,44,source_reference_record,source_reference_record_unreviewed
CFIHOS-10000020,,attribute:,corrosion loop,corrosion loop description,,A description of what the corrosion loop is,,Example : V301 separator vessel below demister. Condensate liquid outlet piping to BL.,Mandatory,"Text, max 255 characters",,,,,real,True,sha256:a69b98012d9e4a46495a3aed48eef8ce75a69d001eaa28b4c38cb0f3c921909d,CORE CFIHOS V2.0 CSV/CFIHOS CORE data dictionary v2.0.csv,45,source_reference_record,source_reference_record_unreviewed
CFIHOS-10000019,,attribute:,corrosion loop,corrosion loop name,,The name by which the corrosion loop is usually designated,,Example : Absorber circuit,Mandatory,"Text, max 255 characters",,,,,real,True,sha256:a69b98012d9e4a46495a3aed48eef8ce75a69d001eaa28b4c38cb0f3c921909d,CORE CFIHOS V2.0 CSV/CFIHOS CORE data dictionary v2.0.csv,46,source_reference_record,source_reference_record_unreviewed
CFIHOS-10000021,,attribute:,corrosion loop,corrosion loop process description,,A description of the process performed by the elements of the corrosion loop,,"Example : V301 separates the 15 barg gas stream into dry saturated gas and condensate containing hydrocarbons, free sour water (CO2 and H2S) and inhibitor.",Mandatory,"Text, max 255 characters",,,,,real,True,sha256:a69b98012d9e4a46495a3aed48eef8ce75a69d001eaa28b4c38cb0f3c921909d,CORE CFIHOS V2.0 CSV/CFIHOS CORE data dictionary v2.0.csv,47,source_reference_record,source_reference_record_unreviewed
CFIHOS-10000023,,attribute:,corrosion loop,corrosion loop type code,,The type of corrosion loop that classifies this corrosion loop,,,Optional,"Text, max 10 characters",corrosion loop type,,,classifies,real,True,sha256:a69b98012d9e4a46495a3aed48eef8ce75a69d001eaa28b4c38cb0f3c921909d,CORE CFIHOS V2.0 CSV/CFIHOS CORE data dictionary v2.0.csv,48,source_reference_record,source_reference_record_unreviewed
CFIHOS-10000022,,attribute:,corrosion loop,corrosion type description,,A description of the expected effects of the corrosion,,Example : Vessel is made of 15mm PWHT carbon steel including 3mm corrosion allowance.Normal operation Wet CO2 corrosion.Special operating conditions Un-inhibited the corrosion rate is 1.1mm/yr. Inhibiter injection should be monitored and alarmed.,Optional,"Text, max 255 characters",,,,,real,True,sha256:a69b98012d9e4a46495a3aed48eef8ce75a69d001eaa28b4c38cb0f3c921909d,CORE CFIHOS V2.0 CSV/CFIHOS CORE data dictionary v2.0.csv,49,source_reference_record,source_reference_record_unreviewed
CFIHOS-10000005,,attribute:,corrosion loop,plant code,,The plant at which the corrosion loop is located,,Example : 6000,Identifier,"Text, max 40 characters",plant,,,monitors corrosion through,real,True,sha256:a69b98012d9e4a46495a3aed48eef8ce75a69d001eaa28b4c38cb0f3c921909d,CORE CFIHOS V2.0 CSV/CFIHOS CORE data dictionary v2.0.csv,50,source_reference_record,source_reference_record_unreviewed
CFIHOS-00000011,A.2.12,entity:,corrosion loop type,,,A classification of corrosion loops,,,,,,Owner/Operator,,,real,True,sha256:a69b98012d9e4a46495a3aed48eef8ce75a69d001eaa28b4c38cb0f3c921909d,CORE CFIHOS V2.0 CSV/CFIHOS CORE data dictionary v2.0.csv,51,source_reference_record,source_reference_record_unreviewed
CFIHOS-10000023,,attribute:,corrosion loop type,corrosion loop type code,,A code that uniquely identifies the type of corrosion loop,,,Identifier,"Text, max 10 characters",,,,,real,True,sha256:a69b98012d9e4a46495a3aed48eef8ce75a69d001eaa28b4c38cb0f3c921909d,CORE CFIHOS V2.0 CSV/CFIHOS CORE data dictionary v2.0.csv,52,source_reference_record,source_reference_record_unreviewed
CFIHOS-10000024,,attribute:,corrosion loop type,corrosion loop type name,,The name by which the corrosion loop type is usually designated,,,Mandatory,"Text, max 100 characters",,,,,real,True,sha256:a69b98012d9e4a46495a3aed48eef8ce75a69d001eaa28b4c38cb0f3c921909d,CORE CFIHOS V2.0 CSV/CFIHOS CORE data dictionary v2.0.csv,53,source_reference_record,source_reference_record_unreviewed
CFIHOS-00000028,A.2.13,entity:,tag,,,An object designed for performing functional requirements and serving as a specification for equipment,,,,,,EPC,,,real,True,sha256:a69b98012d9e4a46495a3aed48eef8ce75a69d001eaa28b4c38cb0f3c921909d,CORE CFIHOS V2.0 CSV/CFIHOS CORE data dictionary v2.0.csv,54,source_reference_record,source_reference_record_unreviewed
CFIHOS-10000001,,attribute:,tag,area code,,The geographical area within the plant where the tag is located,,Example : Topsides,Optional,"Text, max 10 characters",area,,,locates,real,True,sha256:a69b98012d9e4a46495a3aed48eef8ce75a69d001eaa28b4c38cb0f3c921909d,CORE CFIHOS V2.0 CSV/CFIHOS CORE data dictionary v2.0.csv,55,source_reference_record,source_reference_record_unreviewed
CFIHOS-10000009,,attribute:,tag,commissioning unit code,,The unit that will or has commissioned the tag,This should be a leaf node commissioning unit.,Example : 980,Optional,"Text, max 10 characters",leaf node commissioning unit,,,groups,real,True,sha256:a69b98012d9e4a46495a3aed48eef8ce75a69d001eaa28b4c38cb0f3c921909d,CORE CFIHOS V2.0 CSV/CFIHOS CORE data dictionary v2.0.csv,56,source_reference_record,source_reference_record_unreviewed
CFIHOS-10000130,,attribute:,tag,construction assembly code,,The construction assembly of a plant where the tag resides,This should be a leaf node construction assembly.,Example : CIU,Optional,"Text, max 10 characters",construction assembly,,,groups,real,True,sha256:a69b98012d9e4a46495a3aed48eef8ce75a69d001eaa28b4c38cb0f3c921909d,CORE CFIHOS V2.0 CSV/CFIHOS CORE data dictionary v2.0.csv,57,source_reference_record,source_reference_record_unreviewed
CFIHOS-10000018,,attribute:,tag,corrosion loop code,,The corrosion loop that includes the tag,,Example : CL1101,Optional,"Text, max 40 characters",corrosion loop,,,groups,real,True,sha256:a69b98012d9e4a46495a3aed48eef8ce75a69d001eaa28b4c38cb0f3c921909d,CORE CFIHOS V2.0 CSV/CFIHOS CORE data dictionary v2.0.csv,58,source_reference_record,source_reference_record_unreviewed
CFIHOS-10000179,,attribute:,tag,designed by company name,,The company responsible for the design of the tag.,It is sometimes extracted from maintenance management system. The owner / operator and the EPC company need to align on the name of companies.,Example : KWAC,Mandatory,"Text, max 30 characters",company,,,designs,real,True,sha256:a69b98012d9e4a46495a3aed48eef8ce75a69d001eaa28b4c38cb0f3c921909d,CORE CFIHOS V2.0 CSV/CFIHOS CORE data dictionary v2.0.csv,59,source_reference_record,source_reference_record_unreviewed
CFIHOS-10000015,,attribute:,tag,maintenance system code,,The maintenance system through which the tag is maintained,,Example : A01.01,Optional,"Text, max 10 characters",maintenance system,,,groups,real,True,sha256:a69b98012d9e4a46495a3aed48eef8ce75a69d001eaa28b4c38cb0f3c921909d,CORE CFIHOS V2.0 CSV/CFIHOS CORE data dictionary v2.0.csv,60,source_reference_record,source_reference_record_unreviewed
CFIHOS-10000013,,attribute:,tag,maintenance unit code,,The unit that is in charge of maintaining the tag,,Example : A01,Optional,"Text, max 10 characters",maintenance system,,,groups,real,True,sha256:a69b98012d9e4a46495a3aed48eef8ce75a69d001eaa28b4c38cb0f3c921909d,CORE CFIHOS V2.0 CSV/CFIHOS CORE data dictionary v2.0.csv,61,source_reference_record,source_reference_record_unreviewed
CFIHOS-10000158,,attribute:,tag,manufacturer company name,,A name used to uniquely identify the company who manufactures the model / part,,Example : Flowserve,Optional,"Text, max 30 characters",model part,,,is selected for,real,True,sha256:a69b98012d9e4a46495a3aed48eef8ce75a69d001eaa28b4c38cb0f3c921909d,CORE CFIHOS V2.0 CSV/CFIHOS CORE data dictionary v2.0.csv,62,source_reference_record,source_reference_record_unreviewed
CFIHOS-10000159,,attribute:,tag,model part name,,A unique name to identify the model part of the manufacturer,,Example : A4 V726 PN 40,Optional,"Text, max 100 characters",model part,,,is selected for,real,True,sha256:a69b98012d9e4a46495a3aed48eef8ce75a69d001eaa28b4c38cb0f3c921909d,CORE CFIHOS V2.0 CSV/CFIHOS CORE data dictionary v2.0.csv,63,source_reference_record,source_reference_record_unreviewed
CFIHOS-10000178,,attribute:,tag,parent tag name,,An identification of the parentage of the tag,"The parent tag (also called main tag) can be a package, an instrument loop or an electrical circuit.",Example : 600-036F001,Optional,"Text, max 33 characters",tag,,,is functionally divided in,real,True,sha256:a69b98012d9e4a46495a3aed48eef8ce75a69d001eaa28b4c38cb0f3c921909d,CORE CFIHOS V2.0 CSV/CFIHOS CORE data dictionary v2.0.csv,64,source_reference_record,source_reference_record_unreviewed
CFIHOS-10000005,,attribute:,tag,plant code,,The plant where the tag is or will be located,,Example : 6000,Identifier,"Text, max 40 characters",process unit,,,is functionally divided in,real,True,sha256:a69b98012d9e4a46495a3aed48eef8ce75a69d001eaa28b4c38cb0f3c921909d,CORE CFIHOS V2.0 CSV/CFIHOS CORE data dictionary v2.0.csv,65,source_reference_record,source_reference_record_unreviewed
CFIHOS-10000157,,attribute:,tag,process unit code,,The process unit within the plant to which the tag provides part of the functionality,,Example : 36,Mandatory,"Text, max 40 characters",process unit,,,is functionally divided in,real,True,sha256:a69b98012d9e4a46495a3aed48eef8ce75a69d001eaa28b4c38cb0f3c921909d,CORE CFIHOS V2.0 CSV/CFIHOS CORE data dictionary v2.0.csv,66,source_reference_record,source_reference_record_unreviewed
CFIHOS-10000027,,attribute:,tag,production critical item indicator,,"An indication whether the loss of the functionality provided by the tag would have an immediate cost impact, like a loss of production",,Example : Yes,Mandatory,Boolean (Yes/No),,,,,real,True,sha256:a69b98012d9e4a46495a3aed48eef8ce75a69d001eaa28b4c38cb0f3c921909d,CORE CFIHOS V2.0 CSV/CFIHOS CORE data dictionary v2.0.csv,67,source_reference_record,source_reference_record_unreviewed
CFIHOS-10000029,,attribute:,tag,safety critical item group code,,"The safety critical item group assigned to the tag, and identified according to International Standard",This is only required if safety critical item indicator =Yes.,Example : DS001,Optional,"Text, max 40 characters",safety critical item group,,,classifies,real,True,sha256:a69b98012d9e4a46495a3aed48eef8ce75a69d001eaa28b4c38cb0f3c921909d,CORE CFIHOS V2.0 CSV/CFIHOS CORE data dictionary v2.0.csv,68,source_reference_record,source_reference_record_unreviewed
CFIHOS-10000028,,attribute:,tag,safety critical item indicator,,"An indication whether the tag should be considered as a safety critical element, as per International Standards.","Safety Critical Elements (SCEs) are those elements of risk barriers, including equipment, hardware, and related control systems, for which :- the failure of which could lead to a major accident or event, or - that mitigate the consequences of a major accident or event. The basis for the selection of SCEs is the assessment of Major Accidents identified in each Asset HSE Case or those documents that support the Case.",Example : Yes,Mandatory,Boolean (Yes/No),,,,,real,True,sha256:a69b98012d9e4a46495a3aed48eef8ce75a69d001eaa28b4c38cb0f3c921909d,CORE CFIHOS V2.0 CSV/CFIHOS CORE data dictionary v2.0.csv,69,source_reference_record,source_reference_record_unreviewed
CFIHOS-10000030,,attribute:,tag,safety critical item reason awarded,,A documentation of the outcome of the SCE assessment,This is only required if safety critical item indicator =Yes. It is populated according to International Standard.,Example : from safety case,Optional,"Text, max 30 characters",,,,,real,True,sha256:a69b98012d9e4a46495a3aed48eef8ce75a69d001eaa28b4c38cb0f3c921909d,CORE CFIHOS V2.0 CSV/CFIHOS CORE data dictionary v2.0.csv,70,source_reference_record,source_reference_record_unreviewed
CFIHOS-10000040,,attribute:,tag,tag class name,,The full name of the tag or equipment class,The initial set of values will be the CFIHOS unique ids that were assigned to tag classes.,Example : control panel,Mandatory,"Text, max 100 characters",tag class,,,defines the function delivered by,real,True,sha256:a69b98012d9e4a46495a3aed48eef8ce75a69d001eaa28b4c38cb0f3c921909d,CORE CFIHOS V2.0 CSV/CFIHOS CORE data dictionary v2.0.csv,71,source_reference_record,source_reference_record_unreviewed
CFIHOS-10000177,,attribute:,tag,tag description,,A functional description of the tag,"The description can also include the parent tag, where required. It should not include tag class, manufacturer and model information.","Example : ''Hot Oil Circulation Pump'' that clearly describes the function of the pump (the equipment assigned can be centrifugal or reciprocating pump). ''V 431 Separator Relief Valve'' that clearly describes the function of the valve, with additional parent related information.",Mandatory,"Text, max 255 characters",,,,,real,True,sha256:a69b98012d9e4a46495a3aed48eef8ce75a69d001eaa28b4c38cb0f3c921909d,CORE CFIHOS V2.0 CSV/CFIHOS CORE data dictionary v2.0.csv,72,source_reference_record,source_reference_record_unreviewed
CFIHOS-10000166,,attribute:,tag,tag name,,The full name of a tag,Different companies have different tag naming conventions. A tag name shall be unique within a plant.,Example : 036FV001,Identifier,"Text, max 33 characters",,,,,real,True,sha256:a69b98012d9e4a46495a3aed48eef8ce75a69d001eaa28b4c38cb0f3c921909d,CORE CFIHOS V2.0 CSV/CFIHOS CORE data dictionary v2.0.csv,73,source_reference_record,source_reference_record_unreviewed
CFIHOS-10000026,,attribute:,tag,tag requisition number,,A requisition number that has been placed to acquire the tag,,Example : 1234567,Optional,"Text, max 50 characters",,,,,real,True,sha256:a69b98012d9e4a46495a3aed48eef8ce75a69d001eaa28b4c38cb0f3c921909d,CORE CFIHOS V2.0 CSV/CFIHOS CORE data dictionary v2.0.csv,74,source_reference_record,source_reference_record_unreviewed
CFIHOS-10000025,,attribute:,tag,tag status,,An identification of the engineering phase in which the tag is,,Example : ASB,Mandatory,"Text, max 40 characters",engineering status,,,classifies,real,True,sha256:a69b98012d9e4a46495a3aed48eef8ce75a69d001eaa28b4c38cb0f3c921909d,CORE CFIHOS V2.0 CSV/CFIHOS CORE data dictionary v2.0.csv,75,source_reference_record,source_reference_record_unreviewed
CFIHOS-00000144,A.2.14,entity:,tag alias,,,An alternate name under which a tag may be designated,"These aliases are exchanged between the parties. Their origin may be historical, or alternate naming used by the different parties. But they should always have mapping to the official tag name.",,,,,Owner/Operator,,,real,True,sha256:a69b98012d9e4a46495a3aed48eef8ce75a69d001eaa28b4c38cb0f3c921909d,CORE CFIHOS V2.0 CSV/CFIHOS CORE data dictionary v2.0.csv,76,source_reference_record,source_reference_record_unreviewed
CFIHOS-10000005,,attribute:,tag alias,plant code,,The plant where the tag is or will be located,,Example : 6000,Identifier,"Text, max 40 characters",tag,,,is alternatively named,real,True,sha256:a69b98012d9e4a46495a3aed48eef8ce75a69d001eaa28b4c38cb0f3c921909d,CORE CFIHOS V2.0 CSV/CFIHOS CORE data dictionary v2.0.csv,77,source_reference_record,source_reference_record_unreviewed
CFIHOS-10000379,,attribute:,tag alias,tag alias name,,The legacy/alternate name given to the tag.  This may be a name from a Contractor/Vendor or it could be an old name assigned by the Owner Operator.,,Example : PM-2012,Identifier,"Text, max 40 characters",,,,,real,True,sha256:a69b98012d9e4a46495a3aed48eef8ce75a69d001eaa28b4c38cb0f3c921909d,CORE CFIHOS V2.0 CSV/CFIHOS CORE data dictionary v2.0.csv,78,source_reference_record,source_reference_record_unreviewed
CFIHOS-10000166,,attribute:,tag alias,tag name,,The full name of a tag,Different companies have different tag naming conventions. A tag name shall be unique within a plant.,Example : 036FV001,Identifier,"Text, max 33 characters",tag,,,is alternatively named,real,True,sha256:a69b98012d9e4a46495a3aed48eef8ce75a69d001eaa28b4c38cb0f3c921909d,CORE CFIHOS V2.0 CSV/CFIHOS CORE data dictionary v2.0.csv,79,source_reference_record,source_reference_record_unreviewed
CFIHOS-00000138,A.2.15,entity:,industrial complex,,,"A number of discrete or interconnected plants, together with the associated buildings",Definition inspired by ISO 10209 term 'Industrial Complex'. In ISO 15926 RDL it is defined by INDUSTRIAL COMPLEX.,,,,,Owner/Operator,,,real,True,sha256:a69b98012d9e4a46495a3aed48eef8ce75a69d001eaa28b4c38cb0f3c921909d,CORE CFIHOS V2.0 CSV/CFIHOS CORE data dictionary v2.0.csv,80,source_reference_record,source_reference_record_unreviewed
CFIHOS-10000367,,attribute:,industrial complex,industrial complex code,,A code that uniquely identifies the industrial complex,,Example : VSI,Identifier,"Text, max 40 characters",,,,,real,True,sha256:a69b98012d9e4a46495a3aed48eef8ce75a69d001eaa28b4c38cb0f3c921909d,CORE CFIHOS V2.0 CSV/CFIHOS CORE data dictionary v2.0.csv,81,source_reference_record,source_reference_record_unreviewed
CFIHOS-10000368,,attribute:,industrial complex,industrial complex name,,The full name of the industrial complex,,Example : Ludwigshafen Chemical Complex,Mandatory,"Text, max 256 characters",,,,,real,True,sha256:a69b98012d9e4a46495a3aed48eef8ce75a69d001eaa28b4c38cb0f3c921909d,CORE CFIHOS V2.0 CSV/CFIHOS CORE data dictionary v2.0.csv,82,source_reference_record,source_reference_record_unreviewed
CFIHOS-10000003,,attribute:,industrial complex,site code,,A code that uniquely identifies the site,,Example : KAS,Mandatory,"Text, max 40 characters",site,,,includes,real,True,sha256:a69b98012d9e4a46495a3aed48eef8ce75a69d001eaa28b4c38cb0f3c921909d,CORE CFIHOS V2.0 CSV/CFIHOS CORE data dictionary v2.0.csv,83,source_reference_record,source_reference_record_unreviewed
CFIHOS-00000038,A.3.02,entity:,tag physical connection,,,A physical connection between tags,"This information is primarily used for mechanical completions. For piping this information can be generated from 3D models. For electrical and instrumentation, this information can be generated from design tools. For pipes, the direction From To is the direction of the flow within the pipe. For electrical cables, the direction From To is the direction of the electrical current. For drivers (e.g., electrical motor), the From To is the direction of the flow of energy, consistent with ISO15926 and ISO22274. For an instrument having only one connection, the From is the Tag the instrument is mounted on (e.g., the vessel). For a valve, not causing a line break, the From is the line the valve is mounted on. For auxiliary equipment (e.g., a filter), the From is the Tag where the auxiliary equipment is mounted on.",,,,,EPC,,,real,True,sha256:a69b98012d9e4a46495a3aed48eef8ce75a69d001eaa28b4c38cb0f3c921909d,CORE CFIHOS V2.0 CSV/CFIHOS CORE data dictionary v2.0.csv,84,source_reference_record,source_reference_record_unreviewed
CFIHOS-10000181,,attribute:,tag physical connection,from plant code,,"The plant the process unit is part of, and to which the originating tag belongs",,Example : 6000,Identifier,"Text, max 40 characters",tag,,,is the origin of,real,True,sha256:a69b98012d9e4a46495a3aed48eef8ce75a69d001eaa28b4c38cb0f3c921909d,CORE CFIHOS V2.0 CSV/CFIHOS CORE data dictionary v2.0.csv,85,source_reference_record,source_reference_record_unreviewed
CFIHOS-10000182,,attribute:,tag physical connection,from tag name,,The full name of a tag,,Example : 036FV001,Identifier,"Text, max 33 characters",tag,,,is the origin of,real,True,sha256:a69b98012d9e4a46495a3aed48eef8ce75a69d001eaa28b4c38cb0f3c921909d,CORE CFIHOS V2.0 CSV/CFIHOS CORE data dictionary v2.0.csv,86,source_reference_record,source_reference_record_unreviewed
CFIHOS-10000183,,attribute:,tag physical connection,to plant code,,"The plant the process unit is part of, and to which the ending tag belongs",,Example : 6000,Identifier,"Text, max 40 characters",tag,,,is the end of,real,True,sha256:a69b98012d9e4a46495a3aed48eef8ce75a69d001eaa28b4c38cb0f3c921909d,CORE CFIHOS V2.0 CSV/CFIHOS CORE data dictionary v2.0.csv,87,source_reference_record,source_reference_record_unreviewed
CFIHOS-10000184,,attribute:,tag physical connection,to tag name,,The full name of a tag,,Example : 036FV002,Identifier,"Text, max 33 characters",tag,,,is the end of,real,True,sha256:a69b98012d9e4a46495a3aed48eef8ce75a69d001eaa28b4c38cb0f3c921909d,CORE CFIHOS V2.0 CSV/CFIHOS CORE data dictionary v2.0.csv,88,source_reference_record,source_reference_record_unreviewed
CFIHOS-00000009,A.3.03,entity:,company,,,"A legal entity engaged in business as a proprietorship, partnership, corporation, or other form",,,,,,Mix Owner/Operator and EPC,,,real,True,sha256:a69b98012d9e4a46495a3aed48eef8ce75a69d001eaa28b4c38cb0f3c921909d,CORE CFIHOS V2.0 CSV/CFIHOS CORE data dictionary v2.0.csv,89,source_reference_record,source_reference_record_unreviewed
CFIHOS-10000149,,attribute:,company,company address line 1,,The first line of the address of the company,,"Example : 6, Water side Business Park Eastways",Mandatory,"Text, max 40 characters",,,,,real,True,sha256:a69b98012d9e4a46495a3aed48eef8ce75a69d001eaa28b4c38cb0f3c921909d,CORE CFIHOS V2.0 CSV/CFIHOS CORE data dictionary v2.0.csv,90,source_reference_record,source_reference_record_unreviewed
CFIHOS-10000185,,attribute:,company,company address line 2,,The second line of the address of the company,,Example : New Braunfels,Optional,"Text, max 40 characters",,,,,real,True,sha256:a69b98012d9e4a46495a3aed48eef8ce75a69d001eaa28b4c38cb0f3c921909d,CORE CFIHOS V2.0 CSV/CFIHOS CORE data dictionary v2.0.csv,91,source_reference_record,source_reference_record_unreviewed
CFIHOS-10000186,,attribute:,company,company address line 3,,The third line of the address of the company,,Example : Tokyo 105-0004,Optional,"Text, max 40 characters",,,,,real,True,sha256:a69b98012d9e4a46495a3aed48eef8ce75a69d001eaa28b4c38cb0f3c921909d,CORE CFIHOS V2.0 CSV/CFIHOS CORE data dictionary v2.0.csv,92,source_reference_record,source_reference_record_unreviewed
CFIHOS-10000038,,attribute:,company,company contact person,,The name of the person to contact in the company,,Example : Mr K. Uchida,Mandatory,"Text, max 40 characters",,,,,real,True,sha256:a69b98012d9e4a46495a3aed48eef8ce75a69d001eaa28b4c38cb0f3c921909d,CORE CFIHOS V2.0 CSV/CFIHOS CORE data dictionary v2.0.csv,93,source_reference_record,source_reference_record_unreviewed
CFIHOS-10000039,,attribute:,company,company contact person function,,A description of the role of the contact person within the organisation of the company,,Example : Project Manager,Optional,"Text, max 40 characters",,,,,real,True,sha256:a69b98012d9e4a46495a3aed48eef8ce75a69d001eaa28b4c38cb0f3c921909d,CORE CFIHOS V2.0 CSV/CFIHOS CORE data dictionary v2.0.csv,94,source_reference_record,source_reference_record_unreviewed
CFIHOS-10000155,,attribute:,company,company email address,,The official email address of the company,,Example : projectjapanmachinery.com,Optional,"Text, max 255 characters",,,,,real,True,sha256:a69b98012d9e4a46495a3aed48eef8ce75a69d001eaa28b4c38cb0f3c921909d,CORE CFIHOS V2.0 CSV/CFIHOS CORE data dictionary v2.0.csv,95,source_reference_record,source_reference_record_unreviewed
CFIHOS-10000156,,attribute:,company,company fax number,,The official fax number of the company,,Example : +7 095 230 62 44,Optional,"Text, max 20 characters",,,,,real,True,sha256:a69b98012d9e4a46495a3aed48eef8ce75a69d001eaa28b4c38cb0f3c921909d,CORE CFIHOS V2.0 CSV/CFIHOS CORE data dictionary v2.0.csv,96,source_reference_record,source_reference_record_unreviewed
CFIHOS-10000150,,attribute:,company,company name,,A name used to uniquely identify the company,It is sometimes extracted from maintenance management system. The owner / operator and the EPC company need to align on the name of companies.,Example : Flowserve,Identifier,"Text, max 30 characters",,,,,real,True,sha256:a69b98012d9e4a46495a3aed48eef8ce75a69d001eaa28b4c38cb0f3c921909d,CORE CFIHOS V2.0 CSV/CFIHOS CORE data dictionary v2.0.csv,97,source_reference_record,source_reference_record_unreviewed
CFIHOS-10000167,,attribute:,company,company telephone number,,The official telephone number of the company,,Example : +44 (0)1932 249866,Optional,"Text, max 20 characters",,,,,real,True,sha256:a69b98012d9e4a46495a3aed48eef8ce75a69d001eaa28b4c38cb0f3c921909d,CORE CFIHOS V2.0 CSV/CFIHOS CORE data dictionary v2.0.csv,98,source_reference_record,source_reference_record_unreviewed
CFIHOS-10000151,,attribute:,company,ISO country code,,The country where the company address is located,,Example : US,Mandatory,"Text, max 2 characters",iso country,,,hosts,real,True,sha256:a69b98012d9e4a46495a3aed48eef8ce75a69d001eaa28b4c38cb0f3c921909d,CORE CFIHOS V2.0 CSV/CFIHOS CORE data dictionary v2.0.csv,99,source_reference_record,source_reference_record_unreviewed
CFIHOS-10000036,,attribute:,company,manufacturer indicator,,An indicator whether the company is a manufacturer or not,,Example : Yes,Mandatory,Boolean (Yes/No),,,,,real,True,sha256:a69b98012d9e4a46495a3aed48eef8ce75a69d001eaa28b4c38cb0f3c921909d,CORE CFIHOS V2.0 CSV/CFIHOS CORE data dictionary v2.0.csv,100,source_reference_record,source_reference_record_unreviewed
CFIHOS-10000037,,attribute:,company,supplier indicator,,An indicator whether the company is a supplier or not,,Example : Yes,Mandatory,Boolean (Yes/No),,,,,real,True,sha256:a69b98012d9e4a46495a3aed48eef8ce75a69d001eaa28b4c38cb0f3c921909d,CORE CFIHOS V2.0 CSV/CFIHOS CORE data dictionary v2.0.csv,101,source_reference_record,source_reference_record_unreviewed
CFIHOS-00000036,A.3.04,entity:,purchase order,,,A commercial document used to request a third party to supply goods or services in return for payment,,,,,,Mix Owner/Operator and EPC,,,real,True,sha256:a69b98012d9e4a46495a3aed48eef8ce75a69d001eaa28b4c38cb0f3c921909d,CORE CFIHOS V2.0 CSV/CFIHOS CORE data dictionary v2.0.csv,102,source_reference_record,source_reference_record_unreviewed
CFIHOS-10000161,,attribute:,purchase order,project code,,A code that uniquely identifies the project,,Example : FLNG,Optional,"Text, max 10 characters",project,,,is the reason for,real,True,sha256:a69b98012d9e4a46495a3aed48eef8ce75a69d001eaa28b4c38cb0f3c921909d,CORE CFIHOS V2.0 CSV/CFIHOS CORE data dictionary v2.0.csv,103,source_reference_record,source_reference_record_unreviewed
CFIHOS-10000136,,attribute:,purchase order,purchase order date,,The date the purchase order is issued,,Example : 1/1/2010,Mandatory,Date,,,,,real,True,sha256:a69b98012d9e4a46495a3aed48eef8ce75a69d001eaa28b4c38cb0f3c921909d,CORE CFIHOS V2.0 CSV/CFIHOS CORE data dictionary v2.0.csv,104,source_reference_record,source_reference_record_unreviewed
CFIHOS-10000187,,attribute:,purchase order,purchase order description,,A description of what is being purchased,,Example : Spare parts and materials for Fire Water Pump overhaul.,Mandatory,"Text, max 50 characters",,,,,real,True,sha256:a69b98012d9e4a46495a3aed48eef8ce75a69d001eaa28b4c38cb0f3c921909d,CORE CFIHOS V2.0 CSV/CFIHOS CORE data dictionary v2.0.csv,105,source_reference_record,source_reference_record_unreviewed
CFIHOS-10000180,,attribute:,purchase order,purchase order issuer company name,,The name of the company issuing the purchase order,,Example : Engineering and co Ltd,Identifier,"Text, max 30 characters",company,,,issues,real,True,sha256:a69b98012d9e4a46495a3aed48eef8ce75a69d001eaa28b4c38cb0f3c921909d,CORE CFIHOS V2.0 CSV/CFIHOS CORE data dictionary v2.0.csv,106,source_reference_record,source_reference_record_unreviewed
CFIHOS-10000128,,attribute:,purchase order,purchase order number,,A unique code used to identify the purchase order within the company issuing the purchase order,,Example : 00058,Identifier,"Text, max 50 characters",,,,,real,True,sha256:a69b98012d9e4a46495a3aed48eef8ce75a69d001eaa28b4c38cb0f3c921909d,CORE CFIHOS V2.0 CSV/CFIHOS CORE data dictionary v2.0.csv,107,source_reference_record,source_reference_record_unreviewed
CFIHOS-10000165,,attribute:,purchase order,purchase order receiver company name,,The name of the company that receives the purchase order,,Example : Flowserve,Mandatory,"Text, max 30 characters",company,,,receives,real,True,sha256:a69b98012d9e4a46495a3aed48eef8ce75a69d001eaa28b4c38cb0f3c921909d,CORE CFIHOS V2.0 CSV/CFIHOS CORE data dictionary v2.0.csv,108,source_reference_record,source_reference_record_unreviewed
CFIHOS-00000105,A.3.05,entity:,purchase order item,,,An item on a purchase order,"The tag, not the model, are necessarily known at the time the purchase order is placed. But the specifications of what is needed are known, and hence the equipment class is known.",,,,,Mix Owner/Operator and EPC,,,real,True,sha256:a69b98012d9e4a46495a3aed48eef8ce75a69d001eaa28b4c38cb0f3c921909d,CORE CFIHOS V2.0 CSV/CFIHOS CORE data dictionary v2.0.csv,109,source_reference_record,source_reference_record_unreviewed
CFIHOS-10000158,,attribute:,purchase order item,manufacturer company name,,A name used to uniquely identify the company who manufactures the model / part,,Example : Flowserve,Optional,"Text, max 30 characters",model part,,,is specified in,real,True,sha256:a69b98012d9e4a46495a3aed48eef8ce75a69d001eaa28b4c38cb0f3c921909d,CORE CFIHOS V2.0 CSV/CFIHOS CORE data dictionary v2.0.csv,110,source_reference_record,source_reference_record_unreviewed
CFIHOS-10000159,,attribute:,purchase order item,model part name,,A unique name to identify the model part of the manufacturer,,Example : A4 V726 PN 40,Optional,"Text, max 100 characters",model part,,,is specified in,real,True,sha256:a69b98012d9e4a46495a3aed48eef8ce75a69d001eaa28b4c38cb0f3c921909d,CORE CFIHOS V2.0 CSV/CFIHOS CORE data dictionary v2.0.csv,111,source_reference_record,source_reference_record_unreviewed
CFIHOS-10000180,,attribute:,purchase order item,purchase order issuer company name,,The name of the company issuing the purchase order,,Example : Engineering and co Ltd,Identifier,"Text, max 30 characters",purchase order,,,includes,real,True,sha256:a69b98012d9e4a46495a3aed48eef8ce75a69d001eaa28b4c38cb0f3c921909d,CORE CFIHOS V2.0 CSV/CFIHOS CORE data dictionary v2.0.csv,112,source_reference_record,source_reference_record_unreviewed
CFIHOS-10000300,,attribute:,purchase order item,purchase order item description,,A description of what is being purchased through this item,,Example : pipeline elbows,Optional,"Text, max 255 characters",,,,,real,True,sha256:a69b98012d9e4a46495a3aed48eef8ce75a69d001eaa28b4c38cb0f3c921909d,CORE CFIHOS V2.0 CSV/CFIHOS CORE data dictionary v2.0.csv,113,source_reference_record,source_reference_record_unreviewed
CFIHOS-10000301,,attribute:,purchase order item,purchase order item initial expected delivery date,,"The date, initially estimated, for the delivery of the purchase order item",,"Example : July 22, 2020",Optional,Date,,,,,real,True,sha256:a69b98012d9e4a46495a3aed48eef8ce75a69d001eaa28b4c38cb0f3c921909d,CORE CFIHOS V2.0 CSV/CFIHOS CORE data dictionary v2.0.csv,114,source_reference_record,source_reference_record_unreviewed
CFIHOS-10000302,,attribute:,purchase order item,purchase order item latest revised delivery date,,The latest revised date for the delivery of the purchase order item,,"Example : August 6, 2020",Optional,Date,,,,,real,True,sha256:a69b98012d9e4a46495a3aed48eef8ce75a69d001eaa28b4c38cb0f3c921909d,CORE CFIHOS V2.0 CSV/CFIHOS CORE data dictionary v2.0.csv,115,source_reference_record,source_reference_record_unreviewed
CFIHOS-10000299,,attribute:,purchase order item,purchase order item number,,A code that uniquely identifies an item in a purchase order,,Example : 0012,Identifier,Integer,,,,,real,True,sha256:a69b98012d9e4a46495a3aed48eef8ce75a69d001eaa28b4c38cb0f3c921909d,CORE CFIHOS V2.0 CSV/CFIHOS CORE data dictionary v2.0.csv,116,source_reference_record,source_reference_record_unreviewed
CFIHOS-10000303,,attribute:,purchase order item,purchase order item quantity,,The quantity of what is purchased in this order item,,Example : 100,Optional,NUM,,,,,real,True,sha256:a69b98012d9e4a46495a3aed48eef8ce75a69d001eaa28b4c38cb0f3c921909d,CORE CFIHOS V2.0 CSV/CFIHOS CORE data dictionary v2.0.csv,117,source_reference_record,source_reference_record_unreviewed
CFIHOS-10000128,,attribute:,purchase order item,purchase order number,,A unique code used to identify the purchase order within the company issuing the purchase order,,Example : 00058,Identifier,"Text, max 50 characters",purchase order,,,includes,real,True,sha256:a69b98012d9e4a46495a3aed48eef8ce75a69d001eaa28b4c38cb0f3c921909d,CORE CFIHOS V2.0 CSV/CFIHOS CORE data dictionary v2.0.csv,118,source_reference_record,source_reference_record_unreviewed
CFIHOS-10000238,,attribute:,purchase order item,unit of measure name,,The unit of measure in which is expressed the quantity purchased in the purchase order item,,Example : metre,Optional,"Text, max 90 characters",unit of measure,,,qualifies the quantity of,real,True,sha256:a69b98012d9e4a46495a3aed48eef8ce75a69d001eaa28b4c38cb0f3c921909d,CORE CFIHOS V2.0 CSV/CFIHOS CORE data dictionary v2.0.csv,119,source_reference_record,source_reference_record_unreviewed
CFIHOS-00000106,A.3.06,entity:,purchase order item tag,,,"A tag, or part of it, as covered in a purchase order item",,,,,,Mix Owner/Operator and EPC,,,real,True,sha256:a69b98012d9e4a46495a3aed48eef8ce75a69d001eaa28b4c38cb0f3c921909d,CORE CFIHOS V2.0 CSV/CFIHOS CORE data dictionary v2.0.csv,120,source_reference_record,source_reference_record_unreviewed
CFIHOS-10000005,,attribute:,purchase order item tag,plant code,,The plant where the tag is or will be located,,Example : 6000,Identifier,"Text, max 40 characters",tag,,,has its acquisition covered by,real,True,sha256:a69b98012d9e4a46495a3aed48eef8ce75a69d001eaa28b4c38cb0f3c921909d,CORE CFIHOS V2.0 CSV/CFIHOS CORE data dictionary v2.0.csv,121,source_reference_record,source_reference_record_unreviewed
CFIHOS-10000180,,attribute:,purchase order item tag,purchase order issuer company name,,The name of the company issuing the purchase order,,Example : Engineering and co Ltd,Identifier,"Text, max 30 characters",purchase order item,,,includes,real,True,sha256:a69b98012d9e4a46495a3aed48eef8ce75a69d001eaa28b4c38cb0f3c921909d,CORE CFIHOS V2.0 CSV/CFIHOS CORE data dictionary v2.0.csv,122,source_reference_record,source_reference_record_unreviewed
CFIHOS-10000299,,attribute:,purchase order item tag,purchase order item number,,A code that uniquely identifies an item in a purchase order,,Example : 0012,Identifier,Integer,purchase order item,,,includes,real,True,sha256:a69b98012d9e4a46495a3aed48eef8ce75a69d001eaa28b4c38cb0f3c921909d,CORE CFIHOS V2.0 CSV/CFIHOS CORE data dictionary v2.0.csv,123,source_reference_record,source_reference_record_unreviewed
CFIHOS-10000128,,attribute:,purchase order item tag,purchase order number,,A unique code used to identify the purchase order within the company issuing the purchase order,,Example : 00058,Identifier,"Text, max 50 characters",purchase order item,,,includes,real,True,sha256:a69b98012d9e4a46495a3aed48eef8ce75a69d001eaa28b4c38cb0f3c921909d,CORE CFIHOS V2.0 CSV/CFIHOS CORE data dictionary v2.0.csv,124,source_reference_record,source_reference_record_unreviewed
CFIHOS-10000166,,attribute:,purchase order item tag,tag name,,The full name of a tag,Different companies have different tag naming conventions. A tag name shall be unique within a plant.,Example : 036FV001,Identifier,"Text, max 33 characters",tag,,,has its acquisition covered by,real,True,sha256:a69b98012d9e4a46495a3aed48eef8ce75a69d001eaa28b4c38cb0f3c921909d,CORE CFIHOS V2.0 CSV/CFIHOS CORE data dictionary v2.0.csv,125,source_reference_record,source_reference_record_unreviewed
CFIHOS-00000040,A.3.07,entity:,engineering status,,,A phase of the engineering activities,,,,,,RDL Pick list,,,real,True,sha256:a69b98012d9e4a46495a3aed48eef8ce75a69d001eaa28b4c38cb0f3c921909d,CORE CFIHOS V2.0 CSV/CFIHOS CORE data dictionary v2.0.csv,126,source_reference_record,source_reference_record_unreviewed
CFIHOS-10000189,,attribute:,engineering status,engineering status code,,A code that uniquely identifies an engineering phase or status,,Example : ASB,Identifier,"Text, max 40 characters",,,,,real,True,sha256:a69b98012d9e4a46495a3aed48eef8ce75a69d001eaa28b4c38cb0f3c921909d,CORE CFIHOS V2.0 CSV/CFIHOS CORE data dictionary v2.0.csv,127,source_reference_record,source_reference_record_unreviewed
CFIHOS-10000190,,attribute:,engineering status,engineering status description,,The description of what the engineering status or phase represents,,Example : As Built,Mandatory,"Text, max 100 characters",,,,,real,True,sha256:a69b98012d9e4a46495a3aed48eef8ce75a69d001eaa28b4c38cb0f3c921909d,CORE CFIHOS V2.0 CSV/CFIHOS CORE data dictionary v2.0.csv,128,source_reference_record,source_reference_record_unreviewed
CFIHOS-00000041,A.3.08,entity:,safety critical item group,,,A classification of tags according to safety requirements,,,,,,RDL Pick list,,,real,True,sha256:a69b98012d9e4a46495a3aed48eef8ce75a69d001eaa28b4c38cb0f3c921909d,CORE CFIHOS V2.0 CSV/CFIHOS CORE data dictionary v2.0.csv,129,source_reference_record,source_reference_record_unreviewed
CFIHOS-10000029,,attribute:,safety critical item group,safety critical item group code,,"A code, as per SDE standards, that uniquely identifies the safety item group",,Example : DS001,Identifier,"Text, max 40 characters",,,,,real,True,sha256:a69b98012d9e4a46495a3aed48eef8ce75a69d001eaa28b4c38cb0f3c921909d,CORE CFIHOS V2.0 CSV/CFIHOS CORE data dictionary v2.0.csv,130,source_reference_record,source_reference_record_unreviewed
CFIHOS-10000191,,attribute:,safety critical item group,safety critical item group description,,A description of what the safety critical item group represents,,Example : Escape and Evacuation Routes,Optional,"Text, max 100 characters",,,,,real,True,sha256:a69b98012d9e4a46495a3aed48eef8ce75a69d001eaa28b4c38cb0f3c921909d,CORE CFIHOS V2.0 CSV/CFIHOS CORE data dictionary v2.0.csv,131,source_reference_record,source_reference_record_unreviewed
CFIHOS-00000008,A.3.09,entity:,model part,,,A type of equipment that is manufactured by a manufacturer,A Manufacturer/Supplier's catalogue contains the list of ''Model Part'' that a manufacturer can build.,,,,,EPC,,,real,True,sha256:a69b98012d9e4a46495a3aed48eef8ce75a69d001eaa28b4c38cb0f3c921909d,CORE CFIHOS V2.0 CSV/CFIHOS CORE data dictionary v2.0.csv,132,source_reference_record,source_reference_record_unreviewed
CFIHOS-10000395,,attribute:,model part,drawing position number,,Position / Item number of the item on the Manufacturer's Equipment drawing.,,Example : 001,Optional,Integer,,,,,real,True,sha256:a69b98012d9e4a46495a3aed48eef8ce75a69d001eaa28b4c38cb0f3c921909d,CORE CFIHOS V2.0 CSV/CFIHOS CORE data dictionary v2.0.csv,133,source_reference_record,source_reference_record_unreviewed
CFIHOS-10000047,,attribute:,model part,equipment class name,,The full name of the tag or equipment class,,Example : control panel,Mandatory,"Text, max 100 characters",equipment class,,,defines the physical composition of,real,True,sha256:a69b98012d9e4a46495a3aed48eef8ce75a69d001eaa28b4c38cb0f3c921909d,CORE CFIHOS V2.0 CSV/CFIHOS CORE data dictionary v2.0.csv,134,source_reference_record,source_reference_record_unreviewed
CFIHOS-10000158,,attribute:,model part,manufacturer company name,,A name used to uniquely identify the company who manufactures the model / part,,Example : Flowserve,Identifier,"Text, max 30 characters",company,,,makes,real,True,sha256:a69b98012d9e4a46495a3aed48eef8ce75a69d001eaa28b4c38cb0f3c921909d,CORE CFIHOS V2.0 CSV/CFIHOS CORE data dictionary v2.0.csv,135,source_reference_record,source_reference_record_unreviewed
CFIHOS-10000192,,attribute:,model part,model part description,,A description of the main function of the model part,,Example : Control valve (Fieldbus),Mandatory,"Text, max 255 characters",,,,,real,True,sha256:a69b98012d9e4a46495a3aed48eef8ce75a69d001eaa28b4c38cb0f3c921909d,CORE CFIHOS V2.0 CSV/CFIHOS CORE data dictionary v2.0.csv,136,source_reference_record,source_reference_record_unreviewed
CFIHOS-10000159,,attribute:,model part,model part name,,A unique name to identify the model part of the manufacturer,,Example : A4 V726 PN 40,Identifier,"Text, max 100 characters",,,,,real,True,sha256:a69b98012d9e4a46495a3aed48eef8ce75a69d001eaa28b4c38cb0f3c921909d,CORE CFIHOS V2.0 CSV/CFIHOS CORE data dictionary v2.0.csv,137,source_reference_record,source_reference_record_unreviewed
CFIHOS-10000396,,attribute:,model part,model part type,,The name of the model part type.,,"Example : CONSUMABLE, EQUIPMENT MODEL PART, KIT, SPARE PART or SPECIAL TOOL",Mandatory,"Text, max 40 characters",model part type,,,provides,real,True,sha256:a69b98012d9e4a46495a3aed48eef8ce75a69d001eaa28b4c38cb0f3c921909d,CORE CFIHOS V2.0 CSV/CFIHOS CORE data dictionary v2.0.csv,138,source_reference_record,source_reference_record_unreviewed
CFIHOS-10000394,,attribute:,model part,original model part manufacturer name,,The original model part manufacturer name if different.,,Example : SKF,Optional,"Text, max 30 characters",model part,,,original manufacturer and part are,real,True,sha256:a69b98012d9e4a46495a3aed48eef8ce75a69d001eaa28b4c38cb0f3c921909d,CORE CFIHOS V2.0 CSV/CFIHOS CORE data dictionary v2.0.csv,139,source_reference_record,source_reference_record_unreviewed
CFIHOS-10000400,,attribute:,model part,original model part name,,The original model part manufacturer part number if different.,,Example : W 619/2 X,Optional,"Text, max 100 characters",model part,,,original manufacturer and part are,real,True,sha256:a69b98012d9e4a46495a3aed48eef8ce75a69d001eaa28b4c38cb0f3c921909d,CORE CFIHOS V2.0 CSV/CFIHOS CORE data dictionary v2.0.csv,140,source_reference_record,source_reference_record_unreviewed
CFIHOS-10000393,,attribute:,model part,shelf life,,The shelf life of the model part.,,Example : 1,Optional,NUM,,,,,real,True,sha256:a69b98012d9e4a46495a3aed48eef8ce75a69d001eaa28b4c38cb0f3c921909d,CORE CFIHOS V2.0 CSV/CFIHOS CORE data dictionary v2.0.csv,141,source_reference_record,source_reference_record_unreviewed
CFIHOS-10000238,,attribute:,model part,unit of measure name,shelf life unit of measure name,The unit of measure that uniquely identifies the shelf life duration.,,Example : metre,Optional,"Text, max 90 characters",unit of measure,,,qualifies the value of,real,True,sha256:a69b98012d9e4a46495a3aed48eef8ce75a69d001eaa28b4c38cb0f3c921909d,CORE CFIHOS V2.0 CSV/CFIHOS CORE data dictionary v2.0.csv,142,source_reference_record,source_reference_record_unreviewed
CFIHOS-00000012,A.3.10,entity:,equipment,,,A physical device designed to perform a function,,,,,,EPC,,,real,True,sha256:a69b98012d9e4a46495a3aed48eef8ce75a69d001eaa28b4c38cb0f3c921909d,CORE CFIHOS V2.0 CSV/CFIHOS CORE data dictionary v2.0.csv,143,source_reference_record,source_reference_record_unreviewed
CFIHOS-10000169,,attribute:,equipment,equipment actual installation date,,The date at which the equipment was actually installed,,Example : 2022-11-15,Optional,Date,,,,,real,True,sha256:a69b98012d9e4a46495a3aed48eef8ce75a69d001eaa28b4c38cb0f3c921909d,CORE CFIHOS V2.0 CSV/CFIHOS CORE data dictionary v2.0.csv,144,source_reference_record,source_reference_record_unreviewed
CFIHOS-10000032,,attribute:,equipment,equipment actual purchase date,,The date at which the equipment was actually purchased,,Example : 2022-11-15,Optional,Date,,,,,real,True,sha256:a69b98012d9e4a46495a3aed48eef8ce75a69d001eaa28b4c38cb0f3c921909d,CORE CFIHOS V2.0 CSV/CFIHOS CORE data dictionary v2.0.csv,145,source_reference_record,source_reference_record_unreviewed
CFIHOS-10000033,,attribute:,equipment,equipment actual startup date,,The date at which the equipment was actually started up,,Example : 2022-11-15,Optional,Date,,,,,real,True,sha256:a69b98012d9e4a46495a3aed48eef8ce75a69d001eaa28b4c38cb0f3c921909d,CORE CFIHOS V2.0 CSV/CFIHOS CORE data dictionary v2.0.csv,146,source_reference_record,source_reference_record_unreviewed
CFIHOS-10000047,,attribute:,equipment,equipment class name,,The full name of the tag or equipment class,,Example : control panel,Mandatory,"Text, max 100 characters",equipment class,,,defines the physical composition of,real,True,sha256:a69b98012d9e4a46495a3aed48eef8ce75a69d001eaa28b4c38cb0f3c921909d,CORE CFIHOS V2.0 CSV/CFIHOS CORE data dictionary v2.0.csv,147,source_reference_record,source_reference_record_unreviewed
CFIHOS-10000031,,attribute:,equipment,equipment code,,A code used to identify uniquely the equipment.,"The number is sometimes generated by the company maintenance management system. Different companies use different naming conventions for their equipment code, like e.g. Equip_<plant_code>_<tag_name>, where plant_code/tag_name represent where the equipment is installed.",Example : 31000465212,Identifier,"Text, max 40 characters",,,,,real,True,sha256:a69b98012d9e4a46495a3aed48eef8ce75a69d001eaa28b4c38cb0f3c921909d,CORE CFIHOS V2.0 CSV/CFIHOS CORE data dictionary v2.0.csv,148,source_reference_record,source_reference_record_unreviewed
CFIHOS-10000163,,attribute:,equipment,equipment manufacturer serial number,,A unique identification number for the equipment as prescribed by the manufacturer,"If the equipment is a custom item designed specifically for this project, the contractor shall likewise assign a unique serial number. During the project this field may not be provided as the equipment is not received.",Example : AFKD34562837,Optional,"Text, max 50 characters",,,,,real,True,sha256:a69b98012d9e4a46495a3aed48eef8ce75a69d001eaa28b4c38cb0f3c921909d,CORE CFIHOS V2.0 CSV/CFIHOS CORE data dictionary v2.0.csv,149,source_reference_record,source_reference_record_unreviewed
CFIHOS-10000170,,attribute:,equipment,equipment price,,"The price of the equipment for accounting, excluding freight, shipping and insurance costs",When provided the price must be qualified by a currency.,Example :1500,Optional,Decimal (10),,,,,real,True,sha256:a69b98012d9e4a46495a3aed48eef8ce75a69d001eaa28b4c38cb0f3c921909d,CORE CFIHOS V2.0 CSV/CFIHOS CORE data dictionary v2.0.csv,150,source_reference_record,source_reference_record_unreviewed
CFIHOS-10000035,,attribute:,equipment,equipment warranty end date,,The date at which the warrant on the equipment will end,This date is usually supplied by the manufacturer.,Example : 2022-11-15,Optional,Date,,,,,real,True,sha256:a69b98012d9e4a46495a3aed48eef8ce75a69d001eaa28b4c38cb0f3c921909d,CORE CFIHOS V2.0 CSV/CFIHOS CORE data dictionary v2.0.csv,151,source_reference_record,source_reference_record_unreviewed
CFIHOS-10000193,,attribute:,equipment,ISO currency code,,The currency in which the price of the equipment is labelled.,,Example : USD,Optional,"Text, max 3 characters",iso currency,,,qualifies the price of,real,True,sha256:a69b98012d9e4a46495a3aed48eef8ce75a69d001eaa28b4c38cb0f3c921909d,CORE CFIHOS V2.0 CSV/CFIHOS CORE data dictionary v2.0.csv,152,source_reference_record,source_reference_record_unreviewed
CFIHOS-10000158,,attribute:,equipment,manufacturer company name,,A name used to uniquely identify the company. who manufactures the equipment,,Example : Flowserve,Optional,"Text, max 30 characters",model part,,,is the model of,real,True,sha256:a69b98012d9e4a46495a3aed48eef8ce75a69d001eaa28b4c38cb0f3c921909d,CORE CFIHOS V2.0 CSV/CFIHOS CORE data dictionary v2.0.csv,153,source_reference_record,source_reference_record_unreviewed
CFIHOS-10000159,,attribute:,equipment,model part name,,"A unique name to identify the model part of the manufacturer, and that the equipment is associated with",,Example : A4 V726 PN 40,Optional,"Text, max 100 characters",model part,,,is the model of,real,True,sha256:a69b98012d9e4a46495a3aed48eef8ce75a69d001eaa28b4c38cb0f3c921909d,CORE CFIHOS V2.0 CSV/CFIHOS CORE data dictionary v2.0.csv,154,source_reference_record,source_reference_record_unreviewed
CFIHOS-10000005,,attribute:,equipment,plant code,,The plant where the equipment is or will be installed,,Example : 6000,Optional,"Text, max 40 characters",tag,,,is fulfilled by,real,True,sha256:a69b98012d9e4a46495a3aed48eef8ce75a69d001eaa28b4c38cb0f3c921909d,CORE CFIHOS V2.0 CSV/CFIHOS CORE data dictionary v2.0.csv,155,source_reference_record,source_reference_record_unreviewed
CFIHOS-10000180,,attribute:,equipment,purchase order issuer company name,,The name of the company issuing the purchase order through which this equipment was acquired,,Example : Engineering and co Ltd,Optional,"Text, max 30 characters",purchase order item,,,results in the receipt of,real,True,sha256:a69b98012d9e4a46495a3aed48eef8ce75a69d001eaa28b4c38cb0f3c921909d,CORE CFIHOS V2.0 CSV/CFIHOS CORE data dictionary v2.0.csv,156,source_reference_record,source_reference_record_unreviewed
CFIHOS-10000299,,attribute:,equipment,purchase order item number,,A code that uniquely identifies an item in a purchase order,,Example : 0012,Optional,Integer,purchase order item,,,results in the receipt of,real,True,sha256:a69b98012d9e4a46495a3aed48eef8ce75a69d001eaa28b4c38cb0f3c921909d,CORE CFIHOS V2.0 CSV/CFIHOS CORE data dictionary v2.0.csv,157,source_reference_record,source_reference_record_unreviewed
CFIHOS-10000128,,attribute:,equipment,purchase order number,,A unique code used to identify the purchase order within the company issuing the purchase order,,Example : 00058,Optional,"Text, max 50 characters",purchase order item,,,results in the receipt of,real,True,sha256:a69b98012d9e4a46495a3aed48eef8ce75a69d001eaa28b4c38cb0f3c921909d,CORE CFIHOS V2.0 CSV/CFIHOS CORE data dictionary v2.0.csv,158,source_reference_record,source_reference_record_unreviewed
CFIHOS-10000166,,attribute:,equipment,tag name,,The full name of a tag,Different companies have different tag naming conventions. A tag name shall be unique within a plant.,Example : 036FV001,Optional,"Text, max 33 characters",tag,,,is fulfilled by,real,True,sha256:a69b98012d9e4a46495a3aed48eef8ce75a69d001eaa28b4c38cb0f3c921909d,CORE CFIHOS V2.0 CSV/CFIHOS CORE data dictionary v2.0.csv,159,source_reference_record,source_reference_record_unreviewed
CFIHOS-10000164,,attribute:,equipment,vendor company name,,The name of the company supplying (''vendor'') the equipment,,Example : Valves and co Ltd,Optional,"Text, max 30 characters",company,,,sells,real,True,sha256:a69b98012d9e4a46495a3aed48eef8ce75a69d001eaa28b4c38cb0f3c921909d,CORE CFIHOS V2.0 CSV/CFIHOS CORE data dictionary v2.0.csv,160,source_reference_record,source_reference_record_unreviewed
CFIHOS-00000042,A.3.11,entity:,ISO currency,,,"A currency, as recognised by the ISO organisation in its 4217 standard",,,,,,RDL Pick list,,,real,True,sha256:a69b98012d9e4a46495a3aed48eef8ce75a69d001eaa28b4c38cb0f3c921909d,CORE CFIHOS V2.0 CSV/CFIHOS CORE data dictionary v2.0.csv,161,source_reference_record,source_reference_record_unreviewed
CFIHOS-10000193,,attribute:,ISO currency,ISO currency code,,"A code that uniquely identifies a currency, as per ISO 4217",,Example : USD,Identifier,"Text, max 3 characters",,,,,real,True,sha256:a69b98012d9e4a46495a3aed48eef8ce75a69d001eaa28b4c38cb0f3c921909d,CORE CFIHOS V2.0 CSV/CFIHOS CORE data dictionary v2.0.csv,162,source_reference_record,source_reference_record_unreviewed
CFIHOS-10000194,,attribute:,ISO currency,ISO currency name,,The name that is assigned to the ISO currency,,Example : US Dollar,Mandatory,"Text, max 50 characters",,,,,real,True,sha256:a69b98012d9e4a46495a3aed48eef8ce75a69d001eaa28b4c38cb0f3c921909d,CORE CFIHOS V2.0 CSV/CFIHOS CORE data dictionary v2.0.csv,163,source_reference_record,source_reference_record_unreviewed
CFIHOS-00000039,A.3.12,entity:,ISO country,,,"A country, as recognised by ISO in its 3166-1 standard",,,,,,RDL Pick list,,,real,True,sha256:a69b98012d9e4a46495a3aed48eef8ce75a69d001eaa28b4c38cb0f3c921909d,CORE CFIHOS V2.0 CSV/CFIHOS CORE data dictionary v2.0.csv,164,source_reference_record,source_reference_record_unreviewed
CFIHOS-10000151,,attribute:,ISO country,ISO country code,,"A code that uniquely identifies a country, according to ISO 3166-1",,Example : US,Identifier,"Text, max 2 characters",,,,,real,True,sha256:a69b98012d9e4a46495a3aed48eef8ce75a69d001eaa28b4c38cb0f3c921909d,CORE CFIHOS V2.0 CSV/CFIHOS CORE data dictionary v2.0.csv,165,source_reference_record,source_reference_record_unreviewed
CFIHOS-10000188,,attribute:,ISO country,ISO country name,,"The name assigned by ISO to the country, in its 3166-1 standard",,Example : Great Britain,Mandatory,"Text, max 100 characters",,,,,real,True,sha256:a69b98012d9e4a46495a3aed48eef8ce75a69d001eaa28b4c38cb0f3c921909d,CORE CFIHOS V2.0 CSV/CFIHOS CORE data dictionary v2.0.csv,166,source_reference_record,source_reference_record_unreviewed
CFIHOS-00000149,A.3.15,entity:,equipment model part,,,"A model part, present in a manufacturer or vendor catalogue, or a custom designed model intended for installation as an equipment.",,,,,,Manufacturer/Vendor,,,real,True,sha256:a69b98012d9e4a46495a3aed48eef8ce75a69d001eaa28b4c38cb0f3c921909d,CORE CFIHOS V2.0 CSV/CFIHOS CORE data dictionary v2.0.csv,167,source_reference_record,source_reference_record_unreviewed
CFIHOS-10000395,,attribute:,equipment model part,drawing position number,,Position / Item number of the item on the Manufacturer's Equipment drawing.,,Example : 001,Optional,Integer,,,,,real,True,sha256:a69b98012d9e4a46495a3aed48eef8ce75a69d001eaa28b4c38cb0f3c921909d,CORE CFIHOS V2.0 CSV/CFIHOS CORE data dictionary v2.0.csv,168,source_reference_record,source_reference_record_unreviewed
CFIHOS-10000047,,attribute:,equipment model part,equipment class name,,The full name of the equipment class,,Example : control panel,Mandatory,"Text, max 100 characters",equipment class,,,defines the physical composition of,real,True,sha256:a69b98012d9e4a46495a3aed48eef8ce75a69d001eaa28b4c38cb0f3c921909d,CORE CFIHOS V2.0 CSV/CFIHOS CORE data dictionary v2.0.csv,169,source_reference_record,source_reference_record_unreviewed
CFIHOS-10000158,,attribute:,equipment model part,manufacturer company name,,A name used to uniquely identify the company who manufactures the model / part,,Example : Flowserve,Optional,"Text, max 30 characters",model part,,,is subtype of,real,True,sha256:a69b98012d9e4a46495a3aed48eef8ce75a69d001eaa28b4c38cb0f3c921909d,CORE CFIHOS V2.0 CSV/CFIHOS CORE data dictionary v2.0.csv,170,source_reference_record,source_reference_record_unreviewed
CFIHOS-10000192,,attribute:,equipment model part,model part description,,A description of the main function of the model part.,,Example : Control valve (Fieldbus),Mandatory,"Text, max 255 characters",,,,,real,True,sha256:a69b98012d9e4a46495a3aed48eef8ce75a69d001eaa28b4c38cb0f3c921909d,CORE CFIHOS V2.0 CSV/CFIHOS CORE data dictionary v2.0.csv,171,source_reference_record,source_reference_record_unreviewed
CFIHOS-10000159,,attribute:,equipment model part,model part name,,A unique name to identify the model part of the manufacturer,,Example : A4 V726 PN 40,Optional,"Text, max 100 characters",model part,,,is subtype of,real,True,sha256:a69b98012d9e4a46495a3aed48eef8ce75a69d001eaa28b4c38cb0f3c921909d,CORE CFIHOS V2.0 CSV/CFIHOS CORE data dictionary v2.0.csv,172,source_reference_record,source_reference_record_unreviewed
CFIHOS-10000394,,attribute:,equipment model part,original model part manufacturer name,,The original model part manufacturer name if different.,,Example : SKF,Optional,"Text, max 30 characters",model part,,,original manufacturer and part are,real,True,sha256:a69b98012d9e4a46495a3aed48eef8ce75a69d001eaa28b4c38cb0f3c921909d,CORE CFIHOS V2.0 CSV/CFIHOS CORE data dictionary v2.0.csv,173,source_reference_record,source_reference_record_unreviewed
CFIHOS-10000400,,attribute:,equipment model part,original model part name,,The original model part manufacturer part number if different.,,Example : W 619/2 X,Optional,"Text, max 100 characters",model part,,,original manufacturer and part are,real,True,sha256:a69b98012d9e4a46495a3aed48eef8ce75a69d001eaa28b4c38cb0f3c921909d,CORE CFIHOS V2.0 CSV/CFIHOS CORE data dictionary v2.0.csv,174,source_reference_record,source_reference_record_unreviewed
CFIHOS-10000393,,attribute:,equipment model part,shelf life,,The shelf life of the model part.,,Example : 1,Optional,NUM,,,,,real,True,sha256:a69b98012d9e4a46495a3aed48eef8ce75a69d001eaa28b4c38cb0f3c921909d,CORE CFIHOS V2.0 CSV/CFIHOS CORE data dictionary v2.0.csv,175,source_reference_record,source_reference_record_unreviewed
CFIHOS-10000238,,attribute:,equipment model part,unit of measure name,shelf life unit of measure name,The unit of measure that uniquely identifies the shelf life duration.,,Example : metre,Optional,"Text, max 90 characters",unit of measure,,,qualifies the value of,real,True,sha256:a69b98012d9e4a46495a3aed48eef8ce75a69d001eaa28b4c38cb0f3c921909d,CORE CFIHOS V2.0 CSV/CFIHOS CORE data dictionary v2.0.csv,176,source_reference_record,source_reference_record_unreviewed
CFIHOS-00000150,A.3.16,entity:,spare part,,,"A part, either non-repairable or repairable, from the associated bill of material used to maintain or repair machinery or equipment.",Definition inspired by IEC 62550 Spare parts provisioning.,,,,,Manufacturer/Vendor,,,real,True,sha256:a69b98012d9e4a46495a3aed48eef8ce75a69d001eaa28b4c38cb0f3c921909d,CORE CFIHOS V2.0 CSV/CFIHOS CORE data dictionary v2.0.csv,177,source_reference_record,source_reference_record_unreviewed
CFIHOS-10000395,,attribute:,spare part,drawing position number,,Position / Item number of the item on the Manufacturer's Equipment drawing.,,Example : 001,Optional,Integer,,,,,real,True,sha256:a69b98012d9e4a46495a3aed48eef8ce75a69d001eaa28b4c38cb0f3c921909d,CORE CFIHOS V2.0 CSV/CFIHOS CORE data dictionary v2.0.csv,178,source_reference_record,source_reference_record_unreviewed
CFIHOS-10000047,,attribute:,spare part,equipment class name,,The full name of the equipment class,,Example : control panel,Mandatory,"Text, max 100 characters",equipment class,,,defines the physical composition of,real,True,sha256:a69b98012d9e4a46495a3aed48eef8ce75a69d001eaa28b4c38cb0f3c921909d,CORE CFIHOS V2.0 CSV/CFIHOS CORE data dictionary v2.0.csv,179,source_reference_record,source_reference_record_unreviewed
CFIHOS-10000158,,attribute:,spare part,manufacturer company name,,A name used to uniquely identify the company who manufactures the model / part,,Example : Flowserve,Optional,"Text, max 30 characters",model part,,,is subtype of,real,True,sha256:a69b98012d9e4a46495a3aed48eef8ce75a69d001eaa28b4c38cb0f3c921909d,CORE CFIHOS V2.0 CSV/CFIHOS CORE data dictionary v2.0.csv,180,source_reference_record,source_reference_record_unreviewed
CFIHOS-10000192,,attribute:,spare part,model part description,,A description of the main function of the model part.,,Example : Control valve (Fieldbus),Mandatory,"Text, max 255 characters",,,,,real,True,sha256:a69b98012d9e4a46495a3aed48eef8ce75a69d001eaa28b4c38cb0f3c921909d,CORE CFIHOS V2.0 CSV/CFIHOS CORE data dictionary v2.0.csv,181,source_reference_record,source_reference_record_unreviewed
CFIHOS-10000159,,attribute:,spare part,model part name,,A unique name to identify the model part of the manufacturer,,Example : A4 V726 PN 40,Optional,"Text, max 100 characters",model part,,,is subtype of,real,True,sha256:a69b98012d9e4a46495a3aed48eef8ce75a69d001eaa28b4c38cb0f3c921909d,CORE CFIHOS V2.0 CSV/CFIHOS CORE data dictionary v2.0.csv,182,source_reference_record,source_reference_record_unreviewed
CFIHOS-10000394,,attribute:,spare part,original model part manufacturer name,,The original model part manufacturer name if different.,,Example : SKF,Optional,"Text, max 30 characters",model part,,,original manufacturer and part are,real,True,sha256:a69b98012d9e4a46495a3aed48eef8ce75a69d001eaa28b4c38cb0f3c921909d,CORE CFIHOS V2.0 CSV/CFIHOS CORE data dictionary v2.0.csv,183,source_reference_record,source_reference_record_unreviewed
CFIHOS-10000400,,attribute:,spare part,original model part name,,The original model part manufacturer part number if different.,,Example : W 619/2 X,Optional,"Text, max 100 characters",model part,,,original manufacturer and part are,real,True,sha256:a69b98012d9e4a46495a3aed48eef8ce75a69d001eaa28b4c38cb0f3c921909d,CORE CFIHOS V2.0 CSV/CFIHOS CORE data dictionary v2.0.csv,184,source_reference_record,source_reference_record_unreviewed
CFIHOS-10000393,,attribute:,spare part,shelf life,,The shelf life of the model part.,,Example : 1,Optional,NUM,,,,,real,True,sha256:a69b98012d9e4a46495a3aed48eef8ce75a69d001eaa28b4c38cb0f3c921909d,CORE CFIHOS V2.0 CSV/CFIHOS CORE data dictionary v2.0.csv,185,source_reference_record,source_reference_record_unreviewed
CFIHOS-10000238,,attribute:,spare part,unit of measure name,shelf life unit of measure name,The unit of measure that uniquely identifies the shelf life duration.,,Example : metre,Optional,"Text, max 90 characters",unit of measure,,,qualifies the value of,real,True,sha256:a69b98012d9e4a46495a3aed48eef8ce75a69d001eaa28b4c38cb0f3c921909d,CORE CFIHOS V2.0 CSV/CFIHOS CORE data dictionary v2.0.csv,186,source_reference_record,source_reference_record_unreviewed
CFIHOS-00000151,A.3.17,entity:,kit,,,"A kit comprises a number of items supplied under a single part number which is used to undertake a manufacturer’s approved repair scheme. A kit may include spare parts, special tools and consumables.",Definition inspired by IEC 62550 Spare parts provisioning.,,,,,Manufacturer/Vendor,,,real,True,sha256:a69b98012d9e4a46495a3aed48eef8ce75a69d001eaa28b4c38cb0f3c921909d,CORE CFIHOS V2.0 CSV/CFIHOS CORE data dictionary v2.0.csv,187,source_reference_record,source_reference_record_unreviewed
CFIHOS-10000395,,attribute:,kit,drawing position number,,Position / Item number of the item on the Manufacturer's Equipment drawing.,,Example : 001,Optional,Integer,,,,,real,True,sha256:a69b98012d9e4a46495a3aed48eef8ce75a69d001eaa28b4c38cb0f3c921909d,CORE CFIHOS V2.0 CSV/CFIHOS CORE data dictionary v2.0.csv,188,source_reference_record,source_reference_record_unreviewed
CFIHOS-10000047,,attribute:,kit,equipment class name,,The full name of the equipment class,,Example : control panel,Mandatory,"Text, max 100 characters",equipment class,,,defines the physical composition of,real,True,sha256:a69b98012d9e4a46495a3aed48eef8ce75a69d001eaa28b4c38cb0f3c921909d,CORE CFIHOS V2.0 CSV/CFIHOS CORE data dictionary v2.0.csv,189,source_reference_record,source_reference_record_unreviewed
CFIHOS-10000158,,attribute:,kit,manufacturer company name,,A name used to uniquely identify the company who manufactures the model / part,,Example : Flowserve,Optional,"Text, max 30 characters",model part,,,is subtype of,real,True,sha256:a69b98012d9e4a46495a3aed48eef8ce75a69d001eaa28b4c38cb0f3c921909d,CORE CFIHOS V2.0 CSV/CFIHOS CORE data dictionary v2.0.csv,190,source_reference_record,source_reference_record_unreviewed
CFIHOS-10000192,,attribute:,kit,model part description,,A description of the main function of the model part.,,Example : Control valve (Fieldbus),Mandatory,"Text, max 255 characters",,,,,real,True,sha256:a69b98012d9e4a46495a3aed48eef8ce75a69d001eaa28b4c38cb0f3c921909d,CORE CFIHOS V2.0 CSV/CFIHOS CORE data dictionary v2.0.csv,191,source_reference_record,source_reference_record_unreviewed
CFIHOS-10000159,,attribute:,kit,model part name,,A unique name to identify the model part of the manufacturer,,Example : A4 V726 PN 40,Optional,"Text, max 100 characters",model part,,,is subtype of,real,True,sha256:a69b98012d9e4a46495a3aed48eef8ce75a69d001eaa28b4c38cb0f3c921909d,CORE CFIHOS V2.0 CSV/CFIHOS CORE data dictionary v2.0.csv,192,source_reference_record,source_reference_record_unreviewed
CFIHOS-10000394,,attribute:,kit,original model part manufacturer name,,The original model part manufacturer name if different.,,Example : SKF,Optional,"Text, max 30 characters",model part,,,original manufacturer and part are,real,True,sha256:a69b98012d9e4a46495a3aed48eef8ce75a69d001eaa28b4c38cb0f3c921909d,CORE CFIHOS V2.0 CSV/CFIHOS CORE data dictionary v2.0.csv,193,source_reference_record,source_reference_record_unreviewed
CFIHOS-10000400,,attribute:,kit,original model part name,,The original model part manufacturer part number if different.,,Example : W 619/2 X,Optional,"Text, max 100 characters",model part,,,original manufacturer and part are,real,True,sha256:a69b98012d9e4a46495a3aed48eef8ce75a69d001eaa28b4c38cb0f3c921909d,CORE CFIHOS V2.0 CSV/CFIHOS CORE data dictionary v2.0.csv,194,source_reference_record,source_reference_record_unreviewed
CFIHOS-10000393,,attribute:,kit,shelf life,,The shelf life of the model part.,,Example : 1,Optional,NUM,,,,,real,True,sha256:a69b98012d9e4a46495a3aed48eef8ce75a69d001eaa28b4c38cb0f3c921909d,CORE CFIHOS V2.0 CSV/CFIHOS CORE data dictionary v2.0.csv,195,source_reference_record,source_reference_record_unreviewed
CFIHOS-10000238,,attribute:,kit,unit of measure name,shelf life unit of measure name,The unit of measure that uniquely identifies the shelf life duration.,,Example : metre,Optional,"Text, max 90 characters",unit of measure,,,qualifies the value of,real,True,sha256:a69b98012d9e4a46495a3aed48eef8ce75a69d001eaa28b4c38cb0f3c921909d,CORE CFIHOS V2.0 CSV/CFIHOS CORE data dictionary v2.0.csv,196,source_reference_record,source_reference_record_unreviewed
CFIHOS-00000139,A.3.18,entity:,selectable model part for tag,,,A model part that can be selected for the implementation of a tag,"The model part is selectable when the tag and the model part are part of the same tag or equipment class, or when the tag class and the equipment class have a relationship.",,,,,Owner/Operator,,,real,True,sha256:a69b98012d9e4a46495a3aed48eef8ce75a69d001eaa28b4c38cb0f3c921909d,CORE CFIHOS V2.0 CSV/CFIHOS CORE data dictionary v2.0.csv,197,source_reference_record,source_reference_record_unreviewed
CFIHOS-10000158,,attribute:,selectable model part for tag,manufacturer company name,,A name used to uniquely identify the company who manufactures the model / part,,Example : Flowserve,Identifier,"Text, max 30 characters",model part,,,meets the criteria to be,real,True,sha256:a69b98012d9e4a46495a3aed48eef8ce75a69d001eaa28b4c38cb0f3c921909d,CORE CFIHOS V2.0 CSV/CFIHOS CORE data dictionary v2.0.csv,198,source_reference_record,source_reference_record_unreviewed
CFIHOS-10000159,,attribute:,selectable model part for tag,model part name,,A unique name to identify the model part of the manufacturer,,Example : A4 V726 PN 40,Identifier,"Text, max 100 characters",model part,,,meets the criteria to be,real,True,sha256:a69b98012d9e4a46495a3aed48eef8ce75a69d001eaa28b4c38cb0f3c921909d,CORE CFIHOS V2.0 CSV/CFIHOS CORE data dictionary v2.0.csv,199,source_reference_record,source_reference_record_unreviewed
CFIHOS-10000005,,attribute:,selectable model part for tag,plant code,,The plant where the tag is or will be located,,Example : 6000,Identifier,"Text, max 40 characters",tag,,,can be implemented by,real,True,sha256:a69b98012d9e4a46495a3aed48eef8ce75a69d001eaa28b4c38cb0f3c921909d,CORE CFIHOS V2.0 CSV/CFIHOS CORE data dictionary v2.0.csv,200,source_reference_record,source_reference_record_unreviewed
CFIHOS-10000166,,attribute:,selectable model part for tag,tag name,,The full name of a tag,Different companies have different tag naming conventions. A tag name shall be unique within a plant.,Example : 036FV001,Identifier,"Text, max 33 characters",tag,,,can be implemented by,real,True,sha256:a69b98012d9e4a46495a3aed48eef8ce75a69d001eaa28b4c38cb0f3c921909d,CORE CFIHOS V2.0 CSV/CFIHOS CORE data dictionary v2.0.csv,201,source_reference_record,source_reference_record_unreviewed
CFIHOS-00000152,A.3.19,entity:,special tool,,,"A tool that is specifically required in conjunction with model parts, for example a tool intended to install a model part.",Definition inspired by IEC 62550 Spare parts provisioning.,,,,,Manufacturer/Vendor,,,real,True,sha256:a69b98012d9e4a46495a3aed48eef8ce75a69d001eaa28b4c38cb0f3c921909d,CORE CFIHOS V2.0 CSV/CFIHOS CORE data dictionary v2.0.csv,202,source_reference_record,source_reference_record_unreviewed
CFIHOS-10000395,,attribute:,special tool,drawing position number,,Position / Item number of the item on the Manufacturer's Equipment drawing.,,Example : 001,Optional,Integer,,,,,real,True,sha256:a69b98012d9e4a46495a3aed48eef8ce75a69d001eaa28b4c38cb0f3c921909d,CORE CFIHOS V2.0 CSV/CFIHOS CORE data dictionary v2.0.csv,203,source_reference_record,source_reference_record_unreviewed
CFIHOS-10000047,,attribute:,special tool,equipment class name,,The full name of the equipment class,,Example : control panel,Mandatory,"Text, max 100 characters",equipment class,,,defines the physical composition of,real,True,sha256:a69b98012d9e4a46495a3aed48eef8ce75a69d001eaa28b4c38cb0f3c921909d,CORE CFIHOS V2.0 CSV/CFIHOS CORE data dictionary v2.0.csv,204,source_reference_record,source_reference_record_unreviewed
CFIHOS-10000158,,attribute:,special tool,manufacturer company name,,A name used to uniquely identify the company who manufactures the model / part,,Example : Flowserve,Optional,"Text, max 30 characters",model part,,,is subtype of,real,True,sha256:a69b98012d9e4a46495a3aed48eef8ce75a69d001eaa28b4c38cb0f3c921909d,CORE CFIHOS V2.0 CSV/CFIHOS CORE data dictionary v2.0.csv,205,source_reference_record,source_reference_record_unreviewed
CFIHOS-10000192,,attribute:,special tool,model part description,,A description of the main function of the model part.,,Example : Control valve (Fieldbus),Mandatory,"Text, max 255 characters",,,,,real,True,sha256:a69b98012d9e4a46495a3aed48eef8ce75a69d001eaa28b4c38cb0f3c921909d,CORE CFIHOS V2.0 CSV/CFIHOS CORE data dictionary v2.0.csv,206,source_reference_record,source_reference_record_unreviewed
CFIHOS-10000159,,attribute:,special tool,model part name,,A unique name to identify the model part of the manufacturer,,Example : A4 V726 PN 40,Optional,"Text, max 100 characters",model part,,,is subtype of,real,True,sha256:a69b98012d9e4a46495a3aed48eef8ce75a69d001eaa28b4c38cb0f3c921909d,CORE CFIHOS V2.0 CSV/CFIHOS CORE data dictionary v2.0.csv,207,source_reference_record,source_reference_record_unreviewed
CFIHOS-10000394,,attribute:,special tool,original model part manufacturer name,,The original model part manufacturer name if different.,,Example : SKF,Optional,"Text, max 30 characters",model part,,,original manufacturer and part are,real,True,sha256:a69b98012d9e4a46495a3aed48eef8ce75a69d001eaa28b4c38cb0f3c921909d,CORE CFIHOS V2.0 CSV/CFIHOS CORE data dictionary v2.0.csv,208,source_reference_record,source_reference_record_unreviewed
CFIHOS-10000400,,attribute:,special tool,original model part name,,The original model part manufacturer part number if different.,,Example : W 619/2 X,Optional,"Text, max 100 characters",model part,,,original manufacturer and part are,real,True,sha256:a69b98012d9e4a46495a3aed48eef8ce75a69d001eaa28b4c38cb0f3c921909d,CORE CFIHOS V2.0 CSV/CFIHOS CORE data dictionary v2.0.csv,209,source_reference_record,source_reference_record_unreviewed
CFIHOS-10000393,,attribute:,special tool,shelf life,,The shelf life of the model part.,,Example : 1,Optional,NUM,,,,,real,True,sha256:a69b98012d9e4a46495a3aed48eef8ce75a69d001eaa28b4c38cb0f3c921909d,CORE CFIHOS V2.0 CSV/CFIHOS CORE data dictionary v2.0.csv,210,source_reference_record,source_reference_record_unreviewed
CFIHOS-10000238,,attribute:,special tool,unit of measure name,shelf life unit of measure name,The unit of measure that uniquely identifies the shelf life duration.,,Example : metre,Optional,"Text, max 90 characters",unit of measure,,,qualifies the value of,real,True,sha256:a69b98012d9e4a46495a3aed48eef8ce75a69d001eaa28b4c38cb0f3c921909d,CORE CFIHOS V2.0 CSV/CFIHOS CORE data dictionary v2.0.csv,211,source_reference_record,source_reference_record_unreviewed
CFIHOS-00000153,A.3.20,entity:,consumable,,,"Any item which is expendable, may be regularly replaced and generally is not product specific, for example oil, grease, nuts, bolts and screws, gaskets, etc.",Definition inspired by IEC 62550 Spare parts provisioning.,,,,,Manufacturer/Vendor,,,real,True,sha256:a69b98012d9e4a46495a3aed48eef8ce75a69d001eaa28b4c38cb0f3c921909d,CORE CFIHOS V2.0 CSV/CFIHOS CORE data dictionary v2.0.csv,212,source_reference_record,source_reference_record_unreviewed
CFIHOS-10000395,,attribute:,consumable,drawing position number,,Position / Item number of the item on the Manufacturer's Equipment drawing.,,Example : 001,Optional,Integer,,,,,real,True,sha256:a69b98012d9e4a46495a3aed48eef8ce75a69d001eaa28b4c38cb0f3c921909d,CORE CFIHOS V2.0 CSV/CFIHOS CORE data dictionary v2.0.csv,213,source_reference_record,source_reference_record_unreviewed
CFIHOS-10000047,,attribute:,consumable,equipment class name,,The full name of the equipment class,,Example : control panel,Mandatory,"Text, max 100 characters",equipment class,,,defines the physical composition of,real,True,sha256:a69b98012d9e4a46495a3aed48eef8ce75a69d001eaa28b4c38cb0f3c921909d,CORE CFIHOS V2.0 CSV/CFIHOS CORE data dictionary v2.0.csv,214,source_reference_record,source_reference_record_unreviewed
CFIHOS-10000158,,attribute:,consumable,manufacturer company name,,A name used to uniquely identify the company who manufactures the model / part,,Example : Flowserve,Optional,"Text, max 30 characters",model part,,,is subtype of,real,True,sha256:a69b98012d9e4a46495a3aed48eef8ce75a69d001eaa28b4c38cb0f3c921909d,CORE CFIHOS V2.0 CSV/CFIHOS CORE data dictionary v2.0.csv,215,source_reference_record,source_reference_record_unreviewed
CFIHOS-10000192,,attribute:,consumable,model part description,,A description of the main function of the model part.,,Example : Control valve (Fieldbus),Mandatory,"Text, max 255 characters",,,,,real,True,sha256:a69b98012d9e4a46495a3aed48eef8ce75a69d001eaa28b4c38cb0f3c921909d,CORE CFIHOS V2.0 CSV/CFIHOS CORE data dictionary v2.0.csv,216,source_reference_record,source_reference_record_unreviewed
CFIHOS-10000159,,attribute:,consumable,model part name,,A unique name to identify the model part of the manufacturer,,Example : A4 V726 PN 40,Optional,"Text, max 100 characters",model part,,,is subtype of,real,True,sha256:a69b98012d9e4a46495a3aed48eef8ce75a69d001eaa28b4c38cb0f3c921909d,CORE CFIHOS V2.0 CSV/CFIHOS CORE data dictionary v2.0.csv,217,source_reference_record,source_reference_record_unreviewed
CFIHOS-10000394,,attribute:,consumable,original model part manufacturer name,,The original model part manufacturer name if different.,,Example : SKF,Optional,"Text, max 30 characters",model part,,,original manufacturer and part are,real,True,sha256:a69b98012d9e4a46495a3aed48eef8ce75a69d001eaa28b4c38cb0f3c921909d,CORE CFIHOS V2.0 CSV/CFIHOS CORE data dictionary v2.0.csv,218,source_reference_record,source_reference_record_unreviewed
CFIHOS-10000400,,attribute:,consumable,original model part name,,The original model part manufacturer part number if different.,,Example : W 619/2 X,Optional,"Text, max 100 characters",model part,,,original manufacturer and part are,real,True,sha256:a69b98012d9e4a46495a3aed48eef8ce75a69d001eaa28b4c38cb0f3c921909d,CORE CFIHOS V2.0 CSV/CFIHOS CORE data dictionary v2.0.csv,219,source_reference_record,source_reference_record_unreviewed
CFIHOS-10000393,,attribute:,consumable,shelf life,,The shelf life of the model part.,,Example : 1,Optional,NUM,,,,,real,True,sha256:a69b98012d9e4a46495a3aed48eef8ce75a69d001eaa28b4c38cb0f3c921909d,CORE CFIHOS V2.0 CSV/CFIHOS CORE data dictionary v2.0.csv,220,source_reference_record,source_reference_record_unreviewed
CFIHOS-10000238,,attribute:,consumable,unit of measure name,shelf life unit of measure name,The unit of measure that uniquely identifies the shelf life duration.,,Example : metre,Optional,"Text, max 90 characters",unit of measure,,,qualifies the value of,real,True,sha256:a69b98012d9e4a46495a3aed48eef8ce75a69d001eaa28b4c38cb0f3c921909d,CORE CFIHOS V2.0 CSV/CFIHOS CORE data dictionary v2.0.csv,221,source_reference_record,source_reference_record_unreviewed
CFIHOS-00000154,A.3.21,entity:,kit component,,,Defines the model parts that are included in a kit.,Definition inspired by IEC 62550 Spare parts provisioning.,,,,,Manufacturer/Vendor,,,real,True,sha256:a69b98012d9e4a46495a3aed48eef8ce75a69d001eaa28b4c38cb0f3c921909d,CORE CFIHOS V2.0 CSV/CFIHOS CORE data dictionary v2.0.csv,222,source_reference_record,source_reference_record_unreviewed
CFIHOS-10000406,,attribute:,kit component,kit manufacturer company name,,A name used to uniquely identify the company who manufactures the model / part,It is sometimes extracted from maintenance management system. The owner / operator and the EPC company need to align on the name of companies.,Example : Flowserve,Identifier,"Text, max 30 characters",model part,,,is used as,real,True,sha256:a69b98012d9e4a46495a3aed48eef8ce75a69d001eaa28b4c38cb0f3c921909d,CORE CFIHOS V2.0 CSV/CFIHOS CORE data dictionary v2.0.csv,223,source_reference_record,source_reference_record_unreviewed
CFIHOS-10000407,,attribute:,kit component,kit model part name,,A unique name to identify the model part of the manufacturer,"If the manufacturer creates a new generation of an existing model that affects the properties of it, and if the manufacturer does not change its model part name, then it should be suffixed here with the model date, to enable the capture of the new properties.",Example : A4 V726 PN 40,Identifier,"Text, max 100 characters",model part,,,is used as,real,True,sha256:a69b98012d9e4a46495a3aed48eef8ce75a69d001eaa28b4c38cb0f3c921909d,CORE CFIHOS V2.0 CSV/CFIHOS CORE data dictionary v2.0.csv,224,source_reference_record,source_reference_record_unreviewed
CFIHOS-10000158,,attribute:,kit component,manufacturer company name,,A name used to uniquely identify the company who manufactures the model / part,,Example : Flowserve,Identifier,"Text, max 30 characters",kit,,,includes,real,True,sha256:a69b98012d9e4a46495a3aed48eef8ce75a69d001eaa28b4c38cb0f3c921909d,CORE CFIHOS V2.0 CSV/CFIHOS CORE data dictionary v2.0.csv,225,source_reference_record,source_reference_record_unreviewed
CFIHOS-10000159,,attribute:,kit component,model part name,,A unique name to identify the model part of the manufacturer,,Example : A4 V726 PN 40,Identifier,"Text, max 100 characters",kit,,,includes,real,True,sha256:a69b98012d9e4a46495a3aed48eef8ce75a69d001eaa28b4c38cb0f3c921909d,CORE CFIHOS V2.0 CSV/CFIHOS CORE data dictionary v2.0.csv,226,source_reference_record,source_reference_record_unreviewed
CFIHOS-10000405,,attribute:,kit component,number of items in kit,,The number of the item within the kit.,,Example : 2,Mandatory,Integer,,,,,real,True,sha256:a69b98012d9e4a46495a3aed48eef8ce75a69d001eaa28b4c38cb0f3c921909d,CORE CFIHOS V2.0 CSV/CFIHOS CORE data dictionary v2.0.csv,227,source_reference_record,source_reference_record_unreviewed
CFIHOS-00000090,A.4.00,entity:,tag or equipment class,,,A tag class or an equipment class,A tag or equipment class can be at the same time a tag class and an equipment class. The two are not mutually exclusive.,,,,,RDL,,,real,True,sha256:a69b98012d9e4a46495a3aed48eef8ce75a69d001eaa28b4c38cb0f3c921909d,CORE CFIHOS V2.0 CSV/CFIHOS CORE data dictionary v2.0.csv,228,source_reference_record,source_reference_record_unreviewed
CFIHOS-10000042,,attribute:,tag or equipment class,abstract class indicator,,An indication whether the tag or equipment class is an aggregation of other tag or equipment classes and should not be used for associating properties,,Example : Yes,Mandatory,Boolean (Yes/No),,,,,real,True,sha256:a69b98012d9e4a46495a3aed48eef8ce75a69d001eaa28b4c38cb0f3c921909d,CORE CFIHOS V2.0 CSV/CFIHOS CORE data dictionary v2.0.csv,229,source_reference_record,source_reference_record_unreviewed
CFIHOS-10000146,,attribute:,tag or equipment class,CFIHOS unique code,,"A unique identifier, assigned in the CFIHOS Reference Data Library (RDL) to the tag or equipment class",,Example : CFIHOS-30000562,Mandatory,"Text, max 40 characters",,,,,real,True,sha256:a69b98012d9e4a46495a3aed48eef8ce75a69d001eaa28b4c38cb0f3c921909d,CORE CFIHOS V2.0 CSV/CFIHOS CORE data dictionary v2.0.csv,230,source_reference_record,source_reference_record_unreviewed
CFIHOS-10000260,,attribute:,tag or equipment class,equipment class indicator,,An indication that the tag or equipment class is considered as an equipment class,,Example : Yes,Mandatory,Boolean (Yes/No),,,,,real,True,sha256:a69b98012d9e4a46495a3aed48eef8ce75a69d001eaa28b4c38cb0f3c921909d,CORE CFIHOS V2.0 CSV/CFIHOS CORE data dictionary v2.0.csv,231,source_reference_record,source_reference_record_unreviewed
CFIHOS-10000257,,attribute:,tag or equipment class,parent tag or equipment class name,,The full name of the tag or equipment class,"The parent is actually mandatory for all classes, except the one at the top of the hierarchy.",Example : control panel,Optional,"Text, max 100 characters",tag or equipment class,,,parent class is specialised in child class,real,True,sha256:a69b98012d9e4a46495a3aed48eef8ce75a69d001eaa28b4c38cb0f3c921909d,CORE CFIHOS V2.0 CSV/CFIHOS CORE data dictionary v2.0.csv,232,source_reference_record,source_reference_record_unreviewed
CFIHOS-10000259,,attribute:,tag or equipment class,tag class indicator,,An indication that the tag or equipment class is considered as a tag class,,Example : Yes,Mandatory,Boolean (Yes/No),,,,,real,True,sha256:a69b98012d9e4a46495a3aed48eef8ce75a69d001eaa28b4c38cb0f3c921909d,CORE CFIHOS V2.0 CSV/CFIHOS CORE data dictionary v2.0.csv,233,source_reference_record,source_reference_record_unreviewed
CFIHOS-10000258,,attribute:,tag or equipment class,tag or equipment class definition,,A definition of what the tag or equipment class is,,Example : A panel containing full set of indicating devices and remote control units required for operation of a system or part of it,Mandatory,"Text, max 1026 characters",,,,,real,True,sha256:a69b98012d9e4a46495a3aed48eef8ce75a69d001eaa28b4c38cb0f3c921909d,CORE CFIHOS V2.0 CSV/CFIHOS CORE data dictionary v2.0.csv,234,source_reference_record,source_reference_record_unreviewed
CFIHOS-10000261,,attribute:,tag or equipment class,tag or equipment class existence reason description,,An explanation of why the tag or equipment class was created / needed,"RDL management attribute, not shared contractually with contractors.",Example : Class requires maintenance during Operations.,Optional,"Text, max 255 characters",,,,,real,True,sha256:a69b98012d9e4a46495a3aed48eef8ce75a69d001eaa28b4c38cb0f3c921909d,CORE CFIHOS V2.0 CSV/CFIHOS CORE data dictionary v2.0.csv,235,source_reference_record,source_reference_record_unreviewed
CFIHOS-10000256,,attribute:,tag or equipment class,tag or equipment class name,,The full name of the tag or equipment class,,Example : control panel,Identifier,"Text, max 100 characters",,,,,real,True,sha256:a69b98012d9e4a46495a3aed48eef8ce75a69d001eaa28b4c38cb0f3c921909d,CORE CFIHOS V2.0 CSV/CFIHOS CORE data dictionary v2.0.csv,236,source_reference_record,source_reference_record_unreviewed
CFIHOS-00000034,A.4.01,entity:,tag class,,,A classification of tags according to the functions they are required to perform,The requirements for the tag class are expressed through the tag class properties,,,,,RDL,,,real,True,sha256:a69b98012d9e4a46495a3aed48eef8ce75a69d001eaa28b4c38cb0f3c921909d,CORE CFIHOS V2.0 CSV/CFIHOS CORE data dictionary v2.0.csv,237,source_reference_record,source_reference_record_unreviewed
CFIHOS-10000045,,attribute:,tag class,equipment expected to be installed indicator,,An indication whether equipment are expected to be installed for tags that are associated with this tag class,,Example : No,Mandatory,Boolean (Yes/No),,,,,real,True,sha256:a69b98012d9e4a46495a3aed48eef8ce75a69d001eaa28b4c38cb0f3c921909d,CORE CFIHOS V2.0 CSV/CFIHOS CORE data dictionary v2.0.csv,238,source_reference_record,source_reference_record_unreviewed
CFIHOS-10000040,,attribute:,tag class,tag class name,,The full name of the tag class,The initial set of values will be the CFIHOS unique ids that were assigned to tag classes.,Example : control panel,Identifier,"Text, max 100 characters",tag or equipment class,,,is subtype of,real,True,sha256:a69b98012d9e4a46495a3aed48eef8ce75a69d001eaa28b4c38cb0f3c921909d,CORE CFIHOS V2.0 CSV/CFIHOS CORE data dictionary v2.0.csv,239,source_reference_record,source_reference_record_unreviewed
CFIHOS-10000099,,attribute:,tag class,tag number format,,An expression that represents the format of the tags belonging to the tag class,This allows companies to have specific tag formats.,Example : ####-P-####[A-Z],Optional,"Text, max 33 characters",,,,,real,True,sha256:a69b98012d9e4a46495a3aed48eef8ce75a69d001eaa28b4c38cb0f3c921909d,CORE CFIHOS V2.0 CSV/CFIHOS CORE data dictionary v2.0.csv,240,source_reference_record,source_reference_record_unreviewed
CFIHOS-00000033,A.4.02,entity:,equipment class,,,"A classification of equipment and equipment models, according to its physical assembly of component(s)",,,,,,RDL,,,real,True,sha256:a69b98012d9e4a46495a3aed48eef8ce75a69d001eaa28b4c38cb0f3c921909d,CORE CFIHOS V2.0 CSV/CFIHOS CORE data dictionary v2.0.csv,241,source_reference_record,source_reference_record_unreviewed
CFIHOS-10000047,,attribute:,equipment class,equipment class name,,The full name of the equipment class,,Example : control panel,Identifier,"Text, max 100 characters",tag or equipment class,,,is subtype of,real,True,sha256:a69b98012d9e4a46495a3aed48eef8ce75a69d001eaa28b4c38cb0f3c921909d,CORE CFIHOS V2.0 CSV/CFIHOS CORE data dictionary v2.0.csv,242,source_reference_record,source_reference_record_unreviewed
CFIHOS-10000055,,attribute:,equipment class,spare part information required indicator,,An indication whether spare part information is required for equipment related to this class or not,,Example : No,Mandatory,Boolean (Yes/No),,,,,real,True,sha256:a69b98012d9e4a46495a3aed48eef8ce75a69d001eaa28b4c38cb0f3c921909d,CORE CFIHOS V2.0 CSV/CFIHOS CORE data dictionary v2.0.csv,243,source_reference_record,source_reference_record_unreviewed
CFIHOS-00000050,A.4.03,entity:,tag class equipment class relationship,,,An equipment class that can be used to implement the function of a tag class,For example a Tag classified as a ''pump'' could have an equipment installed classified as a ''centrifugal pump'' or a ''rotary pump'' but it would not make sense to have a ''flow transmitter'' installed as this technology cannot satisfy the functional requirements of a pump.,,,,,RDL,,,real,True,sha256:a69b98012d9e4a46495a3aed48eef8ce75a69d001eaa28b4c38cb0f3c921909d,CORE CFIHOS V2.0 CSV/CFIHOS CORE data dictionary v2.0.csv,244,source_reference_record,source_reference_record_unreviewed
CFIHOS-10000047,,attribute:,tag class equipment class relationship,equipment class name,,The full name of the tag or equipment class,,Example : control panel,Identifier,"Text, max 100 characters",equipment class,,,implements,real,True,sha256:a69b98012d9e4a46495a3aed48eef8ce75a69d001eaa28b4c38cb0f3c921909d,CORE CFIHOS V2.0 CSV/CFIHOS CORE data dictionary v2.0.csv,245,source_reference_record,source_reference_record_unreviewed
CFIHOS-10000040,,attribute:,tag class equipment class relationship,tag class name,,The full name of the tag or equipment class,The initial set of values will be the CFIHOS unique ids that were assigned to tag classes.,Example : control panel,Identifier,"Text, max 100 characters",tag class,,,is implemented by,real,True,sha256:a69b98012d9e4a46495a3aed48eef8ce75a69d001eaa28b4c38cb0f3c921909d,CORE CFIHOS V2.0 CSV/CFIHOS CORE data dictionary v2.0.csv,246,source_reference_record,source_reference_record_unreviewed
CFIHOS-10000266,,attribute:,tag class equipment class relationship,tag or equipment class relationship reason for mapping,,The underlying reason why the tag class and the equipment class are related,,Example : Types of pumps,Optional,"Text, max 255 characters",,,,,real,True,sha256:a69b98012d9e4a46495a3aed48eef8ce75a69d001eaa28b4c38cb0f3c921909d,CORE CFIHOS V2.0 CSV/CFIHOS CORE data dictionary v2.0.csv,247,source_reference_record,source_reference_record_unreviewed
CFIHOS-00000093,A.4.04,entity:,non abstract tag or equipment class,,,A tag or equipment class that is not marked as abstract,,,,,,RDL,,,real,True,sha256:a69b98012d9e4a46495a3aed48eef8ce75a69d001eaa28b4c38cb0f3c921909d,CORE CFIHOS V2.0 CSV/CFIHOS CORE data dictionary v2.0.csv,248,source_reference_record,source_reference_record_unreviewed
CFIHOS-10000256,,attribute:,non abstract tag or equipment class,tag or equipment class name,,The full name of the tag or equipment class,,Example : control panel,Identifier,"Text, max 100 characters",tag or equipment class,,,is subtype of,real,True,sha256:a69b98012d9e4a46495a3aed48eef8ce75a69d001eaa28b4c38cb0f3c921909d,CORE CFIHOS V2.0 CSV/CFIHOS CORE data dictionary v2.0.csv,249,source_reference_record,source_reference_record_unreviewed
CFIHOS-00000091,A.4.05,entity:,tag or equipment class synonym,,,An alternate name used to designate a tag or equipment class,,,,,,RDL,,,real,True,sha256:a69b98012d9e4a46495a3aed48eef8ce75a69d001eaa28b4c38cb0f3c921909d,CORE CFIHOS V2.0 CSV/CFIHOS CORE data dictionary v2.0.csv,250,source_reference_record,source_reference_record_unreviewed
CFIHOS-10000256,,attribute:,tag or equipment class synonym,tag or equipment class name,,The full name of the tag or equipment class,,Example : control panel,Mandatory,"Text, max 100 characters",tag or equipment class,,,may have,real,True,sha256:a69b98012d9e4a46495a3aed48eef8ce75a69d001eaa28b4c38cb0f3c921909d,CORE CFIHOS V2.0 CSV/CFIHOS CORE data dictionary v2.0.csv,251,source_reference_record,source_reference_record_unreviewed
CFIHOS-10000224,,attribute:,tag or equipment class synonym,tag or equipment class synonym name,,A name that can be used as synonym for a tag or equipment class,,Example : pressure sensor,Identifier,"Text, max 100 characters",,,,,real,True,sha256:a69b98012d9e4a46495a3aed48eef8ce75a69d001eaa28b4c38cb0f3c921909d,CORE CFIHOS V2.0 CSV/CFIHOS CORE data dictionary v2.0.csv,252,source_reference_record,source_reference_record_unreviewed
CFIHOS-00000061,A.4.06,entity:,source standard,,,"A standard used to define requirements like engineering, operations, etc.","In the RDL, this table only contains the entries for public standards.Owners / operators are expected to download them in their database, and then to ''complement'' that list with their own standards.",,,,,RDL,,,real,True,sha256:a69b98012d9e4a46495a3aed48eef8ce75a69d001eaa28b4c38cb0f3c921909d,CORE CFIHOS V2.0 CSV/CFIHOS CORE data dictionary v2.0.csv,253,source_reference_record,source_reference_record_unreviewed
CFIHOS-10000053,,attribute:,source standard,source standard code,,"A code used to designate the standard used to define requirements like engineering, operations, etc.",,Example : ISO 13533,Identifier,"Text, max 40 characters",,,,,real,True,sha256:a69b98012d9e4a46495a3aed48eef8ce75a69d001eaa28b4c38cb0f3c921909d,CORE CFIHOS V2.0 CSV/CFIHOS CORE data dictionary v2.0.csv,254,source_reference_record,source_reference_record_unreviewed
CFIHOS-10000222,,attribute:,source standard,source standard description,,The description of what that reference standard represents or covers,,Example : drill through equipment,Optional,"Text, max 100 characters",,,,,real,True,sha256:a69b98012d9e4a46495a3aed48eef8ce75a69d001eaa28b4c38cb0f3c921909d,CORE CFIHOS V2.0 CSV/CFIHOS CORE data dictionary v2.0.csv,255,source_reference_record,source_reference_record_unreviewed
CFIHOS-10000223,,attribute:,source standard,source standard still to be completed indicator,,"An indicator whether the source standard is complete, or if it is still evolving and needs to be completed",,Example : No,Mandatory,Boolean (Yes/No),,,,,real,True,sha256:a69b98012d9e4a46495a3aed48eef8ce75a69d001eaa28b4c38cb0f3c921909d,CORE CFIHOS V2.0 CSV/CFIHOS CORE data dictionary v2.0.csv,256,source_reference_record,source_reference_record_unreviewed
CFIHOS-00000092,A.4.07,entity:,tag or equipment class source standard,,,A tag or equipment class whose engineering information is documented in a source standard,,,,,,RDL,,,real,True,sha256:a69b98012d9e4a46495a3aed48eef8ce75a69d001eaa28b4c38cb0f3c921909d,CORE CFIHOS V2.0 CSV/CFIHOS CORE data dictionary v2.0.csv,257,source_reference_record,source_reference_record_unreviewed
CFIHOS-10000284,,attribute:,tag or equipment class source standard,application condition group code,,A code that uniquely identifies a group of application conditions,,Example : 1,Optional,"Text, max 40 characters",application condition group,,,is the condition for mapping,real,True,sha256:a69b98012d9e4a46495a3aed48eef8ce75a69d001eaa28b4c38cb0f3c921909d,CORE CFIHOS V2.0 CSV/CFIHOS CORE data dictionary v2.0.csv,258,source_reference_record,source_reference_record_unreviewed
CFIHOS-10000053,,attribute:,tag or equipment class source standard,source standard code,,"A code used to designate the standard used to define requirements like engineering, operations, etc.",,Example : ISO 13533,Identifier,"Text, max 40 characters",source standard,,,engineers,real,True,sha256:a69b98012d9e4a46495a3aed48eef8ce75a69d001eaa28b4c38cb0f3c921909d,CORE CFIHOS V2.0 CSV/CFIHOS CORE data dictionary v2.0.csv,259,source_reference_record,source_reference_record_unreviewed
CFIHOS-10000256,,attribute:,tag or equipment class source standard,tag or equipment class name,,The full name of the tag or equipment class,,Example : control panel,Identifier,"Text, max 100 characters",tag or equipment class,,,is engineered by,real,True,sha256:a69b98012d9e4a46495a3aed48eef8ce75a69d001eaa28b4c38cb0f3c921909d,CORE CFIHOS V2.0 CSV/CFIHOS CORE data dictionary v2.0.csv,260,source_reference_record,source_reference_record_unreviewed
CFIHOS-00000132,A.4.08,entity:,source standard document and data requirement,,,"A requirement for document or data, as expressed in a source standard, irrespective of the equipment class","These Document and Data Requirements are of two kinds: 1) Design: Information generated during the design activity that has to be approved and reviewed by the purchaser. 2) Equipment: Information generated by the equipment manufacturer. This entity represents how to best manage this data, as all document and data requirements expressed in a standard are independent of the equipment classes the standard is covering. In the RDL, this table only contains the entries for document and data requirements as expressed in public standards. Owners / operators are expected to download them in their database, and then to complement that list with their own document and data requirements for their standards.",,,,,RDL,,,real,True,sha256:a69b98012d9e4a46495a3aed48eef8ce75a69d001eaa28b4c38cb0f3c921909d,CORE CFIHOS V2.0 CSV/CFIHOS CORE data dictionary v2.0.csv,261,source_reference_record,source_reference_record_unreviewed
CFIHOS-10000146,,attribute:,source standard document and data requirement,CFIHOS unique code,,A code that uniquely identifies the source standard document and data requirement in CFIHOS.,,Example : CFIHOS-30000562,Mandatory,"Text, max 40 characters",,,,,real,True,sha256:a69b98012d9e4a46495a3aed48eef8ce75a69d001eaa28b4c38cb0f3c921909d,CORE CFIHOS V2.0 CSV/CFIHOS CORE data dictionary v2.0.csv,262,source_reference_record,source_reference_record_unreviewed
CFIHOS-10000279,,attribute:,source standard document and data requirement,default for information number of weeks,,"The number of weeks that, by default, should be used by the vendor, vs the reference date, to provide documents containing this VDDR for final issue",,Example : 2,Optional,Integer,,,,,real,True,sha256:a69b98012d9e4a46495a3aed48eef8ce75a69d001eaa28b4c38cb0f3c921909d,CORE CFIHOS V2.0 CSV/CFIHOS CORE data dictionary v2.0.csv,263,source_reference_record,source_reference_record_unreviewed
CFIHOS-10000280,,attribute:,source standard document and data requirement,default for information reference date,,A code that uniquely identifies a document submission reference date,,Example : WPTD,Optional,"Text, max 40 characters",submission reference date,,,is the default reference used for sharing the information of,real,True,sha256:a69b98012d9e4a46495a3aed48eef8ce75a69d001eaa28b4c38cb0f3c921909d,CORE CFIHOS V2.0 CSV/CFIHOS CORE data dictionary v2.0.csv,264,source_reference_record,source_reference_record_unreviewed
CFIHOS-10000277,,attribute:,source standard document and data requirement,default issue for approval number of weeks,,"The number of weeks that, by default, should be used, by the vendor, vs the reference date, to provide documents containing this VDDR for approval.",,Example : 2,Optional,Integer,,,,,real,True,sha256:a69b98012d9e4a46495a3aed48eef8ce75a69d001eaa28b4c38cb0f3c921909d,CORE CFIHOS V2.0 CSV/CFIHOS CORE data dictionary v2.0.csv,265,source_reference_record,source_reference_record_unreviewed
CFIHOS-10000278,,attribute:,source standard document and data requirement,default issue for approval reference date,,The reference date used for the approval,,Example : WPTD,Optional,"Text, max 40 characters",submission reference date,,,is the default reference used for the approval of,real,True,sha256:a69b98012d9e4a46495a3aed48eef8ce75a69d001eaa28b4c38cb0f3c921909d,CORE CFIHOS V2.0 CSV/CFIHOS CORE data dictionary v2.0.csv,266,source_reference_record,source_reference_record_unreviewed
CFIHOS-10000275,,attribute:,source standard document and data requirement,default issue for review number of weeks,,"The number of weeks that, by default, should be used, by the vendor, vs the reference date, to provide documents containing this VDDR for review",,Example : 2,Optional,Integer,,,,,real,True,sha256:a69b98012d9e4a46495a3aed48eef8ce75a69d001eaa28b4c38cb0f3c921909d,CORE CFIHOS V2.0 CSV/CFIHOS CORE data dictionary v2.0.csv,267,source_reference_record,source_reference_record_unreviewed
CFIHOS-10000276,,attribute:,source standard document and data requirement,default issue for review reference date,,The reference date used for the review,,Example : WPTD,Optional,"Text, max 40 characters",submission reference date,,,is the default reference used for the review of,real,True,sha256:a69b98012d9e4a46495a3aed48eef8ce75a69d001eaa28b4c38cb0f3c921909d,CORE CFIHOS V2.0 CSV/CFIHOS CORE data dictionary v2.0.csv,268,source_reference_record,source_reference_record_unreviewed
CFIHOS-10000281,,attribute:,source standard document and data requirement,default required handover status code,,The required status of the document at handover time,,Example : ASB,Optional,"Text, max 40 characters",engineering status,,,is the default status required at hand over for,real,True,sha256:a69b98012d9e4a46495a3aed48eef8ce75a69d001eaa28b4c38cb0f3c921909d,CORE CFIHOS V2.0 CSV/CFIHOS CORE data dictionary v2.0.csv,269,source_reference_record,source_reference_record_unreviewed
CFIHOS-10000282,,attribute:,source standard document and data requirement,default required translation indicator,,An indication whether a document needs to be translated (for regulatory reason or operation reasons) or not.,,Example : NO,Optional,Boolean (Yes/No),,,,,real,True,sha256:a69b98012d9e4a46495a3aed48eef8ce75a69d001eaa28b4c38cb0f3c921909d,CORE CFIHOS V2.0 CSV/CFIHOS CORE data dictionary v2.0.csv,270,source_reference_record,source_reference_record_unreviewed
CFIHOS-10000274,,attribute:,source standard document and data requirement,default submit at delivery indicator,,An indicator whether document having for content this VDDR shall be delivered by the Vendor at the same time as the delivery of the material or service,,Example : Yes,Optional,Boolean (Yes/No),,,,,real,True,sha256:a69b98012d9e4a46495a3aed48eef8ce75a69d001eaa28b4c38cb0f3c921909d,CORE CFIHOS V2.0 CSV/CFIHOS CORE data dictionary v2.0.csv,271,source_reference_record,source_reference_record_unreviewed
CFIHOS-10000272,,attribute:,source standard document and data requirement,default submit at proposal indicator,,An indicator whether documents having for content this VDDR shall be submitted by the Vendor during the ITT process. Or not,,Example : Yes,Optional,Boolean (Yes/No),,,,,real,True,sha256:a69b98012d9e4a46495a3aed48eef8ce75a69d001eaa28b4c38cb0f3c921909d,CORE CFIHOS V2.0 CSV/CFIHOS CORE data dictionary v2.0.csv,272,source_reference_record,source_reference_record_unreviewed
CFIHOS-10000273,,attribute:,source standard document and data requirement,default submit for review indicator,,An indication whether documents having for content this requirement shall be submitted by the vendor for review or not.,,Example : Yes,Optional,Boolean (Yes/No),,,,,real,True,sha256:a69b98012d9e4a46495a3aed48eef8ce75a69d001eaa28b4c38cb0f3c921909d,CORE CFIHOS V2.0 CSV/CFIHOS CORE data dictionary v2.0.csv,273,source_reference_record,source_reference_record_unreviewed
CFIHOS-10000365,,attribute:,source standard document and data requirement,deliverable format code,,A code that uniquely identifies the format of the deliverable,,Example : PDF,Optional,"Text, max 40 characters",deliverable format,,,is the format required for,real,True,sha256:a69b98012d9e4a46495a3aed48eef8ce75a69d001eaa28b4c38cb0f3c921909d,CORE CFIHOS V2.0 CSV/CFIHOS CORE data dictionary v2.0.csv,274,source_reference_record,source_reference_record_unreviewed
CFIHOS-10000153,,attribute:,source standard document and data requirement,discipline code,,A code that uniquely identifies a discipline.,The discipline / document type documented from the RDL could be overwritten by the Owner / Operator.,Example : MP,Optional,"Text, max 2 characters",discipline,,,is used by,real,True,sha256:a69b98012d9e4a46495a3aed48eef8ce75a69d001eaa28b4c38cb0f3c921909d,CORE CFIHOS V2.0 CSV/CFIHOS CORE data dictionary v2.0.csv,275,source_reference_record,source_reference_record_unreviewed
CFIHOS-10000291,,attribute:,source standard document and data requirement,document and data requirement group code,,A code that uniquely identifies the group to which a vendor document and data requirement belongs,,Example : Technical,Mandatory,"Text, max 40 characters",document and data requirement group,,,groups,real,True,sha256:a69b98012d9e4a46495a3aed48eef8ce75a69d001eaa28b4c38cb0f3c921909d,CORE CFIHOS V2.0 CSV/CFIHOS CORE data dictionary v2.0.csv,276,source_reference_record,source_reference_record_unreviewed
CFIHOS-10000289,,attribute:,source standard document and data requirement,document and data requirement type code,,A code that uniquely identifies the type of document and data requirement,,Example : Design,Optional,"Text, max 40 characters",document and data requirement type,,,classifies,real,True,sha256:a69b98012d9e4a46495a3aed48eef8ce75a69d001eaa28b4c38cb0f3c921909d,CORE CFIHOS V2.0 CSV/CFIHOS CORE data dictionary v2.0.csv,277,source_reference_record,source_reference_record_unreviewed
CFIHOS-10000100,,attribute:,source standard document and data requirement,document type short code,,A code that uniquely identifies a document type,,Example : 6067,Optional,"Text, max 4 characters",document type,,,is required for,real,True,sha256:a69b98012d9e4a46495a3aed48eef8ce75a69d001eaa28b4c38cb0f3c921909d,CORE CFIHOS V2.0 CSV/CFIHOS CORE data dictionary v2.0.csv,278,source_reference_record,source_reference_record_unreviewed
CFIHOS-10000271,,attribute:,source standard document and data requirement,engineering standard source chapter,,The chapter of the engineering standard from which originates the VDDR,,Example : Annex 11,Optional,"Text, max 255 characters",,,,,real,True,sha256:a69b98012d9e4a46495a3aed48eef8ce75a69d001eaa28b4c38cb0f3c921909d,CORE CFIHOS V2.0 CSV/CFIHOS CORE data dictionary v2.0.csv,279,source_reference_record,source_reference_record_unreviewed
CFIHOS-10000053,,attribute:,source standard document and data requirement,source standard code,,"A code used to designate the standard used to define requirements like engineering, operations, etc.",,Example : ISO 13533,Identifier,"Text, max 40 characters",source standard,,,specifies needs for,real,True,sha256:a69b98012d9e4a46495a3aed48eef8ce75a69d001eaa28b4c38cb0f3c921909d,CORE CFIHOS V2.0 CSV/CFIHOS CORE data dictionary v2.0.csv,280,source_reference_record,source_reference_record_unreviewed
CFIHOS-10000283,,attribute:,source standard document and data requirement,source standard document and data requirement comment,,A remark that the originator of the document and data requirement for this source standard wanted to capture,,Example : Preliminary with proposal,Optional,"Text, max 255 characters",,,,,real,True,sha256:a69b98012d9e4a46495a3aed48eef8ce75a69d001eaa28b4c38cb0f3c921909d,CORE CFIHOS V2.0 CSV/CFIHOS CORE data dictionary v2.0.csv,281,source_reference_record,source_reference_record_unreviewed
CFIHOS-10000270,,attribute:,source standard document and data requirement,source standard document and data requirement description,,"A precise description, as documented in the engineering standard, of the VDDR in term of what the content of the document shall be",,Example : The seal cross-sectional drawing shall include at least the following information:a) all seal components related to the order as well as pump components related to the seal.b) dimensions to properly verify the seal setting position.c) Pump dimensions interfacing with the seal.d) Seal boundary dimensions.e) Seal Chamber and gland-plate connection dimensions.f) Auxiliary system and utility specifications.g) Connecting dimensions for the auxiliary system and utilities.h) [...],Optional,"Text, max 2048 characters",,,,,real,True,sha256:a69b98012d9e4a46495a3aed48eef8ce75a69d001eaa28b4c38cb0f3c921909d,CORE CFIHOS V2.0 CSV/CFIHOS CORE data dictionary v2.0.csv,282,source_reference_record,source_reference_record_unreviewed
CFIHOS-10000267,,attribute:,source standard document and data requirement,source standard document and data requirement number,,"A number, assigned sequentially, to associate the VDDR to the engineering standard",,Example : 11,Identifier,"Text, max 40 characters",,,,,real,True,sha256:a69b98012d9e4a46495a3aed48eef8ce75a69d001eaa28b4c38cb0f3c921909d,CORE CFIHOS V2.0 CSV/CFIHOS CORE data dictionary v2.0.csv,283,source_reference_record,source_reference_record_unreviewed
CFIHOS-10000268,,attribute:,source standard document and data requirement,source standard document and data requirement title,,"The title, as spelled in the engineering standard, of the VDDR",,Example : Anticipated thermal movements for major connections,Optional,"Text, max 150 characters",,,,,real,True,sha256:a69b98012d9e4a46495a3aed48eef8ce75a69d001eaa28b4c38cb0f3c921909d,CORE CFIHOS V2.0 CSV/CFIHOS CORE data dictionary v2.0.csv,284,source_reference_record,source_reference_record_unreviewed
CFIHOS-10000269,,attribute:,source standard document and data requirement,source standard document and data requirement typical deliverable,,A short description of the information deliverable that would typically include this document and data requirement,"This field uses CFIHOS naming as much as possible, and is aligned as much as possible with the JIP33 library of typical deliverable.",Example : Quality Plan,Optional,"Text, max 150 characters",,,,,real,True,sha256:a69b98012d9e4a46495a3aed48eef8ce75a69d001eaa28b4c38cb0f3c921909d,CORE CFIHOS V2.0 CSV/CFIHOS CORE data dictionary v2.0.csv,285,source_reference_record,source_reference_record_unreviewed
CFIHOS-00000069,A.4.09,entity:,application condition,,,A condition under which some document or data requirements have to be applied,,,,,,RDL,,,real,True,sha256:a69b98012d9e4a46495a3aed48eef8ce75a69d001eaa28b4c38cb0f3c921909d,CORE CFIHOS V2.0 CSV/CFIHOS CORE data dictionary v2.0.csv,286,source_reference_record,source_reference_record_unreviewed
CFIHOS-10000232,,attribute:,application condition,application condition code,,A code that uniquely identifies an application condition,,Example : High Voltage,Identifier,"Text, max 100 characters",,,,,real,True,sha256:a69b98012d9e4a46495a3aed48eef8ce75a69d001eaa28b4c38cb0f3c921909d,CORE CFIHOS V2.0 CSV/CFIHOS CORE data dictionary v2.0.csv,287,source_reference_record,source_reference_record_unreviewed
CFIHOS-10000233,,attribute:,application condition,application condition description,,A description of what the application condition represents,,Example : Indicates the voltage required.,Optional,"Text, max 255 characters",,,,,real,True,sha256:a69b98012d9e4a46495a3aed48eef8ce75a69d001eaa28b4c38cb0f3c921909d,CORE CFIHOS V2.0 CSV/CFIHOS CORE data dictionary v2.0.csv,288,source_reference_record,source_reference_record_unreviewed
CFIHOS-10000288,,attribute:,application condition,application condition value,,The value against which a property must be compared to know if the application condition is met,,Example : 400,Optional,"Text, max 255 characters",,,,,real,True,sha256:a69b98012d9e4a46495a3aed48eef8ce75a69d001eaa28b4c38cb0f3c921909d,CORE CFIHOS V2.0 CSV/CFIHOS CORE data dictionary v2.0.csv,289,source_reference_record,source_reference_record_unreviewed
CFIHOS-10000146,,attribute:,application condition,CFIHOS unique code,,A code that uniquely identifies the application condition in CFIHOS.,,Example : CFIHOS-30000562,Mandatory,"Text, max 40 characters",,,,,real,True,sha256:a69b98012d9e4a46495a3aed48eef8ce75a69d001eaa28b4c38cb0f3c921909d,CORE CFIHOS V2.0 CSV/CFIHOS CORE data dictionary v2.0.csv,290,source_reference_record,source_reference_record_unreviewed
CFIHOS-10000286,,attribute:,application condition,comparison operator code,,A code that uniquely identifies the comparison operator,,Example : <=,Optional,"Text, max 2 characters",comparison operator,,,specifies the comparison of,real,True,sha256:a69b98012d9e4a46495a3aed48eef8ce75a69d001eaa28b4c38cb0f3c921909d,CORE CFIHOS V2.0 CSV/CFIHOS CORE data dictionary v2.0.csv,291,source_reference_record,source_reference_record_unreviewed
CFIHOS-10000056,,attribute:,application condition,property name,,The name of the property the application condition refers to,,Example : normal operating pressure,Optional,"Text, max 100 characters",tag or equipment class property,,,is the subject of,real,True,sha256:a69b98012d9e4a46495a3aed48eef8ce75a69d001eaa28b4c38cb0f3c921909d,CORE CFIHOS V2.0 CSV/CFIHOS CORE data dictionary v2.0.csv,292,source_reference_record,source_reference_record_unreviewed
CFIHOS-10000256,,attribute:,application condition,tag or equipment class name,,The full name of the non abstract tag or equipment class to which the property applies,,Example : control panel,Optional,"Text, max 100 characters",tag or equipment class property,,,is the subject of,real,True,sha256:a69b98012d9e4a46495a3aed48eef8ce75a69d001eaa28b4c38cb0f3c921909d,CORE CFIHOS V2.0 CSV/CFIHOS CORE data dictionary v2.0.csv,293,source_reference_record,source_reference_record_unreviewed
CFIHOS-10000238,,attribute:,application condition,unit of measure name,,The unique name which designates the unit.,,Example : metre,Optional,"Text, max 90 characters",unit of measure,,,qualifies the value of,real,True,sha256:a69b98012d9e4a46495a3aed48eef8ce75a69d001eaa28b4c38cb0f3c921909d,CORE CFIHOS V2.0 CSV/CFIHOS CORE data dictionary v2.0.csv,294,source_reference_record,source_reference_record_unreviewed
CFIHOS-00000104,A.4.10,entity:,source standard document and data requirement condition,,,The application of a given condition to a source standard document and data requirement,,,,,,RDL,,,real,True,sha256:a69b98012d9e4a46495a3aed48eef8ce75a69d001eaa28b4c38cb0f3c921909d,CORE CFIHOS V2.0 CSV/CFIHOS CORE data dictionary v2.0.csv,295,source_reference_record,source_reference_record_unreviewed
CFIHOS-10000232,,attribute:,source standard document and data requirement condition,application condition code,,A code that uniquely identifies an application condition,,Example : High Voltage,Identifier,"Text, max 100 characters",application condition,,,applies to,real,True,sha256:a69b98012d9e4a46495a3aed48eef8ce75a69d001eaa28b4c38cb0f3c921909d,CORE CFIHOS V2.0 CSV/CFIHOS CORE data dictionary v2.0.csv,296,source_reference_record,source_reference_record_unreviewed
CFIHOS-10000288,,attribute:,source standard document and data requirement condition,application condition value,,The value the condition must have for the documentation and data requirement to be applicable,,Example : 400,Mandatory,"Text, max 255 characters",,,,,real,True,sha256:a69b98012d9e4a46495a3aed48eef8ce75a69d001eaa28b4c38cb0f3c921909d,CORE CFIHOS V2.0 CSV/CFIHOS CORE data dictionary v2.0.csv,297,source_reference_record,source_reference_record_unreviewed
CFIHOS-10000053,,attribute:,source standard document and data requirement condition,source standard code,,"A code used to designate the standard used to define requirements like engineering, operations, etc.",,Example : ISO 13533,Identifier,"Text, max 40 characters",source standard document and data requirement,,,is subject to,real,True,sha256:a69b98012d9e4a46495a3aed48eef8ce75a69d001eaa28b4c38cb0f3c921909d,CORE CFIHOS V2.0 CSV/CFIHOS CORE data dictionary v2.0.csv,298,source_reference_record,source_reference_record_unreviewed
CFIHOS-10000293,,attribute:,source standard document and data requirement condition,source standard document and data requirement inclusion indicator,,An indication whether a source standard document and data requirement should be included or excluded of the condition is met,,Example : Yes,Mandatory,Boolean (Yes/No),,,,,real,True,sha256:a69b98012d9e4a46495a3aed48eef8ce75a69d001eaa28b4c38cb0f3c921909d,CORE CFIHOS V2.0 CSV/CFIHOS CORE data dictionary v2.0.csv,299,source_reference_record,source_reference_record_unreviewed
CFIHOS-10000267,,attribute:,source standard document and data requirement condition,source standard document and data requirement number,,"A number, assigned sequentially, to associate the VDDR to the engineering standard",,Example : 11,Identifier,"Text, max 40 characters",source standard document and data requirement,,,is subject to,real,True,sha256:a69b98012d9e4a46495a3aed48eef8ce75a69d001eaa28b4c38cb0f3c921909d,CORE CFIHOS V2.0 CSV/CFIHOS CORE data dictionary v2.0.csv,300,source_reference_record,source_reference_record_unreviewed
CFIHOS-00000100,A.4.11,entity:,document and data requirement type,,,A classification of the document and data requirements according to when / by whom the information is generated,,,,,,RDL Pick list,,,real,True,sha256:a69b98012d9e4a46495a3aed48eef8ce75a69d001eaa28b4c38cb0f3c921909d,CORE CFIHOS V2.0 CSV/CFIHOS CORE data dictionary v2.0.csv,301,source_reference_record,source_reference_record_unreviewed
CFIHOS-10000289,,attribute:,document and data requirement type,document and data requirement type code,,A code that uniquely identifies the type of document and data requirement,,Example : Design,Identifier,"Text, max 40 characters",,,,,real,True,sha256:a69b98012d9e4a46495a3aed48eef8ce75a69d001eaa28b4c38cb0f3c921909d,CORE CFIHOS V2.0 CSV/CFIHOS CORE data dictionary v2.0.csv,302,source_reference_record,source_reference_record_unreviewed
CFIHOS-10000290,,attribute:,document and data requirement type,document and data requirement type description,,A description of what the document and data requirement represents,,Example : Information generated during the design activity that has to be approved and reviewed by the purchaser.,Mandatory,"Text, max 255 characters",,,,,real,True,sha256:a69b98012d9e4a46495a3aed48eef8ce75a69d001eaa28b4c38cb0f3c921909d,CORE CFIHOS V2.0 CSV/CFIHOS CORE data dictionary v2.0.csv,303,source_reference_record,source_reference_record_unreviewed
CFIHOS-00000101,A.4.12,entity:,document and data requirement group,,,A classification of the document and data requirements according to their nature,This classification originates from JIP33.,,,,,RDL Pick list,,,real,True,sha256:a69b98012d9e4a46495a3aed48eef8ce75a69d001eaa28b4c38cb0f3c921909d,CORE CFIHOS V2.0 CSV/CFIHOS CORE data dictionary v2.0.csv,304,source_reference_record,source_reference_record_unreviewed
CFIHOS-10000291,,attribute:,document and data requirement group,document and data requirement group code,,A code that uniquely identifies the group to which a vendor document and data requirement belongs,,Example : Technical,Identifier,"Text, max 40 characters",,,,,real,True,sha256:a69b98012d9e4a46495a3aed48eef8ce75a69d001eaa28b4c38cb0f3c921909d,CORE CFIHOS V2.0 CSV/CFIHOS CORE data dictionary v2.0.csv,305,source_reference_record,source_reference_record_unreviewed
CFIHOS-10000292,,attribute:,document and data requirement group,document and data requirement group name,,A description of what that group of vendor document and data requirements represents,,Example : Technical Information Deliverables,Mandatory,"Text, max 100 characters",,,,,real,True,sha256:a69b98012d9e4a46495a3aed48eef8ce75a69d001eaa28b4c38cb0f3c921909d,CORE CFIHOS V2.0 CSV/CFIHOS CORE data dictionary v2.0.csv,306,source_reference_record,source_reference_record_unreviewed
CFIHOS-00000103,A.4.13,entity:,submission reference date,,,A reference date or point in time vs which some actions need to be accomplished,,,,,,RDL,,,real,True,sha256:a69b98012d9e4a46495a3aed48eef8ce75a69d001eaa28b4c38cb0f3c921909d,CORE CFIHOS V2.0 CSV/CFIHOS CORE data dictionary v2.0.csv,307,source_reference_record,source_reference_record_unreviewed
CFIHOS-10000146,,attribute:,submission reference date,CFIHOS unique code,,A code that uniquely identifies the submission reference date in CFIHOS,,Example : CFIHOS-30000562,Mandatory,"Text, max 40 characters",,,,,real,True,sha256:a69b98012d9e4a46495a3aed48eef8ce75a69d001eaa28b4c38cb0f3c921909d,CORE CFIHOS V2.0 CSV/CFIHOS CORE data dictionary v2.0.csv,308,source_reference_record,source_reference_record_unreviewed
CFIHOS-10000294,,attribute:,submission reference date,event type code,,A code that uniquely identifies the type of event of interest to CFIHOS,,Example : D,Mandatory,"Text, max 2 characters",event type,,,is the basis for,real,True,sha256:a69b98012d9e4a46495a3aed48eef8ce75a69d001eaa28b4c38cb0f3c921909d,CORE CFIHOS V2.0 CSV/CFIHOS CORE data dictionary v2.0.csv,309,source_reference_record,source_reference_record_unreviewed
CFIHOS-10000296,,attribute:,submission reference date,submission reference date code,,A code that uniquely identifies a document submission reference date,,Example : WPTD,Identifier,"Text, max 40 characters",,,,,real,True,sha256:a69b98012d9e4a46495a3aed48eef8ce75a69d001eaa28b4c38cb0f3c921909d,CORE CFIHOS V2.0 CSV/CFIHOS CORE data dictionary v2.0.csv,310,source_reference_record,source_reference_record_unreviewed
CFIHOS-10000297,,attribute:,submission reference date,submission reference date name,,The name used to designate the submission reference date,,Example : Week Prior To Delivery,Optional,"Text, max 100 characters",,,,,real,True,sha256:a69b98012d9e4a46495a3aed48eef8ce75a69d001eaa28b4c38cb0f3c921909d,CORE CFIHOS V2.0 CSV/CFIHOS CORE data dictionary v2.0.csv,311,source_reference_record,source_reference_record_unreviewed
CFIHOS-10000298,,attribute:,submission reference date,submission reference is after event type indicator,,An indicator whether the submission reference date is after the even type or not,,Example : Yes,Optional,Boolean (Yes/No),,,,,real,True,sha256:a69b98012d9e4a46495a3aed48eef8ce75a69d001eaa28b4c38cb0f3c921909d,CORE CFIHOS V2.0 CSV/CFIHOS CORE data dictionary v2.0.csv,312,source_reference_record,source_reference_record_unreviewed
CFIHOS-10000238,,attribute:,submission reference date,unit of measure name,time unit of measure name,The unique name which designates the unit.,,Example : metre,Mandatory,"Text, max 90 characters",unit of measure,,,specifies the time unit of,real,True,sha256:a69b98012d9e4a46495a3aed48eef8ce75a69d001eaa28b4c38cb0f3c921909d,CORE CFIHOS V2.0 CSV/CFIHOS CORE data dictionary v2.0.csv,313,source_reference_record,source_reference_record_unreviewed
CFIHOS-00000102,A.4.14,entity:,event type,,,A classification of events that are used as reference in the handover of information for capital facility projects,,,,,,RDL Pick list,,,real,True,sha256:a69b98012d9e4a46495a3aed48eef8ce75a69d001eaa28b4c38cb0f3c921909d,CORE CFIHOS V2.0 CSV/CFIHOS CORE data dictionary v2.0.csv,314,source_reference_record,source_reference_record_unreviewed
CFIHOS-10000294,,attribute:,event type,event type code,,A code that uniquely identifies the type of event of interest to CFIHOS,,Example : D,Identifier,"Text, max 2 characters",,,,,real,True,sha256:a69b98012d9e4a46495a3aed48eef8ce75a69d001eaa28b4c38cb0f3c921909d,CORE CFIHOS V2.0 CSV/CFIHOS CORE data dictionary v2.0.csv,315,source_reference_record,source_reference_record_unreviewed
CFIHOS-10000295,,attribute:,event type,event type name,,"The name, or description of the type of event",,Example : Delivery,Mandatory,"Text, max 100 characters",,,,,real,True,sha256:a69b98012d9e4a46495a3aed48eef8ce75a69d001eaa28b4c38cb0f3c921909d,CORE CFIHOS V2.0 CSV/CFIHOS CORE data dictionary v2.0.csv,316,source_reference_record,source_reference_record_unreviewed
CFIHOS-00000097,A.4.15,entity:,application condition group,,,"A grouping of application conditions, that have all to be satisfied to be able to say that the condition group is satisfied",An application condition group returns a value true if all the application conditions associated with it are true. The same application condition group can be used for multiple mappings of tag or equipment classes to source standards.,,,,,RDL,,,real,True,sha256:a69b98012d9e4a46495a3aed48eef8ce75a69d001eaa28b4c38cb0f3c921909d,CORE CFIHOS V2.0 CSV/CFIHOS CORE data dictionary v2.0.csv,317,source_reference_record,source_reference_record_unreviewed
CFIHOS-10000284,,attribute:,application condition group,application condition group code,,A code that uniquely identifies a group of application conditions,,Example : 1,Identifier,"Text, max 40 characters",,,,,real,True,sha256:a69b98012d9e4a46495a3aed48eef8ce75a69d001eaa28b4c38cb0f3c921909d,CORE CFIHOS V2.0 CSV/CFIHOS CORE data dictionary v2.0.csv,318,source_reference_record,source_reference_record_unreviewed
CFIHOS-10000285,,attribute:,application condition group,application condition group description,,A description of what the application condition group represents,,"Example : Low voltage, single speed",Optional,"Text, max 100 characters",,,,,real,True,sha256:a69b98012d9e4a46495a3aed48eef8ce75a69d001eaa28b4c38cb0f3c921909d,CORE CFIHOS V2.0 CSV/CFIHOS CORE data dictionary v2.0.csv,319,source_reference_record,source_reference_record_unreviewed
CFIHOS-00000099,A.4.16,entity:,application condition group member,,,"An application condition that is used as a component, or member of an application condition group",,,,,,RDL,,,real,True,sha256:a69b98012d9e4a46495a3aed48eef8ce75a69d001eaa28b4c38cb0f3c921909d,CORE CFIHOS V2.0 CSV/CFIHOS CORE data dictionary v2.0.csv,320,source_reference_record,source_reference_record_unreviewed
CFIHOS-10000232,,attribute:,application condition group member,application condition code,,A code that uniquely identifies an application condition that is member of the application condition group,,Example : High Voltage,Identifier,"Text, max 100 characters",application condition,,,is included in,real,True,sha256:a69b98012d9e4a46495a3aed48eef8ce75a69d001eaa28b4c38cb0f3c921909d,CORE CFIHOS V2.0 CSV/CFIHOS CORE data dictionary v2.0.csv,321,source_reference_record,source_reference_record_unreviewed
CFIHOS-10000284,,attribute:,application condition group member,application condition group code,,A code that uniquely identifies a group of application conditions this is a member of,,Example : 1,Identifier,"Text, max 40 characters",application condition group,,,includes,real,True,sha256:a69b98012d9e4a46495a3aed48eef8ce75a69d001eaa28b4c38cb0f3c921909d,CORE CFIHOS V2.0 CSV/CFIHOS CORE data dictionary v2.0.csv,322,source_reference_record,source_reference_record_unreviewed
CFIHOS-00000098,A.4.17,entity:,comparison operator,,,An operator that compares one expression with another,"The result of the comparison can be True, False, or Unknown. Comparison operators include the typical ones, recognised by all DBMSes, but also entries like ''IN'', to check if the left member of the comparison is present in a list of values, separated by semicolon, in the right member of the comparison.",,,,,RDL Pick list,,,real,True,sha256:a69b98012d9e4a46495a3aed48eef8ce75a69d001eaa28b4c38cb0f3c921909d,CORE CFIHOS V2.0 CSV/CFIHOS CORE data dictionary v2.0.csv,323,source_reference_record,source_reference_record_unreviewed
CFIHOS-10000286,,attribute:,comparison operator,comparison operator code,,A code that uniquely identifies the comparison operator,,Example : <=,Identifier,"Text, max 2 characters",,,,,real,True,sha256:a69b98012d9e4a46495a3aed48eef8ce75a69d001eaa28b4c38cb0f3c921909d,CORE CFIHOS V2.0 CSV/CFIHOS CORE data dictionary v2.0.csv,324,source_reference_record,source_reference_record_unreviewed
CFIHOS-10000287,,attribute:,comparison operator,comparison operator name,,The description of what the comparison operator represents,,Example : less or equal to,Mandatory,"Text, max 100 characters",,,,,real,True,sha256:a69b98012d9e4a46495a3aed48eef8ce75a69d001eaa28b4c38cb0f3c921909d,CORE CFIHOS V2.0 CSV/CFIHOS CORE data dictionary v2.0.csv,325,source_reference_record,source_reference_record_unreviewed
CFIHOS-00000107,A.4.18,entity:,vendor document,,,"A document, originating from a vendor",Alias vendor document schedule.,,,,,EPC,,,real,True,sha256:a69b98012d9e4a46495a3aed48eef8ce75a69d001eaa28b4c38cb0f3c921909d,CORE CFIHOS V2.0 CSV/CFIHOS CORE data dictionary v2.0.csv,326,source_reference_record,source_reference_record_unreviewed
CFIHOS-10000305,,attribute:,vendor document,actual final revision date,,The date at which the final revision of the document was actually issued,,Example : 2022-11-15,Optional,Date,,,,,real,True,sha256:a69b98012d9e4a46495a3aed48eef8ce75a69d001eaa28b4c38cb0f3c921909d,CORE CFIHOS V2.0 CSV/CFIHOS CORE data dictionary v2.0.csv,327,source_reference_record,source_reference_record_unreviewed
CFIHOS-10000154,,attribute:,vendor document,document number,,The unique identifier for the document according to the Owner/Operator document numbering scheme,,Example : KC01-71-990-KW-T-YP-0002-000,Identifier,"Text, max 40 characters",document master,,,is subtype of,real,True,sha256:a69b98012d9e4a46495a3aed48eef8ce75a69d001eaa28b4c38cb0f3c921909d,CORE CFIHOS V2.0 CSV/CFIHOS CORE data dictionary v2.0.csv,328,source_reference_record,source_reference_record_unreviewed
CFIHOS-10000304,,attribute:,vendor document,planned final revision date,,The date at which the final revision of the document is expected to be issued,,Example : 2022-11-15,Optional,Date,,,,,real,True,sha256:a69b98012d9e4a46495a3aed48eef8ce75a69d001eaa28b4c38cb0f3c921909d,CORE CFIHOS V2.0 CSV/CFIHOS CORE data dictionary v2.0.csv,329,source_reference_record,source_reference_record_unreviewed
CFIHOS-10000306,,attribute:,vendor document,vendor document update description,,A description of what has changed in the vendor document since its previous document index transmission,,Example : Updated PLANNED_AFC_DATE,Optional,"Text, max 2048 characters",,,,,real,True,sha256:a69b98012d9e4a46495a3aed48eef8ce75a69d001eaa28b4c38cb0f3c921909d,CORE CFIHOS V2.0 CSV/CFIHOS CORE data dictionary v2.0.csv,330,source_reference_record,source_reference_record_unreviewed
CFIHOS-00000108,A.4.19,entity:,purchase order item vendor document and data requirement,,,A vendor document and data requirement (VDDR) deemed to be appropriate jointly by the purchaser and the vendor for a given purchase order.,"The Purchaser specifies for each VDDR the dates at which the Vendor shall send the corresponding information to the purchaser (e.g. issue for review date).During the ITT process the Vendor shall review the PO_VDDR and confirm: - The relevance of the VDDR's requested with regard to the equipment being requisitioned. For packages, the Vendor shall take into account all ancillary equipment, e.g. on a pump package there may be pulsation dampers, which may be deemed to be pressure vessels.  -The ability to meet specified VDDR's submittal dates.Following review, the Vendor will make adjustments according to the ITT clarification process regarding the VDDR omissions. The Vendor shall sign the agreed PO_VDDR.After PO award, a revised requisition package will be submitted to the Vendor with a revised PO_VDDR. The Vendor shall sign the revised PO_VDDR.",,,,,Mix Owner/Operator and EPC,,,real,True,sha256:a69b98012d9e4a46495a3aed48eef8ce75a69d001eaa28b4c38cb0f3c921909d,CORE CFIHOS V2.0 CSV/CFIHOS CORE data dictionary v2.0.csv,331,source_reference_record,source_reference_record_unreviewed
CFIHOS-10000316,,attribute:,purchase order item vendor document and data requirement,contractor comment,,A comment made by the contractor about this VDDR in this purchase order item,,Example : Contractor reference-001,Optional,"Text, max 1024 characters",,,,,real,True,sha256:a69b98012d9e4a46495a3aed48eef8ce75a69d001eaa28b4c38cb0f3c921909d,CORE CFIHOS V2.0 CSV/CFIHOS CORE data dictionary v2.0.csv,332,source_reference_record,source_reference_record_unreviewed
CFIHOS-10000313,,attribute:,purchase order item vendor document and data requirement,date required for approval,,The date agreed with the vendor by which an approved version of this document and data requirement should be available,,Example : 2022-11-15,Optional,Date,,,,,real,True,sha256:a69b98012d9e4a46495a3aed48eef8ce75a69d001eaa28b4c38cb0f3c921909d,CORE CFIHOS V2.0 CSV/CFIHOS CORE data dictionary v2.0.csv,333,source_reference_record,source_reference_record_unreviewed
CFIHOS-10000312,,attribute:,purchase order item vendor document and data requirement,date required for final review,,The date agreed with the vendor by which a final review version of this document and data requirement should be available.,,Example : 2022-11-15,Optional,Date,,,,,real,True,sha256:a69b98012d9e4a46495a3aed48eef8ce75a69d001eaa28b4c38cb0f3c921909d,CORE CFIHOS V2.0 CSV/CFIHOS CORE data dictionary v2.0.csv,334,source_reference_record,source_reference_record_unreviewed
CFIHOS-10000311,,attribute:,purchase order item vendor document and data requirement,date required for information sharing,,The date agreed with the vendor by which information about this document and data requirement should be shared,,Example : 2022-11-15,Optional,Date,,,,,real,True,sha256:a69b98012d9e4a46495a3aed48eef8ce75a69d001eaa28b4c38cb0f3c921909d,CORE CFIHOS V2.0 CSV/CFIHOS CORE data dictionary v2.0.csv,335,source_reference_record,source_reference_record_unreviewed
CFIHOS-10000154,,attribute:,purchase order item vendor document and data requirement,document number,,The unique identifier for the document according to the Owner/Operator document numbering scheme,,Example : KC01-71-990-KW-T-YP-0002-000,Optional,"Text, max 40 characters",vendor document,,,"is, for this purchase order, the status required at hand over",real,True,sha256:a69b98012d9e4a46495a3aed48eef8ce75a69d001eaa28b4c38cb0f3c921909d,CORE CFIHOS V2.0 CSV/CFIHOS CORE data dictionary v2.0.csv,336,source_reference_record,source_reference_record_unreviewed
CFIHOS-10000189,,attribute:,purchase order item vendor document and data requirement,engineering status code,required hand over status code,The required status of the document at handover time,,Example : ASB,Optional,"Text, max 40 characters",engineering status,,,is the status required at hand over for,real,True,sha256:a69b98012d9e4a46495a3aed48eef8ce75a69d001eaa28b4c38cb0f3c921909d,CORE CFIHOS V2.0 CSV/CFIHOS CORE data dictionary v2.0.csv,337,source_reference_record,source_reference_record_unreviewed
CFIHOS-10000180,,attribute:,purchase order item vendor document and data requirement,purchase order issuer company name,,The name of the company issuing the purchase order,,Example : Engineering and co Ltd,Identifier,"Text, max 30 characters",purchase order item,,,requires the reception of,real,True,sha256:a69b98012d9e4a46495a3aed48eef8ce75a69d001eaa28b4c38cb0f3c921909d,CORE CFIHOS V2.0 CSV/CFIHOS CORE data dictionary v2.0.csv,338,source_reference_record,source_reference_record_unreviewed
CFIHOS-10000299,,attribute:,purchase order item vendor document and data requirement,purchase order item number,,A code that uniquely identifies an item in a purchase order,,Example : 0012,Identifier,Integer,purchase order item,,,requires the reception of,real,True,sha256:a69b98012d9e4a46495a3aed48eef8ce75a69d001eaa28b4c38cb0f3c921909d,CORE CFIHOS V2.0 CSV/CFIHOS CORE data dictionary v2.0.csv,339,source_reference_record,source_reference_record_unreviewed
CFIHOS-10000128,,attribute:,purchase order item vendor document and data requirement,purchase order number,,A unique code used to identify the purchase order within the company issuing the purchase order,,Example : 00058,Identifier,"Text, max 50 characters",purchase order item,,,requires the reception of,real,True,sha256:a69b98012d9e4a46495a3aed48eef8ce75a69d001eaa28b4c38cb0f3c921909d,CORE CFIHOS V2.0 CSV/CFIHOS CORE data dictionary v2.0.csv,340,source_reference_record,source_reference_record_unreviewed
CFIHOS-10000307,,attribute:,purchase order item vendor document and data requirement,purchase order vendor document and data requirement number,,"A number that uniquely identifies a document and data requirement of a given standard source, in a given purchase order item",,Example : 1,Identifier,Integer,,,,,real,True,sha256:a69b98012d9e4a46495a3aed48eef8ce75a69d001eaa28b4c38cb0f3c921909d,CORE CFIHOS V2.0 CSV/CFIHOS CORE data dictionary v2.0.csv,341,source_reference_record,source_reference_record_unreviewed
CFIHOS-10000315,,attribute:,purchase order item vendor document and data requirement,purchaser comment,,A comment made by the purchase issuer about this VDDR in this purchase order item,,Example : Company document number allocated,Optional,"Text, max 1024 characters",,,,,real,True,sha256:a69b98012d9e4a46495a3aed48eef8ce75a69d001eaa28b4c38cb0f3c921909d,CORE CFIHOS V2.0 CSV/CFIHOS CORE data dictionary v2.0.csv,342,source_reference_record,source_reference_record_unreviewed
CFIHOS-10000053,,attribute:,purchase order item vendor document and data requirement,source standard code,,"A code used to designate the standard used to define requirements like engineering, operations, etc.",,Example : ISO 13533,Optional,"Text, max 40 characters",source standard document and data requirement,,,is required for,real,True,sha256:a69b98012d9e4a46495a3aed48eef8ce75a69d001eaa28b4c38cb0f3c921909d,CORE CFIHOS V2.0 CSV/CFIHOS CORE data dictionary v2.0.csv,343,source_reference_record,source_reference_record_unreviewed
CFIHOS-10000267,,attribute:,purchase order item vendor document and data requirement,source standard document and data requirement number,,"A number, assigned sequentially, to associate the VDDR to the engineering standard",,Example : 11,Optional,"Text, max 40 characters",source standard document and data requirement,,,is required for,real,True,sha256:a69b98012d9e4a46495a3aed48eef8ce75a69d001eaa28b4c38cb0f3c921909d,CORE CFIHOS V2.0 CSV/CFIHOS CORE data dictionary v2.0.csv,344,source_reference_record,source_reference_record_unreviewed
CFIHOS-10000310,,attribute:,purchase order item vendor document and data requirement,submit at delivery indicator,,An indication whether document having for content this VDDR shall be delivered by the Vendor at the same time as the delivery of the material or service or not,,Example : Yes,Optional,Boolean (Yes/No),,,,,real,True,sha256:a69b98012d9e4a46495a3aed48eef8ce75a69d001eaa28b4c38cb0f3c921909d,CORE CFIHOS V2.0 CSV/CFIHOS CORE data dictionary v2.0.csv,345,source_reference_record,source_reference_record_unreviewed
CFIHOS-10000308,,attribute:,purchase order item vendor document and data requirement,submit at proposal indicator,,An indication whether documents having for content this VDDR shall be submitted by the Vendor during the ITT process or not,,Example : Yes,Optional,Boolean (Yes/No),,,,,real,True,sha256:a69b98012d9e4a46495a3aed48eef8ce75a69d001eaa28b4c38cb0f3c921909d,CORE CFIHOS V2.0 CSV/CFIHOS CORE data dictionary v2.0.csv,346,source_reference_record,source_reference_record_unreviewed
CFIHOS-10000309,,attribute:,purchase order item vendor document and data requirement,submit for review indicator,,An indication whether documents having for content this VDDR shall be submitted by the Vendor for review or not,,Example : Yes,Optional,Boolean (Yes/No),,,,,real,True,sha256:a69b98012d9e4a46495a3aed48eef8ce75a69d001eaa28b4c38cb0f3c921909d,CORE CFIHOS V2.0 CSV/CFIHOS CORE data dictionary v2.0.csv,347,source_reference_record,source_reference_record_unreviewed
CFIHOS-10000314,,attribute:,purchase order item vendor document and data requirement,translation required indicator,,"An indication whether a document needs to be translated (for regulatory reason or operation reasons), or not.",,Example : No,Mandatory,Boolean (Yes/No),,,,,real,True,sha256:a69b98012d9e4a46495a3aed48eef8ce75a69d001eaa28b4c38cb0f3c921909d,CORE CFIHOS V2.0 CSV/CFIHOS CORE data dictionary v2.0.csv,348,source_reference_record,source_reference_record_unreviewed
CFIHOS-10000317,,attribute:,purchase order item vendor document and data requirement,vendor comment,,A comment made by the vendor about this VDDR in this purchase order item,,Example : Vendor reference-001,Optional,"Text, max 1024 characters",,,,,real,True,sha256:a69b98012d9e4a46495a3aed48eef8ce75a69d001eaa28b4c38cb0f3c921909d,CORE CFIHOS V2.0 CSV/CFIHOS CORE data dictionary v2.0.csv,349,source_reference_record,source_reference_record_unreviewed
CFIHOS-00000109,A.4.20,entity:,purchase order item expected event,,,"An event, other than the purchase or the delivery, that needs to be monitored for the delivery of the requirements",,,,,,Mix Owner/Operator and EPC,,,real,True,sha256:a69b98012d9e4a46495a3aed48eef8ce75a69d001eaa28b4c38cb0f3c921909d,CORE CFIHOS V2.0 CSV/CFIHOS CORE data dictionary v2.0.csv,350,source_reference_record,source_reference_record_unreviewed
CFIHOS-10000294,,attribute:,purchase order item expected event,event type code,,A code that uniquely identifies the type of event of interest to CFIHOS,,Example : D,Identifier,"Text, max 2 characters",event type,,,is occurring for,real,True,sha256:a69b98012d9e4a46495a3aed48eef8ce75a69d001eaa28b4c38cb0f3c921909d,CORE CFIHOS V2.0 CSV/CFIHOS CORE data dictionary v2.0.csv,351,source_reference_record,source_reference_record_unreviewed
CFIHOS-10000180,,attribute:,purchase order item expected event,purchase order issuer company name,,The name of the company issuing the purchase order,,Example : Engineering and co Ltd,Identifier,"Text, max 30 characters",purchase order item,,,is subject to,real,True,sha256:a69b98012d9e4a46495a3aed48eef8ce75a69d001eaa28b4c38cb0f3c921909d,CORE CFIHOS V2.0 CSV/CFIHOS CORE data dictionary v2.0.csv,352,source_reference_record,source_reference_record_unreviewed
CFIHOS-10000319,,attribute:,purchase order item expected event,purchase order item event latest revised date,,The lates revised date at which the expected event is estimated to take place,,Example : 2022-11-15,Optional,Date,,,,,real,True,sha256:a69b98012d9e4a46495a3aed48eef8ce75a69d001eaa28b4c38cb0f3c921909d,CORE CFIHOS V2.0 CSV/CFIHOS CORE data dictionary v2.0.csv,353,source_reference_record,source_reference_record_unreviewed
CFIHOS-10000318,,attribute:,purchase order item expected event,purchase order item event original estimated date,,The date at which the expected event was initially estimated to take place,,Example : 2022-11-15,Optional,Date,,,,,real,True,sha256:a69b98012d9e4a46495a3aed48eef8ce75a69d001eaa28b4c38cb0f3c921909d,CORE CFIHOS V2.0 CSV/CFIHOS CORE data dictionary v2.0.csv,354,source_reference_record,source_reference_record_unreviewed
CFIHOS-10000299,,attribute:,purchase order item expected event,purchase order item number,,A code that uniquely identifies an item in a purchase order,,Example : 0012,Identifier,Integer,purchase order item,,,is subject to,real,True,sha256:a69b98012d9e4a46495a3aed48eef8ce75a69d001eaa28b4c38cb0f3c921909d,CORE CFIHOS V2.0 CSV/CFIHOS CORE data dictionary v2.0.csv,355,source_reference_record,source_reference_record_unreviewed
CFIHOS-10000128,,attribute:,purchase order item expected event,purchase order number,,A unique code used to identify the purchase order within the company issuing the purchase order,,Example : 00058,Identifier,"Text, max 50 characters",purchase order item,,,is subject to,real,True,sha256:a69b98012d9e4a46495a3aed48eef8ce75a69d001eaa28b4c38cb0f3c921909d,CORE CFIHOS V2.0 CSV/CFIHOS CORE data dictionary v2.0.csv,356,source_reference_record,source_reference_record_unreviewed
CFIHOS-00000110,A.4.21,entity:,purchase order item for model part,,,A purchase order item for a model or a part,,,,,,Mix Owner/Operator and EPC,,,real,True,sha256:a69b98012d9e4a46495a3aed48eef8ce75a69d001eaa28b4c38cb0f3c921909d,CORE CFIHOS V2.0 CSV/CFIHOS CORE data dictionary v2.0.csv,357,source_reference_record,source_reference_record_unreviewed
CFIHOS-10000158,,attribute:,purchase order item for model part,manufacturer company name,,A name used to uniquely identify the company who manufactures the model / part,,Example : Flowserve,Mandatory,"Text, max 30 characters",model part,,,is ordered in,real,True,sha256:a69b98012d9e4a46495a3aed48eef8ce75a69d001eaa28b4c38cb0f3c921909d,CORE CFIHOS V2.0 CSV/CFIHOS CORE data dictionary v2.0.csv,358,source_reference_record,source_reference_record_unreviewed
CFIHOS-10000159,,attribute:,purchase order item for model part,model part name,,A unique name to identify the model part of the manufacturer,,Example : A4 V726 PN 40,Mandatory,"Text, max 100 characters",model part,,,is ordered in,real,True,sha256:a69b98012d9e4a46495a3aed48eef8ce75a69d001eaa28b4c38cb0f3c921909d,CORE CFIHOS V2.0 CSV/CFIHOS CORE data dictionary v2.0.csv,359,source_reference_record,source_reference_record_unreviewed
CFIHOS-10000180,,attribute:,purchase order item for model part,purchase order issuer company name,,The name of the company issuing the purchase order,,Example : Engineering and co Ltd,Identifier,"Text, max 30 characters",purchase order item,,,is subtype of,real,True,sha256:a69b98012d9e4a46495a3aed48eef8ce75a69d001eaa28b4c38cb0f3c921909d,CORE CFIHOS V2.0 CSV/CFIHOS CORE data dictionary v2.0.csv,360,source_reference_record,source_reference_record_unreviewed
CFIHOS-10000299,,attribute:,purchase order item for model part,purchase order item number,,A code that uniquely identifies an item in a purchase order,,Example : 0012,Identifier,Integer,purchase order item,,,is subtype of,real,True,sha256:a69b98012d9e4a46495a3aed48eef8ce75a69d001eaa28b4c38cb0f3c921909d,CORE CFIHOS V2.0 CSV/CFIHOS CORE data dictionary v2.0.csv,361,source_reference_record,source_reference_record_unreviewed
CFIHOS-10000128,,attribute:,purchase order item for model part,purchase order number,,A unique code used to identify the purchase order within the company issuing the purchase order,,Example : 00058,Identifier,"Text, max 50 characters",purchase order item,,,is subtype of,real,True,sha256:a69b98012d9e4a46495a3aed48eef8ce75a69d001eaa28b4c38cb0f3c921909d,CORE CFIHOS V2.0 CSV/CFIHOS CORE data dictionary v2.0.csv,362,source_reference_record,source_reference_record_unreviewed
CFIHOS-00000111,A.4.22,entity:,purchase order item for bulk,,,A purchase order item for some goods in bulk,,,,,,Mix Owner/Operator and EPC,,,real,True,sha256:a69b98012d9e4a46495a3aed48eef8ce75a69d001eaa28b4c38cb0f3c921909d,CORE CFIHOS V2.0 CSV/CFIHOS CORE data dictionary v2.0.csv,363,source_reference_record,source_reference_record_unreviewed
CFIHOS-10000180,,attribute:,purchase order item for bulk,purchase order issuer company name,,The name of the company issuing the purchase order,,Example : Engineering and co Ltd,Identifier,"Text, max 30 characters",purchase order item,,,is subtype of,real,True,sha256:a69b98012d9e4a46495a3aed48eef8ce75a69d001eaa28b4c38cb0f3c921909d,CORE CFIHOS V2.0 CSV/CFIHOS CORE data dictionary v2.0.csv,364,source_reference_record,source_reference_record_unreviewed
CFIHOS-10000299,,attribute:,purchase order item for bulk,purchase order item number,,A code that uniquely identifies an item in a purchase order,,Example : 0012,Identifier,Integer,purchase order item,,,is subtype of,real,True,sha256:a69b98012d9e4a46495a3aed48eef8ce75a69d001eaa28b4c38cb0f3c921909d,CORE CFIHOS V2.0 CSV/CFIHOS CORE data dictionary v2.0.csv,365,source_reference_record,source_reference_record_unreviewed
CFIHOS-10000128,,attribute:,purchase order item for bulk,purchase order number,,A unique code used to identify the purchase order within the company issuing the purchase order,,Example : 00058,Identifier,"Text, max 50 characters",purchase order item,,,is subtype of,real,True,sha256:a69b98012d9e4a46495a3aed48eef8ce75a69d001eaa28b4c38cb0f3c921909d,CORE CFIHOS V2.0 CSV/CFIHOS CORE data dictionary v2.0.csv,366,source_reference_record,source_reference_record_unreviewed
CFIHOS-00000112,A.4.23,entity:,purchase order item for tag,,,A purchase order item that refers to one or more tags,,,,,,Mix Owner/Operator and EPC,,,real,True,sha256:a69b98012d9e4a46495a3aed48eef8ce75a69d001eaa28b4c38cb0f3c921909d,CORE CFIHOS V2.0 CSV/CFIHOS CORE data dictionary v2.0.csv,367,source_reference_record,source_reference_record_unreviewed
CFIHOS-10000180,,attribute:,purchase order item for tag,purchase order issuer company name,,The name of the company issuing the purchase order,,Example : Engineering and co Ltd,Identifier,"Text, max 30 characters",purchase order item,,,is subtype of,real,True,sha256:a69b98012d9e4a46495a3aed48eef8ce75a69d001eaa28b4c38cb0f3c921909d,CORE CFIHOS V2.0 CSV/CFIHOS CORE data dictionary v2.0.csv,368,source_reference_record,source_reference_record_unreviewed
CFIHOS-10000299,,attribute:,purchase order item for tag,purchase order item number,,A code that uniquely identifies an item in a purchase order,,Example : 0012,Identifier,Integer,purchase order item,,,is subtype of,real,True,sha256:a69b98012d9e4a46495a3aed48eef8ce75a69d001eaa28b4c38cb0f3c921909d,CORE CFIHOS V2.0 CSV/CFIHOS CORE data dictionary v2.0.csv,369,source_reference_record,source_reference_record_unreviewed
CFIHOS-10000128,,attribute:,purchase order item for tag,purchase order number,,A unique code used to identify the purchase order within the company issuing the purchase order,,Example : 00058,Identifier,"Text, max 50 characters",purchase order item,,,is subtype of,real,True,sha256:a69b98012d9e4a46495a3aed48eef8ce75a69d001eaa28b4c38cb0f3c921909d,CORE CFIHOS V2.0 CSV/CFIHOS CORE data dictionary v2.0.csv,370,source_reference_record,source_reference_record_unreviewed
CFIHOS-00000137,A.4.27,entity:,deliverable format,,,A format required to be used by the supplier of information in conformance with JIP33 standard,,,,,,RDL Pick list,,,real,True,sha256:a69b98012d9e4a46495a3aed48eef8ce75a69d001eaa28b4c38cb0f3c921909d,CORE CFIHOS V2.0 CSV/CFIHOS CORE data dictionary v2.0.csv,371,source_reference_record,source_reference_record_unreviewed
CFIHOS-10000365,,attribute:,deliverable format,deliverable format code,,A code that uniquely identifies the format of the deliverable,,Example : PDF,Identifier,"Text, max 40 characters",,,,,real,True,sha256:a69b98012d9e4a46495a3aed48eef8ce75a69d001eaa28b4c38cb0f3c921909d,CORE CFIHOS V2.0 CSV/CFIHOS CORE data dictionary v2.0.csv,372,source_reference_record,source_reference_record_unreviewed
CFIHOS-10000366,,attribute:,deliverable format,deliverable format description,,A description of what the deliverable format represents,,Example : Portable Document Format,Optional,"Text, max 100 characters",,,,,real,True,sha256:a69b98012d9e4a46495a3aed48eef8ce75a69d001eaa28b4c38cb0f3c921909d,CORE CFIHOS V2.0 CSV/CFIHOS CORE data dictionary v2.0.csv,373,source_reference_record,source_reference_record_unreviewed
CFIHOS-00000051,A.4.31,entity:,coding source,,,"A system that has similarities to CFIHOS, and has been coding the objects relevant to CFIHOS in a different way",,,,,,RDL Pick list,,,real,True,sha256:a69b98012d9e4a46495a3aed48eef8ce75a69d001eaa28b4c38cb0f3c921909d,CORE CFIHOS V2.0 CSV/CFIHOS CORE data dictionary v2.0.csv,374,source_reference_record,source_reference_record_unreviewed
CFIHOS-10000205,,attribute:,coding source,CFIHOS coding equivalent source description,,A description of what that coding source is,,"Example : A non-profit global-standardisation member organisation that shall promote the development of open specifications to be used as standards for enabling the interoperability of data, software and related matters.",Optional,"Text, max 255 characters",,,,,real,True,sha256:a69b98012d9e4a46495a3aed48eef8ce75a69d001eaa28b4c38cb0f3c921909d,CORE CFIHOS V2.0 CSV/CFIHOS CORE data dictionary v2.0.csv,375,source_reference_record,source_reference_record_unreviewed
CFIHOS-10000204,,attribute:,coding source,coding source code,,A code that uniquely identifies the system that has been assigning codes to objects relevant to CFIHOS,,Example : POSC CAESAR,Identifier,"Text, max 20 characters",,,,,real,True,sha256:a69b98012d9e4a46495a3aed48eef8ce75a69d001eaa28b4c38cb0f3c921909d,CORE CFIHOS V2.0 CSV/CFIHOS CORE data dictionary v2.0.csv,376,source_reference_record,source_reference_record_unreviewed
CFIHOS-00000052,A.4.32,entity:,CFIHOS object equivalent mapping,,,A code assigned by a coding source to a tag class,,,,,,RDL,,,real,True,sha256:a69b98012d9e4a46495a3aed48eef8ce75a69d001eaa28b4c38cb0f3c921909d,CORE CFIHOS V2.0 CSV/CFIHOS CORE data dictionary v2.0.csv,377,source_reference_record,source_reference_record_unreviewed
CFIHOS-10000206,,attribute:,CFIHOS object equivalent mapping,CFIHOS code equivalent value,,"The code, assigned in the coding source, to the object that is equivalent to the CFIHOS object",,Example : RDS11590210,Mandatory,"Text, max 40 characters",,,,,real,True,sha256:a69b98012d9e4a46495a3aed48eef8ce75a69d001eaa28b4c38cb0f3c921909d,CORE CFIHOS V2.0 CSV/CFIHOS CORE data dictionary v2.0.csv,378,source_reference_record,source_reference_record_unreviewed
CFIHOS-10000146,,attribute:,CFIHOS object equivalent mapping,CFIHOS unique code,,"A unique identifier, assigned in the CFIHOS Reference Data Library (RDL) to an object in the CFIHOS RDL",,Example : CFIHOS-30000562,Mandatory,"Text, max 40 characters",property,,,is alternatively coded,real,True,sha256:a69b98012d9e4a46495a3aed48eef8ce75a69d001eaa28b4c38cb0f3c921909d,CORE CFIHOS V2.0 CSV/CFIHOS CORE data dictionary v2.0.csv,379,source_reference_record,source_reference_record_unreviewed
CFIHOS-10000204,,attribute:,CFIHOS object equivalent mapping,coding source code,,The system that has been assigning codes to objects relevant to CFIHOS,,Example : POSC CAESAR,Identifier,"Text, max 20 characters",coding source,,,provides a code for,real,True,sha256:a69b98012d9e4a46495a3aed48eef8ce75a69d001eaa28b4c38cb0f3c921909d,CORE CFIHOS V2.0 CSV/CFIHOS CORE data dictionary v2.0.csv,380,source_reference_record,source_reference_record_unreviewed
CFIHOS-00000029,A.5.01,entity:,property,,,"A type of feature that is used to distinguish and describe tags, equipment, models) or their class","Alias attribute, characteristic.",,,,,RDL,,,real,True,sha256:a69b98012d9e4a46495a3aed48eef8ce75a69d001eaa28b4c38cb0f3c921909d,CORE CFIHOS V2.0 CSV/CFIHOS CORE data dictionary v2.0.csv,381,source_reference_record,source_reference_record_unreviewed
CFIHOS-10000146,,attribute:,property,CFIHOS unique code,,A code that uniquely identifies the property in CFIHOS,,Example : CFIHOS-30000562,Mandatory,"Text, max 40 characters",,,,,real,True,sha256:a69b98012d9e4a46495a3aed48eef8ce75a69d001eaa28b4c38cb0f3c921909d,CORE CFIHOS V2.0 CSV/CFIHOS CORE data dictionary v2.0.csv,382,source_reference_record,source_reference_record_unreviewed
CFIHOS-10000171,,attribute:,property,data type code,property data type,An indication what are the type of values of the property can take,,Example : Text,Mandatory,"Text, max 40 characters",data type,,,classifies the type of values of,real,True,sha256:a69b98012d9e4a46495a3aed48eef8ce75a69d001eaa28b4c38cb0f3c921909d,CORE CFIHOS V2.0 CSV/CFIHOS CORE data dictionary v2.0.csv,383,source_reference_record,source_reference_record_unreviewed
CFIHOS-10000236,,attribute:,property,property data type length,,The maximum length that a property value may have in a pick list,,Example : 40,Optional,Integer,,,,,real,True,sha256:a69b98012d9e4a46495a3aed48eef8ce75a69d001eaa28b4c38cb0f3c921909d,CORE CFIHOS V2.0 CSV/CFIHOS CORE data dictionary v2.0.csv,384,source_reference_record,source_reference_record_unreviewed
CFIHOS-10000135,,attribute:,property,property definition,,A definition of what the property represents,,Example : The pressure at which a functional or physical object is expected to operate normally.,Mandatory,"Text, max 255 characters",,,,,real,True,sha256:a69b98012d9e4a46495a3aed48eef8ce75a69d001eaa28b4c38cb0f3c921909d,CORE CFIHOS V2.0 CSV/CFIHOS CORE data dictionary v2.0.csv,385,source_reference_record,source_reference_record_unreviewed
CFIHOS-10000057,,attribute:,property,property existence reason description,,The reason why the property has been added in CFIHOS,,Example : Required for Operations and Maintenance,Optional,"Text, max 255 characters",,,,,real,True,sha256:a69b98012d9e4a46495a3aed48eef8ce75a69d001eaa28b4c38cb0f3c921909d,CORE CFIHOS V2.0 CSV/CFIHOS CORE data dictionary v2.0.csv,386,source_reference_record,source_reference_record_unreviewed
CFIHOS-10000056,,attribute:,property,property name,,A name that uniquely identifies the property,,Example : normal operating pressure,Identifier,"Text, max 100 characters",,,,,real,True,sha256:a69b98012d9e4a46495a3aed48eef8ce75a69d001eaa28b4c38cb0f3c921909d,CORE CFIHOS V2.0 CSV/CFIHOS CORE data dictionary v2.0.csv,387,source_reference_record,source_reference_record_unreviewed
CFIHOS-10000059,,attribute:,property,property picklist name,,The name by which the pick list is designated,,Example : air cooler type,Optional,"Text, max 100 characters",property picklist,,,provides the possible values of,real,True,sha256:a69b98012d9e4a46495a3aed48eef8ce75a69d001eaa28b4c38cb0f3c921909d,CORE CFIHOS V2.0 CSV/CFIHOS CORE data dictionary v2.0.csv,388,source_reference_record,source_reference_record_unreviewed
CFIHOS-10000234,,attribute:,property,unit of measure dimension code,,A code that uniquely identifies the unit of measure dimension,,Example : Volume,Optional,"Text, max 6 characters",unit of measure dimension,,,"is the dimension in which are measured, when quantitative,",real,True,sha256:a69b98012d9e4a46495a3aed48eef8ce75a69d001eaa28b4c38cb0f3c921909d,CORE CFIHOS V2.0 CSV/CFIHOS CORE data dictionary v2.0.csv,389,source_reference_record,source_reference_record_unreviewed
CFIHOS-00000096,A.5.02,entity:,data type,,,A classification of data elements according to their nature,,,,,,RDL Pick list,,,real,True,sha256:a69b98012d9e4a46495a3aed48eef8ce75a69d001eaa28b4c38cb0f3c921909d,CORE CFIHOS V2.0 CSV/CFIHOS CORE data dictionary v2.0.csv,390,source_reference_record,source_reference_record_unreviewed
CFIHOS-10000171,,attribute:,data type,data type code,,An indication what are the type of values a data element can take,,Example : Text,Identifier,"Text, max 40 characters",,,,,real,True,sha256:a69b98012d9e4a46495a3aed48eef8ce75a69d001eaa28b4c38cb0f3c921909d,CORE CFIHOS V2.0 CSV/CFIHOS CORE data dictionary v2.0.csv,391,source_reference_record,source_reference_record_unreviewed
CFIHOS-10000251,,attribute:,data type,data type name,,A description of what the data type code represents,,Example : Binary Large Object,Optional,"Text, max 255 characters",,,,,real,True,sha256:a69b98012d9e4a46495a3aed48eef8ce75a69d001eaa28b4c38cb0f3c921909d,CORE CFIHOS V2.0 CSV/CFIHOS CORE data dictionary v2.0.csv,392,source_reference_record,source_reference_record_unreviewed
CFIHOS-00000070,A.5.03,entity:,quantitative property,,,"A type of feature that (a) is used to distinguish and describe tags, equipment, models or their class (b) is numeric (c) may have an associated unit of measure.",,,,,,RDL (logical subtype),,,real,True,sha256:a69b98012d9e4a46495a3aed48eef8ce75a69d001eaa28b4c38cb0f3c921909d,CORE CFIHOS V2.0 CSV/CFIHOS CORE data dictionary v2.0.csv,393,source_reference_record,source_reference_record_unreviewed
CFIHOS-10000056,,attribute:,quantitative property,property name,,A name that uniquely identifies the property,,Example : normal operating pressure,Identifier,"Text, max 100 characters",property,,,is subtype of,real,True,sha256:a69b98012d9e4a46495a3aed48eef8ce75a69d001eaa28b4c38cb0f3c921909d,CORE CFIHOS V2.0 CSV/CFIHOS CORE data dictionary v2.0.csv,394,source_reference_record,source_reference_record_unreviewed
CFIHOS-10000234,,attribute:,quantitative property,unit of measure dimension code,,A code that uniquely identifies the unit of measure dimension,,Example : Volume,Optional,"Text, max 6 characters",unit of measure dimension,,,qualifies the dimension in which can be measured,real,True,sha256:a69b98012d9e4a46495a3aed48eef8ce75a69d001eaa28b4c38cb0f3c921909d,CORE CFIHOS V2.0 CSV/CFIHOS CORE data dictionary v2.0.csv,395,source_reference_record,source_reference_record_unreviewed
CFIHOS-00000071,A.5.04,entity:,qualitative property,,,"A type of feature that (a) is used to distinguish and describe tags, equipment, models or their class (b) may have defined list of values to select from (c) is non-numeric.",,,,,,RDL (logical subtype),,,real,True,sha256:a69b98012d9e4a46495a3aed48eef8ce75a69d001eaa28b4c38cb0f3c921909d,CORE CFIHOS V2.0 CSV/CFIHOS CORE data dictionary v2.0.csv,396,source_reference_record,source_reference_record_unreviewed
CFIHOS-10000236,,attribute:,qualitative property,property data type length,,The maximum length that a property value may have in a pick list,,Example : 40,Mandatory,Integer,,,,,real,True,sha256:a69b98012d9e4a46495a3aed48eef8ce75a69d001eaa28b4c38cb0f3c921909d,CORE CFIHOS V2.0 CSV/CFIHOS CORE data dictionary v2.0.csv,397,source_reference_record,source_reference_record_unreviewed
CFIHOS-10000056,,attribute:,qualitative property,property name,,A name that uniquely identifies the property,,Example : normal operating pressure,Identifier,"Text, max 100 characters",property,,,is subtype of,real,True,sha256:a69b98012d9e4a46495a3aed48eef8ce75a69d001eaa28b4c38cb0f3c921909d,CORE CFIHOS V2.0 CSV/CFIHOS CORE data dictionary v2.0.csv,398,source_reference_record,source_reference_record_unreviewed
CFIHOS-10000059,,attribute:,qualitative property,property picklist name,,The name by which the pick list is designated,,Example : air cooler type,Optional,"Text, max 100 characters",property picklist,,,contains allowed values for,real,True,sha256:a69b98012d9e4a46495a3aed48eef8ce75a69d001eaa28b4c38cb0f3c921909d,CORE CFIHOS V2.0 CSV/CFIHOS CORE data dictionary v2.0.csv,399,source_reference_record,source_reference_record_unreviewed
CFIHOS-00000072,A.5.05,entity:,unit of measure dimension,,,A grouping of units of measure that relate to the same kind of quantity,The term ''kind of quantity'' is defined and used in ISO 80000.,,,,,RDL Pick list,,,real,True,sha256:a69b98012d9e4a46495a3aed48eef8ce75a69d001eaa28b4c38cb0f3c921909d,CORE CFIHOS V2.0 CSV/CFIHOS CORE data dictionary v2.0.csv,400,source_reference_record,source_reference_record_unreviewed
CFIHOS-10000146,,attribute:,unit of measure dimension,CFIHOS unique code,,A code that uniquely identifies the unit of measure dimension in CFIHOS,,Example : CFIHOS-30000562,Mandatory,"Text, max 40 characters",,,,,real,True,sha256:a69b98012d9e4a46495a3aed48eef8ce75a69d001eaa28b4c38cb0f3c921909d,CORE CFIHOS V2.0 CSV/CFIHOS CORE data dictionary v2.0.csv,401,source_reference_record,source_reference_record_unreviewed
CFIHOS-10000234,,attribute:,unit of measure dimension,unit of measure dimension code,,A code that uniquely identifies the unit of measure dimension,,Example : Volume,Identifier,"Text, max 6 characters",,,,,real,True,sha256:a69b98012d9e4a46495a3aed48eef8ce75a69d001eaa28b4c38cb0f3c921909d,CORE CFIHOS V2.0 CSV/CFIHOS CORE data dictionary v2.0.csv,402,source_reference_record,source_reference_record_unreviewed
CFIHOS-10000235,,attribute:,unit of measure dimension,unit of measure dimension name,,The name of the unit of measure dimension,,Example : Volume,Mandatory,"Text, max 100 characters",,,,,real,True,sha256:a69b98012d9e4a46495a3aed48eef8ce75a69d001eaa28b4c38cb0f3c921909d,CORE CFIHOS V2.0 CSV/CFIHOS CORE data dictionary v2.0.csv,403,source_reference_record,source_reference_record_unreviewed
CFIHOS-00000073,A.5.06,entity:,unit of measure,,,A unit that qualifies the size of a quantity,,,,,,RDL,,,real,True,sha256:a69b98012d9e4a46495a3aed48eef8ce75a69d001eaa28b4c38cb0f3c921909d,CORE CFIHOS V2.0 CSV/CFIHOS CORE data dictionary v2.0.csv,404,source_reference_record,source_reference_record_unreviewed
CFIHOS-10000146,,attribute:,unit of measure,CFIHOS unique code,,A code that uniquely identifies the unit of measure in CFIHOS,,Example : CFIHOS-30000562,Mandatory,"Text, max 40 characters",,,,,real,True,sha256:a69b98012d9e4a46495a3aed48eef8ce75a69d001eaa28b4c38cb0f3c921909d,CORE CFIHOS V2.0 CSV/CFIHOS CORE data dictionary v2.0.csv,405,source_reference_record,source_reference_record_unreviewed
CFIHOS-10000240,,attribute:,unit of measure,measurement system code,,A code that uniquely identifies the measurement system,,Example : SI,Optional,"Text, max 10 characters",measurement system,,,includes,real,True,sha256:a69b98012d9e4a46495a3aed48eef8ce75a69d001eaa28b4c38cb0f3c921909d,CORE CFIHOS V2.0 CSV/CFIHOS CORE data dictionary v2.0.csv,406,source_reference_record,source_reference_record_unreviewed
CFIHOS-10000237,,attribute:,unit of measure,UNECE code,,A code that uniquely identifies the UNECE unit of measure,"The coding of units of measure will be based on UN/ECE codes. The reasons for this is that 1) ISO does not, in 2018, have codes for units of measure, and 2) UN/ECE is the standard used in EDI transactions, i.e. to exchange transaction information electronically between parties.",Example : SEC,Optional,"Text, max 3 characters",,,,,real,True,sha256:a69b98012d9e4a46495a3aed48eef8ce75a69d001eaa28b4c38cb0f3c921909d,CORE CFIHOS V2.0 CSV/CFIHOS CORE data dictionary v2.0.csv,407,source_reference_record,source_reference_record_unreviewed
CFIHOS-10000234,,attribute:,unit of measure,unit of measure dimension code,,A code that uniquely identifies the unit of measure dimension,,Example : Volume,Mandatory,"Text, max 6 characters",unit of measure dimension,,,includes,real,True,sha256:a69b98012d9e4a46495a3aed48eef8ce75a69d001eaa28b4c38cb0f3c921909d,CORE CFIHOS V2.0 CSV/CFIHOS CORE data dictionary v2.0.csv,408,source_reference_record,source_reference_record_unreviewed
CFIHOS-10000238,,attribute:,unit of measure,unit of measure name,,The unique name which designates the unit.,,Example : metre,Identifier,"Text, max 90 characters",,,,,real,True,sha256:a69b98012d9e4a46495a3aed48eef8ce75a69d001eaa28b4c38cb0f3c921909d,CORE CFIHOS V2.0 CSV/CFIHOS CORE data dictionary v2.0.csv,409,source_reference_record,source_reference_record_unreviewed
CFIHOS-10000239,,attribute:,unit of measure,unit of measure symbol,,The symbol used to represent the unit of measure based on the Energistics UoM standard,,Example : second,Optional,"Text, max 30 characters",,,,,real,True,sha256:a69b98012d9e4a46495a3aed48eef8ce75a69d001eaa28b4c38cb0f3c921909d,CORE CFIHOS V2.0 CSV/CFIHOS CORE data dictionary v2.0.csv,410,source_reference_record,source_reference_record_unreviewed
CFIHOS-00000019,A.5.07,entity:,property picklist,,,A set of possible values that can be assigned to a property,,,,,,RDL,,,real,True,sha256:a69b98012d9e4a46495a3aed48eef8ce75a69d001eaa28b4c38cb0f3c921909d,CORE CFIHOS V2.0 CSV/CFIHOS CORE data dictionary v2.0.csv,411,source_reference_record,source_reference_record_unreviewed
CFIHOS-10000146,,attribute:,property picklist,CFIHOS unique code,,"A unique identifier, assigned in the CFIHOS Reference Data Library (RDL) to the property pick list",,Example : CFIHOS-30000562,Mandatory,"Text, max 40 characters",,,,,real,True,sha256:a69b98012d9e4a46495a3aed48eef8ce75a69d001eaa28b4c38cb0f3c921909d,CORE CFIHOS V2.0 CSV/CFIHOS CORE data dictionary v2.0.csv,412,source_reference_record,source_reference_record_unreviewed
CFIHOS-10000059,,attribute:,property picklist,property picklist name,,The name by which the pick list is designated,,Example : air cooler type,Identifier,"Text, max 100 characters",,,,,real,True,sha256:a69b98012d9e4a46495a3aed48eef8ce75a69d001eaa28b4c38cb0f3c921909d,CORE CFIHOS V2.0 CSV/CFIHOS CORE data dictionary v2.0.csv,413,source_reference_record,source_reference_record_unreviewed
CFIHOS-00000020,A.5.08,entity:,property picklist value,,,"A predefined value that can be assigned to a property, in the context of a property picklist",,,,,,RDL,,,real,True,sha256:a69b98012d9e4a46495a3aed48eef8ce75a69d001eaa28b4c38cb0f3c921909d,CORE CFIHOS V2.0 CSV/CFIHOS CORE data dictionary v2.0.csv,414,source_reference_record,source_reference_record_unreviewed
CFIHOS-10000146,,attribute:,property picklist value,CFIHOS unique code,,"A unique identifier, assigned in the CFIHOS Reference Data Library (RDL) to the pick list value",,Example : CFIHOS-30000562,Mandatory,"Text, max 40 characters",,,,,real,True,sha256:a69b98012d9e4a46495a3aed48eef8ce75a69d001eaa28b4c38cb0f3c921909d,CORE CFIHOS V2.0 CSV/CFIHOS CORE data dictionary v2.0.csv,415,source_reference_record,source_reference_record_unreviewed
CFIHOS-10000059,,attribute:,property picklist value,property picklist name,,The name by which the pick list is designated,,Example : air cooler type,Identifier,"Text, max 100 characters",property picklist,,,contains,real,True,sha256:a69b98012d9e4a46495a3aed48eef8ce75a69d001eaa28b4c38cb0f3c921909d,CORE CFIHOS V2.0 CSV/CFIHOS CORE data dictionary v2.0.csv,416,source_reference_record,source_reference_record_unreviewed
CFIHOS-10000060,,attribute:,property picklist value,property picklist value code,,A code that uniquely identifies an entry in a pick list,,Example : Liquid,Identifier,"Text, max 100 characters",,,,,real,True,sha256:a69b98012d9e4a46495a3aed48eef8ce75a69d001eaa28b4c38cb0f3c921909d,CORE CFIHOS V2.0 CSV/CFIHOS CORE data dictionary v2.0.csv,417,source_reference_record,source_reference_record_unreviewed
CFIHOS-10000152,,attribute:,property picklist value,property picklist value description,,A description of what the entry in the pick list represents,,Example : Liquid refrigerant,Optional,"Text, max 1026 characters",,,,,real,True,sha256:a69b98012d9e4a46495a3aed48eef8ce75a69d001eaa28b4c38cb0f3c921909d,CORE CFIHOS V2.0 CSV/CFIHOS CORE data dictionary v2.0.csv,418,source_reference_record,source_reference_record_unreviewed
CFIHOS-10000053,,attribute:,property picklist value,source standard code,,"A code used to designate the standard used to define requirements like engineering, operations, etc.",,Example : ISO 13533,Optional,"Text, max 40 characters",source standard,,,is the reference for,real,True,sha256:a69b98012d9e4a46495a3aed48eef8ce75a69d001eaa28b4c38cb0f3c921909d,CORE CFIHOS V2.0 CSV/CFIHOS CORE data dictionary v2.0.csv,419,source_reference_record,source_reference_record_unreviewed
CFIHOS-00000094,A.5.10,entity:,tag or equipment class property,,,"A characteristic, or property, that a tag or equipment class has",,,,,,RDL,,,real,True,sha256:a69b98012d9e4a46495a3aed48eef8ce75a69d001eaa28b4c38cb0f3c921909d,CORE CFIHOS V2.0 CSV/CFIHOS CORE data dictionary v2.0.csv,420,source_reference_record,source_reference_record_unreviewed
CFIHOS-10000146,,attribute:,tag or equipment class property,CFIHOS unique code,,"A unique identifier, assigned in the CFIHOS Reference Data Library (RDL) to the tag or equipment class property source standard.",,Example : CFIHOS-30000562,Mandatory,"Text, max 40 characters",,,,,real,True,sha256:a69b98012d9e4a46495a3aed48eef8ce75a69d001eaa28b4c38cb0f3c921909d,CORE CFIHOS V2.0 CSV/CFIHOS CORE data dictionary v2.0.csv,421,source_reference_record,source_reference_record_unreviewed
CFIHOS-10000174,,attribute:,tag or equipment class property,imperial unit of measure name,,The Imperial unit of measure recommended for this property,,Example : inch,Optional,"Text, max 90 characters",unit of measure,,,Is the Imperial unit of measure name prescribed for,real,True,sha256:a69b98012d9e4a46495a3aed48eef8ce75a69d001eaa28b4c38cb0f3c921909d,CORE CFIHOS V2.0 CSV/CFIHOS CORE data dictionary v2.0.csv,422,source_reference_record,source_reference_record_unreviewed
CFIHOS-10000262,,attribute:,tag or equipment class property,property is relevant for tag indicator,,An indication that the property is relevant for tags associated with the class,,Example : Yes,Mandatory,Boolean (Yes/No),,,,,real,True,sha256:a69b98012d9e4a46495a3aed48eef8ce75a69d001eaa28b4c38cb0f3c921909d,CORE CFIHOS V2.0 CSV/CFIHOS CORE data dictionary v2.0.csv,423,source_reference_record,source_reference_record_unreviewed
CFIHOS-10000056,,attribute:,tag or equipment class property,property name,,The name of the property that applies to a tag or equipment class,,Example : normal operating pressure,Identifier,"Text, max 100 characters",property,,,is present in,real,True,sha256:a69b98012d9e4a46495a3aed48eef8ce75a69d001eaa28b4c38cb0f3c921909d,CORE CFIHOS V2.0 CSV/CFIHOS CORE data dictionary v2.0.csv,424,source_reference_record,source_reference_record_unreviewed
CFIHOS-10000246,,attribute:,tag or equipment class property,property relevant for equipment indicator,,An indicator whether the property should be provided for a given equipment.,"It is important to distinguish the properties that should be provided by the EPC for an equipment, but e.g. not for a model. For instance, the colour of a car is relevant for a given instance of a car, but not for the model.",Example : Yes,Mandatory,Boolean (Yes/No),,,,,real,True,sha256:a69b98012d9e4a46495a3aed48eef8ce75a69d001eaa28b4c38cb0f3c921909d,CORE CFIHOS V2.0 CSV/CFIHOS CORE data dictionary v2.0.csv,425,source_reference_record,source_reference_record_unreviewed
CFIHOS-10000247,,attribute:,tag or equipment class property,property relevant for model / part indicator,,An indication whether the property must by provided by the EPC (or the manufacturer) for a given model.,"Some properties should be reported for the models / parts associated with an equipment class, some for the equipment associated with the equipment class. Those are two separate pieces of data.",Example : Yes,Mandatory,Boolean (Yes/No),,,,,real,True,sha256:a69b98012d9e4a46495a3aed48eef8ce75a69d001eaa28b4c38cb0f3c921909d,CORE CFIHOS V2.0 CSV/CFIHOS CORE data dictionary v2.0.csv,426,source_reference_record,source_reference_record_unreviewed
CFIHOS-10000173,,attribute:,tag or equipment class property,SI unit of measure name,,The SI (metric) unit of measure recommended for this tag or equipment class property.,,Example : metre,Optional,"Text, max 90 characters",unit of measure,,,Is the SI unit of measure name prescribed for,real,True,sha256:a69b98012d9e4a46495a3aed48eef8ce75a69d001eaa28b4c38cb0f3c921909d,CORE CFIHOS V2.0 CSV/CFIHOS CORE data dictionary v2.0.csv,427,source_reference_record,source_reference_record_unreviewed
CFIHOS-10000256,,attribute:,tag or equipment class property,tag or equipment class name,,The full name of the non abstract tag or equipment class to which the property applies,,Example : control panel,Identifier,"Text, max 100 characters",non abstract tag or equipment class,,,has,real,True,sha256:a69b98012d9e4a46495a3aed48eef8ce75a69d001eaa28b4c38cb0f3c921909d,CORE CFIHOS V2.0 CSV/CFIHOS CORE data dictionary v2.0.csv,428,source_reference_record,source_reference_record_unreviewed
CFIHOS-00000016,A.5.11,entity:,tag class property,,,"A characteristic, or property, that a tag class has",,,,,,RDL,,,real,True,sha256:a69b98012d9e4a46495a3aed48eef8ce75a69d001eaa28b4c38cb0f3c921909d,CORE CFIHOS V2.0 CSV/CFIHOS CORE data dictionary v2.0.csv,429,source_reference_record,source_reference_record_unreviewed
CFIHOS-10000056,,attribute:,tag class property,property name,,The name of the property that applies to a tag or equipment class,,Example : normal operating pressure,Identifier,"Text, max 100 characters",tag or equipment class property,,,is subtype of,real,True,sha256:a69b98012d9e4a46495a3aed48eef8ce75a69d001eaa28b4c38cb0f3c921909d,CORE CFIHOS V2.0 CSV/CFIHOS CORE data dictionary v2.0.csv,430,source_reference_record,source_reference_record_unreviewed
CFIHOS-10000040,,attribute:,tag class property,tag class name,,The full name of the non abstract tag or equipment class to which the property applies,The initial set of values will be the CFIHOS unique ids that were assigned to tag classes.,Example : control panel,Identifier,"Text, max 100 characters",tag or equipment class property,,,is subtype of,real,True,sha256:a69b98012d9e4a46495a3aed48eef8ce75a69d001eaa28b4c38cb0f3c921909d,CORE CFIHOS V2.0 CSV/CFIHOS CORE data dictionary v2.0.csv,431,source_reference_record,source_reference_record_unreviewed
CFIHOS-00000017,A.5.12,entity:,equipment class property,,,"A characteristic, or property, that an equipment class has",,,,,,RDL,,,real,True,sha256:a69b98012d9e4a46495a3aed48eef8ce75a69d001eaa28b4c38cb0f3c921909d,CORE CFIHOS V2.0 CSV/CFIHOS CORE data dictionary v2.0.csv,432,source_reference_record,source_reference_record_unreviewed
CFIHOS-10000047,,attribute:,equipment class property,equipment class name,,The full name of the non abstract tag or equipment class to which the property applies,,Example : control panel,Identifier,"Text, max 100 characters",tag or equipment class property,,,is subtype of,real,True,sha256:a69b98012d9e4a46495a3aed48eef8ce75a69d001eaa28b4c38cb0f3c921909d,CORE CFIHOS V2.0 CSV/CFIHOS CORE data dictionary v2.0.csv,433,source_reference_record,source_reference_record_unreviewed
CFIHOS-10000056,,attribute:,equipment class property,property name,,The name of the property that applies to a tag or equipment class,,Example : normal operating pressure,Identifier,"Text, max 100 characters",tag or equipment class property,,,is subtype of,real,True,sha256:a69b98012d9e4a46495a3aed48eef8ce75a69d001eaa28b4c38cb0f3c921909d,CORE CFIHOS V2.0 CSV/CFIHOS CORE data dictionary v2.0.csv,434,source_reference_record,source_reference_record_unreviewed
CFIHOS-10000246,,attribute:,equipment class property,property relevant for equipment indicator,,An indicator whether the property should be provided for a given equipment.,"It is important to distinguish the properties that should be provided by the EPC for an equipment, but e.g. not for a model. For instance, the colour of a car is relevant for a given instance of a car, but not for the model.",Example : Yes,Mandatory,Boolean (Yes/No),,,,,real,True,sha256:a69b98012d9e4a46495a3aed48eef8ce75a69d001eaa28b4c38cb0f3c921909d,CORE CFIHOS V2.0 CSV/CFIHOS CORE data dictionary v2.0.csv,435,source_reference_record,source_reference_record_unreviewed
CFIHOS-10000247,,attribute:,equipment class property,property relevant for model / part indicator,,An indication whether the property must by provided by the EPC (or the manufacturer) for a given model.,"Some properties should be reported for the models / parts associated with an equipment class, some for the equipment associated with the equipment class. Those are two separate pieces of data.",Example : Yes,Mandatory,Boolean (Yes/No),,,,,real,True,sha256:a69b98012d9e4a46495a3aed48eef8ce75a69d001eaa28b4c38cb0f3c921909d,CORE CFIHOS V2.0 CSV/CFIHOS CORE data dictionary v2.0.csv,436,source_reference_record,source_reference_record_unreviewed
CFIHOS-00000015,A.5.13,entity:,tag property,,,"A characteristic, or property, that a tag has",,,,,,EPC,,,real,True,sha256:a69b98012d9e4a46495a3aed48eef8ce75a69d001eaa28b4c38cb0f3c921909d,CORE CFIHOS V2.0 CSV/CFIHOS CORE data dictionary v2.0.csv,437,source_reference_record,source_reference_record_unreviewed
CFIHOS-10000005,,attribute:,tag property,plant code,,The plant where the tag will be installed,,Example : 6000,Identifier,"Text, max 40 characters",tag,,,has,real,True,sha256:a69b98012d9e4a46495a3aed48eef8ce75a69d001eaa28b4c38cb0f3c921909d,CORE CFIHOS V2.0 CSV/CFIHOS CORE data dictionary v2.0.csv,438,source_reference_record,source_reference_record_unreviewed
CFIHOS-10000322,,attribute:,tag property,process activity code,,A code that uniquely identifies the process / activity,,Example : PROC_07,Optional,"Text, max 40 characters",process design property,,,is referred to by,real,True,sha256:a69b98012d9e4a46495a3aed48eef8ce75a69d001eaa28b4c38cb0f3c921909d,CORE CFIHOS V2.0 CSV/CFIHOS CORE data dictionary v2.0.csv,439,source_reference_record,source_reference_record_unreviewed
CFIHOS-10000328,,attribute:,tag property,process stream code,,The process stream from on which the tag property value is based,,Example : MS_07,Optional,"Text, max 40 characters",process stream property,,,is referred to by,real,True,sha256:a69b98012d9e4a46495a3aed48eef8ce75a69d001eaa28b4c38cb0f3c921909d,CORE CFIHOS V2.0 CSV/CFIHOS CORE data dictionary v2.0.csv,440,source_reference_record,source_reference_record_unreviewed
CFIHOS-10000056,,attribute:,tag property,property name,,A name that uniquely identifies the property,,Example : normal operating pressure,Mandatory,"Text, max 100 characters",property,,,is present in,real,True,sha256:a69b98012d9e4a46495a3aed48eef8ce75a69d001eaa28b4c38cb0f3c921909d,CORE CFIHOS V2.0 CSV/CFIHOS CORE data dictionary v2.0.csv,441,source_reference_record,source_reference_record_unreviewed
CFIHOS-10000242,,attribute:,tag property,reason for deviating from standard unit of measure,,The reason why the unit of measure as prescribed by the source standard as not been used to report the tag property value,,Example : Size of the value,Optional,"Text, max 255 characters",,,,,real,True,sha256:a69b98012d9e4a46495a3aed48eef8ce75a69d001eaa28b4c38cb0f3c921909d,CORE CFIHOS V2.0 CSV/CFIHOS CORE data dictionary v2.0.csv,442,source_reference_record,source_reference_record_unreviewed
CFIHOS-10000166,,attribute:,tag property,tag name,,The full name of a tag,Different companies have different tag naming conventions. A tag name shall be unique within a plant.,Example : 036FV001,Identifier,"Text, max 33 characters",tag,,,has,real,True,sha256:a69b98012d9e4a46495a3aed48eef8ce75a69d001eaa28b4c38cb0f3c921909d,CORE CFIHOS V2.0 CSV/CFIHOS CORE data dictionary v2.0.csv,443,source_reference_record,source_reference_record_unreviewed
CFIHOS-10000333,,attribute:,tag property,tag property margin ratio,,"The total margin that has been applied on the value of the tag property, compared to what was evaluated as the process stream property",,Example : 240,Optional,NUM,,,,,real,True,sha256:a69b98012d9e4a46495a3aed48eef8ce75a69d001eaa28b4c38cb0f3c921909d,CORE CFIHOS V2.0 CSV/CFIHOS CORE data dictionary v2.0.csv,444,source_reference_record,source_reference_record_unreviewed
CFIHOS-10000248,,attribute:,tag property,tag property value,,The value of the property for that tag,"The data type of that value must be aligned with the data type of the property. Moreover, if the property is numeric, it should be qualified by a unit of measure. If the property is not numeric, and has a pick list associated with the tag property value must be one of the entries in the set of pick list values.",Example : 220,Mandatory,"Text, max 100 characters",,,,,real,True,sha256:a69b98012d9e4a46495a3aed48eef8ce75a69d001eaa28b4c38cb0f3c921909d,CORE CFIHOS V2.0 CSV/CFIHOS CORE data dictionary v2.0.csv,445,source_reference_record,source_reference_record_unreviewed
CFIHOS-10000238,,attribute:,tag property,unit of measure name,,The unique name which designates the unit.,,Example : metre,Optional,"Text, max 90 characters",unit of measure,,,qualifies,real,True,sha256:a69b98012d9e4a46495a3aed48eef8ce75a69d001eaa28b4c38cb0f3c921909d,CORE CFIHOS V2.0 CSV/CFIHOS CORE data dictionary v2.0.csv,446,source_reference_record,source_reference_record_unreviewed
CFIHOS-00000014,A.5.14,entity:,model part property,,,"A characteristic, or property, than an equipment model has",,,,,,EPC,,,real,True,sha256:a69b98012d9e4a46495a3aed48eef8ce75a69d001eaa28b4c38cb0f3c921909d,CORE CFIHOS V2.0 CSV/CFIHOS CORE data dictionary v2.0.csv,447,source_reference_record,source_reference_record_unreviewed
CFIHOS-10000158,,attribute:,model part property,manufacturer company name,,A name used to uniquely identify the company who manufactures the model / part,,Example : Flowserve,Identifier,"Text, max 30 characters",model part,,,has,real,True,sha256:a69b98012d9e4a46495a3aed48eef8ce75a69d001eaa28b4c38cb0f3c921909d,CORE CFIHOS V2.0 CSV/CFIHOS CORE data dictionary v2.0.csv,448,source_reference_record,source_reference_record_unreviewed
CFIHOS-10000159,,attribute:,model part property,model part name,,A unique name to identify the model part of the manufacturer,,Example : A4 V726 PN 40,Identifier,"Text, max 100 characters",model part,,,has,real,True,sha256:a69b98012d9e4a46495a3aed48eef8ce75a69d001eaa28b4c38cb0f3c921909d,CORE CFIHOS V2.0 CSV/CFIHOS CORE data dictionary v2.0.csv,449,source_reference_record,source_reference_record_unreviewed
CFIHOS-10000249,,attribute:,model part property,model part property value,,The value of the property for that model part,"The value of the property should be qualified by a unit of measure if it is numeric. If it is not numeric, and that the property is associated with a pick list, then the value of the property should be one of the valid pick list values.",Example : 220,Mandatory,"Text, max 100 characters",,,,,real,True,sha256:a69b98012d9e4a46495a3aed48eef8ce75a69d001eaa28b4c38cb0f3c921909d,CORE CFIHOS V2.0 CSV/CFIHOS CORE data dictionary v2.0.csv,450,source_reference_record,source_reference_record_unreviewed
CFIHOS-10000056,,attribute:,model part property,property name,,A name that uniquely identifies the property,,Example : normal operating pressure,Identifier,"Text, max 100 characters",property,,,is present in,real,True,sha256:a69b98012d9e4a46495a3aed48eef8ce75a69d001eaa28b4c38cb0f3c921909d,CORE CFIHOS V2.0 CSV/CFIHOS CORE data dictionary v2.0.csv,451,source_reference_record,source_reference_record_unreviewed
CFIHOS-10000242,,attribute:,model part property,reason for deviating from standard unit of measure,,The reason why the unit of measure as prescribed by the source standard as not been used to report the model part property value,,Example : Size of the value,Optional,"Text, max 255 characters",,,,,real,True,sha256:a69b98012d9e4a46495a3aed48eef8ce75a69d001eaa28b4c38cb0f3c921909d,CORE CFIHOS V2.0 CSV/CFIHOS CORE data dictionary v2.0.csv,452,source_reference_record,source_reference_record_unreviewed
CFIHOS-10000238,,attribute:,model part property,unit of measure name,,The unique name which designates the unit.,,Example : metre,Optional,"Text, max 90 characters",unit of measure,,,qualifies,real,True,sha256:a69b98012d9e4a46495a3aed48eef8ce75a69d001eaa28b4c38cb0f3c921909d,CORE CFIHOS V2.0 CSV/CFIHOS CORE data dictionary v2.0.csv,453,source_reference_record,source_reference_record_unreviewed
CFIHOS-00000013,A.5.15,entity:,equipment property,,,"A characteristic, or property, that an equipment has",,,,,,EPC,,,real,True,sha256:a69b98012d9e4a46495a3aed48eef8ce75a69d001eaa28b4c38cb0f3c921909d,CORE CFIHOS V2.0 CSV/CFIHOS CORE data dictionary v2.0.csv,454,source_reference_record,source_reference_record_unreviewed
CFIHOS-10000031,,attribute:,equipment property,equipment code,,A code used to identify uniquely the equipment,"The number is sometimes generated by the company maintenance management system. Different companies use different naming conventions for their equipment code, like e.g. Equip_<plant_code>_<tag_name>, where plant_code/tag_name represent where the equipment is installed.",Example : 31000465212,Identifier,"Text, max 40 characters",equipment,,,has,real,True,sha256:a69b98012d9e4a46495a3aed48eef8ce75a69d001eaa28b4c38cb0f3c921909d,CORE CFIHOS V2.0 CSV/CFIHOS CORE data dictionary v2.0.csv,455,source_reference_record,source_reference_record_unreviewed
CFIHOS-10000250,,attribute:,equipment property,equipment property value,,The value of that property for this equipment.,"Id the value is numeric it should be qualified by a unit of measure. If it is not numeric, and the property is associated with a pick list, then it should be a valid entry from that pick list set of values.",Example : 220,Mandatory,"Text, max 100 characters",,,,,real,True,sha256:a69b98012d9e4a46495a3aed48eef8ce75a69d001eaa28b4c38cb0f3c921909d,CORE CFIHOS V2.0 CSV/CFIHOS CORE data dictionary v2.0.csv,456,source_reference_record,source_reference_record_unreviewed
CFIHOS-10000056,,attribute:,equipment property,property name,,A name that uniquely identifies the property,,Example : normal operating pressure,Identifier,"Text, max 100 characters",property,,,is present in,real,True,sha256:a69b98012d9e4a46495a3aed48eef8ce75a69d001eaa28b4c38cb0f3c921909d,CORE CFIHOS V2.0 CSV/CFIHOS CORE data dictionary v2.0.csv,457,source_reference_record,source_reference_record_unreviewed
CFIHOS-10000242,,attribute:,equipment property,reason for deviating from standard unit of measure,,The reason why the unit of measure as prescribed by the source standard as not been used to report the equipment property value,,Example : Size of the value,Optional,"Text, max 255 characters",,,,,real,True,sha256:a69b98012d9e4a46495a3aed48eef8ce75a69d001eaa28b4c38cb0f3c921909d,CORE CFIHOS V2.0 CSV/CFIHOS CORE data dictionary v2.0.csv,458,source_reference_record,source_reference_record_unreviewed
CFIHOS-10000238,,attribute:,equipment property,unit of measure name,,The unique name which designates the unit.,,Example : metre,Optional,"Text, max 90 characters",unit of measure,,,qualifies,real,True,sha256:a69b98012d9e4a46495a3aed48eef8ce75a69d001eaa28b4c38cb0f3c921909d,CORE CFIHOS V2.0 CSV/CFIHOS CORE data dictionary v2.0.csv,459,source_reference_record,source_reference_record_unreviewed
CFIHOS-00000145,A.5.16,entity:,tag or equipment class property source standard,,,A tag or equipment class property that is reported by a source standard in its data sheet,,,,,,RDL,,,real,True,sha256:a69b98012d9e4a46495a3aed48eef8ce75a69d001eaa28b4c38cb0f3c921909d,CORE CFIHOS V2.0 CSV/CFIHOS CORE data dictionary v2.0.csv,460,source_reference_record,source_reference_record_unreviewed
CFIHOS-10000146,,attribute:,tag or equipment class property source standard,CFIHOS unique code,,"A unique identifier, assigned in the CFIHOS Reference Data Library (RDL) to the tag or equipment class property source standard.",,Example : CFIHOS-30000562,Mandatory,"Text, max 40 characters",,,,,real,True,sha256:a69b98012d9e4a46495a3aed48eef8ce75a69d001eaa28b4c38cb0f3c921909d,CORE CFIHOS V2.0 CSV/CFIHOS CORE data dictionary v2.0.csv,461,source_reference_record,source_reference_record_unreviewed
CFIHOS-10000056,,attribute:,tag or equipment class property source standard,property name,,The name of the property that applies to a tag or equipment class present in the source standard,,Example : normal operating pressure,Identifier,"Text, max 100 characters",tag or equipment class property,,,is document in,real,True,sha256:a69b98012d9e4a46495a3aed48eef8ce75a69d001eaa28b4c38cb0f3c921909d,CORE CFIHOS V2.0 CSV/CFIHOS CORE data dictionary v2.0.csv,462,source_reference_record,source_reference_record_unreviewed
CFIHOS-10000245,,attribute:,tag or equipment class property source standard,property name in source standard,,The name of the property in the source standard document,,"Example : Operating pressure, normal",Mandatory,"Text, max 100 characters",,,,,real,True,sha256:a69b98012d9e4a46495a3aed48eef8ce75a69d001eaa28b4c38cb0f3c921909d,CORE CFIHOS V2.0 CSV/CFIHOS CORE data dictionary v2.0.csv,463,source_reference_record,source_reference_record_unreviewed
CFIHOS-10000374,,attribute:,tag or equipment class property source standard,property sequence number,,Defines the order of properties.,,Example : 1,Optional,Integer,,,,,real,True,sha256:a69b98012d9e4a46495a3aed48eef8ce75a69d001eaa28b4c38cb0f3c921909d,CORE CFIHOS V2.0 CSV/CFIHOS CORE data dictionary v2.0.csv,464,source_reference_record,source_reference_record_unreviewed
CFIHOS-10000053,,attribute:,tag or equipment class property source standard,source standard code,,"A code used to designate the standard used to define requirements like engineering, operations, etc.",,Example : ISO 13533,Identifier,"Text, max 40 characters",source standard,,,documents the need for,real,True,sha256:a69b98012d9e4a46495a3aed48eef8ce75a69d001eaa28b4c38cb0f3c921909d,CORE CFIHOS V2.0 CSV/CFIHOS CORE data dictionary v2.0.csv,465,source_reference_record,source_reference_record_unreviewed
CFIHOS-10000244,,attribute:,tag or equipment class property source standard,source standard section,,Indicates the source standard section with the requirement for the property.,,Example : Data Sheet section,Identifier,"Text, max 40 characters",,,,,real,True,sha256:a69b98012d9e4a46495a3aed48eef8ce75a69d001eaa28b4c38cb0f3c921909d,CORE CFIHOS V2.0 CSV/CFIHOS CORE data dictionary v2.0.csv,466,source_reference_record,source_reference_record_unreviewed
CFIHOS-10000256,,attribute:,tag or equipment class property source standard,tag or equipment class name,,The full name of the non abstract tag or equipment class to which the property applies in the source standard,,Example : control panel,Identifier,"Text, max 100 characters",tag or equipment class property,,,is document in,real,True,sha256:a69b98012d9e4a46495a3aed48eef8ce75a69d001eaa28b4c38cb0f3c921909d,CORE CFIHOS V2.0 CSV/CFIHOS CORE data dictionary v2.0.csv,467,source_reference_record,source_reference_record_unreviewed
CFIHOS-00000075,A.5.20,entity:,measurement system,,,A collection of units of measure related to each other,,,,,,RDL Pick list,,,real,True,sha256:a69b98012d9e4a46495a3aed48eef8ce75a69d001eaa28b4c38cb0f3c921909d,CORE CFIHOS V2.0 CSV/CFIHOS CORE data dictionary v2.0.csv,468,source_reference_record,source_reference_record_unreviewed
CFIHOS-10000240,,attribute:,measurement system,measurement system code,,A code that uniquely identifies the measurement system,,Example : SI,Identifier,"Text, max 10 characters",,,,,real,True,sha256:a69b98012d9e4a46495a3aed48eef8ce75a69d001eaa28b4c38cb0f3c921909d,CORE CFIHOS V2.0 CSV/CFIHOS CORE data dictionary v2.0.csv,469,source_reference_record,source_reference_record_unreviewed
CFIHOS-10000241,,attribute:,measurement system,measurement system name,,The name under which the measurement system is known,,Example : Metric,Optional,"Text, max 60 characters",,,,,real,True,sha256:a69b98012d9e4a46495a3aed48eef8ce75a69d001eaa28b4c38cb0f3c921909d,CORE CFIHOS V2.0 CSV/CFIHOS CORE data dictionary v2.0.csv,470,source_reference_record,source_reference_record_unreviewed
CFIHOS-00000074,A.5.23,entity:,unit of measure synonym,,,A synonyms that uniquely identifies or represents a unit of measure,This has been introduced as it is anticipated that not source standards may use e.g. the same symbol to represent the unit of measure. However a synonym should never point to two different units of measure.,,,,,RDL,,,real,True,sha256:a69b98012d9e4a46495a3aed48eef8ce75a69d001eaa28b4c38cb0f3c921909d,CORE CFIHOS V2.0 CSV/CFIHOS CORE data dictionary v2.0.csv,471,source_reference_record,source_reference_record_unreviewed
CFIHOS-10000238,,attribute:,unit of measure synonym,unit of measure name,,The unique name which designates the unit.,,Example : metre,Identifier,"Text, max 90 characters",unit of measure,,,is also known or represented as,real,True,sha256:a69b98012d9e4a46495a3aed48eef8ce75a69d001eaa28b4c38cb0f3c921909d,CORE CFIHOS V2.0 CSV/CFIHOS CORE data dictionary v2.0.csv,472,source_reference_record,source_reference_record_unreviewed
CFIHOS-10000243,,attribute:,unit of measure synonym,unit of measure synonym name,,The name by which a unit of measure can alternatively be designated,,Example : degree C,Identifier,"Text, max 20 characters",,,,,real,True,sha256:a69b98012d9e4a46495a3aed48eef8ce75a69d001eaa28b4c38cb0f3c921909d,CORE CFIHOS V2.0 CSV/CFIHOS CORE data dictionary v2.0.csv,473,source_reference_record,source_reference_record_unreviewed
CFIHOS-00000089,A.5.24,entity:,tag or equipment class property application condition,,,A condition that applies to the capture or supply of a tag or equipment class property,If there are no application condition for the supply of a tag or equipment class property then the value of the property should be supplied.,,,,,RDL,,,real,True,sha256:a69b98012d9e4a46495a3aed48eef8ce75a69d001eaa28b4c38cb0f3c921909d,CORE CFIHOS V2.0 CSV/CFIHOS CORE data dictionary v2.0.csv,474,source_reference_record,source_reference_record_unreviewed
CFIHOS-10000232,,attribute:,tag or equipment class property application condition,application condition code,,A code that uniquely identifies an application condition,,Example : High Voltage,Identifier,"Text, max 100 characters",application condition,,,applies to,real,True,sha256:a69b98012d9e4a46495a3aed48eef8ce75a69d001eaa28b4c38cb0f3c921909d,CORE CFIHOS V2.0 CSV/CFIHOS CORE data dictionary v2.0.csv,475,source_reference_record,source_reference_record_unreviewed
CFIHOS-10000288,,attribute:,tag or equipment class property application condition,application condition value,,The value that a condition must have to require the specification of a property for a tag or equipment class,,Example : 400,Optional,"Text, max 255 characters",,,,,real,True,sha256:a69b98012d9e4a46495a3aed48eef8ce75a69d001eaa28b4c38cb0f3c921909d,CORE CFIHOS V2.0 CSV/CFIHOS CORE data dictionary v2.0.csv,476,source_reference_record,source_reference_record_unreviewed
CFIHOS-10000056,,attribute:,tag or equipment class property application condition,property name,,The name of the property that applies to a tag or equipment class,,Example : normal operating pressure,Identifier,"Text, max 100 characters",tag or equipment class property,,,is subject to,real,True,sha256:a69b98012d9e4a46495a3aed48eef8ce75a69d001eaa28b4c38cb0f3c921909d,CORE CFIHOS V2.0 CSV/CFIHOS CORE data dictionary v2.0.csv,477,source_reference_record,source_reference_record_unreviewed
CFIHOS-10000256,,attribute:,tag or equipment class property application condition,tag or equipment class name,,The full name of the non abstract tag or equipment class to which the property applies,,Example : control panel,Identifier,"Text, max 100 characters",tag or equipment class property,,,is subject to,real,True,sha256:a69b98012d9e4a46495a3aed48eef8ce75a69d001eaa28b4c38cb0f3c921909d,CORE CFIHOS V2.0 CSV/CFIHOS CORE data dictionary v2.0.csv,478,source_reference_record,source_reference_record_unreviewed
CFIHOS-00000140,A.5.25,entity:,property group allowed for purpose,,,A group of properties that can legitimately be used for a given purpose,"The same property group can be used for multiple purposes, but not for all purposes.",,,,,RDL,,,real,True,sha256:a69b98012d9e4a46495a3aed48eef8ce75a69d001eaa28b4c38cb0f3c921909d,CORE CFIHOS V2.0 CSV/CFIHOS CORE data dictionary v2.0.csv,479,source_reference_record,source_reference_record_unreviewed
CFIHOS-10000146,,attribute:,property group allowed for purpose,CFIHOS unique code,,"A unique identifier, assigned in the CFIHOS Reference Data Library (RDL) to the property group allowed for purpose.",,Example : CFIHOS-30000562,Mandatory,"Text, max 40 characters",,,,,real,True,sha256:a69b98012d9e4a46495a3aed48eef8ce75a69d001eaa28b4c38cb0f3c921909d,CORE CFIHOS V2.0 CSV/CFIHOS CORE data dictionary v2.0.csv,480,source_reference_record,source_reference_record_unreviewed
CFIHOS-10000371,,attribute:,property group allowed for purpose,property group code,,A group of properties that is allowed or authorised to be used for that purpose.,,Example : S733-FLD-101,Identifier,"Text, max 40 characters",property group,,,is used in the context of,real,True,sha256:a69b98012d9e4a46495a3aed48eef8ce75a69d001eaa28b4c38cb0f3c921909d,CORE CFIHOS V2.0 CSV/CFIHOS CORE data dictionary v2.0.csv,481,source_reference_record,source_reference_record_unreviewed
CFIHOS-10000369,,attribute:,property group allowed for purpose,property grouping purpose code,,The purpose for which this property group is allowed or valid.,,Example : Maturity,Identifier,"Text, max 40 characters",property grouping or decomposition purpose,,,recognises,real,True,sha256:a69b98012d9e4a46495a3aed48eef8ce75a69d001eaa28b4c38cb0f3c921909d,CORE CFIHOS V2.0 CSV/CFIHOS CORE data dictionary v2.0.csv,482,source_reference_record,source_reference_record_unreviewed
CFIHOS-00000141,A.5.26,entity:,property group,,,A grouping of properties,"Property groups can be used for multiple purposes. But if a property group can be used for a given purpose, then it should be documented as a property group allowed for that purpose.",,,,,RDL,,,real,True,sha256:a69b98012d9e4a46495a3aed48eef8ce75a69d001eaa28b4c38cb0f3c921909d,CORE CFIHOS V2.0 CSV/CFIHOS CORE data dictionary v2.0.csv,483,source_reference_record,source_reference_record_unreviewed
CFIHOS-10000146,,attribute:,property group,CFIHOS unique code,,"A unique identifier, assigned in the CFIHOS Reference Data Library (RDL) to the property group.",,Example : CFIHOS-30000562,Mandatory,"Text, max 40 characters",,,,,real,True,sha256:a69b98012d9e4a46495a3aed48eef8ce75a69d001eaa28b4c38cb0f3c921909d,CORE CFIHOS V2.0 CSV/CFIHOS CORE data dictionary v2.0.csv,484,source_reference_record,source_reference_record_unreviewed
CFIHOS-10000373,,attribute:,property group,parent group code,,A code that uniquely identifies a group of property groups.,,Example : Procurement,Optional,"Text, max 40 characters",property group,,,Is divided in,real,True,sha256:a69b98012d9e4a46495a3aed48eef8ce75a69d001eaa28b4c38cb0f3c921909d,CORE CFIHOS V2.0 CSV/CFIHOS CORE data dictionary v2.0.csv,485,source_reference_record,source_reference_record_unreviewed
CFIHOS-10000371,,attribute:,property group,property group code,,A group of properties that is allowed or authorised to be used for that purpose.,,Example : S733-FLD-101,Identifier,"Text, max 40 characters",,,,,real,True,sha256:a69b98012d9e4a46495a3aed48eef8ce75a69d001eaa28b4c38cb0f3c921909d,CORE CFIHOS V2.0 CSV/CFIHOS CORE data dictionary v2.0.csv,486,source_reference_record,source_reference_record_unreviewed
CFIHOS-10000372,,attribute:,property group,property group description,,A description of what the property group represents.,,Example : The properties for which a value need to be provided at Procurement,Mandatory,"Text, max 100 characters",,,,,real,True,sha256:a69b98012d9e4a46495a3aed48eef8ce75a69d001eaa28b4c38cb0f3c921909d,CORE CFIHOS V2.0 CSV/CFIHOS CORE data dictionary v2.0.csv,487,source_reference_record,source_reference_record_unreviewed
CFIHOS-10000053,,attribute:,property group,source standard code,,"A code used to designate the standard used to define requirements like engineering, operations, etc.",,Example : ISO 13533,Optional,"Text, max 40 characters",source standard,,,comes from standard,real,True,sha256:a69b98012d9e4a46495a3aed48eef8ce75a69d001eaa28b4c38cb0f3c921909d,CORE CFIHOS V2.0 CSV/CFIHOS CORE data dictionary v2.0.csv,488,source_reference_record,source_reference_record_unreviewed
CFIHOS-00000142,A.5.27,entity:,property grouping or decomposition purpose,,,"A reason, or purpose, for which properties need to be grouped",,,,,,RDL,,,real,True,sha256:a69b98012d9e4a46495a3aed48eef8ce75a69d001eaa28b4c38cb0f3c921909d,CORE CFIHOS V2.0 CSV/CFIHOS CORE data dictionary v2.0.csv,489,source_reference_record,source_reference_record_unreviewed
CFIHOS-10000146,,attribute:,property grouping or decomposition purpose,CFIHOS unique code,,"A unique identifier, assigned in the CFIHOS Reference Data Library (RDL) to the property grouping or decompisition purpose.",,Example : CFIHOS-30000562,Mandatory,"Text, max 40 characters",,,,,real,True,sha256:a69b98012d9e4a46495a3aed48eef8ce75a69d001eaa28b4c38cb0f3c921909d,CORE CFIHOS V2.0 CSV/CFIHOS CORE data dictionary v2.0.csv,490,source_reference_record,source_reference_record_unreviewed
CFIHOS-10000369,,attribute:,property grouping or decomposition purpose,property grouping purpose code,,The purpose for which this property group is allowed or valid.,,Example : Maturity,Identifier,"Text, max 40 characters",,,,,real,True,sha256:a69b98012d9e4a46495a3aed48eef8ce75a69d001eaa28b4c38cb0f3c921909d,CORE CFIHOS V2.0 CSV/CFIHOS CORE data dictionary v2.0.csv,491,source_reference_record,source_reference_record_unreviewed
CFIHOS-10000370,,attribute:,property grouping or decomposition purpose,property grouping purpose description,,A description of what the property grouping purpose represents,,Example : The grouping of properties by maturity allows to understand by when a value should be known for a given property.,Mandatory,"Text, max 100 characters",,,,,real,True,sha256:a69b98012d9e4a46495a3aed48eef8ce75a69d001eaa28b4c38cb0f3c921909d,CORE CFIHOS V2.0 CSV/CFIHOS CORE data dictionary v2.0.csv,492,source_reference_record,source_reference_record_unreviewed
CFIHOS-00000143,A.5.28,entity:,property to group assignment,,,A reason or purpose for which properties need to be grouped.,"The same property group can be used for multiple purposes, but not for all purposes.",,,,,RDL,,,real,True,sha256:a69b98012d9e4a46495a3aed48eef8ce75a69d001eaa28b4c38cb0f3c921909d,CORE CFIHOS V2.0 CSV/CFIHOS CORE data dictionary v2.0.csv,493,source_reference_record,source_reference_record_unreviewed
CFIHOS-10000146,,attribute:,property to group assignment,CFIHOS unique code,,"A unique identifier, assigned in the CFIHOS Reference Data Library (RDL) to the property to group assignment.",,Example : CFIHOS-30000562,Mandatory,"Text, max 40 characters",,,,,real,True,sha256:a69b98012d9e4a46495a3aed48eef8ce75a69d001eaa28b4c38cb0f3c921909d,CORE CFIHOS V2.0 CSV/CFIHOS CORE data dictionary v2.0.csv,494,source_reference_record,source_reference_record_unreviewed
CFIHOS-10000371,,attribute:,property to group assignment,property group code,,A group of properties that is allowed or authorised to be used for that purpose.,,Example : S733-FLD-101,Identifier,"Text, max 40 characters",property group allowed for purpose,,,is assigned to,real,True,sha256:a69b98012d9e4a46495a3aed48eef8ce75a69d001eaa28b4c38cb0f3c921909d,CORE CFIHOS V2.0 CSV/CFIHOS CORE data dictionary v2.0.csv,495,source_reference_record,source_reference_record_unreviewed
CFIHOS-10000369,,attribute:,property to group assignment,property grouping purpose code,,The purpose for which this property group is allowed or valid.,,Example : Maturity,Identifier,"Text, max 40 characters",property group allowed for purpose,,,is assigned to,real,True,sha256:a69b98012d9e4a46495a3aed48eef8ce75a69d001eaa28b4c38cb0f3c921909d,CORE CFIHOS V2.0 CSV/CFIHOS CORE data dictionary v2.0.csv,496,source_reference_record,source_reference_record_unreviewed
CFIHOS-10000056,,attribute:,property to group assignment,property name,,The name of the property that applies to a tag or equipment class,,Example : normal operating pressure,Identifier,"Text, max 100 characters",tag or equipment class property,,,is present in,real,True,sha256:a69b98012d9e4a46495a3aed48eef8ce75a69d001eaa28b4c38cb0f3c921909d,CORE CFIHOS V2.0 CSV/CFIHOS CORE data dictionary v2.0.csv,497,source_reference_record,source_reference_record_unreviewed
CFIHOS-10000374,,attribute:,property to group assignment,property sequence number,,"The sequence number in which a property should be displayed when being part of a group, or a section",,Example : 1,Optional,Integer,,,,,real,True,sha256:a69b98012d9e4a46495a3aed48eef8ce75a69d001eaa28b4c38cb0f3c921909d,CORE CFIHOS V2.0 CSV/CFIHOS CORE data dictionary v2.0.csv,498,source_reference_record,source_reference_record_unreviewed
CFIHOS-10000256,,attribute:,property to group assignment,tag or equipment class name,,The full name of the non abstract tag or equipment class to which the property applies,,Example : control panel,Identifier,"Text, max 100 characters",tag or equipment class property,,,is present in,real,True,sha256:a69b98012d9e4a46495a3aed48eef8ce75a69d001eaa28b4c38cb0f3c921909d,CORE CFIHOS V2.0 CSV/CFIHOS CORE data dictionary v2.0.csv,499,source_reference_record,source_reference_record_unreviewed
CFIHOS-00000146,A.5.29,entity:,tag or equipment class component,,,A component of what makes a tag of equipment class,,,,,,RDL,,,real,True,sha256:a69b98012d9e4a46495a3aed48eef8ce75a69d001eaa28b4c38cb0f3c921909d,CORE CFIHOS V2.0 CSV/CFIHOS CORE data dictionary v2.0.csv,500,source_reference_record,source_reference_record_unreviewed
CFIHOS-10000146,,attribute:,tag or equipment class component,CFIHOS unique code,,"A unique identifier, assigned in the CFIHOS Reference Data Library (RDL) to the tag or equipment class component",,Example : CFIHOS-30000562,Mandatory,"Text, max 40 characters",,,,,real,True,sha256:a69b98012d9e4a46495a3aed48eef8ce75a69d001eaa28b4c38cb0f3c921909d,CORE CFIHOS V2.0 CSV/CFIHOS CORE data dictionary v2.0.csv,501,source_reference_record,source_reference_record_unreviewed
CFIHOS-10000377,,attribute:,tag or equipment class component,component role name,,The component role within the parent system.,,Example : Inlet,Identifier,"Text, max 40 characters",component role,,,is subtype of,real,True,sha256:a69b98012d9e4a46495a3aed48eef8ce75a69d001eaa28b4c38cb0f3c921909d,CORE CFIHOS V2.0 CSV/CFIHOS CORE data dictionary v2.0.csv,502,source_reference_record,source_reference_record_unreviewed
CFIHOS-10000371,,attribute:,tag or equipment class component,property group code,,A group of properties that is allowed or authorised to be used for that purpose.,,Example : S733-FLD-101,Optional,"Text, max 40 characters",property group,,,is represented in,real,True,sha256:a69b98012d9e4a46495a3aed48eef8ce75a69d001eaa28b4c38cb0f3c921909d,CORE CFIHOS V2.0 CSV/CFIHOS CORE data dictionary v2.0.csv,503,source_reference_record,source_reference_record_unreviewed
CFIHOS-10000385,,attribute:,tag or equipment class component,tag or equipment class component is logical,,Indicates the component is a logical rather than physical component,,Example : Yes,Optional,Boolean (Yes/No),,,,,real,True,sha256:a69b98012d9e4a46495a3aed48eef8ce75a69d001eaa28b4c38cb0f3c921909d,CORE CFIHOS V2.0 CSV/CFIHOS CORE data dictionary v2.0.csv,504,source_reference_record,source_reference_record_unreviewed
CFIHOS-10000382,,attribute:,tag or equipment class component,tag or equipment class component maximum number of components,,The maximum number of components for that tag or equipment class,,Example : 2,Optional,Integer,,,,,real,True,sha256:a69b98012d9e4a46495a3aed48eef8ce75a69d001eaa28b4c38cb0f3c921909d,CORE CFIHOS V2.0 CSV/CFIHOS CORE data dictionary v2.0.csv,505,source_reference_record,source_reference_record_unreviewed
CFIHOS-10000381,,attribute:,tag or equipment class component,tag or equipment class component minimum number of components,,The minimum number of components for that tag or equipment class,,Example : 1,Optional,Integer,,,,,real,True,sha256:a69b98012d9e4a46495a3aed48eef8ce75a69d001eaa28b4c38cb0f3c921909d,CORE CFIHOS V2.0 CSV/CFIHOS CORE data dictionary v2.0.csv,506,source_reference_record,source_reference_record_unreviewed
CFIHOS-10000380,,attribute:,tag or equipment class component,tag or equipment class component name,,"The name of a smaller, self-contained part of a tag or equipment class.",,Example : nozzle,Identifier,"Text, max 100 characters",,,,,real,True,sha256:a69b98012d9e4a46495a3aed48eef8ce75a69d001eaa28b4c38cb0f3c921909d,CORE CFIHOS V2.0 CSV/CFIHOS CORE data dictionary v2.0.csv,507,source_reference_record,source_reference_record_unreviewed
CFIHOS-10000384,,attribute:,tag or equipment class component,tag or equipment class component to be added indicator,,Indicates the component is to be added to the RDL,,Example : Yes,Optional,Boolean (Yes/No),,,,,real,True,sha256:a69b98012d9e4a46495a3aed48eef8ce75a69d001eaa28b4c38cb0f3c921909d,CORE CFIHOS V2.0 CSV/CFIHOS CORE data dictionary v2.0.csv,508,source_reference_record,source_reference_record_unreviewed
CFIHOS-10000383,,attribute:,tag or equipment class component,tag or equipment class component typical number of components,,"The typical, most frequently encountered number of components for that tag or equipment class",,Example : 2,Optional,Integer,,,,,real,True,sha256:a69b98012d9e4a46495a3aed48eef8ce75a69d001eaa28b4c38cb0f3c921909d,CORE CFIHOS V2.0 CSV/CFIHOS CORE data dictionary v2.0.csv,509,source_reference_record,source_reference_record_unreviewed
CFIHOS-10000256,,attribute:,tag or equipment class component,tag or equipment class name,,The full name of the tag or equipment class that is decomposed,,Example : control panel,Identifier,"Text, max 100 characters",tag or equipment class,,,is made of / has,real,True,sha256:a69b98012d9e4a46495a3aed48eef8ce75a69d001eaa28b4c38cb0f3c921909d,CORE CFIHOS V2.0 CSV/CFIHOS CORE data dictionary v2.0.csv,510,source_reference_record,source_reference_record_unreviewed
CFIHOS-00000148,A.5.30,entity:,component role,,,The role of the component of the Tag or Equipment Class,,,,,,RDL,,,real,True,sha256:a69b98012d9e4a46495a3aed48eef8ce75a69d001eaa28b4c38cb0f3c921909d,CORE CFIHOS V2.0 CSV/CFIHOS CORE data dictionary v2.0.csv,511,source_reference_record,source_reference_record_unreviewed
CFIHOS-10000146,,attribute:,component role,CFIHOS unique code,,"A unique identifier, assigned in the CFIHOS Reference Data Library (RDL) to the component role.",,Example : CFIHOS-30000562,Mandatory,"Text, max 40 characters",,,,,real,True,sha256:a69b98012d9e4a46495a3aed48eef8ce75a69d001eaa28b4c38cb0f3c921909d,CORE CFIHOS V2.0 CSV/CFIHOS CORE data dictionary v2.0.csv,512,source_reference_record,source_reference_record_unreviewed
CFIHOS-10000378,,attribute:,component role,component role description,,A description of the component role.,,"Example : An inlet is a tube, valve, or other part through which a fluid enters a device or machine.",Mandatory,"Text, max 100 characters",,,,,real,True,sha256:a69b98012d9e4a46495a3aed48eef8ce75a69d001eaa28b4c38cb0f3c921909d,CORE CFIHOS V2.0 CSV/CFIHOS CORE data dictionary v2.0.csv,513,source_reference_record,source_reference_record_unreviewed
CFIHOS-10000377,,attribute:,component role,component role name,,The component role within the parent system.,,Example : Inlet,Identifier,"Text, max 40 characters",,,,,real,True,sha256:a69b98012d9e4a46495a3aed48eef8ce75a69d001eaa28b4c38cb0f3c921909d,CORE CFIHOS V2.0 CSV/CFIHOS CORE data dictionary v2.0.csv,514,source_reference_record,source_reference_record_unreviewed
CFIHOS-00000113,A.5.31,entity:,process class,,,A classification of the process activities according to the type of action / operation being performed,DEXPI and ISO15926 provide good starting points for the list of process classes.,,,,,RDL,,,real,True,sha256:a69b98012d9e4a46495a3aed48eef8ce75a69d001eaa28b4c38cb0f3c921909d,CORE CFIHOS V2.0 CSV/CFIHOS CORE data dictionary v2.0.csv,515,source_reference_record,source_reference_record_unreviewed
CFIHOS-10000146,,attribute:,process class,CFIHOS unique code,,A code that uniquely identifies the process class in CFIHOS,,Example : CFIHOS-30000562,Mandatory,"Text, max 40 characters",,,,,real,True,sha256:a69b98012d9e4a46495a3aed48eef8ce75a69d001eaa28b4c38cb0f3c921909d,CORE CFIHOS V2.0 CSV/CFIHOS CORE data dictionary v2.0.csv,516,source_reference_record,source_reference_record_unreviewed
CFIHOS-10000321,,attribute:,process class,process class definition,,A definition of what the process class represents,,Example : The action of placing something in a storage medium.,Mandatory,"Text, max 255 characters",,,,,real,True,sha256:a69b98012d9e4a46495a3aed48eef8ce75a69d001eaa28b4c38cb0f3c921909d,CORE CFIHOS V2.0 CSV/CFIHOS CORE data dictionary v2.0.csv,517,source_reference_record,source_reference_record_unreviewed
CFIHOS-10000320,,attribute:,process class,process class name,,The name by which a process class is uniquely identified,,Example : Storing,Identifier,"Text, max 100 characters",,,,,real,True,sha256:a69b98012d9e4a46495a3aed48eef8ce75a69d001eaa28b4c38cb0f3c921909d,CORE CFIHOS V2.0 CSV/CFIHOS CORE data dictionary v2.0.csv,518,source_reference_record,source_reference_record_unreviewed
CFIHOS-00000114,A.5.32,entity:,process class tag class relationship,,,A tag class that can be used to implement a process activity belonging to a process class,,,,,,RDL,,,real,True,sha256:a69b98012d9e4a46495a3aed48eef8ce75a69d001eaa28b4c38cb0f3c921909d,CORE CFIHOS V2.0 CSV/CFIHOS CORE data dictionary v2.0.csv,519,source_reference_record,source_reference_record_unreviewed
CFIHOS-10000320,,attribute:,process class tag class relationship,process class name,,The name by which a process class is uniquely identified,,Example : Storing,Identifier,"Text, max 100 characters",process class,,,can be implement through,real,True,sha256:a69b98012d9e4a46495a3aed48eef8ce75a69d001eaa28b4c38cb0f3c921909d,CORE CFIHOS V2.0 CSV/CFIHOS CORE data dictionary v2.0.csv,520,source_reference_record,source_reference_record_unreviewed
CFIHOS-10000040,,attribute:,process class tag class relationship,tag class name,,The full name of the tag class,The initial set of values will be the CFIHOS unique ids that were assigned to tag classes.,Example : control panel,Identifier,"Text, max 100 characters",tag class,,,implements,real,True,sha256:a69b98012d9e4a46495a3aed48eef8ce75a69d001eaa28b4c38cb0f3c921909d,CORE CFIHOS V2.0 CSV/CFIHOS CORE data dictionary v2.0.csv,521,source_reference_record,source_reference_record_unreviewed
CFIHOS-00000115,A.5.33,entity:,process class property,,,A property that should be specified for process activities related to this process class,,,,,,RDL,,,real,True,sha256:a69b98012d9e4a46495a3aed48eef8ce75a69d001eaa28b4c38cb0f3c921909d,CORE CFIHOS V2.0 CSV/CFIHOS CORE data dictionary v2.0.csv,522,source_reference_record,source_reference_record_unreviewed
CFIHOS-10000174,,attribute:,process class property,imperial unit of measure name,,The Imperial unit of measure recommended for this property,,Example : inch,Optional,"Text, max 90 characters",unit of measure,,,Is the Imperial unit recommended for,real,True,sha256:a69b98012d9e4a46495a3aed48eef8ce75a69d001eaa28b4c38cb0f3c921909d,CORE CFIHOS V2.0 CSV/CFIHOS CORE data dictionary v2.0.csv,523,source_reference_record,source_reference_record_unreviewed
CFIHOS-10000320,,attribute:,process class property,process class name,,The name by which a process class is uniquely identified,,Example : Storing,Identifier,"Text, max 100 characters",process class,,,has,real,True,sha256:a69b98012d9e4a46495a3aed48eef8ce75a69d001eaa28b4c38cb0f3c921909d,CORE CFIHOS V2.0 CSV/CFIHOS CORE data dictionary v2.0.csv,524,source_reference_record,source_reference_record_unreviewed
CFIHOS-10000056,,attribute:,process class property,property name,,A name that uniquely identifies the property,,Example : normal operating pressure,Identifier,"Text, max 100 characters",property,,,is present in,real,True,sha256:a69b98012d9e4a46495a3aed48eef8ce75a69d001eaa28b4c38cb0f3c921909d,CORE CFIHOS V2.0 CSV/CFIHOS CORE data dictionary v2.0.csv,525,source_reference_record,source_reference_record_unreviewed
CFIHOS-10000173,,attribute:,process class property,SI unit of measure name,,The SI (metric) unit of measure recommended for this process class property,,Example : metre,Optional,"Text, max 90 characters",unit of measure,,,is the SI unit recommended for,real,True,sha256:a69b98012d9e4a46495a3aed48eef8ce75a69d001eaa28b4c38cb0f3c921909d,CORE CFIHOS V2.0 CSV/CFIHOS CORE data dictionary v2.0.csv,526,source_reference_record,source_reference_record_unreviewed
CFIHOS-00000116,A.5.34,entity:,process activity,,,"A set of actions by which material, energy or information is transformed, transported or stored","Processes can be decomposed in sub processes, also known as process steps.",,,,,EPC,,,real,True,sha256:a69b98012d9e4a46495a3aed48eef8ce75a69d001eaa28b4c38cb0f3c921909d,CORE CFIHOS V2.0 CSV/CFIHOS CORE data dictionary v2.0.csv,527,source_reference_record,source_reference_record_unreviewed
CFIHOS-10000323,,attribute:,process activity,parent process activity code,,"The process / activity the current process is part of, or is a step of",,Example : MS_01,Optional,"Text, max 40 characters",process activity,,,is composed of,real,True,sha256:a69b98012d9e4a46495a3aed48eef8ce75a69d001eaa28b4c38cb0f3c921909d,CORE CFIHOS V2.0 CSV/CFIHOS CORE data dictionary v2.0.csv,528,source_reference_record,source_reference_record_unreviewed
CFIHOS-10000322,,attribute:,process activity,process activity code,,A code that uniquely identifies the process / activity,,Example : PROC_07,Identifier,"Text, max 40 characters",,,,,real,True,sha256:a69b98012d9e4a46495a3aed48eef8ce75a69d001eaa28b4c38cb0f3c921909d,CORE CFIHOS V2.0 CSV/CFIHOS CORE data dictionary v2.0.csv,529,source_reference_record,source_reference_record_unreviewed
CFIHOS-10000324,,attribute:,process activity,process activity description,,A description of what action is performed by this process activity,,Example : heating the crude provided by the stream MS_04 and pass it to the stream MS_06,Mandatory,"Text, max 255 characters",,,,,real,True,sha256:a69b98012d9e4a46495a3aed48eef8ce75a69d001eaa28b4c38cb0f3c921909d,CORE CFIHOS V2.0 CSV/CFIHOS CORE data dictionary v2.0.csv,530,source_reference_record,source_reference_record_unreviewed
CFIHOS-10000320,,attribute:,process activity,process class name,,The name by which a process class is uniquely identified,,Example : Storing,Mandatory,"Text, max 100 characters",process class,,,classifies the process of,real,True,sha256:a69b98012d9e4a46495a3aed48eef8ce75a69d001eaa28b4c38cb0f3c921909d,CORE CFIHOS V2.0 CSV/CFIHOS CORE data dictionary v2.0.csv,531,source_reference_record,source_reference_record_unreviewed
CFIHOS-00000117,A.5.35,entity:,process activity tag relationship,,,A tag that implements (part of) the functional requirements of a process activity,,,,,,EPC,,,real,True,sha256:a69b98012d9e4a46495a3aed48eef8ce75a69d001eaa28b4c38cb0f3c921909d,CORE CFIHOS V2.0 CSV/CFIHOS CORE data dictionary v2.0.csv,532,source_reference_record,source_reference_record_unreviewed
CFIHOS-10000005,,attribute:,process activity tag relationship,plant code,,The plant where the tag is or will be located,,Example : 6000,Identifier,"Text, max 40 characters",tag,,,is the performer of,real,True,sha256:a69b98012d9e4a46495a3aed48eef8ce75a69d001eaa28b4c38cb0f3c921909d,CORE CFIHOS V2.0 CSV/CFIHOS CORE data dictionary v2.0.csv,533,source_reference_record,source_reference_record_unreviewed
CFIHOS-10000322,,attribute:,process activity tag relationship,process activity code,,A code that uniquely identifies the process / activity,,Example : PROC_07,Identifier,"Text, max 40 characters",process activity,,,is implemented by,real,True,sha256:a69b98012d9e4a46495a3aed48eef8ce75a69d001eaa28b4c38cb0f3c921909d,CORE CFIHOS V2.0 CSV/CFIHOS CORE data dictionary v2.0.csv,534,source_reference_record,source_reference_record_unreviewed
CFIHOS-10000166,,attribute:,process activity tag relationship,tag name,,The full name of a tag,Different companies have different tag naming conventions. A tag name shall be unique within a plant.,Example : 036FV001,Identifier,"Text, max 33 characters",tag,,,is the performer of,real,True,sha256:a69b98012d9e4a46495a3aed48eef8ce75a69d001eaa28b4c38cb0f3c921909d,CORE CFIHOS V2.0 CSV/CFIHOS CORE data dictionary v2.0.csv,535,source_reference_record,source_reference_record_unreviewed
CFIHOS-00000118,A.5.36,entity:,process design property,,,A property that is required by a given process activity,"This property is often the result of some governing case, to allow for all possible scenarios to be taken into account.",,,,,EPC,,,real,True,sha256:a69b98012d9e4a46495a3aed48eef8ce75a69d001eaa28b4c38cb0f3c921909d,CORE CFIHOS V2.0 CSV/CFIHOS CORE data dictionary v2.0.csv,536,source_reference_record,source_reference_record_unreviewed
CFIHOS-10000322,,attribute:,process design property,process activity code,,A code that uniquely identifies the process / activity,,Example : PROC_07,Identifier,"Text, max 40 characters",process activity,,,has,real,True,sha256:a69b98012d9e4a46495a3aed48eef8ce75a69d001eaa28b4c38cb0f3c921909d,CORE CFIHOS V2.0 CSV/CFIHOS CORE data dictionary v2.0.csv,537,source_reference_record,source_reference_record_unreviewed
CFIHOS-10000325,,attribute:,process design property,process design property value,,"The value, qualified by a unit of measure, that the property must have to meet the design needs of the process",,Example : 3,Mandatory,"Text, max 100 characters",,,,,real,True,sha256:a69b98012d9e4a46495a3aed48eef8ce75a69d001eaa28b4c38cb0f3c921909d,CORE CFIHOS V2.0 CSV/CFIHOS CORE data dictionary v2.0.csv,538,source_reference_record,source_reference_record_unreviewed
CFIHOS-10000056,,attribute:,process design property,property name,,A name that uniquely identifies the property,,Example : normal operating pressure,Identifier,"Text, max 100 characters",property,,,is present in,real,True,sha256:a69b98012d9e4a46495a3aed48eef8ce75a69d001eaa28b4c38cb0f3c921909d,CORE CFIHOS V2.0 CSV/CFIHOS CORE data dictionary v2.0.csv,539,source_reference_record,source_reference_record_unreviewed
CFIHOS-10000238,,attribute:,process design property,unit of measure name,,The unique name which designates the unit.,,Example : metre,Optional,"Text, max 90 characters",unit of measure,,,qualifies,real,True,sha256:a69b98012d9e4a46495a3aed48eef8ce75a69d001eaa28b4c38cb0f3c921909d,CORE CFIHOS V2.0 CSV/CFIHOS CORE data dictionary v2.0.csv,540,source_reference_record,source_reference_record_unreviewed
CFIHOS-00000119,A.5.37,entity:,stream class,,,A classification of the process streams according to what is being moved,,,,,,RDL,,,real,True,sha256:a69b98012d9e4a46495a3aed48eef8ce75a69d001eaa28b4c38cb0f3c921909d,CORE CFIHOS V2.0 CSV/CFIHOS CORE data dictionary v2.0.csv,541,source_reference_record,source_reference_record_unreviewed
CFIHOS-10000146,,attribute:,stream class,CFIHOS unique code,,A code that uniquely identifies the stream class in CFIHOS,,Example : CFIHOS-30000562,Mandatory,"Text, max 40 characters",,,,,real,True,sha256:a69b98012d9e4a46495a3aed48eef8ce75a69d001eaa28b4c38cb0f3c921909d,CORE CFIHOS V2.0 CSV/CFIHOS CORE data dictionary v2.0.csv,542,source_reference_record,source_reference_record_unreviewed
CFIHOS-10000334,,attribute:,stream class,parent stream class code,,The stream class that is a super type of this stream class,,Example : MS (material stream),Optional,"Text, max 40 characters",stream class,,,is the parent of,real,True,sha256:a69b98012d9e4a46495a3aed48eef8ce75a69d001eaa28b4c38cb0f3c921909d,CORE CFIHOS V2.0 CSV/CFIHOS CORE data dictionary v2.0.csv,543,source_reference_record,source_reference_record_unreviewed
CFIHOS-10000326,,attribute:,stream class,stream class code,,A code that uniquely identifies the class of stream,,Example : ES,Identifier,"Text, max 40 characters",,,,,real,True,sha256:a69b98012d9e4a46495a3aed48eef8ce75a69d001eaa28b4c38cb0f3c921909d,CORE CFIHOS V2.0 CSV/CFIHOS CORE data dictionary v2.0.csv,544,source_reference_record,source_reference_record_unreviewed
CFIHOS-10000327,,attribute:,stream class,stream class description,,"A description of what the stream is transporting, transforming or storing",,Example : Energy Stream,Mandatory,"Text, max 255 characters",,,,,real,True,sha256:a69b98012d9e4a46495a3aed48eef8ce75a69d001eaa28b4c38cb0f3c921909d,CORE CFIHOS V2.0 CSV/CFIHOS CORE data dictionary v2.0.csv,545,source_reference_record,source_reference_record_unreviewed
CFIHOS-00000120,A.5.38,entity:,process stream,,,"A flow of material, energy or information produced by one process activity and consumed by another process activity",A process stream depicts the interaction between process activities.,,,,,EPC,,,real,True,sha256:a69b98012d9e4a46495a3aed48eef8ce75a69d001eaa28b4c38cb0f3c921909d,CORE CFIHOS V2.0 CSV/CFIHOS CORE data dictionary v2.0.csv,546,source_reference_record,source_reference_record_unreviewed
CFIHOS-10000331,,attribute:,process stream,input of process activity code,,"The process to which the stream is delivering its material, energy, or information",,Example : PROC_08,Mandatory,"Text, max 40 characters",process activity,,,uses as input,real,True,sha256:a69b98012d9e4a46495a3aed48eef8ce75a69d001eaa28b4c38cb0f3c921909d,CORE CFIHOS V2.0 CSV/CFIHOS CORE data dictionary v2.0.csv,547,source_reference_record,source_reference_record_unreviewed
CFIHOS-10000330,,attribute:,process stream,output of process activity code,,The process from which the stream originates,,Example : PROC_07,Mandatory,"Text, max 40 characters",process activity,,,produces as output,real,True,sha256:a69b98012d9e4a46495a3aed48eef8ce75a69d001eaa28b4c38cb0f3c921909d,CORE CFIHOS V2.0 CSV/CFIHOS CORE data dictionary v2.0.csv,548,source_reference_record,source_reference_record_unreviewed
CFIHOS-10000328,,attribute:,process stream,process stream code,,A code that uniquely identifies a process stream,,Example : MS_07,Identifier,"Text, max 40 characters",,,,,real,True,sha256:a69b98012d9e4a46495a3aed48eef8ce75a69d001eaa28b4c38cb0f3c921909d,CORE CFIHOS V2.0 CSV/CFIHOS CORE data dictionary v2.0.csv,549,source_reference_record,source_reference_record_unreviewed
CFIHOS-10000329,,attribute:,process stream,process stream description,,"A description of what the process stream is transporting / transforming or storing, and how it fits within the process flow diagram",,Example : Move of crude from Tank TK01 to process Pumping P_123,Mandatory,"Text, max 255 characters",,,,,real,True,sha256:a69b98012d9e4a46495a3aed48eef8ce75a69d001eaa28b4c38cb0f3c921909d,CORE CFIHOS V2.0 CSV/CFIHOS CORE data dictionary v2.0.csv,550,source_reference_record,source_reference_record_unreviewed
CFIHOS-10000326,,attribute:,process stream,stream class code,,The class to which the process stream belongs,,Example : ES,Mandatory,"Text, max 40 characters",stream class,,,classifies the stream of,real,True,sha256:a69b98012d9e4a46495a3aed48eef8ce75a69d001eaa28b4c38cb0f3c921909d,CORE CFIHOS V2.0 CSV/CFIHOS CORE data dictionary v2.0.csv,551,source_reference_record,source_reference_record_unreviewed
CFIHOS-00000121,A.5.39,entity:,stream class property,,,A property that should be specified for process streams related to this stream class,,,,,,RDL,,,real,True,sha256:a69b98012d9e4a46495a3aed48eef8ce75a69d001eaa28b4c38cb0f3c921909d,CORE CFIHOS V2.0 CSV/CFIHOS CORE data dictionary v2.0.csv,552,source_reference_record,source_reference_record_unreviewed
CFIHOS-10000174,,attribute:,stream class property,imperial unit of measure name,,The Imperial unit of measure recommended for this property,,Example : inch,Optional,"Text, max 90 characters",unit of measure,,,Is the Imperial unit of measure name,real,True,sha256:a69b98012d9e4a46495a3aed48eef8ce75a69d001eaa28b4c38cb0f3c921909d,CORE CFIHOS V2.0 CSV/CFIHOS CORE data dictionary v2.0.csv,553,source_reference_record,source_reference_record_unreviewed
CFIHOS-10000056,,attribute:,stream class property,property name,,A name that uniquely identifies the property,,Example : normal operating pressure,Identifier,"Text, max 100 characters",property,,,is present in,real,True,sha256:a69b98012d9e4a46495a3aed48eef8ce75a69d001eaa28b4c38cb0f3c921909d,CORE CFIHOS V2.0 CSV/CFIHOS CORE data dictionary v2.0.csv,554,source_reference_record,source_reference_record_unreviewed
CFIHOS-10000173,,attribute:,stream class property,SI unit of measure name,,The SI (metric) unit of measure recommended for this stream class property,,Example : metre,Optional,"Text, max 90 characters",unit of measure,,,Is the SI unit of measure name,real,True,sha256:a69b98012d9e4a46495a3aed48eef8ce75a69d001eaa28b4c38cb0f3c921909d,CORE CFIHOS V2.0 CSV/CFIHOS CORE data dictionary v2.0.csv,555,source_reference_record,source_reference_record_unreviewed
CFIHOS-10000326,,attribute:,stream class property,stream class code,,A code that uniquely identifies the class of stream,,Example : ES,Identifier,"Text, max 40 characters",stream class,,,has,real,True,sha256:a69b98012d9e4a46495a3aed48eef8ce75a69d001eaa28b4c38cb0f3c921909d,CORE CFIHOS V2.0 CSV/CFIHOS CORE data dictionary v2.0.csv,556,source_reference_record,source_reference_record_unreviewed
CFIHOS-00000122,A.5.40,entity:,process stream property,,,A property that is required for a process stream,,,,,,EPC,,,real,True,sha256:a69b98012d9e4a46495a3aed48eef8ce75a69d001eaa28b4c38cb0f3c921909d,CORE CFIHOS V2.0 CSV/CFIHOS CORE data dictionary v2.0.csv,557,source_reference_record,source_reference_record_unreviewed
CFIHOS-10000328,,attribute:,process stream property,process stream code,,A code that uniquely identifies a process stream,,Example : MS_07,Identifier,"Text, max 40 characters",process stream,,,requires functionally,real,True,sha256:a69b98012d9e4a46495a3aed48eef8ce75a69d001eaa28b4c38cb0f3c921909d,CORE CFIHOS V2.0 CSV/CFIHOS CORE data dictionary v2.0.csv,558,source_reference_record,source_reference_record_unreviewed
CFIHOS-10000332,,attribute:,process stream property,process stream property value,,The value that the property must take to allow for proper functioning of the stream,,Example : 2.5,Mandatory,"Text, max 100 characters",,,,,real,True,sha256:a69b98012d9e4a46495a3aed48eef8ce75a69d001eaa28b4c38cb0f3c921909d,CORE CFIHOS V2.0 CSV/CFIHOS CORE data dictionary v2.0.csv,559,source_reference_record,source_reference_record_unreviewed
CFIHOS-10000056,,attribute:,process stream property,property name,,A name that uniquely identifies the property,,Example : normal operating pressure,Identifier,"Text, max 100 characters",property,,,is present in,real,True,sha256:a69b98012d9e4a46495a3aed48eef8ce75a69d001eaa28b4c38cb0f3c921909d,CORE CFIHOS V2.0 CSV/CFIHOS CORE data dictionary v2.0.csv,560,source_reference_record,source_reference_record_unreviewed
CFIHOS-10000238,,attribute:,process stream property,unit of measure name,,The unique name which designates the unit.,,Example : metre,Optional,"Text, max 90 characters",unit of measure,,,qualifies,real,True,sha256:a69b98012d9e4a46495a3aed48eef8ce75a69d001eaa28b4c38cb0f3c921909d,CORE CFIHOS V2.0 CSV/CFIHOS CORE data dictionary v2.0.csv,561,source_reference_record,source_reference_record_unreviewed
CFIHOS-00000127,A.5.41,entity:,process case,,,A scenario of how processes and streams would perform under some conditions,,,,,,EPC,,,real,True,sha256:a69b98012d9e4a46495a3aed48eef8ce75a69d001eaa28b4c38cb0f3c921909d,CORE CFIHOS V2.0 CSV/CFIHOS CORE data dictionary v2.0.csv,562,source_reference_record,source_reference_record_unreviewed
CFIHOS-10000284,,attribute:,process case,application condition group code,,A code that uniquely identifies a group of application conditions.,,Example : 1,Optional,"Text, max 40 characters",application condition group,,,describes the conditions of,real,True,sha256:a69b98012d9e4a46495a3aed48eef8ce75a69d001eaa28b4c38cb0f3c921909d,CORE CFIHOS V2.0 CSV/CFIHOS CORE data dictionary v2.0.csv,563,source_reference_record,source_reference_record_unreviewed
CFIHOS-10000349,,attribute:,process case,process case description,,The description of the process case being analysed.,,Example : Normal operations,Optional,"Text, max 2000 characters",,,,,real,True,sha256:a69b98012d9e4a46495a3aed48eef8ce75a69d001eaa28b4c38cb0f3c921909d,CORE CFIHOS V2.0 CSV/CFIHOS CORE data dictionary v2.0.csv,564,source_reference_record,source_reference_record_unreviewed
CFIHOS-10000348,,attribute:,process case,process case number,,The unique identifier of a process case,,Example : 123,Identifier,"Text, max 40 characters",,,,,real,True,sha256:a69b98012d9e4a46495a3aed48eef8ce75a69d001eaa28b4c38cb0f3c921909d,CORE CFIHOS V2.0 CSV/CFIHOS CORE data dictionary v2.0.csv,565,source_reference_record,source_reference_record_unreviewed
CFIHOS-00000130,A.5.42,entity:,process activity in case,,,A process activity included in the scope of a case,,,,,,EPC,,,real,True,sha256:a69b98012d9e4a46495a3aed48eef8ce75a69d001eaa28b4c38cb0f3c921909d,CORE CFIHOS V2.0 CSV/CFIHOS CORE data dictionary v2.0.csv,566,source_reference_record,source_reference_record_unreviewed
CFIHOS-10000322,,attribute:,process activity in case,process activity code,,The unique identifier of the process / activity,,Example : PROC_07,Identifier,"Text, max 40 characters",process activity,,,is included in,real,True,sha256:a69b98012d9e4a46495a3aed48eef8ce75a69d001eaa28b4c38cb0f3c921909d,CORE CFIHOS V2.0 CSV/CFIHOS CORE data dictionary v2.0.csv,567,source_reference_record,source_reference_record_unreviewed
CFIHOS-10000348,,attribute:,process activity in case,process case number,,The unique identifier of the process case,,Example : 123,Identifier,"Text, max 40 characters",process case,,,includes,real,True,sha256:a69b98012d9e4a46495a3aed48eef8ce75a69d001eaa28b4c38cb0f3c921909d,CORE CFIHOS V2.0 CSV/CFIHOS CORE data dictionary v2.0.csv,568,source_reference_record,source_reference_record_unreviewed
CFIHOS-00000131,A.5.43,entity:,process property in case,,,"A property of a process activity, in the context of a case",,,,,,EPC,,,real,True,sha256:a69b98012d9e4a46495a3aed48eef8ce75a69d001eaa28b4c38cb0f3c921909d,CORE CFIHOS V2.0 CSV/CFIHOS CORE data dictionary v2.0.csv,569,source_reference_record,source_reference_record_unreviewed
CFIHOS-10000322,,attribute:,process property in case,process activity code,,The unique identifier of the process / activity,,Example : PROC_07,Identifier,"Text, max 40 characters",process activity in case,,,evaluates,real,True,sha256:a69b98012d9e4a46495a3aed48eef8ce75a69d001eaa28b4c38cb0f3c921909d,CORE CFIHOS V2.0 CSV/CFIHOS CORE data dictionary v2.0.csv,570,source_reference_record,source_reference_record_unreviewed
CFIHOS-10000348,,attribute:,process property in case,process case number,,The unique identifier of the process case,,Example : 123,Identifier,"Text, max 40 characters",process activity in case,,,evaluates,real,True,sha256:a69b98012d9e4a46495a3aed48eef8ce75a69d001eaa28b4c38cb0f3c921909d,CORE CFIHOS V2.0 CSV/CFIHOS CORE data dictionary v2.0.csv,571,source_reference_record,source_reference_record_unreviewed
CFIHOS-10000351,,attribute:,process property in case,process property value in case,,The value that a property has taken in the process case,,Example : 23.5,Mandatory,"Text, max 100 characters",,,,,real,True,sha256:a69b98012d9e4a46495a3aed48eef8ce75a69d001eaa28b4c38cb0f3c921909d,CORE CFIHOS V2.0 CSV/CFIHOS CORE data dictionary v2.0.csv,572,source_reference_record,source_reference_record_unreviewed
CFIHOS-10000056,,attribute:,process property in case,property name,,The name that uniquely identifies the property,,Example : normal operating pressure,Identifier,"Text, max 100 characters",property,,,is estimated in,real,True,sha256:a69b98012d9e4a46495a3aed48eef8ce75a69d001eaa28b4c38cb0f3c921909d,CORE CFIHOS V2.0 CSV/CFIHOS CORE data dictionary v2.0.csv,573,source_reference_record,source_reference_record_unreviewed
CFIHOS-10000238,,attribute:,process property in case,unit of measure name,,The unique name which designates the unit.,,Example : metre,Optional,"Text, max 90 characters",unit of measure,,,qualifies,real,True,sha256:a69b98012d9e4a46495a3aed48eef8ce75a69d001eaa28b4c38cb0f3c921909d,CORE CFIHOS V2.0 CSV/CFIHOS CORE data dictionary v2.0.csv,574,source_reference_record,source_reference_record_unreviewed
CFIHOS-00000128,A.5.44,entity:,process stream in case,,,A process stream included in the scope of a case,,,,,,EPC,,,real,True,sha256:a69b98012d9e4a46495a3aed48eef8ce75a69d001eaa28b4c38cb0f3c921909d,CORE CFIHOS V2.0 CSV/CFIHOS CORE data dictionary v2.0.csv,575,source_reference_record,source_reference_record_unreviewed
CFIHOS-10000348,,attribute:,process stream in case,process case number,,The unique identifier of the process case,,Example : 123,Identifier,"Text, max 40 characters",process case,,,includes,real,True,sha256:a69b98012d9e4a46495a3aed48eef8ce75a69d001eaa28b4c38cb0f3c921909d,CORE CFIHOS V2.0 CSV/CFIHOS CORE data dictionary v2.0.csv,576,source_reference_record,source_reference_record_unreviewed
CFIHOS-10000328,,attribute:,process stream in case,process stream code,,The unique identifier of the process stream,,Example : MS_07,Identifier,"Text, max 40 characters",process stream,,,is included in,real,True,sha256:a69b98012d9e4a46495a3aed48eef8ce75a69d001eaa28b4c38cb0f3c921909d,CORE CFIHOS V2.0 CSV/CFIHOS CORE data dictionary v2.0.csv,577,source_reference_record,source_reference_record_unreviewed
CFIHOS-00000129,A.5.45,entity:,process stream property in case,,,"A process stream property, in the context of a case",,,,,,EPC,,,real,True,sha256:a69b98012d9e4a46495a3aed48eef8ce75a69d001eaa28b4c38cb0f3c921909d,CORE CFIHOS V2.0 CSV/CFIHOS CORE data dictionary v2.0.csv,578,source_reference_record,source_reference_record_unreviewed
CFIHOS-10000348,,attribute:,process stream property in case,process case number,,The unique identifier of the process case,,Example : 123,Identifier,"Text, max 40 characters",process stream in case,,,evaluates,real,True,sha256:a69b98012d9e4a46495a3aed48eef8ce75a69d001eaa28b4c38cb0f3c921909d,CORE CFIHOS V2.0 CSV/CFIHOS CORE data dictionary v2.0.csv,579,source_reference_record,source_reference_record_unreviewed
CFIHOS-10000328,,attribute:,process stream property in case,process stream code,,The unique identifier of the process stream,,Example : MS_07,Identifier,"Text, max 40 characters",process stream in case,,,evaluates,real,True,sha256:a69b98012d9e4a46495a3aed48eef8ce75a69d001eaa28b4c38cb0f3c921909d,CORE CFIHOS V2.0 CSV/CFIHOS CORE data dictionary v2.0.csv,580,source_reference_record,source_reference_record_unreviewed
CFIHOS-10000350,,attribute:,process stream property in case,process stream property value in case,,The value that the property has taken in the process stream case,,Example : 23.5,Mandatory,"Text, max 100 characters",,,,,real,True,sha256:a69b98012d9e4a46495a3aed48eef8ce75a69d001eaa28b4c38cb0f3c921909d,CORE CFIHOS V2.0 CSV/CFIHOS CORE data dictionary v2.0.csv,581,source_reference_record,source_reference_record_unreviewed
CFIHOS-10000056,,attribute:,process stream property in case,property name,,The name that uniquely identifies the property,,Example : normal operating pressure,Identifier,"Text, max 100 characters",property,,,is estimated in,real,True,sha256:a69b98012d9e4a46495a3aed48eef8ce75a69d001eaa28b4c38cb0f3c921909d,CORE CFIHOS V2.0 CSV/CFIHOS CORE data dictionary v2.0.csv,582,source_reference_record,source_reference_record_unreviewed
CFIHOS-10000238,,attribute:,process stream property in case,unit of measure name,,The unique name which designates the unit.,,Example : metre,Optional,"Text, max 90 characters",unit of measure,,,qualifies,real,True,sha256:a69b98012d9e4a46495a3aed48eef8ce75a69d001eaa28b4c38cb0f3c921909d,CORE CFIHOS V2.0 CSV/CFIHOS CORE data dictionary v2.0.csv,583,source_reference_record,source_reference_record_unreviewed
CFIHOS-00000160,A.5.46,entity:,unit of measure dimension application,,,Indicates which unit of measure dimension codes are relevant for a unit of measure.,,,,,,RDL,,,real,True,sha256:a69b98012d9e4a46495a3aed48eef8ce75a69d001eaa28b4c38cb0f3c921909d,CORE CFIHOS V2.0 CSV/CFIHOS CORE data dictionary v2.0.csv,584,source_reference_record,source_reference_record_unreviewed
CFIHOS-10000146,,attribute:,unit of measure dimension application,CFIHOS unique code,,"A unique identifier, assigned in the CFIHOS Reference Data Library (RDL) to the unit of measure dimension application.",,Example : CFIHOS-30000562,Mandatory,"Text, max 40 characters",,,,,real,True,sha256:a69b98012d9e4a46495a3aed48eef8ce75a69d001eaa28b4c38cb0f3c921909d,CORE CFIHOS V2.0 CSV/CFIHOS CORE data dictionary v2.0.csv,585,source_reference_record,source_reference_record_unreviewed
CFIHOS-10000234,,attribute:,unit of measure dimension application,unit of measure dimension code,,A code that uniquely identifies the unit of measure dimension,,Example : Volume,Identifier,"Text, max 6 characters",unit of measure dimension,,,dimension is used for multiple units of measurement,real,True,sha256:a69b98012d9e4a46495a3aed48eef8ce75a69d001eaa28b4c38cb0f3c921909d,CORE CFIHOS V2.0 CSV/CFIHOS CORE data dictionary v2.0.csv,586,source_reference_record,source_reference_record_unreviewed
CFIHOS-10000238,,attribute:,unit of measure dimension application,unit of measure name,,A code that uniquely identifies the unit of measure dimension,,Example : metre,Identifier,"Text, max 90 characters",unit of measure,,,has multiple dimension code in,real,True,sha256:a69b98012d9e4a46495a3aed48eef8ce75a69d001eaa28b4c38cb0f3c921909d,CORE CFIHOS V2.0 CSV/CFIHOS CORE data dictionary v2.0.csv,587,source_reference_record,source_reference_record_unreviewed
CFIHOS-00000161,A.5.47,entity:,property picklist value source standard,,,Indicates where the standard that specifies the need for the Property Picklist Value.,,,,,,RDL,,,real,True,sha256:a69b98012d9e4a46495a3aed48eef8ce75a69d001eaa28b4c38cb0f3c921909d,CORE CFIHOS V2.0 CSV/CFIHOS CORE data dictionary v2.0.csv,588,source_reference_record,source_reference_record_unreviewed
CFIHOS-10000059,,attribute:,property picklist value source standard,property picklist name,,The name by which the pick list is designated,,Example : air cooler type,Identifier,"Text, max 100 characters",property picklist value,,,is engineered by,real,True,sha256:a69b98012d9e4a46495a3aed48eef8ce75a69d001eaa28b4c38cb0f3c921909d,CORE CFIHOS V2.0 CSV/CFIHOS CORE data dictionary v2.0.csv,589,source_reference_record,source_reference_record_unreviewed
CFIHOS-10000060,,attribute:,property picklist value source standard,property picklist value code,,A code that uniquely identifies an entry in a pick list,,Example : Liquid,Identifier,"Text, max 100 characters",property picklist value,,,is engineered by,real,True,sha256:a69b98012d9e4a46495a3aed48eef8ce75a69d001eaa28b4c38cb0f3c921909d,CORE CFIHOS V2.0 CSV/CFIHOS CORE data dictionary v2.0.csv,590,source_reference_record,source_reference_record_unreviewed
CFIHOS-10000053,,attribute:,property picklist value source standard,source standard code,,"A code used to designate the standard used to define requirements like engineering, operations, etc.",,Example : ISO 13533,Identifier,"Text, max 40 characters",source standard,,,engineers,real,True,sha256:a69b98012d9e4a46495a3aed48eef8ce75a69d001eaa28b4c38cb0f3c921909d,CORE CFIHOS V2.0 CSV/CFIHOS CORE data dictionary v2.0.csv,591,source_reference_record,source_reference_record_unreviewed
CFIHOS-00000021,A.6.01,entity:,discipline,,,A branch of knowledge of expertise which is responsible for the content of the deliverable,,,,,,RDL,,,real,True,sha256:a69b98012d9e4a46495a3aed48eef8ce75a69d001eaa28b4c38cb0f3c921909d,CORE CFIHOS V2.0 CSV/CFIHOS CORE data dictionary v2.0.csv,592,source_reference_record,source_reference_record_unreviewed
CFIHOS-10000146,,attribute:,discipline,CFIHOS unique code,,"A unique identifier, assigned in the CFIHOS Reference Data Library (RDL) to the discipline",,Example : CFIHOS-30000562,Mandatory,"Text, max 40 characters",,,,,real,True,sha256:a69b98012d9e4a46495a3aed48eef8ce75a69d001eaa28b4c38cb0f3c921909d,CORE CFIHOS V2.0 CSV/CFIHOS CORE data dictionary v2.0.csv,593,source_reference_record,source_reference_record_unreviewed
CFIHOS-10000153,,attribute:,discipline,discipline code,,A code that uniquely identifies a discipline.,The discipline / document type documented from the RDL could be overwritten by the Owner / Operator.,Example : MP,Identifier,"Text, max 2 characters",,,,,real,True,sha256:a69b98012d9e4a46495a3aed48eef8ce75a69d001eaa28b4c38cb0f3c921909d,CORE CFIHOS V2.0 CSV/CFIHOS CORE data dictionary v2.0.csv,594,source_reference_record,source_reference_record_unreviewed
CFIHOS-10000208,,attribute:,discipline,discipline description,,A description of what the discipline covers,,Example : Health is the discipline concerned with protecting the health and welfare of people engaged in work or employment.,Mandatory,"Text, max 255 characters",,,,,real,True,sha256:a69b98012d9e4a46495a3aed48eef8ce75a69d001eaa28b4c38cb0f3c921909d,CORE CFIHOS V2.0 CSV/CFIHOS CORE data dictionary v2.0.csv,595,source_reference_record,source_reference_record_unreviewed
CFIHOS-10000075,,attribute:,discipline,discipline name,,The name by which the discipline is designated,,Example : Piping,Mandatory,"Text, max 50 characters",,,,,real,True,sha256:a69b98012d9e4a46495a3aed48eef8ce75a69d001eaa28b4c38cb0f3c921909d,CORE CFIHOS V2.0 CSV/CFIHOS CORE data dictionary v2.0.csv,596,source_reference_record,source_reference_record_unreviewed
CFIHOS-00000032,A.6.02,entity:,document type,,,A classification of documents,,,,,,RDL,,,real,True,sha256:a69b98012d9e4a46495a3aed48eef8ce75a69d001eaa28b4c38cb0f3c921909d,CORE CFIHOS V2.0 CSV/CFIHOS CORE data dictionary v2.0.csv,597,source_reference_record,source_reference_record_unreviewed
CFIHOS-10000146,,attribute:,document type,CFIHOS unique code,,"A unique identifier, assigned in the CFIHOS Reference Data Library (RDL) to the document type",,Example : CFIHOS-30000562,Mandatory,"Text, max 40 characters",,,,,real,True,sha256:a69b98012d9e4a46495a3aed48eef8ce75a69d001eaa28b4c38cb0f3c921909d,CORE CFIHOS V2.0 CSV/CFIHOS CORE data dictionary v2.0.csv,598,source_reference_record,source_reference_record_unreviewed
CFIHOS-10000210,,attribute:,document type,document type classification code,document type classification,The classification to which the document type belongs,,Example : CONT,Mandatory,"Text, max 40 characters",document type classification,,,classifies,real,True,sha256:a69b98012d9e4a46495a3aed48eef8ce75a69d001eaa28b4c38cb0f3c921909d,CORE CFIHOS V2.0 CSV/CFIHOS CORE data dictionary v2.0.csv,599,source_reference_record,source_reference_record_unreviewed
CFIHOS-10000209,,attribute:,document type,document type description,,The full description of what the document type covers,,Example : Includes FAT and non-FAT (Factory Acceptance Test) procedures; Also see Acceptance Test Report for definitions.,Mandatory,"Text, max 1026 characters",,,,,real,True,sha256:a69b98012d9e4a46495a3aed48eef8ce75a69d001eaa28b4c38cb0f3c921909d,CORE CFIHOS V2.0 CSV/CFIHOS CORE data dictionary v2.0.csv,600,source_reference_record,source_reference_record_unreviewed
CFIHOS-10000148,,attribute:,document type,document type name,,The name by which the document type is designated,,Example : acceptance test procedure,Mandatory,"Text, max 100 characters",,,,,real,True,sha256:a69b98012d9e4a46495a3aed48eef8ce75a69d001eaa28b4c38cb0f3c921909d,CORE CFIHOS V2.0 CSV/CFIHOS CORE data dictionary v2.0.csv,601,source_reference_record,source_reference_record_unreviewed
CFIHOS-10000100,,attribute:,document type,document type short code,,A code that uniquely identifies a document type,,Example : 6067,Identifier,"Text, max 4 characters",,,,,real,True,sha256:a69b98012d9e4a46495a3aed48eef8ce75a69d001eaa28b4c38cb0f3c921909d,CORE CFIHOS V2.0 CSV/CFIHOS CORE data dictionary v2.0.csv,602,source_reference_record,source_reference_record_unreviewed
CFIHOS-00000027,A.6.03,entity:,discipline document type,,,"An identification of what type of document is required for what discipline, and what are their delivery requirements",Discipline document type is NOT a distribution list.,,,,,RDL,,,real,True,sha256:a69b98012d9e4a46495a3aed48eef8ce75a69d001eaa28b4c38cb0f3c921909d,CORE CFIHOS V2.0 CSV/CFIHOS CORE data dictionary v2.0.csv,603,source_reference_record,source_reference_record_unreviewed
CFIHOS-10000101,,attribute:,discipline document type,asset type code,asset type reference,The type of asset that is used as reference for the discipline document type,,Example : Tag,Mandatory,"Text, max 40 characters",asset type,,,is the reference for,real,True,sha256:a69b98012d9e4a46495a3aed48eef8ce75a69d001eaa28b4c38cb0f3c921909d,CORE CFIHOS V2.0 CSV/CFIHOS CORE data dictionary v2.0.csv,604,source_reference_record,source_reference_record_unreviewed
CFIHOS-10000358,,attribute:,discipline document type,authenticated record format,,The format under which the authoritative record should be provided,"In the RDL, this information will be left blank. It is the responsibility of each owner / operator to specify the format under which the authenticated record should be provided.",Example : AutoCAD,Optional,"Text, max 40 characters",document format,,,is the authenticated record format required for,real,True,sha256:a69b98012d9e4a46495a3aed48eef8ce75a69d001eaa28b4c38cb0f3c921909d,CORE CFIHOS V2.0 CSV/CFIHOS CORE data dictionary v2.0.csv,605,source_reference_record,source_reference_record_unreviewed
CFIHOS-10000146,,attribute:,discipline document type,CFIHOS unique code,,"A unique identifier, assigned in the CFIHOS Reference Data Library (RDL) to the discipline document type",,Example : CFIHOS-30000562,Mandatory,"Text, max 40 characters",,,,,real,True,sha256:a69b98012d9e4a46495a3aed48eef8ce75a69d001eaa28b4c38cb0f3c921909d,CORE CFIHOS V2.0 CSV/CFIHOS CORE data dictionary v2.0.csv,606,source_reference_record,source_reference_record_unreviewed
CFIHOS-10000153,,attribute:,discipline document type,discipline code,,The discipline a discipline document type refers to,The discipline / document type documented from the RDL could be overwritten by the Owner / Operator.,Example : MP,Identifier,"Text, max 2 characters",discipline,,,is used by,real,True,sha256:a69b98012d9e4a46495a3aed48eef8ce75a69d001eaa28b4c38cb0f3c921909d,CORE CFIHOS V2.0 CSV/CFIHOS CORE data dictionary v2.0.csv,607,source_reference_record,source_reference_record_unreviewed
CFIHOS-10000122,,attribute:,discipline document type,discipline document type comment,,A comment about this discipline and document type,,Example : 21stApril09 update DEP references,Optional,"Text, max 255 characters",,,,,real,True,sha256:a69b98012d9e4a46495a3aed48eef8ce75a69d001eaa28b4c38cb0f3c921909d,CORE CFIHOS V2.0 CSV/CFIHOS CORE data dictionary v2.0.csv,608,source_reference_record,source_reference_record_unreviewed
CFIHOS-10000207,,attribute:,discipline document type,discipline document type short code,,At alternate way of identifying uniquely a combination of discipline and document type,This attribute is calculated as a concatenation of the discipline code and the document type short code.,Example : MP6067,Mandatory,"Text, max 6 characters",,,,,real,True,sha256:a69b98012d9e4a46495a3aed48eef8ce75a69d001eaa28b4c38cb0f3c921909d,CORE CFIHOS V2.0 CSV/CFIHOS CORE data dictionary v2.0.csv,609,source_reference_record,source_reference_record_unreviewed
CFIHOS-10000064,,attribute:,discipline document type,document review type code,review type,The type of review to be conducted for the documents classified with this document type and this discipline,,Example : not specified,Optional,"Text, max 40 characters",document review type,,,is required for,real,True,sha256:a69b98012d9e4a46495a3aed48eef8ce75a69d001eaa28b4c38cb0f3c921909d,CORE CFIHOS V2.0 CSV/CFIHOS CORE data dictionary v2.0.csv,610,source_reference_record,source_reference_record_unreviewed
CFIHOS-10000100,,attribute:,discipline document type,document type short code,,The document type a discipline document type refers to,,Example : 6067,Identifier,"Text, max 4 characters",document type,,,is used for,real,True,sha256:a69b98012d9e4a46495a3aed48eef8ce75a69d001eaa28b4c38cb0f3c921909d,CORE CFIHOS V2.0 CSV/CFIHOS CORE data dictionary v2.0.csv,611,source_reference_record,source_reference_record_unreviewed
CFIHOS-10000112,,attribute:,discipline document type,documentation representation type code,representation type,"The representation type that should be used for documents of this type, for this discipline",,Example : PDF,Mandatory,"Text, max 40 characters",document representation type,,,classifies,real,True,sha256:a69b98012d9e4a46495a3aed48eef8ce75a69d001eaa28b4c38cb0f3c921909d,CORE CFIHOS V2.0 CSV/CFIHOS CORE data dictionary v2.0.csv,612,source_reference_record,source_reference_record_unreviewed
CFIHOS-10000123,,attribute:,discipline document type,hardcopy document required,,An indicator which specifies if documents classified with this document type require a paper hardcopy. During project and/or after project,,Example : Yes,Optional,Boolean (Yes/No),,,,,real,True,sha256:a69b98012d9e4a46495a3aed48eef8ce75a69d001eaa28b4c38cb0f3c921909d,CORE CFIHOS V2.0 CSV/CFIHOS CORE data dictionary v2.0.csv,613,source_reference_record,source_reference_record_unreviewed
CFIHOS-10000357,,attribute:,discipline document type,native document format,,The format under which the native document should be provided,"In the RDL, this information will be left blank. It is the responsibility of each owner / operator to specify the format under which the native file should be provided.",Example : AutoCAD,Optional,"Text, max 40 characters",document format,,,is the native format required for,real,True,sha256:a69b98012d9e4a46495a3aed48eef8ce75a69d001eaa28b4c38cb0f3c921909d,CORE CFIHOS V2.0 CSV/CFIHOS CORE data dictionary v2.0.csv,614,source_reference_record,source_reference_record_unreviewed
CFIHOS-10000355,,attribute:,discipline document type,native file delivery timing code,native file delivery timing,An indication of whether the native file should be delivered during project / handover,,Example : during project,Mandatory,"Text, max 40 characters",native file delivery timing,,,is required for,real,True,sha256:a69b98012d9e4a46495a3aed48eef8ce75a69d001eaa28b4c38cb0f3c921909d,CORE CFIHOS V2.0 CSV/CFIHOS CORE data dictionary v2.0.csv,615,source_reference_record,source_reference_record_unreviewed
CFIHOS-10000124,,attribute:,discipline document type,translated document required,,An indicator which specifies if documents classified with this document type have to be translated in another language during project and/or after project,,Example : Yes,Optional,Boolean (Yes/No),,,,,real,True,sha256:a69b98012d9e4a46495a3aed48eef8ce75a69d001eaa28b4c38cb0f3c921909d,CORE CFIHOS V2.0 CSV/CFIHOS CORE data dictionary v2.0.csv,616,source_reference_record,source_reference_record_unreviewed
CFIHOS-00000054,A.6.05,entity:,document type classification,,,A classification of document types according to their nature,,,,,,RDL Pick list,,,real,True,sha256:a69b98012d9e4a46495a3aed48eef8ce75a69d001eaa28b4c38cb0f3c921909d,CORE CFIHOS V2.0 CSV/CFIHOS CORE data dictionary v2.0.csv,617,source_reference_record,source_reference_record_unreviewed
CFIHOS-10000210,,attribute:,document type classification,document type classification code,,A code that uniquely identifies a document type classification,,Example : CONT,Identifier,"Text, max 40 characters",,,,,real,True,sha256:a69b98012d9e4a46495a3aed48eef8ce75a69d001eaa28b4c38cb0f3c921909d,CORE CFIHOS V2.0 CSV/CFIHOS CORE data dictionary v2.0.csv,618,source_reference_record,source_reference_record_unreviewed
CFIHOS-10000211,,attribute:,document type classification,document type classification description,,A description of what the document type classification represents,,Example : Content type,Mandatory,"Text, max 100 characters",,,,,real,True,sha256:a69b98012d9e4a46495a3aed48eef8ce75a69d001eaa28b4c38cb0f3c921909d,CORE CFIHOS V2.0 CSV/CFIHOS CORE data dictionary v2.0.csv,619,source_reference_record,source_reference_record_unreviewed
CFIHOS-00000056,A.6.09,entity:,asset type,,,A classification of discipline document types according to the type of asset they refer to,,,,,,RDL Pick list,,,real,True,sha256:a69b98012d9e4a46495a3aed48eef8ce75a69d001eaa28b4c38cb0f3c921909d,CORE CFIHOS V2.0 CSV/CFIHOS CORE data dictionary v2.0.csv,620,source_reference_record,source_reference_record_unreviewed
CFIHOS-10000101,,attribute:,asset type,asset type code,,A code that uniquely identifies the type of asset,,Example : Tag,Identifier,"Text, max 40 characters",,,,,real,True,sha256:a69b98012d9e4a46495a3aed48eef8ce75a69d001eaa28b4c38cb0f3c921909d,CORE CFIHOS V2.0 CSV/CFIHOS CORE data dictionary v2.0.csv,621,source_reference_record,source_reference_record_unreviewed
CFIHOS-10000212,,attribute:,asset type,asset type description,,A description of what the asset type represents,,Example : Tag,Mandatory,"Text, max 300 characters",,,,,real,True,sha256:a69b98012d9e4a46495a3aed48eef8ce75a69d001eaa28b4c38cb0f3c921909d,CORE CFIHOS V2.0 CSV/CFIHOS CORE data dictionary v2.0.csv,622,source_reference_record,source_reference_record_unreviewed
CFIHOS-00000057,A.6.10,entity:,document representation type,,,A classification of the documents according to how they should be represented,,,,,,RDL Pick list,,,real,True,sha256:a69b98012d9e4a46495a3aed48eef8ce75a69d001eaa28b4c38cb0f3c921909d,CORE CFIHOS V2.0 CSV/CFIHOS CORE data dictionary v2.0.csv,623,source_reference_record,source_reference_record_unreviewed
CFIHOS-10000112,,attribute:,document representation type,documentation representation type code,,A code that uniquely identifies the document representation type,,Example : PDF,Identifier,"Text, max 40 characters",,,,,real,True,sha256:a69b98012d9e4a46495a3aed48eef8ce75a69d001eaa28b4c38cb0f3c921909d,CORE CFIHOS V2.0 CSV/CFIHOS CORE data dictionary v2.0.csv,624,source_reference_record,source_reference_record_unreviewed
CFIHOS-10000213,,attribute:,document representation type,documentation representation type description,,A description of what the document representation type is or represents,,Example : Technical publication or Text,Mandatory,"Text, max 100 characters",,,,,real,True,sha256:a69b98012d9e4a46495a3aed48eef8ce75a69d001eaa28b4c38cb0f3c921909d,CORE CFIHOS V2.0 CSV/CFIHOS CORE data dictionary v2.0.csv,625,source_reference_record,source_reference_record_unreviewed
CFIHOS-00000135,A.6.12,entity:,native file delivery timing,,,An indication of when the native file should be available,,,,,,RDL,,,real,True,sha256:a69b98012d9e4a46495a3aed48eef8ce75a69d001eaa28b4c38cb0f3c921909d,CORE CFIHOS V2.0 CSV/CFIHOS CORE data dictionary v2.0.csv,626,source_reference_record,source_reference_record_unreviewed
CFIHOS-10000355,,attribute:,native file delivery timing,native file delivery timing code,,A code that uniquely identifies the timing for the native file delivery,,Example : during project,Identifier,"Text, max 40 characters",,,,,real,True,sha256:a69b98012d9e4a46495a3aed48eef8ce75a69d001eaa28b4c38cb0f3c921909d,CORE CFIHOS V2.0 CSV/CFIHOS CORE data dictionary v2.0.csv,627,source_reference_record,source_reference_record_unreviewed
CFIHOS-10000356,,attribute:,native file delivery timing,native file delivery timing description,,A description of what the timing of the native file delivery represents,,Example : The native file should be delivered during project,Optional,"Text, max 100 characters",,,,,real,True,sha256:a69b98012d9e4a46495a3aed48eef8ce75a69d001eaa28b4c38cb0f3c921909d,CORE CFIHOS V2.0 CSV/CFIHOS CORE data dictionary v2.0.csv,628,source_reference_record,source_reference_record_unreviewed
CFIHOS-00000058,A.6.13,entity:,document format,,,"A format, or package, that has to be used to provide a given type of document",,,,,,RDL Pick list,,,real,True,sha256:a69b98012d9e4a46495a3aed48eef8ce75a69d001eaa28b4c38cb0f3c921909d,CORE CFIHOS V2.0 CSV/CFIHOS CORE data dictionary v2.0.csv,629,source_reference_record,source_reference_record_unreviewed
CFIHOS-10000214,,attribute:,document format,document format code,,A code that uniquely identifies a format that a document can take,,Example : AutoCAD,Identifier,"Text, max 40 characters",,,,,real,True,sha256:a69b98012d9e4a46495a3aed48eef8ce75a69d001eaa28b4c38cb0f3c921909d,CORE CFIHOS V2.0 CSV/CFIHOS CORE data dictionary v2.0.csv,630,source_reference_record,source_reference_record_unreviewed
CFIHOS-10000215,,attribute:,document format,document format description,,A description of what the document format represents,,Example : AutoCAD,Optional,"Text, max 100 characters",,,,,real,True,sha256:a69b98012d9e4a46495a3aed48eef8ce75a69d001eaa28b4c38cb0f3c921909d,CORE CFIHOS V2.0 CSV/CFIHOS CORE data dictionary v2.0.csv,631,source_reference_record,source_reference_record_unreviewed
CFIHOS-00000133,A.6.16,entity:,handover event,,,"A phase, a moment, at which handover of information is taking place",,,,,,RDL,,,real,True,sha256:a69b98012d9e4a46495a3aed48eef8ce75a69d001eaa28b4c38cb0f3c921909d,CORE CFIHOS V2.0 CSV/CFIHOS CORE data dictionary v2.0.csv,632,source_reference_record,source_reference_record_unreviewed
CFIHOS-10000353,,attribute:,handover event,handover event description,,The description of what the handover event represents,,Example : Project milestone for information handover for the start of the detailed engineering activity,Optional,"Text, max 100 characters",,,,,real,True,sha256:a69b98012d9e4a46495a3aed48eef8ce75a69d001eaa28b4c38cb0f3c921909d,CORE CFIHOS V2.0 CSV/CFIHOS CORE data dictionary v2.0.csv,633,source_reference_record,source_reference_record_unreviewed
CFIHOS-10000352,,attribute:,handover event,handover event name,,A name that uniquely identifies the event during which handover of information is taking place,,Example : Detailed engineering,Identifier,"Text, max 40 characters",,,,,real,True,sha256:a69b98012d9e4a46495a3aed48eef8ce75a69d001eaa28b4c38cb0f3c921909d,CORE CFIHOS V2.0 CSV/CFIHOS CORE data dictionary v2.0.csv,634,source_reference_record,source_reference_record_unreviewed
CFIHOS-10000354,,attribute:,handover event,handover event reporting sequence number,,"A sequence number, used to determine in which order the handover phases should be reported",,Example : 10,Mandatory,Integer,,,,,real,True,sha256:a69b98012d9e4a46495a3aed48eef8ce75a69d001eaa28b4c38cb0f3c921909d,CORE CFIHOS V2.0 CSV/CFIHOS CORE data dictionary v2.0.csv,635,source_reference_record,source_reference_record_unreviewed
CFIHOS-00000134,A.6.17,entity:,discipline document type handover requirement,,,"An indication of the status that a document type should have, if any, at a given handover event, for a given discipline",,,,,,RDL,,,real,True,sha256:a69b98012d9e4a46495a3aed48eef8ce75a69d001eaa28b4c38cb0f3c921909d,CORE CFIHOS V2.0 CSV/CFIHOS CORE data dictionary v2.0.csv,636,source_reference_record,source_reference_record_unreviewed
CFIHOS-10000153,,attribute:,discipline document type handover requirement,discipline code,,The discipline to which refers the discipline document type requirement,The discipline / document type documented from the RDL could be overwritten by the Owner / Operator.,Example : MP,Identifier,"Text, max 2 characters",discipline document type,,,is subject to,real,True,sha256:a69b98012d9e4a46495a3aed48eef8ce75a69d001eaa28b4c38cb0f3c921909d,CORE CFIHOS V2.0 CSV/CFIHOS CORE data dictionary v2.0.csv,637,source_reference_record,source_reference_record_unreviewed
CFIHOS-10000083,,attribute:,discipline document type handover requirement,document status code,required document status for the handover event,"The status that the document should have, as required for this discipline, this document type at this handover phase.","A document is classified by a single state, which changes as the document advances through this lifecycle.",Example : IFC,Optional,"Text, max 40 characters",document status,,,is required for,real,True,sha256:a69b98012d9e4a46495a3aed48eef8ce75a69d001eaa28b4c38cb0f3c921909d,CORE CFIHOS V2.0 CSV/CFIHOS CORE data dictionary v2.0.csv,638,source_reference_record,source_reference_record_unreviewed
CFIHOS-10000100,,attribute:,discipline document type handover requirement,document type short code,,The document type to which refers this discipline document type requirement,,Example : 6067,Identifier,"Text, max 4 characters",discipline document type,,,is subject to,real,True,sha256:a69b98012d9e4a46495a3aed48eef8ce75a69d001eaa28b4c38cb0f3c921909d,CORE CFIHOS V2.0 CSV/CFIHOS CORE data dictionary v2.0.csv,639,source_reference_record,source_reference_record_unreviewed
CFIHOS-10000352,,attribute:,discipline document type handover requirement,handover event name,,The event prior to which document types for a given discipline have to be handed over,,Example : Detailed engineering,Identifier,"Text, max 40 characters",handover event,,,specifies the timing of,real,True,sha256:a69b98012d9e4a46495a3aed48eef8ce75a69d001eaa28b4c38cb0f3c921909d,CORE CFIHOS V2.0 CSV/CFIHOS CORE data dictionary v2.0.csv,640,source_reference_record,source_reference_record_unreviewed
CFIHOS-00000022,A.7.02,entity:,document master,,,A placeholder that allows a project to identify a particular information content to be created or updated,"A document master is identified by a document number, and it groups all the document revisions created to mature the information content.An index of document masters is called a Master Document Register (MDR), and it allows a project to plan when the information content will reach a particular status (e.g., AFC, ASB). Remark: The first issuance of the document Master will be the baseline plan. Subsequent issuances will reflect any changes in forecast dates.",,,,,EPC,,,real,True,sha256:a69b98012d9e4a46495a3aed48eef8ce75a69d001eaa28b4c38cb0f3c921909d,CORE CFIHOS V2.0 CSV/CFIHOS CORE data dictionary v2.0.csv,641,source_reference_record,source_reference_record_unreviewed
CFIHOS-10000207,,attribute:,document master,discipline document type short code,,At alternate way of identifying uniquely a combination of discipline and document type,This attribute is calculated as a concatenation of the discipline code and the document type short code.,Example : MP6067,Mandatory,"Text, max 6 characters",discipline document type,,,classifies,real,True,sha256:a69b98012d9e4a46495a3aed48eef8ce75a69d001eaa28b4c38cb0f3c921909d,CORE CFIHOS V2.0 CSV/CFIHOS CORE data dictionary v2.0.csv,642,source_reference_record,source_reference_record_unreviewed
CFIHOS-10000154,,attribute:,document master,document number,,The unique identifier for the document according to the Owner/Operator document numbering scheme,,Example : KC01-71-990-KW-T-YP-0002-000,Identifier,"Text, max 40 characters",,,,,real,True,sha256:a69b98012d9e4a46495a3aed48eef8ce75a69d001eaa28b4c38cb0f3c921909d,CORE CFIHOS V2.0 CSV/CFIHOS CORE data dictionary v2.0.csv,643,source_reference_record,source_reference_record_unreviewed
CFIHOS-10000064,,attribute:,document master,document review type code,document review type,A code that uniquely identifies a document review type,,Example : not specified,Mandatory,"Text, max 40 characters",document review type,,,applies to,real,True,sha256:a69b98012d9e4a46495a3aed48eef8ce75a69d001eaa28b4c38cb0f3c921909d,CORE CFIHOS V2.0 CSV/CFIHOS CORE data dictionary v2.0.csv,644,source_reference_record,source_reference_record_unreviewed
CFIHOS-10000168,,attribute:,document master,document title,,"A description, in a short and concise manner, of the content of the document",The title of the document usually appears on the front page of the document or in title block.,Example : Laydown Area & Pipe Rack North / South,Mandatory,"Text, max 255 characters",,,,,real,True,sha256:a69b98012d9e4a46495a3aed48eef8ce75a69d001eaa28b4c38cb0f3c921909d,CORE CFIHOS V2.0 CSV/CFIHOS CORE data dictionary v2.0.csv,645,source_reference_record,source_reference_record_unreviewed
CFIHOS-10000067,,attribute:,document master,forecast approval date,,The latest forecast date at which the document is expected to be issued for approval,The first issuance of the Document_Master will be the baseline plan.,Example : 2022-11-15,Optional,Date,,,,,real,True,sha256:a69b98012d9e4a46495a3aed48eef8ce75a69d001eaa28b4c38cb0f3c921909d,CORE CFIHOS V2.0 CSV/CFIHOS CORE data dictionary v2.0.csv,646,source_reference_record,source_reference_record_unreviewed
CFIHOS-10000071,,attribute:,document master,forecast approved for construction date,,The latest forecast date at which the document is expected to be issued approved for construction,The first issuance of the Document_Master will be the baseline plan.,Example : 2022-11-15,Optional,Date,,,,,real,True,sha256:a69b98012d9e4a46495a3aed48eef8ce75a69d001eaa28b4c38cb0f3c921909d,CORE CFIHOS V2.0 CSV/CFIHOS CORE data dictionary v2.0.csv,647,source_reference_record,source_reference_record_unreviewed
CFIHOS-10000069,,attribute:,document master,forecast approved for design date,,The latest forecast date at which the document is expected to be issued approved for design,The first issuance of the Document_Master will be the baseline plan.,Example : 2022-11-15,Optional,Date,,,,,real,True,sha256:a69b98012d9e4a46495a3aed48eef8ce75a69d001eaa28b4c38cb0f3c921909d,CORE CFIHOS V2.0 CSV/CFIHOS CORE data dictionary v2.0.csv,648,source_reference_record,source_reference_record_unreviewed
CFIHOS-10000073,,attribute:,document master,forecast as built date,,The latest forecast date at which the document is expected to be issued as-built,The first issuance of the Document_Master will be the baseline plan.,Example : 2022-11-15,Optional,Date,,,,,real,True,sha256:a69b98012d9e4a46495a3aed48eef8ce75a69d001eaa28b4c38cb0f3c921909d,CORE CFIHOS V2.0 CSV/CFIHOS CORE data dictionary v2.0.csv,649,source_reference_record,source_reference_record_unreviewed
CFIHOS-10000065,,attribute:,document master,forecast review date,,The latest forecast date at which the document is expected to be issued for review,The first issuance of the Document_Master will be the baseline plan.,Example : 2022-11-15,Optional,Date,,,,,real,True,sha256:a69b98012d9e4a46495a3aed48eef8ce75a69d001eaa28b4c38cb0f3c921909d,CORE CFIHOS V2.0 CSV/CFIHOS CORE data dictionary v2.0.csv,650,source_reference_record,source_reference_record_unreviewed
CFIHOS-00000044,A.7.03,entity:,ISO language,,,"A language, as recognised by ISO in its 639-1 standard",,,,,,RDL Pick list,,,real,True,sha256:a69b98012d9e4a46495a3aed48eef8ce75a69d001eaa28b4c38cb0f3c921909d,CORE CFIHOS V2.0 CSV/CFIHOS CORE data dictionary v2.0.csv,651,source_reference_record,source_reference_record_unreviewed
CFIHOS-10000147,,attribute:,ISO language,ISO language code,,"The code by which ISO designates a language, in its ISO639-1 standard",,Example : EN,Identifier,"Text, max 2 characters",,,,,real,True,sha256:a69b98012d9e4a46495a3aed48eef8ce75a69d001eaa28b4c38cb0f3c921909d,CORE CFIHOS V2.0 CSV/CFIHOS CORE data dictionary v2.0.csv,652,source_reference_record,source_reference_record_unreviewed
CFIHOS-10000197,,attribute:,ISO language,ISO language name,,"The name that ISO assigns to a language, in its ISO639-1 standard",,Example : English,Mandatory,"Text, max 45 characters",,,,,real,True,sha256:a69b98012d9e4a46495a3aed48eef8ce75a69d001eaa28b4c38cb0f3c921909d,CORE CFIHOS V2.0 CSV/CFIHOS CORE data dictionary v2.0.csv,653,source_reference_record,source_reference_record_unreviewed
CFIHOS-00000060,A.7.04,entity:,document review type,,,A type of review that is required for a document,,,,,,RDL Pick list,,,real,True,sha256:a69b98012d9e4a46495a3aed48eef8ce75a69d001eaa28b4c38cb0f3c921909d,CORE CFIHOS V2.0 CSV/CFIHOS CORE data dictionary v2.0.csv,654,source_reference_record,source_reference_record_unreviewed
CFIHOS-10000064,,attribute:,document review type,document review type code,,A code that uniquely identifies a document review type,,Example : not specified,Identifier,"Text, max 40 characters",,,,,real,True,sha256:a69b98012d9e4a46495a3aed48eef8ce75a69d001eaa28b4c38cb0f3c921909d,CORE CFIHOS V2.0 CSV/CFIHOS CORE data dictionary v2.0.csv,655,source_reference_record,source_reference_record_unreviewed
CFIHOS-10000216,,attribute:,document review type,document review type description,,A description of what the document review type represents,,Example : The review type is not specified.,Optional,"Text, max 100 characters",,,,,real,True,sha256:a69b98012d9e4a46495a3aed48eef8ce75a69d001eaa28b4c38cb0f3c921909d,CORE CFIHOS V2.0 CSV/CFIHOS CORE data dictionary v2.0.csv,656,source_reference_record,source_reference_record_unreviewed
CFIHOS-00000035,A.8.01,entity:,document revision,,,A user-readable set of data structured in order to be printed and stored as a whole (includes drawings),"Disciplines specify the content of the documents delivered.The file provided (See FILE_NAME property) shall be:- The most used rendition (when than one rendition is given for the same document).- The entry point for the document (e.g., the table of content, when the document has been split into multiple files).Remark: - All files generated in PDF format shall be text-searchable with commenting enabled.- All files shall be fully virus checked by the Contractor before submission.",,,,,EPC,,,real,True,sha256:a69b98012d9e4a46495a3aed48eef8ce75a69d001eaa28b4c38cb0f3c921909d,CORE CFIHOS V2.0 CSV/CFIHOS CORE data dictionary v2.0.csv,657,source_reference_record,source_reference_record_unreviewed
CFIHOS-10000068,,attribute:,document revision,actual approval date,,The date at which the document revision has been issued for approval,,Example : 2022-11-15,Optional,Date,,,,,real,True,sha256:a69b98012d9e4a46495a3aed48eef8ce75a69d001eaa28b4c38cb0f3c921909d,CORE CFIHOS V2.0 CSV/CFIHOS CORE data dictionary v2.0.csv,658,source_reference_record,source_reference_record_unreviewed
CFIHOS-10000072,,attribute:,document revision,actual approved for construction date,,The date at which the document revision has been issued approved for construction,,Example : 2022-11-15,Optional,Date,,,,,real,True,sha256:a69b98012d9e4a46495a3aed48eef8ce75a69d001eaa28b4c38cb0f3c921909d,CORE CFIHOS V2.0 CSV/CFIHOS CORE data dictionary v2.0.csv,659,source_reference_record,source_reference_record_unreviewed
CFIHOS-10000070,,attribute:,document revision,actual approved for design date,,The date at which the document revision has been issued approved for design,,Example : 2022-11-15,Optional,Date,,,,,real,True,sha256:a69b98012d9e4a46495a3aed48eef8ce75a69d001eaa28b4c38cb0f3c921909d,CORE CFIHOS V2.0 CSV/CFIHOS CORE data dictionary v2.0.csv,660,source_reference_record,source_reference_record_unreviewed
CFIHOS-10000074,,attribute:,document revision,actual as built date,,The date at which the document revision has been issued as-built,,Example : 2022-11-15,Optional,Date,,,,,real,True,sha256:a69b98012d9e4a46495a3aed48eef8ce75a69d001eaa28b4c38cb0f3c921909d,CORE CFIHOS V2.0 CSV/CFIHOS CORE data dictionary v2.0.csv,661,source_reference_record,source_reference_record_unreviewed
CFIHOS-10000066,,attribute:,document revision,actual review date,,The date on which the document revision was actually reviewed.,,Example : 2022-11-15,Optional,Date,,,,,real,True,sha256:a69b98012d9e4a46495a3aed48eef8ce75a69d001eaa28b4c38cb0f3c921909d,CORE CFIHOS V2.0 CSV/CFIHOS CORE data dictionary v2.0.csv,662,source_reference_record,source_reference_record_unreviewed
CFIHOS-10000154,,attribute:,document revision,document number,,The document master to which this revision is related,,Example : KC01-71-990-KW-T-YP-0002-000,Identifier,"Text, max 40 characters",document master,,,is subject to,real,True,sha256:a69b98012d9e4a46495a3aed48eef8ce75a69d001eaa28b4c38cb0f3c921909d,CORE CFIHOS V2.0 CSV/CFIHOS CORE data dictionary v2.0.csv,663,source_reference_record,source_reference_record_unreviewed
CFIHOS-10000375,,attribute:,document revision,document return status code,,A status assigned to a document revision after review,,Example : Approved,Optional,"Text, max 40 characters",document return status,,,qualifies,real,True,sha256:a69b98012d9e4a46495a3aed48eef8ce75a69d001eaa28b4c38cb0f3c921909d,CORE CFIHOS V2.0 CSV/CFIHOS CORE data dictionary v2.0.csv,664,source_reference_record,source_reference_record_unreviewed
CFIHOS-10000079,,attribute:,document revision,document revision approver,,The name (or the user ID) of the person who has approved the document revision,,Example : Marc Brown,Optional,"Text, max 50 characters",,,,,real,True,sha256:a69b98012d9e4a46495a3aed48eef8ce75a69d001eaa28b4c38cb0f3c921909d,CORE CFIHOS V2.0 CSV/CFIHOS CORE data dictionary v2.0.csv,665,source_reference_record,source_reference_record_unreviewed
CFIHOS-10000078,,attribute:,document revision,document revision author,,The name of the person who created the document revision,"This should be an individual name, not a role, i.e. Initials and last name, not just initials.",Example : John Stephen,Optional,"Text, max 70 characters",,,,,real,True,sha256:a69b98012d9e4a46495a3aed48eef8ce75a69d001eaa28b4c38cb0f3c921909d,CORE CFIHOS V2.0 CSV/CFIHOS CORE data dictionary v2.0.csv,666,source_reference_record,source_reference_record_unreviewed
CFIHOS-10000162,,attribute:,document revision,document revision code,,A code used to identify the content of a document at a certain point in time,It is used to track the evolution of a document during its lifecycle and is applied at time of release from Originator to reflect the document is frozen.,Example : 001,Identifier,"Text, max 5 characters",,,,,real,True,sha256:a69b98012d9e4a46495a3aed48eef8ce75a69d001eaa28b4c38cb0f3c921909d,CORE CFIHOS V2.0 CSV/CFIHOS CORE data dictionary v2.0.csv,667,source_reference_record,source_reference_record_unreviewed
CFIHOS-10000085,,attribute:,document revision,document revision comment,,Any additional comment / explanation for a document revision,,Example : Does not include package A-1001,Optional,"Text, max 255 characters",,,,,real,True,sha256:a69b98012d9e4a46495a3aed48eef8ce75a69d001eaa28b4c38cb0f3c921909d,CORE CFIHOS V2.0 CSV/CFIHOS CORE data dictionary v2.0.csv,668,source_reference_record,source_reference_record_unreviewed
CFIHOS-10000076,,attribute:,document revision,document revision date,,The date the document was revised,,Example : 2022-11-15,Mandatory,Date,,,,,real,True,sha256:a69b98012d9e4a46495a3aed48eef8ce75a69d001eaa28b4c38cb0f3c921909d,CORE CFIHOS V2.0 CSV/CFIHOS CORE data dictionary v2.0.csv,669,source_reference_record,source_reference_record_unreviewed
CFIHOS-10000080,,attribute:,document revision,document revision file name,,The name of the electronic file (including the file extension) with the full path,"The file name shall consist of the document number, Document revision and a sequence number followed by the file extension. When this attribute is populated the attribute physical storage location shall be left empty.",Example : P-36-03-D-8120-01-D-01.pdf,Optional,"Text, max 255 characters",,,,,real,True,sha256:a69b98012d9e4a46495a3aed48eef8ce75a69d001eaa28b4c38cb0f3c921909d,CORE CFIHOS V2.0 CSV/CFIHOS CORE data dictionary v2.0.csv,670,source_reference_record,source_reference_record_unreviewed
CFIHOS-10000093,,attribute:,document revision,document revision physical storage location,,The location of a media when not stored as an electronic file,When this field is populated the attribute file name shall be left empty.,Example : Box1523,Optional,"Text, max 40 characters",,,,,real,True,sha256:a69b98012d9e4a46495a3aed48eef8ce75a69d001eaa28b4c38cb0f3c921909d,CORE CFIHOS V2.0 CSV/CFIHOS CORE data dictionary v2.0.csv,671,source_reference_record,source_reference_record_unreviewed
CFIHOS-10000091,,attribute:,document revision,document revision recipient,,The full name of the recipient of the document. revision,,Example : O.Paap,Optional,"Text, max 70 characters",,,,,real,True,sha256:a69b98012d9e4a46495a3aed48eef8ce75a69d001eaa28b4c38cb0f3c921909d,CORE CFIHOS V2.0 CSV/CFIHOS CORE data dictionary v2.0.csv,672,source_reference_record,source_reference_record_unreviewed
CFIHOS-10000083,,attribute:,document revision,document status code,,A code that uniquely identifies the status of document revisions,"A document is classified by a single state, which changes as the document advances through this lifecycle.",Example : IFC,Optional,"Text, max 40 characters",document status,,,qualifies,real,True,sha256:a69b98012d9e4a46495a3aed48eef8ce75a69d001eaa28b4c38cb0f3c921909d,CORE CFIHOS V2.0 CSV/CFIHOS CORE data dictionary v2.0.csv,673,source_reference_record,source_reference_record_unreviewed
CFIHOS-10000086,,attribute:,document revision,export control classification code,export control classification,"The Export Control Rule that is applicable for the document revision (e.g., ECCN, EAR)",,Example : Controlled Content,Optional,"Text, max 40 characters",export control classification,,,applies to,real,True,sha256:a69b98012d9e4a46495a3aed48eef8ce75a69d001eaa28b4c38cb0f3c921909d,CORE CFIHOS V2.0 CSV/CFIHOS CORE data dictionary v2.0.csv,674,source_reference_record,source_reference_record_unreviewed
CFIHOS-10000147,,attribute:,document revision,ISO language code,,The primary language that the document revision is written in.,,Example : EN,Optional,"Text, max 2 characters",iso language,,,is actually used for,real,True,sha256:a69b98012d9e4a46495a3aed48eef8ce75a69d001eaa28b4c38cb0f3c921909d,CORE CFIHOS V2.0 CSV/CFIHOS CORE data dictionary v2.0.csv,675,source_reference_record,source_reference_record_unreviewed
CFIHOS-10000077,,attribute:,document revision,originator company,,The name of the company who has generated the document revision,,Example : Engineering and co Ltd,Mandatory,"Text, max 30 characters",company,,,generates,real,True,sha256:a69b98012d9e4a46495a3aed48eef8ce75a69d001eaa28b4c38cb0f3c921909d,CORE CFIHOS V2.0 CSV/CFIHOS CORE data dictionary v2.0.csv,676,source_reference_record,source_reference_record_unreviewed
CFIHOS-10000160,,attribute:,document revision,originator document number,,The unique identifier for the Document according to the originator document numbering scheme,One potential use is to allow Owner/Operator to identify duplicate documents provided by multiple subcontractors but from the same OEM.,Example : ECO-001-0045-978,Optional,"Text, max 40 characters",,,,,real,True,sha256:a69b98012d9e4a46495a3aed48eef8ce75a69d001eaa28b4c38cb0f3c921909d,CORE CFIHOS V2.0 CSV/CFIHOS CORE data dictionary v2.0.csv,677,source_reference_record,source_reference_record_unreviewed
CFIHOS-10000081,,attribute:,document revision,originator document revision code,,A code used to identify the content of a document at a certain point in time according to the originator which doesn't necessarily conform to the Owner/Operator's document revision coding scheme.,One potential use is to allow Owner/Operator to identify duplicate documents provided by multiple subcontractors but from the same OEM.,Example : 00013,Optional,"Text, max 5 characters",,,,,real,True,sha256:a69b98012d9e4a46495a3aed48eef8ce75a69d001eaa28b4c38cb0f3c921909d,CORE CFIHOS V2.0 CSV/CFIHOS CORE data dictionary v2.0.csv,678,source_reference_record,source_reference_record_unreviewed
CFIHOS-10000082,,attribute:,document revision,originator file name,,The name of the file as provided by the manufacturer,"Remark: One potential use is to allow Owner/Operator to identify duplicate documents provided by multiple subcontractors but from the same OEM. This document shall not contain any project specific cover page, but only the manufacturer cover page.",Example : P-36-03-D-8120-01-D-01.pdf,Optional,"Text, max 255 characters",,,,,real,True,sha256:a69b98012d9e4a46495a3aed48eef8ce75a69d001eaa28b4c38cb0f3c921909d,CORE CFIHOS V2.0 CSV/CFIHOS CORE data dictionary v2.0.csv,679,source_reference_record,source_reference_record_unreviewed
CFIHOS-10000005,,attribute:,document revision,plant code,,The plant that the document revision is related to,This is a very ''high level'' grouping of documents used to segregate documents dealing with different Plants. ''Low level'' document references shall also be provided for the Document (See ''Document References'').,Example : 6000,Mandatory,"Text, max 40 characters",plant,,,has,real,True,sha256:a69b98012d9e4a46495a3aed48eef8ce75a69d001eaa28b4c38cb0f3c921909d,CORE CFIHOS V2.0 CSV/CFIHOS CORE data dictionary v2.0.csv,680,source_reference_record,source_reference_record_unreviewed
CFIHOS-10000161,,attribute:,document revision,project code,,The code that identifies the project the document revision refers to,,Example : FLNG,Optional,"Text, max 10 characters",project,,,delivers,real,True,sha256:a69b98012d9e4a46495a3aed48eef8ce75a69d001eaa28b4c38cb0f3c921909d,CORE CFIHOS V2.0 CSV/CFIHOS CORE data dictionary v2.0.csv,681,source_reference_record,source_reference_record_unreviewed
CFIHOS-10000096,,attribute:,document revision,project stage code,project stage,A code that uniquely identifies the stage of projects,,Example : D,Optional,"Text, max 40 characters",project stage,,,qualifies,real,True,sha256:a69b98012d9e4a46495a3aed48eef8ce75a69d001eaa28b4c38cb0f3c921909d,CORE CFIHOS V2.0 CSV/CFIHOS CORE data dictionary v2.0.csv,682,source_reference_record,source_reference_record_unreviewed
CFIHOS-10000195,,attribute:,document revision,regulatory required indicator,,An indication whether this document is to be developed to meet regulatory compliance requirements,,Example : Yes,Mandatory,Boolean (Yes/No),,,,,real,True,sha256:a69b98012d9e4a46495a3aed48eef8ce75a69d001eaa28b4c38cb0f3c921909d,CORE CFIHOS V2.0 CSV/CFIHOS CORE data dictionary v2.0.csv,683,source_reference_record,source_reference_record_unreviewed
CFIHOS-10000094,,attribute:,document revision,storage media code,storage media,An Indication of the media type used for storing the content. of the document revision,,Example : Paper,Mandatory,"Text, max 40 characters",storage media,,,qualifies how is stored,real,True,sha256:a69b98012d9e4a46495a3aed48eef8ce75a69d001eaa28b4c38cb0f3c921909d,CORE CFIHOS V2.0 CSV/CFIHOS CORE data dictionary v2.0.csv,684,source_reference_record,source_reference_record_unreviewed
CFIHOS-10000087,,attribute:,document revision,transmittal number,,The transmittal through which this document revision was communicated,,Example : FFDF-2007-0071-TE-SH-KW-01149,Optional,"Text, max 100 characters",transmittal,,,includes,real,True,sha256:a69b98012d9e4a46495a3aed48eef8ce75a69d001eaa28b4c38cb0f3c921909d,CORE CFIHOS V2.0 CSV/CFIHOS CORE data dictionary v2.0.csv,685,source_reference_record,source_reference_record_unreviewed
CFIHOS-00000024,A.8.02,entity:,transmittal,,,An exchange of information between two companies,,,,,,EPC,,,real,True,sha256:a69b98012d9e4a46495a3aed48eef8ce75a69d001eaa28b4c38cb0f3c921909d,CORE CFIHOS V2.0 CSV/CFIHOS CORE data dictionary v2.0.csv,686,source_reference_record,source_reference_record_unreviewed
CFIHOS-10000129,,attribute:,transmittal,number of media,,The number of media provided with the transmittal,,Example : 1,Mandatory,Integer,,,,,real,True,sha256:a69b98012d9e4a46495a3aed48eef8ce75a69d001eaa28b4c38cb0f3c921909d,CORE CFIHOS V2.0 CSV/CFIHOS CORE data dictionary v2.0.csv,687,source_reference_record,source_reference_record_unreviewed
CFIHOS-10000161,,attribute:,transmittal,project code,,The project for which the transmittal has been issued,,Example : FLNG,Identifier,"Text, max 10 characters",project,,,is the context for,real,True,sha256:a69b98012d9e4a46495a3aed48eef8ce75a69d001eaa28b4c38cb0f3c921909d,CORE CFIHOS V2.0 CSV/CFIHOS CORE data dictionary v2.0.csv,688,source_reference_record,source_reference_record_unreviewed
CFIHOS-10000142,,attribute:,transmittal,reason for issue code,reason for issue,The reason for issuing the transmittal,The reason for issuing a transmittal is independent of the statuses of the document revisions that the transmittal includes.,Example : issued for information,Mandatory,"Text, max 40 characters",reason for issue,,,explains,real,True,sha256:a69b98012d9e4a46495a3aed48eef8ce75a69d001eaa28b4c38cb0f3c921909d,CORE CFIHOS V2.0 CSV/CFIHOS CORE data dictionary v2.0.csv,689,source_reference_record,source_reference_record_unreviewed
CFIHOS-10000252,,attribute:,transmittal,sending company name,,The name of the company who has sent the transmittal,,Example : Flowserve,Identifier,"Text, max 30 characters",company,,,sends,real,True,sha256:a69b98012d9e4a46495a3aed48eef8ce75a69d001eaa28b4c38cb0f3c921909d,CORE CFIHOS V2.0 CSV/CFIHOS CORE data dictionary v2.0.csv,690,source_reference_record,source_reference_record_unreviewed
CFIHOS-10000087,,attribute:,transmittal,transmittal number,,A unique transmittal identifier generated by the document control system of the company sending the transmittal,,Example : FFDF-2007-0071-TE-SH-KW-01149,Identifier,"Text, max 100 characters",,,,,real,True,sha256:a69b98012d9e4a46495a3aed48eef8ce75a69d001eaa28b4c38cb0f3c921909d,CORE CFIHOS V2.0 CSV/CFIHOS CORE data dictionary v2.0.csv,691,source_reference_record,source_reference_record_unreviewed
CFIHOS-10000144,,attribute:,transmittal,transmittal send date,,The date of sending the transmittal,,Example : 2022-11-15,Mandatory,Date,,,,,real,True,sha256:a69b98012d9e4a46495a3aed48eef8ce75a69d001eaa28b4c38cb0f3c921909d,CORE CFIHOS V2.0 CSV/CFIHOS CORE data dictionary v2.0.csv,692,source_reference_record,source_reference_record_unreviewed
CFIHOS-00000048,A.8.03,entity:,reason for issue,,,The reason for which transmittals are issued,,,,,,Owner/Operator,,,real,True,sha256:a69b98012d9e4a46495a3aed48eef8ce75a69d001eaa28b4c38cb0f3c921909d,CORE CFIHOS V2.0 CSV/CFIHOS CORE data dictionary v2.0.csv,693,source_reference_record,source_reference_record_unreviewed
CFIHOS-10000142,,attribute:,reason for issue,reason for issue code,,A code that uniquely identifies the reason for issue,,Example : issued for information,Identifier,"Text, max 40 characters",,,,,real,True,sha256:a69b98012d9e4a46495a3aed48eef8ce75a69d001eaa28b4c38cb0f3c921909d,CORE CFIHOS V2.0 CSV/CFIHOS CORE data dictionary v2.0.csv,694,source_reference_record,source_reference_record_unreviewed
CFIHOS-10000201,,attribute:,reason for issue,reason for issue description,,A description of what the reason for issue represents,,Example : Superseded / Obsolete,Mandatory,"Text, max 100 characters",,,,,real,True,sha256:a69b98012d9e4a46495a3aed48eef8ce75a69d001eaa28b4c38cb0f3c921909d,CORE CFIHOS V2.0 CSV/CFIHOS CORE data dictionary v2.0.csv,695,source_reference_record,source_reference_record_unreviewed
CFIHOS-00000023,A.8.04,entity:,additional file,,,A file that makes up a particular document revision.,"In some circumstances, a particular document revision can be made up of more than one file. Examples include:- Native files- Translations of a document- Large documents that have been split into several smaller files. When this is the case, all these files shall be provided as a ''set of files''.",,,,,EPC,,,real,True,sha256:a69b98012d9e4a46495a3aed48eef8ce75a69d001eaa28b4c38cb0f3c921909d,CORE CFIHOS V2.0 CSV/CFIHOS CORE data dictionary v2.0.csv,696,source_reference_record,source_reference_record_unreviewed
CFIHOS-10000154,,attribute:,additional file,document number,,"The unique identifier for the document according to the Owner/Operator document numbering scheme, to which the additional file is associated",,Example : KC01-71-990-KW-T-YP-0002-000,Identifier,"Text, max 40 characters",document revision,,,"is complemented by zero, one or more",real,True,sha256:a69b98012d9e4a46495a3aed48eef8ce75a69d001eaa28b4c38cb0f3c921909d,CORE CFIHOS V2.0 CSV/CFIHOS CORE data dictionary v2.0.csv,697,source_reference_record,source_reference_record_unreviewed
CFIHOS-10000162,,attribute:,additional file,document revision code,,A code used to identify the content of a document at a certain point in time according to the Owner/Operator Document Revision Coding scheme,It is used to track the evolution of a document during its lifecycle and is applied at time of release from Originator to reflect the document is frozen.,Example : 001,Identifier,"Text, max 5 characters",document revision,,,"is complemented by zero, one or more",real,True,sha256:a69b98012d9e4a46495a3aed48eef8ce75a69d001eaa28b4c38cb0f3c921909d,CORE CFIHOS V2.0 CSV/CFIHOS CORE data dictionary v2.0.csv,698,source_reference_record,source_reference_record_unreviewed
CFIHOS-10000127,,attribute:,additional file,file name,,The unique name of the electronic file (including its extension),,Example : T-10000001_001_001.dwg,Mandatory,"Text, max 255 characters",,,,,real,True,sha256:a69b98012d9e4a46495a3aed48eef8ce75a69d001eaa28b4c38cb0f3c921909d,CORE CFIHOS V2.0 CSV/CFIHOS CORE data dictionary v2.0.csv,699,source_reference_record,source_reference_record_unreviewed
CFIHOS-10000126,,attribute:,additional file,file title,,A description in a short and concise manner of the content of the additional file,This is not meant to repeat the document title. The FILE_TITLE shall be unique within a particular document revision. Refer to the chapter Set of Files for more information.,Example : PEFS Crude Oil Booster Pumps (Native),Identifier,"Text, max 255 characters",,,,,real,True,sha256:a69b98012d9e4a46495a3aed48eef8ce75a69d001eaa28b4c38cb0f3c921909d,CORE CFIHOS V2.0 CSV/CFIHOS CORE data dictionary v2.0.csv,700,source_reference_record,source_reference_record_unreviewed
CFIHOS-10000147,,attribute:,additional file,ISO language code,,The language in which is expressed the additional file,,Example : EN,Optional,"Text, max 2 characters",iso language,,,"qualifies, for the translation",real,True,sha256:a69b98012d9e4a46495a3aed48eef8ce75a69d001eaa28b4c38cb0f3c921909d,CORE CFIHOS V2.0 CSV/CFIHOS CORE data dictionary v2.0.csv,701,source_reference_record,source_reference_record_unreviewed
CFIHOS-10000094,,attribute:,additional file,storage media code,storage media,The type of media used to store the content of the additional file,,Example : Paper,Optional,"Text, max 40 characters",storage media,,,qualifies how is stored,real,True,sha256:a69b98012d9e4a46495a3aed48eef8ce75a69d001eaa28b4c38cb0f3c921909d,CORE CFIHOS V2.0 CSV/CFIHOS CORE data dictionary v2.0.csv,702,source_reference_record,source_reference_record_unreviewed
CFIHOS-00000078,A.8.05,entity:,document revision site reference,,,A reference to a site that is included in a document revision,,,,,,EPC,,,real,True,sha256:a69b98012d9e4a46495a3aed48eef8ce75a69d001eaa28b4c38cb0f3c921909d,CORE CFIHOS V2.0 CSV/CFIHOS CORE data dictionary v2.0.csv,703,source_reference_record,source_reference_record_unreviewed
CFIHOS-10000154,,attribute:,document revision site reference,document number,,A document master that refers to a site,,Example : KC01-71-990-KW-T-YP-0002-000,Identifier,"Text, max 40 characters",document revision,,,includes references to,real,True,sha256:a69b98012d9e4a46495a3aed48eef8ce75a69d001eaa28b4c38cb0f3c921909d,CORE CFIHOS V2.0 CSV/CFIHOS CORE data dictionary v2.0.csv,704,source_reference_record,source_reference_record_unreviewed
CFIHOS-10000162,,attribute:,document revision site reference,document revision code,,A document revision that refers to a site,It is used to track the evolution of a document during its lifecycle and is applied at time of release from Originator to reflect the document is frozen.,Example : 001,Identifier,"Text, max 5 characters",document revision,,,includes references to,real,True,sha256:a69b98012d9e4a46495a3aed48eef8ce75a69d001eaa28b4c38cb0f3c921909d,CORE CFIHOS V2.0 CSV/CFIHOS CORE data dictionary v2.0.csv,705,source_reference_record,source_reference_record_unreviewed
CFIHOS-10000003,,attribute:,document revision site reference,site code,,A site that is referred to in a document revision,,Example : KAS,Identifier,"Text, max 40 characters",site,,,is referenced by,real,True,sha256:a69b98012d9e4a46495a3aed48eef8ce75a69d001eaa28b4c38cb0f3c921909d,CORE CFIHOS V2.0 CSV/CFIHOS CORE data dictionary v2.0.csv,706,source_reference_record,source_reference_record_unreviewed
CFIHOS-00000079,A.8.06,entity:,document revision plant reference,,,A reference to a plant that is included in a document revision,,,,,,EPC,,,real,True,sha256:a69b98012d9e4a46495a3aed48eef8ce75a69d001eaa28b4c38cb0f3c921909d,CORE CFIHOS V2.0 CSV/CFIHOS CORE data dictionary v2.0.csv,707,source_reference_record,source_reference_record_unreviewed
CFIHOS-10000154,,attribute:,document revision plant reference,document number,,A document master that refers to a plant,,Example : KC01-71-990-KW-T-YP-0002-000,Identifier,"Text, max 40 characters",document revision,,,includes references to,real,True,sha256:a69b98012d9e4a46495a3aed48eef8ce75a69d001eaa28b4c38cb0f3c921909d,CORE CFIHOS V2.0 CSV/CFIHOS CORE data dictionary v2.0.csv,708,source_reference_record,source_reference_record_unreviewed
CFIHOS-10000162,,attribute:,document revision plant reference,document revision code,,A document revision that refers to a plant,It is used to track the evolution of a document during its lifecycle and is applied at time of release from Originator to reflect the document is frozen.,Example : 001,Identifier,"Text, max 5 characters",document revision,,,includes references to,real,True,sha256:a69b98012d9e4a46495a3aed48eef8ce75a69d001eaa28b4c38cb0f3c921909d,CORE CFIHOS V2.0 CSV/CFIHOS CORE data dictionary v2.0.csv,709,source_reference_record,source_reference_record_unreviewed
CFIHOS-10000005,,attribute:,document revision plant reference,plant code,,A plant that is referred to by a document revision,,Example : 6000,Identifier,"Text, max 40 characters",plant,,,is referenced by,real,True,sha256:a69b98012d9e4a46495a3aed48eef8ce75a69d001eaa28b4c38cb0f3c921909d,CORE CFIHOS V2.0 CSV/CFIHOS CORE data dictionary v2.0.csv,710,source_reference_record,source_reference_record_unreviewed
CFIHOS-00000080,A.8.07,entity:,document revision process unit reference,,,A process unit that is referred to in a document revision,,,,,,EPC,,,real,True,sha256:a69b98012d9e4a46495a3aed48eef8ce75a69d001eaa28b4c38cb0f3c921909d,CORE CFIHOS V2.0 CSV/CFIHOS CORE data dictionary v2.0.csv,711,source_reference_record,source_reference_record_unreviewed
CFIHOS-10000154,,attribute:,document revision process unit reference,document number,,A document master that refers to a process unit,,Example : KC01-71-990-KW-T-YP-0002-000,Identifier,"Text, max 40 characters",document revision,,,includes references to,real,True,sha256:a69b98012d9e4a46495a3aed48eef8ce75a69d001eaa28b4c38cb0f3c921909d,CORE CFIHOS V2.0 CSV/CFIHOS CORE data dictionary v2.0.csv,712,source_reference_record,source_reference_record_unreviewed
CFIHOS-10000162,,attribute:,document revision process unit reference,document revision code,,A document revision that refers to a process unit,It is used to track the evolution of a document during its lifecycle and is applied at time of release from Originator to reflect the document is frozen.,Example : 001,Identifier,"Text, max 5 characters",document revision,,,includes references to,real,True,sha256:a69b98012d9e4a46495a3aed48eef8ce75a69d001eaa28b4c38cb0f3c921909d,CORE CFIHOS V2.0 CSV/CFIHOS CORE data dictionary v2.0.csv,713,source_reference_record,source_reference_record_unreviewed
CFIHOS-10000005,,attribute:,document revision process unit reference,plant code,,A plant that is referred to by a document revision,,Example : 6000,Identifier,"Text, max 40 characters",process unit,,,is referenced by,real,True,sha256:a69b98012d9e4a46495a3aed48eef8ce75a69d001eaa28b4c38cb0f3c921909d,CORE CFIHOS V2.0 CSV/CFIHOS CORE data dictionary v2.0.csv,714,source_reference_record,source_reference_record_unreviewed
CFIHOS-10000157,,attribute:,document revision process unit reference,process unit code,,A process unit that is referred to by a document revision,,Example : 36,Identifier,"Text, max 40 characters",process unit,,,is referenced by,real,True,sha256:a69b98012d9e4a46495a3aed48eef8ce75a69d001eaa28b4c38cb0f3c921909d,CORE CFIHOS V2.0 CSV/CFIHOS CORE data dictionary v2.0.csv,715,source_reference_record,source_reference_record_unreviewed
CFIHOS-00000081,A.8.08,entity:,document revision plant area reference,,,A facility area that is referred to in a document revision,,,,,,EPC,,,real,True,sha256:a69b98012d9e4a46495a3aed48eef8ce75a69d001eaa28b4c38cb0f3c921909d,CORE CFIHOS V2.0 CSV/CFIHOS CORE data dictionary v2.0.csv,716,source_reference_record,source_reference_record_unreviewed
CFIHOS-10000001,,attribute:,document revision plant area reference,area code,,An area that is referred to in a document revision,,Example : Topsides,Identifier,"Text, max 10 characters",area,,,is referenced by,real,True,sha256:a69b98012d9e4a46495a3aed48eef8ce75a69d001eaa28b4c38cb0f3c921909d,CORE CFIHOS V2.0 CSV/CFIHOS CORE data dictionary v2.0.csv,717,source_reference_record,source_reference_record_unreviewed
CFIHOS-10000154,,attribute:,document revision plant area reference,document number,,A document master that refers to an area,,Example : KC01-71-990-KW-T-YP-0002-000,Identifier,"Text, max 40 characters",document revision,,,includes references to,real,True,sha256:a69b98012d9e4a46495a3aed48eef8ce75a69d001eaa28b4c38cb0f3c921909d,CORE CFIHOS V2.0 CSV/CFIHOS CORE data dictionary v2.0.csv,718,source_reference_record,source_reference_record_unreviewed
CFIHOS-10000162,,attribute:,document revision plant area reference,document revision code,,A document revision that refers to an area,It is used to track the evolution of a document during its lifecycle and is applied at time of release from Originator to reflect the document is frozen.,Example : 001,Identifier,"Text, max 5 characters",document revision,,,includes references to,real,True,sha256:a69b98012d9e4a46495a3aed48eef8ce75a69d001eaa28b4c38cb0f3c921909d,CORE CFIHOS V2.0 CSV/CFIHOS CORE data dictionary v2.0.csv,719,source_reference_record,source_reference_record_unreviewed
CFIHOS-10000005,,attribute:,document revision plant area reference,plant code,,A plant that is referred to in a document revision,,Example : 6000,Identifier,"Text, max 40 characters",area,,,is referenced by,real,True,sha256:a69b98012d9e4a46495a3aed48eef8ce75a69d001eaa28b4c38cb0f3c921909d,CORE CFIHOS V2.0 CSV/CFIHOS CORE data dictionary v2.0.csv,720,source_reference_record,source_reference_record_unreviewed
CFIHOS-00000082,A.8.09,entity:,document revision tag reference,,,A tag that is referred to in a document revision,,,,,,EPC,,,real,True,sha256:a69b98012d9e4a46495a3aed48eef8ce75a69d001eaa28b4c38cb0f3c921909d,CORE CFIHOS V2.0 CSV/CFIHOS CORE data dictionary v2.0.csv,721,source_reference_record,source_reference_record_unreviewed
CFIHOS-10000154,,attribute:,document revision tag reference,document number,,A document master that refers to a tag,,Example : KC01-71-990-KW-T-YP-0002-000,Identifier,"Text, max 40 characters",document revision,,,includes references to,real,True,sha256:a69b98012d9e4a46495a3aed48eef8ce75a69d001eaa28b4c38cb0f3c921909d,CORE CFIHOS V2.0 CSV/CFIHOS CORE data dictionary v2.0.csv,722,source_reference_record,source_reference_record_unreviewed
CFIHOS-10000162,,attribute:,document revision tag reference,document revision code,,A document revision that refers to a tag,It is used to track the evolution of a document during its lifecycle and is applied at time of release from Originator to reflect the document is frozen.,Example : 001,Identifier,"Text, max 5 characters",document revision,,,includes references to,real,True,sha256:a69b98012d9e4a46495a3aed48eef8ce75a69d001eaa28b4c38cb0f3c921909d,CORE CFIHOS V2.0 CSV/CFIHOS CORE data dictionary v2.0.csv,723,source_reference_record,source_reference_record_unreviewed
CFIHOS-10000005,,attribute:,document revision tag reference,plant code,,A plant that is referred to in a document revision,,Example : 6000,Identifier,"Text, max 40 characters",tag,,,is referenced by,real,True,sha256:a69b98012d9e4a46495a3aed48eef8ce75a69d001eaa28b4c38cb0f3c921909d,CORE CFIHOS V2.0 CSV/CFIHOS CORE data dictionary v2.0.csv,724,source_reference_record,source_reference_record_unreviewed
CFIHOS-10000166,,attribute:,document revision tag reference,tag name,,A tag that is referred to in a document revision,Different companies have different tag naming conventions. A tag name shall be unique within a plant.,Example : 036FV001,Identifier,"Text, max 33 characters",tag,,,is referenced by,real,True,sha256:a69b98012d9e4a46495a3aed48eef8ce75a69d001eaa28b4c38cb0f3c921909d,CORE CFIHOS V2.0 CSV/CFIHOS CORE data dictionary v2.0.csv,725,source_reference_record,source_reference_record_unreviewed
CFIHOS-00000084,A.8.10,entity:,document revision model part reference,,,A model part that is referred to in a document revision,,,,,,EPC,,,real,True,sha256:a69b98012d9e4a46495a3aed48eef8ce75a69d001eaa28b4c38cb0f3c921909d,CORE CFIHOS V2.0 CSV/CFIHOS CORE data dictionary v2.0.csv,726,source_reference_record,source_reference_record_unreviewed
CFIHOS-10000154,,attribute:,document revision model part reference,document number,,A document master that refers to a model / part,,Example : KC01-71-990-KW-T-YP-0002-000,Identifier,"Text, max 40 characters",document revision,,,includes references to,real,True,sha256:a69b98012d9e4a46495a3aed48eef8ce75a69d001eaa28b4c38cb0f3c921909d,CORE CFIHOS V2.0 CSV/CFIHOS CORE data dictionary v2.0.csv,727,source_reference_record,source_reference_record_unreviewed
CFIHOS-10000162,,attribute:,document revision model part reference,document revision code,,A document revision that refers to a model / part,It is used to track the evolution of a document during its lifecycle and is applied at time of release from Originator to reflect the document is frozen.,Example : 001,Identifier,"Text, max 5 characters",document revision,,,includes references to,real,True,sha256:a69b98012d9e4a46495a3aed48eef8ce75a69d001eaa28b4c38cb0f3c921909d,CORE CFIHOS V2.0 CSV/CFIHOS CORE data dictionary v2.0.csv,728,source_reference_record,source_reference_record_unreviewed
CFIHOS-10000158,,attribute:,document revision model part reference,manufacturer company name,,A manufacturer company name that is referred to in a document revision,,Example : Flowserve,Identifier,"Text, max 30 characters",model part,,,is referenced by,real,True,sha256:a69b98012d9e4a46495a3aed48eef8ce75a69d001eaa28b4c38cb0f3c921909d,CORE CFIHOS V2.0 CSV/CFIHOS CORE data dictionary v2.0.csv,729,source_reference_record,source_reference_record_unreviewed
CFIHOS-10000159,,attribute:,document revision model part reference,model part name,,A model part that is referred to in a document revision.,,Example : A4 V726 PN 40,Identifier,"Text, max 100 characters",model part,,,is referenced by,real,True,sha256:a69b98012d9e4a46495a3aed48eef8ce75a69d001eaa28b4c38cb0f3c921909d,CORE CFIHOS V2.0 CSV/CFIHOS CORE data dictionary v2.0.csv,730,source_reference_record,source_reference_record_unreviewed
CFIHOS-00000083,A.8.11,entity:,document revision equipment reference,,,An equipment that is referred to in a document revision,,,,,,EPC,,,real,True,sha256:a69b98012d9e4a46495a3aed48eef8ce75a69d001eaa28b4c38cb0f3c921909d,CORE CFIHOS V2.0 CSV/CFIHOS CORE data dictionary v2.0.csv,731,source_reference_record,source_reference_record_unreviewed
CFIHOS-10000154,,attribute:,document revision equipment reference,document number,,A document master that refers to an equipment,,Example : KC01-71-990-KW-T-YP-0002-000,Identifier,"Text, max 40 characters",document revision,,,includes references to,real,True,sha256:a69b98012d9e4a46495a3aed48eef8ce75a69d001eaa28b4c38cb0f3c921909d,CORE CFIHOS V2.0 CSV/CFIHOS CORE data dictionary v2.0.csv,732,source_reference_record,source_reference_record_unreviewed
CFIHOS-10000162,,attribute:,document revision equipment reference,document revision code,,A document revision that refers to an equipment,It is used to track the evolution of a document during its lifecycle and is applied at time of release from Originator to reflect the document is frozen.,Example : 001,Identifier,"Text, max 5 characters",document revision,,,includes references to,real,True,sha256:a69b98012d9e4a46495a3aed48eef8ce75a69d001eaa28b4c38cb0f3c921909d,CORE CFIHOS V2.0 CSV/CFIHOS CORE data dictionary v2.0.csv,733,source_reference_record,source_reference_record_unreviewed
CFIHOS-10000031,,attribute:,document revision equipment reference,equipment code,,An equipment that is referred to in a document revision,"The number is sometimes generated by the company maintenance management system. Different companies use different naming conventions for their equipment code, like e.g. Equip_<plant_code>_<tag_name>, where plant_code/tag_name represent where the equipment is installed.",Example : 31000465212,Identifier,"Text, max 40 characters",equipment,,,is referenced by,real,True,sha256:a69b98012d9e4a46495a3aed48eef8ce75a69d001eaa28b4c38cb0f3c921909d,CORE CFIHOS V2.0 CSV/CFIHOS CORE data dictionary v2.0.csv,734,source_reference_record,source_reference_record_unreviewed
CFIHOS-00000086,A.8.12,entity:,document revision cross reference,,,A reference to a document revision in another document revision,,,,,,EPC,,,real,True,sha256:a69b98012d9e4a46495a3aed48eef8ce75a69d001eaa28b4c38cb0f3c921909d,CORE CFIHOS V2.0 CSV/CFIHOS CORE data dictionary v2.0.csv,735,source_reference_record,source_reference_record_unreviewed
CFIHOS-10000154,,attribute:,document revision cross reference,document number,,The unique identifier for the document according to the Owner/Operator document numbering scheme,,Example : KC01-71-990-KW-T-YP-0002-000,Identifier,"Text, max 40 characters",document revision,,,refers to,real,True,sha256:a69b98012d9e4a46495a3aed48eef8ce75a69d001eaa28b4c38cb0f3c921909d,CORE CFIHOS V2.0 CSV/CFIHOS CORE data dictionary v2.0.csv,736,source_reference_record,source_reference_record_unreviewed
CFIHOS-10000162,,attribute:,document revision cross reference,document revision code,,A code used to identify the content of a document at a certain point in time,It is used to track the evolution of a document during its lifecycle and is applied at time of release from Originator to reflect the document is frozen.,Example : 001,Identifier,"Text, max 5 characters",document revision,,,refers to,real,True,sha256:a69b98012d9e4a46495a3aed48eef8ce75a69d001eaa28b4c38cb0f3c921909d,CORE CFIHOS V2.0 CSV/CFIHOS CORE data dictionary v2.0.csv,737,source_reference_record,source_reference_record_unreviewed
CFIHOS-10000253,,attribute:,document revision cross reference,referenced document number,,The unique identifier for the document according to the Owner/Operator document numbering scheme,,Example : T-10000001,Identifier,"Text, max 40 characters",document revision,,,is referred to,real,True,sha256:a69b98012d9e4a46495a3aed48eef8ce75a69d001eaa28b4c38cb0f3c921909d,CORE CFIHOS V2.0 CSV/CFIHOS CORE data dictionary v2.0.csv,738,source_reference_record,source_reference_record_unreviewed
CFIHOS-10000254,,attribute:,document revision cross reference,referenced document revision code,,A code used to identify the content of a document at a certain point in time,It is used to track the evolution of a document during its lifecycle and is applied at time of release from Originator to reflect the document is frozen.,Example : 001,Identifier,"Text, max 5 characters",document revision,,,is referred to,real,True,sha256:a69b98012d9e4a46495a3aed48eef8ce75a69d001eaa28b4c38cb0f3c921909d,CORE CFIHOS V2.0 CSV/CFIHOS CORE data dictionary v2.0.csv,739,source_reference_record,source_reference_record_unreviewed
CFIHOS-00000085,A.8.13,entity:,document revision purchase order reference,,,A purchase order that is referred to in a document revision,,,,,,EPC,,,real,True,sha256:a69b98012d9e4a46495a3aed48eef8ce75a69d001eaa28b4c38cb0f3c921909d,CORE CFIHOS V2.0 CSV/CFIHOS CORE data dictionary v2.0.csv,740,source_reference_record,source_reference_record_unreviewed
CFIHOS-10000154,,attribute:,document revision purchase order reference,document number,,A document master that refers to a purchase order,,Example : KC01-71-990-KW-T-YP-0002-000,Identifier,"Text, max 40 characters",document revision,,,includes references to,real,True,sha256:a69b98012d9e4a46495a3aed48eef8ce75a69d001eaa28b4c38cb0f3c921909d,CORE CFIHOS V2.0 CSV/CFIHOS CORE data dictionary v2.0.csv,741,source_reference_record,source_reference_record_unreviewed
CFIHOS-10000162,,attribute:,document revision purchase order reference,document revision code,,A document revision that refers to a purchase order,It is used to track the evolution of a document during its lifecycle and is applied at time of release from Originator to reflect the document is frozen.,Example : 001,Identifier,"Text, max 5 characters",document revision,,,includes references to,real,True,sha256:a69b98012d9e4a46495a3aed48eef8ce75a69d001eaa28b4c38cb0f3c921909d,CORE CFIHOS V2.0 CSV/CFIHOS CORE data dictionary v2.0.csv,742,source_reference_record,source_reference_record_unreviewed
CFIHOS-10000180,,attribute:,document revision purchase order reference,purchase order issuer company name,,The name of the company issuing the purchase order that is referred to in a document revision,,Example : Engineering and co Ltd,Identifier,"Text, max 30 characters",purchase order,,,is referenced by,real,True,sha256:a69b98012d9e4a46495a3aed48eef8ce75a69d001eaa28b4c38cb0f3c921909d,CORE CFIHOS V2.0 CSV/CFIHOS CORE data dictionary v2.0.csv,743,source_reference_record,source_reference_record_unreviewed
CFIHOS-10000128,,attribute:,document revision purchase order reference,purchase order number,,A purchase order that is referred to in a document revision,,Example : 00058,Identifier,"Text, max 50 characters",purchase order,,,is referenced by,real,True,sha256:a69b98012d9e4a46495a3aed48eef8ce75a69d001eaa28b4c38cb0f3c921909d,CORE CFIHOS V2.0 CSV/CFIHOS CORE data dictionary v2.0.csv,744,source_reference_record,source_reference_record_unreviewed
CFIHOS-00000030,A.8.14,entity:,project,,,A temporary endeavour undertaken to create an asset or a service,,,,,,Owner/Operator,,,real,True,sha256:a69b98012d9e4a46495a3aed48eef8ce75a69d001eaa28b4c38cb0f3c921909d,CORE CFIHOS V2.0 CSV/CFIHOS CORE data dictionary v2.0.csv,745,source_reference_record,source_reference_record_unreviewed
CFIHOS-10000161,,attribute:,project,project code,,A code that uniquely identifies the project,,Example : FLNG,Identifier,"Text, max 10 characters",,,,,real,True,sha256:a69b98012d9e4a46495a3aed48eef8ce75a69d001eaa28b4c38cb0f3c921909d,CORE CFIHOS V2.0 CSV/CFIHOS CORE data dictionary v2.0.csv,746,source_reference_record,source_reference_record_unreviewed
CFIHOS-10000084,,attribute:,project,project name,,A unique name used to identify the project,,Example : Floating LNG,Mandatory,"Text, max 50 characters",,,,,real,True,sha256:a69b98012d9e4a46495a3aed48eef8ce75a69d001eaa28b4c38cb0f3c921909d,CORE CFIHOS V2.0 CSV/CFIHOS CORE data dictionary v2.0.csv,747,source_reference_record,source_reference_record_unreviewed
CFIHOS-00000087,A.8.15,entity:,document revision project reference,,,A project that is referred to in a document revision,,,,,,EPC,,,real,True,sha256:a69b98012d9e4a46495a3aed48eef8ce75a69d001eaa28b4c38cb0f3c921909d,CORE CFIHOS V2.0 CSV/CFIHOS CORE data dictionary v2.0.csv,748,source_reference_record,source_reference_record_unreviewed
CFIHOS-10000154,,attribute:,document revision project reference,document number,,A document master that refers to a project,,Example : KC01-71-990-KW-T-YP-0002-000,Identifier,"Text, max 40 characters",document revision,,,includes references to,real,True,sha256:a69b98012d9e4a46495a3aed48eef8ce75a69d001eaa28b4c38cb0f3c921909d,CORE CFIHOS V2.0 CSV/CFIHOS CORE data dictionary v2.0.csv,749,source_reference_record,source_reference_record_unreviewed
CFIHOS-10000162,,attribute:,document revision project reference,document revision code,,A document revision that refers to a project,It is used to track the evolution of a document during its lifecycle and is applied at time of release from Originator to reflect the document is frozen.,Example : 001,Identifier,"Text, max 5 characters",document revision,,,includes references to,real,True,sha256:a69b98012d9e4a46495a3aed48eef8ce75a69d001eaa28b4c38cb0f3c921909d,CORE CFIHOS V2.0 CSV/CFIHOS CORE data dictionary v2.0.csv,750,source_reference_record,source_reference_record_unreviewed
CFIHOS-10000161,,attribute:,document revision project reference,project code,,A project that a document revision refers to,,Example : FLNG,Identifier,"Text, max 10 characters",project,,,uses,real,True,sha256:a69b98012d9e4a46495a3aed48eef8ce75a69d001eaa28b4c38cb0f3c921909d,CORE CFIHOS V2.0 CSV/CFIHOS CORE data dictionary v2.0.csv,751,source_reference_record,source_reference_record_unreviewed
CFIHOS-00000043,A.8.17,entity:,document status,,,"A status that a document, revision can have during its lifecycle",,,,,,RDL Pick list,,,real,True,sha256:a69b98012d9e4a46495a3aed48eef8ce75a69d001eaa28b4c38cb0f3c921909d,CORE CFIHOS V2.0 CSV/CFIHOS CORE data dictionary v2.0.csv,752,source_reference_record,source_reference_record_unreviewed
CFIHOS-10000083,,attribute:,document status,document status code,,A code that uniquely identifies the status of document revisions,"A document is classified by a single state, which changes as the document advances through this lifecycle.",Example : IFC,Identifier,"Text, max 40 characters",,,,,real,True,sha256:a69b98012d9e4a46495a3aed48eef8ce75a69d001eaa28b4c38cb0f3c921909d,CORE CFIHOS V2.0 CSV/CFIHOS CORE data dictionary v2.0.csv,753,source_reference_record,source_reference_record_unreviewed
CFIHOS-10000196,,attribute:,document status,document status description,,The description of what the document status represents,,Example : Document Deleted,Optional,"Text, max 100 characters",,,,,real,True,sha256:a69b98012d9e4a46495a3aed48eef8ce75a69d001eaa28b4c38cb0f3c921909d,CORE CFIHOS V2.0 CSV/CFIHOS CORE data dictionary v2.0.csv,754,source_reference_record,source_reference_record_unreviewed
CFIHOS-00000045,A.8.18,entity:,export control classification,,,A rule that applies to some goods and services when being exported,,,,,,Owner/Operator,,,real,True,sha256:a69b98012d9e4a46495a3aed48eef8ce75a69d001eaa28b4c38cb0f3c921909d,CORE CFIHOS V2.0 CSV/CFIHOS CORE data dictionary v2.0.csv,755,source_reference_record,source_reference_record_unreviewed
CFIHOS-10000086,,attribute:,export control classification,export control classification code,,A code that uniquely identifies an export control classification,,Example : Controlled Content,Identifier,"Text, max 40 characters",,,,,real,True,sha256:a69b98012d9e4a46495a3aed48eef8ce75a69d001eaa28b4c38cb0f3c921909d,CORE CFIHOS V2.0 CSV/CFIHOS CORE data dictionary v2.0.csv,756,source_reference_record,source_reference_record_unreviewed
CFIHOS-10000198,,attribute:,export control classification,export control classification description,,A description of what the export control classification represents,,Example : Controlled Content,Mandatory,"Text, max 100 characters",,,,,real,True,sha256:a69b98012d9e4a46495a3aed48eef8ce75a69d001eaa28b4c38cb0f3c921909d,CORE CFIHOS V2.0 CSV/CFIHOS CORE data dictionary v2.0.csv,757,source_reference_record,source_reference_record_unreviewed
CFIHOS-00000047,A.8.19,entity:,project stage,,,A phase through which a project goes from conception to implementation,,,,,,Owner/Operator,,,real,True,sha256:a69b98012d9e4a46495a3aed48eef8ce75a69d001eaa28b4c38cb0f3c921909d,CORE CFIHOS V2.0 CSV/CFIHOS CORE data dictionary v2.0.csv,758,source_reference_record,source_reference_record_unreviewed
CFIHOS-10000096,,attribute:,project stage,project stage code,,A code that uniquely identifies the stage of projects,,Example : D,Identifier,"Text, max 40 characters",,,,,real,True,sha256:a69b98012d9e4a46495a3aed48eef8ce75a69d001eaa28b4c38cb0f3c921909d,CORE CFIHOS V2.0 CSV/CFIHOS CORE data dictionary v2.0.csv,759,source_reference_record,source_reference_record_unreviewed
CFIHOS-10000200,,attribute:,project stage,project stage name,,The name of the project stage,,Example : Conceptual Design,Mandatory,"Text, max 100 characters",,,,,real,True,sha256:a69b98012d9e4a46495a3aed48eef8ce75a69d001eaa28b4c38cb0f3c921909d,CORE CFIHOS V2.0 CSV/CFIHOS CORE data dictionary v2.0.csv,760,source_reference_record,source_reference_record_unreviewed
CFIHOS-00000088,A.8.20,entity:,storage media,,,A type of technology used to store some documents,,,,,,RDL Pick list,,,real,True,sha256:a69b98012d9e4a46495a3aed48eef8ce75a69d001eaa28b4c38cb0f3c921909d,CORE CFIHOS V2.0 CSV/CFIHOS CORE data dictionary v2.0.csv,761,source_reference_record,source_reference_record_unreviewed
CFIHOS-10000094,,attribute:,storage media,storage media code,,A code that uniquely identifies the storage media,,Example : Paper,Identifier,"Text, max 40 characters",,,,,real,True,sha256:a69b98012d9e4a46495a3aed48eef8ce75a69d001eaa28b4c38cb0f3c921909d,CORE CFIHOS V2.0 CSV/CFIHOS CORE data dictionary v2.0.csv,762,source_reference_record,source_reference_record_unreviewed
CFIHOS-10000255,,attribute:,storage media,storage media description,,A description of what the storage media represents,,Example : Digital Video Disc,Optional,"Text, max 100 characters",,,,,real,True,sha256:a69b98012d9e4a46495a3aed48eef8ce75a69d001eaa28b4c38cb0f3c921909d,CORE CFIHOS V2.0 CSV/CFIHOS CORE data dictionary v2.0.csv,763,source_reference_record,source_reference_record_unreviewed
CFIHOS-00000068,A.8.22,entity:,life cycle activity class,,,A classification of activities in the life cycle of a capital asset,,,,,,RDL Pick list,,,real,True,sha256:a69b98012d9e4a46495a3aed48eef8ce75a69d001eaa28b4c38cb0f3c921909d,CORE CFIHOS V2.0 CSV/CFIHOS CORE data dictionary v2.0.csv,764,source_reference_record,source_reference_record_unreviewed
CFIHOS-10000230,,attribute:,life cycle activity class,life cycle activity class code,,A code that uniquely identifies a class of activities in the life cycle of a capital asset,,Example : COMMISSIONING,Identifier,"Text, max 40 characters",,,,,real,True,sha256:a69b98012d9e4a46495a3aed48eef8ce75a69d001eaa28b4c38cb0f3c921909d,CORE CFIHOS V2.0 CSV/CFIHOS CORE data dictionary v2.0.csv,765,source_reference_record,source_reference_record_unreviewed
CFIHOS-10000231,,attribute:,life cycle activity class,life cycle activity class description,,A description of what the life cycle activity class represents,,Example : The activity of bringing in a state where readiness for active service is warranted.,Mandatory,"Text, max 255 characters",,,,,real,True,sha256:a69b98012d9e4a46495a3aed48eef8ce75a69d001eaa28b4c38cb0f3c921909d,CORE CFIHOS V2.0 CSV/CFIHOS CORE data dictionary v2.0.csv,766,source_reference_record,source_reference_record_unreviewed
CFIHOS-00000147,A.8.23,entity:,document return status,,,A status assigned to a document revision after review,,,,,,RDL,,,real,True,sha256:a69b98012d9e4a46495a3aed48eef8ce75a69d001eaa28b4c38cb0f3c921909d,CORE CFIHOS V2.0 CSV/CFIHOS CORE data dictionary v2.0.csv,767,source_reference_record,source_reference_record_unreviewed
CFIHOS-10000375,,attribute:,document return status,document return status code,,A status assigned to a document revision after review,,Example : Approved,Identifier,"Text, max 40 characters",,,,,real,True,sha256:a69b98012d9e4a46495a3aed48eef8ce75a69d001eaa28b4c38cb0f3c921909d,CORE CFIHOS V2.0 CSV/CFIHOS CORE data dictionary v2.0.csv,768,source_reference_record,source_reference_record_unreviewed
CFIHOS-10000376,,attribute:,document return status,document return status description,,A description of what the document status represents,,Example : Applicable to documents with Review Type ''review and approve'',Mandatory,"Text, max 100 characters",,,,,real,True,sha256:a69b98012d9e4a46495a3aed48eef8ce75a69d001eaa28b4c38cb0f3c921909d,CORE CFIHOS V2.0 CSV/CFIHOS CORE data dictionary v2.0.csv,769,source_reference_record,source_reference_record_unreviewed
CFIHOS-00000155,A.8.24,entity:,model part type,,,Indicates the type of model part for the item in this SPIR,,,,,,RDL Pick list,,,real,True,sha256:a69b98012d9e4a46495a3aed48eef8ce75a69d001eaa28b4c38cb0f3c921909d,CORE CFIHOS V2.0 CSV/CFIHOS CORE data dictionary v2.0.csv,770,source_reference_record,source_reference_record_unreviewed
CFIHOS-10000396,,attribute:,model part type,model part type,,The name of the model part type.,,"Example : CONSUMABLE, EQUIPMENT MODEL PART, KIT, SPARE PART or SPECIAL TOOL",Identifier,"Text, max 40 characters",,,,,real,True,sha256:a69b98012d9e4a46495a3aed48eef8ce75a69d001eaa28b4c38cb0f3c921909d,CORE CFIHOS V2.0 CSV/CFIHOS CORE data dictionary v2.0.csv,771,source_reference_record,source_reference_record_unreviewed
CFIHOS-10000397,,attribute:,model part type,model part type description,,A description of the model part type.,,"Example : A part, either non-repairable or repairable, from the associated bill of material used to maintain or repair machinery or equipment.",Mandatory,"Text, max 100 characters",,,,,real,True,sha256:a69b98012d9e4a46495a3aed48eef8ce75a69d001eaa28b4c38cb0f3c921909d,CORE CFIHOS V2.0 CSV/CFIHOS CORE data dictionary v2.0.csv,772,source_reference_record,source_reference_record_unreviewed
CFIHOS-00000156,A.9.01,entity:,spare part interchangeability record,,,A recommendation from the Vendor or Manufacturer of the spares they think the owner operator should purchase for the equipment supplied. Also commonly known as a SPIL or RSPL,,,,,,Manufacturer/Vendor,,,real,True,sha256:a69b98012d9e4a46495a3aed48eef8ce75a69d001eaa28b4c38cb0f3c921909d,CORE CFIHOS V2.0 CSV/CFIHOS CORE data dictionary v2.0.csv,773,source_reference_record,source_reference_record_unreviewed
CFIHOS-10000388,,attribute:,spare part interchangeability record,commercial conditions,,"The quoted commercial conditions such as INCOTERMS (EX-WORKS, FCA, FOB, etc.) and price validity details.",,Example : FOB Rotterdam. Prices valid until 31/12/2015.,Mandatory,"Text, max 132 characters",,,,,real,True,sha256:a69b98012d9e4a46495a3aed48eef8ce75a69d001eaa28b4c38cb0f3c921909d,CORE CFIHOS V2.0 CSV/CFIHOS CORE data dictionary v2.0.csv,774,source_reference_record,source_reference_record_unreviewed
CFIHOS-10000180,,attribute:,spare part interchangeability record,purchase order issuer company name,,The name of the company issuing the purchase order,,Example : Engineering and co Ltd,Mandatory,"Text, max 30 characters",purchase order,,,issues,real,True,sha256:a69b98012d9e4a46495a3aed48eef8ce75a69d001eaa28b4c38cb0f3c921909d,CORE CFIHOS V2.0 CSV/CFIHOS CORE data dictionary v2.0.csv,775,source_reference_record,source_reference_record_unreviewed
CFIHOS-10000128,,attribute:,spare part interchangeability record,purchase order number,,A unique code used to identify the purchase order within the company issuing the purchase order,,Example : 00058,Mandatory,"Text, max 50 characters",purchase order,,,issues,real,True,sha256:a69b98012d9e4a46495a3aed48eef8ce75a69d001eaa28b4c38cb0f3c921909d,CORE CFIHOS V2.0 CSV/CFIHOS CORE data dictionary v2.0.csv,776,source_reference_record,source_reference_record_unreviewed
CFIHOS-10000387,,attribute:,spare part interchangeability record,SPIR contact person,,Contact person at the purchase order receiving company for the SPIR.,,Example : Mr K. Uchida,Mandatory,"Text, max 40 characters",,,,,real,True,sha256:a69b98012d9e4a46495a3aed48eef8ce75a69d001eaa28b4c38cb0f3c921909d,CORE CFIHOS V2.0 CSV/CFIHOS CORE data dictionary v2.0.csv,777,source_reference_record,source_reference_record_unreviewed
CFIHOS-10000386,,attribute:,spare part interchangeability record,SPIR reference,,The unique Supplier/Vendor Quotation reference number for the spare part interchangeability record (SPIR).,,Example : A12424,Identifier,"Text, max 10 characters",,,,,real,True,sha256:a69b98012d9e4a46495a3aed48eef8ce75a69d001eaa28b4c38cb0f3c921909d,CORE CFIHOS V2.0 CSV/CFIHOS CORE data dictionary v2.0.csv,778,source_reference_record,source_reference_record_unreviewed
CFIHOS-00000157,A.9.02,entity:,spare part interchangeability record equipment,,,List of goods purchased as part of the original purchase order.,,,,,,Manufacturer/Vendor,,,real,True,sha256:a69b98012d9e4a46495a3aed48eef8ce75a69d001eaa28b4c38cb0f3c921909d,CORE CFIHOS V2.0 CSV/CFIHOS CORE data dictionary v2.0.csv,779,source_reference_record,source_reference_record_unreviewed
CFIHOS-10000389,,attribute:,spare part interchangeability record equipment,equipment description,,A description of the goods being supplied as part of the purchase order.,,Example : Control panel - dashboard type 57333a-1,Identifier,"Text, max 40 characters",,,,,real,True,sha256:a69b98012d9e4a46495a3aed48eef8ce75a69d001eaa28b4c38cb0f3c921909d,CORE CFIHOS V2.0 CSV/CFIHOS CORE data dictionary v2.0.csv,780,source_reference_record,source_reference_record_unreviewed
CFIHOS-10000391,,attribute:,spare part interchangeability record equipment,number of parts per unit,,The quantity of spares installed in one equipment.,,Example : 2,Optional,Integer,,,,,real,True,sha256:a69b98012d9e4a46495a3aed48eef8ce75a69d001eaa28b4c38cb0f3c921909d,CORE CFIHOS V2.0 CSV/CFIHOS CORE data dictionary v2.0.csv,781,source_reference_record,source_reference_record_unreviewed
CFIHOS-10000390,,attribute:,spare part interchangeability record equipment,number of units procured,,Quantity of goods being supplied/ordered.,,Example : 1,Mandatory,Integer,,,,,real,True,sha256:a69b98012d9e4a46495a3aed48eef8ce75a69d001eaa28b4c38cb0f3c921909d,CORE CFIHOS V2.0 CSV/CFIHOS CORE data dictionary v2.0.csv,782,source_reference_record,source_reference_record_unreviewed
CFIHOS-10000392,,attribute:,spare part interchangeability record equipment,parent equipment description,,A description of the goods being supplied as part of the purchase order.,,"Example : Motor, electric, 150kW, 1200RPM, IP65",Optional,"Text, max 40 characters",,,,,real,True,sha256:a69b98012d9e4a46495a3aed48eef8ce75a69d001eaa28b4c38cb0f3c921909d,CORE CFIHOS V2.0 CSV/CFIHOS CORE data dictionary v2.0.csv,783,source_reference_record,source_reference_record_unreviewed
CFIHOS-10000005,,attribute:,spare part interchangeability record equipment,plant code,,The plant where the tag is or will be located.,,Example : 6000,Optional,"Text, max 40 characters",tag,,,spare part for,real,True,sha256:a69b98012d9e4a46495a3aed48eef8ce75a69d001eaa28b4c38cb0f3c921909d,CORE CFIHOS V2.0 CSV/CFIHOS CORE data dictionary v2.0.csv,784,source_reference_record,source_reference_record_unreviewed
CFIHOS-10000386,,attribute:,spare part interchangeability record equipment,SPIR reference,,The unique Supplier/Vendor Quotation reference number for the spare part interchangeability record (SPIR).,,Example : A12424,Identifier,"Text, max 10 characters",spare part interchangeability record,,,has,real,True,sha256:a69b98012d9e4a46495a3aed48eef8ce75a69d001eaa28b4c38cb0f3c921909d,CORE CFIHOS V2.0 CSV/CFIHOS CORE data dictionary v2.0.csv,785,source_reference_record,source_reference_record_unreviewed
CFIHOS-10000166,,attribute:,spare part interchangeability record equipment,tag name,,The full name of a tag,Different companies have different tag naming conventions. A tag name shall be unique within a plant.,Example : 036FV001,Optional,"Text, max 33 characters",tag,,,spare part for,real,True,sha256:a69b98012d9e4a46495a3aed48eef8ce75a69d001eaa28b4c38cb0f3c921909d,CORE CFIHOS V2.0 CSV/CFIHOS CORE data dictionary v2.0.csv,786,source_reference_record,source_reference_record_unreviewed
CFIHOS-00000158,A.9.03,entity:,spare part interchangeability record commercial details,,,Prices and delivery information for all items.,,,,,,Manufacturer/Vendor,,,real,True,sha256:a69b98012d9e4a46495a3aed48eef8ce75a69d001eaa28b4c38cb0f3c921909d,CORE CFIHOS V2.0 CSV/CFIHOS CORE data dictionary v2.0.csv,787,source_reference_record,source_reference_record_unreviewed
CFIHOS-10000193,,attribute:,spare part interchangeability record commercial details,ISO currency code,quoted price iso currency code,"A code that uniquely identifies a currency, as per ISO 4217",,Example : USD,Mandatory,"Text, max 3 characters",iso currency,,,qualifies the price of,real,True,sha256:a69b98012d9e4a46495a3aed48eef8ce75a69d001eaa28b4c38cb0f3c921909d,CORE CFIHOS V2.0 CSV/CFIHOS CORE data dictionary v2.0.csv,788,source_reference_record,source_reference_record_unreviewed
CFIHOS-10000158,,attribute:,spare part interchangeability record commercial details,manufacturer company name,,A name used to uniquely identify the company who manufactures the model / part,,Example : Flowserve,Identifier,"Text, max 30 characters",model part,,,for the part,real,True,sha256:a69b98012d9e4a46495a3aed48eef8ce75a69d001eaa28b4c38cb0f3c921909d,CORE CFIHOS V2.0 CSV/CFIHOS CORE data dictionary v2.0.csv,789,source_reference_record,source_reference_record_unreviewed
CFIHOS-10000159,,attribute:,spare part interchangeability record commercial details,model part name,,A unique name to identify the model part of the manufacturer,,Example : A4 V726 PN 40,Identifier,"Text, max 100 characters",model part,,,for the part,real,True,sha256:a69b98012d9e4a46495a3aed48eef8ce75a69d001eaa28b4c38cb0f3c921909d,CORE CFIHOS V2.0 CSV/CFIHOS CORE data dictionary v2.0.csv,790,source_reference_record,source_reference_record_unreviewed
CFIHOS-10000399,,attribute:,spare part interchangeability record commercial details,quoted delivery time,,Delivery time/Lead time of the item quoted INCO delivery terms.,,Example : 12,Mandatory,Integer,,,,,real,True,sha256:a69b98012d9e4a46495a3aed48eef8ce75a69d001eaa28b4c38cb0f3c921909d,CORE CFIHOS V2.0 CSV/CFIHOS CORE data dictionary v2.0.csv,791,source_reference_record,source_reference_record_unreviewed
CFIHOS-10000398,,attribute:,spare part interchangeability record commercial details,quoted price,,The price quotation complying with the requested terms & conditions for the item.,,Example : 5500.99,Mandatory,Decimal (10),,,,,real,True,sha256:a69b98012d9e4a46495a3aed48eef8ce75a69d001eaa28b4c38cb0f3c921909d,CORE CFIHOS V2.0 CSV/CFIHOS CORE data dictionary v2.0.csv,792,source_reference_record,source_reference_record_unreviewed
CFIHOS-10000386,,attribute:,spare part interchangeability record commercial details,SPIR reference,,The unique Supplier/Vendor Quotation reference number for the spare part interchangeability record (SPIR).,,Example : A12424,Identifier,"Text, max 10 characters",spare part interchangeability record,,,is part of SPIR,real,True,sha256:a69b98012d9e4a46495a3aed48eef8ce75a69d001eaa28b4c38cb0f3c921909d,CORE CFIHOS V2.0 CSV/CFIHOS CORE data dictionary v2.0.csv,793,source_reference_record,source_reference_record_unreviewed
CFIHOS-10000238,,attribute:,spare part interchangeability record commercial details,unit of measure name,purchase quantity unit of measure name,Basic unit of measure for procuring the item.,,Example : metre,Mandatory,"Text, max 90 characters",unit of measure,,,qualifies,real,True,sha256:a69b98012d9e4a46495a3aed48eef8ce75a69d001eaa28b4c38cb0f3c921909d,CORE CFIHOS V2.0 CSV/CFIHOS CORE data dictionary v2.0.csv,794,source_reference_record,source_reference_record_unreviewed
CFIHOS-10000238,,attribute:,spare part interchangeability record commercial details,unit of measure name,quoted delivery time unit of measure name,The unique name which designates the unit.,,Example : metre,Mandatory,"Text, max 90 characters",unit of measure,,,qualifies,real,True,sha256:a69b98012d9e4a46495a3aed48eef8ce75a69d001eaa28b4c38cb0f3c921909d,CORE CFIHOS V2.0 CSV/CFIHOS CORE data dictionary v2.0.csv,795,source_reference_record,source_reference_record_unreviewed
CFIHOS-00000159,A.9.04,entity:,spare part interchangeability record advice,,,Manufacturer or Vendor recommendations for Owner Operator to buy.,,,,,,Manufacturer/Vendor,,,real,True,sha256:a69b98012d9e4a46495a3aed48eef8ce75a69d001eaa28b4c38cb0f3c921909d,CORE CFIHOS V2.0 CSV/CFIHOS CORE data dictionary v2.0.csv,796,source_reference_record,source_reference_record_unreviewed
CFIHOS-10000158,,attribute:,spare part interchangeability record advice,manufacturer company name,,A name used to uniquely identify the company who manufactures the model / part,,Example : Flowserve,Identifier,"Text, max 30 characters",model part,,,for the part,real,True,sha256:a69b98012d9e4a46495a3aed48eef8ce75a69d001eaa28b4c38cb0f3c921909d,CORE CFIHOS V2.0 CSV/CFIHOS CORE data dictionary v2.0.csv,797,source_reference_record,source_reference_record_unreviewed
CFIHOS-10000159,,attribute:,spare part interchangeability record advice,model part name,,A unique name to identify the model part of the manufacturer,,Example : A4 V726 PN 40,Identifier,"Text, max 100 characters",model part,,,for the part,real,True,sha256:a69b98012d9e4a46495a3aed48eef8ce75a69d001eaa28b4c38cb0f3c921909d,CORE CFIHOS V2.0 CSV/CFIHOS CORE data dictionary v2.0.csv,798,source_reference_record,source_reference_record_unreviewed
CFIHOS-10000401,,attribute:,spare part interchangeability record advice,number of commissioning spares,,"Those spares including special tools that are used during Construction and Commissioning. In the event that the commissioning spares have already been ordered with the equipment, the quantities of spares quoted under Commissioning Spares shall be identical to those spares ordered. Capital spare parts (already purchased) shall also be entered in this box (for monitoring by purchaser).",,Example : 1,Mandatory,Integer,,,,,real,True,sha256:a69b98012d9e4a46495a3aed48eef8ce75a69d001eaa28b4c38cb0f3c921909d,CORE CFIHOS V2.0 CSV/CFIHOS CORE data dictionary v2.0.csv,799,source_reference_record,source_reference_record_unreviewed
CFIHOS-10000402,,attribute:,spare part interchangeability record advice,number of initial spares,,Those spares required for use during the initial period of two years for operation of the plant after start up.,,Example : 1,Mandatory,Integer,,,,,real,True,sha256:a69b98012d9e4a46495a3aed48eef8ce75a69d001eaa28b4c38cb0f3c921909d,CORE CFIHOS V2.0 CSV/CFIHOS CORE data dictionary v2.0.csv,800,source_reference_record,source_reference_record_unreviewed
CFIHOS-10000403,,attribute:,spare part interchangeability record advice,number of normal operating spares,,Those spares required as a record for the life time of the equipment after the Initial Spares period.,,Example : 1,Mandatory,Integer,,,,,real,True,sha256:a69b98012d9e4a46495a3aed48eef8ce75a69d001eaa28b4c38cb0f3c921909d,CORE CFIHOS V2.0 CSV/CFIHOS CORE data dictionary v2.0.csv,801,source_reference_record,source_reference_record_unreviewed
CFIHOS-10000404,,attribute:,spare part interchangeability record advice,SPIR model part type,,"Equipment model, spare part, kit, special tool, consumable, bulk.",,Example : Spare,Mandatory,"Text, max 40 characters",model part type,,,is of the model part type,real,True,sha256:a69b98012d9e4a46495a3aed48eef8ce75a69d001eaa28b4c38cb0f3c921909d,CORE CFIHOS V2.0 CSV/CFIHOS CORE data dictionary v2.0.csv,802,source_reference_record,source_reference_record_unreviewed
CFIHOS-10000386,,attribute:,spare part interchangeability record advice,SPIR reference,,The unique Supplier/Vendor Quotation reference number for the spare part interchangeability record (SPIR).,,Example : A12424,Identifier,"Text, max 10 characters",spare part interchangeability record,,,is part of SPIR,real,True,sha256:a69b98012d9e4a46495a3aed48eef8ce75a69d001eaa28b4c38cb0f3c921909d,CORE CFIHOS V2.0 CSV/CFIHOS CORE data dictionary v2.0.csv,803,source_reference_record,source_reference_record_unreviewed
