CFIHOS unique code,UNECE code,unit of measure name,unit of measure symbol,unit of measure dimension code CFIHOS unique code,unit of measure dimension code,unit of measure dimension name,measurement system code CFIHOS unique code,measurement system code,unit of measure synonym name,data_origin,is_real,source_artifact_id,source_archive_member,source_row,annotation_origin,verification_status
CFIHOS-60000001,P1,percent,%,CFIHOS-45000019,RATIO,ratio,,,,real,True,sha256:a69b98012d9e4a46495a3aed48eef8ce75a69d001eaa28b4c38cb0f3c921909d,CORE CFIHOS V2.0 CSV/CFIHOS CORE unit of measure v2.0.csv,1,source_reference_record,source_reference_record_unreviewed
CFIHOS-60000216,BAH,bar per hour,bar/h,CFIHOS-45000018,PRESRT,pressure rate change,CFIHOS-60001649,SI,,real,True,sha256:a69b98012d9e4a46495a3aed48eef8ce75a69d001eaa28b4c38cb0f3c921909d,CORE CFIHOS V2.0 CSV/CFIHOS CORE unit of measure v2.0.csv,2,source_reference_record,source_reference_record_unreviewed
CFIHOS-60000653,N19,inch of water at 60 degree Fahrenheit,inH2O[60degF],CFIHOS-45000017,PRESS,pressure,CFIHOS-60001650,Imperial,inch of water (60°f),real,True,sha256:a69b98012d9e4a46495a3aed48eef8ce75a69d001eaa28b4c38cb0f3c921909d,CORE CFIHOS V2.0 CSV/CFIHOS CORE unit of measure v2.0.csv,3,source_reference_record,source_reference_record_unreviewed
CFIHOS-60000743,KPB,kilopascal absolute,kPa(a),CFIHOS-45000017,PRESS,pressure,CFIHOS-60001649,SI,,real,True,sha256:a69b98012d9e4a46495a3aed48eef8ce75a69d001eaa28b4c38cb0f3c921909d,CORE CFIHOS V2.0 CSV/CFIHOS CORE unit of measure v2.0.csv,4,source_reference_record,source_reference_record_unreviewed
CFIHOS-60000744,KPG,kilopascal gauge,kPa(g),CFIHOS-45000017,PRESS,pressure,CFIHOS-60001649,SI,,real,True,sha256:a69b98012d9e4a46495a3aed48eef8ce75a69d001eaa28b4c38cb0f3c921909d,CORE CFIHOS V2.0 CSV/CFIHOS CORE unit of measure v2.0.csv,5,source_reference_record,source_reference_record_unreviewed
CFIHOS-60000747,LD,litre per day,l/d,CFIHOS-45000034,VOLFLO,volume flow rate,CFIHOS-60001649,SI,,real,True,sha256:a69b98012d9e4a46495a3aed48eef8ce75a69d001eaa28b4c38cb0f3c921909d,CORE CFIHOS V2.0 CSV/CFIHOS CORE unit of measure v2.0.csv,6,source_reference_record,source_reference_record_unreviewed
CFIHOS-60000748,E32,litre per hour,l/h,CFIHOS-45000034,VOLFLO,volume flow rate,CFIHOS-60001649,SI,,real,True,sha256:a69b98012d9e4a46495a3aed48eef8ce75a69d001eaa28b4c38cb0f3c921909d,CORE CFIHOS V2.0 CSV/CFIHOS CORE unit of measure v2.0.csv,7,source_reference_record,source_reference_record_unreviewed
CFIHOS-60000749,L2,litre per minute,L/min,CFIHOS-45000034,VOLFLO,volume flow rate,CFIHOS-60001649,SI,,real,True,sha256:a69b98012d9e4a46495a3aed48eef8ce75a69d001eaa28b4c38cb0f3c921909d,CORE CFIHOS V2.0 CSV/CFIHOS CORE unit of measure v2.0.csv,8,source_reference_record,source_reference_record_unreviewed
CFIHOS-60000788,F59,milliampere per bar,mA/bar,CFIHOS-45000012,LECURD,linear electric current density,CFIHOS-60001649,SI,milliampere/bar,real,True,sha256:a69b98012d9e4a46495a3aed48eef8ce75a69d001eaa28b4c38cb0f3c921909d,CORE CFIHOS V2.0 CSV/CFIHOS CORE unit of measure v2.0.csv,9,source_reference_record,source_reference_record_unreviewed
CFIHOS-60000794,MBS,millibar absolute,mbar(a),CFIHOS-45000017,PRESS,pressure,CFIHOS-60001649,SI,,real,True,sha256:a69b98012d9e4a46495a3aed48eef8ce75a69d001eaa28b4c38cb0f3c921909d,CORE CFIHOS V2.0 CSV/CFIHOS CORE unit of measure v2.0.csv,10,source_reference_record,source_reference_record_unreviewed
CFIHOS-60000810,MMW,millimetre of water at 4 degree Celsius,mmH2O,CFIHOS-45000017,PRESS,pressure,CFIHOS-60001649,SI,millimetre of water at 4°c,real,True,sha256:a69b98012d9e4a46495a3aed48eef8ce75a69d001eaa28b4c38cb0f3c921909d,CORE CFIHOS V2.0 CSV/CFIHOS CORE unit of measure v2.0.csv,11,source_reference_record,source_reference_record_unreviewed
CFIHOS-60000821,M6D,million standard cubic metre per day,Msm3/d,CFIHOS-45000034,VOLFLO,volume flow rate,CFIHOS-60001649,SI,,real,True,sha256:a69b98012d9e4a46495a3aed48eef8ce75a69d001eaa28b4c38cb0f3c921909d,CORE CFIHOS V2.0 CSV/CFIHOS CORE unit of measure v2.0.csv,12,source_reference_record,source_reference_record_unreviewed
CFIHOS-60000858,M93,newton-metre per radian,N.m/rad,CFIHOS-45000041,MOMFOR,moment of force,CFIHOS-60001649,SI,,real,True,sha256:a69b98012d9e4a46495a3aed48eef8ce75a69d001eaa28b4c38cb0f3c921909d,CORE CFIHOS V2.0 CSV/CFIHOS CORE unit of measure v2.0.csv,13,source_reference_record,source_reference_record_unreviewed
CFIHOS-60000932,H87,piece,pce,CFIHOS-45000037,COUNT,count,,,,real,True,sha256:a69b98012d9e4a46495a3aed48eef8ce75a69d001eaa28b4c38cb0f3c921909d,CORE CFIHOS V2.0 CSV/CFIHOS CORE unit of measure v2.0.csv,14,source_reference_record,source_reference_record_unreviewed
CFIHOS-60000982,59W,part per million,ppm,CFIHOS-45000015,MPROPO,mass proportion,,,parts per million (mass),real,True,sha256:a69b98012d9e4a46495a3aed48eef8ce75a69d001eaa28b4c38cb0f3c921909d,CORE CFIHOS V2.0 CSV/CFIHOS CORE unit of measure v2.0.csv,15,source_reference_record,source_reference_record_unreviewed
CFIHOS-60001010,PSA,pound per square inch absolute,psia,CFIHOS-45000017,PRESS,pressure,CFIHOS-60001650,Imperial,,real,True,sha256:a69b98012d9e4a46495a3aed48eef8ce75a69d001eaa28b4c38cb0f3c921909d,CORE CFIHOS V2.0 CSV/CFIHOS CORE unit of measure v2.0.csv,16,source_reference_record,source_reference_record_unreviewed
CFIHOS-60001011,64,pound per square inch gauge,psig,CFIHOS-45000017,PRESS,pressure,CFIHOS-60001650,Imperial,,real,True,sha256:a69b98012d9e4a46495a3aed48eef8ce75a69d001eaa28b4c38cb0f3c921909d,CORE CFIHOS V2.0 CSV/CFIHOS CORE unit of measure v2.0.csv,17,source_reference_record,source_reference_record_unreviewed
CFIHOS-60001171,SFM,standard cubic foot per minute,sft3/min,CFIHOS-45000034,VOLFLO,volume flow rate,CFIHOS-60001650,Imperial,,real,True,sha256:a69b98012d9e4a46495a3aed48eef8ce75a69d001eaa28b4c38cb0f3c921909d,CORE CFIHOS V2.0 CSV/CFIHOS CORE unit of measure v2.0.csv,18,source_reference_record,source_reference_record_unreviewed
CFIHOS-60001217,SMH,standard cubic metre per hour,s m3/h,CFIHOS-45000034,VOLFLO,volume flow rate,CFIHOS-60001649,SI,,real,True,sha256:a69b98012d9e4a46495a3aed48eef8ce75a69d001eaa28b4c38cb0f3c921909d,CORE CFIHOS V2.0 CSV/CFIHOS CORE unit of measure v2.0.csv,19,source_reference_record,source_reference_record_unreviewed
CFIHOS-60001413,LBR,pound-mass,lbm,CFIHOS-45000013,MASS,mass / weight,CFIHOS-60001650,Imperial,pound,real,True,sha256:a69b98012d9e4a46495a3aed48eef8ce75a69d001eaa28b4c38cb0f3c921909d,CORE CFIHOS V2.0 CSV/CFIHOS CORE unit of measure v2.0.csv,20,source_reference_record,source_reference_record_unreviewed
CFIHOS-60001422,G2,US gallon per minute,gal[US]/min,CFIHOS-45000034,VOLFLO,volume flow rate,CFIHOS-60001650,Imperial,gallon (US) per minute,real,True,sha256:a69b98012d9e4a46495a3aed48eef8ce75a69d001eaa28b4c38cb0f3c921909d,CORE CFIHOS V2.0 CSV/CFIHOS CORE unit of measure v2.0.csv,21,source_reference_record,source_reference_record_unreviewed
CFIHOS-60001423,VLT,volt,V,CFIHOS-45000038,VOLTAG,electrical tension / voltage,,,,real,True,sha256:a69b98012d9e4a46495a3aed48eef8ce75a69d001eaa28b4c38cb0f3c921909d,CORE CFIHOS V2.0 CSV/CFIHOS CORE unit of measure v2.0.csv,22,source_reference_record,source_reference_record_unreviewed
CFIHOS-60001425,D53,watt per metre kelvin,W/(m.K),CFIHOS-45000029,THCOND,thermal conductivity,CFIHOS-60001649,SI,,real,True,sha256:a69b98012d9e4a46495a3aed48eef8ce75a69d001eaa28b4c38cb0f3c921909d,CORE CFIHOS V2.0 CSV/CFIHOS CORE unit of measure v2.0.csv,23,source_reference_record,source_reference_record_unreviewed
CFIHOS-60001426,ANN,year,y,CFIHOS-45000031,TIME,time,,,,real,True,sha256:a69b98012d9e4a46495a3aed48eef8ce75a69d001eaa28b4c38cb0f3c921909d,CORE CFIHOS V2.0 CSV/CFIHOS CORE unit of measure v2.0.csv,24,source_reference_record,source_reference_record_unreviewed
CFIHOS-60001427,AMP,ampere,A,CFIHOS-45000007,ECURR,electrical current / amperage,,,,real,True,sha256:a69b98012d9e4a46495a3aed48eef8ce75a69d001eaa28b4c38cb0f3c921909d,CORE CFIHOS V2.0 CSV/CFIHOS CORE unit of measure v2.0.csv,25,source_reference_record,source_reference_record_unreviewed
CFIHOS-60001428,AMH,ampere hour,A.h,CFIHOS-45000005,CHARGE,electrical charge,,,ampere-hour,real,True,sha256:a69b98012d9e4a46495a3aed48eef8ce75a69d001eaa28b4c38cb0f3c921909d,CORE CFIHOS V2.0 CSV/CFIHOS CORE unit of measure v2.0.csv,26,source_reference_record,source_reference_record_unreviewed
CFIHOS-60001429,A11,angstrom,angstrom,CFIHOS-45000011,LENGTH,length,CFIHOS-60001649,SI,ångström,real,True,sha256:a69b98012d9e4a46495a3aed48eef8ce75a69d001eaa28b4c38cb0f3c921909d,CORE CFIHOS V2.0 CSV/CFIHOS CORE unit of measure v2.0.csv,27,source_reference_record,source_reference_record_unreviewed
CFIHOS-60001430,BRA,bar absolute,bar(a),CFIHOS-45000017,PRESS,pressure,CFIHOS-60001649,SI,,real,True,sha256:a69b98012d9e4a46495a3aed48eef8ce75a69d001eaa28b4c38cb0f3c921909d,CORE CFIHOS V2.0 CSV/CFIHOS CORE unit of measure v2.0.csv,28,source_reference_record,source_reference_record_unreviewed
CFIHOS-60001431,BRG,bar gauge,bar(g),CFIHOS-45000017,PRESS,pressure,CFIHOS-60001649,SI,,real,True,sha256:a69b98012d9e4a46495a3aed48eef8ce75a69d001eaa28b4c38cb0f3c921909d,CORE CFIHOS V2.0 CSV/CFIHOS CORE unit of measure v2.0.csv,29,source_reference_record,source_reference_record_unreviewed
CFIHOS-60001432,C7,centipoise,cP,CFIHOS-45000004,VISDYN,dynamic viscosity,CFIHOS-60001649,SI,,real,True,sha256:a69b98012d9e4a46495a3aed48eef8ce75a69d001eaa28b4c38cb0f3c921909d,CORE CFIHOS V2.0 CSV/CFIHOS CORE unit of measure v2.0.csv,30,source_reference_record,source_reference_record_unreviewed
CFIHOS-60001433,4C,centistokes,cSt,CFIHOS-45000010,VISKIN,kinematic viscosity,CFIHOS-60001649,SI,,real,True,sha256:a69b98012d9e4a46495a3aed48eef8ce75a69d001eaa28b4c38cb0f3c921909d,CORE CFIHOS V2.0 CSV/CFIHOS CORE unit of measure v2.0.csv,31,source_reference_record,source_reference_record_unreviewed
CFIHOS-60001434,2N,decibel,dB,CFIHOS-45000021,SOUND,sound,CFIHOS-60001649,SI,,real,True,sha256:a69b98012d9e4a46495a3aed48eef8ce75a69d001eaa28b4c38cb0f3c921909d,CORE CFIHOS V2.0 CSV/CFIHOS CORE unit of measure v2.0.csv,32,source_reference_record,source_reference_record_unreviewed
CFIHOS-60001435,CEL,degree celsius,degC,CFIHOS-45000028,TEMP,temperature,CFIHOS-60001649,SI,,real,True,sha256:a69b98012d9e4a46495a3aed48eef8ce75a69d001eaa28b4c38cb0f3c921909d,CORE CFIHOS V2.0 CSV/CFIHOS CORE unit of measure v2.0.csv,33,source_reference_record,source_reference_record_unreviewed
CFIHOS-60001436,FAH,degree fahrenheit,degF,CFIHOS-45000028,TEMP,temperature,CFIHOS-60001650,Imperial,,real,True,sha256:a69b98012d9e4a46495a3aed48eef8ce75a69d001eaa28b4c38cb0f3c921909d,CORE CFIHOS V2.0 CSV/CFIHOS CORE unit of measure v2.0.csv,34,source_reference_record,source_reference_record_unreviewed
CFIHOS-60001437,FAR,farad,F,CFIHOS-45000001,CAPACI,capacitance,,,,real,True,sha256:a69b98012d9e4a46495a3aed48eef8ce75a69d001eaa28b4c38cb0f3c921909d,CORE CFIHOS V2.0 CSV/CFIHOS CORE unit of measure v2.0.csv,35,source_reference_record,source_reference_record_unreviewed
CFIHOS-60001438,FOT,foot,ft,CFIHOS-45000011,LENGTH,length,CFIHOS-60001650,Imperial,,real,True,sha256:a69b98012d9e4a46495a3aed48eef8ce75a69d001eaa28b4c38cb0f3c921909d,CORE CFIHOS V2.0 CSV/CFIHOS CORE unit of measure v2.0.csv,36,source_reference_record,source_reference_record_unreviewed
CFIHOS-60001439,FTQ,cubic foot,ft3,CFIHOS-45000033,VOLUME,volume,CFIHOS-60001650,Imperial,,real,True,sha256:a69b98012d9e4a46495a3aed48eef8ce75a69d001eaa28b4c38cb0f3c921909d,CORE CFIHOS V2.0 CSV/CFIHOS CORE unit of measure v2.0.csv,37,source_reference_record,source_reference_record_unreviewed
CFIHOS-60001440,2K,cubic foot per hour,ft3/h,CFIHOS-45000034,VOLFLO,volume flow rate,CFIHOS-60001650,Imperial,,real,True,sha256:a69b98012d9e4a46495a3aed48eef8ce75a69d001eaa28b4c38cb0f3c921909d,CORE CFIHOS V2.0 CSV/CFIHOS CORE unit of measure v2.0.csv,38,source_reference_record,source_reference_record_unreviewed
CFIHOS-60001441,FS,foot per second,ft/s,CFIHOS-45000025,SPEED,speed,CFIHOS-60001650,Imperial,,real,True,sha256:a69b98012d9e4a46495a3aed48eef8ce75a69d001eaa28b4c38cb0f3c921909d,CORE CFIHOS V2.0 CSV/CFIHOS CORE unit of measure v2.0.csv,39,source_reference_record,source_reference_record_unreviewed
CFIHOS-60001442,FTK,square foot,ft2,CFIHOS-45000026,SURFAC,surface / area,CFIHOS-60001650,Imperial,,real,True,sha256:a69b98012d9e4a46495a3aed48eef8ce75a69d001eaa28b4c38cb0f3c921909d,CORE CFIHOS V2.0 CSV/CFIHOS CORE unit of measure v2.0.csv,40,source_reference_record,source_reference_record_unreviewed
CFIHOS-60001443,HTZ,hertz,Hz,CFIHOS-45000009,FREQU,frequency,,,,real,True,sha256:a69b98012d9e4a46495a3aed48eef8ce75a69d001eaa28b4c38cb0f3c921909d,CORE CFIHOS V2.0 CSV/CFIHOS CORE unit of measure v2.0.csv,41,source_reference_record,source_reference_record_unreviewed
CFIHOS-60001444,HJ,metric-horsepower,metric hp,CFIHOS-45000016,POWER,power,,,metric horse power,real,True,sha256:a69b98012d9e4a46495a3aed48eef8ce75a69d001eaa28b4c38cb0f3c921909d,CORE CFIHOS V2.0 CSV/CFIHOS CORE unit of measure v2.0.csv,42,source_reference_record,source_reference_record_unreviewed
CFIHOS-60001445,HUR,hour,h,CFIHOS-45000031,TIME,time,,,,real,True,sha256:a69b98012d9e4a46495a3aed48eef8ce75a69d001eaa28b4c38cb0f3c921909d,CORE CFIHOS V2.0 CSV/CFIHOS CORE unit of measure v2.0.csv,43,source_reference_record,source_reference_record_unreviewed
CFIHOS-60001446,INH,inch,in,CFIHOS-45000011,LENGTH,length,CFIHOS-60001650,Imperial,,real,True,sha256:a69b98012d9e4a46495a3aed48eef8ce75a69d001eaa28b4c38cb0f3c921909d,CORE CFIHOS V2.0 CSV/CFIHOS CORE unit of measure v2.0.csv,44,source_reference_record,source_reference_record_unreviewed
CFIHOS-60001447,INK,square inch,in2,CFIHOS-45000026,SURFAC,surface / area,CFIHOS-60001650,Imperial,inch squared,real,True,sha256:a69b98012d9e4a46495a3aed48eef8ce75a69d001eaa28b4c38cb0f3c921909d,CORE CFIHOS V2.0 CSV/CFIHOS CORE unit of measure v2.0.csv,45,source_reference_record,source_reference_record_unreviewed
CFIHOS-60001448,B22,kiloampere,kA,CFIHOS-45000007,ECURR,electrical current / amperage,,,,real,True,sha256:a69b98012d9e4a46495a3aed48eef8ce75a69d001eaa28b4c38cb0f3c921909d,CORE CFIHOS V2.0 CSV/CFIHOS CORE unit of measure v2.0.csv,46,source_reference_record,source_reference_record_unreviewed
CFIHOS-60001449,KGM,kilogram,kg,CFIHOS-45000013,MASS,mass / weight,CFIHOS-60001649,SI,,real,True,sha256:a69b98012d9e4a46495a3aed48eef8ce75a69d001eaa28b4c38cb0f3c921909d,CORE CFIHOS V2.0 CSV/CFIHOS CORE unit of measure v2.0.csv,47,source_reference_record,source_reference_record_unreviewed
CFIHOS-60001450,E93,kilogram per hour,kg/h,CFIHOS-45000014,MASFLO,mass flow rate,CFIHOS-60001649,SI,,real,True,sha256:a69b98012d9e4a46495a3aed48eef8ce75a69d001eaa28b4c38cb0f3c921909d,CORE CFIHOS V2.0 CSV/CFIHOS CORE unit of measure v2.0.csv,48,source_reference_record,source_reference_record_unreviewed
CFIHOS-60001451,KMQ,kilogram per cubic metre,kg/m3,CFIHOS-45000002,DENSI,density,CFIHOS-60001649,SI,,real,True,sha256:a69b98012d9e4a46495a3aed48eef8ce75a69d001eaa28b4c38cb0f3c921909d,CORE CFIHOS V2.0 CSV/CFIHOS CORE unit of measure v2.0.csv,49,source_reference_record,source_reference_record_unreviewed
CFIHOS-60001452,KGS,kilogram per second,kg/s,CFIHOS-45000014,MASFLO,mass flow rate,CFIHOS-60001649,SI,,real,True,sha256:a69b98012d9e4a46495a3aed48eef8ce75a69d001eaa28b4c38cb0f3c921909d,CORE CFIHOS V2.0 CSV/CFIHOS CORE unit of measure v2.0.csv,50,source_reference_record,source_reference_record_unreviewed
CFIHOS-60001453,B42,kilojoule per kilogram,kJ/kg,CFIHOS-45000022,SPENER,specific energy,CFIHOS-60001649,SI,,real,True,sha256:a69b98012d9e4a46495a3aed48eef8ce75a69d001eaa28b4c38cb0f3c921909d,CORE CFIHOS V2.0 CSV/CFIHOS CORE unit of measure v2.0.csv,51,source_reference_record,source_reference_record_unreviewed
CFIHOS-60001454,B43,kilojoule per kilogram kelvin,kJ/(kg.K),CFIHOS-45000023,SPHCAP,specific heat capacity,CFIHOS-60001649,SI,,real,True,sha256:a69b98012d9e4a46495a3aed48eef8ce75a69d001eaa28b4c38cb0f3c921909d,CORE CFIHOS V2.0 CSV/CFIHOS CORE unit of measure v2.0.csv,52,source_reference_record,source_reference_record_unreviewed
CFIHOS-60001455,B47,kilonewton,kN,CFIHOS-45000039,FORCE,force,CFIHOS-60001649,SI,,real,True,sha256:a69b98012d9e4a46495a3aed48eef8ce75a69d001eaa28b4c38cb0f3c921909d,CORE CFIHOS V2.0 CSV/CFIHOS CORE unit of measure v2.0.csv,53,source_reference_record,source_reference_record_unreviewed
CFIHOS-60001456,KVT,kilovolt,kV,CFIHOS-45000038,VOLTAG,electrical tension / voltage,,,,real,True,sha256:a69b98012d9e4a46495a3aed48eef8ce75a69d001eaa28b4c38cb0f3c921909d,CORE CFIHOS V2.0 CSV/CFIHOS CORE unit of measure v2.0.csv,54,source_reference_record,source_reference_record_unreviewed
CFIHOS-60001457,KVA,kilovolt-ampere,kVA,CFIHOS-45000016,POWER,power,,,,real,True,sha256:a69b98012d9e4a46495a3aed48eef8ce75a69d001eaa28b4c38cb0f3c921909d,CORE CFIHOS V2.0 CSV/CFIHOS CORE unit of measure v2.0.csv,55,source_reference_record,source_reference_record_unreviewed
CFIHOS-60001458,KWT,kilowatt,kW,CFIHOS-45000016,POWER,power,CFIHOS-60001649,SI,,real,True,sha256:a69b98012d9e4a46495a3aed48eef8ce75a69d001eaa28b4c38cb0f3c921909d,CORE CFIHOS V2.0 CSV/CFIHOS CORE unit of measure v2.0.csv,56,source_reference_record,source_reference_record_unreviewed
CFIHOS-60001459,LTR,litre,l,CFIHOS-45000033,VOLUME,volume,CFIHOS-60001649,SI,,real,True,sha256:a69b98012d9e4a46495a3aed48eef8ce75a69d001eaa28b4c38cb0f3c921909d,CORE CFIHOS V2.0 CSV/CFIHOS CORE unit of measure v2.0.csv,57,source_reference_record,source_reference_record_unreviewed
CFIHOS-60001460,G51,litre per second,l/s,CFIHOS-45000034,VOLFLO,volume flow rate,CFIHOS-60001649,SI,,real,True,sha256:a69b98012d9e4a46495a3aed48eef8ce75a69d001eaa28b4c38cb0f3c921909d,CORE CFIHOS V2.0 CSV/CFIHOS CORE unit of measure v2.0.csv,58,source_reference_record,source_reference_record_unreviewed
CFIHOS-60001461,MTR,metre,m,CFIHOS-45000011,LENGTH,length,CFIHOS-60001649,SI,,real,True,sha256:a69b98012d9e4a46495a3aed48eef8ce75a69d001eaa28b4c38cb0f3c921909d,CORE CFIHOS V2.0 CSV/CFIHOS CORE unit of measure v2.0.csv,59,source_reference_record,source_reference_record_unreviewed
CFIHOS-60001462,MTQ,cubic metre,m3,CFIHOS-45000033,VOLUME,volume,CFIHOS-60001649,SI,,real,True,sha256:a69b98012d9e4a46495a3aed48eef8ce75a69d001eaa28b4c38cb0f3c921909d,CORE CFIHOS V2.0 CSV/CFIHOS CORE unit of measure v2.0.csv,60,source_reference_record,source_reference_record_unreviewed
CFIHOS-60001463,MQH,cubic metre per hour,m3/h,CFIHOS-45000034,VOLFLO,volume flow rate,CFIHOS-60001649,SI,,real,True,sha256:a69b98012d9e4a46495a3aed48eef8ce75a69d001eaa28b4c38cb0f3c921909d,CORE CFIHOS V2.0 CSV/CFIHOS CORE unit of measure v2.0.csv,61,source_reference_record,source_reference_record_unreviewed
CFIHOS-60001464,MQS,cubic metre per second,m3/s,CFIHOS-45000034,VOLFLO,volume flow rate,CFIHOS-60001649,SI,,real,True,sha256:a69b98012d9e4a46495a3aed48eef8ce75a69d001eaa28b4c38cb0f3c921909d,CORE CFIHOS V2.0 CSV/CFIHOS CORE unit of measure v2.0.csv,62,source_reference_record,source_reference_record_unreviewed
CFIHOS-60001465,MTS,metre per second,m/s,CFIHOS-45000025,SPEED,speed,CFIHOS-60001649,SI,,real,True,sha256:a69b98012d9e4a46495a3aed48eef8ce75a69d001eaa28b4c38cb0f3c921909d,CORE CFIHOS V2.0 CSV/CFIHOS CORE unit of measure v2.0.csv,63,source_reference_record,source_reference_record_unreviewed
CFIHOS-60001466,MTK,square metre,m2,CFIHOS-45000026,SURFAC,surface / area,CFIHOS-60001649,SI,,real,True,sha256:a69b98012d9e4a46495a3aed48eef8ce75a69d001eaa28b4c38cb0f3c921909d,CORE CFIHOS V2.0 CSV/CFIHOS CORE unit of measure v2.0.csv,64,source_reference_record,source_reference_record_unreviewed
CFIHOS-60001467,D19,metre squared kelvin per watt,m2.K/W,CFIHOS-45000030,THINSU,thermal insulation,CFIHOS-60001649,SI,,real,True,sha256:a69b98012d9e4a46495a3aed48eef8ce75a69d001eaa28b4c38cb0f3c921909d,CORE CFIHOS V2.0 CSV/CFIHOS CORE unit of measure v2.0.csv,65,source_reference_record,source_reference_record_unreviewed
CFIHOS-60001468,NA,milligram per kilogram,mg/kg,CFIHOS-45000015,MPROPO,mass proportion,CFIHOS-60001649,SI,,real,True,sha256:a69b98012d9e4a46495a3aed48eef8ce75a69d001eaa28b4c38cb0f3c921909d,CORE CFIHOS V2.0 CSV/CFIHOS CORE unit of measure v2.0.csv,66,source_reference_record,source_reference_record_unreviewed
CFIHOS-60001469,MMT,millimetre,mm,CFIHOS-45000011,LENGTH,length,CFIHOS-60001649,SI,,real,True,sha256:a69b98012d9e4a46495a3aed48eef8ce75a69d001eaa28b4c38cb0f3c921909d,CORE CFIHOS V2.0 CSV/CFIHOS CORE unit of measure v2.0.csv,67,source_reference_record,source_reference_record_unreviewed
CFIHOS-60001470,MMK,square millimetre,mm2,CFIHOS-45000026,SURFAC,surface / area,CFIHOS-60001649,SI,,real,True,sha256:a69b98012d9e4a46495a3aed48eef8ce75a69d001eaa28b4c38cb0f3c921909d,CORE CFIHOS V2.0 CSV/CFIHOS CORE unit of measure v2.0.csv,68,source_reference_record,source_reference_record_unreviewed
CFIHOS-60001471,C17,square millimetre per second,mm2/s,CFIHOS-45000010,VISKIN,kinematic viscosity,CFIHOS-60001649,SI,,real,True,sha256:a69b98012d9e4a46495a3aed48eef8ce75a69d001eaa28b4c38cb0f3c921909d,CORE CFIHOS V2.0 CSV/CFIHOS CORE unit of measure v2.0.csv,69,source_reference_record,source_reference_record_unreviewed
CFIHOS-60001472,C24,millipascal second,mPa.s,CFIHOS-45000004,VISDYN,dynamic viscosity,CFIHOS-60001649,SI,millipascal-second,real,True,sha256:a69b98012d9e4a46495a3aed48eef8ce75a69d001eaa28b4c38cb0f3c921909d,CORE CFIHOS V2.0 CSV/CFIHOS CORE unit of measure v2.0.csv,70,source_reference_record,source_reference_record_unreviewed
CFIHOS-60001473,MIN,minute,min,CFIHOS-45000031,TIME,time,,,,real,True,sha256:a69b98012d9e4a46495a3aed48eef8ce75a69d001eaa28b4c38cb0f3c921909d,CORE CFIHOS V2.0 CSV/CFIHOS CORE unit of measure v2.0.csv,71,source_reference_record,source_reference_record_unreviewed
CFIHOS-60001474,NEW,newton,N,CFIHOS-45000039,FORCE,force,CFIHOS-60001649,SI,,real,True,sha256:a69b98012d9e4a46495a3aed48eef8ce75a69d001eaa28b4c38cb0f3c921909d,CORE CFIHOS V2.0 CSV/CFIHOS CORE unit of measure v2.0.csv,72,source_reference_record,source_reference_record_unreviewed
CFIHOS-60001475,4P,newton per metre,N/m,CFIHOS-45000027,SURFTE,surface tension,CFIHOS-60001649,SI,,real,True,sha256:a69b98012d9e4a46495a3aed48eef8ce75a69d001eaa28b4c38cb0f3c921909d,CORE CFIHOS V2.0 CSV/CFIHOS CORE unit of measure v2.0.csv,73,source_reference_record,source_reference_record_unreviewed
CFIHOS-60001476,OHM,ohm,Ohm,CFIHOS-45000020,RESIST,resistance,,,,real,True,sha256:a69b98012d9e4a46495a3aed48eef8ce75a69d001eaa28b4c38cb0f3c921909d,CORE CFIHOS V2.0 CSV/CFIHOS CORE unit of measure v2.0.csv,74,source_reference_record,source_reference_record_unreviewed
CFIHOS-60001477,87,pound-mass per cubic foot,lbm/ft3,CFIHOS-45000002,DENSI,density,CFIHOS-60001650,Imperial,pound per cubic foot,real,True,sha256:a69b98012d9e4a46495a3aed48eef8ce75a69d001eaa28b4c38cb0f3c921909d,CORE CFIHOS V2.0 CSV/CFIHOS CORE unit of measure v2.0.csv,75,source_reference_record,source_reference_record_unreviewed
CFIHOS-60001478,4U,pound per hour,lb/h,CFIHOS-45000014,MASFLO,mass flow rate,CFIHOS-60001650,Imperial,,real,True,sha256:a69b98012d9e4a46495a3aed48eef8ce75a69d001eaa28b4c38cb0f3c921909d,CORE CFIHOS V2.0 CSV/CFIHOS CORE unit of measure v2.0.csv,76,source_reference_record,source_reference_record_unreviewed
CFIHOS-60001479,LBS,pound-mass per second,lbm/s,CFIHOS-45000014,MASFLO,mass flow rate,CFIHOS-60001650,Imperial,pound per second,real,True,sha256:a69b98012d9e4a46495a3aed48eef8ce75a69d001eaa28b4c38cb0f3c921909d,CORE CFIHOS V2.0 CSV/CFIHOS CORE unit of measure v2.0.csv,77,source_reference_record,source_reference_record_unreviewed
CFIHOS-60001480,RPM,revolution per minute,rpm,CFIHOS-45000036,ANGVEL,angular velocity,,,,real,True,sha256:a69b98012d9e4a46495a3aed48eef8ce75a69d001eaa28b4c38cb0f3c921909d,CORE CFIHOS V2.0 CSV/CFIHOS CORE unit of measure v2.0.csv,78,source_reference_record,source_reference_record_unreviewed
CFIHOS-60001481,SEC,second,s,CFIHOS-45000031,TIME,time,,,,real,True,sha256:a69b98012d9e4a46495a3aed48eef8ce75a69d001eaa28b4c38cb0f3c921909d,CORE CFIHOS V2.0 CSV/CFIHOS CORE unit of measure v2.0.csv,79,source_reference_record,source_reference_record_unreviewed
CFIHOS-60001482,TNE,tonne,t,CFIHOS-45000013,MASS,mass / weight,CFIHOS-60001649,SI,metric tonne,real,True,sha256:a69b98012d9e4a46495a3aed48eef8ce75a69d001eaa28b4c38cb0f3c921909d,CORE CFIHOS V2.0 CSV/CFIHOS CORE unit of measure v2.0.csv,80,source_reference_record,source_reference_record_unreviewed
CFIHOS-65000000,VP,percent [volume basis],%[vol],CFIHOS-45000044,VPROPO,volume proportion,,,percent (volume),real,True,sha256:a69b98012d9e4a46495a3aed48eef8ce75a69d001eaa28b4c38cb0f3c921909d,CORE CFIHOS V2.0 CSV/CFIHOS CORE unit of measure v2.0.csv,81,source_reference_record,source_reference_record_unreviewed
CFIHOS-65000001,K43,electric-horsepower,hp[elec],CFIHOS-45000016,POWER,power,,,electric horse power,real,True,sha256:a69b98012d9e4a46495a3aed48eef8ce75a69d001eaa28b4c38cb0f3c921909d,CORE CFIHOS V2.0 CSV/CFIHOS CORE unit of measure v2.0.csv,82,source_reference_record,source_reference_record_unreviewed
CFIHOS-65000002,WEE,week,wk,CFIHOS-45000031,TIME,time,,,,real,True,sha256:a69b98012d9e4a46495a3aed48eef8ce75a69d001eaa28b4c38cb0f3c921909d,CORE CFIHOS V2.0 CSV/CFIHOS CORE unit of measure v2.0.csv,83,source_reference_record,source_reference_record_unreviewed
CFIHOS-65000003,DAY,day,d,CFIHOS-45000031,TIME,time,,,,real,True,sha256:a69b98012d9e4a46495a3aed48eef8ce75a69d001eaa28b4c38cb0f3c921909d,CORE CFIHOS V2.0 CSV/CFIHOS CORE unit of measure v2.0.csv,84,source_reference_record,source_reference_record_unreviewed
CFIHOS-65000004,MON,month,mo,CFIHOS-45000031,TIME,time,,,,real,True,sha256:a69b98012d9e4a46495a3aed48eef8ce75a69d001eaa28b4c38cb0f3c921909d,CORE CFIHOS V2.0 CSV/CFIHOS CORE unit of measure v2.0.csv,85,source_reference_record,source_reference_record_unreviewed
CFIHOS-65000009,NX,part per thousand,ppk,CFIHOS-45000015;CFIHOS-45000044;CFIHOS-45000048;CFIHOS-45000045,MPROPO;VPROPO;AMSPAS;NODMNS,mass proportion;volume proportion;amount of substance per amount of substance;dimensionless,,,,real,True,sha256:a69b98012d9e4a46495a3aed48eef8ce75a69d001eaa28b4c38cb0f3c921909d,CORE CFIHOS V2.0 CSV/CFIHOS CORE unit of measure v2.0.csv,86,source_reference_record,source_reference_record_unreviewed
CFIHOS-65000010,,euclid,Euc,CFIHOS-45000015;CFIHOS-45000044;CFIHOS-45000048;CFIHOS-45000173;CFIHOS-45000096;CFIHOS-45000146;CFIHOS-45000108;CFIHOS-45000060;CFIHOS-45000172;CFIHOS-45000045,MPROPO;VPROPO;AMSPAS;VFRRAT;FORRAT;PWPERP;LENRAT;ARERAT;TPERT;NODMNS,mass proportion;volume proportion;amount of substance per amount of substance;volume flow rate per volume flow rate;force per force;power per power;length per length;area per area;time per time;dimensionless,CFIHOS-60001649,SI,,real,True,sha256:a69b98012d9e4a46495a3aed48eef8ce75a69d001eaa28b4c38cb0f3c921909d,CORE CFIHOS V2.0 CSV/CFIHOS CORE unit of measure v2.0.csv,87,source_reference_record,source_reference_record_unreviewed
CFIHOS-65000011,AD,byte,byte,CFIHOS-45000073,DIGSTO,digital storage,,,,real,True,sha256:a69b98012d9e4a46495a3aed48eef8ce75a69d001eaa28b4c38cb0f3c921909d,CORE CFIHOS V2.0 CSV/CFIHOS CORE unit of measure v2.0.csv,88,source_reference_record,source_reference_record_unreviewed
CFIHOS-65000012,A99,bit,bit,CFIHOS-45000073,DIGSTO,digital storage,CFIHOS-60001649,SI,,real,True,sha256:a69b98012d9e4a46495a3aed48eef8ce75a69d001eaa28b4c38cb0f3c921909d,CORE CFIHOS V2.0 CSV/CFIHOS CORE unit of measure v2.0.csv,89,source_reference_record,source_reference_record_unreviewed
CFIHOS-65000013,,percent [mass basis],%[mass],CFIHOS-45000015,MPROPO,mass proportion,,,,real,True,sha256:a69b98012d9e4a46495a3aed48eef8ce75a69d001eaa28b4c38cb0f3c921909d,CORE CFIHOS V2.0 CSV/CFIHOS CORE unit of measure v2.0.csv,90,source_reference_record,source_reference_record_unreviewed
CFIHOS-65000014,,part per million [mass basis],ppm[mass],CFIHOS-45000015,MPROPO,mass proportion,,,,real,True,sha256:a69b98012d9e4a46495a3aed48eef8ce75a69d001eaa28b4c38cb0f3c921909d,CORE CFIHOS V2.0 CSV/CFIHOS CORE unit of measure v2.0.csv,91,source_reference_record,source_reference_record_unreviewed
CFIHOS-65000015,,percent [area basis],%[area],CFIHOS-45000060,ARERAT,area per area,,,,real,True,sha256:a69b98012d9e4a46495a3aed48eef8ce75a69d001eaa28b4c38cb0f3c921909d,CORE CFIHOS V2.0 CSV/CFIHOS CORE unit of measure v2.0.csv,92,source_reference_record,source_reference_record_unreviewed
CFIHOS-65000016,,part per million [volume basis],ppm[vol],CFIHOS-45000044,VPROPO,volume proportion,,,,real,True,sha256:a69b98012d9e4a46495a3aed48eef8ce75a69d001eaa28b4c38cb0f3c921909d,CORE CFIHOS V2.0 CSV/CFIHOS CORE unit of measure v2.0.csv,93,source_reference_record,source_reference_record_unreviewed
CFIHOS-65000017,,percent [molar basis],%[molar],CFIHOS-45000048,AMSPAS,amount of substance per amount of substance,,,,real,True,sha256:a69b98012d9e4a46495a3aed48eef8ce75a69d001eaa28b4c38cb0f3c921909d,CORE CFIHOS V2.0 CSV/CFIHOS CORE unit of measure v2.0.csv,94,source_reference_record,source_reference_record_unreviewed
CFIHOS-65000018,,(barrel per day) per (barrel per day),(bbl/d)/(bbl/d),CFIHOS-45000173,VFRRAT,volume flow rate per volume flow rate,,,,real,True,sha256:a69b98012d9e4a46495a3aed48eef8ce75a69d001eaa28b4c38cb0f3c921909d,CORE CFIHOS V2.0 CSV/CFIHOS CORE unit of measure v2.0.csv,95,source_reference_record,source_reference_record_unreviewed
CFIHOS-65000019,,(cubic metre per day) per (cubic metre per day),(m3/d)/(m3/d),CFIHOS-45000173,VFRRAT,volume flow rate per volume flow rate,CFIHOS-60001649,SI,,real,True,sha256:a69b98012d9e4a46495a3aed48eef8ce75a69d001eaa28b4c38cb0f3c921909d,CORE CFIHOS V2.0 CSV/CFIHOS CORE unit of measure v2.0.csv,96,source_reference_record,source_reference_record_unreviewed
CFIHOS-65000020,,(million cubic foot per day) per (barrel per day),1E6 (ft3/d)/(bbl/d),CFIHOS-45000173,VFRRAT,volume flow rate per volume flow rate,,,,real,True,sha256:a69b98012d9e4a46495a3aed48eef8ce75a69d001eaa28b4c38cb0f3c921909d,CORE CFIHOS V2.0 CSV/CFIHOS CORE unit of measure v2.0.csv,97,source_reference_record,source_reference_record_unreviewed
CFIHOS-65000021,,(cubic metre per second) per (cubic metre per second),(m3/s)/(m3/s),CFIHOS-45000173,VFRRAT,volume flow rate per volume flow rate,CFIHOS-60001649,SI,,real,True,sha256:a69b98012d9e4a46495a3aed48eef8ce75a69d001eaa28b4c38cb0f3c921909d,CORE CFIHOS V2.0 CSV/CFIHOS CORE unit of measure v2.0.csv,98,source_reference_record,source_reference_record_unreviewed
CFIHOS-65000022,M29,kilogram per kilogram,kg/kg,CFIHOS-45000015,MPROPO,mass proportion,CFIHOS-60001649,SI,,real,True,sha256:a69b98012d9e4a46495a3aed48eef8ce75a69d001eaa28b4c38cb0f3c921909d,CORE CFIHOS V2.0 CSV/CFIHOS CORE unit of measure v2.0.csv,99,source_reference_record,source_reference_record_unreviewed
CFIHOS-65000023,,metre per metre,m/m,CFIHOS-45000108,LENRAT,length per length,CFIHOS-60001649,SI,,real,True,sha256:a69b98012d9e4a46495a3aed48eef8ce75a69d001eaa28b4c38cb0f3c921909d,CORE CFIHOS V2.0 CSV/CFIHOS CORE unit of measure v2.0.csv,100,source_reference_record,source_reference_record_unreviewed
CFIHOS-65000024,,square metre per square metre,m2/m2,CFIHOS-45000060,ARERAT,area per area,CFIHOS-60001649,SI,,real,True,sha256:a69b98012d9e4a46495a3aed48eef8ce75a69d001eaa28b4c38cb0f3c921909d,CORE CFIHOS V2.0 CSV/CFIHOS CORE unit of measure v2.0.csv,101,source_reference_record,source_reference_record_unreviewed
CFIHOS-65000025,H60,cubic metre per cubic metre,m3/m3,CFIHOS-45000044,VPROPO,volume proportion,CFIHOS-60001649,SI,,real,True,sha256:a69b98012d9e4a46495a3aed48eef8ce75a69d001eaa28b4c38cb0f3c921909d,CORE CFIHOS V2.0 CSV/CFIHOS CORE unit of measure v2.0.csv,102,source_reference_record,source_reference_record_unreviewed
CFIHOS-65000026,,mole per mole,mol/mol,CFIHOS-45000048,AMSPAS,amount of substance per amount of substance,CFIHOS-60001649,SI,,real,True,sha256:a69b98012d9e4a46495a3aed48eef8ce75a69d001eaa28b4c38cb0f3c921909d,CORE CFIHOS V2.0 CSV/CFIHOS CORE unit of measure v2.0.csv,103,source_reference_record,source_reference_record_unreviewed
CFIHOS-65000027,,newton per newton,N/N,CFIHOS-45000096,FORRAT,force per force,CFIHOS-60001649,SI,,real,True,sha256:a69b98012d9e4a46495a3aed48eef8ce75a69d001eaa28b4c38cb0f3c921909d,CORE CFIHOS V2.0 CSV/CFIHOS CORE unit of measure v2.0.csv,104,source_reference_record,source_reference_record_unreviewed
CFIHOS-65000028,,second per second,s/s,CFIHOS-45000172,TPERT,time per time,CFIHOS-60001649,SI,,real,True,sha256:a69b98012d9e4a46495a3aed48eef8ce75a69d001eaa28b4c38cb0f3c921909d,CORE CFIHOS V2.0 CSV/CFIHOS CORE unit of measure v2.0.csv,105,source_reference_record,source_reference_record_unreviewed
CFIHOS-65000029,,watt per watt,W/W,CFIHOS-45000146,PWPERP,power per power,CFIHOS-60001649,SI,,real,True,sha256:a69b98012d9e4a46495a3aed48eef8ce75a69d001eaa28b4c38cb0f3c921909d,CORE CFIHOS V2.0 CSV/CFIHOS CORE unit of measure v2.0.csv,106,source_reference_record,source_reference_record_unreviewed
CFIHOS-65000030,GK,gram per kilogram,g/kg,CFIHOS-45000015,MPROPO,mass proportion,CFIHOS-60001649,SI,,real,True,sha256:a69b98012d9e4a46495a3aed48eef8ce75a69d001eaa28b4c38cb0f3c921909d,CORE CFIHOS V2.0 CSV/CFIHOS CORE unit of measure v2.0.csv,107,source_reference_record,source_reference_record_unreviewed
CFIHOS-65000031,,gram per tonne,g/t,CFIHOS-45000015,MPROPO,mass proportion,CFIHOS-60001649,SI,,real,True,sha256:a69b98012d9e4a46495a3aed48eef8ce75a69d001eaa28b4c38cb0f3c921909d,CORE CFIHOS V2.0 CSV/CFIHOS CORE unit of measure v2.0.csv,108,source_reference_record,source_reference_record_unreviewed
CFIHOS-65000032,,kilogram per 94-pound-sack,kg/sack[94lbm],CFIHOS-45000015,MPROPO,mass proportion,,,,real,True,sha256:a69b98012d9e4a46495a3aed48eef8ce75a69d001eaa28b4c38cb0f3c921909d,CORE CFIHOS V2.0 CSV/CFIHOS CORE unit of measure v2.0.csv,109,source_reference_record,source_reference_record_unreviewed
CFIHOS-65000033,,kilogram per tonne,kg/t,CFIHOS-45000015,MPROPO,mass proportion,CFIHOS-60001649,SI,,real,True,sha256:a69b98012d9e4a46495a3aed48eef8ce75a69d001eaa28b4c38cb0f3c921909d,CORE CFIHOS V2.0 CSV/CFIHOS CORE unit of measure v2.0.csv,110,source_reference_record,source_reference_record_unreviewed
CFIHOS-65000034,H64,milligram per gram,mg/g,CFIHOS-45000015,MPROPO,mass proportion,CFIHOS-60001649,SI,,real,True,sha256:a69b98012d9e4a46495a3aed48eef8ce75a69d001eaa28b4c38cb0f3c921909d,CORE CFIHOS V2.0 CSV/CFIHOS CORE unit of measure v2.0.csv,111,source_reference_record,source_reference_record_unreviewed
CFIHOS-65000035,,nanogram per gram,ng/g,CFIHOS-45000015,MPROPO,mass proportion,CFIHOS-60001649,SI,,real,True,sha256:a69b98012d9e4a46495a3aed48eef8ce75a69d001eaa28b4c38cb0f3c921909d,CORE CFIHOS V2.0 CSV/CFIHOS CORE unit of measure v2.0.csv,112,source_reference_record,source_reference_record_unreviewed
CFIHOS-65000036,,nanogram per milligram,ng/mg,CFIHOS-45000015,MPROPO,mass proportion,CFIHOS-60001649,SI,,real,True,sha256:a69b98012d9e4a46495a3aed48eef8ce75a69d001eaa28b4c38cb0f3c921909d,CORE CFIHOS V2.0 CSV/CFIHOS CORE unit of measure v2.0.csv,113,source_reference_record,source_reference_record_unreviewed
CFIHOS-65000037,,microgram per gram,ug/g,CFIHOS-45000015,MPROPO,mass proportion,CFIHOS-60001649,SI,,real,True,sha256:a69b98012d9e4a46495a3aed48eef8ce75a69d001eaa28b4c38cb0f3c921909d,CORE CFIHOS V2.0 CSV/CFIHOS CORE unit of measure v2.0.csv,114,source_reference_record,source_reference_record_unreviewed
CFIHOS-65000038,,microgram per milligram,ug/mg,CFIHOS-45000015,MPROPO,mass proportion,CFIHOS-60001649,SI,,real,True,sha256:a69b98012d9e4a46495a3aed48eef8ce75a69d001eaa28b4c38cb0f3c921909d,CORE CFIHOS V2.0 CSV/CFIHOS CORE unit of measure v2.0.csv,115,source_reference_record,source_reference_record_unreviewed
CFIHOS-65000039,,foot per hundred foot,0.01 ft/ft,CFIHOS-45000108,LENRAT,length per length,,,,real,True,sha256:a69b98012d9e4a46495a3aed48eef8ce75a69d001eaa28b4c38cb0f3c921909d,CORE CFIHOS V2.0 CSV/CFIHOS CORE unit of measure v2.0.csv,116,source_reference_record,source_reference_record_unreviewed
CFIHOS-65000040,,metre per thirty metre,1/30 m/m,CFIHOS-45000108,LENRAT,length per length,,,,real,True,sha256:a69b98012d9e4a46495a3aed48eef8ce75a69d001eaa28b4c38cb0f3c921909d,CORE CFIHOS V2.0 CSV/CFIHOS CORE unit of measure v2.0.csv,117,source_reference_record,source_reference_record_unreviewed
CFIHOS-65000041,,foot per foot,ft/ft,CFIHOS-45000108,LENRAT,length per length,,,,real,True,sha256:a69b98012d9e4a46495a3aed48eef8ce75a69d001eaa28b4c38cb0f3c921909d,CORE CFIHOS V2.0 CSV/CFIHOS CORE unit of measure v2.0.csv,118,source_reference_record,source_reference_record_unreviewed
CFIHOS-65000042,,foot per inch,ft/in,CFIHOS-45000108,LENRAT,length per length,,,,real,True,sha256:a69b98012d9e4a46495a3aed48eef8ce75a69d001eaa28b4c38cb0f3c921909d,CORE CFIHOS V2.0 CSV/CFIHOS CORE unit of measure v2.0.csv,119,source_reference_record,source_reference_record_unreviewed
CFIHOS-65000043,,foot per metre,ft/m,CFIHOS-45000108,LENRAT,length per length,,,,real,True,sha256:a69b98012d9e4a46495a3aed48eef8ce75a69d001eaa28b4c38cb0f3c921909d,CORE CFIHOS V2.0 CSV/CFIHOS CORE unit of measure v2.0.csv,120,source_reference_record,source_reference_record_unreviewed
CFIHOS-65000044,,foot per mile,ft/mi,CFIHOS-45000108,LENRAT,length per length,,,,real,True,sha256:a69b98012d9e4a46495a3aed48eef8ce75a69d001eaa28b4c38cb0f3c921909d,CORE CFIHOS V2.0 CSV/CFIHOS CORE unit of measure v2.0.csv,121,source_reference_record,source_reference_record_unreviewed
CFIHOS-65000045,,kilometre per centimetre,km/cm,CFIHOS-45000108,LENRAT,length per length,CFIHOS-60001649,SI,,real,True,sha256:a69b98012d9e4a46495a3aed48eef8ce75a69d001eaa28b4c38cb0f3c921909d,CORE CFIHOS V2.0 CSV/CFIHOS CORE unit of measure v2.0.csv,122,source_reference_record,source_reference_record_unreviewed
CFIHOS-65000046,,metre per centimetre,m/cm,CFIHOS-45000108,LENRAT,length per length,CFIHOS-60001649,SI,,real,True,sha256:a69b98012d9e4a46495a3aed48eef8ce75a69d001eaa28b4c38cb0f3c921909d,CORE CFIHOS V2.0 CSV/CFIHOS CORE unit of measure v2.0.csv,123,source_reference_record,source_reference_record_unreviewed
CFIHOS-65000047,,metre per kilometre,m/km,CFIHOS-45000108,LENRAT,length per length,CFIHOS-60001649,SI,,real,True,sha256:a69b98012d9e4a46495a3aed48eef8ce75a69d001eaa28b4c38cb0f3c921909d,CORE CFIHOS V2.0 CSV/CFIHOS CORE unit of measure v2.0.csv,124,source_reference_record,source_reference_record_unreviewed
CFIHOS-65000048,,mile per inch,mi/in,CFIHOS-45000108,LENRAT,length per length,,,,real,True,sha256:a69b98012d9e4a46495a3aed48eef8ce75a69d001eaa28b4c38cb0f3c921909d,CORE CFIHOS V2.0 CSV/CFIHOS CORE unit of measure v2.0.csv,125,source_reference_record,source_reference_record_unreviewed
CFIHOS-65000049,,square inch per square foot,in2/ft2,CFIHOS-45000060,ARERAT,area per area,,,,real,True,sha256:a69b98012d9e4a46495a3aed48eef8ce75a69d001eaa28b4c38cb0f3c921909d,CORE CFIHOS V2.0 CSV/CFIHOS CORE unit of measure v2.0.csv,126,source_reference_record,source_reference_record_unreviewed
CFIHOS-65000050,,square inch per square inch,in2/in2,CFIHOS-45000060,ARERAT,area per area,,,,real,True,sha256:a69b98012d9e4a46495a3aed48eef8ce75a69d001eaa28b4c38cb0f3c921909d,CORE CFIHOS V2.0 CSV/CFIHOS CORE unit of measure v2.0.csv,127,source_reference_record,source_reference_record_unreviewed
CFIHOS-65000051,,square millimetre per square millimetre,mm2/mm2,CFIHOS-45000060,ARERAT,area per area,CFIHOS-60001649,SI,,real,True,sha256:a69b98012d9e4a46495a3aed48eef8ce75a69d001eaa28b4c38cb0f3c921909d,CORE CFIHOS V2.0 CSV/CFIHOS CORE unit of measure v2.0.csv,128,source_reference_record,source_reference_record_unreviewed
CFIHOS-65000052,,barrel per thousand cubic foot,0.001 bbl/ft3,CFIHOS-45000044,VPROPO,volume proportion,,,,real,True,sha256:a69b98012d9e4a46495a3aed48eef8ce75a69d001eaa28b4c38cb0f3c921909d,CORE CFIHOS V2.0 CSV/CFIHOS CORE unit of measure v2.0.csv,129,source_reference_record,source_reference_record_unreviewed
CFIHOS-65000053,,barrel per thousand cubic metre,0.001 bbl/m3,CFIHOS-45000044,VPROPO,volume proportion,,,,real,True,sha256:a69b98012d9e4a46495a3aed48eef8ce75a69d001eaa28b4c38cb0f3c921909d,CORE CFIHOS V2.0 CSV/CFIHOS CORE unit of measure v2.0.csv,130,source_reference_record,source_reference_record_unreviewed
CFIHOS-65000054,,UK gallon per thousand barrel,0.001 gal[UK]/bbl,CFIHOS-45000044,VPROPO,volume proportion,,,,real,True,sha256:a69b98012d9e4a46495a3aed48eef8ce75a69d001eaa28b4c38cb0f3c921909d,CORE CFIHOS V2.0 CSV/CFIHOS CORE unit of measure v2.0.csv,131,source_reference_record,source_reference_record_unreviewed
CFIHOS-65000055,,UK gallon per thousand UK gallon,0.001 gal[UK]/gal[UK],CFIHOS-45000044,VPROPO,volume proportion,,,,real,True,sha256:a69b98012d9e4a46495a3aed48eef8ce75a69d001eaa28b4c38cb0f3c921909d,CORE CFIHOS V2.0 CSV/CFIHOS CORE unit of measure v2.0.csv,132,source_reference_record,source_reference_record_unreviewed
CFIHOS-65000056,,US gallon per thousand barrel,0.001 gal[US]/bbl,CFIHOS-45000044,VPROPO,volume proportion,,,,real,True,sha256:a69b98012d9e4a46495a3aed48eef8ce75a69d001eaa28b4c38cb0f3c921909d,CORE CFIHOS V2.0 CSV/CFIHOS CORE unit of measure v2.0.csv,133,source_reference_record,source_reference_record_unreviewed
CFIHOS-65000057,,US gallon per thousand cubic foot,0.001 gal[US]/ft3,CFIHOS-45000044,VPROPO,volume proportion,,,,real,True,sha256:a69b98012d9e4a46495a3aed48eef8ce75a69d001eaa28b4c38cb0f3c921909d,CORE CFIHOS V2.0 CSV/CFIHOS CORE unit of measure v2.0.csv,134,source_reference_record,source_reference_record_unreviewed
CFIHOS-65000058,,US gallon per thousand US gallon,0.001 gal[US]/gal[US],CFIHOS-45000044,VPROPO,volume proportion,,,,real,True,sha256:a69b98012d9e4a46495a3aed48eef8ce75a69d001eaa28b4c38cb0f3c921909d,CORE CFIHOS V2.0 CSV/CFIHOS CORE unit of measure v2.0.csv,135,source_reference_record,source_reference_record_unreviewed
CFIHOS-65000059,,UK pint per thousand barrel,0.001 pt[UK]/bbl,CFIHOS-45000044,VPROPO,volume proportion,,,,real,True,sha256:a69b98012d9e4a46495a3aed48eef8ce75a69d001eaa28b4c38cb0f3c921909d,CORE CFIHOS V2.0 CSV/CFIHOS CORE unit of measure v2.0.csv,136,source_reference_record,source_reference_record_unreviewed
CFIHOS-65000060,,barrel per hundred barrel,0.01 bbl/bbl,CFIHOS-45000044,VPROPO,volume proportion,,,,real,True,sha256:a69b98012d9e4a46495a3aed48eef8ce75a69d001eaa28b4c38cb0f3c921909d,CORE CFIHOS V2.0 CSV/CFIHOS CORE unit of measure v2.0.csv,137,source_reference_record,source_reference_record_unreviewed
CFIHOS-65000061,,US gallon per ten barrel,0.1 gal[US]/bbl,CFIHOS-45000044,VPROPO,volume proportion,,,,real,True,sha256:a69b98012d9e4a46495a3aed48eef8ce75a69d001eaa28b4c38cb0f3c921909d,CORE CFIHOS V2.0 CSV/CFIHOS CORE unit of measure v2.0.csv,138,source_reference_record,source_reference_record_unreviewed
CFIHOS-65000062,,litre per ten barrel,0.1 L/bbl,CFIHOS-45000044,VPROPO,volume proportion,,,,real,True,sha256:a69b98012d9e4a46495a3aed48eef8ce75a69d001eaa28b4c38cb0f3c921909d,CORE CFIHOS V2.0 CSV/CFIHOS CORE unit of measure v2.0.csv,139,source_reference_record,source_reference_record_unreviewed
CFIHOS-65000063,,US pint per ten barrel,0.1 pt[US]/bbl,CFIHOS-45000044,VPROPO,volume proportion,,,,real,True,sha256:a69b98012d9e4a46495a3aed48eef8ce75a69d001eaa28b4c38cb0f3c921909d,CORE CFIHOS V2.0 CSV/CFIHOS CORE unit of measure v2.0.csv,140,source_reference_record,source_reference_record_unreviewed
CFIHOS-65000064,,thousand cubic foot per barrel,1000 ft3/bbl,CFIHOS-45000044,VPROPO,volume proportion,,,,real,True,sha256:a69b98012d9e4a46495a3aed48eef8ce75a69d001eaa28b4c38cb0f3c921909d,CORE CFIHOS V2.0 CSV/CFIHOS CORE unit of measure v2.0.csv,141,source_reference_record,source_reference_record_unreviewed
CFIHOS-65000065,,thousand cubic metre per cubic metre,1000 m3/m3,CFIHOS-45000044,VPROPO,volume proportion,,,,real,True,sha256:a69b98012d9e4a46495a3aed48eef8ce75a69d001eaa28b4c38cb0f3c921909d,CORE CFIHOS V2.0 CSV/CFIHOS CORE unit of measure v2.0.csv,142,source_reference_record,source_reference_record_unreviewed
CFIHOS-65000066,,acre foot per million barrel,1E-6 acre.ft/bbl,CFIHOS-45000044,VPROPO,volume proportion,,,,real,True,sha256:a69b98012d9e4a46495a3aed48eef8ce75a69d001eaa28b4c38cb0f3c921909d,CORE CFIHOS V2.0 CSV/CFIHOS CORE unit of measure v2.0.csv,143,source_reference_record,source_reference_record_unreviewed
CFIHOS-65000067,,million barrel per acre foot,1E6 bbl/(acre.ft),CFIHOS-45000044,VPROPO,volume proportion,,,,real,True,sha256:a69b98012d9e4a46495a3aed48eef8ce75a69d001eaa28b4c38cb0f3c921909d,CORE CFIHOS V2.0 CSV/CFIHOS CORE unit of measure v2.0.csv,144,source_reference_record,source_reference_record_unreviewed
CFIHOS-65000068,,barrel per million cubic foot,1E-6 bbl/ft3,CFIHOS-45000044,VPROPO,volume proportion,,,,real,True,sha256:a69b98012d9e4a46495a3aed48eef8ce75a69d001eaa28b4c38cb0f3c921909d,CORE CFIHOS V2.0 CSV/CFIHOS CORE unit of measure v2.0.csv,145,source_reference_record,source_reference_record_unreviewed
CFIHOS-65000069,,barrel per million cubic metre,1E-6 bbl/m3,CFIHOS-45000044,VPROPO,volume proportion,,,,real,True,sha256:a69b98012d9e4a46495a3aed48eef8ce75a69d001eaa28b4c38cb0f3c921909d,CORE CFIHOS V2.0 CSV/CFIHOS CORE unit of measure v2.0.csv,146,source_reference_record,source_reference_record_unreviewed
CFIHOS-65000070,,million cubic foot per acre foot,1E6 ft3/(acre.ft),CFIHOS-45000044,VPROPO,volume proportion,,,,real,True,sha256:a69b98012d9e4a46495a3aed48eef8ce75a69d001eaa28b4c38cb0f3c921909d,CORE CFIHOS V2.0 CSV/CFIHOS CORE unit of measure v2.0.csv,147,source_reference_record,source_reference_record_unreviewed
CFIHOS-65000071,,million cubic foot per barrel,1E6 ft3/bbl,CFIHOS-45000044,VPROPO,volume proportion,,,,real,True,sha256:a69b98012d9e4a46495a3aed48eef8ce75a69d001eaa28b4c38cb0f3c921909d,CORE CFIHOS V2.0 CSV/CFIHOS CORE unit of measure v2.0.csv,148,source_reference_record,source_reference_record_unreviewed
CFIHOS-65000072,,barrel per acre foot,bbl/(acre.ft),CFIHOS-45000044,VPROPO,volume proportion,,,,real,True,sha256:a69b98012d9e4a46495a3aed48eef8ce75a69d001eaa28b4c38cb0f3c921909d,CORE CFIHOS V2.0 CSV/CFIHOS CORE unit of measure v2.0.csv,149,source_reference_record,source_reference_record_unreviewed
CFIHOS-65000073,,barrel per barrel,bbl/bbl,CFIHOS-45000044,VPROPO,volume proportion,,,,real,True,sha256:a69b98012d9e4a46495a3aed48eef8ce75a69d001eaa28b4c38cb0f3c921909d,CORE CFIHOS V2.0 CSV/CFIHOS CORE unit of measure v2.0.csv,150,source_reference_record,source_reference_record_unreviewed
CFIHOS-65000074,,barrel per cubic foot,bbl/ft3,CFIHOS-45000044,VPROPO,volume proportion,,,,real,True,sha256:a69b98012d9e4a46495a3aed48eef8ce75a69d001eaa28b4c38cb0f3c921909d,CORE CFIHOS V2.0 CSV/CFIHOS CORE unit of measure v2.0.csv,151,source_reference_record,source_reference_record_unreviewed
CFIHOS-65000075,,barrel per cubic metre,bbl/m3,CFIHOS-45000044,VPROPO,volume proportion,,,,real,True,sha256:a69b98012d9e4a46495a3aed48eef8ce75a69d001eaa28b4c38cb0f3c921909d,CORE CFIHOS V2.0 CSV/CFIHOS CORE unit of measure v2.0.csv,152,source_reference_record,source_reference_record_unreviewed
CFIHOS-65000076,,cubic centimetre per cubic centimetre,cm3/cm3,CFIHOS-45000044,VPROPO,volume proportion,CFIHOS-60001649,SI,,real,True,sha256:a69b98012d9e4a46495a3aed48eef8ce75a69d001eaa28b4c38cb0f3c921909d,CORE CFIHOS V2.0 CSV/CFIHOS CORE unit of measure v2.0.csv,153,source_reference_record,source_reference_record_unreviewed
CFIHOS-65000077,,cubic centimetre per litre,cm3/L,CFIHOS-45000044,VPROPO,volume proportion,CFIHOS-60001649,SI,,real,True,sha256:a69b98012d9e4a46495a3aed48eef8ce75a69d001eaa28b4c38cb0f3c921909d,CORE CFIHOS V2.0 CSV/CFIHOS CORE unit of measure v2.0.csv,154,source_reference_record,source_reference_record_unreviewed
CFIHOS-65000078,J87,cubic centimetre per cubic metre,cm3/m3,CFIHOS-45000044,VPROPO,volume proportion,CFIHOS-60001649,SI,,real,True,sha256:a69b98012d9e4a46495a3aed48eef8ce75a69d001eaa28b4c38cb0f3c921909d,CORE CFIHOS V2.0 CSV/CFIHOS CORE unit of measure v2.0.csv,155,source_reference_record,source_reference_record_unreviewed
CFIHOS-65000079,J91,cubic decimetre per cubic metre,dm3/m3,CFIHOS-45000044,VPROPO,volume proportion,CFIHOS-60001649,SI,,real,True,sha256:a69b98012d9e4a46495a3aed48eef8ce75a69d001eaa28b4c38cb0f3c921909d,CORE CFIHOS V2.0 CSV/CFIHOS CORE unit of measure v2.0.csv,156,source_reference_record,source_reference_record_unreviewed
CFIHOS-65000080,,cubic foot per barrel,ft3/bbl,CFIHOS-45000044,VPROPO,volume proportion,,,,real,True,sha256:a69b98012d9e4a46495a3aed48eef8ce75a69d001eaa28b4c38cb0f3c921909d,CORE CFIHOS V2.0 CSV/CFIHOS CORE unit of measure v2.0.csv,157,source_reference_record,source_reference_record_unreviewed
CFIHOS-65000081,,cubic foot per cubic foot,ft3/ft3,CFIHOS-45000044,VPROPO,volume proportion,,,,real,True,sha256:a69b98012d9e4a46495a3aed48eef8ce75a69d001eaa28b4c38cb0f3c921909d,CORE CFIHOS V2.0 CSV/CFIHOS CORE unit of measure v2.0.csv,158,source_reference_record,source_reference_record_unreviewed
CFIHOS-65000082,,UK gallon per cubic foot,gal[UK]/ft3,CFIHOS-45000044,VPROPO,volume proportion,,,,real,True,sha256:a69b98012d9e4a46495a3aed48eef8ce75a69d001eaa28b4c38cb0f3c921909d,CORE CFIHOS V2.0 CSV/CFIHOS CORE unit of measure v2.0.csv,159,source_reference_record,source_reference_record_unreviewed
CFIHOS-65000083,,US gallon per barrel,gal[US]/bbl,CFIHOS-45000044,VPROPO,volume proportion,,,,real,True,sha256:a69b98012d9e4a46495a3aed48eef8ce75a69d001eaa28b4c38cb0f3c921909d,CORE CFIHOS V2.0 CSV/CFIHOS CORE unit of measure v2.0.csv,160,source_reference_record,source_reference_record_unreviewed
CFIHOS-65000084,,US gallon per cubic foot,gal[US]/ft3,CFIHOS-45000044,VPROPO,volume proportion,,,,real,True,sha256:a69b98012d9e4a46495a3aed48eef8ce75a69d001eaa28b4c38cb0f3c921909d,CORE CFIHOS V2.0 CSV/CFIHOS CORE unit of measure v2.0.csv,161,source_reference_record,source_reference_record_unreviewed
CFIHOS-65000085,,litre per cubic metre,L/m3,CFIHOS-45000044,VPROPO,volume proportion,CFIHOS-60001649,SI,,real,True,sha256:a69b98012d9e4a46495a3aed48eef8ce75a69d001eaa28b4c38cb0f3c921909d,CORE CFIHOS V2.0 CSV/CFIHOS CORE unit of measure v2.0.csv,162,source_reference_record,source_reference_record_unreviewed
CFIHOS-65000086,,cubic metre per hectare metre,m3/(ha.m),CFIHOS-45000044,VPROPO,volume proportion,CFIHOS-60001649,SI,,real,True,sha256:a69b98012d9e4a46495a3aed48eef8ce75a69d001eaa28b4c38cb0f3c921909d,CORE CFIHOS V2.0 CSV/CFIHOS CORE unit of measure v2.0.csv,163,source_reference_record,source_reference_record_unreviewed
CFIHOS-65000087,,cubic metre per barrel,m3/bbl,CFIHOS-45000044,VPROPO,volume proportion,,,,real,True,sha256:a69b98012d9e4a46495a3aed48eef8ce75a69d001eaa28b4c38cb0f3c921909d,CORE CFIHOS V2.0 CSV/CFIHOS CORE unit of measure v2.0.csv,164,source_reference_record,source_reference_record_unreviewed
CFIHOS-65000088,,millilitre per UK gallon,mL/gal[UK],CFIHOS-45000044,VPROPO,volume proportion,,,,real,True,sha256:a69b98012d9e4a46495a3aed48eef8ce75a69d001eaa28b4c38cb0f3c921909d,CORE CFIHOS V2.0 CSV/CFIHOS CORE unit of measure v2.0.csv,165,source_reference_record,source_reference_record_unreviewed
CFIHOS-65000089,,millilitre per US gallon,mL/gal[US],CFIHOS-45000044,VPROPO,volume proportion,,,,real,True,sha256:a69b98012d9e4a46495a3aed48eef8ce75a69d001eaa28b4c38cb0f3c921909d,CORE CFIHOS V2.0 CSV/CFIHOS CORE unit of measure v2.0.csv,166,source_reference_record,source_reference_record_unreviewed
CFIHOS-65000090,,millilitre per millilitre,mL/mL,CFIHOS-45000044,VPROPO,volume proportion,CFIHOS-60001649,SI,,real,True,sha256:a69b98012d9e4a46495a3aed48eef8ce75a69d001eaa28b4c38cb0f3c921909d,CORE CFIHOS V2.0 CSV/CFIHOS CORE unit of measure v2.0.csv,167,source_reference_record,source_reference_record_unreviewed
CFIHOS-65000091,,thousand gram-force per kilogram-force,kgf/kgf,CFIHOS-45000096,FORRAT,force per force,,,,real,True,sha256:a69b98012d9e4a46495a3aed48eef8ce75a69d001eaa28b4c38cb0f3c921909d,CORE CFIHOS V2.0 CSV/CFIHOS CORE unit of measure v2.0.csv,168,source_reference_record,source_reference_record_unreviewed
CFIHOS-65000092,,pound-force per pound-force,lbf/lbf,CFIHOS-45000096,FORRAT,force per force,,,,real,True,sha256:a69b98012d9e4a46495a3aed48eef8ce75a69d001eaa28b4c38cb0f3c921909d,CORE CFIHOS V2.0 CSV/CFIHOS CORE unit of measure v2.0.csv,169,source_reference_record,source_reference_record_unreviewed
CFIHOS-65000093,,millisecond per second,ms/s,CFIHOS-45000172,TPERT,time per time,CFIHOS-60001649,SI,,real,True,sha256:a69b98012d9e4a46495a3aed48eef8ce75a69d001eaa28b4c38cb0f3c921909d,CORE CFIHOS V2.0 CSV/CFIHOS CORE unit of measure v2.0.csv,170,source_reference_record,source_reference_record_unreviewed
CFIHOS-65000094,,BTU per horsepower hour,Btu[IT]/(hp.h),CFIHOS-45000146,PWPERP,power per power,,,,real,True,sha256:a69b98012d9e4a46495a3aed48eef8ce75a69d001eaa28b4c38cb0f3c921909d,CORE CFIHOS V2.0 CSV/CFIHOS CORE unit of measure v2.0.csv,171,source_reference_record,source_reference_record_unreviewed
CFIHOS-65000095,,watt per kilowatt,W/kW,CFIHOS-45000146,PWPERP,power per power,CFIHOS-60001649,SI,,real,True,sha256:a69b98012d9e4a46495a3aed48eef8ce75a69d001eaa28b4c38cb0f3c921909d,CORE CFIHOS V2.0 CSV/CFIHOS CORE unit of measure v2.0.csv,172,source_reference_record,source_reference_record_unreviewed
CFIHOS-65000096,,centieuclid,cEuc,CFIHOS-45000045,NODMNS,dimensionless,CFIHOS-60001649,SI,,real,True,sha256:a69b98012d9e4a46495a3aed48eef8ce75a69d001eaa28b4c38cb0f3c921909d,CORE CFIHOS V2.0 CSV/CFIHOS CORE unit of measure v2.0.csv,173,source_reference_record,source_reference_record_unreviewed
CFIHOS-65000097,,decieuclid,dEuc,CFIHOS-45000045,NODMNS,dimensionless,CFIHOS-60001649,SI,,real,True,sha256:a69b98012d9e4a46495a3aed48eef8ce75a69d001eaa28b4c38cb0f3c921909d,CORE CFIHOS V2.0 CSV/CFIHOS CORE unit of measure v2.0.csv,174,source_reference_record,source_reference_record_unreviewed
CFIHOS-65000098,,exaeuclid,EEuc,CFIHOS-45000045,NODMNS,dimensionless,CFIHOS-60001649,SI,,real,True,sha256:a69b98012d9e4a46495a3aed48eef8ce75a69d001eaa28b4c38cb0f3c921909d,CORE CFIHOS V2.0 CSV/CFIHOS CORE unit of measure v2.0.csv,175,source_reference_record,source_reference_record_unreviewed
CFIHOS-65000099,,femtoeuclid,fEuc,CFIHOS-45000045,NODMNS,dimensionless,CFIHOS-60001649,SI,,real,True,sha256:a69b98012d9e4a46495a3aed48eef8ce75a69d001eaa28b4c38cb0f3c921909d,CORE CFIHOS V2.0 CSV/CFIHOS CORE unit of measure v2.0.csv,176,source_reference_record,source_reference_record_unreviewed
CFIHOS-65000100,,gigaeuclid,GEuc,CFIHOS-45000045,NODMNS,dimensionless,CFIHOS-60001649,SI,,real,True,sha256:a69b98012d9e4a46495a3aed48eef8ce75a69d001eaa28b4c38cb0f3c921909d,CORE CFIHOS V2.0 CSV/CFIHOS CORE unit of measure v2.0.csv,177,source_reference_record,source_reference_record_unreviewed
CFIHOS-65000101,,kiloeuclid,kEuc,CFIHOS-45000045,NODMNS,dimensionless,CFIHOS-60001649,SI,,real,True,sha256:a69b98012d9e4a46495a3aed48eef8ce75a69d001eaa28b4c38cb0f3c921909d,CORE CFIHOS V2.0 CSV/CFIHOS CORE unit of measure v2.0.csv,178,source_reference_record,source_reference_record_unreviewed
CFIHOS-65000102,,millieuclid,mEuc,CFIHOS-45000045,NODMNS,dimensionless,CFIHOS-60001649,SI,,real,True,sha256:a69b98012d9e4a46495a3aed48eef8ce75a69d001eaa28b4c38cb0f3c921909d,CORE CFIHOS V2.0 CSV/CFIHOS CORE unit of measure v2.0.csv,179,source_reference_record,source_reference_record_unreviewed
CFIHOS-65000103,,megaeuclid,MEuc,CFIHOS-45000045,NODMNS,dimensionless,CFIHOS-60001649,SI,,real,True,sha256:a69b98012d9e4a46495a3aed48eef8ce75a69d001eaa28b4c38cb0f3c921909d,CORE CFIHOS V2.0 CSV/CFIHOS CORE unit of measure v2.0.csv,180,source_reference_record,source_reference_record_unreviewed
CFIHOS-65000104,,nanoeuclid,nEuc,CFIHOS-45000048;CFIHOS-45000045,AMSPAS;NODMNS,amount of substance per amount of substance;dimensionless,CFIHOS-60001649,SI,,real,True,sha256:a69b98012d9e4a46495a3aed48eef8ce75a69d001eaa28b4c38cb0f3c921909d,CORE CFIHOS V2.0 CSV/CFIHOS CORE unit of measure v2.0.csv,181,source_reference_record,source_reference_record_unreviewed
CFIHOS-65000105,,picoeuclid,pEuc,CFIHOS-45000045,NODMNS,dimensionless,CFIHOS-60001649,SI,,real,True,sha256:a69b98012d9e4a46495a3aed48eef8ce75a69d001eaa28b4c38cb0f3c921909d,CORE CFIHOS V2.0 CSV/CFIHOS CORE unit of measure v2.0.csv,182,source_reference_record,source_reference_record_unreviewed
CFIHOS-65000106,,teraeuclid,TEuc,CFIHOS-45000045,NODMNS,dimensionless,CFIHOS-60001649,SI,,real,True,sha256:a69b98012d9e4a46495a3aed48eef8ce75a69d001eaa28b4c38cb0f3c921909d,CORE CFIHOS V2.0 CSV/CFIHOS CORE unit of measure v2.0.csv,183,source_reference_record,source_reference_record_unreviewed
CFIHOS-65000107,,microeuclid,uEuc,CFIHOS-45000045,NODMNS,dimensionless,CFIHOS-60001649,SI,,real,True,sha256:a69b98012d9e4a46495a3aed48eef8ce75a69d001eaa28b4c38cb0f3c921909d,CORE CFIHOS V2.0 CSV/CFIHOS CORE unit of measure v2.0.csv,184,source_reference_record,source_reference_record_unreviewed
CFIHOS-65000108,E64,kibibyte,Kibyte,CFIHOS-45000073,DIGSTO,digital storage,,,,real,True,sha256:a69b98012d9e4a46495a3aed48eef8ce75a69d001eaa28b4c38cb0f3c921909d,CORE CFIHOS V2.0 CSV/CFIHOS CORE unit of measure v2.0.csv,185,source_reference_record,source_reference_record_unreviewed
CFIHOS-65000109,E63,mebibyte,Mibyte,CFIHOS-45000073,DIGSTO,digital storage,,,,real,True,sha256:a69b98012d9e4a46495a3aed48eef8ce75a69d001eaa28b4c38cb0f3c921909d,CORE CFIHOS V2.0 CSV/CFIHOS CORE unit of measure v2.0.csv,186,source_reference_record,source_reference_record_unreviewed
CFIHOS-65000110,,per delta Celsius,1/deltaC,CFIHOS-45000179,VOLTEX,volumetric thermal expansion,CFIHOS-60001649,SI,,real,True,sha256:a69b98012d9e4a46495a3aed48eef8ce75a69d001eaa28b4c38cb0f3c921909d,CORE CFIHOS V2.0 CSV/CFIHOS CORE unit of measure v2.0.csv,187,source_reference_record,source_reference_record_unreviewed
CFIHOS-65000111,,per delta Fahrenheit,1/deltaF,CFIHOS-45000179,VOLTEX,volumetric thermal expansion,,,,real,True,sha256:a69b98012d9e4a46495a3aed48eef8ce75a69d001eaa28b4c38cb0f3c921909d,CORE CFIHOS V2.0 CSV/CFIHOS CORE unit of measure v2.0.csv,188,source_reference_record,source_reference_record_unreviewed
CFIHOS-65000112,,per delta Rankine,1/deltaR,CFIHOS-45000179,VOLTEX,volumetric thermal expansion,,,,real,True,sha256:a69b98012d9e4a46495a3aed48eef8ce75a69d001eaa28b4c38cb0f3c921909d,CORE CFIHOS V2.0 CSV/CFIHOS CORE unit of measure v2.0.csv,189,source_reference_record,source_reference_record_unreviewed
CFIHOS-65000113,,per delta kelvin,1/deltaK,CFIHOS-45000179;CFIHOS-45000111,VOLTEX;LINTEX,volumetric thermal expansion;linear thermal expansion,CFIHOS-60001649,SI,,real,True,sha256:a69b98012d9e4a46495a3aed48eef8ce75a69d001eaa28b4c38cb0f3c921909d,CORE CFIHOS V2.0 CSV/CFIHOS CORE unit of measure v2.0.csv,190,source_reference_record,source_reference_record_unreviewed
CFIHOS-65000114,,metre per metre delta kelvin,m/(m.deltaK),CFIHOS-45000111,LINTEX,linear thermal expansion,CFIHOS-60001649,SI,,real,True,sha256:a69b98012d9e4a46495a3aed48eef8ce75a69d001eaa28b4c38cb0f3c921909d,CORE CFIHOS V2.0 CSV/CFIHOS CORE unit of measure v2.0.csv,191,source_reference_record,source_reference_record_unreviewed
CFIHOS-65000115,,cubic metre per cubic metre delta kelvin,m3/(m3.deltaK),CFIHOS-45000179,VOLTEX,volumetric thermal expansion,CFIHOS-60001649,SI,,real,True,sha256:a69b98012d9e4a46495a3aed48eef8ce75a69d001eaa28b4c38cb0f3c921909d,CORE CFIHOS V2.0 CSV/CFIHOS CORE unit of measure v2.0.csv,192,source_reference_record,source_reference_record_unreviewed
CFIHOS-65000116,,inch per inch delta Fahrenheit,in/(in.deltaF),CFIHOS-45000111,LINTEX,linear thermal expansion,,,,real,True,sha256:a69b98012d9e4a46495a3aed48eef8ce75a69d001eaa28b4c38cb0f3c921909d,CORE CFIHOS V2.0 CSV/CFIHOS CORE unit of measure v2.0.csv,193,source_reference_record,source_reference_record_unreviewed
CFIHOS-65000117,,millimetre per millimetre delta kelvin,mm/(mm.deltaK),CFIHOS-45000111,LINTEX,linear thermal expansion,CFIHOS-60001649,SI,,real,True,sha256:a69b98012d9e4a46495a3aed48eef8ce75a69d001eaa28b4c38cb0f3c921909d,CORE CFIHOS V2.0 CSV/CFIHOS CORE unit of measure v2.0.csv,194,source_reference_record,source_reference_record_unreviewed
CFIHOS-65000118,,(cubic metre per million cubic metre) per delta Celsius,1E-6 m3/(m3.deltaC),CFIHOS-45000179,VOLTEX,volumetric thermal expansion,,,,real,True,sha256:a69b98012d9e4a46495a3aed48eef8ce75a69d001eaa28b4c38cb0f3c921909d,CORE CFIHOS V2.0 CSV/CFIHOS CORE unit of measure v2.0.csv,195,source_reference_record,source_reference_record_unreviewed
CFIHOS-65000119,,(cubic metre per million cubic metre) per delta Fahrenheit,1E-6 m3/(m3.deltaF),CFIHOS-45000179,VOLTEX,volumetric thermal expansion,,,,real,True,sha256:a69b98012d9e4a46495a3aed48eef8ce75a69d001eaa28b4c38cb0f3c921909d,CORE CFIHOS V2.0 CSV/CFIHOS CORE unit of measure v2.0.csv,196,source_reference_record,source_reference_record_unreviewed
CFIHOS-65000120,,(part per million [volume basis]) per delta Celsius,ppm[vol]/deltaC,CFIHOS-45000179,VOLTEX,volumetric thermal expansion,,,,real,True,sha256:a69b98012d9e4a46495a3aed48eef8ce75a69d001eaa28b4c38cb0f3c921909d,CORE CFIHOS V2.0 CSV/CFIHOS CORE unit of measure v2.0.csv,197,source_reference_record,source_reference_record_unreviewed
CFIHOS-65000121,,(part per million [volume basis)] per delta Fahrenheit,ppm[vol]/deltaF,CFIHOS-45000179,VOLTEX,volumetric thermal expansion,,,,real,True,sha256:a69b98012d9e4a46495a3aed48eef8ce75a69d001eaa28b4c38cb0f3c921909d,CORE CFIHOS V2.0 CSV/CFIHOS CORE unit of measure v2.0.csv,198,source_reference_record,source_reference_record_unreviewed
CFIHOS-65000122,,capture unit,cu,CFIHOS-45000062,ARPVOL,area per volume,,,,real,True,sha256:a69b98012d9e4a46495a3aed48eef8ce75a69d001eaa28b4c38cb0f3c921909d,CORE CFIHOS V2.0 CSV/CFIHOS CORE unit of measure v2.0.csv,199,source_reference_record,source_reference_record_unreviewed
CFIHOS-65000123,,per angstrom,1/angstrom,CFIHOS-45000155,RECLEN,reciprocal length,CFIHOS-60001649,SI,,real,True,sha256:a69b98012d9e4a46495a3aed48eef8ce75a69d001eaa28b4c38cb0f3c921909d,CORE CFIHOS V2.0 CSV/CFIHOS CORE unit of measure v2.0.csv,200,source_reference_record,source_reference_record_unreviewed
CFIHOS-65000124,,per centimetre,1/cm,CFIHOS-45000155,RECLEN,reciprocal length,CFIHOS-60001649,SI,,real,True,sha256:a69b98012d9e4a46495a3aed48eef8ce75a69d001eaa28b4c38cb0f3c921909d,CORE CFIHOS V2.0 CSV/CFIHOS CORE unit of measure v2.0.csv,201,source_reference_record,source_reference_record_unreviewed
CFIHOS-65000125,,per foot,1/ft,CFIHOS-45000155,RECLEN,reciprocal length,,,,real,True,sha256:a69b98012d9e4a46495a3aed48eef8ce75a69d001eaa28b4c38cb0f3c921909d,CORE CFIHOS V2.0 CSV/CFIHOS CORE unit of measure v2.0.csv,202,source_reference_record,source_reference_record_unreviewed
CFIHOS-65000126,,per inch,1/in,CFIHOS-45000155,RECLEN,reciprocal length,,,,real,True,sha256:a69b98012d9e4a46495a3aed48eef8ce75a69d001eaa28b4c38cb0f3c921909d,CORE CFIHOS V2.0 CSV/CFIHOS CORE unit of measure v2.0.csv,203,source_reference_record,source_reference_record_unreviewed
CFIHOS-65000127,,per mile,1/mi,CFIHOS-45000155,RECLEN,reciprocal length,,,,real,True,sha256:a69b98012d9e4a46495a3aed48eef8ce75a69d001eaa28b4c38cb0f3c921909d,CORE CFIHOS V2.0 CSV/CFIHOS CORE unit of measure v2.0.csv,204,source_reference_record,source_reference_record_unreviewed
CFIHOS-65000128,,per millimetre,1/mm,CFIHOS-45000155,RECLEN,reciprocal length,CFIHOS-60001649,SI,,real,True,sha256:a69b98012d9e4a46495a3aed48eef8ce75a69d001eaa28b4c38cb0f3c921909d,CORE CFIHOS V2.0 CSV/CFIHOS CORE unit of measure v2.0.csv,205,source_reference_record,source_reference_record_unreviewed
CFIHOS-65000129,,per nanometre,1/nm,CFIHOS-45000155,RECLEN,reciprocal length,CFIHOS-60001649,SI,,real,True,sha256:a69b98012d9e4a46495a3aed48eef8ce75a69d001eaa28b4c38cb0f3c921909d,CORE CFIHOS V2.0 CSV/CFIHOS CORE unit of measure v2.0.csv,206,source_reference_record,source_reference_record_unreviewed
CFIHOS-65000130,,per yard,1/yd,CFIHOS-45000155,RECLEN,reciprocal length,,,,real,True,sha256:a69b98012d9e4a46495a3aed48eef8ce75a69d001eaa28b4c38cb0f3c921909d,CORE CFIHOS V2.0 CSV/CFIHOS CORE unit of measure v2.0.csv,207,source_reference_record,source_reference_record_unreviewed
CFIHOS-65000131,,per thousand million foot,1E-9 1/ft,CFIHOS-45000155,RECLEN,reciprocal length,,,,real,True,sha256:a69b98012d9e4a46495a3aed48eef8ce75a69d001eaa28b4c38cb0f3c921909d,CORE CFIHOS V2.0 CSV/CFIHOS CORE unit of measure v2.0.csv,208,source_reference_record,source_reference_record_unreviewed
CFIHOS-65000132,,barn per cubic centimetre,b/cm3,CFIHOS-45000062,ARPVOL,area per volume,CFIHOS-60001649,SI,,real,True,sha256:a69b98012d9e4a46495a3aed48eef8ce75a69d001eaa28b4c38cb0f3c921909d,CORE CFIHOS V2.0 CSV/CFIHOS CORE unit of measure v2.0.csv,209,source_reference_record,source_reference_record_unreviewed
CFIHOS-65000133,,square foot per cubic inch,ft2/in3,CFIHOS-45000062,ARPVOL,area per volume,,,,real,True,sha256:a69b98012d9e4a46495a3aed48eef8ce75a69d001eaa28b4c38cb0f3c921909d,CORE CFIHOS V2.0 CSV/CFIHOS CORE unit of measure v2.0.csv,210,source_reference_record,source_reference_record_unreviewed
CFIHOS-65000134,,square metre per cubic centimetre,m2/cm3,CFIHOS-45000062,ARPVOL,area per volume,CFIHOS-60001649,SI,,real,True,sha256:a69b98012d9e4a46495a3aed48eef8ce75a69d001eaa28b4c38cb0f3c921909d,CORE CFIHOS V2.0 CSV/CFIHOS CORE unit of measure v2.0.csv,211,source_reference_record,source_reference_record_unreviewed
CFIHOS-65000135,,per metre,1/m,CFIHOS-45000062;CFIHOS-45000155,ARPVOL;RECLEN,area per volume;reciprocal length,CFIHOS-60001649,SI,,real,True,sha256:a69b98012d9e4a46495a3aed48eef8ce75a69d001eaa28b4c38cb0f3c921909d,CORE CFIHOS V2.0 CSV/CFIHOS CORE unit of measure v2.0.csv,212,source_reference_record,source_reference_record_unreviewed
CFIHOS-65000136,Q36,square metre per cubic metre,m2/m3,CFIHOS-45000062,ARPVOL,area per volume,CFIHOS-60001649,SI,,real,True,sha256:a69b98012d9e4a46495a3aed48eef8ce75a69d001eaa28b4c38cb0f3c921909d,CORE CFIHOS V2.0 CSV/CFIHOS CORE unit of measure v2.0.csv,213,source_reference_record,source_reference_record_unreviewed
CFIHOS-65000137,,per square foot,1/ft2,CFIHOS-45000153,RECARE,reciprocal area,,,,real,True,sha256:a69b98012d9e4a46495a3aed48eef8ce75a69d001eaa28b4c38cb0f3c921909d,CORE CFIHOS V2.0 CSV/CFIHOS CORE unit of measure v2.0.csv,214,source_reference_record,source_reference_record_unreviewed
CFIHOS-65000138,,per square kilometre,1/km2,CFIHOS-45000153,RECARE,reciprocal area,CFIHOS-60001649,SI,,real,True,sha256:a69b98012d9e4a46495a3aed48eef8ce75a69d001eaa28b4c38cb0f3c921909d,CORE CFIHOS V2.0 CSV/CFIHOS CORE unit of measure v2.0.csv,215,source_reference_record,source_reference_record_unreviewed
CFIHOS-65000139,,per square mile,1/mi2,CFIHOS-45000153,RECARE,reciprocal area,,,,real,True,sha256:a69b98012d9e4a46495a3aed48eef8ce75a69d001eaa28b4c38cb0f3c921909d,CORE CFIHOS V2.0 CSV/CFIHOS CORE unit of measure v2.0.csv,216,source_reference_record,source_reference_record_unreviewed
CFIHOS-65000140,,per square metre,1/m2,CFIHOS-45000153,RECARE,reciprocal area,CFIHOS-60001649,SI,,real,True,sha256:a69b98012d9e4a46495a3aed48eef8ce75a69d001eaa28b4c38cb0f3c921909d,CORE CFIHOS V2.0 CSV/CFIHOS CORE unit of measure v2.0.csv,217,source_reference_record,source_reference_record_unreviewed
CFIHOS-65000141,,metre per cubic metre,m/m3,CFIHOS-45000113,LPVOL,length per volume,CFIHOS-60001649,SI,,real,True,sha256:a69b98012d9e4a46495a3aed48eef8ce75a69d001eaa28b4c38cb0f3c921909d,CORE CFIHOS V2.0 CSV/CFIHOS CORE unit of measure v2.0.csv,218,source_reference_record,source_reference_record_unreviewed
CFIHOS-65000142,,foot per barrel,ft/bbl,CFIHOS-45000113,LPVOL,length per volume,,,,real,True,sha256:a69b98012d9e4a46495a3aed48eef8ce75a69d001eaa28b4c38cb0f3c921909d,CORE CFIHOS V2.0 CSV/CFIHOS CORE unit of measure v2.0.csv,219,source_reference_record,source_reference_record_unreviewed
CFIHOS-65000143,,foot per cubic foot,ft/ft3,CFIHOS-45000113,LPVOL,length per volume,,,,real,True,sha256:a69b98012d9e4a46495a3aed48eef8ce75a69d001eaa28b4c38cb0f3c921909d,CORE CFIHOS V2.0 CSV/CFIHOS CORE unit of measure v2.0.csv,220,source_reference_record,source_reference_record_unreviewed
CFIHOS-65000144,,foot per US gallon,ft/gal[US],CFIHOS-45000113,LPVOL,length per volume,,,,real,True,sha256:a69b98012d9e4a46495a3aed48eef8ce75a69d001eaa28b4c38cb0f3c921909d,CORE CFIHOS V2.0 CSV/CFIHOS CORE unit of measure v2.0.csv,221,source_reference_record,source_reference_record_unreviewed
CFIHOS-65000145,,kilometre per cubic decimetre,km/dm3,CFIHOS-45000113,LPVOL,length per volume,CFIHOS-60001649,SI,,real,True,sha256:a69b98012d9e4a46495a3aed48eef8ce75a69d001eaa28b4c38cb0f3c921909d,CORE CFIHOS V2.0 CSV/CFIHOS CORE unit of measure v2.0.csv,222,source_reference_record,source_reference_record_unreviewed
CFIHOS-65000146,,kilometre per litre,km/L,CFIHOS-45000113,LPVOL,length per volume,CFIHOS-60001649,SI,,real,True,sha256:a69b98012d9e4a46495a3aed48eef8ce75a69d001eaa28b4c38cb0f3c921909d,CORE CFIHOS V2.0 CSV/CFIHOS CORE unit of measure v2.0.csv,223,source_reference_record,source_reference_record_unreviewed
CFIHOS-65000147,,mile per UK gallon,mi/gal[UK],CFIHOS-45000113,LPVOL,length per volume,,,,real,True,sha256:a69b98012d9e4a46495a3aed48eef8ce75a69d001eaa28b4c38cb0f3c921909d,CORE CFIHOS V2.0 CSV/CFIHOS CORE unit of measure v2.0.csv,224,source_reference_record,source_reference_record_unreviewed
CFIHOS-65000148,,mile per US gallon,mi/gal[US],CFIHOS-45000113,LPVOL,length per volume,,,,real,True,sha256:a69b98012d9e4a46495a3aed48eef8ce75a69d001eaa28b4c38cb0f3c921909d,CORE CFIHOS V2.0 CSV/CFIHOS CORE unit of measure v2.0.csv,225,source_reference_record,source_reference_record_unreviewed
CFIHOS-65000149,,per barrel,1/bbl,CFIHOS-45000161,RECVOL,reciprocal volume,,,,real,True,sha256:a69b98012d9e4a46495a3aed48eef8ce75a69d001eaa28b4c38cb0f3c921909d,CORE CFIHOS V2.0 CSV/CFIHOS CORE unit of measure v2.0.csv,226,source_reference_record,source_reference_record_unreviewed
CFIHOS-65000150,,per cubic foot,1/ft3,CFIHOS-45000161,RECVOL,reciprocal volume,,,,real,True,sha256:a69b98012d9e4a46495a3aed48eef8ce75a69d001eaa28b4c38cb0f3c921909d,CORE CFIHOS V2.0 CSV/CFIHOS CORE unit of measure v2.0.csv,227,source_reference_record,source_reference_record_unreviewed
CFIHOS-65000151,,per UK gallon,1/gal[UK],CFIHOS-45000161,RECVOL,reciprocal volume,,,,real,True,sha256:a69b98012d9e4a46495a3aed48eef8ce75a69d001eaa28b4c38cb0f3c921909d,CORE CFIHOS V2.0 CSV/CFIHOS CORE unit of measure v2.0.csv,228,source_reference_record,source_reference_record_unreviewed
CFIHOS-65000152,,per US gallon,1/gal[US],CFIHOS-45000161,RECVOL,reciprocal volume,,,,real,True,sha256:a69b98012d9e4a46495a3aed48eef8ce75a69d001eaa28b4c38cb0f3c921909d,CORE CFIHOS V2.0 CSV/CFIHOS CORE unit of measure v2.0.csv,229,source_reference_record,source_reference_record_unreviewed
CFIHOS-65000153,,per litre,1/L,CFIHOS-45000161,RECVOL,reciprocal volume,CFIHOS-60001649,SI,,real,True,sha256:a69b98012d9e4a46495a3aed48eef8ce75a69d001eaa28b4c38cb0f3c921909d,CORE CFIHOS V2.0 CSV/CFIHOS CORE unit of measure v2.0.csv,230,source_reference_record,source_reference_record_unreviewed
CFIHOS-65000154,,per cubic metre,1/m3,CFIHOS-45000161,RECVOL,reciprocal volume,CFIHOS-60001649,SI,,real,True,sha256:a69b98012d9e4a46495a3aed48eef8ce75a69d001eaa28b4c38cb0f3c921909d,CORE CFIHOS V2.0 CSV/CFIHOS CORE unit of measure v2.0.csv,231,source_reference_record,source_reference_record_unreviewed
CFIHOS-65000155,,per gram,1/g,CFIHOS-45000156,RECMAS,reciprocal mass,CFIHOS-60001649,SI,,real,True,sha256:a69b98012d9e4a46495a3aed48eef8ce75a69d001eaa28b4c38cb0f3c921909d,CORE CFIHOS V2.0 CSV/CFIHOS CORE unit of measure v2.0.csv,232,source_reference_record,source_reference_record_unreviewed
CFIHOS-65000156,,per pound,1/lbm,CFIHOS-45000156,RECMAS,reciprocal mass,,,,real,True,sha256:a69b98012d9e4a46495a3aed48eef8ce75a69d001eaa28b4c38cb0f3c921909d,CORE CFIHOS V2.0 CSV/CFIHOS CORE unit of measure v2.0.csv,233,source_reference_record,source_reference_record_unreviewed
CFIHOS-65000157,,per kilogram,1/kg,CFIHOS-45000156,RECMAS,reciprocal mass,CFIHOS-60001649,SI,,real,True,sha256:a69b98012d9e4a46495a3aed48eef8ce75a69d001eaa28b4c38cb0f3c921909d,CORE CFIHOS V2.0 CSV/CFIHOS CORE unit of measure v2.0.csv,234,source_reference_record,source_reference_record_unreviewed
CFIHOS-65000158,,per (kilogram per second),1/(kg.s),CFIHOS-45000157,RECMT,reciprocal (mass time),CFIHOS-60001649,SI,,real,True,sha256:a69b98012d9e4a46495a3aed48eef8ce75a69d001eaa28b4c38cb0f3c921909d,CORE CFIHOS V2.0 CSV/CFIHOS CORE unit of measure v2.0.csv,235,source_reference_record,source_reference_record_unreviewed
CFIHOS-65000159,,picocurie per gram,pCi/g,CFIHOS-45000157,RECMT,reciprocal (mass time),,,,real,True,sha256:a69b98012d9e4a46495a3aed48eef8ce75a69d001eaa28b4c38cb0f3c921909d,CORE CFIHOS V2.0 CSV/CFIHOS CORE unit of measure v2.0.csv,236,source_reference_record,source_reference_record_unreviewed
CFIHOS-65000160,A18,becquerel per kilogram,Bq/kg,CFIHOS-45000157,RECMT,reciprocal (mass time),CFIHOS-60001649,SI,,real,True,sha256:a69b98012d9e4a46495a3aed48eef8ce75a69d001eaa28b4c38cb0f3c921909d,CORE CFIHOS V2.0 CSV/CFIHOS CORE unit of measure v2.0.csv,237,source_reference_record,source_reference_record_unreviewed
CFIHOS-65000161,CUR,curie,Ci,CFIHOS-45000150,RADACT,activity [of radioactivity],CFIHOS-60001649,SI,,real,True,sha256:a69b98012d9e4a46495a3aed48eef8ce75a69d001eaa28b4c38cb0f3c921909d,CORE CFIHOS V2.0 CSV/CFIHOS CORE unit of measure v2.0.csv,238,source_reference_record,source_reference_record_unreviewed
CFIHOS-65000162,J38,baud,Bd,CFIHOS-45000164,SIGPT,signaling event per time,CFIHOS-60001649,SI,,real,True,sha256:a69b98012d9e4a46495a3aed48eef8ce75a69d001eaa28b4c38cb0f3c921909d,CORE CFIHOS V2.0 CSV/CFIHOS CORE unit of measure v2.0.csv,239,source_reference_record,source_reference_record_unreviewed
CFIHOS-65000163,BQL,becquerel,Bq,CFIHOS-45000150,RADACT,activity [of radioactivity],CFIHOS-60001649,SI,,real,True,sha256:a69b98012d9e4a46495a3aed48eef8ce75a69d001eaa28b4c38cb0f3c921909d,CORE CFIHOS V2.0 CSV/CFIHOS CORE unit of measure v2.0.csv,240,source_reference_record,source_reference_record_unreviewed
CFIHOS-65000164,,per julian-year,1/a,CFIHOS-45000160,RECTIM,reciprocal time,,,,real,True,sha256:a69b98012d9e4a46495a3aed48eef8ce75a69d001eaa28b4c38cb0f3c921909d,CORE CFIHOS V2.0 CSV/CFIHOS CORE unit of measure v2.0.csv,241,source_reference_record,source_reference_record_unreviewed
CFIHOS-65000165,,per day,1/d,CFIHOS-45000160,RECTIM,reciprocal time,CFIHOS-60001649,SI,,real,True,sha256:a69b98012d9e4a46495a3aed48eef8ce75a69d001eaa28b4c38cb0f3c921909d,CORE CFIHOS V2.0 CSV/CFIHOS CORE unit of measure v2.0.csv,242,source_reference_record,source_reference_record_unreviewed
CFIHOS-65000166,,per hour,1/h,CFIHOS-45000160,RECTIM,reciprocal time,CFIHOS-60001649,SI,,real,True,sha256:a69b98012d9e4a46495a3aed48eef8ce75a69d001eaa28b4c38cb0f3c921909d,CORE CFIHOS V2.0 CSV/CFIHOS CORE unit of measure v2.0.csv,243,source_reference_record,source_reference_record_unreviewed
CFIHOS-65000167,,per minute,1/min,CFIHOS-45000160,RECTIM,reciprocal time,CFIHOS-60001649,SI,,real,True,sha256:a69b98012d9e4a46495a3aed48eef8ce75a69d001eaa28b4c38cb0f3c921909d,CORE CFIHOS V2.0 CSV/CFIHOS CORE unit of measure v2.0.csv,244,source_reference_record,source_reference_record_unreviewed
CFIHOS-65000168,,per millisecond,1/ms,CFIHOS-45000160,RECTIM,reciprocal time,CFIHOS-60001649,SI,,real,True,sha256:a69b98012d9e4a46495a3aed48eef8ce75a69d001eaa28b4c38cb0f3c921909d,CORE CFIHOS V2.0 CSV/CFIHOS CORE unit of measure v2.0.csv,245,source_reference_record,source_reference_record_unreviewed
CFIHOS-65000169,,per microsecond,1/us,CFIHOS-45000160,RECTIM,reciprocal time,CFIHOS-60001649,SI,,real,True,sha256:a69b98012d9e4a46495a3aed48eef8ce75a69d001eaa28b4c38cb0f3c921909d,CORE CFIHOS V2.0 CSV/CFIHOS CORE unit of measure v2.0.csv,246,source_reference_record,source_reference_record_unreviewed
CFIHOS-65000170,,per week,1/wk,CFIHOS-45000160,RECTIM,reciprocal time,,,,real,True,sha256:a69b98012d9e4a46495a3aed48eef8ce75a69d001eaa28b4c38cb0f3c921909d,CORE CFIHOS V2.0 CSV/CFIHOS CORE unit of measure v2.0.csv,247,source_reference_record,source_reference_record_unreviewed
CFIHOS-65000171,P93,byte per second,byte/s,CFIHOS-45000067,DATATS,data transfer speed,,,,real,True,sha256:a69b98012d9e4a46495a3aed48eef8ce75a69d001eaa28b4c38cb0f3c921909d,CORE CFIHOS V2.0 CSV/CFIHOS CORE unit of measure v2.0.csv,248,source_reference_record,source_reference_record_unreviewed
CFIHOS-65000172,,per second,1/s,CFIHOS-45000160,RECTIM,reciprocal time,CFIHOS-60001649,SI,,real,True,sha256:a69b98012d9e4a46495a3aed48eef8ce75a69d001eaa28b4c38cb0f3c921909d,CORE CFIHOS V2.0 CSV/CFIHOS CORE unit of measure v2.0.csv,249,source_reference_record,source_reference_record_unreviewed
CFIHOS-65000173,B10,bit per second,bit/s,CFIHOS-45000067,DATATS,data transfer speed,CFIHOS-60001649,SI,,real,True,sha256:a69b98012d9e4a46495a3aed48eef8ce75a69d001eaa28b4c38cb0f3c921909d,CORE CFIHOS V2.0 CSV/CFIHOS CORE unit of measure v2.0.csv,250,source_reference_record,source_reference_record_unreviewed
CFIHOS-65000174,,cubic metre per time cubic metre,m3/(s.m3),CFIHOS-45000188,VPTPV,(volume per time) per volume,CFIHOS-60001649,SI,,real,True,sha256:a69b98012d9e4a46495a3aed48eef8ce75a69d001eaa28b4c38cb0f3c921909d,CORE CFIHOS V2.0 CSV/CFIHOS CORE unit of measure v2.0.csv,251,source_reference_record,source_reference_record_unreviewed
CFIHOS-65000175,,barrel per day acre foot,bbl/(d.acre.ft),CFIHOS-45000188,VPTPV,(volume per time) per volume,,,,real,True,sha256:a69b98012d9e4a46495a3aed48eef8ce75a69d001eaa28b4c38cb0f3c921909d,CORE CFIHOS V2.0 CSV/CFIHOS CORE unit of measure v2.0.csv,252,source_reference_record,source_reference_record_unreviewed
CFIHOS-65000176,GBQ,gigabecquerel,GBq,CFIHOS-45000150,RADACT,activity [of radioactivity],CFIHOS-60001649,SI,,real,True,sha256:a69b98012d9e4a46495a3aed48eef8ce75a69d001eaa28b4c38cb0f3c921909d,CORE CFIHOS V2.0 CSV/CFIHOS CORE unit of measure v2.0.csv,253,source_reference_record,source_reference_record_unreviewed
CFIHOS-65000177,4N,megabecquerel,MBq,CFIHOS-45000150,RADACT,activity [of radioactivity],CFIHOS-60001649,SI,,real,True,sha256:a69b98012d9e4a46495a3aed48eef8ce75a69d001eaa28b4c38cb0f3c921909d,CORE CFIHOS V2.0 CSV/CFIHOS CORE unit of measure v2.0.csv,254,source_reference_record,source_reference_record_unreviewed
CFIHOS-65000178,,thousandth of curie,mCi,CFIHOS-45000150,RADACT,activity [of radioactivity],,,,real,True,sha256:a69b98012d9e4a46495a3aed48eef8ce75a69d001eaa28b4c38cb0f3c921909d,CORE CFIHOS V2.0 CSV/CFIHOS CORE unit of measure v2.0.csv,255,source_reference_record,source_reference_record_unreviewed
CFIHOS-65000179,,nanocurie,nCi,CFIHOS-45000150,RADACT,activity [of radioactivity],,,,real,True,sha256:a69b98012d9e4a46495a3aed48eef8ce75a69d001eaa28b4c38cb0f3c921909d,CORE CFIHOS V2.0 CSV/CFIHOS CORE unit of measure v2.0.csv,256,source_reference_record,source_reference_record_unreviewed
CFIHOS-65000180,,picocurie,pCi,CFIHOS-45000150,RADACT,activity [of radioactivity],,,,real,True,sha256:a69b98012d9e4a46495a3aed48eef8ce75a69d001eaa28b4c38cb0f3c921909d,CORE CFIHOS V2.0 CSV/CFIHOS CORE unit of measure v2.0.csv,257,source_reference_record,source_reference_record_unreviewed
CFIHOS-65000181,,terabecquerel,TBq,CFIHOS-45000150,RADACT,activity [of radioactivity],CFIHOS-60001649,SI,,real,True,sha256:a69b98012d9e4a46495a3aed48eef8ce75a69d001eaa28b4c38cb0f3c921909d,CORE CFIHOS V2.0 CSV/CFIHOS CORE unit of measure v2.0.csv,258,source_reference_record,source_reference_record_unreviewed
CFIHOS-65000182,,millionth of curie,uCi,CFIHOS-45000150,RADACT,activity [of radioactivity],,,,real,True,sha256:a69b98012d9e4a46495a3aed48eef8ce75a69d001eaa28b4c38cb0f3c921909d,CORE CFIHOS V2.0 CSV/CFIHOS CORE unit of measure v2.0.csv,259,source_reference_record,source_reference_record_unreviewed
CFIHOS-65000183,,centihertz,cHz,CFIHOS-45000009,FREQU,frequency,CFIHOS-60001649,SI,,real,True,sha256:a69b98012d9e4a46495a3aed48eef8ce75a69d001eaa28b4c38cb0f3c921909d,CORE CFIHOS V2.0 CSV/CFIHOS CORE unit of measure v2.0.csv,260,source_reference_record,source_reference_record_unreviewed
CFIHOS-65000184,,decihertz,dHz,CFIHOS-45000009,FREQU,frequency,CFIHOS-60001649,SI,,real,True,sha256:a69b98012d9e4a46495a3aed48eef8ce75a69d001eaa28b4c38cb0f3c921909d,CORE CFIHOS V2.0 CSV/CFIHOS CORE unit of measure v2.0.csv,261,source_reference_record,source_reference_record_unreviewed
CFIHOS-65000185,,exahertz,EHz,CFIHOS-45000009,FREQU,frequency,CFIHOS-60001649,SI,,real,True,sha256:a69b98012d9e4a46495a3aed48eef8ce75a69d001eaa28b4c38cb0f3c921909d,CORE CFIHOS V2.0 CSV/CFIHOS CORE unit of measure v2.0.csv,262,source_reference_record,source_reference_record_unreviewed
CFIHOS-65000186,,femtohertz,fHz,CFIHOS-45000009,FREQU,frequency,CFIHOS-60001649,SI,,real,True,sha256:a69b98012d9e4a46495a3aed48eef8ce75a69d001eaa28b4c38cb0f3c921909d,CORE CFIHOS V2.0 CSV/CFIHOS CORE unit of measure v2.0.csv,263,source_reference_record,source_reference_record_unreviewed
CFIHOS-65000187,A86,gigahertz,GHz,CFIHOS-45000009,FREQU,frequency,CFIHOS-60001649,SI,,real,True,sha256:a69b98012d9e4a46495a3aed48eef8ce75a69d001eaa28b4c38cb0f3c921909d,CORE CFIHOS V2.0 CSV/CFIHOS CORE unit of measure v2.0.csv,264,source_reference_record,source_reference_record_unreviewed
CFIHOS-65000188,KHZ,kilohertz,kHz,CFIHOS-45000009,FREQU,frequency,CFIHOS-60001649,SI,,real,True,sha256:a69b98012d9e4a46495a3aed48eef8ce75a69d001eaa28b4c38cb0f3c921909d,CORE CFIHOS V2.0 CSV/CFIHOS CORE unit of measure v2.0.csv,265,source_reference_record,source_reference_record_unreviewed
CFIHOS-65000189,,millihertz,mHz,CFIHOS-45000009,FREQU,frequency,CFIHOS-60001649,SI,,real,True,sha256:a69b98012d9e4a46495a3aed48eef8ce75a69d001eaa28b4c38cb0f3c921909d,CORE CFIHOS V2.0 CSV/CFIHOS CORE unit of measure v2.0.csv,266,source_reference_record,source_reference_record_unreviewed
CFIHOS-65000190,MHZ,megahertz,MHz,CFIHOS-45000009,FREQU,frequency,CFIHOS-60001649,SI,,real,True,sha256:a69b98012d9e4a46495a3aed48eef8ce75a69d001eaa28b4c38cb0f3c921909d,CORE CFIHOS V2.0 CSV/CFIHOS CORE unit of measure v2.0.csv,267,source_reference_record,source_reference_record_unreviewed
CFIHOS-65000191,,nanohertz,nHz,CFIHOS-45000009,FREQU,frequency,CFIHOS-60001649,SI,,real,True,sha256:a69b98012d9e4a46495a3aed48eef8ce75a69d001eaa28b4c38cb0f3c921909d,CORE CFIHOS V2.0 CSV/CFIHOS CORE unit of measure v2.0.csv,268,source_reference_record,source_reference_record_unreviewed
CFIHOS-65000192,,picohertz,pHz,CFIHOS-45000009,FREQU,frequency,CFIHOS-60001649,SI,,real,True,sha256:a69b98012d9e4a46495a3aed48eef8ce75a69d001eaa28b4c38cb0f3c921909d,CORE CFIHOS V2.0 CSV/CFIHOS CORE unit of measure v2.0.csv,269,source_reference_record,source_reference_record_unreviewed
CFIHOS-65000193,D29,terahertz,THz,CFIHOS-45000009,FREQU,frequency,CFIHOS-60001649,SI,,real,True,sha256:a69b98012d9e4a46495a3aed48eef8ce75a69d001eaa28b4c38cb0f3c921909d,CORE CFIHOS V2.0 CSV/CFIHOS CORE unit of measure v2.0.csv,270,source_reference_record,source_reference_record_unreviewed
CFIHOS-65000194,,microhertz,uHz,CFIHOS-45000009,FREQU,frequency,CFIHOS-60001649,SI,,real,True,sha256:a69b98012d9e4a46495a3aed48eef8ce75a69d001eaa28b4c38cb0f3c921909d,CORE CFIHOS V2.0 CSV/CFIHOS CORE unit of measure v2.0.csv,271,source_reference_record,source_reference_record_unreviewed
CFIHOS-65000195,C81,radian,rad,CFIHOS-45000138,PLANG,plane angle,CFIHOS-60001649,SI,,real,True,sha256:a69b98012d9e4a46495a3aed48eef8ce75a69d001eaa28b4c38cb0f3c921909d,CORE CFIHOS V2.0 CSV/CFIHOS CORE unit of measure v2.0.csv,272,source_reference_record,source_reference_record_unreviewed
CFIHOS-65000196,,centesimal-second,ccgr,CFIHOS-45000138,PLANG,plane angle,,,,real,True,sha256:a69b98012d9e4a46495a3aed48eef8ce75a69d001eaa28b4c38cb0f3c921909d,CORE CFIHOS V2.0 CSV/CFIHOS CORE unit of measure v2.0.csv,273,source_reference_record,source_reference_record_unreviewed
CFIHOS-65000197,,centesimal-minute,cgr,CFIHOS-45000138,PLANG,plane angle,,,,real,True,sha256:a69b98012d9e4a46495a3aed48eef8ce75a69d001eaa28b4c38cb0f3c921909d,CORE CFIHOS V2.0 CSV/CFIHOS CORE unit of measure v2.0.csv,274,source_reference_record,source_reference_record_unreviewed
CFIHOS-65000198,,angular degree,dega,CFIHOS-45000138,PLANG,plane angle,CFIHOS-60001649,SI,,real,True,sha256:a69b98012d9e4a46495a3aed48eef8ce75a69d001eaa28b4c38cb0f3c921909d,CORE CFIHOS V2.0 CSV/CFIHOS CORE unit of measure v2.0.csv,275,source_reference_record,source_reference_record_unreviewed
CFIHOS-65000199,A91,gon,gon,CFIHOS-45000138,PLANG,plane angle,,,,real,True,sha256:a69b98012d9e4a46495a3aed48eef8ce75a69d001eaa28b4c38cb0f3c921909d,CORE CFIHOS V2.0 CSV/CFIHOS CORE unit of measure v2.0.csv,276,source_reference_record,source_reference_record_unreviewed
CFIHOS-65000200,,angular mil,mila,CFIHOS-45000138,PLANG,plane angle,,,,real,True,sha256:a69b98012d9e4a46495a3aed48eef8ce75a69d001eaa28b4c38cb0f3c921909d,CORE CFIHOS V2.0 CSV/CFIHOS CORE unit of measure v2.0.csv,277,source_reference_record,source_reference_record_unreviewed
CFIHOS-65000201,,angular minute,mina,CFIHOS-45000138,PLANG,plane angle,CFIHOS-60001649,SI,,real,True,sha256:a69b98012d9e4a46495a3aed48eef8ce75a69d001eaa28b4c38cb0f3c921909d,CORE CFIHOS V2.0 CSV/CFIHOS CORE unit of measure v2.0.csv,278,source_reference_record,source_reference_record_unreviewed
CFIHOS-65000202,M44,revolution,rev,CFIHOS-45000138,PLANG,plane angle,,,,real,True,sha256:a69b98012d9e4a46495a3aed48eef8ce75a69d001eaa28b4c38cb0f3c921909d,CORE CFIHOS V2.0 CSV/CFIHOS CORE unit of measure v2.0.csv,279,source_reference_record,source_reference_record_unreviewed
CFIHOS-65000203,,angular second,seca,CFIHOS-45000138,PLANG,plane angle,CFIHOS-60001649,SI,,real,True,sha256:a69b98012d9e4a46495a3aed48eef8ce75a69d001eaa28b4c38cb0f3c921909d,CORE CFIHOS V2.0 CSV/CFIHOS CORE unit of measure v2.0.csv,280,source_reference_record,source_reference_record_unreviewed
CFIHOS-65000204,,angular millisecond,0.001 seca,CFIHOS-45000138,PLANG,plane angle,,,,real,True,sha256:a69b98012d9e4a46495a3aed48eef8ce75a69d001eaa28b4c38cb0f3c921909d,CORE CFIHOS V2.0 CSV/CFIHOS CORE unit of measure v2.0.csv,281,source_reference_record,source_reference_record_unreviewed
CFIHOS-65000205,,kiloradian,krad,CFIHOS-45000138,PLANG,plane angle,CFIHOS-60001649,SI,,real,True,sha256:a69b98012d9e4a46495a3aed48eef8ce75a69d001eaa28b4c38cb0f3c921909d,CORE CFIHOS V2.0 CSV/CFIHOS CORE unit of measure v2.0.csv,282,source_reference_record,source_reference_record_unreviewed
CFIHOS-65000206,C25,milliradian,mrad,CFIHOS-45000138,PLANG,plane angle,CFIHOS-60001649,SI,,real,True,sha256:a69b98012d9e4a46495a3aed48eef8ce75a69d001eaa28b4c38cb0f3c921909d,CORE CFIHOS V2.0 CSV/CFIHOS CORE unit of measure v2.0.csv,283,source_reference_record,source_reference_record_unreviewed
CFIHOS-65000207,,megaradian,Mrad,CFIHOS-45000138,PLANG,plane angle,CFIHOS-60001649,SI,,real,True,sha256:a69b98012d9e4a46495a3aed48eef8ce75a69d001eaa28b4c38cb0f3c921909d,CORE CFIHOS V2.0 CSV/CFIHOS CORE unit of measure v2.0.csv,284,source_reference_record,source_reference_record_unreviewed
CFIHOS-65000208,B97,microradian,urad,CFIHOS-45000138,PLANG,plane angle,CFIHOS-60001649,SI,,real,True,sha256:a69b98012d9e4a46495a3aed48eef8ce75a69d001eaa28b4c38cb0f3c921909d,CORE CFIHOS V2.0 CSV/CFIHOS CORE unit of measure v2.0.csv,285,source_reference_record,source_reference_record_unreviewed
CFIHOS-65000209,C84,radian per metre,rad/m,CFIHOS-45000053,ANGPL,angle per length,CFIHOS-60001649,SI,,real,True,sha256:a69b98012d9e4a46495a3aed48eef8ce75a69d001eaa28b4c38cb0f3c921909d,CORE CFIHOS V2.0 CSV/CFIHOS CORE unit of measure v2.0.csv,286,source_reference_record,source_reference_record_unreviewed
CFIHOS-65000210,,angular degree per hundred foot,0.01 dega/ft,CFIHOS-45000053,ANGPL,angle per length,,,,real,True,sha256:a69b98012d9e4a46495a3aed48eef8ce75a69d001eaa28b4c38cb0f3c921909d,CORE CFIHOS V2.0 CSV/CFIHOS CORE unit of measure v2.0.csv,287,source_reference_record,source_reference_record_unreviewed
CFIHOS-65000211,,angular degree per thirty foot,1/30 dega/ft,CFIHOS-45000053,ANGPL,angle per length,,,,real,True,sha256:a69b98012d9e4a46495a3aed48eef8ce75a69d001eaa28b4c38cb0f3c921909d,CORE CFIHOS V2.0 CSV/CFIHOS CORE unit of measure v2.0.csv,288,source_reference_record,source_reference_record_unreviewed
CFIHOS-65000212,,angular degree per thirty metre,1/30 dega/m,CFIHOS-45000053,ANGPL,angle per length,,,,real,True,sha256:a69b98012d9e4a46495a3aed48eef8ce75a69d001eaa28b4c38cb0f3c921909d,CORE CFIHOS V2.0 CSV/CFIHOS CORE unit of measure v2.0.csv,289,source_reference_record,source_reference_record_unreviewed
CFIHOS-65000213,,angular degree per foot,dega/ft,CFIHOS-45000053,ANGPL,angle per length,,,,real,True,sha256:a69b98012d9e4a46495a3aed48eef8ce75a69d001eaa28b4c38cb0f3c921909d,CORE CFIHOS V2.0 CSV/CFIHOS CORE unit of measure v2.0.csv,290,source_reference_record,source_reference_record_unreviewed
CFIHOS-65000214,,angular degree per metre,dega/m,CFIHOS-45000053,ANGPL,angle per length,CFIHOS-60001649,SI,,real,True,sha256:a69b98012d9e4a46495a3aed48eef8ce75a69d001eaa28b4c38cb0f3c921909d,CORE CFIHOS V2.0 CSV/CFIHOS CORE unit of measure v2.0.csv,291,source_reference_record,source_reference_record_unreviewed
CFIHOS-65000215,,radian per foot,rad/ft,CFIHOS-45000053,ANGPL,angle per length,,,,real,True,sha256:a69b98012d9e4a46495a3aed48eef8ce75a69d001eaa28b4c38cb0f3c921909d,CORE CFIHOS V2.0 CSV/CFIHOS CORE unit of measure v2.0.csv,292,source_reference_record,source_reference_record_unreviewed
CFIHOS-65000216,,revolution per foot,rev/ft,CFIHOS-45000053,ANGPL,angle per length,,,,real,True,sha256:a69b98012d9e4a46495a3aed48eef8ce75a69d001eaa28b4c38cb0f3c921909d,CORE CFIHOS V2.0 CSV/CFIHOS CORE unit of measure v2.0.csv,293,source_reference_record,source_reference_record_unreviewed
CFIHOS-65000217,,revolution per metre,rev/m,CFIHOS-45000053,ANGPL,angle per length,,,,real,True,sha256:a69b98012d9e4a46495a3aed48eef8ce75a69d001eaa28b4c38cb0f3c921909d,CORE CFIHOS V2.0 CSV/CFIHOS CORE unit of measure v2.0.csv,294,source_reference_record,source_reference_record_unreviewed
CFIHOS-65000218,,radian per cubic metre,rad/m3,CFIHOS-45000054,ANGPV,angle per volume,CFIHOS-60001649,SI,,real,True,sha256:a69b98012d9e4a46495a3aed48eef8ce75a69d001eaa28b4c38cb0f3c921909d,CORE CFIHOS V2.0 CSV/CFIHOS CORE unit of measure v2.0.csv,295,source_reference_record,source_reference_record_unreviewed
CFIHOS-65000219,,radian per cubic foot,rad/ft3,CFIHOS-45000054,ANGPV,angle per volume,,,,real,True,sha256:a69b98012d9e4a46495a3aed48eef8ce75a69d001eaa28b4c38cb0f3c921909d,CORE CFIHOS V2.0 CSV/CFIHOS CORE unit of measure v2.0.csv,296,source_reference_record,source_reference_record_unreviewed
CFIHOS-65000220,2A,radian per second,rad/s,CFIHOS-45000036,ANGVEL,angular velocity,CFIHOS-60001649,SI,,real,True,sha256:a69b98012d9e4a46495a3aed48eef8ce75a69d001eaa28b4c38cb0f3c921909d,CORE CFIHOS V2.0 CSV/CFIHOS CORE unit of measure v2.0.csv,297,source_reference_record,source_reference_record_unreviewed
CFIHOS-65000221,,angular degree per hour,dega/h,CFIHOS-45000036,ANGVEL,angular velocity,CFIHOS-60001649,SI,,real,True,sha256:a69b98012d9e4a46495a3aed48eef8ce75a69d001eaa28b4c38cb0f3c921909d,CORE CFIHOS V2.0 CSV/CFIHOS CORE unit of measure v2.0.csv,298,source_reference_record,source_reference_record_unreviewed
CFIHOS-65000222,,angular degree per minute,dega/min,CFIHOS-45000036,ANGVEL,angular velocity,CFIHOS-60001649,SI,,real,True,sha256:a69b98012d9e4a46495a3aed48eef8ce75a69d001eaa28b4c38cb0f3c921909d,CORE CFIHOS V2.0 CSV/CFIHOS CORE unit of measure v2.0.csv,299,source_reference_record,source_reference_record_unreviewed
CFIHOS-65000223,,angular degree per second,dega/s,CFIHOS-45000036,ANGVEL,angular velocity,CFIHOS-60001649,SI,,real,True,sha256:a69b98012d9e4a46495a3aed48eef8ce75a69d001eaa28b4c38cb0f3c921909d,CORE CFIHOS V2.0 CSV/CFIHOS CORE unit of measure v2.0.csv,300,source_reference_record,source_reference_record_unreviewed
CFIHOS-65000224,,revolution per second,rev/s,CFIHOS-45000036,ANGVEL,angular velocity,,,,real,True,sha256:a69b98012d9e4a46495a3aed48eef8ce75a69d001eaa28b4c38cb0f3c921909d,CORE CFIHOS V2.0 CSV/CFIHOS CORE unit of measure v2.0.csv,301,source_reference_record,source_reference_record_unreviewed
CFIHOS-65000225,2B,radian per second squared,rad/s2,CFIHOS-45000052,ANGACC,angular acceleration,CFIHOS-60001649,SI,,real,True,sha256:a69b98012d9e4a46495a3aed48eef8ce75a69d001eaa28b4c38cb0f3c921909d,CORE CFIHOS V2.0 CSV/CFIHOS CORE unit of measure v2.0.csv,302,source_reference_record,source_reference_record_unreviewed
CFIHOS-65000226,,(revolution per minute) per second,rpm/s,CFIHOS-45000052,ANGACC,angular acceleration,,,,real,True,sha256:a69b98012d9e4a46495a3aed48eef8ce75a69d001eaa28b4c38cb0f3c921909d,CORE CFIHOS V2.0 CSV/CFIHOS CORE unit of measure v2.0.csv,303,source_reference_record,source_reference_record_unreviewed
CFIHOS-65000227,,delta Celsius,deltaC,CFIHOS-45000068,DELTAT,temperature interval,CFIHOS-60001649,SI,,real,True,sha256:a69b98012d9e4a46495a3aed48eef8ce75a69d001eaa28b4c38cb0f3c921909d,CORE CFIHOS V2.0 CSV/CFIHOS CORE unit of measure v2.0.csv,304,source_reference_record,source_reference_record_unreviewed
CFIHOS-65000228,,delta Fahrenheit,deltaF,CFIHOS-45000068,DELTAT,temperature interval,,,,real,True,sha256:a69b98012d9e4a46495a3aed48eef8ce75a69d001eaa28b4c38cb0f3c921909d,CORE CFIHOS V2.0 CSV/CFIHOS CORE unit of measure v2.0.csv,305,source_reference_record,source_reference_record_unreviewed
CFIHOS-65000229,,delta Rankine,deltaR,CFIHOS-45000068,DELTAT,temperature interval,,,,real,True,sha256:a69b98012d9e4a46495a3aed48eef8ce75a69d001eaa28b4c38cb0f3c921909d,CORE CFIHOS V2.0 CSV/CFIHOS CORE unit of measure v2.0.csv,306,source_reference_record,source_reference_record_unreviewed
CFIHOS-65000230,,delta kelvin,deltaK,CFIHOS-45000068,DELTAT,temperature interval,CFIHOS-60001649,SI,,real,True,sha256:a69b98012d9e4a46495a3aed48eef8ce75a69d001eaa28b4c38cb0f3c921909d,CORE CFIHOS V2.0 CSV/CFIHOS CORE unit of measure v2.0.csv,307,source_reference_record,source_reference_record_unreviewed
CFIHOS-65000231,,delta Fahrenheit per hundred foot,0.01 deltaF/ft,CFIHOS-45000069,DELTPL,temperature interval per length,,,,real,True,sha256:a69b98012d9e4a46495a3aed48eef8ce75a69d001eaa28b4c38cb0f3c921909d,CORE CFIHOS V2.0 CSV/CFIHOS CORE unit of measure v2.0.csv,308,source_reference_record,source_reference_record_unreviewed
CFIHOS-65000232,,delta Celsius per foot,deltaC/ft,CFIHOS-45000069,DELTPL,temperature interval per length,,,,real,True,sha256:a69b98012d9e4a46495a3aed48eef8ce75a69d001eaa28b4c38cb0f3c921909d,CORE CFIHOS V2.0 CSV/CFIHOS CORE unit of measure v2.0.csv,309,source_reference_record,source_reference_record_unreviewed
CFIHOS-65000233,,delta Celsius per hectometre,deltaC/hm,CFIHOS-45000069,DELTPL,temperature interval per length,CFIHOS-60001649,SI,,real,True,sha256:a69b98012d9e4a46495a3aed48eef8ce75a69d001eaa28b4c38cb0f3c921909d,CORE CFIHOS V2.0 CSV/CFIHOS CORE unit of measure v2.0.csv,310,source_reference_record,source_reference_record_unreviewed
CFIHOS-65000234,,delta Celsius per kilometre,deltaC/km,CFIHOS-45000069,DELTPL,temperature interval per length,CFIHOS-60001649,SI,,real,True,sha256:a69b98012d9e4a46495a3aed48eef8ce75a69d001eaa28b4c38cb0f3c921909d,CORE CFIHOS V2.0 CSV/CFIHOS CORE unit of measure v2.0.csv,311,source_reference_record,source_reference_record_unreviewed
CFIHOS-65000235,,delta Celsius per metre,deltaC/m,CFIHOS-45000069,DELTPL,temperature interval per length,CFIHOS-60001649,SI,,real,True,sha256:a69b98012d9e4a46495a3aed48eef8ce75a69d001eaa28b4c38cb0f3c921909d,CORE CFIHOS V2.0 CSV/CFIHOS CORE unit of measure v2.0.csv,312,source_reference_record,source_reference_record_unreviewed
CFIHOS-65000236,,delta Fahrenheit per foot,deltaF/ft,CFIHOS-45000069,DELTPL,temperature interval per length,,,,real,True,sha256:a69b98012d9e4a46495a3aed48eef8ce75a69d001eaa28b4c38cb0f3c921909d,CORE CFIHOS V2.0 CSV/CFIHOS CORE unit of measure v2.0.csv,313,source_reference_record,source_reference_record_unreviewed
CFIHOS-65000237,,delta Fahrenheit per metre,deltaF/m,CFIHOS-45000069,DELTPL,temperature interval per length,,,,real,True,sha256:a69b98012d9e4a46495a3aed48eef8ce75a69d001eaa28b4c38cb0f3c921909d,CORE CFIHOS V2.0 CSV/CFIHOS CORE unit of measure v2.0.csv,314,source_reference_record,source_reference_record_unreviewed
CFIHOS-65000238,,delta kelvin per kilometre,deltaK/km,CFIHOS-45000069,DELTPL,temperature interval per length,CFIHOS-60001649,SI,,real,True,sha256:a69b98012d9e4a46495a3aed48eef8ce75a69d001eaa28b4c38cb0f3c921909d,CORE CFIHOS V2.0 CSV/CFIHOS CORE unit of measure v2.0.csv,315,source_reference_record,source_reference_record_unreviewed
CFIHOS-65000239,,delta kelvin per metre,deltaK/m,CFIHOS-45000069,DELTPL,temperature interval per length,CFIHOS-60001649,SI,,real,True,sha256:a69b98012d9e4a46495a3aed48eef8ce75a69d001eaa28b4c38cb0f3c921909d,CORE CFIHOS V2.0 CSV/CFIHOS CORE unit of measure v2.0.csv,316,source_reference_record,source_reference_record_unreviewed
CFIHOS-65000240,,delta Celsius per hour,deltaC/h,CFIHOS-45000071,DELTPT,temperature interval per time,CFIHOS-60001649,SI,,real,True,sha256:a69b98012d9e4a46495a3aed48eef8ce75a69d001eaa28b4c38cb0f3c921909d,CORE CFIHOS V2.0 CSV/CFIHOS CORE unit of measure v2.0.csv,317,source_reference_record,source_reference_record_unreviewed
CFIHOS-65000241,,delta Celsius per minute,deltaC/min,CFIHOS-45000071,DELTPT,temperature interval per time,CFIHOS-60001649,SI,,real,True,sha256:a69b98012d9e4a46495a3aed48eef8ce75a69d001eaa28b4c38cb0f3c921909d,CORE CFIHOS V2.0 CSV/CFIHOS CORE unit of measure v2.0.csv,318,source_reference_record,source_reference_record_unreviewed
CFIHOS-65000242,,delta Celsius per second,deltaC/s,CFIHOS-45000071,DELTPT,temperature interval per time,CFIHOS-60001649,SI,,real,True,sha256:a69b98012d9e4a46495a3aed48eef8ce75a69d001eaa28b4c38cb0f3c921909d,CORE CFIHOS V2.0 CSV/CFIHOS CORE unit of measure v2.0.csv,319,source_reference_record,source_reference_record_unreviewed
CFIHOS-65000243,,delta Fahrenheit per hour,deltaF/h,CFIHOS-45000071,DELTPT,temperature interval per time,,,,real,True,sha256:a69b98012d9e4a46495a3aed48eef8ce75a69d001eaa28b4c38cb0f3c921909d,CORE CFIHOS V2.0 CSV/CFIHOS CORE unit of measure v2.0.csv,320,source_reference_record,source_reference_record_unreviewed
CFIHOS-65000244,,delta Fahrenheit per minute,deltaF/min,CFIHOS-45000071,DELTPT,temperature interval per time,,,,real,True,sha256:a69b98012d9e4a46495a3aed48eef8ce75a69d001eaa28b4c38cb0f3c921909d,CORE CFIHOS V2.0 CSV/CFIHOS CORE unit of measure v2.0.csv,321,source_reference_record,source_reference_record_unreviewed
CFIHOS-65000245,,delta Fahrenheit per second,deltaF/s,CFIHOS-45000071,DELTPT,temperature interval per time,,,,real,True,sha256:a69b98012d9e4a46495a3aed48eef8ce75a69d001eaa28b4c38cb0f3c921909d,CORE CFIHOS V2.0 CSV/CFIHOS CORE unit of measure v2.0.csv,322,source_reference_record,source_reference_record_unreviewed
CFIHOS-65000246,,delta kelvin per second,deltaK/s,CFIHOS-45000071,DELTPT,temperature interval per time,CFIHOS-60001649,SI,,real,True,sha256:a69b98012d9e4a46495a3aed48eef8ce75a69d001eaa28b4c38cb0f3c921909d,CORE CFIHOS V2.0 CSV/CFIHOS CORE unit of measure v2.0.csv,323,source_reference_record,source_reference_record_unreviewed
CFIHOS-65000247,,delta Celsius per kilopascal,deltaC/kPa,CFIHOS-45000070,DELTPP,temperature interval per pressure,CFIHOS-60001649,SI,,real,True,sha256:a69b98012d9e4a46495a3aed48eef8ce75a69d001eaa28b4c38cb0f3c921909d,CORE CFIHOS V2.0 CSV/CFIHOS CORE unit of measure v2.0.csv,324,source_reference_record,source_reference_record_unreviewed
CFIHOS-65000248,,delta Fahrenheit per psi,deltaF/psi,CFIHOS-45000070,DELTPP,temperature interval per pressure,,,,real,True,sha256:a69b98012d9e4a46495a3aed48eef8ce75a69d001eaa28b4c38cb0f3c921909d,CORE CFIHOS V2.0 CSV/CFIHOS CORE unit of measure v2.0.csv,325,source_reference_record,source_reference_record_unreviewed
CFIHOS-65000249,,delta kelvin per Pascal,deltaK/Pa,CFIHOS-45000070,DELTPP,temperature interval per pressure,CFIHOS-60001649,SI,,real,True,sha256:a69b98012d9e4a46495a3aed48eef8ce75a69d001eaa28b4c38cb0f3c921909d,CORE CFIHOS V2.0 CSV/CFIHOS CORE unit of measure v2.0.csv,326,source_reference_record,source_reference_record_unreviewed
CFIHOS-65000250,,delta kelvin per watt,deltaK/W,CFIHOS-45000168,THMRES,thermal resistance,CFIHOS-60001649,SI,,real,True,sha256:a69b98012d9e4a46495a3aed48eef8ce75a69d001eaa28b4c38cb0f3c921909d,CORE CFIHOS V2.0 CSV/CFIHOS CORE unit of measure v2.0.csv,327,source_reference_record,source_reference_record_unreviewed
CFIHOS-65000251,,delta Celsius square metre hour per thousand calory,deltaC.m2.h/kcal[th],CFIHOS-45000030,THINSU,thermal insulation,,,,real,True,sha256:a69b98012d9e4a46495a3aed48eef8ce75a69d001eaa28b4c38cb0f3c921909d,CORE CFIHOS V2.0 CSV/CFIHOS CORE unit of measure v2.0.csv,328,source_reference_record,source_reference_record_unreviewed
CFIHOS-65000252,,delta Fahrenheit square foot hour per BTU,deltaF.ft2.h/Btu[IT],CFIHOS-45000030,THINSU,thermal insulation,,,,real,True,sha256:a69b98012d9e4a46495a3aed48eef8ce75a69d001eaa28b4c38cb0f3c921909d,CORE CFIHOS V2.0 CSV/CFIHOS CORE unit of measure v2.0.csv,329,source_reference_record,source_reference_record_unreviewed
CFIHOS-65000253,,delta kelvin square metre per kilowatt,deltaK.m2/kW,CFIHOS-45000030,THINSU,thermal insulation,CFIHOS-60001649,SI,,real,True,sha256:a69b98012d9e4a46495a3aed48eef8ce75a69d001eaa28b4c38cb0f3c921909d,CORE CFIHOS V2.0 CSV/CFIHOS CORE unit of measure v2.0.csv,330,source_reference_record,source_reference_record_unreviewed
CFIHOS-65000254,,delta kelvin square metre per watt,deltaK.m2/W,CFIHOS-45000030,THINSU,thermal insulation,CFIHOS-60001649,SI,,real,True,sha256:a69b98012d9e4a46495a3aed48eef8ce75a69d001eaa28b4c38cb0f3c921909d,CORE CFIHOS V2.0 CSV/CFIHOS CORE unit of measure v2.0.csv,331,source_reference_record,source_reference_record_unreviewed
CFIHOS-65000255,,centiampere,cA,CFIHOS-45000007,ECURR,electrical current / amperage,CFIHOS-60001649,SI,,real,True,sha256:a69b98012d9e4a46495a3aed48eef8ce75a69d001eaa28b4c38cb0f3c921909d,CORE CFIHOS V2.0 CSV/CFIHOS CORE unit of measure v2.0.csv,332,source_reference_record,source_reference_record_unreviewed
CFIHOS-65000256,,deciampere,dA,CFIHOS-45000007,ECURR,electrical current / amperage,CFIHOS-60001649,SI,,real,True,sha256:a69b98012d9e4a46495a3aed48eef8ce75a69d001eaa28b4c38cb0f3c921909d,CORE CFIHOS V2.0 CSV/CFIHOS CORE unit of measure v2.0.csv,333,source_reference_record,source_reference_record_unreviewed
CFIHOS-65000257,,exaampere,EA,CFIHOS-45000007,ECURR,electrical current / amperage,CFIHOS-60001649,SI,,real,True,sha256:a69b98012d9e4a46495a3aed48eef8ce75a69d001eaa28b4c38cb0f3c921909d,CORE CFIHOS V2.0 CSV/CFIHOS CORE unit of measure v2.0.csv,334,source_reference_record,source_reference_record_unreviewed
CFIHOS-65000258,,femtoampere,fA,CFIHOS-45000007,ECURR,electrical current / amperage,CFIHOS-60001649,SI,,real,True,sha256:a69b98012d9e4a46495a3aed48eef8ce75a69d001eaa28b4c38cb0f3c921909d,CORE CFIHOS V2.0 CSV/CFIHOS CORE unit of measure v2.0.csv,335,source_reference_record,source_reference_record_unreviewed
CFIHOS-65000259,,gigaampere,GA,CFIHOS-45000007,ECURR,electrical current / amperage,CFIHOS-60001649,SI,,real,True,sha256:a69b98012d9e4a46495a3aed48eef8ce75a69d001eaa28b4c38cb0f3c921909d,CORE CFIHOS V2.0 CSV/CFIHOS CORE unit of measure v2.0.csv,336,source_reference_record,source_reference_record_unreviewed
CFIHOS-65000260,4K,milliampere,mA,CFIHOS-45000007,ECURR,electrical current / amperage,CFIHOS-60001649,SI,,real,True,sha256:a69b98012d9e4a46495a3aed48eef8ce75a69d001eaa28b4c38cb0f3c921909d,CORE CFIHOS V2.0 CSV/CFIHOS CORE unit of measure v2.0.csv,337,source_reference_record,source_reference_record_unreviewed
CFIHOS-65000261,H38,megaampere,MA,CFIHOS-45000007,ECURR,electrical current / amperage,CFIHOS-60001649,SI,,real,True,sha256:a69b98012d9e4a46495a3aed48eef8ce75a69d001eaa28b4c38cb0f3c921909d,CORE CFIHOS V2.0 CSV/CFIHOS CORE unit of measure v2.0.csv,338,source_reference_record,source_reference_record_unreviewed
CFIHOS-65000262,C39,nanoampere,nA,CFIHOS-45000007,ECURR,electrical current / amperage,CFIHOS-60001649,SI,,real,True,sha256:a69b98012d9e4a46495a3aed48eef8ce75a69d001eaa28b4c38cb0f3c921909d,CORE CFIHOS V2.0 CSV/CFIHOS CORE unit of measure v2.0.csv,339,source_reference_record,source_reference_record_unreviewed
CFIHOS-65000263,C70,picoampere,pA,CFIHOS-45000007,ECURR,electrical current / amperage,CFIHOS-60001649,SI,,real,True,sha256:a69b98012d9e4a46495a3aed48eef8ce75a69d001eaa28b4c38cb0f3c921909d,CORE CFIHOS V2.0 CSV/CFIHOS CORE unit of measure v2.0.csv,340,source_reference_record,source_reference_record_unreviewed
CFIHOS-65000264,,teraampere,TA,CFIHOS-45000007,ECURR,electrical current / amperage,CFIHOS-60001649,SI,,real,True,sha256:a69b98012d9e4a46495a3aed48eef8ce75a69d001eaa28b4c38cb0f3c921909d,CORE CFIHOS V2.0 CSV/CFIHOS CORE unit of measure v2.0.csv,341,source_reference_record,source_reference_record_unreviewed
CFIHOS-65000265,B84,microampere,uA,CFIHOS-45000007,ECURR,electrical current / amperage,CFIHOS-60001649,SI,,real,True,sha256:a69b98012d9e4a46495a3aed48eef8ce75a69d001eaa28b4c38cb0f3c921909d,CORE CFIHOS V2.0 CSV/CFIHOS CORE unit of measure v2.0.csv,342,source_reference_record,source_reference_record_unreviewed
CFIHOS-65000266,66,oersted,Oe,CFIHOS-45000121,MAGSTR,magnetic field strength,,,,real,True,sha256:a69b98012d9e4a46495a3aed48eef8ce75a69d001eaa28b4c38cb0f3c921909d,CORE CFIHOS V2.0 CSV/CFIHOS CORE unit of measure v2.0.csv,343,source_reference_record,source_reference_record_unreviewed
CFIHOS-65000267,A3,ampere per millimetre,A/mm,CFIHOS-45000121,MAGSTR,magnetic field strength,CFIHOS-60001649,SI,,real,True,sha256:a69b98012d9e4a46495a3aed48eef8ce75a69d001eaa28b4c38cb0f3c921909d,CORE CFIHOS V2.0 CSV/CFIHOS CORE unit of measure v2.0.csv,344,source_reference_record,source_reference_record_unreviewed
CFIHOS-65000268,AE,ampere per metre,A/m,CFIHOS-45000121,MAGSTR,magnetic field strength,CFIHOS-60001649,SI,,real,True,sha256:a69b98012d9e4a46495a3aed48eef8ce75a69d001eaa28b4c38cb0f3c921909d,CORE CFIHOS V2.0 CSV/CFIHOS CORE unit of measure v2.0.csv,345,source_reference_record,source_reference_record_unreviewed
CFIHOS-65000269,A4,ampere per square centimetre,A/cm2,CFIHOS-45000076,ECURD,electric current density,CFIHOS-60001649,SI,,real,True,sha256:a69b98012d9e4a46495a3aed48eef8ce75a69d001eaa28b4c38cb0f3c921909d,CORE CFIHOS V2.0 CSV/CFIHOS CORE unit of measure v2.0.csv,346,source_reference_record,source_reference_record_unreviewed
CFIHOS-65000270,,ampere per square foot,A/ft2,CFIHOS-45000076,ECURD,electric current density,,,,real,True,sha256:a69b98012d9e4a46495a3aed48eef8ce75a69d001eaa28b4c38cb0f3c921909d,CORE CFIHOS V2.0 CSV/CFIHOS CORE unit of measure v2.0.csv,347,source_reference_record,source_reference_record_unreviewed
CFIHOS-65000271,A7,ampere per square millimetre,A/mm2,CFIHOS-45000076,ECURD,electric current density,CFIHOS-60001649,SI,,real,True,sha256:a69b98012d9e4a46495a3aed48eef8ce75a69d001eaa28b4c38cb0f3c921909d,CORE CFIHOS V2.0 CSV/CFIHOS CORE unit of measure v2.0.csv,348,source_reference_record,source_reference_record_unreviewed
CFIHOS-65000272,,milliampere per square centimetre,mA/cm2,CFIHOS-45000076,ECURD,electric current density,CFIHOS-60001649,SI,,real,True,sha256:a69b98012d9e4a46495a3aed48eef8ce75a69d001eaa28b4c38cb0f3c921909d,CORE CFIHOS V2.0 CSV/CFIHOS CORE unit of measure v2.0.csv,349,source_reference_record,source_reference_record_unreviewed
CFIHOS-65000273,,milliampere per square foot,mA/ft2,CFIHOS-45000076,ECURD,electric current density,,,,real,True,sha256:a69b98012d9e4a46495a3aed48eef8ce75a69d001eaa28b4c38cb0f3c921909d,CORE CFIHOS V2.0 CSV/CFIHOS CORE unit of measure v2.0.csv,350,source_reference_record,source_reference_record_unreviewed
CFIHOS-65000274,,microampere per square centimetre,uA/cm2,CFIHOS-45000076,ECURD,electric current density,CFIHOS-60001649,SI,,real,True,sha256:a69b98012d9e4a46495a3aed48eef8ce75a69d001eaa28b4c38cb0f3c921909d,CORE CFIHOS V2.0 CSV/CFIHOS CORE unit of measure v2.0.csv,351,source_reference_record,source_reference_record_unreviewed
CFIHOS-65000275,,microampere per square inch,uA/in2,CFIHOS-45000076,ECURD,electric current density,,,,real,True,sha256:a69b98012d9e4a46495a3aed48eef8ce75a69d001eaa28b4c38cb0f3c921909d,CORE CFIHOS V2.0 CSV/CFIHOS CORE unit of measure v2.0.csv,352,source_reference_record,source_reference_record_unreviewed
CFIHOS-65000276,A41,ampere per square metre,A/m2,CFIHOS-45000076,ECURD,electric current density,CFIHOS-60001649,SI,,real,True,sha256:a69b98012d9e4a46495a3aed48eef8ce75a69d001eaa28b4c38cb0f3c921909d,CORE CFIHOS V2.0 CSV/CFIHOS CORE unit of measure v2.0.csv,353,source_reference_record,source_reference_record_unreviewed
CFIHOS-65000277,,per henry,1/H,CFIHOS-45000162,RELUCT,reluctance,CFIHOS-60001649,SI,,real,True,sha256:a69b98012d9e4a46495a3aed48eef8ce75a69d001eaa28b4c38cb0f3c921909d,CORE CFIHOS V2.0 CSV/CFIHOS CORE unit of measure v2.0.csv,354,source_reference_record,source_reference_record_unreviewed
CFIHOS-65000278,SIE,siemens,S,CFIHOS-45000077,ELCOTA,electric conductance,CFIHOS-60001649,SI,,real,True,sha256:a69b98012d9e4a46495a3aed48eef8ce75a69d001eaa28b4c38cb0f3c921909d,CORE CFIHOS V2.0 CSV/CFIHOS CORE unit of measure v2.0.csv,355,source_reference_record,source_reference_record_unreviewed
CFIHOS-65000279,,centisiemens,cS,CFIHOS-45000077,ELCOTA,electric conductance,CFIHOS-60001649,SI,,real,True,sha256:a69b98012d9e4a46495a3aed48eef8ce75a69d001eaa28b4c38cb0f3c921909d,CORE CFIHOS V2.0 CSV/CFIHOS CORE unit of measure v2.0.csv,356,source_reference_record,source_reference_record_unreviewed
CFIHOS-65000280,,decisiemens,dS,CFIHOS-45000077,ELCOTA,electric conductance,CFIHOS-60001649,SI,,real,True,sha256:a69b98012d9e4a46495a3aed48eef8ce75a69d001eaa28b4c38cb0f3c921909d,CORE CFIHOS V2.0 CSV/CFIHOS CORE unit of measure v2.0.csv,357,source_reference_record,source_reference_record_unreviewed
CFIHOS-65000281,,exasiemens,ES,CFIHOS-45000077,ELCOTA,electric conductance,CFIHOS-60001649,SI,,real,True,sha256:a69b98012d9e4a46495a3aed48eef8ce75a69d001eaa28b4c38cb0f3c921909d,CORE CFIHOS V2.0 CSV/CFIHOS CORE unit of measure v2.0.csv,358,source_reference_record,source_reference_record_unreviewed
CFIHOS-65000282,,femtosiemens,fS,CFIHOS-45000077,ELCOTA,electric conductance,CFIHOS-60001649,SI,,real,True,sha256:a69b98012d9e4a46495a3aed48eef8ce75a69d001eaa28b4c38cb0f3c921909d,CORE CFIHOS V2.0 CSV/CFIHOS CORE unit of measure v2.0.csv,359,source_reference_record,source_reference_record_unreviewed
CFIHOS-65000283,,gigasiemens,GS,CFIHOS-45000077,ELCOTA,electric conductance,CFIHOS-60001649,SI,,real,True,sha256:a69b98012d9e4a46495a3aed48eef8ce75a69d001eaa28b4c38cb0f3c921909d,CORE CFIHOS V2.0 CSV/CFIHOS CORE unit of measure v2.0.csv,360,source_reference_record,source_reference_record_unreviewed
CFIHOS-65000284,B53,kilosiemens,kS,CFIHOS-45000077,ELCOTA,electric conductance,CFIHOS-60001649,SI,,real,True,sha256:a69b98012d9e4a46495a3aed48eef8ce75a69d001eaa28b4c38cb0f3c921909d,CORE CFIHOS V2.0 CSV/CFIHOS CORE unit of measure v2.0.csv,361,source_reference_record,source_reference_record_unreviewed
CFIHOS-65000285,C27,millisiemens,mS,CFIHOS-45000077,ELCOTA,electric conductance,CFIHOS-60001649,SI,,real,True,sha256:a69b98012d9e4a46495a3aed48eef8ce75a69d001eaa28b4c38cb0f3c921909d,CORE CFIHOS V2.0 CSV/CFIHOS CORE unit of measure v2.0.csv,362,source_reference_record,source_reference_record_unreviewed
CFIHOS-65000286,,megasiemens,MS,CFIHOS-45000077,ELCOTA,electric conductance,CFIHOS-60001649,SI,,real,True,sha256:a69b98012d9e4a46495a3aed48eef8ce75a69d001eaa28b4c38cb0f3c921909d,CORE CFIHOS V2.0 CSV/CFIHOS CORE unit of measure v2.0.csv,363,source_reference_record,source_reference_record_unreviewed
CFIHOS-65000287,,nanosiemens,nS,CFIHOS-45000077,ELCOTA,electric conductance,CFIHOS-60001649,SI,,real,True,sha256:a69b98012d9e4a46495a3aed48eef8ce75a69d001eaa28b4c38cb0f3c921909d,CORE CFIHOS V2.0 CSV/CFIHOS CORE unit of measure v2.0.csv,364,source_reference_record,source_reference_record_unreviewed
CFIHOS-65000288,N92,picosiemens,pS,CFIHOS-45000077,ELCOTA,electric conductance,CFIHOS-60001649,SI,,real,True,sha256:a69b98012d9e4a46495a3aed48eef8ce75a69d001eaa28b4c38cb0f3c921909d,CORE CFIHOS V2.0 CSV/CFIHOS CORE unit of measure v2.0.csv,365,source_reference_record,source_reference_record_unreviewed
CFIHOS-65000289,,terasiemens,TS,CFIHOS-45000077,ELCOTA,electric conductance,CFIHOS-60001649,SI,,real,True,sha256:a69b98012d9e4a46495a3aed48eef8ce75a69d001eaa28b4c38cb0f3c921909d,CORE CFIHOS V2.0 CSV/CFIHOS CORE unit of measure v2.0.csv,366,source_reference_record,source_reference_record_unreviewed
CFIHOS-65000290,B99,microsiemens,uS,CFIHOS-45000077,ELCOTA,electric conductance,CFIHOS-60001649,SI,,real,True,sha256:a69b98012d9e4a46495a3aed48eef8ce75a69d001eaa28b4c38cb0f3c921909d,CORE CFIHOS V2.0 CSV/CFIHOS CORE unit of measure v2.0.csv,367,source_reference_record,source_reference_record_unreviewed
CFIHOS-65000291,D10,siemens per metre,S/m,CFIHOS-45000078,ELCOTI,electric conductivity,CFIHOS-60001649,SI,,real,True,sha256:a69b98012d9e4a46495a3aed48eef8ce75a69d001eaa28b4c38cb0f3c921909d,CORE CFIHOS V2.0 CSV/CFIHOS CORE unit of measure v2.0.csv,368,source_reference_record,source_reference_record_unreviewed
CFIHOS-65000292,B54,kilosiemens per metre,kS/m,CFIHOS-45000078,ELCOTI,electric conductivity,CFIHOS-60001649,SI,,real,True,sha256:a69b98012d9e4a46495a3aed48eef8ce75a69d001eaa28b4c38cb0f3c921909d,CORE CFIHOS V2.0 CSV/CFIHOS CORE unit of measure v2.0.csv,369,source_reference_record,source_reference_record_unreviewed
CFIHOS-65000293,H61,millisiemens per centimetre,mS/cm,CFIHOS-45000078,ELCOTI,electric conductivity,CFIHOS-60001649,SI,,real,True,sha256:a69b98012d9e4a46495a3aed48eef8ce75a69d001eaa28b4c38cb0f3c921909d,CORE CFIHOS V2.0 CSV/CFIHOS CORE unit of measure v2.0.csv,370,source_reference_record,source_reference_record_unreviewed
CFIHOS-65000294,,millisiemens per metre,mS/m,CFIHOS-45000078,ELCOTI,electric conductivity,CFIHOS-60001649,SI,,real,True,sha256:a69b98012d9e4a46495a3aed48eef8ce75a69d001eaa28b4c38cb0f3c921909d,CORE CFIHOS V2.0 CSV/CFIHOS CORE unit of measure v2.0.csv,371,source_reference_record,source_reference_record_unreviewed
CFIHOS-65000295,,centifarad,cF,CFIHOS-45000001,CAPACI,capacitance,CFIHOS-60001649,SI,,real,True,sha256:a69b98012d9e4a46495a3aed48eef8ce75a69d001eaa28b4c38cb0f3c921909d,CORE CFIHOS V2.0 CSV/CFIHOS CORE unit of measure v2.0.csv,372,source_reference_record,source_reference_record_unreviewed
CFIHOS-65000296,,decifarad,dF,CFIHOS-45000001,CAPACI,capacitance,CFIHOS-60001649,SI,,real,True,sha256:a69b98012d9e4a46495a3aed48eef8ce75a69d001eaa28b4c38cb0f3c921909d,CORE CFIHOS V2.0 CSV/CFIHOS CORE unit of measure v2.0.csv,373,source_reference_record,source_reference_record_unreviewed
CFIHOS-65000297,,exafarad,EF,CFIHOS-45000001,CAPACI,capacitance,CFIHOS-60001649,SI,,real,True,sha256:a69b98012d9e4a46495a3aed48eef8ce75a69d001eaa28b4c38cb0f3c921909d,CORE CFIHOS V2.0 CSV/CFIHOS CORE unit of measure v2.0.csv,374,source_reference_record,source_reference_record_unreviewed
CFIHOS-65000298,,femtofarad,fF,CFIHOS-45000001,CAPACI,capacitance,CFIHOS-60001649,SI,,real,True,sha256:a69b98012d9e4a46495a3aed48eef8ce75a69d001eaa28b4c38cb0f3c921909d,CORE CFIHOS V2.0 CSV/CFIHOS CORE unit of measure v2.0.csv,375,source_reference_record,source_reference_record_unreviewed
CFIHOS-65000299,,gigafarad,GF,CFIHOS-45000001,CAPACI,capacitance,CFIHOS-60001649,SI,,real,True,sha256:a69b98012d9e4a46495a3aed48eef8ce75a69d001eaa28b4c38cb0f3c921909d,CORE CFIHOS V2.0 CSV/CFIHOS CORE unit of measure v2.0.csv,376,source_reference_record,source_reference_record_unreviewed
CFIHOS-65000300,N90,kilofarad,kF,CFIHOS-45000001,CAPACI,capacitance,CFIHOS-60001649,SI,,real,True,sha256:a69b98012d9e4a46495a3aed48eef8ce75a69d001eaa28b4c38cb0f3c921909d,CORE CFIHOS V2.0 CSV/CFIHOS CORE unit of measure v2.0.csv,377,source_reference_record,source_reference_record_unreviewed
CFIHOS-65000301,C10,millifarad,mF,CFIHOS-45000001,CAPACI,capacitance,CFIHOS-60001649,SI,,real,True,sha256:a69b98012d9e4a46495a3aed48eef8ce75a69d001eaa28b4c38cb0f3c921909d,CORE CFIHOS V2.0 CSV/CFIHOS CORE unit of measure v2.0.csv,378,source_reference_record,source_reference_record_unreviewed
CFIHOS-65000302,,megafarad,MF,CFIHOS-45000001,CAPACI,capacitance,CFIHOS-60001649,SI,,real,True,sha256:a69b98012d9e4a46495a3aed48eef8ce75a69d001eaa28b4c38cb0f3c921909d,CORE CFIHOS V2.0 CSV/CFIHOS CORE unit of measure v2.0.csv,379,source_reference_record,source_reference_record_unreviewed
CFIHOS-65000303,C41,nanofarad,nF,CFIHOS-45000001,CAPACI,capacitance,CFIHOS-60001649,SI,,real,True,sha256:a69b98012d9e4a46495a3aed48eef8ce75a69d001eaa28b4c38cb0f3c921909d,CORE CFIHOS V2.0 CSV/CFIHOS CORE unit of measure v2.0.csv,380,source_reference_record,source_reference_record_unreviewed
CFIHOS-65000304,4T,picofarad,pF,CFIHOS-45000001,CAPACI,capacitance,CFIHOS-60001649,SI,,real,True,sha256:a69b98012d9e4a46495a3aed48eef8ce75a69d001eaa28b4c38cb0f3c921909d,CORE CFIHOS V2.0 CSV/CFIHOS CORE unit of measure v2.0.csv,381,source_reference_record,source_reference_record_unreviewed
CFIHOS-65000305,,terafarad,TF,CFIHOS-45000001,CAPACI,capacitance,CFIHOS-60001649,SI,,real,True,sha256:a69b98012d9e4a46495a3aed48eef8ce75a69d001eaa28b4c38cb0f3c921909d,CORE CFIHOS V2.0 CSV/CFIHOS CORE unit of measure v2.0.csv,382,source_reference_record,source_reference_record_unreviewed
CFIHOS-65000306,4O,microfarad,uF,CFIHOS-45000001,CAPACI,capacitance,CFIHOS-60001649,SI,,real,True,sha256:a69b98012d9e4a46495a3aed48eef8ce75a69d001eaa28b4c38cb0f3c921909d,CORE CFIHOS V2.0 CSV/CFIHOS CORE unit of measure v2.0.csv,383,source_reference_record,source_reference_record_unreviewed
CFIHOS-65000307,B89,microfarad per metre,uF/m,CFIHOS-45000137,PERMIT,permittivity,CFIHOS-60001649,SI,,real,True,sha256:a69b98012d9e4a46495a3aed48eef8ce75a69d001eaa28b4c38cb0f3c921909d,CORE CFIHOS V2.0 CSV/CFIHOS CORE unit of measure v2.0.csv,384,source_reference_record,source_reference_record_unreviewed
CFIHOS-65000308,A69,farad per metre,F/m,CFIHOS-45000137,PERMIT,permittivity,CFIHOS-60001649,SI,,real,True,sha256:a69b98012d9e4a46495a3aed48eef8ce75a69d001eaa28b4c38cb0f3c921909d,CORE CFIHOS V2.0 CSV/CFIHOS CORE unit of measure v2.0.csv,385,source_reference_record,source_reference_record_unreviewed
CFIHOS-65000309,A5,ampere square metre,A.m2,CFIHOS-45000080,ELMO,electromagnetic moment,CFIHOS-60001649,SI,,real,True,sha256:a69b98012d9e4a46495a3aed48eef8ce75a69d001eaa28b4c38cb0f3c921909d,CORE CFIHOS V2.0 CSV/CFIHOS CORE unit of measure v2.0.csv,386,source_reference_record,source_reference_record_unreviewed
CFIHOS-65000310,A26,coulomb metre,C.m,CFIHOS-45000074,DIPMO,dipole moment,CFIHOS-60001649,SI,,real,True,sha256:a69b98012d9e4a46495a3aed48eef8ce75a69d001eaa28b4c38cb0f3c921909d,CORE CFIHOS V2.0 CSV/CFIHOS CORE unit of measure v2.0.csv,387,source_reference_record,source_reference_record_unreviewed
CFIHOS-65000311,COU,coulomb,C,CFIHOS-45000005,CHARGE,electrical charge,CFIHOS-60001649,SI,,real,True,sha256:a69b98012d9e4a46495a3aed48eef8ce75a69d001eaa28b4c38cb0f3c921909d,CORE CFIHOS V2.0 CSV/CFIHOS CORE unit of measure v2.0.csv,388,source_reference_record,source_reference_record_unreviewed
CFIHOS-65000312,A8,ampere second,A.s,CFIHOS-45000005,CHARGE,electrical charge,CFIHOS-60001649,SI,,real,True,sha256:a69b98012d9e4a46495a3aed48eef8ce75a69d001eaa28b4c38cb0f3c921909d,CORE CFIHOS V2.0 CSV/CFIHOS CORE unit of measure v2.0.csv,389,source_reference_record,source_reference_record_unreviewed
CFIHOS-65000313,,centicoulomb,cC,CFIHOS-45000005,CHARGE,electrical charge,CFIHOS-60001649,SI,,real,True,sha256:a69b98012d9e4a46495a3aed48eef8ce75a69d001eaa28b4c38cb0f3c921909d,CORE CFIHOS V2.0 CSV/CFIHOS CORE unit of measure v2.0.csv,390,source_reference_record,source_reference_record_unreviewed
CFIHOS-65000314,,decicoulomb,dC,CFIHOS-45000005,CHARGE,electrical charge,CFIHOS-60001649,SI,,real,True,sha256:a69b98012d9e4a46495a3aed48eef8ce75a69d001eaa28b4c38cb0f3c921909d,CORE CFIHOS V2.0 CSV/CFIHOS CORE unit of measure v2.0.csv,391,source_reference_record,source_reference_record_unreviewed
CFIHOS-65000315,,exacoulomb,EC,CFIHOS-45000005,CHARGE,electrical charge,CFIHOS-60001649,SI,,real,True,sha256:a69b98012d9e4a46495a3aed48eef8ce75a69d001eaa28b4c38cb0f3c921909d,CORE CFIHOS V2.0 CSV/CFIHOS CORE unit of measure v2.0.csv,392,source_reference_record,source_reference_record_unreviewed
CFIHOS-65000316,,femtocoulomb,fC,CFIHOS-45000005,CHARGE,electrical charge,CFIHOS-60001649,SI,,real,True,sha256:a69b98012d9e4a46495a3aed48eef8ce75a69d001eaa28b4c38cb0f3c921909d,CORE CFIHOS V2.0 CSV/CFIHOS CORE unit of measure v2.0.csv,393,source_reference_record,source_reference_record_unreviewed
CFIHOS-65000317,,gigacoulomb,GC,CFIHOS-45000005,CHARGE,electrical charge,CFIHOS-60001649,SI,,real,True,sha256:a69b98012d9e4a46495a3aed48eef8ce75a69d001eaa28b4c38cb0f3c921909d,CORE CFIHOS V2.0 CSV/CFIHOS CORE unit of measure v2.0.csv,394,source_reference_record,source_reference_record_unreviewed
CFIHOS-65000318,B26,kilocoulomb,kC,CFIHOS-45000005,CHARGE,electrical charge,CFIHOS-60001649,SI,,real,True,sha256:a69b98012d9e4a46495a3aed48eef8ce75a69d001eaa28b4c38cb0f3c921909d,CORE CFIHOS V2.0 CSV/CFIHOS CORE unit of measure v2.0.csv,395,source_reference_record,source_reference_record_unreviewed
CFIHOS-65000319,D86,millicoulomb,mC,CFIHOS-45000005,CHARGE,electrical charge,CFIHOS-60001649,SI,,real,True,sha256:a69b98012d9e4a46495a3aed48eef8ce75a69d001eaa28b4c38cb0f3c921909d,CORE CFIHOS V2.0 CSV/CFIHOS CORE unit of measure v2.0.csv,396,source_reference_record,source_reference_record_unreviewed
CFIHOS-65000320,D77,megacoulomb,MC,CFIHOS-45000005,CHARGE,electrical charge,CFIHOS-60001649,SI,,real,True,sha256:a69b98012d9e4a46495a3aed48eef8ce75a69d001eaa28b4c38cb0f3c921909d,CORE CFIHOS V2.0 CSV/CFIHOS CORE unit of measure v2.0.csv,397,source_reference_record,source_reference_record_unreviewed
CFIHOS-65000321,C40,nanocoulomb,nC,CFIHOS-45000005,CHARGE,electrical charge,CFIHOS-60001649,SI,,real,True,sha256:a69b98012d9e4a46495a3aed48eef8ce75a69d001eaa28b4c38cb0f3c921909d,CORE CFIHOS V2.0 CSV/CFIHOS CORE unit of measure v2.0.csv,398,source_reference_record,source_reference_record_unreviewed
CFIHOS-65000322,C71,picocoulomb,pC,CFIHOS-45000005,CHARGE,electrical charge,CFIHOS-60001649,SI,,real,True,sha256:a69b98012d9e4a46495a3aed48eef8ce75a69d001eaa28b4c38cb0f3c921909d,CORE CFIHOS V2.0 CSV/CFIHOS CORE unit of measure v2.0.csv,399,source_reference_record,source_reference_record_unreviewed
CFIHOS-65000323,,teracoulomb,TC,CFIHOS-45000005,CHARGE,electrical charge,CFIHOS-60001649,SI,,real,True,sha256:a69b98012d9e4a46495a3aed48eef8ce75a69d001eaa28b4c38cb0f3c921909d,CORE CFIHOS V2.0 CSV/CFIHOS CORE unit of measure v2.0.csv,400,source_reference_record,source_reference_record_unreviewed
CFIHOS-65000324,B86,microcoulomb,uC,CFIHOS-45000005,CHARGE,electrical charge,CFIHOS-60001649,SI,,real,True,sha256:a69b98012d9e4a46495a3aed48eef8ce75a69d001eaa28b4c38cb0f3c921909d,CORE CFIHOS V2.0 CSV/CFIHOS CORE unit of measure v2.0.csv,401,source_reference_record,source_reference_record_unreviewed
CFIHOS-65000325,A33,coulomb per square centimetre,C/cm2,CFIHOS-45000064,CHARPA,electric charge per area,CFIHOS-60001649,SI,,real,True,sha256:a69b98012d9e4a46495a3aed48eef8ce75a69d001eaa28b4c38cb0f3c921909d,CORE CFIHOS V2.0 CSV/CFIHOS CORE unit of measure v2.0.csv,402,source_reference_record,source_reference_record_unreviewed
CFIHOS-65000326,A35,coulomb per square millimetre,C/mm2,CFIHOS-45000064,CHARPA,electric charge per area,CFIHOS-60001649,SI,,real,True,sha256:a69b98012d9e4a46495a3aed48eef8ce75a69d001eaa28b4c38cb0f3c921909d,CORE CFIHOS V2.0 CSV/CFIHOS CORE unit of measure v2.0.csv,403,source_reference_record,source_reference_record_unreviewed
CFIHOS-65000327,D89,millicoulomb per square metre,mC/m2,CFIHOS-45000064,CHARPA,electric charge per area,CFIHOS-60001649,SI,,real,True,sha256:a69b98012d9e4a46495a3aed48eef8ce75a69d001eaa28b4c38cb0f3c921909d,CORE CFIHOS V2.0 CSV/CFIHOS CORE unit of measure v2.0.csv,404,source_reference_record,source_reference_record_unreviewed
CFIHOS-65000328,A34,coulomb per square metre,C/m2,CFIHOS-45000064,CHARPA,electric charge per area,CFIHOS-60001649,SI,,real,True,sha256:a69b98012d9e4a46495a3aed48eef8ce75a69d001eaa28b4c38cb0f3c921909d,CORE CFIHOS V2.0 CSV/CFIHOS CORE unit of measure v2.0.csv,405,source_reference_record,source_reference_record_unreviewed
CFIHOS-65000329,,ampere second per cubic metre,A.s/m3,CFIHOS-45000066,CHARPV,electric charge per volume,CFIHOS-60001649,SI,,real,True,sha256:a69b98012d9e4a46495a3aed48eef8ce75a69d001eaa28b4c38cb0f3c921909d,CORE CFIHOS V2.0 CSV/CFIHOS CORE unit of measure v2.0.csv,406,source_reference_record,source_reference_record_unreviewed
CFIHOS-65000330,A28,coulomb per cubic centimetre,C/cm3,CFIHOS-45000066,CHARPV,electric charge per volume,CFIHOS-60001649,SI,,real,True,sha256:a69b98012d9e4a46495a3aed48eef8ce75a69d001eaa28b4c38cb0f3c921909d,CORE CFIHOS V2.0 CSV/CFIHOS CORE unit of measure v2.0.csv,407,source_reference_record,source_reference_record_unreviewed
CFIHOS-65000331,A30,coulomb per cubic millimetre,C/mm3,CFIHOS-45000066,CHARPV,electric charge per volume,CFIHOS-60001649,SI,,real,True,sha256:a69b98012d9e4a46495a3aed48eef8ce75a69d001eaa28b4c38cb0f3c921909d,CORE CFIHOS V2.0 CSV/CFIHOS CORE unit of measure v2.0.csv,408,source_reference_record,source_reference_record_unreviewed
CFIHOS-65000332,A29,coulomb per cubic metre,C/m3,CFIHOS-45000066,CHARPV,electric charge per volume,CFIHOS-60001649,SI,,real,True,sha256:a69b98012d9e4a46495a3aed48eef8ce75a69d001eaa28b4c38cb0f3c921909d,CORE CFIHOS V2.0 CSV/CFIHOS CORE unit of measure v2.0.csv,409,source_reference_record,source_reference_record_unreviewed
CFIHOS-65000333,,ampere second per kilogram,A.s/kg,CFIHOS-45000065,CHARPM,electric charge per mass,CFIHOS-60001649,SI,,real,True,sha256:a69b98012d9e4a46495a3aed48eef8ce75a69d001eaa28b4c38cb0f3c921909d,CORE CFIHOS V2.0 CSV/CFIHOS CORE unit of measure v2.0.csv,410,source_reference_record,source_reference_record_unreviewed
CFIHOS-65000334,,coulomb per gram,C/g,CFIHOS-45000065,CHARPM,electric charge per mass,CFIHOS-60001649,SI,,real,True,sha256:a69b98012d9e4a46495a3aed48eef8ce75a69d001eaa28b4c38cb0f3c921909d,CORE CFIHOS V2.0 CSV/CFIHOS CORE unit of measure v2.0.csv,411,source_reference_record,source_reference_record_unreviewed
CFIHOS-65000335,CKG,coulomb per kilogram,C/kg,CFIHOS-45000065,CHARPM,electric charge per mass,CFIHOS-60001649,SI,,real,True,sha256:a69b98012d9e4a46495a3aed48eef8ce75a69d001eaa28b4c38cb0f3c921909d,CORE CFIHOS V2.0 CSV/CFIHOS CORE unit of measure v2.0.csv,412,source_reference_record,source_reference_record_unreviewed
CFIHOS-65000336,,per microvolt,1/uV,CFIHOS-45000158,RECPD,reciprocal electric potential difference,CFIHOS-60001649,SI,,real,True,sha256:a69b98012d9e4a46495a3aed48eef8ce75a69d001eaa28b4c38cb0f3c921909d,CORE CFIHOS V2.0 CSV/CFIHOS CORE unit of measure v2.0.csv,413,source_reference_record,source_reference_record_unreviewed
CFIHOS-65000337,,per volt,1/V,CFIHOS-45000158,RECPD,reciprocal electric potential difference,CFIHOS-60001649,SI,,real,True,sha256:a69b98012d9e4a46495a3aed48eef8ce75a69d001eaa28b4c38cb0f3c921909d,CORE CFIHOS V2.0 CSV/CFIHOS CORE unit of measure v2.0.csv,414,source_reference_record,source_reference_record_unreviewed
CFIHOS-65000338,CDL,candela,cd,CFIHOS-45000116,LUMINT,luminous intensity,CFIHOS-60001649,SI,,real,True,sha256:a69b98012d9e4a46495a3aed48eef8ce75a69d001eaa28b4c38cb0f3c921909d,CORE CFIHOS V2.0 CSV/CFIHOS CORE unit of measure v2.0.csv,415,source_reference_record,source_reference_record_unreviewed
CFIHOS-65000339,P33,kilocandela,kcd,CFIHOS-45000116,LUMINT,luminous intensity,CFIHOS-60001649,SI,,real,True,sha256:a69b98012d9e4a46495a3aed48eef8ce75a69d001eaa28b4c38cb0f3c921909d,CORE CFIHOS V2.0 CSV/CFIHOS CORE unit of measure v2.0.csv,416,source_reference_record,source_reference_record_unreviewed
CFIHOS-65000340,A24,candela per square metre,cd/m2,CFIHOS-45000117,LUMPA,luminance,CFIHOS-60001649,SI,,real,True,sha256:a69b98012d9e4a46495a3aed48eef8ce75a69d001eaa28b4c38cb0f3c921909d,CORE CFIHOS V2.0 CSV/CFIHOS CORE unit of measure v2.0.csv,417,source_reference_record,source_reference_record_unreviewed
CFIHOS-65000341,LUM,lumen,lm,CFIHOS-45000114,LUFLUX,luminous flux,CFIHOS-60001649,SI,,real,True,sha256:a69b98012d9e4a46495a3aed48eef8ce75a69d001eaa28b4c38cb0f3c921909d,CORE CFIHOS V2.0 CSV/CFIHOS CORE unit of measure v2.0.csv,418,source_reference_record,source_reference_record_unreviewed
CFIHOS-65000342,,lux,lx,CFIHOS-45000102,ILLUCE,illuminance,CFIHOS-60001649,SI,,real,True,sha256:a69b98012d9e4a46495a3aed48eef8ce75a69d001eaa28b4c38cb0f3c921909d,CORE CFIHOS V2.0 CSV/CFIHOS CORE unit of measure v2.0.csv,419,source_reference_record,source_reference_record_unreviewed
CFIHOS-65000343,P27,footcandle,footcandle,CFIHOS-45000102,ILLUCE,illuminance,,,,real,True,sha256:a69b98012d9e4a46495a3aed48eef8ce75a69d001eaa28b4c38cb0f3c921909d,CORE CFIHOS V2.0 CSV/CFIHOS CORE unit of measure v2.0.csv,420,source_reference_record,source_reference_record_unreviewed
CFIHOS-65000344,B60,lumen per square metre,lm/m2,CFIHOS-45000102,ILLUCE,illuminance,CFIHOS-60001649,SI,,real,True,sha256:a69b98012d9e4a46495a3aed48eef8ce75a69d001eaa28b4c38cb0f3c921909d,CORE CFIHOS V2.0 CSV/CFIHOS CORE unit of measure v2.0.csv,421,source_reference_record,source_reference_record_unreviewed
CFIHOS-65000345,KLX,kilolux,klx,CFIHOS-45000102,ILLUCE,illuminance,CFIHOS-60001649,SI,,real,True,sha256:a69b98012d9e4a46495a3aed48eef8ce75a69d001eaa28b4c38cb0f3c921909d,CORE CFIHOS V2.0 CSV/CFIHOS CORE unit of measure v2.0.csv,422,source_reference_record,source_reference_record_unreviewed
CFIHOS-65000346,B62,lumen second,lm.s,CFIHOS-45000149,QUANL,quantity of light,CFIHOS-60001649,SI,,real,True,sha256:a69b98012d9e4a46495a3aed48eef8ce75a69d001eaa28b4c38cb0f3c921909d,CORE CFIHOS V2.0 CSV/CFIHOS CORE unit of measure v2.0.csv,423,source_reference_record,source_reference_record_unreviewed
CFIHOS-65000347,B64,lux second,lx.s,CFIHOS-45000109,LIGHTX,light exposure,CFIHOS-60001649,SI,,real,True,sha256:a69b98012d9e4a46495a3aed48eef8ce75a69d001eaa28b4c38cb0f3c921909d,CORE CFIHOS V2.0 CSV/CFIHOS CORE unit of measure v2.0.csv,424,source_reference_record,source_reference_record_unreviewed
CFIHOS-65000348,,footcandle second,footcandle.s,CFIHOS-45000109,LIGHTX,light exposure,,,,real,True,sha256:a69b98012d9e4a46495a3aed48eef8ce75a69d001eaa28b4c38cb0f3c921909d,CORE CFIHOS V2.0 CSV/CFIHOS CORE unit of measure v2.0.csv,425,source_reference_record,source_reference_record_unreviewed
CFIHOS-65000349,B61,lumen per watt,lm/W,CFIHOS-45000115,LUMEFF,luminous efficacy,CFIHOS-60001649,SI,,real,True,sha256:a69b98012d9e4a46495a3aed48eef8ce75a69d001eaa28b4c38cb0f3c921909d,CORE CFIHOS V2.0 CSV/CFIHOS CORE unit of measure v2.0.csv,426,source_reference_record,source_reference_record_unreviewed
CFIHOS-65000350,,degree kelvin,K,CFIHOS-45000028,TEMP,temperature,CFIHOS-60001649,SI,,real,True,sha256:a69b98012d9e4a46495a3aed48eef8ce75a69d001eaa28b4c38cb0f3c921909d,CORE CFIHOS V2.0 CSV/CFIHOS CORE unit of measure v2.0.csv,427,source_reference_record,source_reference_record_unreviewed
CFIHOS-65000351,A48,degree Rankine,degR,CFIHOS-45000028,TEMP,temperature,,,,real,True,sha256:a69b98012d9e4a46495a3aed48eef8ce75a69d001eaa28b4c38cb0f3c921909d,CORE CFIHOS V2.0 CSV/CFIHOS CORE unit of measure v2.0.csv,428,source_reference_record,source_reference_record_unreviewed
CFIHOS-65000352,,chain,chain,CFIHOS-45000011,LENGTH,length,,,,real,True,sha256:a69b98012d9e4a46495a3aed48eef8ce75a69d001eaa28b4c38cb0f3c921909d,CORE CFIHOS V2.0 CSV/CFIHOS CORE unit of measure v2.0.csv,429,source_reference_record,source_reference_record_unreviewed
CFIHOS-65000353,,British chain [Benoit 1895 A],chain[BnA],CFIHOS-45000011,LENGTH,length,,,,real,True,sha256:a69b98012d9e4a46495a3aed48eef8ce75a69d001eaa28b4c38cb0f3c921909d,CORE CFIHOS V2.0 CSV/CFIHOS CORE unit of measure v2.0.csv,430,source_reference_record,source_reference_record_unreviewed
CFIHOS-65000354,,British chain [Benoit 1895 B],chain[BnB],CFIHOS-45000011,LENGTH,length,,,,real,True,sha256:a69b98012d9e4a46495a3aed48eef8ce75a69d001eaa28b4c38cb0f3c921909d,CORE CFIHOS V2.0 CSV/CFIHOS CORE unit of measure v2.0.csv,431,source_reference_record,source_reference_record_unreviewed
CFIHOS-65000355,,Clarke chain,chain[Cla],CFIHOS-45000011,LENGTH,length,,,,real,True,sha256:a69b98012d9e4a46495a3aed48eef8ce75a69d001eaa28b4c38cb0f3c921909d,CORE CFIHOS V2.0 CSV/CFIHOS CORE unit of measure v2.0.csv,432,source_reference_record,source_reference_record_unreviewed
CFIHOS-65000356,,Indian Chain [1937],chain[Ind37],CFIHOS-45000011,LENGTH,length,,,,real,True,sha256:a69b98012d9e4a46495a3aed48eef8ce75a69d001eaa28b4c38cb0f3c921909d,CORE CFIHOS V2.0 CSV/CFIHOS CORE unit of measure v2.0.csv,433,source_reference_record,source_reference_record_unreviewed
CFIHOS-65000357,,British chain [Sears 1922],chain[Se],CFIHOS-45000011,LENGTH,length,,,,real,True,sha256:a69b98012d9e4a46495a3aed48eef8ce75a69d001eaa28b4c38cb0f3c921909d,CORE CFIHOS V2.0 CSV/CFIHOS CORE unit of measure v2.0.csv,434,source_reference_record,source_reference_record_unreviewed
CFIHOS-65000358,,British chain [Sears 1922 truncated],chain[SeT],CFIHOS-45000011,LENGTH,length,,,,real,True,sha256:a69b98012d9e4a46495a3aed48eef8ce75a69d001eaa28b4c38cb0f3c921909d,CORE CFIHOS V2.0 CSV/CFIHOS CORE unit of measure v2.0.csv,435,source_reference_record,source_reference_record_unreviewed
CFIHOS-65000359,,US survey chain,chain[US],CFIHOS-45000011,LENGTH,length,,,,real,True,sha256:a69b98012d9e4a46495a3aed48eef8ce75a69d001eaa28b4c38cb0f3c921909d,CORE CFIHOS V2.0 CSV/CFIHOS CORE unit of measure v2.0.csv,436,source_reference_record,source_reference_record_unreviewed
CFIHOS-65000360,,international fathom,fathom,CFIHOS-45000011,LENGTH,length,,,,real,True,sha256:a69b98012d9e4a46495a3aed48eef8ce75a69d001eaa28b4c38cb0f3c921909d,CORE CFIHOS V2.0 CSV/CFIHOS CORE unit of measure v2.0.csv,437,source_reference_record,source_reference_record_unreviewed
CFIHOS-65000361,,British foot [Benoit 1895 A],ft[BnA],CFIHOS-45000011,LENGTH,length,,,,real,True,sha256:a69b98012d9e4a46495a3aed48eef8ce75a69d001eaa28b4c38cb0f3c921909d,CORE CFIHOS V2.0 CSV/CFIHOS CORE unit of measure v2.0.csv,438,source_reference_record,source_reference_record_unreviewed
CFIHOS-65000362,,British foot [Benoit 1895 B],ft[BnB],CFIHOS-45000011,LENGTH,length,,,,real,True,sha256:a69b98012d9e4a46495a3aed48eef8ce75a69d001eaa28b4c38cb0f3c921909d,CORE CFIHOS V2.0 CSV/CFIHOS CORE unit of measure v2.0.csv,439,source_reference_record,source_reference_record_unreviewed
CFIHOS-65000363,,British foot [1936],ft[Br36],CFIHOS-45000011,LENGTH,length,,,,real,True,sha256:a69b98012d9e4a46495a3aed48eef8ce75a69d001eaa28b4c38cb0f3c921909d,CORE CFIHOS V2.0 CSV/CFIHOS CORE unit of measure v2.0.csv,440,source_reference_record,source_reference_record_unreviewed
CFIHOS-65000364,,British foot [1865],ft[Br65],CFIHOS-45000011,LENGTH,length,,,,real,True,sha256:a69b98012d9e4a46495a3aed48eef8ce75a69d001eaa28b4c38cb0f3c921909d,CORE CFIHOS V2.0 CSV/CFIHOS CORE unit of measure v2.0.csv,441,source_reference_record,source_reference_record_unreviewed
CFIHOS-65000365,,Clarke foot,ft[Cla],CFIHOS-45000011,LENGTH,length,,,,real,True,sha256:a69b98012d9e4a46495a3aed48eef8ce75a69d001eaa28b4c38cb0f3c921909d,CORE CFIHOS V2.0 CSV/CFIHOS CORE unit of measure v2.0.csv,442,source_reference_record,source_reference_record_unreviewed
CFIHOS-65000366,,Gold Coast foot,ft[GC],CFIHOS-45000011,LENGTH,length,,,,real,True,sha256:a69b98012d9e4a46495a3aed48eef8ce75a69d001eaa28b4c38cb0f3c921909d,CORE CFIHOS V2.0 CSV/CFIHOS CORE unit of measure v2.0.csv,443,source_reference_record,source_reference_record_unreviewed
CFIHOS-65000367,,indian foot,ft[Ind],CFIHOS-45000011,LENGTH,length,,,,real,True,sha256:a69b98012d9e4a46495a3aed48eef8ce75a69d001eaa28b4c38cb0f3c921909d,CORE CFIHOS V2.0 CSV/CFIHOS CORE unit of measure v2.0.csv,444,source_reference_record,source_reference_record_unreviewed
CFIHOS-65000368,,indian foot [1937],ft[Ind37],CFIHOS-45000011,LENGTH,length,,,,real,True,sha256:a69b98012d9e4a46495a3aed48eef8ce75a69d001eaa28b4c38cb0f3c921909d,CORE CFIHOS V2.0 CSV/CFIHOS CORE unit of measure v2.0.csv,445,source_reference_record,source_reference_record_unreviewed
CFIHOS-65000369,,indian foot ]1962],ft[Ind62],CFIHOS-45000011,LENGTH,length,,,,real,True,sha256:a69b98012d9e4a46495a3aed48eef8ce75a69d001eaa28b4c38cb0f3c921909d,CORE CFIHOS V2.0 CSV/CFIHOS CORE unit of measure v2.0.csv,446,source_reference_record,source_reference_record_unreviewed
CFIHOS-65000370,,indian foot [1975],ft[Ind75],CFIHOS-45000011,LENGTH,length,,,,real,True,sha256:a69b98012d9e4a46495a3aed48eef8ce75a69d001eaa28b4c38cb0f3c921909d,CORE CFIHOS V2.0 CSV/CFIHOS CORE unit of measure v2.0.csv,447,source_reference_record,source_reference_record_unreviewed
CFIHOS-65000371,,British foot [Sears 1922],ft[Se],CFIHOS-45000011,LENGTH,length,,,,real,True,sha256:a69b98012d9e4a46495a3aed48eef8ce75a69d001eaa28b4c38cb0f3c921909d,CORE CFIHOS V2.0 CSV/CFIHOS CORE unit of measure v2.0.csv,448,source_reference_record,source_reference_record_unreviewed
CFIHOS-65000372,,British foot [Sears 1922 truncated],ft[SeT],CFIHOS-45000011,LENGTH,length,,,,real,True,sha256:a69b98012d9e4a46495a3aed48eef8ce75a69d001eaa28b4c38cb0f3c921909d,CORE CFIHOS V2.0 CSV/CFIHOS CORE unit of measure v2.0.csv,449,source_reference_record,source_reference_record_unreviewed
CFIHOS-65000373,,US survey foot,ft[US],CFIHOS-45000011,LENGTH,length,,,,real,True,sha256:a69b98012d9e4a46495a3aed48eef8ce75a69d001eaa28b4c38cb0f3c921909d,CORE CFIHOS V2.0 CSV/CFIHOS CORE unit of measure v2.0.csv,450,source_reference_record,source_reference_record_unreviewed
CFIHOS-65000374,,furlong US survey,fur[US],CFIHOS-45000011,LENGTH,length,,,,real,True,sha256:a69b98012d9e4a46495a3aed48eef8ce75a69d001eaa28b4c38cb0f3c921909d,CORE CFIHOS V2.0 CSV/CFIHOS CORE unit of measure v2.0.csv,451,source_reference_record,source_reference_record_unreviewed
CFIHOS-65000375,,US survey inch,in[US],CFIHOS-45000011,LENGTH,length,,,,real,True,sha256:a69b98012d9e4a46495a3aed48eef8ce75a69d001eaa28b4c38cb0f3c921909d,CORE CFIHOS V2.0 CSV/CFIHOS CORE unit of measure v2.0.csv,452,source_reference_record,source_reference_record_unreviewed
CFIHOS-65000376,LK,link,link,CFIHOS-45000011,LENGTH,length,,,,real,True,sha256:a69b98012d9e4a46495a3aed48eef8ce75a69d001eaa28b4c38cb0f3c921909d,CORE CFIHOS V2.0 CSV/CFIHOS CORE unit of measure v2.0.csv,453,source_reference_record,source_reference_record_unreviewed
CFIHOS-65000377,,British link [Benoit 1895 A],link[BnA],CFIHOS-45000011,LENGTH,length,,,,real,True,sha256:a69b98012d9e4a46495a3aed48eef8ce75a69d001eaa28b4c38cb0f3c921909d,CORE CFIHOS V2.0 CSV/CFIHOS CORE unit of measure v2.0.csv,454,source_reference_record,source_reference_record_unreviewed
CFIHOS-65000378,,British link [Benoit 1895 B],link[BnB],CFIHOS-45000011,LENGTH,length,,,,real,True,sha256:a69b98012d9e4a46495a3aed48eef8ce75a69d001eaa28b4c38cb0f3c921909d,CORE CFIHOS V2.0 CSV/CFIHOS CORE unit of measure v2.0.csv,455,source_reference_record,source_reference_record_unreviewed
CFIHOS-65000379,,Clarke link,link[Cla],CFIHOS-45000011,LENGTH,length,,,,real,True,sha256:a69b98012d9e4a46495a3aed48eef8ce75a69d001eaa28b4c38cb0f3c921909d,CORE CFIHOS V2.0 CSV/CFIHOS CORE unit of measure v2.0.csv,456,source_reference_record,source_reference_record_unreviewed
CFIHOS-65000380,,British link [Sears 1922],link[Se],CFIHOS-45000011,LENGTH,length,,,,real,True,sha256:a69b98012d9e4a46495a3aed48eef8ce75a69d001eaa28b4c38cb0f3c921909d,CORE CFIHOS V2.0 CSV/CFIHOS CORE unit of measure v2.0.csv,457,source_reference_record,source_reference_record_unreviewed
CFIHOS-65000381,,British link [Sears 1922 truncated],link[SeT],CFIHOS-45000011,LENGTH,length,,,,real,True,sha256:a69b98012d9e4a46495a3aed48eef8ce75a69d001eaa28b4c38cb0f3c921909d,CORE CFIHOS V2.0 CSV/CFIHOS CORE unit of measure v2.0.csv,458,source_reference_record,source_reference_record_unreviewed
CFIHOS-65000382,,US survey link,link[US],CFIHOS-45000011,LENGTH,length,,,,real,True,sha256:a69b98012d9e4a46495a3aed48eef8ce75a69d001eaa28b4c38cb0f3c921909d,CORE CFIHOS V2.0 CSV/CFIHOS CORE unit of measure v2.0.csv,459,source_reference_record,source_reference_record_unreviewed
CFIHOS-65000383,,German legal metre,m[Ger],CFIHOS-45000011,LENGTH,length,,,,real,True,sha256:a69b98012d9e4a46495a3aed48eef8ce75a69d001eaa28b4c38cb0f3c921909d,CORE CFIHOS V2.0 CSV/CFIHOS CORE unit of measure v2.0.csv,460,source_reference_record,source_reference_record_unreviewed
CFIHOS-65000384,,mile,mi,CFIHOS-45000011,LENGTH,length,,,,real,True,sha256:a69b98012d9e4a46495a3aed48eef8ce75a69d001eaa28b4c38cb0f3c921909d,CORE CFIHOS V2.0 CSV/CFIHOS CORE unit of measure v2.0.csv,461,source_reference_record,source_reference_record_unreviewed
CFIHOS-65000385,,international nautical mile,mi[naut],CFIHOS-45000011,LENGTH,length,CFIHOS-60001649,SI,,real,True,sha256:a69b98012d9e4a46495a3aed48eef8ce75a69d001eaa28b4c38cb0f3c921909d,CORE CFIHOS V2.0 CSV/CFIHOS CORE unit of measure v2.0.csv,462,source_reference_record,source_reference_record_unreviewed
CFIHOS-65000386,,United Kingdom nautical mile,mi[nautUK],CFIHOS-45000011,LENGTH,length,,,,real,True,sha256:a69b98012d9e4a46495a3aed48eef8ce75a69d001eaa28b4c38cb0f3c921909d,CORE CFIHOS V2.0 CSV/CFIHOS CORE unit of measure v2.0.csv,463,source_reference_record,source_reference_record_unreviewed
CFIHOS-65000387,,US survey mile,mi[US],CFIHOS-45000011,LENGTH,length,,,,real,True,sha256:a69b98012d9e4a46495a3aed48eef8ce75a69d001eaa28b4c38cb0f3c921909d,CORE CFIHOS V2.0 CSV/CFIHOS CORE unit of measure v2.0.csv,464,source_reference_record,source_reference_record_unreviewed
CFIHOS-65000388,M43,mil,mil,CFIHOS-45000011,LENGTH,length,,,,real,True,sha256:a69b98012d9e4a46495a3aed48eef8ce75a69d001eaa28b4c38cb0f3c921909d,CORE CFIHOS V2.0 CSV/CFIHOS CORE unit of measure v2.0.csv,465,source_reference_record,source_reference_record_unreviewed
CFIHOS-65000389,,rod US Survey,rod[US],CFIHOS-45000011,LENGTH,length,,,,real,True,sha256:a69b98012d9e4a46495a3aed48eef8ce75a69d001eaa28b4c38cb0f3c921909d,CORE CFIHOS V2.0 CSV/CFIHOS CORE unit of measure v2.0.csv,466,source_reference_record,source_reference_record_unreviewed
CFIHOS-65000390,YRD,yard,yd,CFIHOS-45000011,LENGTH,length,,,,real,True,sha256:a69b98012d9e4a46495a3aed48eef8ce75a69d001eaa28b4c38cb0f3c921909d,CORE CFIHOS V2.0 CSV/CFIHOS CORE unit of measure v2.0.csv,467,source_reference_record,source_reference_record_unreviewed
CFIHOS-65000391,,British yard [Benoit 1895 A],yd[BnA],CFIHOS-45000011,LENGTH,length,,,,real,True,sha256:a69b98012d9e4a46495a3aed48eef8ce75a69d001eaa28b4c38cb0f3c921909d,CORE CFIHOS V2.0 CSV/CFIHOS CORE unit of measure v2.0.csv,468,source_reference_record,source_reference_record_unreviewed
CFIHOS-65000392,,British yard [Benoit 1895 B],yd[BnB],CFIHOS-45000011,LENGTH,length,,,,real,True,sha256:a69b98012d9e4a46495a3aed48eef8ce75a69d001eaa28b4c38cb0f3c921909d,CORE CFIHOS V2.0 CSV/CFIHOS CORE unit of measure v2.0.csv,469,source_reference_record,source_reference_record_unreviewed
CFIHOS-65000393,,Clarke yard,yd[Cla],CFIHOS-45000011,LENGTH,length,,,,real,True,sha256:a69b98012d9e4a46495a3aed48eef8ce75a69d001eaa28b4c38cb0f3c921909d,CORE CFIHOS V2.0 CSV/CFIHOS CORE unit of measure v2.0.csv,470,source_reference_record,source_reference_record_unreviewed
CFIHOS-65000394,,Indian yard,yd[Ind],CFIHOS-45000011,LENGTH,length,,,,real,True,sha256:a69b98012d9e4a46495a3aed48eef8ce75a69d001eaa28b4c38cb0f3c921909d,CORE CFIHOS V2.0 CSV/CFIHOS CORE unit of measure v2.0.csv,471,source_reference_record,source_reference_record_unreviewed
CFIHOS-65000395,,Indian yard [1937],yd[Ind37],CFIHOS-45000011,LENGTH,length,,,,real,True,sha256:a69b98012d9e4a46495a3aed48eef8ce75a69d001eaa28b4c38cb0f3c921909d,CORE CFIHOS V2.0 CSV/CFIHOS CORE unit of measure v2.0.csv,472,source_reference_record,source_reference_record_unreviewed
CFIHOS-65000396,,Indian yard [1962],yd[Ind62],CFIHOS-45000011,LENGTH,length,,,,real,True,sha256:a69b98012d9e4a46495a3aed48eef8ce75a69d001eaa28b4c38cb0f3c921909d,CORE CFIHOS V2.0 CSV/CFIHOS CORE unit of measure v2.0.csv,473,source_reference_record,source_reference_record_unreviewed
CFIHOS-65000397,,Indian yard [1975],yd[Ind75],CFIHOS-45000011,LENGTH,length,,,,real,True,sha256:a69b98012d9e4a46495a3aed48eef8ce75a69d001eaa28b4c38cb0f3c921909d,CORE CFIHOS V2.0 CSV/CFIHOS CORE unit of measure v2.0.csv,474,source_reference_record,source_reference_record_unreviewed
CFIHOS-65000398,,British yard [Sears 1922],yd[Se],CFIHOS-45000011,LENGTH,length,,,,real,True,sha256:a69b98012d9e4a46495a3aed48eef8ce75a69d001eaa28b4c38cb0f3c921909d,CORE CFIHOS V2.0 CSV/CFIHOS CORE unit of measure v2.0.csv,475,source_reference_record,source_reference_record_unreviewed
CFIHOS-65000399,,British yard [Sears 1922 truncated],yd[SeT],CFIHOS-45000011,LENGTH,length,,,,real,True,sha256:a69b98012d9e4a46495a3aed48eef8ce75a69d001eaa28b4c38cb0f3c921909d,CORE CFIHOS V2.0 CSV/CFIHOS CORE unit of measure v2.0.csv,476,source_reference_record,source_reference_record_unreviewed
CFIHOS-65000400,,US survey yard,yd[US],CFIHOS-45000011,LENGTH,length,,,,real,True,sha256:a69b98012d9e4a46495a3aed48eef8ce75a69d001eaa28b4c38cb0f3c921909d,CORE CFIHOS V2.0 CSV/CFIHOS CORE unit of measure v2.0.csv,477,source_reference_record,source_reference_record_unreviewed
CFIHOS-65000401,,cubic metre per square metre,m3/m2,CFIHOS-45000175,VOLPA,volume per area,CFIHOS-60001649,SI,,real,True,sha256:a69b98012d9e4a46495a3aed48eef8ce75a69d001eaa28b4c38cb0f3c921909d,CORE CFIHOS V2.0 CSV/CFIHOS CORE unit of measure v2.0.csv,478,source_reference_record,source_reference_record_unreviewed
CFIHOS-65000402,,tenth of foot,0.1 ft,CFIHOS-45000011,LENGTH,length,,,,real,True,sha256:a69b98012d9e4a46495a3aed48eef8ce75a69d001eaa28b4c38cb0f3c921909d,CORE CFIHOS V2.0 CSV/CFIHOS CORE unit of measure v2.0.csv,479,source_reference_record,source_reference_record_unreviewed
CFIHOS-65000403,,tenth of US survey foot,0.1 ft[US],CFIHOS-45000011,LENGTH,length,,,,real,True,sha256:a69b98012d9e4a46495a3aed48eef8ce75a69d001eaa28b4c38cb0f3c921909d,CORE CFIHOS V2.0 CSV/CFIHOS CORE unit of measure v2.0.csv,480,source_reference_record,source_reference_record_unreviewed
CFIHOS-65000404,,tenth of inch,0.1 in,CFIHOS-45000011,LENGTH,length,,,,real,True,sha256:a69b98012d9e4a46495a3aed48eef8ce75a69d001eaa28b4c38cb0f3c921909d,CORE CFIHOS V2.0 CSV/CFIHOS CORE unit of measure v2.0.csv,481,source_reference_record,source_reference_record_unreviewed
CFIHOS-65000405,,tenth of yard,0.1 yd,CFIHOS-45000011,LENGTH,length,,,,real,True,sha256:a69b98012d9e4a46495a3aed48eef8ce75a69d001eaa28b4c38cb0f3c921909d,CORE CFIHOS V2.0 CSV/CFIHOS CORE unit of measure v2.0.csv,482,source_reference_record,source_reference_record_unreviewed
CFIHOS-65000406,,sixteenth of inch,1/16 in,CFIHOS-45000011,LENGTH,length,,,,real,True,sha256:a69b98012d9e4a46495a3aed48eef8ce75a69d001eaa28b4c38cb0f3c921909d,CORE CFIHOS V2.0 CSV/CFIHOS CORE unit of measure v2.0.csv,483,source_reference_record,source_reference_record_unreviewed
CFIHOS-65000407,,half of Foot,1/2 ft,CFIHOS-45000011,LENGTH,length,,,,real,True,sha256:a69b98012d9e4a46495a3aed48eef8ce75a69d001eaa28b4c38cb0f3c921909d,CORE CFIHOS V2.0 CSV/CFIHOS CORE unit of measure v2.0.csv,484,source_reference_record,source_reference_record_unreviewed
CFIHOS-65000408,,thirty-second of inch,1/32 in,CFIHOS-45000011,LENGTH,length,,,,real,True,sha256:a69b98012d9e4a46495a3aed48eef8ce75a69d001eaa28b4c38cb0f3c921909d,CORE CFIHOS V2.0 CSV/CFIHOS CORE unit of measure v2.0.csv,485,source_reference_record,source_reference_record_unreviewed
CFIHOS-65000409,,sixty-fourth of inch,1/64 in,CFIHOS-45000011,LENGTH,length,,,,real,True,sha256:a69b98012d9e4a46495a3aed48eef8ce75a69d001eaa28b4c38cb0f3c921909d,CORE CFIHOS V2.0 CSV/CFIHOS CORE unit of measure v2.0.csv,486,source_reference_record,source_reference_record_unreviewed
CFIHOS-65000410,,ten foot,10 ft,CFIHOS-45000011,LENGTH,length,,,,real,True,sha256:a69b98012d9e4a46495a3aed48eef8ce75a69d001eaa28b4c38cb0f3c921909d,CORE CFIHOS V2.0 CSV/CFIHOS CORE unit of measure v2.0.csv,487,source_reference_record,source_reference_record_unreviewed
CFIHOS-65000411,,ten inch,10 in,CFIHOS-45000011,LENGTH,length,,,,real,True,sha256:a69b98012d9e4a46495a3aed48eef8ce75a69d001eaa28b4c38cb0f3c921909d,CORE CFIHOS V2.0 CSV/CFIHOS CORE unit of measure v2.0.csv,488,source_reference_record,source_reference_record_unreviewed
CFIHOS-65000412,,10 kilometre,10 km,CFIHOS-45000011,LENGTH,length,,,,real,True,sha256:a69b98012d9e4a46495a3aed48eef8ce75a69d001eaa28b4c38cb0f3c921909d,CORE CFIHOS V2.0 CSV/CFIHOS CORE unit of measure v2.0.csv,489,source_reference_record,source_reference_record_unreviewed
CFIHOS-65000413,HF,hundred foot,100 ft,CFIHOS-45000011,LENGTH,length,,,,real,True,sha256:a69b98012d9e4a46495a3aed48eef8ce75a69d001eaa28b4c38cb0f3c921909d,CORE CFIHOS V2.0 CSV/CFIHOS CORE unit of measure v2.0.csv,490,source_reference_record,source_reference_record_unreviewed
CFIHOS-65000414,,100 kilometre,100 km,CFIHOS-45000011,LENGTH,length,,,,real,True,sha256:a69b98012d9e4a46495a3aed48eef8ce75a69d001eaa28b4c38cb0f3c921909d,CORE CFIHOS V2.0 CSV/CFIHOS CORE unit of measure v2.0.csv,491,source_reference_record,source_reference_record_unreviewed
CFIHOS-65000415,TQ,thousand foot,1000 ft,CFIHOS-45000011,LENGTH,length,,,,real,True,sha256:a69b98012d9e4a46495a3aed48eef8ce75a69d001eaa28b4c38cb0f3c921909d,CORE CFIHOS V2.0 CSV/CFIHOS CORE unit of measure v2.0.csv,492,source_reference_record,source_reference_record_unreviewed
CFIHOS-65000416,,thirty foot,30 ft,CFIHOS-45000011,LENGTH,length,,,,real,True,sha256:a69b98012d9e4a46495a3aed48eef8ce75a69d001eaa28b4c38cb0f3c921909d,CORE CFIHOS V2.0 CSV/CFIHOS CORE unit of measure v2.0.csv,493,source_reference_record,source_reference_record_unreviewed
CFIHOS-65000417,,thirty metres,30 m,CFIHOS-45000011,LENGTH,length,,,,real,True,sha256:a69b98012d9e4a46495a3aed48eef8ce75a69d001eaa28b4c38cb0f3c921909d,CORE CFIHOS V2.0 CSV/CFIHOS CORE unit of measure v2.0.csv,494,source_reference_record,source_reference_record_unreviewed
CFIHOS-65000418,,million barrel per acre,1E6 bbl/acre,CFIHOS-45000175,VOLPA,volume per area,,,,real,True,sha256:a69b98012d9e4a46495a3aed48eef8ce75a69d001eaa28b4c38cb0f3c921909d,CORE CFIHOS V2.0 CSV/CFIHOS CORE unit of measure v2.0.csv,495,source_reference_record,source_reference_record_unreviewed
CFIHOS-65000419,,barrel per acre,bbl/acre,CFIHOS-45000175,VOLPA,volume per area,,,,real,True,sha256:a69b98012d9e4a46495a3aed48eef8ce75a69d001eaa28b4c38cb0f3c921909d,CORE CFIHOS V2.0 CSV/CFIHOS CORE unit of measure v2.0.csv,496,source_reference_record,source_reference_record_unreviewed
CFIHOS-65000420,,cubic foot per square foot,ft3/ft2,CFIHOS-45000175,VOLPA,volume per area,,,,real,True,sha256:a69b98012d9e4a46495a3aed48eef8ce75a69d001eaa28b4c38cb0f3c921909d,CORE CFIHOS V2.0 CSV/CFIHOS CORE unit of measure v2.0.csv,497,source_reference_record,source_reference_record_unreviewed
CFIHOS-65000421,CMT,centimetre,cm,CFIHOS-45000011,LENGTH,length,CFIHOS-60001649,SI,,real,True,sha256:a69b98012d9e4a46495a3aed48eef8ce75a69d001eaa28b4c38cb0f3c921909d,CORE CFIHOS V2.0 CSV/CFIHOS CORE unit of measure v2.0.csv,498,source_reference_record,source_reference_record_unreviewed
CFIHOS-65000422,,dekametre,dam,CFIHOS-45000011,LENGTH,length,CFIHOS-60001649,SI,,real,True,sha256:a69b98012d9e4a46495a3aed48eef8ce75a69d001eaa28b4c38cb0f3c921909d,CORE CFIHOS V2.0 CSV/CFIHOS CORE unit of measure v2.0.csv,499,source_reference_record,source_reference_record_unreviewed
CFIHOS-65000423,DMT,decimetre,dm,CFIHOS-45000011,LENGTH,length,CFIHOS-60001649,SI,,real,True,sha256:a69b98012d9e4a46495a3aed48eef8ce75a69d001eaa28b4c38cb0f3c921909d,CORE CFIHOS V2.0 CSV/CFIHOS CORE unit of measure v2.0.csv,500,source_reference_record,source_reference_record_unreviewed
CFIHOS-65000424,,exametre,Em,CFIHOS-45000011,LENGTH,length,CFIHOS-60001649,SI,,real,True,sha256:a69b98012d9e4a46495a3aed48eef8ce75a69d001eaa28b4c38cb0f3c921909d,CORE CFIHOS V2.0 CSV/CFIHOS CORE unit of measure v2.0.csv,501,source_reference_record,source_reference_record_unreviewed
CFIHOS-65000425,A71,femtometre,fm,CFIHOS-45000011,LENGTH,length,CFIHOS-60001649,SI,,real,True,sha256:a69b98012d9e4a46495a3aed48eef8ce75a69d001eaa28b4c38cb0f3c921909d,CORE CFIHOS V2.0 CSV/CFIHOS CORE unit of measure v2.0.csv,502,source_reference_record,source_reference_record_unreviewed
CFIHOS-65000426,,gigametre,Gm,CFIHOS-45000011,LENGTH,length,CFIHOS-60001649,SI,,real,True,sha256:a69b98012d9e4a46495a3aed48eef8ce75a69d001eaa28b4c38cb0f3c921909d,CORE CFIHOS V2.0 CSV/CFIHOS CORE unit of measure v2.0.csv,503,source_reference_record,source_reference_record_unreviewed
CFIHOS-65000427,HMT,hectometre,hm,CFIHOS-45000011,LENGTH,length,CFIHOS-60001649,SI,,real,True,sha256:a69b98012d9e4a46495a3aed48eef8ce75a69d001eaa28b4c38cb0f3c921909d,CORE CFIHOS V2.0 CSV/CFIHOS CORE unit of measure v2.0.csv,504,source_reference_record,source_reference_record_unreviewed
CFIHOS-65000428,KMT,kilometre,km,CFIHOS-45000011,LENGTH,length,CFIHOS-60001649,SI,,real,True,sha256:a69b98012d9e4a46495a3aed48eef8ce75a69d001eaa28b4c38cb0f3c921909d,CORE CFIHOS V2.0 CSV/CFIHOS CORE unit of measure v2.0.csv,505,source_reference_record,source_reference_record_unreviewed
CFIHOS-65000429,MAM,megametre,Mm,CFIHOS-45000011,LENGTH,length,CFIHOS-60001649,SI,,real,True,sha256:a69b98012d9e4a46495a3aed48eef8ce75a69d001eaa28b4c38cb0f3c921909d,CORE CFIHOS V2.0 CSV/CFIHOS CORE unit of measure v2.0.csv,506,source_reference_record,source_reference_record_unreviewed
CFIHOS-65000430,C45,nanometre,nm,CFIHOS-45000011,LENGTH,length,CFIHOS-60001649,SI,,real,True,sha256:a69b98012d9e4a46495a3aed48eef8ce75a69d001eaa28b4c38cb0f3c921909d,CORE CFIHOS V2.0 CSV/CFIHOS CORE unit of measure v2.0.csv,507,source_reference_record,source_reference_record_unreviewed
CFIHOS-65000431,C52,picometre,pm,CFIHOS-45000011,LENGTH,length,CFIHOS-60001649,SI,,real,True,sha256:a69b98012d9e4a46495a3aed48eef8ce75a69d001eaa28b4c38cb0f3c921909d,CORE CFIHOS V2.0 CSV/CFIHOS CORE unit of measure v2.0.csv,508,source_reference_record,source_reference_record_unreviewed
CFIHOS-65000432,,terametre,Tm,CFIHOS-45000011,LENGTH,length,CFIHOS-60001649,SI,,real,True,sha256:a69b98012d9e4a46495a3aed48eef8ce75a69d001eaa28b4c38cb0f3c921909d,CORE CFIHOS V2.0 CSV/CFIHOS CORE unit of measure v2.0.csv,509,source_reference_record,source_reference_record_unreviewed
CFIHOS-65000433,,micrometre,um,CFIHOS-45000011,LENGTH,length,CFIHOS-60001649,SI,,real,True,sha256:a69b98012d9e4a46495a3aed48eef8ce75a69d001eaa28b4c38cb0f3c921909d,CORE CFIHOS V2.0 CSV/CFIHOS CORE unit of measure v2.0.csv,510,source_reference_record,source_reference_record_unreviewed
CFIHOS-65000434,,metre per delta kelvin,m/deltaK,CFIHOS-45000107,LENPT,length per temperature,CFIHOS-60001649,SI,,real,True,sha256:a69b98012d9e4a46495a3aed48eef8ce75a69d001eaa28b4c38cb0f3c921909d,CORE CFIHOS V2.0 CSV/CFIHOS CORE unit of measure v2.0.csv,511,source_reference_record,source_reference_record_unreviewed
CFIHOS-65000435,,foot per delta Fahrenheit,ft/deltaF,CFIHOS-45000107,LENPT,length per temperature,,,,real,True,sha256:a69b98012d9e4a46495a3aed48eef8ce75a69d001eaa28b4c38cb0f3c921909d,CORE CFIHOS V2.0 CSV/CFIHOS CORE unit of measure v2.0.csv,512,source_reference_record,source_reference_record_unreviewed
CFIHOS-65000436,,metre per kilogram,m/kg,CFIHOS-45000105,LENPM,length per mass,CFIHOS-60001649,SI,,real,True,sha256:a69b98012d9e4a46495a3aed48eef8ce75a69d001eaa28b4c38cb0f3c921909d,CORE CFIHOS V2.0 CSV/CFIHOS CORE unit of measure v2.0.csv,513,source_reference_record,source_reference_record_unreviewed
CFIHOS-65000437,,foot per pound-mass,ft/lbm,CFIHOS-45000105,LENPM,length per mass,,,,real,True,sha256:a69b98012d9e4a46495a3aed48eef8ce75a69d001eaa28b4c38cb0f3c921909d,CORE CFIHOS V2.0 CSV/CFIHOS CORE unit of measure v2.0.csv,514,source_reference_record,source_reference_record_unreviewed
CFIHOS-65000438,KNT,knot,knot,CFIHOS-45000025,SPEED,speed,CFIHOS-60001649,SI,,real,True,sha256:a69b98012d9e4a46495a3aed48eef8ce75a69d001eaa28b4c38cb0f3c921909d,CORE CFIHOS V2.0 CSV/CFIHOS CORE unit of measure v2.0.csv,515,source_reference_record,source_reference_record_unreviewed
CFIHOS-65000439,P87,cubic metre per second square metre,m3/(s.m2),CFIHOS-45000182,VPTA,(volume per time) per area,CFIHOS-60001649,SI,,real,True,sha256:a69b98012d9e4a46495a3aed48eef8ce75a69d001eaa28b4c38cb0f3c921909d,CORE CFIHOS V2.0 CSV/CFIHOS CORE unit of measure v2.0.csv,516,source_reference_record,source_reference_record_unreviewed
CFIHOS-65000440,,thousand foot per hour,1000 ft/h,CFIHOS-45000025,SPEED,speed,,,,real,True,sha256:a69b98012d9e4a46495a3aed48eef8ce75a69d001eaa28b4c38cb0f3c921909d,CORE CFIHOS V2.0 CSV/CFIHOS CORE unit of measure v2.0.csv,517,source_reference_record,source_reference_record_unreviewed
CFIHOS-65000441,,thousand foot per second,1000 ft/s,CFIHOS-45000025,SPEED,speed,,,,real,True,sha256:a69b98012d9e4a46495a3aed48eef8ce75a69d001eaa28b4c38cb0f3c921909d,CORE CFIHOS V2.0 CSV/CFIHOS CORE unit of measure v2.0.csv,518,source_reference_record,source_reference_record_unreviewed
CFIHOS-65000442,,centimetre per julian-year,cm/a,CFIHOS-45000025,SPEED,speed,,,,real,True,sha256:a69b98012d9e4a46495a3aed48eef8ce75a69d001eaa28b4c38cb0f3c921909d,CORE CFIHOS V2.0 CSV/CFIHOS CORE unit of measure v2.0.csv,519,source_reference_record,source_reference_record_unreviewed
CFIHOS-65000443,2M,centimetre per second,cm/s,CFIHOS-45000025,SPEED,speed,CFIHOS-60001649,SI,,real,True,sha256:a69b98012d9e4a46495a3aed48eef8ce75a69d001eaa28b4c38cb0f3c921909d,CORE CFIHOS V2.0 CSV/CFIHOS CORE unit of measure v2.0.csv,520,source_reference_record,source_reference_record_unreviewed
CFIHOS-65000444,,decimetre per second,dm/s,CFIHOS-45000025,SPEED,speed,CFIHOS-60001649,SI,,real,True,sha256:a69b98012d9e4a46495a3aed48eef8ce75a69d001eaa28b4c38cb0f3c921909d,CORE CFIHOS V2.0 CSV/CFIHOS CORE unit of measure v2.0.csv,521,source_reference_record,source_reference_record_unreviewed
CFIHOS-65000445,,foot per day,ft/d,CFIHOS-45000025,SPEED,speed,,,,real,True,sha256:a69b98012d9e4a46495a3aed48eef8ce75a69d001eaa28b4c38cb0f3c921909d,CORE CFIHOS V2.0 CSV/CFIHOS CORE unit of measure v2.0.csv,522,source_reference_record,source_reference_record_unreviewed
CFIHOS-65000446,K14,foot per hour,ft/h,CFIHOS-45000025,SPEED,speed,,,,real,True,sha256:a69b98012d9e4a46495a3aed48eef8ce75a69d001eaa28b4c38cb0f3c921909d,CORE CFIHOS V2.0 CSV/CFIHOS CORE unit of measure v2.0.csv,523,source_reference_record,source_reference_record_unreviewed
CFIHOS-65000447,FR,foot per minute,ft/min,CFIHOS-45000025,SPEED,speed,,,,real,True,sha256:a69b98012d9e4a46495a3aed48eef8ce75a69d001eaa28b4c38cb0f3c921909d,CORE CFIHOS V2.0 CSV/CFIHOS CORE unit of measure v2.0.csv,524,source_reference_record,source_reference_record_unreviewed
CFIHOS-65000448,,foot per millisecond,ft/ms,CFIHOS-45000025,SPEED,speed,,,,real,True,sha256:a69b98012d9e4a46495a3aed48eef8ce75a69d001eaa28b4c38cb0f3c921909d,CORE CFIHOS V2.0 CSV/CFIHOS CORE unit of measure v2.0.csv,525,source_reference_record,source_reference_record_unreviewed
CFIHOS-65000449,,foot per microsecond,ft/us,CFIHOS-45000025,SPEED,speed,,,,real,True,sha256:a69b98012d9e4a46495a3aed48eef8ce75a69d001eaa28b4c38cb0f3c921909d,CORE CFIHOS V2.0 CSV/CFIHOS CORE unit of measure v2.0.csv,526,source_reference_record,source_reference_record_unreviewed
CFIHOS-65000450,,inch per julian-year,in/a,CFIHOS-45000025,SPEED,speed,,,,real,True,sha256:a69b98012d9e4a46495a3aed48eef8ce75a69d001eaa28b4c38cb0f3c921909d,CORE CFIHOS V2.0 CSV/CFIHOS CORE unit of measure v2.0.csv,527,source_reference_record,source_reference_record_unreviewed
CFIHOS-65000451,IL,inch per minute,in/min,CFIHOS-45000025,SPEED,speed,,,,real,True,sha256:a69b98012d9e4a46495a3aed48eef8ce75a69d001eaa28b4c38cb0f3c921909d,CORE CFIHOS V2.0 CSV/CFIHOS CORE unit of measure v2.0.csv,528,source_reference_record,source_reference_record_unreviewed
CFIHOS-65000452,IU,inch per second,in/s,CFIHOS-45000025,SPEED,speed,,,,real,True,sha256:a69b98012d9e4a46495a3aed48eef8ce75a69d001eaa28b4c38cb0f3c921909d,CORE CFIHOS V2.0 CSV/CFIHOS CORE unit of measure v2.0.csv,529,source_reference_record,source_reference_record_unreviewed
CFIHOS-65000453,KMH,kilometre per hour,km/h,CFIHOS-45000025,SPEED,speed,CFIHOS-60001649,SI,,real,True,sha256:a69b98012d9e4a46495a3aed48eef8ce75a69d001eaa28b4c38cb0f3c921909d,CORE CFIHOS V2.0 CSV/CFIHOS CORE unit of measure v2.0.csv,530,source_reference_record,source_reference_record_unreviewed
CFIHOS-65000454,,kilometre per second,km/s,CFIHOS-45000025,SPEED,speed,CFIHOS-60001649,SI,,real,True,sha256:a69b98012d9e4a46495a3aed48eef8ce75a69d001eaa28b4c38cb0f3c921909d,CORE CFIHOS V2.0 CSV/CFIHOS CORE unit of measure v2.0.csv,531,source_reference_record,source_reference_record_unreviewed
CFIHOS-65000455,,metre per day,m/d,CFIHOS-45000025,SPEED,speed,CFIHOS-60001649,SI,,real,True,sha256:a69b98012d9e4a46495a3aed48eef8ce75a69d001eaa28b4c38cb0f3c921909d,CORE CFIHOS V2.0 CSV/CFIHOS CORE unit of measure v2.0.csv,532,source_reference_record,source_reference_record_unreviewed
CFIHOS-65000456,M60,metre per hour,m/h,CFIHOS-45000025,SPEED,speed,CFIHOS-60001649,SI,,real,True,sha256:a69b98012d9e4a46495a3aed48eef8ce75a69d001eaa28b4c38cb0f3c921909d,CORE CFIHOS V2.0 CSV/CFIHOS CORE unit of measure v2.0.csv,533,source_reference_record,source_reference_record_unreviewed
CFIHOS-65000457,2X,metre per minute,m/min,CFIHOS-45000025,SPEED,speed,CFIHOS-60001649,SI,,real,True,sha256:a69b98012d9e4a46495a3aed48eef8ce75a69d001eaa28b4c38cb0f3c921909d,CORE CFIHOS V2.0 CSV/CFIHOS CORE unit of measure v2.0.csv,534,source_reference_record,source_reference_record_unreviewed
CFIHOS-65000458,,metre per millisecond,m/ms,CFIHOS-45000025,SPEED,speed,CFIHOS-60001649,SI,,real,True,sha256:a69b98012d9e4a46495a3aed48eef8ce75a69d001eaa28b4c38cb0f3c921909d,CORE CFIHOS V2.0 CSV/CFIHOS CORE unit of measure v2.0.csv,535,source_reference_record,source_reference_record_unreviewed
CFIHOS-65000459,,mile per hour,mi/h,CFIHOS-45000025,SPEED,speed,,,,real,True,sha256:a69b98012d9e4a46495a3aed48eef8ce75a69d001eaa28b4c38cb0f3c921909d,CORE CFIHOS V2.0 CSV/CFIHOS CORE unit of measure v2.0.csv,536,source_reference_record,source_reference_record_unreviewed
CFIHOS-65000460,,mil per julian-year,mil/a,CFIHOS-45000025,SPEED,speed,,,,real,True,sha256:a69b98012d9e4a46495a3aed48eef8ce75a69d001eaa28b4c38cb0f3c921909d,CORE CFIHOS V2.0 CSV/CFIHOS CORE unit of measure v2.0.csv,537,source_reference_record,source_reference_record_unreviewed
CFIHOS-65000461,,millimetre per julian-year,mm/a,CFIHOS-45000025,SPEED,speed,,,,real,True,sha256:a69b98012d9e4a46495a3aed48eef8ce75a69d001eaa28b4c38cb0f3c921909d,CORE CFIHOS V2.0 CSV/CFIHOS CORE unit of measure v2.0.csv,538,source_reference_record,source_reference_record_unreviewed
CFIHOS-65000462,C16,millimetre per second,mm/s,CFIHOS-45000025,SPEED,speed,CFIHOS-60001649,SI,,real,True,sha256:a69b98012d9e4a46495a3aed48eef8ce75a69d001eaa28b4c38cb0f3c921909d,CORE CFIHOS V2.0 CSV/CFIHOS CORE unit of measure v2.0.csv,539,source_reference_record,source_reference_record_unreviewed
CFIHOS-65000463,,nanometre per second,nm/s,CFIHOS-45000025,SPEED,speed,CFIHOS-60001649,SI,,real,True,sha256:a69b98012d9e4a46495a3aed48eef8ce75a69d001eaa28b4c38cb0f3c921909d,CORE CFIHOS V2.0 CSV/CFIHOS CORE unit of measure v2.0.csv,540,source_reference_record,source_reference_record_unreviewed
CFIHOS-65000464,,micrometre per second,um/s,CFIHOS-45000025,SPEED,speed,CFIHOS-60001649,SI,,real,True,sha256:a69b98012d9e4a46495a3aed48eef8ce75a69d001eaa28b4c38cb0f3c921909d,CORE CFIHOS V2.0 CSV/CFIHOS CORE unit of measure v2.0.csv,541,source_reference_record,source_reference_record_unreviewed
CFIHOS-65000465,,cubic foot per minute square foot,ft3/(min.ft2),CFIHOS-45000182,VPTA,(volume per time) per area,,,,real,True,sha256:a69b98012d9e4a46495a3aed48eef8ce75a69d001eaa28b4c38cb0f3c921909d,CORE CFIHOS V2.0 CSV/CFIHOS CORE unit of measure v2.0.csv,542,source_reference_record,source_reference_record_unreviewed
CFIHOS-65000466,,cubic foot per second square foot,ft3/(s.ft2),CFIHOS-45000182,VPTA,(volume per time) per area,,,,real,True,sha256:a69b98012d9e4a46495a3aed48eef8ce75a69d001eaa28b4c38cb0f3c921909d,CORE CFIHOS V2.0 CSV/CFIHOS CORE unit of measure v2.0.csv,543,source_reference_record,source_reference_record_unreviewed
CFIHOS-65000467,,UK gallon per hour square foot,gal[UK]/(h.ft2),CFIHOS-45000182,VPTA,(volume per time) per area,,,,real,True,sha256:a69b98012d9e4a46495a3aed48eef8ce75a69d001eaa28b4c38cb0f3c921909d,CORE CFIHOS V2.0 CSV/CFIHOS CORE unit of measure v2.0.csv,544,source_reference_record,source_reference_record_unreviewed
CFIHOS-65000468,,UK gallon per hour square inch,gal[UK]/(h.in2),CFIHOS-45000182,VPTA,(volume per time) per area,,,,real,True,sha256:a69b98012d9e4a46495a3aed48eef8ce75a69d001eaa28b4c38cb0f3c921909d,CORE CFIHOS V2.0 CSV/CFIHOS CORE unit of measure v2.0.csv,545,source_reference_record,source_reference_record_unreviewed
CFIHOS-65000469,,UK gallon per minute square foot,gal[UK]/(min.ft2),CFIHOS-45000182,VPTA,(volume per time) per area,,,,real,True,sha256:a69b98012d9e4a46495a3aed48eef8ce75a69d001eaa28b4c38cb0f3c921909d,CORE CFIHOS V2.0 CSV/CFIHOS CORE unit of measure v2.0.csv,546,source_reference_record,source_reference_record_unreviewed
CFIHOS-65000470,,US gallon per hour square foot,gal[US]/(h.ft2),CFIHOS-45000182,VPTA,(volume per time) per area,,,,real,True,sha256:a69b98012d9e4a46495a3aed48eef8ce75a69d001eaa28b4c38cb0f3c921909d,CORE CFIHOS V2.0 CSV/CFIHOS CORE unit of measure v2.0.csv,547,source_reference_record,source_reference_record_unreviewed
CFIHOS-65000471,,US gallon per hour square inch,gal[US]/(h.in2),CFIHOS-45000182,VPTA,(volume per time) per area,,,,real,True,sha256:a69b98012d9e4a46495a3aed48eef8ce75a69d001eaa28b4c38cb0f3c921909d,CORE CFIHOS V2.0 CSV/CFIHOS CORE unit of measure v2.0.csv,548,source_reference_record,source_reference_record_unreviewed
CFIHOS-65000472,,US gallon per minute square foot,gal[US]/(min.ft2),CFIHOS-45000182,VPTA,(volume per time) per area,,,,real,True,sha256:a69b98012d9e4a46495a3aed48eef8ce75a69d001eaa28b4c38cb0f3c921909d,CORE CFIHOS V2.0 CSV/CFIHOS CORE unit of measure v2.0.csv,549,source_reference_record,source_reference_record_unreviewed
CFIHOS-65000473,,galileo,Gal,CFIHOS-45000110,LINACC,linear acceleration,,,,real,True,sha256:a69b98012d9e4a46495a3aed48eef8ce75a69d001eaa28b4c38cb0f3c921909d,CORE CFIHOS V2.0 CSV/CFIHOS CORE unit of measure v2.0.csv,550,source_reference_record,source_reference_record_unreviewed
CFIHOS-65000474,,gravity,gn,CFIHOS-45000110,LINACC,linear acceleration,,,,real,True,sha256:a69b98012d9e4a46495a3aed48eef8ce75a69d001eaa28b4c38cb0f3c921909d,CORE CFIHOS V2.0 CSV/CFIHOS CORE unit of measure v2.0.csv,551,source_reference_record,source_reference_record_unreviewed
CFIHOS-65000475,MSK,metre per second squared,m/s2,CFIHOS-45000110,LINACC,linear acceleration,CFIHOS-60001649,SI,,real,True,sha256:a69b98012d9e4a46495a3aed48eef8ce75a69d001eaa28b4c38cb0f3c921909d,CORE CFIHOS V2.0 CSV/CFIHOS CORE unit of measure v2.0.csv,552,source_reference_record,source_reference_record_unreviewed
CFIHOS-65000476,,centimetre per square second,cm/s2,CFIHOS-45000110,LINACC,linear acceleration,CFIHOS-60001649,SI,,real,True,sha256:a69b98012d9e4a46495a3aed48eef8ce75a69d001eaa28b4c38cb0f3c921909d,CORE CFIHOS V2.0 CSV/CFIHOS CORE unit of measure v2.0.csv,553,source_reference_record,source_reference_record_unreviewed
CFIHOS-65000477,A73,foot per second squared,ft/s2,CFIHOS-45000110,LINACC,linear acceleration,,,,real,True,sha256:a69b98012d9e4a46495a3aed48eef8ce75a69d001eaa28b4c38cb0f3c921909d,CORE CFIHOS V2.0 CSV/CFIHOS CORE unit of measure v2.0.csv,554,source_reference_record,source_reference_record_unreviewed
CFIHOS-65000478,IV,inch per second squared,in/s2,CFIHOS-45000110,LINACC,linear acceleration,,,,real,True,sha256:a69b98012d9e4a46495a3aed48eef8ce75a69d001eaa28b4c38cb0f3c921909d,CORE CFIHOS V2.0 CSV/CFIHOS CORE unit of measure v2.0.csv,555,source_reference_record,source_reference_record_unreviewed
CFIHOS-65000479,,milligalileo,mGal,CFIHOS-45000110,LINACC,linear acceleration,,,,real,True,sha256:a69b98012d9e4a46495a3aed48eef8ce75a69d001eaa28b4c38cb0f3c921909d,CORE CFIHOS V2.0 CSV/CFIHOS CORE unit of measure v2.0.csv,556,source_reference_record,source_reference_record_unreviewed
CFIHOS-65000480,,thousandth of gravity,mgn,CFIHOS-45000110,LINACC,linear acceleration,,,,real,True,sha256:a69b98012d9e4a46495a3aed48eef8ce75a69d001eaa28b4c38cb0f3c921909d,CORE CFIHOS V2.0 CSV/CFIHOS CORE unit of measure v2.0.csv,557,source_reference_record,source_reference_record_unreviewed
CFIHOS-65000481,,teradarcy-API,TD[API],CFIHOS-45000142,PRMROC,permeability rock,CFIHOS-60001649,SI,,real,True,sha256:a69b98012d9e4a46495a3aed48eef8ce75a69d001eaa28b4c38cb0f3c921909d,CORE CFIHOS V2.0 CSV/CFIHOS CORE unit of measure v2.0.csv,558,source_reference_record,source_reference_record_unreviewed
CFIHOS-65000482,ACR,acre,acre,CFIHOS-45000026,SURFAC,surface / area,,,,real,True,sha256:a69b98012d9e4a46495a3aed48eef8ce75a69d001eaa28b4c38cb0f3c921909d,CORE CFIHOS V2.0 CSV/CFIHOS CORE unit of measure v2.0.csv,559,source_reference_record,source_reference_record_unreviewed
CFIHOS-65000483,A14,barn,b,CFIHOS-45000026,SURFAC,surface / area,CFIHOS-60001649,SI,,real,True,sha256:a69b98012d9e4a46495a3aed48eef8ce75a69d001eaa28b4c38cb0f3c921909d,CORE CFIHOS V2.0 CSV/CFIHOS CORE unit of measure v2.0.csv,560,source_reference_record,source_reference_record_unreviewed
CFIHOS-65000484,HAR,hectare,ha,CFIHOS-45000026,SURFAC,surface / area,CFIHOS-60001649,SI,,real,True,sha256:a69b98012d9e4a46495a3aed48eef8ce75a69d001eaa28b4c38cb0f3c921909d,CORE CFIHOS V2.0 CSV/CFIHOS CORE unit of measure v2.0.csv,561,source_reference_record,source_reference_record_unreviewed
CFIHOS-65000485,SE,section,section,CFIHOS-45000026,SURFAC,surface / area,,,,real,True,sha256:a69b98012d9e4a46495a3aed48eef8ce75a69d001eaa28b4c38cb0f3c921909d,CORE CFIHOS V2.0 CSV/CFIHOS CORE unit of measure v2.0.csv,562,source_reference_record,source_reference_record_unreviewed
CFIHOS-65000486,,darcy,D,CFIHOS-45000142,PRMROC,permeability rock,,,,real,True,sha256:a69b98012d9e4a46495a3aed48eef8ce75a69d001eaa28b4c38cb0f3c921909d,CORE CFIHOS V2.0 CSV/CFIHOS CORE unit of measure v2.0.csv,563,source_reference_record,source_reference_record_unreviewed
CFIHOS-65000487,,darcy-API,D[API],CFIHOS-45000142,PRMROC,permeability rock,CFIHOS-60001649,SI,,real,True,sha256:a69b98012d9e4a46495a3aed48eef8ce75a69d001eaa28b4c38cb0f3c921909d,CORE CFIHOS V2.0 CSV/CFIHOS CORE unit of measure v2.0.csv,564,source_reference_record,source_reference_record_unreviewed
CFIHOS-65000488,,cubic metre per metre,m3/m,CFIHOS-45000176,VOLPL,volume per length,CFIHOS-60001649,SI,,real,True,sha256:a69b98012d9e4a46495a3aed48eef8ce75a69d001eaa28b4c38cb0f3c921909d,CORE CFIHOS V2.0 CSV/CFIHOS CORE unit of measure v2.0.csv,565,source_reference_record,source_reference_record_unreviewed
CFIHOS-65000489,CMK,square centimetre,cm2,CFIHOS-45000026,SURFAC,surface / area,CFIHOS-60001649,SI,,real,True,sha256:a69b98012d9e4a46495a3aed48eef8ce75a69d001eaa28b4c38cb0f3c921909d,CORE CFIHOS V2.0 CSV/CFIHOS CORE unit of measure v2.0.csv,566,source_reference_record,source_reference_record_unreviewed
CFIHOS-65000490,KMK,square kilometre,km2,CFIHOS-45000026,SURFAC,surface / area,CFIHOS-60001649,SI,,real,True,sha256:a69b98012d9e4a46495a3aed48eef8ce75a69d001eaa28b4c38cb0f3c921909d,CORE CFIHOS V2.0 CSV/CFIHOS CORE unit of measure v2.0.csv,567,source_reference_record,source_reference_record_unreviewed
CFIHOS-65000491,,square micrometre,um2,CFIHOS-45000026,SURFAC,surface / area,CFIHOS-60001649,SI,,real,True,sha256:a69b98012d9e4a46495a3aed48eef8ce75a69d001eaa28b4c38cb0f3c921909d,CORE CFIHOS V2.0 CSV/CFIHOS CORE unit of measure v2.0.csv,568,source_reference_record,source_reference_record_unreviewed
CFIHOS-65000492,,cubic decimetre per hundred kilometre,0.01 dm3/km,CFIHOS-45000176,VOLPL,volume per length,,,,real,True,sha256:a69b98012d9e4a46495a3aed48eef8ce75a69d001eaa28b4c38cb0f3c921909d,CORE CFIHOS V2.0 CSV/CFIHOS CORE unit of measure v2.0.csv,569,source_reference_record,source_reference_record_unreviewed
CFIHOS-65000493,,litre per hundred kilometre,0.01 L/km,CFIHOS-45000176,VOLPL,volume per length,,,,real,True,sha256:a69b98012d9e4a46495a3aed48eef8ce75a69d001eaa28b4c38cb0f3c921909d,CORE CFIHOS V2.0 CSV/CFIHOS CORE unit of measure v2.0.csv,570,source_reference_record,source_reference_record_unreviewed
CFIHOS-65000494,,barrel per foot,bbl/ft,CFIHOS-45000176,VOLPL,volume per length,,,,real,True,sha256:a69b98012d9e4a46495a3aed48eef8ce75a69d001eaa28b4c38cb0f3c921909d,CORE CFIHOS V2.0 CSV/CFIHOS CORE unit of measure v2.0.csv,571,source_reference_record,source_reference_record_unreviewed
CFIHOS-65000495,,barrel per inch,bbl/in,CFIHOS-45000176,VOLPL,volume per length,,,,real,True,sha256:a69b98012d9e4a46495a3aed48eef8ce75a69d001eaa28b4c38cb0f3c921909d,CORE CFIHOS V2.0 CSV/CFIHOS CORE unit of measure v2.0.csv,572,source_reference_record,source_reference_record_unreviewed
CFIHOS-65000496,,barrel per mile,bbl/mi,CFIHOS-45000176,VOLPL,volume per length,,,,real,True,sha256:a69b98012d9e4a46495a3aed48eef8ce75a69d001eaa28b4c38cb0f3c921909d,CORE CFIHOS V2.0 CSV/CFIHOS CORE unit of measure v2.0.csv,573,source_reference_record,source_reference_record_unreviewed
CFIHOS-65000497,,cubic decimetre per metre,dm3/m,CFIHOS-45000176,VOLPL,volume per length,CFIHOS-60001649,SI,,real,True,sha256:a69b98012d9e4a46495a3aed48eef8ce75a69d001eaa28b4c38cb0f3c921909d,CORE CFIHOS V2.0 CSV/CFIHOS CORE unit of measure v2.0.csv,574,source_reference_record,source_reference_record_unreviewed
CFIHOS-65000498,,cubic foot per foot,ft3/ft,CFIHOS-45000176,VOLPL,volume per length,,,,real,True,sha256:a69b98012d9e4a46495a3aed48eef8ce75a69d001eaa28b4c38cb0f3c921909d,CORE CFIHOS V2.0 CSV/CFIHOS CORE unit of measure v2.0.csv,575,source_reference_record,source_reference_record_unreviewed
CFIHOS-65000499,,UK gallon per mile,gal[UK]/mi,CFIHOS-45000176,VOLPL,volume per length,,,,real,True,sha256:a69b98012d9e4a46495a3aed48eef8ce75a69d001eaa28b4c38cb0f3c921909d,CORE CFIHOS V2.0 CSV/CFIHOS CORE unit of measure v2.0.csv,576,source_reference_record,source_reference_record_unreviewed
CFIHOS-65000500,,US gallon per foot,gal[US]/ft,CFIHOS-45000176,VOLPL,volume per length,,,,real,True,sha256:a69b98012d9e4a46495a3aed48eef8ce75a69d001eaa28b4c38cb0f3c921909d,CORE CFIHOS V2.0 CSV/CFIHOS CORE unit of measure v2.0.csv,577,source_reference_record,source_reference_record_unreviewed
CFIHOS-65000501,,US gallon per mile,gal[US]/mi,CFIHOS-45000176,VOLPL,volume per length,,,,real,True,sha256:a69b98012d9e4a46495a3aed48eef8ce75a69d001eaa28b4c38cb0f3c921909d,CORE CFIHOS V2.0 CSV/CFIHOS CORE unit of measure v2.0.csv,578,source_reference_record,source_reference_record_unreviewed
CFIHOS-65000502,,cubic inch per foot,in3/ft,CFIHOS-45000176,VOLPL,volume per length,,,,real,True,sha256:a69b98012d9e4a46495a3aed48eef8ce75a69d001eaa28b4c38cb0f3c921909d,CORE CFIHOS V2.0 CSV/CFIHOS CORE unit of measure v2.0.csv,579,source_reference_record,source_reference_record_unreviewed
CFIHOS-65000503,,litre per metre,L/m,CFIHOS-45000176,VOLPL,volume per length,CFIHOS-60001649,SI,,real,True,sha256:a69b98012d9e4a46495a3aed48eef8ce75a69d001eaa28b4c38cb0f3c921909d,CORE CFIHOS V2.0 CSV/CFIHOS CORE unit of measure v2.0.csv,580,source_reference_record,source_reference_record_unreviewed
CFIHOS-65000504,,cubic metre per kilometre,m3/km,CFIHOS-45000176,VOLPL,volume per length,CFIHOS-60001649,SI,,real,True,sha256:a69b98012d9e4a46495a3aed48eef8ce75a69d001eaa28b4c38cb0f3c921909d,CORE CFIHOS V2.0 CSV/CFIHOS CORE unit of measure v2.0.csv,581,source_reference_record,source_reference_record_unreviewed
CFIHOS-65000505,,square US survey mile,mi[US]2,CFIHOS-45000026,SURFAC,surface / area,,,,real,True,sha256:a69b98012d9e4a46495a3aed48eef8ce75a69d001eaa28b4c38cb0f3c921909d,CORE CFIHOS V2.0 CSV/CFIHOS CORE unit of measure v2.0.csv,582,source_reference_record,source_reference_record_unreviewed
CFIHOS-65000506,,square mile,mi2,CFIHOS-45000026,SURFAC,surface / area,,,,real,True,sha256:a69b98012d9e4a46495a3aed48eef8ce75a69d001eaa28b4c38cb0f3c921909d,CORE CFIHOS V2.0 CSV/CFIHOS CORE unit of measure v2.0.csv,583,source_reference_record,source_reference_record_unreviewed
CFIHOS-65000507,YDK,square yard,yd2,CFIHOS-45000026,SURFAC,surface / area,,,,real,True,sha256:a69b98012d9e4a46495a3aed48eef8ce75a69d001eaa28b4c38cb0f3c921909d,CORE CFIHOS V2.0 CSV/CFIHOS CORE unit of measure v2.0.csv,584,source_reference_record,source_reference_record_unreviewed
CFIHOS-65000508,,millidarcy,mD,CFIHOS-45000142,PRMROC,permeability rock,,,,real,True,sha256:a69b98012d9e4a46495a3aed48eef8ce75a69d001eaa28b4c38cb0f3c921909d,CORE CFIHOS V2.0 CSV/CFIHOS CORE unit of measure v2.0.csv,585,source_reference_record,source_reference_record_unreviewed
CFIHOS-65000509,,joule per kilogram delta kelvin,J/(kg.deltaK),CFIHOS-45000023,SPHCAP,specific heat capacity,CFIHOS-60001649,SI,,real,True,sha256:a69b98012d9e4a46495a3aed48eef8ce75a69d001eaa28b4c38cb0f3c921909d,CORE CFIHOS V2.0 CSV/CFIHOS CORE unit of measure v2.0.csv,586,source_reference_record,source_reference_record_unreviewed
CFIHOS-65000510,,BTU per pound-mass delta Fahrenheit,Btu[IT]/(lbm.deltaF),CFIHOS-45000023,SPHCAP,specific heat capacity,,,,real,True,sha256:a69b98012d9e4a46495a3aed48eef8ce75a69d001eaa28b4c38cb0f3c921909d,CORE CFIHOS V2.0 CSV/CFIHOS CORE unit of measure v2.0.csv,587,source_reference_record,source_reference_record_unreviewed
CFIHOS-65000511,,BTU per pound-mass delta Rankine,Btu[IT]/(lbm.deltaR),CFIHOS-45000023,SPHCAP,specific heat capacity,,,,real,True,sha256:a69b98012d9e4a46495a3aed48eef8ce75a69d001eaa28b4c38cb0f3c921909d,CORE CFIHOS V2.0 CSV/CFIHOS CORE unit of measure v2.0.csv,588,source_reference_record,source_reference_record_unreviewed
CFIHOS-65000512,,calorie per gram delta kelvin,cal[th]/(g.deltaK),CFIHOS-45000023,SPHCAP,specific heat capacity,,,,real,True,sha256:a69b98012d9e4a46495a3aed48eef8ce75a69d001eaa28b4c38cb0f3c921909d,CORE CFIHOS V2.0 CSV/CFIHOS CORE unit of measure v2.0.csv,589,source_reference_record,source_reference_record_unreviewed
CFIHOS-65000513,,joule per gram delta kelvin,J/(g.deltaK),CFIHOS-45000023,SPHCAP,specific heat capacity,CFIHOS-60001649,SI,,real,True,sha256:a69b98012d9e4a46495a3aed48eef8ce75a69d001eaa28b4c38cb0f3c921909d,CORE CFIHOS V2.0 CSV/CFIHOS CORE unit of measure v2.0.csv,590,source_reference_record,source_reference_record_unreviewed
CFIHOS-65000514,,thousand calorie per kilogram delta Celsius,kcal[th]/(kg.deltaC),CFIHOS-45000023,SPHCAP,specific heat capacity,,,,real,True,sha256:a69b98012d9e4a46495a3aed48eef8ce75a69d001eaa28b4c38cb0f3c921909d,CORE CFIHOS V2.0 CSV/CFIHOS CORE unit of measure v2.0.csv,591,source_reference_record,source_reference_record_unreviewed
CFIHOS-65000515,,kilojoule per kilogram delta kelvin,kJ/(kg.deltaK),CFIHOS-45000023,SPHCAP,specific heat capacity,CFIHOS-60001649,SI,,real,True,sha256:a69b98012d9e4a46495a3aed48eef8ce75a69d001eaa28b4c38cb0f3c921909d,CORE CFIHOS V2.0 CSV/CFIHOS CORE unit of measure v2.0.csv,592,source_reference_record,source_reference_record_unreviewed
CFIHOS-65000516,,kilowatt hour per kilogram delta Celsius,kW.h/(kg.deltaC),CFIHOS-45000023,SPHCAP,specific heat capacity,CFIHOS-60001649,SI,,real,True,sha256:a69b98012d9e4a46495a3aed48eef8ce75a69d001eaa28b4c38cb0f3c921909d,CORE CFIHOS V2.0 CSV/CFIHOS CORE unit of measure v2.0.csv,593,source_reference_record,source_reference_record_unreviewed
CFIHOS-65000517,D21,square metre per kilogram,m2/kg,CFIHOS-45000058,AREAPM,area per mass,CFIHOS-60001649,SI,,real,True,sha256:a69b98012d9e4a46495a3aed48eef8ce75a69d001eaa28b4c38cb0f3c921909d,CORE CFIHOS V2.0 CSV/CFIHOS CORE unit of measure v2.0.csv,594,source_reference_record,source_reference_record_unreviewed
CFIHOS-65000518,H15,square centimetre per gram,cm2/g,CFIHOS-45000058,AREAPM,area per mass,CFIHOS-60001649,SI,,real,True,sha256:a69b98012d9e4a46495a3aed48eef8ce75a69d001eaa28b4c38cb0f3c921909d,CORE CFIHOS V2.0 CSV/CFIHOS CORE unit of measure v2.0.csv,595,source_reference_record,source_reference_record_unreviewed
CFIHOS-65000519,,square foot per pound-mass,ft2/lbm,CFIHOS-45000058,AREAPM,area per mass,,,,real,True,sha256:a69b98012d9e4a46495a3aed48eef8ce75a69d001eaa28b4c38cb0f3c921909d,CORE CFIHOS V2.0 CSV/CFIHOS CORE unit of measure v2.0.csv,596,source_reference_record,source_reference_record_unreviewed
CFIHOS-65000520,,square metre per gram,m2/g,CFIHOS-45000058,AREAPM,area per mass,CFIHOS-60001649,SI,,real,True,sha256:a69b98012d9e4a46495a3aed48eef8ce75a69d001eaa28b4c38cb0f3c921909d,CORE CFIHOS V2.0 CSV/CFIHOS CORE unit of measure v2.0.csv,597,source_reference_record,source_reference_record_unreviewed
CFIHOS-65000521,,square metre per gram-mole,m2/mol,CFIHOS-45000061,ARPSUB,area per amount of substance,CFIHOS-60001649,SI,,real,True,sha256:a69b98012d9e4a46495a3aed48eef8ce75a69d001eaa28b4c38cb0f3c921909d,CORE CFIHOS V2.0 CSV/CFIHOS CORE unit of measure v2.0.csv,598,source_reference_record,source_reference_record_unreviewed
CFIHOS-65000522,91,stokes,St,CFIHOS-45000010,VISKIN,kinematic viscosity,,,,real,True,sha256:a69b98012d9e4a46495a3aed48eef8ce75a69d001eaa28b4c38cb0f3c921909d,CORE CFIHOS V2.0 CSV/CFIHOS CORE unit of measure v2.0.csv,599,source_reference_record,source_reference_record_unreviewed
CFIHOS-65000523,S4,square metre per second,m2/s,CFIHOS-45000010;CFIHOS-45000059;CFIHOS-45000072;CFIHOS-45000167,VISKIN;AREAPT;DIFFCO;THMDIF,kinematic viscosity;area per time;diffusion coefficient;thermal diffusivity,CFIHOS-60001649,SI,,real,True,sha256:a69b98012d9e4a46495a3aed48eef8ce75a69d001eaa28b4c38cb0f3c921909d,CORE CFIHOS V2.0 CSV/CFIHOS CORE unit of measure v2.0.csv,600,source_reference_record,source_reference_record_unreviewed
CFIHOS-65000524,,cubic metre per second metre,m3/(s.m),CFIHOS-45000183,VPTAL,(volume per time) per length,CFIHOS-60001649,SI,,real,True,sha256:a69b98012d9e4a46495a3aed48eef8ce75a69d001eaa28b4c38cb0f3c921909d,CORE CFIHOS V2.0 CSV/CFIHOS CORE unit of measure v2.0.csv,601,source_reference_record,source_reference_record_unreviewed
CFIHOS-65000525,,mole square metre per mole second,mol.m2/(mol.s),CFIHOS-45000072,DIFFCO,diffusion coefficient,CFIHOS-60001649,SI,,real,True,sha256:a69b98012d9e4a46495a3aed48eef8ce75a69d001eaa28b4c38cb0f3c921909d,CORE CFIHOS V2.0 CSV/CFIHOS CORE unit of measure v2.0.csv,602,source_reference_record,source_reference_record_unreviewed
CFIHOS-65000526,,pascal second square metre per kilogram,Pa.s.m3/kg,CFIHOS-45000010,VISKIN,kinematic viscosity,CFIHOS-60001649,SI,,real,True,sha256:a69b98012d9e4a46495a3aed48eef8ce75a69d001eaa28b4c38cb0f3c921909d,CORE CFIHOS V2.0 CSV/CFIHOS CORE unit of measure v2.0.csv,603,source_reference_record,source_reference_record_unreviewed
CFIHOS-65000527,,watt square metre delta kelvin per joule delta kelvin,W.m2.deltaK/(J.deltaK),CFIHOS-45000167,THMDIF,thermal diffusivity,CFIHOS-60001649,SI,,real,True,sha256:a69b98012d9e4a46495a3aed48eef8ce75a69d001eaa28b4c38cb0f3c921909d,CORE CFIHOS V2.0 CSV/CFIHOS CORE unit of measure v2.0.csv,604,source_reference_record,source_reference_record_unreviewed
CFIHOS-65000528,M81,square centimetre per second,cm2/s,CFIHOS-45000010;CFIHOS-45000059;CFIHOS-45000167,VISKIN;AREAPT;THMDIF,kinematic viscosity;area per time;thermal diffusivity,CFIHOS-60001649,SI,,real,True,sha256:a69b98012d9e4a46495a3aed48eef8ce75a69d001eaa28b4c38cb0f3c921909d,CORE CFIHOS V2.0 CSV/CFIHOS CORE unit of measure v2.0.csv,605,source_reference_record,source_reference_record_unreviewed
CFIHOS-65000529,,square foot per hour,ft2/h,CFIHOS-45000010;CFIHOS-45000059;CFIHOS-45000167,VISKIN;AREAPT;THMDIF,kinematic viscosity;area per time;thermal diffusivity,,,,real,True,sha256:a69b98012d9e4a46495a3aed48eef8ce75a69d001eaa28b4c38cb0f3c921909d,CORE CFIHOS V2.0 CSV/CFIHOS CORE unit of measure v2.0.csv,606,source_reference_record,source_reference_record_unreviewed
CFIHOS-65000530,S3,square foot per second,ft2/s,CFIHOS-45000010;CFIHOS-45000059;CFIHOS-45000167,VISKIN;AREAPT;THMDIF,kinematic viscosity;area per time;thermal diffusivity,,,,real,True,sha256:a69b98012d9e4a46495a3aed48eef8ce75a69d001eaa28b4c38cb0f3c921909d,CORE CFIHOS V2.0 CSV/CFIHOS CORE unit of measure v2.0.csv,607,source_reference_record,source_reference_record_unreviewed
CFIHOS-65000531,G08,square inch per second,in2/s,CFIHOS-45000010;CFIHOS-45000059;CFIHOS-45000167,VISKIN;AREAPT;THMDIF,kinematic viscosity;area per time;thermal diffusivity,,,,real,True,sha256:a69b98012d9e4a46495a3aed48eef8ce75a69d001eaa28b4c38cb0f3c921909d,CORE CFIHOS V2.0 CSV/CFIHOS CORE unit of measure v2.0.csv,608,source_reference_record,source_reference_record_unreviewed
CFIHOS-65000532,,square metre per day,m2/d,CFIHOS-45000059,AREAPT,area per time,CFIHOS-60001649,SI,,real,True,sha256:a69b98012d9e4a46495a3aed48eef8ce75a69d001eaa28b4c38cb0f3c921909d,CORE CFIHOS V2.0 CSV/CFIHOS CORE unit of measure v2.0.csv,609,source_reference_record,source_reference_record_unreviewed
CFIHOS-65000533,,square metre per hour,m2/h,CFIHOS-45000010;CFIHOS-45000059;CFIHOS-45000167,VISKIN;AREAPT;THMDIF,kinematic viscosity;area per time;thermal diffusivity,CFIHOS-60001649,SI,,real,True,sha256:a69b98012d9e4a46495a3aed48eef8ce75a69d001eaa28b4c38cb0f3c921909d,CORE CFIHOS V2.0 CSV/CFIHOS CORE unit of measure v2.0.csv,610,source_reference_record,source_reference_record_unreviewed
CFIHOS-65000534,,(thousand cubic foot per day) per foot,1000 ft3/(d.ft),CFIHOS-45000183,VPTAL,(volume per time) per length,,,,real,True,sha256:a69b98012d9e4a46495a3aed48eef8ce75a69d001eaa28b4c38cb0f3c921909d,CORE CFIHOS V2.0 CSV/CFIHOS CORE unit of measure v2.0.csv,611,source_reference_record,source_reference_record_unreviewed
CFIHOS-65000535,,(thousand cubic metre per day) per metre,1000 m3/(d.m),CFIHOS-45000183,VPTAL,(volume per time) per length,,,,real,True,sha256:a69b98012d9e4a46495a3aed48eef8ce75a69d001eaa28b4c38cb0f3c921909d,CORE CFIHOS V2.0 CSV/CFIHOS CORE unit of measure v2.0.csv,612,source_reference_record,source_reference_record_unreviewed
CFIHOS-65000536,,(thousand cubic metre per hour) per metre,1000 m3/(h.m),CFIHOS-45000183,VPTAL,(volume per time) per length,,,,real,True,sha256:a69b98012d9e4a46495a3aed48eef8ce75a69d001eaa28b4c38cb0f3c921909d,CORE CFIHOS V2.0 CSV/CFIHOS CORE unit of measure v2.0.csv,613,source_reference_record,source_reference_record_unreviewed
CFIHOS-65000537,,barrel per day foot,bbl/(d.ft),CFIHOS-45000183,VPTAL,(volume per time) per length,,,,real,True,sha256:a69b98012d9e4a46495a3aed48eef8ce75a69d001eaa28b4c38cb0f3c921909d,CORE CFIHOS V2.0 CSV/CFIHOS CORE unit of measure v2.0.csv,614,source_reference_record,source_reference_record_unreviewed
CFIHOS-65000538,,(cubic foot per day) per foot,ft3/(d.ft),CFIHOS-45000183,VPTAL,(volume per time) per length,,,,real,True,sha256:a69b98012d9e4a46495a3aed48eef8ce75a69d001eaa28b4c38cb0f3c921909d,CORE CFIHOS V2.0 CSV/CFIHOS CORE unit of measure v2.0.csv,615,source_reference_record,source_reference_record_unreviewed
CFIHOS-65000539,,UK gallon per hour foot,gal[UK]/(h.ft),CFIHOS-45000183,VPTAL,(volume per time) per length,,,,real,True,sha256:a69b98012d9e4a46495a3aed48eef8ce75a69d001eaa28b4c38cb0f3c921909d,CORE CFIHOS V2.0 CSV/CFIHOS CORE unit of measure v2.0.csv,616,source_reference_record,source_reference_record_unreviewed
CFIHOS-65000540,,UK gallon per hour inch,gal[UK]/(h.in),CFIHOS-45000183,VPTAL,(volume per time) per length,,,,real,True,sha256:a69b98012d9e4a46495a3aed48eef8ce75a69d001eaa28b4c38cb0f3c921909d,CORE CFIHOS V2.0 CSV/CFIHOS CORE unit of measure v2.0.csv,617,source_reference_record,source_reference_record_unreviewed
CFIHOS-65000541,,UK gallon per minute foot,gal[UK]/(min.ft),CFIHOS-45000183,VPTAL,(volume per time) per length,,,,real,True,sha256:a69b98012d9e4a46495a3aed48eef8ce75a69d001eaa28b4c38cb0f3c921909d,CORE CFIHOS V2.0 CSV/CFIHOS CORE unit of measure v2.0.csv,618,source_reference_record,source_reference_record_unreviewed
CFIHOS-65000542,,US gallon per hour foot,gal[US]/(h.ft),CFIHOS-45000183,VPTAL,(volume per time) per length,,,,real,True,sha256:a69b98012d9e4a46495a3aed48eef8ce75a69d001eaa28b4c38cb0f3c921909d,CORE CFIHOS V2.0 CSV/CFIHOS CORE unit of measure v2.0.csv,619,source_reference_record,source_reference_record_unreviewed
CFIHOS-65000543,,US gallon per hour inch,gal[US]/(h.in),CFIHOS-45000183,VPTAL,(volume per time) per length,,,,real,True,sha256:a69b98012d9e4a46495a3aed48eef8ce75a69d001eaa28b4c38cb0f3c921909d,CORE CFIHOS V2.0 CSV/CFIHOS CORE unit of measure v2.0.csv,620,source_reference_record,source_reference_record_unreviewed
CFIHOS-65000544,,US gallon per minute foot,gal[US]/(min.ft),CFIHOS-45000183,VPTAL,(volume per time) per length,,,,real,True,sha256:a69b98012d9e4a46495a3aed48eef8ce75a69d001eaa28b4c38cb0f3c921909d,CORE CFIHOS V2.0 CSV/CFIHOS CORE unit of measure v2.0.csv,621,source_reference_record,source_reference_record_unreviewed
CFIHOS-65000545,,(cubic metre per day) per metre,m3/(d.m),CFIHOS-45000183,VPTAL,(volume per time) per length,CFIHOS-60001649,SI,,real,True,sha256:a69b98012d9e4a46495a3aed48eef8ce75a69d001eaa28b4c38cb0f3c921909d,CORE CFIHOS V2.0 CSV/CFIHOS CORE unit of measure v2.0.csv,622,source_reference_record,source_reference_record_unreviewed
CFIHOS-65000546,,(cubic metre per hour) per metre,m3/(h.m),CFIHOS-45000183,VPTAL,(volume per time) per length,CFIHOS-60001649,SI,,real,True,sha256:a69b98012d9e4a46495a3aed48eef8ce75a69d001eaa28b4c38cb0f3c921909d,CORE CFIHOS V2.0 CSV/CFIHOS CORE unit of measure v2.0.csv,623,source_reference_record,source_reference_record_unreviewed
CFIHOS-65000547,,(cubic metre per second) per foot,m3/(s.ft),CFIHOS-45000183,VPTAL,(volume per time) per length,,,,real,True,sha256:a69b98012d9e4a46495a3aed48eef8ce75a69d001eaa28b4c38cb0f3c921909d,CORE CFIHOS V2.0 CSV/CFIHOS CORE unit of measure v2.0.csv,624,source_reference_record,source_reference_record_unreviewed
CFIHOS-65000548,C80,rad,rd,CFIHOS-45000046,ABDOSE,absorbed dose,,,,real,True,sha256:a69b98012d9e4a46495a3aed48eef8ce75a69d001eaa28b4c38cb0f3c921909d,CORE CFIHOS V2.0 CSV/CFIHOS CORE unit of measure v2.0.csv,625,source_reference_record,source_reference_record_unreviewed
CFIHOS-65000549,A95,gray,Gy,CFIHOS-45000046,ABDOSE,absorbed dose,CFIHOS-60001649,SI,,real,True,sha256:a69b98012d9e4a46495a3aed48eef8ce75a69d001eaa28b4c38cb0f3c921909d,CORE CFIHOS V2.0 CSV/CFIHOS CORE unit of measure v2.0.csv,626,source_reference_record,source_reference_record_unreviewed
CFIHOS-65000550,D13,sievert,Sv,CFIHOS-45000075,DOSEQ,dose equivalent,CFIHOS-60001649,SI,,real,True,sha256:a69b98012d9e4a46495a3aed48eef8ce75a69d001eaa28b4c38cb0f3c921909d,CORE CFIHOS V2.0 CSV/CFIHOS CORE unit of measure v2.0.csv,627,source_reference_record,source_reference_record_unreviewed
CFIHOS-65000551,D91,rem,rem,CFIHOS-45000075,DOSEQ,dose equivalent,CFIHOS-60001649,SI,,real,True,sha256:a69b98012d9e4a46495a3aed48eef8ce75a69d001eaa28b4c38cb0f3c921909d,CORE CFIHOS V2.0 CSV/CFIHOS CORE unit of measure v2.0.csv,628,source_reference_record,source_reference_record_unreviewed
CFIHOS-65000552,J2,joule per kilogram,J/kg,CFIHOS-45000022,SPENER,specific energy,CFIHOS-60001649,SI,,real,True,sha256:a69b98012d9e4a46495a3aed48eef8ce75a69d001eaa28b4c38cb0f3c921909d,CORE CFIHOS V2.0 CSV/CFIHOS CORE unit of measure v2.0.csv,629,source_reference_record,source_reference_record_unreviewed
CFIHOS-65000553,,BTU per pound-mass,Btu[IT]/lbm,CFIHOS-45000022,SPENER,specific energy,,,,real,True,sha256:a69b98012d9e4a46495a3aed48eef8ce75a69d001eaa28b4c38cb0f3c921909d,CORE CFIHOS V2.0 CSV/CFIHOS CORE unit of measure v2.0.csv,630,source_reference_record,source_reference_record_unreviewed
CFIHOS-65000554,93,calorie per gram,cal[th]/g,CFIHOS-45000022,SPENER,specific energy,,,,real,True,sha256:a69b98012d9e4a46495a3aed48eef8ce75a69d001eaa28b4c38cb0f3c921909d,CORE CFIHOS V2.0 CSV/CFIHOS CORE unit of measure v2.0.csv,631,source_reference_record,source_reference_record_unreviewed
CFIHOS-65000555,,calorie per kilogram,cal[th]/kg,CFIHOS-45000022,SPENER,specific energy,,,,real,True,sha256:a69b98012d9e4a46495a3aed48eef8ce75a69d001eaa28b4c38cb0f3c921909d,CORE CFIHOS V2.0 CSV/CFIHOS CORE unit of measure v2.0.csv,632,source_reference_record,source_reference_record_unreviewed
CFIHOS-65000556,,calorie per pound-mass,cal[th]/lbm,CFIHOS-45000022,SPENER,specific energy,,,,real,True,sha256:a69b98012d9e4a46495a3aed48eef8ce75a69d001eaa28b4c38cb0f3c921909d,CORE CFIHOS V2.0 CSV/CFIHOS CORE unit of measure v2.0.csv,633,source_reference_record,source_reference_record_unreviewed
CFIHOS-65000557,A61,erg per gram,erg/g,CFIHOS-45000022,SPENER,specific energy,,,,real,True,sha256:a69b98012d9e4a46495a3aed48eef8ce75a69d001eaa28b4c38cb0f3c921909d,CORE CFIHOS V2.0 CSV/CFIHOS CORE unit of measure v2.0.csv,634,source_reference_record,source_reference_record_unreviewed
CFIHOS-65000558,,erg per kilogram,erg/kg,CFIHOS-45000022,SPENER,specific energy,,,,real,True,sha256:a69b98012d9e4a46495a3aed48eef8ce75a69d001eaa28b4c38cb0f3c921909d,CORE CFIHOS V2.0 CSV/CFIHOS CORE unit of measure v2.0.csv,635,source_reference_record,source_reference_record_unreviewed
CFIHOS-65000559,,horsepower hour per pound-mass,hp.h/lbm,CFIHOS-45000022,SPENER,specific energy,,,,real,True,sha256:a69b98012d9e4a46495a3aed48eef8ce75a69d001eaa28b4c38cb0f3c921909d,CORE CFIHOS V2.0 CSV/CFIHOS CORE unit of measure v2.0.csv,636,source_reference_record,source_reference_record_unreviewed
CFIHOS-65000560,D95,joule per gram,J/g,CFIHOS-45000022,SPENER,specific energy,CFIHOS-60001649,SI,,real,True,sha256:a69b98012d9e4a46495a3aed48eef8ce75a69d001eaa28b4c38cb0f3c921909d,CORE CFIHOS V2.0 CSV/CFIHOS CORE unit of measure v2.0.csv,637,source_reference_record,source_reference_record_unreviewed
CFIHOS-65000561,,thousand calorie per gram,kcal[th]/g,CFIHOS-45000022,SPENER,specific energy,,,,real,True,sha256:a69b98012d9e4a46495a3aed48eef8ce75a69d001eaa28b4c38cb0f3c921909d,CORE CFIHOS V2.0 CSV/CFIHOS CORE unit of measure v2.0.csv,638,source_reference_record,source_reference_record_unreviewed
CFIHOS-65000562,,thousand calorie per kilogram,kcal[th]/kg,CFIHOS-45000022,SPENER,specific energy,,,,real,True,sha256:a69b98012d9e4a46495a3aed48eef8ce75a69d001eaa28b4c38cb0f3c921909d,CORE CFIHOS V2.0 CSV/CFIHOS CORE unit of measure v2.0.csv,639,source_reference_record,source_reference_record_unreviewed
CFIHOS-65000563,,kilowatt hour per kilogram,kW.h/kg,CFIHOS-45000022,SPENER,specific energy,CFIHOS-60001649,SI,,real,True,sha256:a69b98012d9e4a46495a3aed48eef8ce75a69d001eaa28b4c38cb0f3c921909d,CORE CFIHOS V2.0 CSV/CFIHOS CORE unit of measure v2.0.csv,640,source_reference_record,source_reference_record_unreviewed
CFIHOS-65000564,,foot pound-force per pound-mass,lbf.ft/lbm,CFIHOS-45000022,SPENER,specific energy,,,,real,True,sha256:a69b98012d9e4a46495a3aed48eef8ce75a69d001eaa28b4c38cb0f3c921909d,CORE CFIHOS V2.0 CSV/CFIHOS CORE unit of measure v2.0.csv,641,source_reference_record,source_reference_record_unreviewed
CFIHOS-65000565,JK,megajoule per kilogram,MJ/kg,CFIHOS-45000022,SPENER,specific energy,CFIHOS-60001649,SI,,real,True,sha256:a69b98012d9e4a46495a3aed48eef8ce75a69d001eaa28b4c38cb0f3c921909d,CORE CFIHOS V2.0 CSV/CFIHOS CORE unit of measure v2.0.csv,642,source_reference_record,source_reference_record_unreviewed
CFIHOS-65000566,,megawatt hour per kilogram,MW.h/kg,CFIHOS-45000022,SPENER,specific energy,CFIHOS-60001649,SI,,real,True,sha256:a69b98012d9e4a46495a3aed48eef8ce75a69d001eaa28b4c38cb0f3c921909d,CORE CFIHOS V2.0 CSV/CFIHOS CORE unit of measure v2.0.csv,643,source_reference_record,source_reference_record_unreviewed
CFIHOS-65000567,,centigray,cGy,CFIHOS-45000046,ABDOSE,absorbed dose,CFIHOS-60001649,SI,,real,True,sha256:a69b98012d9e4a46495a3aed48eef8ce75a69d001eaa28b4c38cb0f3c921909d,CORE CFIHOS V2.0 CSV/CFIHOS CORE unit of measure v2.0.csv,644,source_reference_record,source_reference_record_unreviewed
CFIHOS-65000568,,hundredth of rad,crd,CFIHOS-45000046,ABDOSE,absorbed dose,,,,real,True,sha256:a69b98012d9e4a46495a3aed48eef8ce75a69d001eaa28b4c38cb0f3c921909d,CORE CFIHOS V2.0 CSV/CFIHOS CORE unit of measure v2.0.csv,645,source_reference_record,source_reference_record_unreviewed
CFIHOS-65000569,,decigray,dGy,CFIHOS-45000046,ABDOSE,absorbed dose,CFIHOS-60001649,SI,,real,True,sha256:a69b98012d9e4a46495a3aed48eef8ce75a69d001eaa28b4c38cb0f3c921909d,CORE CFIHOS V2.0 CSV/CFIHOS CORE unit of measure v2.0.csv,646,source_reference_record,source_reference_record_unreviewed
CFIHOS-65000570,,tenth of rad,drd,CFIHOS-45000046,ABDOSE,absorbed dose,,,,real,True,sha256:a69b98012d9e4a46495a3aed48eef8ce75a69d001eaa28b4c38cb0f3c921909d,CORE CFIHOS V2.0 CSV/CFIHOS CORE unit of measure v2.0.csv,647,source_reference_record,source_reference_record_unreviewed
CFIHOS-65000571,,exagray,EGy,CFIHOS-45000046,ABDOSE,absorbed dose,CFIHOS-60001649,SI,,real,True,sha256:a69b98012d9e4a46495a3aed48eef8ce75a69d001eaa28b4c38cb0f3c921909d,CORE CFIHOS V2.0 CSV/CFIHOS CORE unit of measure v2.0.csv,648,source_reference_record,source_reference_record_unreviewed
CFIHOS-65000572,,million million million rad,Erd,CFIHOS-45000046,ABDOSE,absorbed dose,,,,real,True,sha256:a69b98012d9e4a46495a3aed48eef8ce75a69d001eaa28b4c38cb0f3c921909d,CORE CFIHOS V2.0 CSV/CFIHOS CORE unit of measure v2.0.csv,649,source_reference_record,source_reference_record_unreviewed
CFIHOS-65000573,,femtogray,fGy,CFIHOS-45000046,ABDOSE,absorbed dose,CFIHOS-60001649,SI,,real,True,sha256:a69b98012d9e4a46495a3aed48eef8ce75a69d001eaa28b4c38cb0f3c921909d,CORE CFIHOS V2.0 CSV/CFIHOS CORE unit of measure v2.0.csv,650,source_reference_record,source_reference_record_unreviewed
CFIHOS-65000574,,femtorad,frd,CFIHOS-45000046,ABDOSE,absorbed dose,,,,real,True,sha256:a69b98012d9e4a46495a3aed48eef8ce75a69d001eaa28b4c38cb0f3c921909d,CORE CFIHOS V2.0 CSV/CFIHOS CORE unit of measure v2.0.csv,651,source_reference_record,source_reference_record_unreviewed
CFIHOS-65000575,,gigagray,GGy,CFIHOS-45000046,ABDOSE,absorbed dose,CFIHOS-60001649,SI,,real,True,sha256:a69b98012d9e4a46495a3aed48eef8ce75a69d001eaa28b4c38cb0f3c921909d,CORE CFIHOS V2.0 CSV/CFIHOS CORE unit of measure v2.0.csv,652,source_reference_record,source_reference_record_unreviewed
CFIHOS-65000576,,thousand million rad,Grd,CFIHOS-45000046,ABDOSE,absorbed dose,,,,real,True,sha256:a69b98012d9e4a46495a3aed48eef8ce75a69d001eaa28b4c38cb0f3c921909d,CORE CFIHOS V2.0 CSV/CFIHOS CORE unit of measure v2.0.csv,653,source_reference_record,source_reference_record_unreviewed
CFIHOS-65000577,,kilogray,kGy,CFIHOS-45000046,ABDOSE,absorbed dose,CFIHOS-60001649,SI,,real,True,sha256:a69b98012d9e4a46495a3aed48eef8ce75a69d001eaa28b4c38cb0f3c921909d,CORE CFIHOS V2.0 CSV/CFIHOS CORE unit of measure v2.0.csv,654,source_reference_record,source_reference_record_unreviewed
CFIHOS-65000578,,thousand rad,krd,CFIHOS-45000046,ABDOSE,absorbed dose,,,,real,True,sha256:a69b98012d9e4a46495a3aed48eef8ce75a69d001eaa28b4c38cb0f3c921909d,CORE CFIHOS V2.0 CSV/CFIHOS CORE unit of measure v2.0.csv,655,source_reference_record,source_reference_record_unreviewed
CFIHOS-65000579,C13,milligray,mGy,CFIHOS-45000046,ABDOSE,absorbed dose,CFIHOS-60001649,SI,,real,True,sha256:a69b98012d9e4a46495a3aed48eef8ce75a69d001eaa28b4c38cb0f3c921909d,CORE CFIHOS V2.0 CSV/CFIHOS CORE unit of measure v2.0.csv,656,source_reference_record,source_reference_record_unreviewed
CFIHOS-65000580,,megagray,MGy,CFIHOS-45000046,ABDOSE,absorbed dose,CFIHOS-60001649,SI,,real,True,sha256:a69b98012d9e4a46495a3aed48eef8ce75a69d001eaa28b4c38cb0f3c921909d,CORE CFIHOS V2.0 CSV/CFIHOS CORE unit of measure v2.0.csv,657,source_reference_record,source_reference_record_unreviewed
CFIHOS-65000581,,thousandth of rad,mrd,CFIHOS-45000046,ABDOSE,absorbed dose,,,,real,True,sha256:a69b98012d9e4a46495a3aed48eef8ce75a69d001eaa28b4c38cb0f3c921909d,CORE CFIHOS V2.0 CSV/CFIHOS CORE unit of measure v2.0.csv,658,source_reference_record,source_reference_record_unreviewed
CFIHOS-65000582,,million rad,Mrd,CFIHOS-45000046,ABDOSE,absorbed dose,,,,real,True,sha256:a69b98012d9e4a46495a3aed48eef8ce75a69d001eaa28b4c38cb0f3c921909d,CORE CFIHOS V2.0 CSV/CFIHOS CORE unit of measure v2.0.csv,659,source_reference_record,source_reference_record_unreviewed
CFIHOS-65000583,,nanogray,nGy,CFIHOS-45000046,ABDOSE,absorbed dose,CFIHOS-60001649,SI,,real,True,sha256:a69b98012d9e4a46495a3aed48eef8ce75a69d001eaa28b4c38cb0f3c921909d,CORE CFIHOS V2.0 CSV/CFIHOS CORE unit of measure v2.0.csv,660,source_reference_record,source_reference_record_unreviewed
CFIHOS-65000584,,nanorad,nrd,CFIHOS-45000046,ABDOSE,absorbed dose,,,,real,True,sha256:a69b98012d9e4a46495a3aed48eef8ce75a69d001eaa28b4c38cb0f3c921909d,CORE CFIHOS V2.0 CSV/CFIHOS CORE unit of measure v2.0.csv,661,source_reference_record,source_reference_record_unreviewed
CFIHOS-65000585,,picogray,pGy,CFIHOS-45000046,ABDOSE,absorbed dose,CFIHOS-60001649,SI,,real,True,sha256:a69b98012d9e4a46495a3aed48eef8ce75a69d001eaa28b4c38cb0f3c921909d,CORE CFIHOS V2.0 CSV/CFIHOS CORE unit of measure v2.0.csv,662,source_reference_record,source_reference_record_unreviewed
CFIHOS-65000586,,picorad,prd,CFIHOS-45000046,ABDOSE,absorbed dose,,,,real,True,sha256:a69b98012d9e4a46495a3aed48eef8ce75a69d001eaa28b4c38cb0f3c921909d,CORE CFIHOS V2.0 CSV/CFIHOS CORE unit of measure v2.0.csv,663,source_reference_record,source_reference_record_unreviewed
CFIHOS-65000587,,teragray,TGy,CFIHOS-45000046,ABDOSE,absorbed dose,CFIHOS-60001649,SI,,real,True,sha256:a69b98012d9e4a46495a3aed48eef8ce75a69d001eaa28b4c38cb0f3c921909d,CORE CFIHOS V2.0 CSV/CFIHOS CORE unit of measure v2.0.csv,664,source_reference_record,source_reference_record_unreviewed
CFIHOS-65000588,,million million rad,Trd,CFIHOS-45000046,ABDOSE,absorbed dose,,,,real,True,sha256:a69b98012d9e4a46495a3aed48eef8ce75a69d001eaa28b4c38cb0f3c921909d,CORE CFIHOS V2.0 CSV/CFIHOS CORE unit of measure v2.0.csv,665,source_reference_record,source_reference_record_unreviewed
CFIHOS-65000589,,microgray,uGy,CFIHOS-45000046,ABDOSE,absorbed dose,CFIHOS-60001649,SI,,real,True,sha256:a69b98012d9e4a46495a3aed48eef8ce75a69d001eaa28b4c38cb0f3c921909d,CORE CFIHOS V2.0 CSV/CFIHOS CORE unit of measure v2.0.csv,666,source_reference_record,source_reference_record_unreviewed
CFIHOS-65000590,,millionth of rad,urd,CFIHOS-45000046,ABDOSE,absorbed dose,,,,real,True,sha256:a69b98012d9e4a46495a3aed48eef8ce75a69d001eaa28b4c38cb0f3c921909d,CORE CFIHOS V2.0 CSV/CFIHOS CORE unit of measure v2.0.csv,667,source_reference_record,source_reference_record_unreviewed
CFIHOS-65000591,,thousandth of rem,mrem,CFIHOS-45000075,DOSEQ,dose equivalent,,,,real,True,sha256:a69b98012d9e4a46495a3aed48eef8ce75a69d001eaa28b4c38cb0f3c921909d,CORE CFIHOS V2.0 CSV/CFIHOS CORE unit of measure v2.0.csv,668,source_reference_record,source_reference_record_unreviewed
CFIHOS-65000592,C28,millisievert,mSv,CFIHOS-45000075,DOSEQ,dose equivalent,CFIHOS-60001649,SI,,real,True,sha256:a69b98012d9e4a46495a3aed48eef8ce75a69d001eaa28b4c38cb0f3c921909d,CORE CFIHOS V2.0 CSV/CFIHOS CORE unit of measure v2.0.csv,669,source_reference_record,source_reference_record_unreviewed
CFIHOS-65000593,P65,sievert per second,Sv/s,CFIHOS-45000091,EPMPT,(energy per mass) per time,CFIHOS-60001649,SI,,real,True,sha256:a69b98012d9e4a46495a3aed48eef8ce75a69d001eaa28b4c38cb0f3c921909d,CORE CFIHOS V2.0 CSV/CFIHOS CORE unit of measure v2.0.csv,670,source_reference_record,source_reference_record_unreviewed
CFIHOS-65000594,,thousandth of irem per hour,mrem/h,CFIHOS-45000091,EPMPT,(energy per mass) per time,,,,real,True,sha256:a69b98012d9e4a46495a3aed48eef8ce75a69d001eaa28b4c38cb0f3c921909d,CORE CFIHOS V2.0 CSV/CFIHOS CORE unit of measure v2.0.csv,671,source_reference_record,source_reference_record_unreviewed
CFIHOS-65000595,P71,millisievert per hour,mSv/h,CFIHOS-45000091,EPMPT,(energy per mass) per time,CFIHOS-60001649,SI,,real,True,sha256:a69b98012d9e4a46495a3aed48eef8ce75a69d001eaa28b4c38cb0f3c921909d,CORE CFIHOS V2.0 CSV/CFIHOS CORE unit of measure v2.0.csv,672,source_reference_record,source_reference_record_unreviewed
CFIHOS-65000596,,rem per hour,rem/h,CFIHOS-45000091,EPMPT,(energy per mass) per time,CFIHOS-60001649,SI,,real,True,sha256:a69b98012d9e4a46495a3aed48eef8ce75a69d001eaa28b4c38cb0f3c921909d,CORE CFIHOS V2.0 CSV/CFIHOS CORE unit of measure v2.0.csv,673,source_reference_record,source_reference_record_unreviewed
CFIHOS-65000597,P70,sievert per hour,Sv/h,CFIHOS-45000091,EPMPT,(energy per mass) per time,CFIHOS-60001649,SI,,real,True,sha256:a69b98012d9e4a46495a3aed48eef8ce75a69d001eaa28b4c38cb0f3c921909d,CORE CFIHOS V2.0 CSV/CFIHOS CORE unit of measure v2.0.csv,674,source_reference_record,source_reference_record_unreviewed
CFIHOS-65000598,,kilogram square metre,kg.m2,CFIHOS-45000131,MOMINT,moment of inertia,CFIHOS-60001649,SI,,real,True,sha256:a69b98012d9e4a46495a3aed48eef8ce75a69d001eaa28b4c38cb0f3c921909d,CORE CFIHOS V2.0 CSV/CFIHOS CORE unit of measure v2.0.csv,675,source_reference_record,source_reference_record_unreviewed
CFIHOS-65000599,,pound-mass square foot,lbm.ft2,CFIHOS-45000131,MOMINT,moment of inertia,,,,real,True,sha256:a69b98012d9e4a46495a3aed48eef8ce75a69d001eaa28b4c38cb0f3c921909d,CORE CFIHOS V2.0 CSV/CFIHOS CORE unit of measure v2.0.csv,676,source_reference_record,source_reference_record_unreviewed
CFIHOS-65000600,,joule per gram-mole delta kelvin,J/(mol.deltaK),CFIHOS-45000129,MOLHC,molar heat capacity,CFIHOS-60001649,SI,,real,True,sha256:a69b98012d9e4a46495a3aed48eef8ce75a69d001eaa28b4c38cb0f3c921909d,CORE CFIHOS V2.0 CSV/CFIHOS CORE unit of measure v2.0.csv,677,source_reference_record,source_reference_record_unreviewed
CFIHOS-65000601,,BTU per pound-mass-mole delta Fahrenheit,Btu[IT]/(lbmol.deltaF),CFIHOS-45000129,MOLHC,molar heat capacity,,,,real,True,sha256:a69b98012d9e4a46495a3aed48eef8ce75a69d001eaa28b4c38cb0f3c921909d,CORE CFIHOS V2.0 CSV/CFIHOS CORE unit of measure v2.0.csv,678,source_reference_record,source_reference_record_unreviewed
CFIHOS-65000602,,calorie per gram-mole delta Celsius,cal[th]/(mol.deltaC),CFIHOS-45000129,MOLHC,molar heat capacity,,,,real,True,sha256:a69b98012d9e4a46495a3aed48eef8ce75a69d001eaa28b4c38cb0f3c921909d,CORE CFIHOS V2.0 CSV/CFIHOS CORE unit of measure v2.0.csv,679,source_reference_record,source_reference_record_unreviewed
CFIHOS-65000603,,kilojoule per kilogram-mole delta kelvin,kJ/(kmol.deltaK),CFIHOS-45000129,MOLHC,molar heat capacity,CFIHOS-60001649,SI,,real,True,sha256:a69b98012d9e4a46495a3aed48eef8ce75a69d001eaa28b4c38cb0f3c921909d,CORE CFIHOS V2.0 CSV/CFIHOS CORE unit of measure v2.0.csv,680,source_reference_record,source_reference_record_unreviewed
CFIHOS-65000604,,joule per delta kelvin,J/deltaK,CFIHOS-45000099,HTCAP,heat capacity,CFIHOS-60001649,SI,,real,True,sha256:a69b98012d9e4a46495a3aed48eef8ce75a69d001eaa28b4c38cb0f3c921909d,CORE CFIHOS V2.0 CSV/CFIHOS CORE unit of measure v2.0.csv,681,source_reference_record,source_reference_record_unreviewed
CFIHOS-65000605,,watt per delta kelvin,W/deltaK,CFIHOS-45000029,THCOND,thermal conductivity,CFIHOS-60001649,SI,,real,True,sha256:a69b98012d9e4a46495a3aed48eef8ce75a69d001eaa28b4c38cb0f3c921909d,CORE CFIHOS V2.0 CSV/CFIHOS CORE unit of measure v2.0.csv,682,source_reference_record,source_reference_record_unreviewed
CFIHOS-65000606,81,henry,H,CFIHOS-45000103,INDUCT,inductance,CFIHOS-60001649,SI,,real,True,sha256:a69b98012d9e4a46495a3aed48eef8ce75a69d001eaa28b4c38cb0f3c921909d,CORE CFIHOS V2.0 CSV/CFIHOS CORE unit of measure v2.0.csv,683,source_reference_record,source_reference_record_unreviewed
CFIHOS-65000607,,centihenry,cH,CFIHOS-45000103,INDUCT,inductance,CFIHOS-60001649,SI,,real,True,sha256:a69b98012d9e4a46495a3aed48eef8ce75a69d001eaa28b4c38cb0f3c921909d,CORE CFIHOS V2.0 CSV/CFIHOS CORE unit of measure v2.0.csv,684,source_reference_record,source_reference_record_unreviewed
CFIHOS-65000608,,decihenry,dH,CFIHOS-45000103,INDUCT,inductance,CFIHOS-60001649,SI,,real,True,sha256:a69b98012d9e4a46495a3aed48eef8ce75a69d001eaa28b4c38cb0f3c921909d,CORE CFIHOS V2.0 CSV/CFIHOS CORE unit of measure v2.0.csv,685,source_reference_record,source_reference_record_unreviewed
CFIHOS-65000609,,exahenry,EH,CFIHOS-45000103,INDUCT,inductance,CFIHOS-60001649,SI,,real,True,sha256:a69b98012d9e4a46495a3aed48eef8ce75a69d001eaa28b4c38cb0f3c921909d,CORE CFIHOS V2.0 CSV/CFIHOS CORE unit of measure v2.0.csv,686,source_reference_record,source_reference_record_unreviewed
CFIHOS-65000610,,femtohenry,fH,CFIHOS-45000103,INDUCT,inductance,CFIHOS-60001649,SI,,real,True,sha256:a69b98012d9e4a46495a3aed48eef8ce75a69d001eaa28b4c38cb0f3c921909d,CORE CFIHOS V2.0 CSV/CFIHOS CORE unit of measure v2.0.csv,687,source_reference_record,source_reference_record_unreviewed
CFIHOS-65000611,,gigahenry,GH,CFIHOS-45000103,INDUCT,inductance,CFIHOS-60001649,SI,,real,True,sha256:a69b98012d9e4a46495a3aed48eef8ce75a69d001eaa28b4c38cb0f3c921909d,CORE CFIHOS V2.0 CSV/CFIHOS CORE unit of measure v2.0.csv,688,source_reference_record,source_reference_record_unreviewed
CFIHOS-65000612,P24,kilohenry,kH,CFIHOS-45000103,INDUCT,inductance,CFIHOS-60001649,SI,,real,True,sha256:a69b98012d9e4a46495a3aed48eef8ce75a69d001eaa28b4c38cb0f3c921909d,CORE CFIHOS V2.0 CSV/CFIHOS CORE unit of measure v2.0.csv,689,source_reference_record,source_reference_record_unreviewed
CFIHOS-65000613,C14,millihenry,mH,CFIHOS-45000103,INDUCT,inductance,CFIHOS-60001649,SI,,real,True,sha256:a69b98012d9e4a46495a3aed48eef8ce75a69d001eaa28b4c38cb0f3c921909d,CORE CFIHOS V2.0 CSV/CFIHOS CORE unit of measure v2.0.csv,690,source_reference_record,source_reference_record_unreviewed
CFIHOS-65000614,,megahenry,MH,CFIHOS-45000103,INDUCT,inductance,CFIHOS-60001649,SI,,real,True,sha256:a69b98012d9e4a46495a3aed48eef8ce75a69d001eaa28b4c38cb0f3c921909d,CORE CFIHOS V2.0 CSV/CFIHOS CORE unit of measure v2.0.csv,691,source_reference_record,source_reference_record_unreviewed
CFIHOS-65000615,C43,nanohenry,nH,CFIHOS-45000103,INDUCT,inductance,CFIHOS-60001649,SI,,real,True,sha256:a69b98012d9e4a46495a3aed48eef8ce75a69d001eaa28b4c38cb0f3c921909d,CORE CFIHOS V2.0 CSV/CFIHOS CORE unit of measure v2.0.csv,692,source_reference_record,source_reference_record_unreviewed
CFIHOS-65000616,,terahenry,TH,CFIHOS-45000103,INDUCT,inductance,CFIHOS-60001649,SI,,real,True,sha256:a69b98012d9e4a46495a3aed48eef8ce75a69d001eaa28b4c38cb0f3c921909d,CORE CFIHOS V2.0 CSV/CFIHOS CORE unit of measure v2.0.csv,693,source_reference_record,source_reference_record_unreviewed
CFIHOS-65000617,B90,microhenry,uH,CFIHOS-45000103,INDUCT,inductance,CFIHOS-60001649,SI,,real,True,sha256:a69b98012d9e4a46495a3aed48eef8ce75a69d001eaa28b4c38cb0f3c921909d,CORE CFIHOS V2.0 CSV/CFIHOS CORE unit of measure v2.0.csv,694,source_reference_record,source_reference_record_unreviewed
CFIHOS-65000618,,centiohm,cohm,CFIHOS-45000020,RESIST,resistance,CFIHOS-60001649,SI,,real,True,sha256:a69b98012d9e4a46495a3aed48eef8ce75a69d001eaa28b4c38cb0f3c921909d,CORE CFIHOS V2.0 CSV/CFIHOS CORE unit of measure v2.0.csv,695,source_reference_record,source_reference_record_unreviewed
CFIHOS-65000619,,deciohm,dohm,CFIHOS-45000020,RESIST,resistance,CFIHOS-60001649,SI,,real,True,sha256:a69b98012d9e4a46495a3aed48eef8ce75a69d001eaa28b4c38cb0f3c921909d,CORE CFIHOS V2.0 CSV/CFIHOS CORE unit of measure v2.0.csv,696,source_reference_record,source_reference_record_unreviewed
CFIHOS-65000620,,exaohm,Eohm,CFIHOS-45000020,RESIST,resistance,CFIHOS-60001649,SI,,real,True,sha256:a69b98012d9e4a46495a3aed48eef8ce75a69d001eaa28b4c38cb0f3c921909d,CORE CFIHOS V2.0 CSV/CFIHOS CORE unit of measure v2.0.csv,697,source_reference_record,source_reference_record_unreviewed
CFIHOS-65000621,,femtoohm,fohm,CFIHOS-45000020,RESIST,resistance,CFIHOS-60001649,SI,,real,True,sha256:a69b98012d9e4a46495a3aed48eef8ce75a69d001eaa28b4c38cb0f3c921909d,CORE CFIHOS V2.0 CSV/CFIHOS CORE unit of measure v2.0.csv,698,source_reference_record,source_reference_record_unreviewed
CFIHOS-65000622,A87,gigaohm,Gohm,CFIHOS-45000020,RESIST,resistance,CFIHOS-60001649,SI,,real,True,sha256:a69b98012d9e4a46495a3aed48eef8ce75a69d001eaa28b4c38cb0f3c921909d,CORE CFIHOS V2.0 CSV/CFIHOS CORE unit of measure v2.0.csv,699,source_reference_record,source_reference_record_unreviewed
CFIHOS-65000623,,kilohm,kohm,CFIHOS-45000020,RESIST,resistance,CFIHOS-60001649,SI,,real,True,sha256:a69b98012d9e4a46495a3aed48eef8ce75a69d001eaa28b4c38cb0f3c921909d,CORE CFIHOS V2.0 CSV/CFIHOS CORE unit of measure v2.0.csv,700,source_reference_record,source_reference_record_unreviewed
CFIHOS-65000624,E45,milliohm,mohm,CFIHOS-45000020,RESIST,resistance,CFIHOS-60001649,SI,,real,True,sha256:a69b98012d9e4a46495a3aed48eef8ce75a69d001eaa28b4c38cb0f3c921909d,CORE CFIHOS V2.0 CSV/CFIHOS CORE unit of measure v2.0.csv,701,source_reference_record,source_reference_record_unreviewed
CFIHOS-65000625,,megohm,Mohm,CFIHOS-45000020,RESIST,resistance,CFIHOS-60001649,SI,,real,True,sha256:a69b98012d9e4a46495a3aed48eef8ce75a69d001eaa28b4c38cb0f3c921909d,CORE CFIHOS V2.0 CSV/CFIHOS CORE unit of measure v2.0.csv,702,source_reference_record,source_reference_record_unreviewed
CFIHOS-65000626,P22,nanoohm,nohm,CFIHOS-45000020,RESIST,resistance,CFIHOS-60001649,SI,,real,True,sha256:a69b98012d9e4a46495a3aed48eef8ce75a69d001eaa28b4c38cb0f3c921909d,CORE CFIHOS V2.0 CSV/CFIHOS CORE unit of measure v2.0.csv,703,source_reference_record,source_reference_record_unreviewed
CFIHOS-65000627,,picoohm,pohm,CFIHOS-45000020,RESIST,resistance,CFIHOS-60001649,SI,,real,True,sha256:a69b98012d9e4a46495a3aed48eef8ce75a69d001eaa28b4c38cb0f3c921909d,CORE CFIHOS V2.0 CSV/CFIHOS CORE unit of measure v2.0.csv,704,source_reference_record,source_reference_record_unreviewed
CFIHOS-65000628,H44,teraohm,Tohm,CFIHOS-45000020,RESIST,resistance,CFIHOS-60001649,SI,,real,True,sha256:a69b98012d9e4a46495a3aed48eef8ce75a69d001eaa28b4c38cb0f3c921909d,CORE CFIHOS V2.0 CSV/CFIHOS CORE unit of measure v2.0.csv,705,source_reference_record,source_reference_record_unreviewed
CFIHOS-65000629,B94,microohm,uohm,CFIHOS-45000020,RESIST,resistance,CFIHOS-60001649,SI,,real,True,sha256:a69b98012d9e4a46495a3aed48eef8ce75a69d001eaa28b4c38cb0f3c921909d,CORE CFIHOS V2.0 CSV/CFIHOS CORE unit of measure v2.0.csv,706,source_reference_record,source_reference_record_unreviewed
CFIHOS-65000630,WEB,weber,Wb,CFIHOS-45000119,MAGFLX,magnetic flux,CFIHOS-60001649,SI,,real,True,sha256:a69b98012d9e4a46495a3aed48eef8ce75a69d001eaa28b4c38cb0f3c921909d,CORE CFIHOS V2.0 CSV/CFIHOS CORE unit of measure v2.0.csv,707,source_reference_record,source_reference_record_unreviewed
CFIHOS-65000631,,centiweber,cWb,CFIHOS-45000119,MAGFLX,magnetic flux,CFIHOS-60001649,SI,,real,True,sha256:a69b98012d9e4a46495a3aed48eef8ce75a69d001eaa28b4c38cb0f3c921909d,CORE CFIHOS V2.0 CSV/CFIHOS CORE unit of measure v2.0.csv,708,source_reference_record,source_reference_record_unreviewed
CFIHOS-65000632,,deciweber,dWb,CFIHOS-45000119,MAGFLX,magnetic flux,CFIHOS-60001649,SI,,real,True,sha256:a69b98012d9e4a46495a3aed48eef8ce75a69d001eaa28b4c38cb0f3c921909d,CORE CFIHOS V2.0 CSV/CFIHOS CORE unit of measure v2.0.csv,709,source_reference_record,source_reference_record_unreviewed
CFIHOS-65000633,,exaweber,EWb,CFIHOS-45000119,MAGFLX,magnetic flux,CFIHOS-60001649,SI,,real,True,sha256:a69b98012d9e4a46495a3aed48eef8ce75a69d001eaa28b4c38cb0f3c921909d,CORE CFIHOS V2.0 CSV/CFIHOS CORE unit of measure v2.0.csv,710,source_reference_record,source_reference_record_unreviewed
CFIHOS-65000634,,femtoweber,fWb,CFIHOS-45000119,MAGFLX,magnetic flux,CFIHOS-60001649,SI,,real,True,sha256:a69b98012d9e4a46495a3aed48eef8ce75a69d001eaa28b4c38cb0f3c921909d,CORE CFIHOS V2.0 CSV/CFIHOS CORE unit of measure v2.0.csv,711,source_reference_record,source_reference_record_unreviewed
CFIHOS-65000635,,gigaweber,GWb,CFIHOS-45000119,MAGFLX,magnetic flux,CFIHOS-60001649,SI,,real,True,sha256:a69b98012d9e4a46495a3aed48eef8ce75a69d001eaa28b4c38cb0f3c921909d,CORE CFIHOS V2.0 CSV/CFIHOS CORE unit of measure v2.0.csv,712,source_reference_record,source_reference_record_unreviewed
CFIHOS-65000636,P11,kiloweber,kWb,CFIHOS-45000119,MAGFLX,magnetic flux,CFIHOS-60001649,SI,,real,True,sha256:a69b98012d9e4a46495a3aed48eef8ce75a69d001eaa28b4c38cb0f3c921909d,CORE CFIHOS V2.0 CSV/CFIHOS CORE unit of measure v2.0.csv,713,source_reference_record,source_reference_record_unreviewed
CFIHOS-65000637,C33,milliweber,mWb,CFIHOS-45000119,MAGFLX,magnetic flux,CFIHOS-60001649,SI,,real,True,sha256:a69b98012d9e4a46495a3aed48eef8ce75a69d001eaa28b4c38cb0f3c921909d,CORE CFIHOS V2.0 CSV/CFIHOS CORE unit of measure v2.0.csv,714,source_reference_record,source_reference_record_unreviewed
CFIHOS-65000638,,megaweber,MWb,CFIHOS-45000119,MAGFLX,magnetic flux,CFIHOS-60001649,SI,,real,True,sha256:a69b98012d9e4a46495a3aed48eef8ce75a69d001eaa28b4c38cb0f3c921909d,CORE CFIHOS V2.0 CSV/CFIHOS CORE unit of measure v2.0.csv,715,source_reference_record,source_reference_record_unreviewed
CFIHOS-65000639,,nanoweber,nWb,CFIHOS-45000119,MAGFLX,magnetic flux,CFIHOS-60001649,SI,,real,True,sha256:a69b98012d9e4a46495a3aed48eef8ce75a69d001eaa28b4c38cb0f3c921909d,CORE CFIHOS V2.0 CSV/CFIHOS CORE unit of measure v2.0.csv,716,source_reference_record,source_reference_record_unreviewed
CFIHOS-65000640,,picoweber,pWb,CFIHOS-45000119,MAGFLX,magnetic flux,CFIHOS-60001649,SI,,real,True,sha256:a69b98012d9e4a46495a3aed48eef8ce75a69d001eaa28b4c38cb0f3c921909d,CORE CFIHOS V2.0 CSV/CFIHOS CORE unit of measure v2.0.csv,717,source_reference_record,source_reference_record_unreviewed
CFIHOS-65000641,,teraweber,TWb,CFIHOS-45000119,MAGFLX,magnetic flux,CFIHOS-60001649,SI,,real,True,sha256:a69b98012d9e4a46495a3aed48eef8ce75a69d001eaa28b4c38cb0f3c921909d,CORE CFIHOS V2.0 CSV/CFIHOS CORE unit of measure v2.0.csv,718,source_reference_record,source_reference_record_unreviewed
CFIHOS-65000642,,microweber,uWb,CFIHOS-45000119,MAGFLX,magnetic flux,CFIHOS-60001649,SI,,real,True,sha256:a69b98012d9e4a46495a3aed48eef8ce75a69d001eaa28b4c38cb0f3c921909d,CORE CFIHOS V2.0 CSV/CFIHOS CORE unit of measure v2.0.csv,719,source_reference_record,source_reference_record_unreviewed
CFIHOS-65000643,,centivolt,cV,CFIHOS-45000038,VOLTAG,electrical tension / voltage,CFIHOS-60001649,SI,,real,True,sha256:a69b98012d9e4a46495a3aed48eef8ce75a69d001eaa28b4c38cb0f3c921909d,CORE CFIHOS V2.0 CSV/CFIHOS CORE unit of measure v2.0.csv,720,source_reference_record,source_reference_record_unreviewed
CFIHOS-65000644,,decivolt,dV,CFIHOS-45000038,VOLTAG,electrical tension / voltage,CFIHOS-60001649,SI,,real,True,sha256:a69b98012d9e4a46495a3aed48eef8ce75a69d001eaa28b4c38cb0f3c921909d,CORE CFIHOS V2.0 CSV/CFIHOS CORE unit of measure v2.0.csv,721,source_reference_record,source_reference_record_unreviewed
CFIHOS-65000645,,femtovolt,fV,CFIHOS-45000038,VOLTAG,electrical tension / voltage,CFIHOS-60001649,SI,,real,True,sha256:a69b98012d9e4a46495a3aed48eef8ce75a69d001eaa28b4c38cb0f3c921909d,CORE CFIHOS V2.0 CSV/CFIHOS CORE unit of measure v2.0.csv,722,source_reference_record,source_reference_record_unreviewed
CFIHOS-65000646,,gigavolt,GV,CFIHOS-45000038,VOLTAG,electrical tension / voltage,CFIHOS-60001649,SI,,real,True,sha256:a69b98012d9e4a46495a3aed48eef8ce75a69d001eaa28b4c38cb0f3c921909d,CORE CFIHOS V2.0 CSV/CFIHOS CORE unit of measure v2.0.csv,723,source_reference_record,source_reference_record_unreviewed
CFIHOS-65000647,2Z,millivolt,mV,CFIHOS-45000038,VOLTAG,electrical tension / voltage,CFIHOS-60001649,SI,,real,True,sha256:a69b98012d9e4a46495a3aed48eef8ce75a69d001eaa28b4c38cb0f3c921909d,CORE CFIHOS V2.0 CSV/CFIHOS CORE unit of measure v2.0.csv,724,source_reference_record,source_reference_record_unreviewed
CFIHOS-65000648,B78,megavolt,MV,CFIHOS-45000038,VOLTAG,electrical tension / voltage,CFIHOS-60001649,SI,,real,True,sha256:a69b98012d9e4a46495a3aed48eef8ce75a69d001eaa28b4c38cb0f3c921909d,CORE CFIHOS V2.0 CSV/CFIHOS CORE unit of measure v2.0.csv,725,source_reference_record,source_reference_record_unreviewed
CFIHOS-65000649,,nanovolt,nV,CFIHOS-45000038,VOLTAG,electrical tension / voltage,CFIHOS-60001649,SI,,real,True,sha256:a69b98012d9e4a46495a3aed48eef8ce75a69d001eaa28b4c38cb0f3c921909d,CORE CFIHOS V2.0 CSV/CFIHOS CORE unit of measure v2.0.csv,726,source_reference_record,source_reference_record_unreviewed
CFIHOS-65000650,N99,picovolt,pV,CFIHOS-45000038,VOLTAG,electrical tension / voltage,CFIHOS-60001649,SI,,real,True,sha256:a69b98012d9e4a46495a3aed48eef8ce75a69d001eaa28b4c38cb0f3c921909d,CORE CFIHOS V2.0 CSV/CFIHOS CORE unit of measure v2.0.csv,727,source_reference_record,source_reference_record_unreviewed
CFIHOS-65000651,,teravolt,TV,CFIHOS-45000038,VOLTAG,electrical tension / voltage,CFIHOS-60001649,SI,,real,True,sha256:a69b98012d9e4a46495a3aed48eef8ce75a69d001eaa28b4c38cb0f3c921909d,CORE CFIHOS V2.0 CSV/CFIHOS CORE unit of measure v2.0.csv,728,source_reference_record,source_reference_record_unreviewed
CFIHOS-65000652,D82,microvolt,uV,CFIHOS-45000038,VOLTAG,electrical tension / voltage,CFIHOS-60001649,SI,,real,True,sha256:a69b98012d9e4a46495a3aed48eef8ce75a69d001eaa28b4c38cb0f3c921909d,CORE CFIHOS V2.0 CSV/CFIHOS CORE unit of measure v2.0.csv,729,source_reference_record,source_reference_record_unreviewed
CFIHOS-65000653,,joule per gram-mole,J/mol,CFIHOS-45000089,ENPMOL,molar energy,CFIHOS-60001649,SI,,real,True,sha256:a69b98012d9e4a46495a3aed48eef8ce75a69d001eaa28b4c38cb0f3c921909d,CORE CFIHOS V2.0 CSV/CFIHOS CORE unit of measure v2.0.csv,730,source_reference_record,source_reference_record_unreviewed
CFIHOS-65000654,,BTU per pound-mass-mole,Btu[IT]/lbmol,CFIHOS-45000089,ENPMOL,molar energy,,,,real,True,sha256:a69b98012d9e4a46495a3aed48eef8ce75a69d001eaa28b4c38cb0f3c921909d,CORE CFIHOS V2.0 CSV/CFIHOS CORE unit of measure v2.0.csv,731,source_reference_record,source_reference_record_unreviewed
CFIHOS-65000655,,thousand calorie per gram-mole,kcal[th]/mol,CFIHOS-45000089,ENPMOL,molar energy,,,,real,True,sha256:a69b98012d9e4a46495a3aed48eef8ce75a69d001eaa28b4c38cb0f3c921909d,CORE CFIHOS V2.0 CSV/CFIHOS CORE unit of measure v2.0.csv,732,source_reference_record,source_reference_record_unreviewed
CFIHOS-65000656,,kilojoule per kilogram-mole,kJ/kmol,CFIHOS-45000089,ENPMOL,molar energy,CFIHOS-60001649,SI,,real,True,sha256:a69b98012d9e4a46495a3aed48eef8ce75a69d001eaa28b4c38cb0f3c921909d,CORE CFIHOS V2.0 CSV/CFIHOS CORE unit of measure v2.0.csv,733,source_reference_record,source_reference_record_unreviewed
CFIHOS-65000657,,megajoule per kilogram-mole,MJ/kmol,CFIHOS-45000089,ENPMOL,molar energy,CFIHOS-60001649,SI,,real,True,sha256:a69b98012d9e4a46495a3aed48eef8ce75a69d001eaa28b4c38cb0f3c921909d,CORE CFIHOS V2.0 CSV/CFIHOS CORE unit of measure v2.0.csv,734,source_reference_record,source_reference_record_unreviewed
CFIHOS-65000658,D57,watt per steradian,W/sr,CFIHOS-45000152,RADINT,radiant intensity,CFIHOS-60001649,SI,,real,True,sha256:a69b98012d9e4a46495a3aed48eef8ce75a69d001eaa28b4c38cb0f3c921909d,CORE CFIHOS V2.0 CSV/CFIHOS CORE unit of measure v2.0.csv,735,source_reference_record,source_reference_record_unreviewed
CFIHOS-65000659,JOU,joule,J,CFIHOS-45000086;CFIHOS-45000041,ENERGY;MOMFOR,energy;moment of force,CFIHOS-60001649,SI,,real,True,sha256:a69b98012d9e4a46495a3aed48eef8ce75a69d001eaa28b4c38cb0f3c921909d,CORE CFIHOS V2.0 CSV/CFIHOS CORE unit of measure v2.0.csv,736,source_reference_record,source_reference_record_unreviewed
CFIHOS-65000660,,British thermal unit,Btu[IT],CFIHOS-45000086,ENERGY,energy,,,,real,True,sha256:a69b98012d9e4a46495a3aed48eef8ce75a69d001eaa28b4c38cb0f3c921909d,CORE CFIHOS V2.0 CSV/CFIHOS CORE unit of measure v2.0.csv,737,source_reference_record,source_reference_record_unreviewed
CFIHOS-65000661,,thermochemical British thermal unit,Btu[th],CFIHOS-45000086,ENERGY,energy,,,,real,True,sha256:a69b98012d9e4a46495a3aed48eef8ce75a69d001eaa28b4c38cb0f3c921909d,CORE CFIHOS V2.0 CSV/CFIHOS CORE unit of measure v2.0.csv,738,source_reference_record,source_reference_record_unreviewed
CFIHOS-65000662,,United Kingdom British thermal unit,Btu[UK],CFIHOS-45000086,ENERGY,energy,,,,real,True,sha256:a69b98012d9e4a46495a3aed48eef8ce75a69d001eaa28b4c38cb0f3c921909d,CORE CFIHOS V2.0 CSV/CFIHOS CORE unit of measure v2.0.csv,739,source_reference_record,source_reference_record_unreviewed
CFIHOS-65000663,,calorie [International Table],cal[IT],CFIHOS-45000086,ENERGY,energy,,,,real,True,sha256:a69b98012d9e4a46495a3aed48eef8ce75a69d001eaa28b4c38cb0f3c921909d,CORE CFIHOS V2.0 CSV/CFIHOS CORE unit of measure v2.0.csv,740,source_reference_record,source_reference_record_unreviewed
CFIHOS-65000664,R4,calorie,cal[th],CFIHOS-45000086,ENERGY,energy,,,,real,True,sha256:a69b98012d9e4a46495a3aed48eef8ce75a69d001eaa28b4c38cb0f3c921909d,CORE CFIHOS V2.0 CSV/CFIHOS CORE unit of measure v2.0.csv,741,source_reference_record,source_reference_record_unreviewed
CFIHOS-65000665,A57,erg,erg,CFIHOS-45000086,ENERGY,energy,,,,real,True,sha256:a69b98012d9e4a46495a3aed48eef8ce75a69d001eaa28b4c38cb0f3c921909d,CORE CFIHOS V2.0 CSV/CFIHOS CORE unit of measure v2.0.csv,742,source_reference_record,source_reference_record_unreviewed
CFIHOS-65000666,A53,electronvolt,eV,CFIHOS-45000086,ENERGY,energy,CFIHOS-60001649,SI,,real,True,sha256:a69b98012d9e4a46495a3aed48eef8ce75a69d001eaa28b4c38cb0f3c921909d,CORE CFIHOS V2.0 CSV/CFIHOS CORE unit of measure v2.0.csv,743,source_reference_record,source_reference_record_unreviewed
CFIHOS-65000667,,quad,quad,CFIHOS-45000086,ENERGY,energy,,,,real,True,sha256:a69b98012d9e4a46495a3aed48eef8ce75a69d001eaa28b4c38cb0f3c921909d,CORE CFIHOS V2.0 CSV/CFIHOS CORE unit of measure v2.0.csv,744,source_reference_record,source_reference_record_unreviewed
CFIHOS-65000668,,European Community therm,therm[EC],CFIHOS-45000086,ENERGY,energy,,,,real,True,sha256:a69b98012d9e4a46495a3aed48eef8ce75a69d001eaa28b4c38cb0f3c921909d,CORE CFIHOS V2.0 CSV/CFIHOS CORE unit of measure v2.0.csv,745,source_reference_record,source_reference_record_unreviewed
CFIHOS-65000669,,United Kingdom therm,therm[UK],CFIHOS-45000086,ENERGY,energy,,,,real,True,sha256:a69b98012d9e4a46495a3aed48eef8ce75a69d001eaa28b4c38cb0f3c921909d,CORE CFIHOS V2.0 CSV/CFIHOS CORE unit of measure v2.0.csv,746,source_reference_record,source_reference_record_unreviewed
CFIHOS-65000670,,United States therm,therm[US],CFIHOS-45000086,ENERGY,energy,,,,real,True,sha256:a69b98012d9e4a46495a3aed48eef8ce75a69d001eaa28b4c38cb0f3c921909d,CORE CFIHOS V2.0 CSV/CFIHOS CORE unit of measure v2.0.csv,747,source_reference_record,source_reference_record_unreviewed
CFIHOS-65000671,NU,newton metre,N.m,CFIHOS-45000041,MOMFOR,moment of force,CFIHOS-60001649,SI,,real,True,sha256:a69b98012d9e4a46495a3aed48eef8ce75a69d001eaa28b4c38cb0f3c921909d,CORE CFIHOS V2.0 CSV/CFIHOS CORE unit of measure v2.0.csv,748,source_reference_record,source_reference_record_unreviewed
CFIHOS-65000672,,million BTU,1E6 Btu[IT],CFIHOS-45000086,ENERGY,energy,,,,real,True,sha256:a69b98012d9e4a46495a3aed48eef8ce75a69d001eaa28b4c38cb0f3c921909d,CORE CFIHOS V2.0 CSV/CFIHOS CORE unit of measure v2.0.csv,749,source_reference_record,source_reference_record_unreviewed
CFIHOS-65000673,GWH,gigawatt hour,GW.h,CFIHOS-45000086,ENERGY,energy,CFIHOS-60001649,SI,,real,True,sha256:a69b98012d9e4a46495a3aed48eef8ce75a69d001eaa28b4c38cb0f3c921909d,CORE CFIHOS V2.0 CSV/CFIHOS CORE unit of measure v2.0.csv,750,source_reference_record,source_reference_record_unreviewed
CFIHOS-65000674,,horsepower hour,hp.h,CFIHOS-45000086,ENERGY,energy,,,,real,True,sha256:a69b98012d9e4a46495a3aed48eef8ce75a69d001eaa28b4c38cb0f3c921909d,CORE CFIHOS V2.0 CSV/CFIHOS CORE unit of measure v2.0.csv,751,source_reference_record,source_reference_record_unreviewed
CFIHOS-65000675,,metric-horsepower hour,hp[metric].h,CFIHOS-45000086,ENERGY,energy,,,,real,True,sha256:a69b98012d9e4a46495a3aed48eef8ce75a69d001eaa28b4c38cb0f3c921909d,CORE CFIHOS V2.0 CSV/CFIHOS CORE unit of measure v2.0.csv,752,source_reference_record,source_reference_record_unreviewed
CFIHOS-65000676,KWH,kilowatt hour,kW.h,CFIHOS-45000086,ENERGY,energy,CFIHOS-60001649,SI,,real,True,sha256:a69b98012d9e4a46495a3aed48eef8ce75a69d001eaa28b4c38cb0f3c921909d,CORE CFIHOS V2.0 CSV/CFIHOS CORE unit of measure v2.0.csv,753,source_reference_record,source_reference_record_unreviewed
CFIHOS-65000677,,megawatt hour,MW.h,CFIHOS-45000086,ENERGY,energy,CFIHOS-60001649,SI,,real,True,sha256:a69b98012d9e4a46495a3aed48eef8ce75a69d001eaa28b4c38cb0f3c921909d,CORE CFIHOS V2.0 CSV/CFIHOS CORE unit of measure v2.0.csv,754,source_reference_record,source_reference_record_unreviewed
CFIHOS-65000678,,terrawatt hour,TW.h,CFIHOS-45000086,ENERGY,energy,CFIHOS-60001649,SI,,real,True,sha256:a69b98012d9e4a46495a3aed48eef8ce75a69d001eaa28b4c38cb0f3c921909d,CORE CFIHOS V2.0 CSV/CFIHOS CORE unit of measure v2.0.csv,755,source_reference_record,source_reference_record_unreviewed
CFIHOS-65000679,,thousand foot pound-force,1000 lbf.ft,CFIHOS-45000041,MOMFOR,moment of force,,,,real,True,sha256:a69b98012d9e4a46495a3aed48eef8ce75a69d001eaa28b4c38cb0f3c921909d,CORE CFIHOS V2.0 CSV/CFIHOS CORE unit of measure v2.0.csv,756,source_reference_record,source_reference_record_unreviewed
CFIHOS-65000680,,dekanewton metre,daN.m,CFIHOS-45000041,MOMFOR,moment of force,CFIHOS-60001649,SI,,real,True,sha256:a69b98012d9e4a46495a3aed48eef8ce75a69d001eaa28b4c38cb0f3c921909d,CORE CFIHOS V2.0 CSV/CFIHOS CORE unit of measure v2.0.csv,757,source_reference_record,source_reference_record_unreviewed
CFIHOS-65000681,DN,decinewton metre,dN.m,CFIHOS-45000041,MOMFOR,moment of force,CFIHOS-60001649,SI,,real,True,sha256:a69b98012d9e4a46495a3aed48eef8ce75a69d001eaa28b4c38cb0f3c921909d,CORE CFIHOS V2.0 CSV/CFIHOS CORE unit of measure v2.0.csv,758,source_reference_record,source_reference_record_unreviewed
CFIHOS-65000682,,thousand gram-force metre,kgf.m,CFIHOS-45000041,MOMFOR,moment of force,,,,real,True,sha256:a69b98012d9e4a46495a3aed48eef8ce75a69d001eaa28b4c38cb0f3c921909d,CORE CFIHOS V2.0 CSV/CFIHOS CORE unit of measure v2.0.csv,759,source_reference_record,source_reference_record_unreviewed
CFIHOS-65000683,,kilonewton metre,kN.m,CFIHOS-45000041,MOMFOR,moment of force,CFIHOS-60001649,SI,,real,True,sha256:a69b98012d9e4a46495a3aed48eef8ce75a69d001eaa28b4c38cb0f3c921909d,CORE CFIHOS V2.0 CSV/CFIHOS CORE unit of measure v2.0.csv,760,source_reference_record,source_reference_record_unreviewed
CFIHOS-65000684,B48,foot pound-force,lbf.ft,CFIHOS-45000041,MOMFOR,moment of force,,,,real,True,sha256:a69b98012d9e4a46495a3aed48eef8ce75a69d001eaa28b4c38cb0f3c921909d,CORE CFIHOS V2.0 CSV/CFIHOS CORE unit of measure v2.0.csv,761,source_reference_record,source_reference_record_unreviewed
CFIHOS-65000685,85,inch pound-force,lbf.in,CFIHOS-45000041,MOMFOR,moment of force,,,,real,True,sha256:a69b98012d9e4a46495a3aed48eef8ce75a69d001eaa28b4c38cb0f3c921909d,CORE CFIHOS V2.0 CSV/CFIHOS CORE unit of measure v2.0.csv,762,source_reference_record,source_reference_record_unreviewed
CFIHOS-65000686,,pound-mass square foot per second squared,lbm.ft2/s2,CFIHOS-45000041,MOMFOR,moment of force,,,,real,True,sha256:a69b98012d9e4a46495a3aed48eef8ce75a69d001eaa28b4c38cb0f3c921909d,CORE CFIHOS V2.0 CSV/CFIHOS CORE unit of measure v2.0.csv,763,source_reference_record,source_reference_record_unreviewed
CFIHOS-65000687,N46,foot poundal,pdl.ft,CFIHOS-45000041,MOMFOR,moment of force,,,,real,True,sha256:a69b98012d9e4a46495a3aed48eef8ce75a69d001eaa28b4c38cb0f3c921909d,CORE CFIHOS V2.0 CSV/CFIHOS CORE unit of measure v2.0.csv,764,source_reference_record,source_reference_record_unreviewed
CFIHOS-65000688,,US ton-force foot,tonf[US].ft,CFIHOS-45000041,MOMFOR,moment of force,,,,real,True,sha256:a69b98012d9e4a46495a3aed48eef8ce75a69d001eaa28b4c38cb0f3c921909d,CORE CFIHOS V2.0 CSV/CFIHOS CORE unit of measure v2.0.csv,765,source_reference_record,source_reference_record_unreviewed
CFIHOS-65000689,,US ton-force mile,tonf[US].mi,CFIHOS-45000041,MOMFOR,moment of force,,,,real,True,sha256:a69b98012d9e4a46495a3aed48eef8ce75a69d001eaa28b4c38cb0f3c921909d,CORE CFIHOS V2.0 CSV/CFIHOS CORE unit of measure v2.0.csv,766,source_reference_record,source_reference_record_unreviewed
CFIHOS-65000690,A13,attojoule,aJ,CFIHOS-45000086,ENERGY,energy,CFIHOS-60001649,SI,,real,True,sha256:a69b98012d9e4a46495a3aed48eef8ce75a69d001eaa28b4c38cb0f3c921909d,CORE CFIHOS V2.0 CSV/CFIHOS CORE unit of measure v2.0.csv,767,source_reference_record,source_reference_record_unreviewed
CFIHOS-65000691,,hundredth of calorie,ccal[th],CFIHOS-45000086,ENERGY,energy,,,,real,True,sha256:a69b98012d9e4a46495a3aed48eef8ce75a69d001eaa28b4c38cb0f3c921909d,CORE CFIHOS V2.0 CSV/CFIHOS CORE unit of measure v2.0.csv,768,source_reference_record,source_reference_record_unreviewed
CFIHOS-65000692,,centielectronvolt,ceV,CFIHOS-45000086,ENERGY,energy,CFIHOS-60001649,SI,,real,True,sha256:a69b98012d9e4a46495a3aed48eef8ce75a69d001eaa28b4c38cb0f3c921909d,CORE CFIHOS V2.0 CSV/CFIHOS CORE unit of measure v2.0.csv,769,source_reference_record,source_reference_record_unreviewed
CFIHOS-65000693,,centijoule,cJ,CFIHOS-45000086,ENERGY,energy,CFIHOS-60001649,SI,,real,True,sha256:a69b98012d9e4a46495a3aed48eef8ce75a69d001eaa28b4c38cb0f3c921909d,CORE CFIHOS V2.0 CSV/CFIHOS CORE unit of measure v2.0.csv,770,source_reference_record,source_reference_record_unreviewed
CFIHOS-65000694,,tenth of calorie,dcal[th],CFIHOS-45000086,ENERGY,energy,,,,real,True,sha256:a69b98012d9e4a46495a3aed48eef8ce75a69d001eaa28b4c38cb0f3c921909d,CORE CFIHOS V2.0 CSV/CFIHOS CORE unit of measure v2.0.csv,771,source_reference_record,source_reference_record_unreviewed
CFIHOS-65000695,,decielectronvolt,deV,CFIHOS-45000086,ENERGY,energy,CFIHOS-60001649,SI,,real,True,sha256:a69b98012d9e4a46495a3aed48eef8ce75a69d001eaa28b4c38cb0f3c921909d,CORE CFIHOS V2.0 CSV/CFIHOS CORE unit of measure v2.0.csv,772,source_reference_record,source_reference_record_unreviewed
CFIHOS-65000696,,decijoule,dJ,CFIHOS-45000086,ENERGY,energy,CFIHOS-60001649,SI,,real,True,sha256:a69b98012d9e4a46495a3aed48eef8ce75a69d001eaa28b4c38cb0f3c921909d,CORE CFIHOS V2.0 CSV/CFIHOS CORE unit of measure v2.0.csv,773,source_reference_record,source_reference_record_unreviewed
CFIHOS-65000697,,million million million calorie,Ecal[th],CFIHOS-45000086,ENERGY,energy,,,,real,True,sha256:a69b98012d9e4a46495a3aed48eef8ce75a69d001eaa28b4c38cb0f3c921909d,CORE CFIHOS V2.0 CSV/CFIHOS CORE unit of measure v2.0.csv,774,source_reference_record,source_reference_record_unreviewed
CFIHOS-65000698,,exaelectronvolt,EeV,CFIHOS-45000086,ENERGY,energy,CFIHOS-60001649,SI,,real,True,sha256:a69b98012d9e4a46495a3aed48eef8ce75a69d001eaa28b4c38cb0f3c921909d,CORE CFIHOS V2.0 CSV/CFIHOS CORE unit of measure v2.0.csv,775,source_reference_record,source_reference_record_unreviewed
CFIHOS-65000699,A68,exajoule,EJ,CFIHOS-45000086,ENERGY,energy,CFIHOS-60001649,SI,,real,True,sha256:a69b98012d9e4a46495a3aed48eef8ce75a69d001eaa28b4c38cb0f3c921909d,CORE CFIHOS V2.0 CSV/CFIHOS CORE unit of measure v2.0.csv,776,source_reference_record,source_reference_record_unreviewed
CFIHOS-65000700,,femtocalorie,fcal[th],CFIHOS-45000086,ENERGY,energy,,,,real,True,sha256:a69b98012d9e4a46495a3aed48eef8ce75a69d001eaa28b4c38cb0f3c921909d,CORE CFIHOS V2.0 CSV/CFIHOS CORE unit of measure v2.0.csv,777,source_reference_record,source_reference_record_unreviewed
CFIHOS-65000701,,femtoelectronvolt,feV,CFIHOS-45000086,ENERGY,energy,CFIHOS-60001649,SI,,real,True,sha256:a69b98012d9e4a46495a3aed48eef8ce75a69d001eaa28b4c38cb0f3c921909d,CORE CFIHOS V2.0 CSV/CFIHOS CORE unit of measure v2.0.csv,778,source_reference_record,source_reference_record_unreviewed
CFIHOS-65000702,A70,femtojoule,fJ,CFIHOS-45000086,ENERGY,energy,CFIHOS-60001649,SI,,real,True,sha256:a69b98012d9e4a46495a3aed48eef8ce75a69d001eaa28b4c38cb0f3c921909d,CORE CFIHOS V2.0 CSV/CFIHOS CORE unit of measure v2.0.csv,779,source_reference_record,source_reference_record_unreviewed
CFIHOS-65000703,,thousand million calorie,Gcal[th],CFIHOS-45000086,ENERGY,energy,,,,real,True,sha256:a69b98012d9e4a46495a3aed48eef8ce75a69d001eaa28b4c38cb0f3c921909d,CORE CFIHOS V2.0 CSV/CFIHOS CORE unit of measure v2.0.csv,780,source_reference_record,source_reference_record_unreviewed
CFIHOS-65000704,A85,gigaelectronvolt,GeV,CFIHOS-45000086,ENERGY,energy,CFIHOS-60001649,SI,,real,True,sha256:a69b98012d9e4a46495a3aed48eef8ce75a69d001eaa28b4c38cb0f3c921909d,CORE CFIHOS V2.0 CSV/CFIHOS CORE unit of measure v2.0.csv,781,source_reference_record,source_reference_record_unreviewed
CFIHOS-65000705,GV,gigajoule,GJ,CFIHOS-45000086,ENERGY,energy,CFIHOS-60001649,SI,,real,True,sha256:a69b98012d9e4a46495a3aed48eef8ce75a69d001eaa28b4c38cb0f3c921909d,CORE CFIHOS V2.0 CSV/CFIHOS CORE unit of measure v2.0.csv,782,source_reference_record,source_reference_record_unreviewed
CFIHOS-65000706,,thousand calorie,kcal[th],CFIHOS-45000086,ENERGY,energy,,,,real,True,sha256:a69b98012d9e4a46495a3aed48eef8ce75a69d001eaa28b4c38cb0f3c921909d,CORE CFIHOS V2.0 CSV/CFIHOS CORE unit of measure v2.0.csv,783,source_reference_record,source_reference_record_unreviewed
CFIHOS-65000707,B29,kiloelectronvolt,keV,CFIHOS-45000086,ENERGY,energy,CFIHOS-60001649,SI,,real,True,sha256:a69b98012d9e4a46495a3aed48eef8ce75a69d001eaa28b4c38cb0f3c921909d,CORE CFIHOS V2.0 CSV/CFIHOS CORE unit of measure v2.0.csv,784,source_reference_record,source_reference_record_unreviewed
CFIHOS-65000708,KJO,kilojoule,kJ,CFIHOS-45000086,ENERGY,energy,CFIHOS-60001649,SI,,real,True,sha256:a69b98012d9e4a46495a3aed48eef8ce75a69d001eaa28b4c38cb0f3c921909d,CORE CFIHOS V2.0 CSV/CFIHOS CORE unit of measure v2.0.csv,785,source_reference_record,source_reference_record_unreviewed
CFIHOS-65000709,,thousandth of calorie,mcal[th],CFIHOS-45000086,ENERGY,energy,,,,real,True,sha256:a69b98012d9e4a46495a3aed48eef8ce75a69d001eaa28b4c38cb0f3c921909d,CORE CFIHOS V2.0 CSV/CFIHOS CORE unit of measure v2.0.csv,786,source_reference_record,source_reference_record_unreviewed
CFIHOS-65000710,,million calorie,Mcal[th],CFIHOS-45000086,ENERGY,energy,,,,real,True,sha256:a69b98012d9e4a46495a3aed48eef8ce75a69d001eaa28b4c38cb0f3c921909d,CORE CFIHOS V2.0 CSV/CFIHOS CORE unit of measure v2.0.csv,787,source_reference_record,source_reference_record_unreviewed
CFIHOS-65000711,B71,megaelectronvolt,MeV,CFIHOS-45000086,ENERGY,energy,CFIHOS-60001649,SI,,real,True,sha256:a69b98012d9e4a46495a3aed48eef8ce75a69d001eaa28b4c38cb0f3c921909d,CORE CFIHOS V2.0 CSV/CFIHOS CORE unit of measure v2.0.csv,788,source_reference_record,source_reference_record_unreviewed
CFIHOS-65000712,,millielectronvolt,meV,CFIHOS-45000086,ENERGY,energy,CFIHOS-60001649,SI,,real,True,sha256:a69b98012d9e4a46495a3aed48eef8ce75a69d001eaa28b4c38cb0f3c921909d,CORE CFIHOS V2.0 CSV/CFIHOS CORE unit of measure v2.0.csv,789,source_reference_record,source_reference_record_unreviewed
CFIHOS-65000713,C15,millijoule,mJ,CFIHOS-45000086,ENERGY,energy,CFIHOS-60001649,SI,,real,True,sha256:a69b98012d9e4a46495a3aed48eef8ce75a69d001eaa28b4c38cb0f3c921909d,CORE CFIHOS V2.0 CSV/CFIHOS CORE unit of measure v2.0.csv,790,source_reference_record,source_reference_record_unreviewed
CFIHOS-65000714,3B,megajoule,MJ,CFIHOS-45000086,ENERGY,energy,CFIHOS-60001649,SI,,real,True,sha256:a69b98012d9e4a46495a3aed48eef8ce75a69d001eaa28b4c38cb0f3c921909d,CORE CFIHOS V2.0 CSV/CFIHOS CORE unit of measure v2.0.csv,791,source_reference_record,source_reference_record_unreviewed
CFIHOS-65000715,,nanocalorie,ncal[th],CFIHOS-45000086,ENERGY,energy,,,,real,True,sha256:a69b98012d9e4a46495a3aed48eef8ce75a69d001eaa28b4c38cb0f3c921909d,CORE CFIHOS V2.0 CSV/CFIHOS CORE unit of measure v2.0.csv,792,source_reference_record,source_reference_record_unreviewed
CFIHOS-65000716,,nanoelectronvolt,neV,CFIHOS-45000086,ENERGY,energy,CFIHOS-60001649,SI,,real,True,sha256:a69b98012d9e4a46495a3aed48eef8ce75a69d001eaa28b4c38cb0f3c921909d,CORE CFIHOS V2.0 CSV/CFIHOS CORE unit of measure v2.0.csv,793,source_reference_record,source_reference_record_unreviewed
CFIHOS-65000717,,nanojoule,nJ,CFIHOS-45000086,ENERGY,energy,CFIHOS-60001649,SI,,real,True,sha256:a69b98012d9e4a46495a3aed48eef8ce75a69d001eaa28b4c38cb0f3c921909d,CORE CFIHOS V2.0 CSV/CFIHOS CORE unit of measure v2.0.csv,794,source_reference_record,source_reference_record_unreviewed
CFIHOS-65000718,,picocalorie,pcal[th],CFIHOS-45000086,ENERGY,energy,,,,real,True,sha256:a69b98012d9e4a46495a3aed48eef8ce75a69d001eaa28b4c38cb0f3c921909d,CORE CFIHOS V2.0 CSV/CFIHOS CORE unit of measure v2.0.csv,795,source_reference_record,source_reference_record_unreviewed
CFIHOS-65000719,,picoelectronvolt,peV,CFIHOS-45000086,ENERGY,energy,CFIHOS-60001649,SI,,real,True,sha256:a69b98012d9e4a46495a3aed48eef8ce75a69d001eaa28b4c38cb0f3c921909d,CORE CFIHOS V2.0 CSV/CFIHOS CORE unit of measure v2.0.csv,796,source_reference_record,source_reference_record_unreviewed
CFIHOS-65000720,,picojoule,pJ,CFIHOS-45000086,ENERGY,energy,CFIHOS-60001649,SI,,real,True,sha256:a69b98012d9e4a46495a3aed48eef8ce75a69d001eaa28b4c38cb0f3c921909d,CORE CFIHOS V2.0 CSV/CFIHOS CORE unit of measure v2.0.csv,797,source_reference_record,source_reference_record_unreviewed
CFIHOS-65000721,,million million calorie,Tcal[th],CFIHOS-45000086,ENERGY,energy,,,,real,True,sha256:a69b98012d9e4a46495a3aed48eef8ce75a69d001eaa28b4c38cb0f3c921909d,CORE CFIHOS V2.0 CSV/CFIHOS CORE unit of measure v2.0.csv,798,source_reference_record,source_reference_record_unreviewed
CFIHOS-65000722,,teraelectronvolt,TeV,CFIHOS-45000086,ENERGY,energy,CFIHOS-60001649,SI,,real,True,sha256:a69b98012d9e4a46495a3aed48eef8ce75a69d001eaa28b4c38cb0f3c921909d,CORE CFIHOS V2.0 CSV/CFIHOS CORE unit of measure v2.0.csv,799,source_reference_record,source_reference_record_unreviewed
CFIHOS-65000723,D30,terajoule,TJ,CFIHOS-45000086,ENERGY,energy,CFIHOS-60001649,SI,,real,True,sha256:a69b98012d9e4a46495a3aed48eef8ce75a69d001eaa28b4c38cb0f3c921909d,CORE CFIHOS V2.0 CSV/CFIHOS CORE unit of measure v2.0.csv,800,source_reference_record,source_reference_record_unreviewed
CFIHOS-65000724,,millionth of calorie,ucal[th],CFIHOS-45000086,ENERGY,energy,,,,real,True,sha256:a69b98012d9e4a46495a3aed48eef8ce75a69d001eaa28b4c38cb0f3c921909d,CORE CFIHOS V2.0 CSV/CFIHOS CORE unit of measure v2.0.csv,801,source_reference_record,source_reference_record_unreviewed
CFIHOS-65000725,,microelectronvolt,ueV,CFIHOS-45000086,ENERGY,energy,CFIHOS-60001649,SI,,real,True,sha256:a69b98012d9e4a46495a3aed48eef8ce75a69d001eaa28b4c38cb0f3c921909d,CORE CFIHOS V2.0 CSV/CFIHOS CORE unit of measure v2.0.csv,802,source_reference_record,source_reference_record_unreviewed
CFIHOS-65000726,,microjoule,uJ,CFIHOS-45000086,ENERGY,energy,CFIHOS-60001649,SI,,real,True,sha256:a69b98012d9e4a46495a3aed48eef8ce75a69d001eaa28b4c38cb0f3c921909d,CORE CFIHOS V2.0 CSV/CFIHOS CORE unit of measure v2.0.csv,803,source_reference_record,source_reference_record_unreviewed
CFIHOS-65000727,WTT,watt,W,CFIHOS-45000016;CFIHOS-45000101,POWER;HTFLOR,power;heat flow rate,CFIHOS-60001649,SI,,real,True,sha256:a69b98012d9e4a46495a3aed48eef8ce75a69d001eaa28b4c38cb0f3c921909d,CORE CFIHOS V2.0 CSV/CFIHOS CORE unit of measure v2.0.csv,804,source_reference_record,source_reference_record_unreviewed
CFIHOS-65000728,,horsepower,hp,CFIHOS-45000016,POWER,power,,,,real,True,sha256:a69b98012d9e4a46495a3aed48eef8ce75a69d001eaa28b4c38cb0f3c921909d,CORE CFIHOS V2.0 CSV/CFIHOS CORE unit of measure v2.0.csv,805,source_reference_record,source_reference_record_unreviewed
CFIHOS-65000729,,hydraulic-horsepower,hp[hyd],CFIHOS-45000016,POWER,power,,,,real,True,sha256:a69b98012d9e4a46495a3aed48eef8ce75a69d001eaa28b4c38cb0f3c921909d,CORE CFIHOS V2.0 CSV/CFIHOS CORE unit of measure v2.0.csv,806,source_reference_record,source_reference_record_unreviewed
CFIHOS-65000730,,ton-refrigeration,tonRefrig,CFIHOS-45000016,POWER,power,,,,real,True,sha256:a69b98012d9e4a46495a3aed48eef8ce75a69d001eaa28b4c38cb0f3c921909d,CORE CFIHOS V2.0 CSV/CFIHOS CORE unit of measure v2.0.csv,807,source_reference_record,source_reference_record_unreviewed
CFIHOS-65000731,P14,joule per second,J/s,CFIHOS-45000101,HTFLOR,heat flow rate,CFIHOS-60001649,SI,,real,True,sha256:a69b98012d9e4a46495a3aed48eef8ce75a69d001eaa28b4c38cb0f3c921909d,CORE CFIHOS V2.0 CSV/CFIHOS CORE unit of measure v2.0.csv,808,source_reference_record,source_reference_record_unreviewed
CFIHOS-65000732,,million BTU per hour,1E6 Btu[IT]/h,CFIHOS-45000101,HTFLOR,heat flow rate,,,,real,True,sha256:a69b98012d9e4a46495a3aed48eef8ce75a69d001eaa28b4c38cb0f3c921909d,CORE CFIHOS V2.0 CSV/CFIHOS CORE unit of measure v2.0.csv,809,source_reference_record,source_reference_record_unreviewed
CFIHOS-65000733,,BTU per hour,Btu[IT]/h,CFIHOS-45000101,HTFLOR,heat flow rate,,,,real,True,sha256:a69b98012d9e4a46495a3aed48eef8ce75a69d001eaa28b4c38cb0f3c921909d,CORE CFIHOS V2.0 CSV/CFIHOS CORE unit of measure v2.0.csv,810,source_reference_record,source_reference_record_unreviewed
CFIHOS-65000734,,BTU per minute,Btu[IT]/min,CFIHOS-45000101,HTFLOR,heat flow rate,,,,real,True,sha256:a69b98012d9e4a46495a3aed48eef8ce75a69d001eaa28b4c38cb0f3c921909d,CORE CFIHOS V2.0 CSV/CFIHOS CORE unit of measure v2.0.csv,811,source_reference_record,source_reference_record_unreviewed
CFIHOS-65000735,,BTU per second,Btu[IT]/s,CFIHOS-45000101,HTFLOR,heat flow rate,,,,real,True,sha256:a69b98012d9e4a46495a3aed48eef8ce75a69d001eaa28b4c38cb0f3c921909d,CORE CFIHOS V2.0 CSV/CFIHOS CORE unit of measure v2.0.csv,812,source_reference_record,source_reference_record_unreviewed
CFIHOS-65000736,,calorie per hour,cal[th]/h,CFIHOS-45000101,HTFLOR,heat flow rate,,,,real,True,sha256:a69b98012d9e4a46495a3aed48eef8ce75a69d001eaa28b4c38cb0f3c921909d,CORE CFIHOS V2.0 CSV/CFIHOS CORE unit of measure v2.0.csv,813,source_reference_record,source_reference_record_unreviewed
CFIHOS-65000737,,exajoule per julian-year,EJ/a,CFIHOS-45000101,HTFLOR,heat flow rate,,,,real,True,sha256:a69b98012d9e4a46495a3aed48eef8ce75a69d001eaa28b4c38cb0f3c921909d,CORE CFIHOS V2.0 CSV/CFIHOS CORE unit of measure v2.0.csv,814,source_reference_record,source_reference_record_unreviewed
CFIHOS-65000738,,erg per julian-year,erg/a,CFIHOS-45000101,HTFLOR,heat flow rate,,,,real,True,sha256:a69b98012d9e4a46495a3aed48eef8ce75a69d001eaa28b4c38cb0f3c921909d,CORE CFIHOS V2.0 CSV/CFIHOS CORE unit of measure v2.0.csv,815,source_reference_record,source_reference_record_unreviewed
CFIHOS-65000739,,thousand calorie per hour,kcal[th]/h,CFIHOS-45000101,HTFLOR,heat flow rate,,,,real,True,sha256:a69b98012d9e4a46495a3aed48eef8ce75a69d001eaa28b4c38cb0f3c921909d,CORE CFIHOS V2.0 CSV/CFIHOS CORE unit of measure v2.0.csv,816,source_reference_record,source_reference_record_unreviewed
CFIHOS-65000740,K16,foot pound-force per minute,lbf.ft/min,CFIHOS-45000101,HTFLOR,heat flow rate,,,,real,True,sha256:a69b98012d9e4a46495a3aed48eef8ce75a69d001eaa28b4c38cb0f3c921909d,CORE CFIHOS V2.0 CSV/CFIHOS CORE unit of measure v2.0.csv,817,source_reference_record,source_reference_record_unreviewed
CFIHOS-65000741,A74,foot pound-force per second,lbf.ft/s,CFIHOS-45000101,HTFLOR,heat flow rate,,,,real,True,sha256:a69b98012d9e4a46495a3aed48eef8ce75a69d001eaa28b4c38cb0f3c921909d,CORE CFIHOS V2.0 CSV/CFIHOS CORE unit of measure v2.0.csv,818,source_reference_record,source_reference_record_unreviewed
CFIHOS-65000742,,megajoule per julian-year,MJ/a,CFIHOS-45000101,HTFLOR,heat flow rate,,,,real,True,sha256:a69b98012d9e4a46495a3aed48eef8ce75a69d001eaa28b4c38cb0f3c921909d,CORE CFIHOS V2.0 CSV/CFIHOS CORE unit of measure v2.0.csv,819,source_reference_record,source_reference_record_unreviewed
CFIHOS-65000743,,quad per julian-year,quad/a,CFIHOS-45000101,HTFLOR,heat flow rate,,,,real,True,sha256:a69b98012d9e4a46495a3aed48eef8ce75a69d001eaa28b4c38cb0f3c921909d,CORE CFIHOS V2.0 CSV/CFIHOS CORE unit of measure v2.0.csv,820,source_reference_record,source_reference_record_unreviewed
CFIHOS-65000744,,terajoule per julian-year,TJ/a,CFIHOS-45000101,HTFLOR,heat flow rate,,,,real,True,sha256:a69b98012d9e4a46495a3aed48eef8ce75a69d001eaa28b4c38cb0f3c921909d,CORE CFIHOS V2.0 CSV/CFIHOS CORE unit of measure v2.0.csv,821,source_reference_record,source_reference_record_unreviewed
CFIHOS-65000745,,millionth of calorie per second,ucal[th]/s,CFIHOS-45000101,HTFLOR,heat flow rate,,,,real,True,sha256:a69b98012d9e4a46495a3aed48eef8ce75a69d001eaa28b4c38cb0f3c921909d,CORE CFIHOS V2.0 CSV/CFIHOS CORE unit of measure v2.0.csv,822,source_reference_record,source_reference_record_unreviewed
CFIHOS-65000746,,centiwatt,cW,CFIHOS-45000016,POWER,power,CFIHOS-60001649,SI,,real,True,sha256:a69b98012d9e4a46495a3aed48eef8ce75a69d001eaa28b4c38cb0f3c921909d,CORE CFIHOS V2.0 CSV/CFIHOS CORE unit of measure v2.0.csv,823,source_reference_record,source_reference_record_unreviewed
CFIHOS-65000747,,deciwatt,dW,CFIHOS-45000016,POWER,power,CFIHOS-60001649,SI,,real,True,sha256:a69b98012d9e4a46495a3aed48eef8ce75a69d001eaa28b4c38cb0f3c921909d,CORE CFIHOS V2.0 CSV/CFIHOS CORE unit of measure v2.0.csv,824,source_reference_record,source_reference_record_unreviewed
CFIHOS-65000748,,exawatt,EW,CFIHOS-45000016,POWER,power,CFIHOS-60001649,SI,,real,True,sha256:a69b98012d9e4a46495a3aed48eef8ce75a69d001eaa28b4c38cb0f3c921909d,CORE CFIHOS V2.0 CSV/CFIHOS CORE unit of measure v2.0.csv,825,source_reference_record,source_reference_record_unreviewed
CFIHOS-65000749,,femtowatt,fW,CFIHOS-45000016,POWER,power,CFIHOS-60001649,SI,,real,True,sha256:a69b98012d9e4a46495a3aed48eef8ce75a69d001eaa28b4c38cb0f3c921909d,CORE CFIHOS V2.0 CSV/CFIHOS CORE unit of measure v2.0.csv,826,source_reference_record,source_reference_record_unreviewed
CFIHOS-65000750,A90,gigawatt,GW,CFIHOS-45000016;CFIHOS-45000101,POWER;HTFLOR,power;heat flow rate,CFIHOS-60001649,SI,,real,True,sha256:a69b98012d9e4a46495a3aed48eef8ce75a69d001eaa28b4c38cb0f3c921909d,CORE CFIHOS V2.0 CSV/CFIHOS CORE unit of measure v2.0.csv,827,source_reference_record,source_reference_record_unreviewed
CFIHOS-65000751,C31,milliwatt,mW,CFIHOS-45000016;CFIHOS-45000101,POWER;HTFLOR,power;heat flow rate,CFIHOS-60001649,SI,,real,True,sha256:a69b98012d9e4a46495a3aed48eef8ce75a69d001eaa28b4c38cb0f3c921909d,CORE CFIHOS V2.0 CSV/CFIHOS CORE unit of measure v2.0.csv,828,source_reference_record,source_reference_record_unreviewed
CFIHOS-65000752,MAW,megawatt,MW,CFIHOS-45000016;CFIHOS-45000101,POWER;HTFLOR,power;heat flow rate,CFIHOS-60001649,SI,,real,True,sha256:a69b98012d9e4a46495a3aed48eef8ce75a69d001eaa28b4c38cb0f3c921909d,CORE CFIHOS V2.0 CSV/CFIHOS CORE unit of measure v2.0.csv,829,source_reference_record,source_reference_record_unreviewed
CFIHOS-65000753,C49,nanowatt,nW,CFIHOS-45000016;CFIHOS-45000101,POWER;HTFLOR,power;heat flow rate,CFIHOS-60001649,SI,,real,True,sha256:a69b98012d9e4a46495a3aed48eef8ce75a69d001eaa28b4c38cb0f3c921909d,CORE CFIHOS V2.0 CSV/CFIHOS CORE unit of measure v2.0.csv,830,source_reference_record,source_reference_record_unreviewed
CFIHOS-65000754,C75,picowatt,pW,CFIHOS-45000016,POWER,power,CFIHOS-60001649,SI,,real,True,sha256:a69b98012d9e4a46495a3aed48eef8ce75a69d001eaa28b4c38cb0f3c921909d,CORE CFIHOS V2.0 CSV/CFIHOS CORE unit of measure v2.0.csv,831,source_reference_record,source_reference_record_unreviewed
CFIHOS-65000755,D31,terawatt,TW,CFIHOS-45000016;CFIHOS-45000101,POWER;HTFLOR,power;heat flow rate,CFIHOS-60001649,SI,,real,True,sha256:a69b98012d9e4a46495a3aed48eef8ce75a69d001eaa28b4c38cb0f3c921909d,CORE CFIHOS V2.0 CSV/CFIHOS CORE unit of measure v2.0.csv,832,source_reference_record,source_reference_record_unreviewed
CFIHOS-65000756,D80,microwatt,uW,CFIHOS-45000016;CFIHOS-45000101,POWER;HTFLOR,power;heat flow rate,CFIHOS-60001649,SI,,real,True,sha256:a69b98012d9e4a46495a3aed48eef8ce75a69d001eaa28b4c38cb0f3c921909d,CORE CFIHOS V2.0 CSV/CFIHOS CORE unit of measure v2.0.csv,833,source_reference_record,source_reference_record_unreviewed
CFIHOS-65000757,M53,metre per Pascal,m/Pa,CFIHOS-45000106,LENPP,length per pressure,CFIHOS-60001649,SI,,real,True,sha256:a69b98012d9e4a46495a3aed48eef8ce75a69d001eaa28b4c38cb0f3c921909d,CORE CFIHOS V2.0 CSV/CFIHOS CORE unit of measure v2.0.csv,834,source_reference_record,source_reference_record_unreviewed
CFIHOS-65000758,K17,foot per psi,ft/psi,CFIHOS-45000106,LENPP,length per pressure,,,,real,True,sha256:a69b98012d9e4a46495a3aed48eef8ce75a69d001eaa28b4c38cb0f3c921909d,CORE CFIHOS V2.0 CSV/CFIHOS CORE unit of measure v2.0.csv,835,source_reference_record,source_reference_record_unreviewed
CFIHOS-65000759,,metre per kilopascal,m/kPa,CFIHOS-45000106,LENPP,length per pressure,CFIHOS-60001649,SI,,real,True,sha256:a69b98012d9e4a46495a3aed48eef8ce75a69d001eaa28b4c38cb0f3c921909d,CORE CFIHOS V2.0 CSV/CFIHOS CORE unit of measure v2.0.csv,836,source_reference_record,source_reference_record_unreviewed
CFIHOS-65000760,,barrel,bbl,CFIHOS-45000033,VOLUME,volume,,,,real,True,sha256:a69b98012d9e4a46495a3aed48eef8ce75a69d001eaa28b4c38cb0f3c921909d,CORE CFIHOS V2.0 CSV/CFIHOS CORE unit of measure v2.0.csv,837,source_reference_record,source_reference_record_unreviewed
CFIHOS-65000761,,UK fluid-ounce,floz[UK],CFIHOS-45000033,VOLUME,volume,,,,real,True,sha256:a69b98012d9e4a46495a3aed48eef8ce75a69d001eaa28b4c38cb0f3c921909d,CORE CFIHOS V2.0 CSV/CFIHOS CORE unit of measure v2.0.csv,838,source_reference_record,source_reference_record_unreviewed
CFIHOS-65000762,,US fluid-ounce,floz[US],CFIHOS-45000033,VOLUME,volume,,,,real,True,sha256:a69b98012d9e4a46495a3aed48eef8ce75a69d001eaa28b4c38cb0f3c921909d,CORE CFIHOS V2.0 CSV/CFIHOS CORE unit of measure v2.0.csv,839,source_reference_record,source_reference_record_unreviewed
CFIHOS-65000763,,UK gallon,gal[UK],CFIHOS-45000033,VOLUME,volume,,,,real,True,sha256:a69b98012d9e4a46495a3aed48eef8ce75a69d001eaa28b4c38cb0f3c921909d,CORE CFIHOS V2.0 CSV/CFIHOS CORE unit of measure v2.0.csv,840,source_reference_record,source_reference_record_unreviewed
CFIHOS-65000764,,US gallon,gal[US],CFIHOS-45000033,VOLUME,volume,,,,real,True,sha256:a69b98012d9e4a46495a3aed48eef8ce75a69d001eaa28b4c38cb0f3c921909d,CORE CFIHOS V2.0 CSV/CFIHOS CORE unit of measure v2.0.csv,841,source_reference_record,source_reference_record_unreviewed
CFIHOS-65000765,,UK pint,pt[UK],CFIHOS-45000033,VOLUME,volume,,,,real,True,sha256:a69b98012d9e4a46495a3aed48eef8ce75a69d001eaa28b4c38cb0f3c921909d,CORE CFIHOS V2.0 CSV/CFIHOS CORE unit of measure v2.0.csv,842,source_reference_record,source_reference_record_unreviewed
CFIHOS-65000766,,US pint,pt[US],CFIHOS-45000033,VOLUME,volume,,,,real,True,sha256:a69b98012d9e4a46495a3aed48eef8ce75a69d001eaa28b4c38cb0f3c921909d,CORE CFIHOS V2.0 CSV/CFIHOS CORE unit of measure v2.0.csv,843,source_reference_record,source_reference_record_unreviewed
CFIHOS-65000767,,UK quart,qt[UK],CFIHOS-45000033,VOLUME,volume,,,,real,True,sha256:a69b98012d9e4a46495a3aed48eef8ce75a69d001eaa28b4c38cb0f3c921909d,CORE CFIHOS V2.0 CSV/CFIHOS CORE unit of measure v2.0.csv,844,source_reference_record,source_reference_record_unreviewed
CFIHOS-65000768,,US quart,qt[US],CFIHOS-45000033,VOLUME,volume,,,,real,True,sha256:a69b98012d9e4a46495a3aed48eef8ce75a69d001eaa28b4c38cb0f3c921909d,CORE CFIHOS V2.0 CSV/CFIHOS CORE unit of measure v2.0.csv,845,source_reference_record,source_reference_record_unreviewed
CFIHOS-65000769,,teradarcy-API metre,TD[API].m,CFIHOS-45000141,PRMLEN,permeability length,CFIHOS-60001649,SI,,real,True,sha256:a69b98012d9e4a46495a3aed48eef8ce75a69d001eaa28b4c38cb0f3c921909d,CORE CFIHOS V2.0 CSV/CFIHOS CORE unit of measure v2.0.csv,846,source_reference_record,source_reference_record_unreviewed
CFIHOS-65000770,,thousand barrel,1000 bbl,CFIHOS-45000033,VOLUME,volume,,,,real,True,sha256:a69b98012d9e4a46495a3aed48eef8ce75a69d001eaa28b4c38cb0f3c921909d,CORE CFIHOS V2.0 CSV/CFIHOS CORE unit of measure v2.0.csv,847,source_reference_record,source_reference_record_unreviewed
CFIHOS-65000771,FC,thousand cubic foot,1000 ft3,CFIHOS-45000033,VOLUME,volume,,,,real,True,sha256:a69b98012d9e4a46495a3aed48eef8ce75a69d001eaa28b4c38cb0f3c921909d,CORE CFIHOS V2.0 CSV/CFIHOS CORE unit of measure v2.0.csv,848,source_reference_record,source_reference_record_unreviewed
CFIHOS-65000772,,thousand UK gallon,1000 gal[UK],CFIHOS-45000033,VOLUME,volume,,,,real,True,sha256:a69b98012d9e4a46495a3aed48eef8ce75a69d001eaa28b4c38cb0f3c921909d,CORE CFIHOS V2.0 CSV/CFIHOS CORE unit of measure v2.0.csv,849,source_reference_record,source_reference_record_unreviewed
CFIHOS-65000773,,thousand US gallon,1000 gal[US],CFIHOS-45000033,VOLUME,volume,,,,real,True,sha256:a69b98012d9e4a46495a3aed48eef8ce75a69d001eaa28b4c38cb0f3c921909d,CORE CFIHOS V2.0 CSV/CFIHOS CORE unit of measure v2.0.csv,850,source_reference_record,source_reference_record_unreviewed
CFIHOS-65000774,R9,thousand cubic metre,1000 m3,CFIHOS-45000033,VOLUME,volume,,,,real,True,sha256:a69b98012d9e4a46495a3aed48eef8ce75a69d001eaa28b4c38cb0f3c921909d,CORE CFIHOS V2.0 CSV/CFIHOS CORE unit of measure v2.0.csv,851,source_reference_record,source_reference_record_unreviewed
CFIHOS-65000775,,million million cubic foot,1E12 ft3,CFIHOS-45000033,VOLUME,volume,,,,real,True,sha256:a69b98012d9e4a46495a3aed48eef8ce75a69d001eaa28b4c38cb0f3c921909d,CORE CFIHOS V2.0 CSV/CFIHOS CORE unit of measure v2.0.csv,852,source_reference_record,source_reference_record_unreviewed
CFIHOS-65000776,,million barrel,1E6 bbl,CFIHOS-45000033,VOLUME,volume,,,,real,True,sha256:a69b98012d9e4a46495a3aed48eef8ce75a69d001eaa28b4c38cb0f3c921909d,CORE CFIHOS V2.0 CSV/CFIHOS CORE unit of measure v2.0.csv,853,source_reference_record,source_reference_record_unreviewed
CFIHOS-65000777,FM,million cubic foot,1E6 ft3,CFIHOS-45000033,VOLUME,volume,,,,real,True,sha256:a69b98012d9e4a46495a3aed48eef8ce75a69d001eaa28b4c38cb0f3c921909d,CORE CFIHOS V2.0 CSV/CFIHOS CORE unit of measure v2.0.csv,854,source_reference_record,source_reference_record_unreviewed
CFIHOS-65000778,,millionth of US gallon,1E-6 gal[US],CFIHOS-45000033,VOLUME,volume,,,,real,True,sha256:a69b98012d9e4a46495a3aed48eef8ce75a69d001eaa28b4c38cb0f3c921909d,CORE CFIHOS V2.0 CSV/CFIHOS CORE unit of measure v2.0.csv,855,source_reference_record,source_reference_record_unreviewed
CFIHOS-65000779,HMQ,million cubic metre,1E6 m3,CFIHOS-45000033,VOLUME,volume,,,,real,True,sha256:a69b98012d9e4a46495a3aed48eef8ce75a69d001eaa28b4c38cb0f3c921909d,CORE CFIHOS V2.0 CSV/CFIHOS CORE unit of measure v2.0.csv,856,source_reference_record,source_reference_record_unreviewed
CFIHOS-65000780,,thousand million barrel,1E9 bbl,CFIHOS-45000033,VOLUME,volume,,,,real,True,sha256:a69b98012d9e4a46495a3aed48eef8ce75a69d001eaa28b4c38cb0f3c921909d,CORE CFIHOS V2.0 CSV/CFIHOS CORE unit of measure v2.0.csv,857,source_reference_record,source_reference_record_unreviewed
CFIHOS-65000781,,thousand million cubic foot,1E9 ft3,CFIHOS-45000033,VOLUME,volume,,,,real,True,sha256:a69b98012d9e4a46495a3aed48eef8ce75a69d001eaa28b4c38cb0f3c921909d,CORE CFIHOS V2.0 CSV/CFIHOS CORE unit of measure v2.0.csv,858,source_reference_record,source_reference_record_unreviewed
CFIHOS-65000782,,acre foot,acre.ft,CFIHOS-45000033,VOLUME,volume,,,,real,True,sha256:a69b98012d9e4a46495a3aed48eef8ce75a69d001eaa28b4c38cb0f3c921909d,CORE CFIHOS V2.0 CSV/CFIHOS CORE unit of measure v2.0.csv,859,source_reference_record,source_reference_record_unreviewed
CFIHOS-65000783,CMQ,cubic centimetre,cm3,CFIHOS-45000033,VOLUME,volume,CFIHOS-60001649,SI,,real,True,sha256:a69b98012d9e4a46495a3aed48eef8ce75a69d001eaa28b4c38cb0f3c921909d,CORE CFIHOS V2.0 CSV/CFIHOS CORE unit of measure v2.0.csv,860,source_reference_record,source_reference_record_unreviewed
CFIHOS-65000784,DMQ,cubic decimetre,dm3,CFIHOS-45000033,VOLUME,volume,CFIHOS-60001649,SI,,real,True,sha256:a69b98012d9e4a46495a3aed48eef8ce75a69d001eaa28b4c38cb0f3c921909d,CORE CFIHOS V2.0 CSV/CFIHOS CORE unit of measure v2.0.csv,861,source_reference_record,source_reference_record_unreviewed
CFIHOS-65000785,,hectare metre,ha.m,CFIHOS-45000033,VOLUME,volume,CFIHOS-60001649,SI,,real,True,sha256:a69b98012d9e4a46495a3aed48eef8ce75a69d001eaa28b4c38cb0f3c921909d,CORE CFIHOS V2.0 CSV/CFIHOS CORE unit of measure v2.0.csv,862,source_reference_record,source_reference_record_unreviewed
CFIHOS-65000786,H20,cubic kilometre,km3,CFIHOS-45000033,VOLUME,volume,CFIHOS-60001649,SI,,real,True,sha256:a69b98012d9e4a46495a3aed48eef8ce75a69d001eaa28b4c38cb0f3c921909d,CORE CFIHOS V2.0 CSV/CFIHOS CORE unit of measure v2.0.csv,863,source_reference_record,source_reference_record_unreviewed
CFIHOS-65000787,MMQ,cubic millimetre,mm3,CFIHOS-45000033,VOLUME,volume,CFIHOS-60001649,SI,,real,True,sha256:a69b98012d9e4a46495a3aed48eef8ce75a69d001eaa28b4c38cb0f3c921909d,CORE CFIHOS V2.0 CSV/CFIHOS CORE unit of measure v2.0.csv,864,source_reference_record,source_reference_record_unreviewed
CFIHOS-65000788,,square micrometre metre,um2.m,CFIHOS-45000033,VOLUME,volume,CFIHOS-60001649,SI,,real,True,sha256:a69b98012d9e4a46495a3aed48eef8ce75a69d001eaa28b4c38cb0f3c921909d,CORE CFIHOS V2.0 CSV/CFIHOS CORE unit of measure v2.0.csv,865,source_reference_record,source_reference_record_unreviewed
CFIHOS-65000789,,darcy foot,D.ft,CFIHOS-45000141,PRMLEN,permeability length,,,,real,True,sha256:a69b98012d9e4a46495a3aed48eef8ce75a69d001eaa28b4c38cb0f3c921909d,CORE CFIHOS V2.0 CSV/CFIHOS CORE unit of measure v2.0.csv,866,source_reference_record,source_reference_record_unreviewed
CFIHOS-65000790,,darcy metre,D.m,CFIHOS-45000141,PRMLEN,permeability length,,,,real,True,sha256:a69b98012d9e4a46495a3aed48eef8ce75a69d001eaa28b4c38cb0f3c921909d,CORE CFIHOS V2.0 CSV/CFIHOS CORE unit of measure v2.0.csv,867,source_reference_record,source_reference_record_unreviewed
CFIHOS-65000791,,millidarcy foot,mD.ft,CFIHOS-45000141,PRMLEN,permeability length,,,,real,True,sha256:a69b98012d9e4a46495a3aed48eef8ce75a69d001eaa28b4c38cb0f3c921909d,CORE CFIHOS V2.0 CSV/CFIHOS CORE unit of measure v2.0.csv,868,source_reference_record,source_reference_record_unreviewed
CFIHOS-65000792,,millidarcy metre,mD.m,CFIHOS-45000141,PRMLEN,permeability length,,,,real,True,sha256:a69b98012d9e4a46495a3aed48eef8ce75a69d001eaa28b4c38cb0f3c921909d,CORE CFIHOS V2.0 CSV/CFIHOS CORE unit of measure v2.0.csv,869,source_reference_record,source_reference_record_unreviewed
CFIHOS-65000793,INQ,cubic inch,in3,CFIHOS-45000033,VOLUME,volume,,,,real,True,sha256:a69b98012d9e4a46495a3aed48eef8ce75a69d001eaa28b4c38cb0f3c921909d,CORE CFIHOS V2.0 CSV/CFIHOS CORE unit of measure v2.0.csv,870,source_reference_record,source_reference_record_unreviewed
CFIHOS-65000794,,cubic mile,mi3,CFIHOS-45000033,VOLUME,volume,,,,real,True,sha256:a69b98012d9e4a46495a3aed48eef8ce75a69d001eaa28b4c38cb0f3c921909d,CORE CFIHOS V2.0 CSV/CFIHOS CORE unit of measure v2.0.csv,871,source_reference_record,source_reference_record_unreviewed
CFIHOS-65000795,YDQ,cubic yard,yd3,CFIHOS-45000033,VOLUME,volume,,,,real,True,sha256:a69b98012d9e4a46495a3aed48eef8ce75a69d001eaa28b4c38cb0f3c921909d,CORE CFIHOS V2.0 CSV/CFIHOS CORE unit of measure v2.0.csv,872,source_reference_record,source_reference_record_unreviewed
CFIHOS-65000796,HLT,hectolitre,hL,CFIHOS-45000033,VOLUME,volume,CFIHOS-60001649,SI,,real,True,sha256:a69b98012d9e4a46495a3aed48eef8ce75a69d001eaa28b4c38cb0f3c921909d,CORE CFIHOS V2.0 CSV/CFIHOS CORE unit of measure v2.0.csv,873,source_reference_record,source_reference_record_unreviewed
CFIHOS-65000797,MLT,millilitre,mL,CFIHOS-45000033,VOLUME,volume,CFIHOS-60001649,SI,,real,True,sha256:a69b98012d9e4a46495a3aed48eef8ce75a69d001eaa28b4c38cb0f3c921909d,CORE CFIHOS V2.0 CSV/CFIHOS CORE unit of measure v2.0.csv,874,source_reference_record,source_reference_record_unreviewed
CFIHOS-65000798,,cubic metre per radian,m3/rad,CFIHOS-45000181,VPROT,volume per rotation,CFIHOS-60001649,SI,,real,True,sha256:a69b98012d9e4a46495a3aed48eef8ce75a69d001eaa28b4c38cb0f3c921909d,CORE CFIHOS V2.0 CSV/CFIHOS CORE unit of measure v2.0.csv,875,source_reference_record,source_reference_record_unreviewed
CFIHOS-65000799,,cubic foot per radian,ft3/rad,CFIHOS-45000181,VPROT,volume per rotation,,,,real,True,sha256:a69b98012d9e4a46495a3aed48eef8ce75a69d001eaa28b4c38cb0f3c921909d,CORE CFIHOS V2.0 CSV/CFIHOS CORE unit of measure v2.0.csv,876,source_reference_record,source_reference_record_unreviewed
CFIHOS-65000800,,cubic metre per revolution,m3/rev,CFIHOS-45000181,VPROT,volume per rotation,,,,real,True,sha256:a69b98012d9e4a46495a3aed48eef8ce75a69d001eaa28b4c38cb0f3c921909d,CORE CFIHOS V2.0 CSV/CFIHOS CORE unit of measure v2.0.csv,877,source_reference_record,source_reference_record_unreviewed
CFIHOS-65000801,A39,cubic metre per kilogram,m3/kg,CFIHOS-45000177,VOLPM,volume per mass,CFIHOS-60001649,SI,,real,True,sha256:a69b98012d9e4a46495a3aed48eef8ce75a69d001eaa28b4c38cb0f3c921909d,CORE CFIHOS V2.0 CSV/CFIHOS CORE unit of measure v2.0.csv,878,source_reference_record,source_reference_record_unreviewed
CFIHOS-65000802,,litre per hundred kilogram,0.01 L/kg,CFIHOS-45000177,VOLPM,volume per mass,,,,real,True,sha256:a69b98012d9e4a46495a3aed48eef8ce75a69d001eaa28b4c38cb0f3c921909d,CORE CFIHOS V2.0 CSV/CFIHOS CORE unit of measure v2.0.csv,879,source_reference_record,source_reference_record_unreviewed
CFIHOS-65000803,,barrel per UK ton-mass,bbl/ton[UK],CFIHOS-45000177,VOLPM,volume per mass,,,,real,True,sha256:a69b98012d9e4a46495a3aed48eef8ce75a69d001eaa28b4c38cb0f3c921909d,CORE CFIHOS V2.0 CSV/CFIHOS CORE unit of measure v2.0.csv,880,source_reference_record,source_reference_record_unreviewed
CFIHOS-65000804,,barrel per US ton-mass,bbl/ton[US],CFIHOS-45000177,VOLPM,volume per mass,,,,real,True,sha256:a69b98012d9e4a46495a3aed48eef8ce75a69d001eaa28b4c38cb0f3c921909d,CORE CFIHOS V2.0 CSV/CFIHOS CORE unit of measure v2.0.csv,881,source_reference_record,source_reference_record_unreviewed
CFIHOS-65000805,,cubic centimetre per gram,cm3/g,CFIHOS-45000177,VOLPM,volume per mass,CFIHOS-60001649,SI,,real,True,sha256:a69b98012d9e4a46495a3aed48eef8ce75a69d001eaa28b4c38cb0f3c921909d,CORE CFIHOS V2.0 CSV/CFIHOS CORE unit of measure v2.0.csv,882,source_reference_record,source_reference_record_unreviewed
CFIHOS-65000806,N28,cubic decimetre per kilogram,dm3/kg,CFIHOS-45000177,VOLPM,volume per mass,CFIHOS-60001649,SI,,real,True,sha256:a69b98012d9e4a46495a3aed48eef8ce75a69d001eaa28b4c38cb0f3c921909d,CORE CFIHOS V2.0 CSV/CFIHOS CORE unit of measure v2.0.csv,883,source_reference_record,source_reference_record_unreviewed
CFIHOS-65000807,,cubic decimetre per ton,dm3/t,CFIHOS-45000177,VOLPM,volume per mass,CFIHOS-60001649,SI,,real,True,sha256:a69b98012d9e4a46495a3aed48eef8ce75a69d001eaa28b4c38cb0f3c921909d,CORE CFIHOS V2.0 CSV/CFIHOS CORE unit of measure v2.0.csv,884,source_reference_record,source_reference_record_unreviewed
CFIHOS-65000808,,cubic foot per kilogram,ft3/kg,CFIHOS-45000177,VOLPM,volume per mass,,,,real,True,sha256:a69b98012d9e4a46495a3aed48eef8ce75a69d001eaa28b4c38cb0f3c921909d,CORE CFIHOS V2.0 CSV/CFIHOS CORE unit of measure v2.0.csv,885,source_reference_record,source_reference_record_unreviewed
CFIHOS-65000809,,cubic foot per pound-mass,ft3/lbm,CFIHOS-45000177,VOLPM,volume per mass,,,,real,True,sha256:a69b98012d9e4a46495a3aed48eef8ce75a69d001eaa28b4c38cb0f3c921909d,CORE CFIHOS V2.0 CSV/CFIHOS CORE unit of measure v2.0.csv,886,source_reference_record,source_reference_record_unreviewed
CFIHOS-65000810,,cubic foot per 94-pound-sack,ft3/sack[94lbm],CFIHOS-45000177,VOLPM,volume per mass,,,,real,True,sha256:a69b98012d9e4a46495a3aed48eef8ce75a69d001eaa28b4c38cb0f3c921909d,CORE CFIHOS V2.0 CSV/CFIHOS CORE unit of measure v2.0.csv,887,source_reference_record,source_reference_record_unreviewed
CFIHOS-65000811,,UK gallon per pound-mass,gal[UK]/lbm,CFIHOS-45000177,VOLPM,volume per mass,,,,real,True,sha256:a69b98012d9e4a46495a3aed48eef8ce75a69d001eaa28b4c38cb0f3c921909d,CORE CFIHOS V2.0 CSV/CFIHOS CORE unit of measure v2.0.csv,888,source_reference_record,source_reference_record_unreviewed
CFIHOS-65000812,,US gallon per pound-mass,gal[US]/lbm,CFIHOS-45000177,VOLPM,volume per mass,,,,real,True,sha256:a69b98012d9e4a46495a3aed48eef8ce75a69d001eaa28b4c38cb0f3c921909d,CORE CFIHOS V2.0 CSV/CFIHOS CORE unit of measure v2.0.csv,889,source_reference_record,source_reference_record_unreviewed
CFIHOS-65000813,,US gallon per 94-pound-sack,gal[US]/sack[94lbm],CFIHOS-45000177,VOLPM,volume per mass,,,,real,True,sha256:a69b98012d9e4a46495a3aed48eef8ce75a69d001eaa28b4c38cb0f3c921909d,CORE CFIHOS V2.0 CSV/CFIHOS CORE unit of measure v2.0.csv,890,source_reference_record,source_reference_record_unreviewed
CFIHOS-65000814,,US gallon per UK ton-mass,gal[US]/ton[UK],CFIHOS-45000177,VOLPM,volume per mass,,,,real,True,sha256:a69b98012d9e4a46495a3aed48eef8ce75a69d001eaa28b4c38cb0f3c921909d,CORE CFIHOS V2.0 CSV/CFIHOS CORE unit of measure v2.0.csv,891,source_reference_record,source_reference_record_unreviewed
CFIHOS-65000815,,US gallon per US ton-mass,gal[US]/ton[US],CFIHOS-45000177,VOLPM,volume per mass,,,,real,True,sha256:a69b98012d9e4a46495a3aed48eef8ce75a69d001eaa28b4c38cb0f3c921909d,CORE CFIHOS V2.0 CSV/CFIHOS CORE unit of measure v2.0.csv,892,source_reference_record,source_reference_record_unreviewed
CFIHOS-65000816,H83,litre per kilogram,L/kg,CFIHOS-45000177,VOLPM,volume per mass,CFIHOS-60001649,SI,,real,True,sha256:a69b98012d9e4a46495a3aed48eef8ce75a69d001eaa28b4c38cb0f3c921909d,CORE CFIHOS V2.0 CSV/CFIHOS CORE unit of measure v2.0.csv,893,source_reference_record,source_reference_record_unreviewed
CFIHOS-65000817,,litre per tonne,L/t,CFIHOS-45000177,VOLPM,volume per mass,CFIHOS-60001649,SI,,real,True,sha256:a69b98012d9e4a46495a3aed48eef8ce75a69d001eaa28b4c38cb0f3c921909d,CORE CFIHOS V2.0 CSV/CFIHOS CORE unit of measure v2.0.csv,894,source_reference_record,source_reference_record_unreviewed
CFIHOS-65000818,,litre per UK ton-mass,L/ton[UK],CFIHOS-45000177,VOLPM,volume per mass,,,,real,True,sha256:a69b98012d9e4a46495a3aed48eef8ce75a69d001eaa28b4c38cb0f3c921909d,CORE CFIHOS V2.0 CSV/CFIHOS CORE unit of measure v2.0.csv,895,source_reference_record,source_reference_record_unreviewed
CFIHOS-65000819,,cubic metre per gram,m3/g,CFIHOS-45000177,VOLPM,volume per mass,CFIHOS-60001649,SI,,real,True,sha256:a69b98012d9e4a46495a3aed48eef8ce75a69d001eaa28b4c38cb0f3c921909d,CORE CFIHOS V2.0 CSV/CFIHOS CORE unit of measure v2.0.csv,896,source_reference_record,source_reference_record_unreviewed
CFIHOS-65000820,,cubic metre per tonne,m3/t,CFIHOS-45000177,VOLPM,volume per mass,CFIHOS-60001649,SI,,real,True,sha256:a69b98012d9e4a46495a3aed48eef8ce75a69d001eaa28b4c38cb0f3c921909d,CORE CFIHOS V2.0 CSV/CFIHOS CORE unit of measure v2.0.csv,897,source_reference_record,source_reference_record_unreviewed
CFIHOS-65000821,,cubic metre per UK ton-mass,m3/ton[UK],CFIHOS-45000177,VOLPM,volume per mass,,,,real,True,sha256:a69b98012d9e4a46495a3aed48eef8ce75a69d001eaa28b4c38cb0f3c921909d,CORE CFIHOS V2.0 CSV/CFIHOS CORE unit of measure v2.0.csv,898,source_reference_record,source_reference_record_unreviewed
CFIHOS-65000822,,cubic metre per US ton-mass,m3/ton[US],CFIHOS-45000177,VOLPM,volume per mass,,,,real,True,sha256:a69b98012d9e4a46495a3aed48eef8ce75a69d001eaa28b4c38cb0f3c921909d,CORE CFIHOS V2.0 CSV/CFIHOS CORE unit of measure v2.0.csv,899,source_reference_record,source_reference_record_unreviewed
CFIHOS-65000823,,cubic metre per gram-mole,m3/mol,CFIHOS-45000180,VPMOL,molar volume,CFIHOS-60001649,SI,,real,True,sha256:a69b98012d9e4a46495a3aed48eef8ce75a69d001eaa28b4c38cb0f3c921909d,CORE CFIHOS V2.0 CSV/CFIHOS CORE unit of measure v2.0.csv,900,source_reference_record,source_reference_record_unreviewed
CFIHOS-65000824,,cubic decimetre per kilogram-mole,dm3/kmol,CFIHOS-45000180,VPMOL,molar volume,CFIHOS-60001649,SI,,real,True,sha256:a69b98012d9e4a46495a3aed48eef8ce75a69d001eaa28b4c38cb0f3c921909d,CORE CFIHOS V2.0 CSV/CFIHOS CORE unit of measure v2.0.csv,901,source_reference_record,source_reference_record_unreviewed
CFIHOS-65000825,,cubic foot per pound-mass-mole,ft3/lbmol,CFIHOS-45000180,VPMOL,molar volume,,,,real,True,sha256:a69b98012d9e4a46495a3aed48eef8ce75a69d001eaa28b4c38cb0f3c921909d,CORE CFIHOS V2.0 CSV/CFIHOS CORE unit of measure v2.0.csv,902,source_reference_record,source_reference_record_unreviewed
CFIHOS-65000826,,litre per kilogram-mole,L/kmol,CFIHOS-45000180,VPMOL,molar volume,CFIHOS-60001649,SI,,real,True,sha256:a69b98012d9e4a46495a3aed48eef8ce75a69d001eaa28b4c38cb0f3c921909d,CORE CFIHOS V2.0 CSV/CFIHOS CORE unit of measure v2.0.csv,903,source_reference_record,source_reference_record_unreviewed
CFIHOS-65000827,,litre per gram-mole,L/mol,CFIHOS-45000180,VPMOL,molar volume,CFIHOS-60001649,SI,,real,True,sha256:a69b98012d9e4a46495a3aed48eef8ce75a69d001eaa28b4c38cb0f3c921909d,CORE CFIHOS V2.0 CSV/CFIHOS CORE unit of measure v2.0.csv,904,source_reference_record,source_reference_record_unreviewed
CFIHOS-65000828,,cubic metre per kilogram-mole,m3/kmol,CFIHOS-45000180,VPMOL,molar volume,CFIHOS-60001649,SI,,real,True,sha256:a69b98012d9e4a46495a3aed48eef8ce75a69d001eaa28b4c38cb0f3c921909d,CORE CFIHOS V2.0 CSV/CFIHOS CORE unit of measure v2.0.csv,905,source_reference_record,source_reference_record_unreviewed
CFIHOS-65000829,,cubic centimetre per thirty minute,1/30 cm3/min,CFIHOS-45000034,VOLFLO,volume flow rate,,,,real,True,sha256:a69b98012d9e4a46495a3aed48eef8ce75a69d001eaa28b4c38cb0f3c921909d,CORE CFIHOS V2.0 CSV/CFIHOS CORE unit of measure v2.0.csv,906,source_reference_record,source_reference_record_unreviewed
CFIHOS-65000830,,thousand barrel per day,1000 bbl/d,CFIHOS-45000034,VOLFLO,volume flow rate,,,,real,True,sha256:a69b98012d9e4a46495a3aed48eef8ce75a69d001eaa28b4c38cb0f3c921909d,CORE CFIHOS V2.0 CSV/CFIHOS CORE unit of measure v2.0.csv,907,source_reference_record,source_reference_record_unreviewed
CFIHOS-65000831,F1,thousand cubic foot per day,1000 ft3/d,CFIHOS-45000034,VOLFLO,volume flow rate,,,,real,True,sha256:a69b98012d9e4a46495a3aed48eef8ce75a69d001eaa28b4c38cb0f3c921909d,CORE CFIHOS V2.0 CSV/CFIHOS CORE unit of measure v2.0.csv,908,source_reference_record,source_reference_record_unreviewed
CFIHOS-65000832,TQD,thousand cubic metre per day,1000 m3/d,CFIHOS-45000034,VOLFLO,volume flow rate,,,,real,True,sha256:a69b98012d9e4a46495a3aed48eef8ce75a69d001eaa28b4c38cb0f3c921909d,CORE CFIHOS V2.0 CSV/CFIHOS CORE unit of measure v2.0.csv,909,source_reference_record,source_reference_record_unreviewed
CFIHOS-65000833,,thousand cubic metre per hour,1000 m3/h,CFIHOS-45000034,VOLFLO,volume flow rate,,,,real,True,sha256:a69b98012d9e4a46495a3aed48eef8ce75a69d001eaa28b4c38cb0f3c921909d,CORE CFIHOS V2.0 CSV/CFIHOS CORE unit of measure v2.0.csv,910,source_reference_record,source_reference_record_unreviewed
CFIHOS-65000834,,million barrel per day,1E6 bbl/d,CFIHOS-45000034,VOLFLO,volume flow rate,,,,real,True,sha256:a69b98012d9e4a46495a3aed48eef8ce75a69d001eaa28b4c38cb0f3c921909d,CORE CFIHOS V2.0 CSV/CFIHOS CORE unit of measure v2.0.csv,911,source_reference_record,source_reference_record_unreviewed
CFIHOS-65000835,,million cubic foot per day,1E6 ft3/d,CFIHOS-45000034,VOLFLO,volume flow rate,,,,real,True,sha256:a69b98012d9e4a46495a3aed48eef8ce75a69d001eaa28b4c38cb0f3c921909d,CORE CFIHOS V2.0 CSV/CFIHOS CORE unit of measure v2.0.csv,912,source_reference_record,source_reference_record_unreviewed
CFIHOS-65000836,,million cubic metre per day,1E6 m3/d,CFIHOS-45000034,VOLFLO,volume flow rate,,,,real,True,sha256:a69b98012d9e4a46495a3aed48eef8ce75a69d001eaa28b4c38cb0f3c921909d,CORE CFIHOS V2.0 CSV/CFIHOS CORE unit of measure v2.0.csv,913,source_reference_record,source_reference_record_unreviewed
CFIHOS-65000837,,barrel per day,bbl/d,CFIHOS-45000034,VOLFLO,volume flow rate,,,,real,True,sha256:a69b98012d9e4a46495a3aed48eef8ce75a69d001eaa28b4c38cb0f3c921909d,CORE CFIHOS V2.0 CSV/CFIHOS CORE unit of measure v2.0.csv,914,source_reference_record,source_reference_record_unreviewed
CFIHOS-65000838,,barrel per hour,bbl/h,CFIHOS-45000034,VOLFLO,volume flow rate,,,,real,True,sha256:a69b98012d9e4a46495a3aed48eef8ce75a69d001eaa28b4c38cb0f3c921909d,CORE CFIHOS V2.0 CSV/CFIHOS CORE unit of measure v2.0.csv,915,source_reference_record,source_reference_record_unreviewed
CFIHOS-65000839,,barrel per minute,bbl/min,CFIHOS-45000034,VOLFLO,volume flow rate,,,,real,True,sha256:a69b98012d9e4a46495a3aed48eef8ce75a69d001eaa28b4c38cb0f3c921909d,CORE CFIHOS V2.0 CSV/CFIHOS CORE unit of measure v2.0.csv,916,source_reference_record,source_reference_record_unreviewed
CFIHOS-65000840,G48,cubic centimetre per hour,cm3/h,CFIHOS-45000034,VOLFLO,volume flow rate,CFIHOS-60001649,SI,,real,True,sha256:a69b98012d9e4a46495a3aed48eef8ce75a69d001eaa28b4c38cb0f3c921909d,CORE CFIHOS V2.0 CSV/CFIHOS CORE unit of measure v2.0.csv,917,source_reference_record,source_reference_record_unreviewed
CFIHOS-65000841,G49,cubic centimetre per minute,cm3/min,CFIHOS-45000034,VOLFLO,volume flow rate,CFIHOS-60001649,SI,,real,True,sha256:a69b98012d9e4a46495a3aed48eef8ce75a69d001eaa28b4c38cb0f3c921909d,CORE CFIHOS V2.0 CSV/CFIHOS CORE unit of measure v2.0.csv,918,source_reference_record,source_reference_record_unreviewed
CFIHOS-65000842,2J,cubic centimetre per second,cm3/s,CFIHOS-45000034,VOLFLO,volume flow rate,CFIHOS-60001649,SI,,real,True,sha256:a69b98012d9e4a46495a3aed48eef8ce75a69d001eaa28b4c38cb0f3c921909d,CORE CFIHOS V2.0 CSV/CFIHOS CORE unit of measure v2.0.csv,919,source_reference_record,source_reference_record_unreviewed
CFIHOS-65000843,J93,cubic decimetre per second,dm3/s,CFIHOS-45000034,VOLFLO,volume flow rate,CFIHOS-60001649,SI,,real,True,sha256:a69b98012d9e4a46495a3aed48eef8ce75a69d001eaa28b4c38cb0f3c921909d,CORE CFIHOS V2.0 CSV/CFIHOS CORE unit of measure v2.0.csv,920,source_reference_record,source_reference_record_unreviewed
CFIHOS-65000844,K22,cubic foot per day,ft3/d,CFIHOS-45000034,VOLFLO,volume flow rate,,,,real,True,sha256:a69b98012d9e4a46495a3aed48eef8ce75a69d001eaa28b4c38cb0f3c921909d,CORE CFIHOS V2.0 CSV/CFIHOS CORE unit of measure v2.0.csv,921,source_reference_record,source_reference_record_unreviewed
CFIHOS-65000845,2L,cubic foot per minute,ft3/min,CFIHOS-45000034,VOLFLO,volume flow rate,,,,real,True,sha256:a69b98012d9e4a46495a3aed48eef8ce75a69d001eaa28b4c38cb0f3c921909d,CORE CFIHOS V2.0 CSV/CFIHOS CORE unit of measure v2.0.csv,922,source_reference_record,source_reference_record_unreviewed
CFIHOS-65000846,E17,cubic foot per second,ft3/s,CFIHOS-45000034,VOLFLO,volume flow rate,,,,real,True,sha256:a69b98012d9e4a46495a3aed48eef8ce75a69d001eaa28b4c38cb0f3c921909d,CORE CFIHOS V2.0 CSV/CFIHOS CORE unit of measure v2.0.csv,923,source_reference_record,source_reference_record_unreviewed
CFIHOS-65000847,,UK gallon per day,gal[UK]/d,CFIHOS-45000034,VOLFLO,volume flow rate,,,,real,True,sha256:a69b98012d9e4a46495a3aed48eef8ce75a69d001eaa28b4c38cb0f3c921909d,CORE CFIHOS V2.0 CSV/CFIHOS CORE unit of measure v2.0.csv,924,source_reference_record,source_reference_record_unreviewed
CFIHOS-65000848,,UK gallon per hour,gal[UK]/h,CFIHOS-45000034,VOLFLO,volume flow rate,,,,real,True,sha256:a69b98012d9e4a46495a3aed48eef8ce75a69d001eaa28b4c38cb0f3c921909d,CORE CFIHOS V2.0 CSV/CFIHOS CORE unit of measure v2.0.csv,925,source_reference_record,source_reference_record_unreviewed
CFIHOS-65000849,,UK gallon per minute,gal[UK]/min,CFIHOS-45000034,VOLFLO,volume flow rate,,,,real,True,sha256:a69b98012d9e4a46495a3aed48eef8ce75a69d001eaa28b4c38cb0f3c921909d,CORE CFIHOS V2.0 CSV/CFIHOS CORE unit of measure v2.0.csv,926,source_reference_record,source_reference_record_unreviewed
CFIHOS-65000850,,US gallon per day,gal[US]/d,CFIHOS-45000034,VOLFLO,volume flow rate,,,,real,True,sha256:a69b98012d9e4a46495a3aed48eef8ce75a69d001eaa28b4c38cb0f3c921909d,CORE CFIHOS V2.0 CSV/CFIHOS CORE unit of measure v2.0.csv,927,source_reference_record,source_reference_record_unreviewed
CFIHOS-65000851,,US gallon per hour,gal[US]/h,CFIHOS-45000034,VOLFLO,volume flow rate,,,,real,True,sha256:a69b98012d9e4a46495a3aed48eef8ce75a69d001eaa28b4c38cb0f3c921909d,CORE CFIHOS V2.0 CSV/CFIHOS CORE unit of measure v2.0.csv,928,source_reference_record,source_reference_record_unreviewed
CFIHOS-65000852,G52,cubic metre per day,m3/d,CFIHOS-45000034,VOLFLO,volume flow rate,CFIHOS-60001649,SI,,real,True,sha256:a69b98012d9e4a46495a3aed48eef8ce75a69d001eaa28b4c38cb0f3c921909d,CORE CFIHOS V2.0 CSV/CFIHOS CORE unit of measure v2.0.csv,929,source_reference_record,source_reference_record_unreviewed
CFIHOS-65000853,G53,cubic metre per minute,m3/min,CFIHOS-45000034,VOLFLO,volume flow rate,CFIHOS-60001649,SI,,real,True,sha256:a69b98012d9e4a46495a3aed48eef8ce75a69d001eaa28b4c38cb0f3c921909d,CORE CFIHOS V2.0 CSV/CFIHOS CORE unit of measure v2.0.csv,930,source_reference_record,source_reference_record_unreviewed
CFIHOS-65000854,,cubic metre per second squared,m3/s2,CFIHOS-45000187,VPTPT,(volume per time) per time,CFIHOS-60001649,SI,,real,True,sha256:a69b98012d9e4a46495a3aed48eef8ce75a69d001eaa28b4c38cb0f3c921909d,CORE CFIHOS V2.0 CSV/CFIHOS CORE unit of measure v2.0.csv,931,source_reference_record,source_reference_record_unreviewed
CFIHOS-65000855,,(barrel per day) per day,bbl/d2,CFIHOS-45000187,VPTPT,(volume per time) per time,,,,real,True,sha256:a69b98012d9e4a46495a3aed48eef8ce75a69d001eaa28b4c38cb0f3c921909d,CORE CFIHOS V2.0 CSV/CFIHOS CORE unit of measure v2.0.csv,932,source_reference_record,source_reference_record_unreviewed
CFIHOS-65000856,,(barrel per hour) per hour,bbl/h2,CFIHOS-45000187,VPTPT,(volume per time) per time,,,,real,True,sha256:a69b98012d9e4a46495a3aed48eef8ce75a69d001eaa28b4c38cb0f3c921909d,CORE CFIHOS V2.0 CSV/CFIHOS CORE unit of measure v2.0.csv,933,source_reference_record,source_reference_record_unreviewed
CFIHOS-65000857,,(cubic decimetre per second) per second,dm3/s2,CFIHOS-45000187,VPTPT,(volume per time) per time,CFIHOS-60001649,SI,,real,True,sha256:a69b98012d9e4a46495a3aed48eef8ce75a69d001eaa28b4c38cb0f3c921909d,CORE CFIHOS V2.0 CSV/CFIHOS CORE unit of measure v2.0.csv,934,source_reference_record,source_reference_record_unreviewed
CFIHOS-65000858,,(cubic foot per day) per day,ft3/d2,CFIHOS-45000187,VPTPT,(volume per time) per time,,,,real,True,sha256:a69b98012d9e4a46495a3aed48eef8ce75a69d001eaa28b4c38cb0f3c921909d,CORE CFIHOS V2.0 CSV/CFIHOS CORE unit of measure v2.0.csv,935,source_reference_record,source_reference_record_unreviewed
CFIHOS-65000859,,(cubic foot per hour) per hour,ft3/h2,CFIHOS-45000187,VPTPT,(volume per time) per time,,,,real,True,sha256:a69b98012d9e4a46495a3aed48eef8ce75a69d001eaa28b4c38cb0f3c921909d,CORE CFIHOS V2.0 CSV/CFIHOS CORE unit of measure v2.0.csv,936,source_reference_record,source_reference_record_unreviewed
CFIHOS-65000860,,(cubic foot per minute) per minute,ft3/min2,CFIHOS-45000187,VPTPT,(volume per time) per time,,,,real,True,sha256:a69b98012d9e4a46495a3aed48eef8ce75a69d001eaa28b4c38cb0f3c921909d,CORE CFIHOS V2.0 CSV/CFIHOS CORE unit of measure v2.0.csv,937,source_reference_record,source_reference_record_unreviewed
CFIHOS-65000861,,(cubic foot per second) per second,ft3/s2,CFIHOS-45000187,VPTPT,(volume per time) per time,,,,real,True,sha256:a69b98012d9e4a46495a3aed48eef8ce75a69d001eaa28b4c38cb0f3c921909d,CORE CFIHOS V2.0 CSV/CFIHOS CORE unit of measure v2.0.csv,938,source_reference_record,source_reference_record_unreviewed
CFIHOS-65000862,,(UK gallon per hour) per hour,gal[UK]/h2,CFIHOS-45000187,VPTPT,(volume per time) per time,,,,real,True,sha256:a69b98012d9e4a46495a3aed48eef8ce75a69d001eaa28b4c38cb0f3c921909d,CORE CFIHOS V2.0 CSV/CFIHOS CORE unit of measure v2.0.csv,939,source_reference_record,source_reference_record_unreviewed
CFIHOS-65000863,,(UK gallon per minute) per minute,gal[UK]/min2,CFIHOS-45000187,VPTPT,(volume per time) per time,,,,real,True,sha256:a69b98012d9e4a46495a3aed48eef8ce75a69d001eaa28b4c38cb0f3c921909d,CORE CFIHOS V2.0 CSV/CFIHOS CORE unit of measure v2.0.csv,940,source_reference_record,source_reference_record_unreviewed
CFIHOS-65000864,,(US gallon per hour) per hour,gal[US]/h2,CFIHOS-45000187,VPTPT,(volume per time) per time,,,,real,True,sha256:a69b98012d9e4a46495a3aed48eef8ce75a69d001eaa28b4c38cb0f3c921909d,CORE CFIHOS V2.0 CSV/CFIHOS CORE unit of measure v2.0.csv,941,source_reference_record,source_reference_record_unreviewed
CFIHOS-65000865,,(US gallon per minute) per minute,gal[US]/min2,CFIHOS-45000187,VPTPT,(volume per time) per time,,,,real,True,sha256:a69b98012d9e4a46495a3aed48eef8ce75a69d001eaa28b4c38cb0f3c921909d,CORE CFIHOS V2.0 CSV/CFIHOS CORE unit of measure v2.0.csv,942,source_reference_record,source_reference_record_unreviewed
CFIHOS-65000866,,(litre per second) per second,L/s2,CFIHOS-45000187,VPTPT,(volume per time) per time,CFIHOS-60001649,SI,,real,True,sha256:a69b98012d9e4a46495a3aed48eef8ce75a69d001eaa28b4c38cb0f3c921909d,CORE CFIHOS V2.0 CSV/CFIHOS CORE unit of measure v2.0.csv,943,source_reference_record,source_reference_record_unreviewed
CFIHOS-65000867,,(cubic metre per day) per day,m3/d2,CFIHOS-45000187,VPTPT,(volume per time) per time,CFIHOS-60001649,SI,,real,True,sha256:a69b98012d9e4a46495a3aed48eef8ce75a69d001eaa28b4c38cb0f3c921909d,CORE CFIHOS V2.0 CSV/CFIHOS CORE unit of measure v2.0.csv,944,source_reference_record,source_reference_record_unreviewed
CFIHOS-65000868,C61,ohm metre,ohm.m,CFIHOS-45000084,ELRES,electrical resistivity,CFIHOS-60001649,SI,,real,True,sha256:a69b98012d9e4a46495a3aed48eef8ce75a69d001eaa28b4c38cb0f3c921909d,CORE CFIHOS V2.0 CSV/CFIHOS CORE unit of measure v2.0.csv,945,source_reference_record,source_reference_record_unreviewed
CFIHOS-65000869,B50,kiloohm metre,kohm.m,CFIHOS-45000084,ELRES,electrical resistivity,CFIHOS-60001649,SI,,real,True,sha256:a69b98012d9e4a46495a3aed48eef8ce75a69d001eaa28b4c38cb0f3c921909d,CORE CFIHOS V2.0 CSV/CFIHOS CORE unit of measure v2.0.csv,946,source_reference_record,source_reference_record_unreviewed
CFIHOS-65000870,,nanoohm square mil per foot,nohm.mil2/ft,CFIHOS-45000084,ELRES,electrical resistivity,,,,real,True,sha256:a69b98012d9e4a46495a3aed48eef8ce75a69d001eaa28b4c38cb0f3c921909d,CORE CFIHOS V2.0 CSV/CFIHOS CORE unit of measure v2.0.csv,947,source_reference_record,source_reference_record_unreviewed
CFIHOS-65000871,,nanoohm square milimetre per metre,nohm.mm2/m,CFIHOS-45000084,ELRES,electrical resistivity,CFIHOS-60001649,SI,,real,True,sha256:a69b98012d9e4a46495a3aed48eef8ce75a69d001eaa28b4c38cb0f3c921909d,CORE CFIHOS V2.0 CSV/CFIHOS CORE unit of measure v2.0.csv,948,source_reference_record,source_reference_record_unreviewed
CFIHOS-65000872,C60,ohm centimetre,ohm.cm,CFIHOS-45000084,ELRES,electrical resistivity,CFIHOS-60001649,SI,,real,True,sha256:a69b98012d9e4a46495a3aed48eef8ce75a69d001eaa28b4c38cb0f3c921909d,CORE CFIHOS V2.0 CSV/CFIHOS CORE unit of measure v2.0.csv,949,source_reference_record,source_reference_record_unreviewed
CFIHOS-65000873,,ohm square metre per metre,ohm.m2/m,CFIHOS-45000084,ELRES,electrical resistivity,CFIHOS-60001649,SI,,real,True,sha256:a69b98012d9e4a46495a3aed48eef8ce75a69d001eaa28b4c38cb0f3c921909d,CORE CFIHOS V2.0 CSV/CFIHOS CORE unit of measure v2.0.csv,950,source_reference_record,source_reference_record_unreviewed
CFIHOS-65000874,P50,weber metre,Wb.m,CFIHOS-45000118,MAGDIM,magnetic dipole moment,CFIHOS-60001649,SI,,real,True,sha256:a69b98012d9e4a46495a3aed48eef8ce75a69d001eaa28b4c38cb0f3c921909d,CORE CFIHOS V2.0 CSV/CFIHOS CORE unit of measure v2.0.csv,951,source_reference_record,source_reference_record_unreviewed
CFIHOS-65000875,,newton square metre,N.m2,CFIHOS-45000093,FORCA,force area,CFIHOS-60001649,SI,,real,True,sha256:a69b98012d9e4a46495a3aed48eef8ce75a69d001eaa28b4c38cb0f3c921909d,CORE CFIHOS V2.0 CSV/CFIHOS CORE unit of measure v2.0.csv,952,source_reference_record,source_reference_record_unreviewed
CFIHOS-65000876,,dyne square centimetre,dyne.cm2,CFIHOS-45000093,FORCA,force area,,,,real,True,sha256:a69b98012d9e4a46495a3aed48eef8ce75a69d001eaa28b4c38cb0f3c921909d,CORE CFIHOS V2.0 CSV/CFIHOS CORE unit of measure v2.0.csv,953,source_reference_record,source_reference_record_unreviewed
CFIHOS-65000877,,thousand gram-force square metre,kgf.m2,CFIHOS-45000093,FORCA,force area,,,,real,True,sha256:a69b98012d9e4a46495a3aed48eef8ce75a69d001eaa28b4c38cb0f3c921909d,CORE CFIHOS V2.0 CSV/CFIHOS CORE unit of measure v2.0.csv,954,source_reference_record,source_reference_record_unreviewed
CFIHOS-65000878,,kilonewton square metre,kN.m2,CFIHOS-45000093,FORCA,force area,CFIHOS-60001649,SI,,real,True,sha256:a69b98012d9e4a46495a3aed48eef8ce75a69d001eaa28b4c38cb0f3c921909d,CORE CFIHOS V2.0 CSV/CFIHOS CORE unit of measure v2.0.csv,955,source_reference_record,source_reference_record_unreviewed
CFIHOS-65000879,,pound-force square inch,lbf.in2,CFIHOS-45000093,FORCA,force area,,,,real,True,sha256:a69b98012d9e4a46495a3aed48eef8ce75a69d001eaa28b4c38cb0f3c921909d,CORE CFIHOS V2.0 CSV/CFIHOS CORE unit of measure v2.0.csv,956,source_reference_record,source_reference_record_unreviewed
CFIHOS-65000880,,millinewton square metre,mN.m2,CFIHOS-45000093,FORCA,force area,CFIHOS-60001649,SI,,real,True,sha256:a69b98012d9e4a46495a3aed48eef8ce75a69d001eaa28b4c38cb0f3c921909d,CORE CFIHOS V2.0 CSV/CFIHOS CORE unit of measure v2.0.csv,957,source_reference_record,source_reference_record_unreviewed
CFIHOS-65000881,,poundal square centimetre,pdl.cm2,CFIHOS-45000093,FORCA,force area,,,,real,True,sha256:a69b98012d9e4a46495a3aed48eef8ce75a69d001eaa28b4c38cb0f3c921909d,CORE CFIHOS V2.0 CSV/CFIHOS CORE unit of measure v2.0.csv,958,source_reference_record,source_reference_record_unreviewed
CFIHOS-65000882,,UK ton-force square foot,tonf[UK].ft2,CFIHOS-45000093,FORCA,force area,,,,real,True,sha256:a69b98012d9e4a46495a3aed48eef8ce75a69d001eaa28b4c38cb0f3c921909d,CORE CFIHOS V2.0 CSV/CFIHOS CORE unit of measure v2.0.csv,959,source_reference_record,source_reference_record_unreviewed
CFIHOS-65000883,,US ton-force square foot,tonf[US].ft2,CFIHOS-45000093,FORCA,force area,,,,real,True,sha256:a69b98012d9e4a46495a3aed48eef8ce75a69d001eaa28b4c38cb0f3c921909d,CORE CFIHOS V2.0 CSV/CFIHOS CORE unit of measure v2.0.csv,960,source_reference_record,source_reference_record_unreviewed
CFIHOS-65000884,,square metre per pascal second,m2/(Pa.s),CFIHOS-45000185,VPTPL,(volume per time) per (pressure length),CFIHOS-60001649,SI,,real,True,sha256:a69b98012d9e4a46495a3aed48eef8ce75a69d001eaa28b4c38cb0f3c921909d,CORE CFIHOS V2.0 CSV/CFIHOS CORE unit of measure v2.0.csv,961,source_reference_record,source_reference_record_unreviewed
CFIHOS-65000885,,teradarcy-API per pascal second,TD[API]/(Pa.s),CFIHOS-45000128,MOBIL,mobility,CFIHOS-60001649,SI,,real,True,sha256:a69b98012d9e4a46495a3aed48eef8ce75a69d001eaa28b4c38cb0f3c921909d,CORE CFIHOS V2.0 CSV/CFIHOS CORE unit of measure v2.0.csv,962,source_reference_record,source_reference_record_unreviewed
CFIHOS-65000886,,barrel per day foot psi,bbl/(ft.psi.d),CFIHOS-45000185,VPTPL,(volume per time) per (pressure length),,,,real,True,sha256:a69b98012d9e4a46495a3aed48eef8ce75a69d001eaa28b4c38cb0f3c921909d,CORE CFIHOS V2.0 CSV/CFIHOS CORE unit of measure v2.0.csv,963,source_reference_record,source_reference_record_unreviewed
CFIHOS-65000887,,cubic foot per day foot psi,ft3/(ft.psi.d),CFIHOS-45000185,VPTPL,(volume per time) per (pressure length),,,,real,True,sha256:a69b98012d9e4a46495a3aed48eef8ce75a69d001eaa28b4c38cb0f3c921909d,CORE CFIHOS V2.0 CSV/CFIHOS CORE unit of measure v2.0.csv,964,source_reference_record,source_reference_record_unreviewed
CFIHOS-65000888,,square metre per kilopascal day,m2/(kPa.d),CFIHOS-45000185,VPTPL,(volume per time) per (pressure length),CFIHOS-60001649,SI,,real,True,sha256:a69b98012d9e4a46495a3aed48eef8ce75a69d001eaa28b4c38cb0f3c921909d,CORE CFIHOS V2.0 CSV/CFIHOS CORE unit of measure v2.0.csv,965,source_reference_record,source_reference_record_unreviewed
CFIHOS-65000889,,darcy per pascal second,D/(Pa.s),CFIHOS-45000128,MOBIL,mobility,,,,real,True,sha256:a69b98012d9e4a46495a3aed48eef8ce75a69d001eaa28b4c38cb0f3c921909d,CORE CFIHOS V2.0 CSV/CFIHOS CORE unit of measure v2.0.csv,966,source_reference_record,source_reference_record_unreviewed
CFIHOS-65000890,,darcy per centipoise,D/cP,CFIHOS-45000128,MOBIL,mobility,,,,real,True,sha256:a69b98012d9e4a46495a3aed48eef8ce75a69d001eaa28b4c38cb0f3c921909d,CORE CFIHOS V2.0 CSV/CFIHOS CORE unit of measure v2.0.csv,967,source_reference_record,source_reference_record_unreviewed
CFIHOS-65000891,,millidarcy square foot per pound-force second,mD.ft2/(lbf.s),CFIHOS-45000128,MOBIL,mobility,,,,real,True,sha256:a69b98012d9e4a46495a3aed48eef8ce75a69d001eaa28b4c38cb0f3c921909d,CORE CFIHOS V2.0 CSV/CFIHOS CORE unit of measure v2.0.csv,968,source_reference_record,source_reference_record_unreviewed
CFIHOS-65000892,,millidarcy square inch per pound-force second,mD.in2/(lbf.s),CFIHOS-45000128,MOBIL,mobility,,,,real,True,sha256:a69b98012d9e4a46495a3aed48eef8ce75a69d001eaa28b4c38cb0f3c921909d,CORE CFIHOS V2.0 CSV/CFIHOS CORE unit of measure v2.0.csv,969,source_reference_record,source_reference_record_unreviewed
CFIHOS-65000893,,millidarcy per pascal second,mD/(Pa.s),CFIHOS-45000128,MOBIL,mobility,,,,real,True,sha256:a69b98012d9e4a46495a3aed48eef8ce75a69d001eaa28b4c38cb0f3c921909d,CORE CFIHOS V2.0 CSV/CFIHOS CORE unit of measure v2.0.csv,970,source_reference_record,source_reference_record_unreviewed
CFIHOS-65000894,,millidarcy per centipoise,mD/cP,CFIHOS-45000128,MOBIL,mobility,,,,real,True,sha256:a69b98012d9e4a46495a3aed48eef8ce75a69d001eaa28b4c38cb0f3c921909d,CORE CFIHOS V2.0 CSV/CFIHOS CORE unit of measure v2.0.csv,971,source_reference_record,source_reference_record_unreviewed
CFIHOS-65000895,,centimetre to the fourth power,cm4,CFIHOS-45000148,QUADAR,second moment of area,CFIHOS-60001649,SI,,real,True,sha256:a69b98012d9e4a46495a3aed48eef8ce75a69d001eaa28b4c38cb0f3c921909d,CORE CFIHOS V2.0 CSV/CFIHOS CORE unit of measure v2.0.csv,972,source_reference_record,source_reference_record_unreviewed
CFIHOS-65000896,B83,metre to the fourth power,m4,CFIHOS-45000148,QUADAR,second moment of area,CFIHOS-60001649,SI,,real,True,sha256:a69b98012d9e4a46495a3aed48eef8ce75a69d001eaa28b4c38cb0f3c921909d,CORE CFIHOS V2.0 CSV/CFIHOS CORE unit of measure v2.0.csv,973,source_reference_record,source_reference_record_unreviewed
CFIHOS-65000897,D69,inch to the fourth power,in4,CFIHOS-45000148,QUADAR,second moment of area,,,,real,True,sha256:a69b98012d9e4a46495a3aed48eef8ce75a69d001eaa28b4c38cb0f3c921909d,CORE CFIHOS V2.0 CSV/CFIHOS CORE unit of measure v2.0.csv,974,source_reference_record,source_reference_record_unreviewed
CFIHOS-65000898,,metre to the fourth power per second,m4/s,CFIHOS-45000184,VPTL,(volume per time) length,CFIHOS-60001649,SI,,real,True,sha256:a69b98012d9e4a46495a3aed48eef8ce75a69d001eaa28b4c38cb0f3c921909d,CORE CFIHOS V2.0 CSV/CFIHOS CORE unit of measure v2.0.csv,975,source_reference_record,source_reference_record_unreviewed
CFIHOS-65000899,,thousand barrel foot per day,1000 bbl.ft/d,CFIHOS-45000184,VPTL,(volume per time) length,,,,real,True,sha256:a69b98012d9e4a46495a3aed48eef8ce75a69d001eaa28b4c38cb0f3c921909d,CORE CFIHOS V2.0 CSV/CFIHOS CORE unit of measure v2.0.csv,976,source_reference_record,source_reference_record_unreviewed
CFIHOS-65000900,,thousand (cubic metre per day) metre,1000 m4/d,CFIHOS-45000184,VPTL,(volume per time) length,,,,real,True,sha256:a69b98012d9e4a46495a3aed48eef8ce75a69d001eaa28b4c38cb0f3c921909d,CORE CFIHOS V2.0 CSV/CFIHOS CORE unit of measure v2.0.csv,977,source_reference_record,source_reference_record_unreviewed
CFIHOS-65000901,,cubic metre per pascal second,m3/(Pa.s),CFIHOS-45000186,VPTPP,(volume per time) per pressure,CFIHOS-60001649,SI,,real,True,sha256:a69b98012d9e4a46495a3aed48eef8ce75a69d001eaa28b4c38cb0f3c921909d,CORE CFIHOS V2.0 CSV/CFIHOS CORE unit of measure v2.0.csv,978,source_reference_record,source_reference_record_unreviewed
CFIHOS-65000902,,(thousand cubic foot per day) per psi,1000 ft3/(psi.d),CFIHOS-45000186,VPTPP,(volume per time) per pressure,,,,real,True,sha256:a69b98012d9e4a46495a3aed48eef8ce75a69d001eaa28b4c38cb0f3c921909d,CORE CFIHOS V2.0 CSV/CFIHOS CORE unit of measure v2.0.csv,979,source_reference_record,source_reference_record_unreviewed
CFIHOS-65000903,,(barrel per day) per kilopascal,bbl/(kPa.d),CFIHOS-45000186,VPTPP,(volume per time) per pressure,,,,real,True,sha256:a69b98012d9e4a46495a3aed48eef8ce75a69d001eaa28b4c38cb0f3c921909d,CORE CFIHOS V2.0 CSV/CFIHOS CORE unit of measure v2.0.csv,980,source_reference_record,source_reference_record_unreviewed
CFIHOS-65000904,,(barrel per day) per psi,bbl/(psi.d),CFIHOS-45000186,VPTPP,(volume per time) per pressure,,,,real,True,sha256:a69b98012d9e4a46495a3aed48eef8ce75a69d001eaa28b4c38cb0f3c921909d,CORE CFIHOS V2.0 CSV/CFIHOS CORE unit of measure v2.0.csv,981,source_reference_record,source_reference_record_unreviewed
CFIHOS-65000905,,(litre per minute) per bar,L/(bar.min),CFIHOS-45000186,VPTPP,(volume per time) per pressure,CFIHOS-60001649,SI,,real,True,sha256:a69b98012d9e4a46495a3aed48eef8ce75a69d001eaa28b4c38cb0f3c921909d,CORE CFIHOS V2.0 CSV/CFIHOS CORE unit of measure v2.0.csv,982,source_reference_record,source_reference_record_unreviewed
CFIHOS-65000906,,(cubic metre per day) per bar,m3/(bar.d),CFIHOS-45000186,VPTPP,(volume per time) per pressure,CFIHOS-60001649,SI,,real,True,sha256:a69b98012d9e4a46495a3aed48eef8ce75a69d001eaa28b4c38cb0f3c921909d,CORE CFIHOS V2.0 CSV/CFIHOS CORE unit of measure v2.0.csv,983,source_reference_record,source_reference_record_unreviewed
CFIHOS-65000907,,(cubic metre per hour) per bar,m3/(bar.h),CFIHOS-45000186,VPTPP,(volume per time) per pressure,CFIHOS-60001649,SI,,real,True,sha256:a69b98012d9e4a46495a3aed48eef8ce75a69d001eaa28b4c38cb0f3c921909d,CORE CFIHOS V2.0 CSV/CFIHOS CORE unit of measure v2.0.csv,984,source_reference_record,source_reference_record_unreviewed
CFIHOS-65000908,,(cubic metre per minute) per bar,m3/(bar.min),CFIHOS-45000186,VPTPP,(volume per time) per pressure,CFIHOS-60001649,SI,,real,True,sha256:a69b98012d9e4a46495a3aed48eef8ce75a69d001eaa28b4c38cb0f3c921909d,CORE CFIHOS V2.0 CSV/CFIHOS CORE unit of measure v2.0.csv,985,source_reference_record,source_reference_record_unreviewed
CFIHOS-65000909,,(cubic metre per day) per kilopascal,m3/(kPa.d),CFIHOS-45000186,VPTPP,(volume per time) per pressure,CFIHOS-60001649,SI,,real,True,sha256:a69b98012d9e4a46495a3aed48eef8ce75a69d001eaa28b4c38cb0f3c921909d,CORE CFIHOS V2.0 CSV/CFIHOS CORE unit of measure v2.0.csv,986,source_reference_record,source_reference_record_unreviewed
CFIHOS-65000910,,(cubic metre per hour) per kilopascal,m3/(kPa.h),CFIHOS-45000186,VPTPP,(volume per time) per pressure,CFIHOS-60001649,SI,,real,True,sha256:a69b98012d9e4a46495a3aed48eef8ce75a69d001eaa28b4c38cb0f3c921909d,CORE CFIHOS V2.0 CSV/CFIHOS CORE unit of measure v2.0.csv,987,source_reference_record,source_reference_record_unreviewed
CFIHOS-65000911,,(cubic metre per day) per psi,m3/(psi.d),CFIHOS-45000186,VPTPP,(volume per time) per pressure,,,,real,True,sha256:a69b98012d9e4a46495a3aed48eef8ce75a69d001eaa28b4c38cb0f3c921909d,CORE CFIHOS V2.0 CSV/CFIHOS CORE unit of measure v2.0.csv,988,source_reference_record,source_reference_record_unreviewed
CFIHOS-65000912,M71,cubic metre per Pascal,m3/Pa,CFIHOS-45000178,VOLPP,volume per pressure,CFIHOS-60001649,SI,,real,True,sha256:a69b98012d9e4a46495a3aed48eef8ce75a69d001eaa28b4c38cb0f3c921909d,CORE CFIHOS V2.0 CSV/CFIHOS CORE unit of measure v2.0.csv,989,source_reference_record,source_reference_record_unreviewed
CFIHOS-65000913,,barrel per psi,bbl/psi,CFIHOS-45000178,VOLPP,volume per pressure,,,,real,True,sha256:a69b98012d9e4a46495a3aed48eef8ce75a69d001eaa28b4c38cb0f3c921909d,CORE CFIHOS V2.0 CSV/CFIHOS CORE unit of measure v2.0.csv,990,source_reference_record,source_reference_record_unreviewed
CFIHOS-65000914,,cubic metre per kilopascal,m3/kPa,CFIHOS-45000178,VOLPP,volume per pressure,CFIHOS-60001649,SI,,real,True,sha256:a69b98012d9e4a46495a3aed48eef8ce75a69d001eaa28b4c38cb0f3c921909d,CORE CFIHOS V2.0 CSV/CFIHOS CORE unit of measure v2.0.csv,991,source_reference_record,source_reference_record_unreviewed
CFIHOS-65000915,M94,kilogram metre,kg.m,CFIHOS-45000123,MASSL,mass length,CFIHOS-60001649,SI,,real,True,sha256:a69b98012d9e4a46495a3aed48eef8ce75a69d001eaa28b4c38cb0f3c921909d,CORE CFIHOS V2.0 CSV/CFIHOS CORE unit of measure v2.0.csv,992,source_reference_record,source_reference_record_unreviewed
CFIHOS-65000916,,pound-mass foot,lbm.ft,CFIHOS-45000123,MASSL,mass length,,,,real,True,sha256:a69b98012d9e4a46495a3aed48eef8ce75a69d001eaa28b4c38cb0f3c921909d,CORE CFIHOS V2.0 CSV/CFIHOS CORE unit of measure v2.0.csv,993,source_reference_record,source_reference_record_unreviewed
CFIHOS-65000917,,joule metre per second square metre delta kelvin,J.m/(s.m2.deltaK),CFIHOS-45000082,ELPTAT,energy length per time area temperature,CFIHOS-60001649,SI,,real,True,sha256:a69b98012d9e4a46495a3aed48eef8ce75a69d001eaa28b4c38cb0f3c921909d,CORE CFIHOS V2.0 CSV/CFIHOS CORE unit of measure v2.0.csv,994,source_reference_record,source_reference_record_unreviewed
CFIHOS-65000918,,watt per metre delta kelvin,W/(m.deltaK),CFIHOS-45000029;CFIHOS-45000082,THCOND;ELPTAT,thermal conductivity;energy length per time area temperature,CFIHOS-60001649,SI,,real,True,sha256:a69b98012d9e4a46495a3aed48eef8ce75a69d001eaa28b4c38cb0f3c921909d,CORE CFIHOS V2.0 CSV/CFIHOS CORE unit of measure v2.0.csv,995,source_reference_record,source_reference_record_unreviewed
CFIHOS-65000919,,BTU per (hour square foot delta Fahrenheit per inch),Btu[IT].in/(h.ft2.deltaF),CFIHOS-45000082,ELPTAT,energy length per time area temperature,,,,real,True,sha256:a69b98012d9e4a46495a3aed48eef8ce75a69d001eaa28b4c38cb0f3c921909d,CORE CFIHOS V2.0 CSV/CFIHOS CORE unit of measure v2.0.csv,996,source_reference_record,source_reference_record_unreviewed
CFIHOS-65000920,,kilojoule metre per hour square metre delta kelvin,kJ.m/(h.m2.deltaK),CFIHOS-45000082,ELPTAT,energy length per time area temperature,CFIHOS-60001649,SI,,real,True,sha256:a69b98012d9e4a46495a3aed48eef8ce75a69d001eaa28b4c38cb0f3c921909d,CORE CFIHOS V2.0 CSV/CFIHOS CORE unit of measure v2.0.csv,997,source_reference_record,source_reference_record_unreviewed
CFIHOS-65000921,,BTU per hour foot delta Fahrenheit,Btu[IT]/(h.ft.deltaF),CFIHOS-45000029,THCOND,thermal conductivity,,,,real,True,sha256:a69b98012d9e4a46495a3aed48eef8ce75a69d001eaa28b4c38cb0f3c921909d,CORE CFIHOS V2.0 CSV/CFIHOS CORE unit of measure v2.0.csv,998,source_reference_record,source_reference_record_unreviewed
CFIHOS-65000922,,calorie per hour centimetre delta Celsius,cal[th]/(h.cm.deltaC),CFIHOS-45000029,THCOND,thermal conductivity,,,,real,True,sha256:a69b98012d9e4a46495a3aed48eef8ce75a69d001eaa28b4c38cb0f3c921909d,CORE CFIHOS V2.0 CSV/CFIHOS CORE unit of measure v2.0.csv,999,source_reference_record,source_reference_record_unreviewed
CFIHOS-65000923,,calorie per second centimetre delta Celsius,cal[th]/(s.cm.deltaC),CFIHOS-45000029,THCOND,thermal conductivity,,,,real,True,sha256:a69b98012d9e4a46495a3aed48eef8ce75a69d001eaa28b4c38cb0f3c921909d,CORE CFIHOS V2.0 CSV/CFIHOS CORE unit of measure v2.0.csv,1000,source_reference_record,source_reference_record_unreviewed
CFIHOS-65000924,,thousand calorie per hour metre delta Celsius,kcal[th]/(h.m.deltaC),CFIHOS-45000029,THCOND,thermal conductivity,,,,real,True,sha256:a69b98012d9e4a46495a3aed48eef8ce75a69d001eaa28b4c38cb0f3c921909d,CORE CFIHOS V2.0 CSV/CFIHOS CORE unit of measure v2.0.csv,1001,source_reference_record,source_reference_record_unreviewed
CFIHOS-65000925,B91,microhenry per metre,uH/m,CFIHOS-45000120,MAGPRM,magnetic permeability,CFIHOS-60001649,SI,,real,True,sha256:a69b98012d9e4a46495a3aed48eef8ce75a69d001eaa28b4c38cb0f3c921909d,CORE CFIHOS V2.0 CSV/CFIHOS CORE unit of measure v2.0.csv,1002,source_reference_record,source_reference_record_unreviewed
CFIHOS-65000926,A98,henry per metre,H/m,CFIHOS-45000120,MAGPRM,magnetic permeability,CFIHOS-60001649,SI,,real,True,sha256:a69b98012d9e4a46495a3aed48eef8ce75a69d001eaa28b4c38cb0f3c921909d,CORE CFIHOS V2.0 CSV/CFIHOS CORE unit of measure v2.0.csv,1003,source_reference_record,source_reference_record_unreviewed
CFIHOS-65000927,H26,ohm per metre,ohm/m,CFIHOS-45000083,ELREPL,electric resistance per length,CFIHOS-60001649,SI,,real,True,sha256:a69b98012d9e4a46495a3aed48eef8ce75a69d001eaa28b4c38cb0f3c921909d,CORE CFIHOS V2.0 CSV/CFIHOS CORE unit of measure v2.0.csv,1004,source_reference_record,source_reference_record_unreviewed
CFIHOS-65000928,,microhm per foot,uohm/ft,CFIHOS-45000083,ELREPL,electric resistance per length,,,,real,True,sha256:a69b98012d9e4a46495a3aed48eef8ce75a69d001eaa28b4c38cb0f3c921909d,CORE CFIHOS V2.0 CSV/CFIHOS CORE unit of measure v2.0.csv,1005,source_reference_record,source_reference_record_unreviewed
CFIHOS-65000929,,microhm per metre,uohm/m,CFIHOS-45000083,ELREPL,electric resistance per length,CFIHOS-60001649,SI,,real,True,sha256:a69b98012d9e4a46495a3aed48eef8ce75a69d001eaa28b4c38cb0f3c921909d,CORE CFIHOS V2.0 CSV/CFIHOS CORE unit of measure v2.0.csv,1006,source_reference_record,source_reference_record_unreviewed
CFIHOS-65000930,D59,weber per metre,Wb/m,CFIHOS-45000122,MAGVPO,magnetic vector potential,CFIHOS-60001649,SI,,real,True,sha256:a69b98012d9e4a46495a3aed48eef8ce75a69d001eaa28b4c38cb0f3c921909d,CORE CFIHOS V2.0 CSV/CFIHOS CORE unit of measure v2.0.csv,1007,source_reference_record,source_reference_record_unreviewed
CFIHOS-65000931,D60,weber per millimetre,Wb/mm,CFIHOS-45000122,MAGVPO,magnetic vector potential,CFIHOS-60001649,SI,,real,True,sha256:a69b98012d9e4a46495a3aed48eef8ce75a69d001eaa28b4c38cb0f3c921909d,CORE CFIHOS V2.0 CSV/CFIHOS CORE unit of measure v2.0.csv,1008,source_reference_record,source_reference_record_unreviewed
CFIHOS-65000932,D50,volt per metre,V/m,CFIHOS-45000079,ELFIST,electric field strength,CFIHOS-60001649,SI,,real,True,sha256:a69b98012d9e4a46495a3aed48eef8ce75a69d001eaa28b4c38cb0f3c921909d,CORE CFIHOS V2.0 CSV/CFIHOS CORE unit of measure v2.0.csv,1009,source_reference_record,source_reference_record_unreviewed
CFIHOS-65000933,,millivolt per foot,mV/ft,CFIHOS-45000079,ELFIST,electric field strength,,,,real,True,sha256:a69b98012d9e4a46495a3aed48eef8ce75a69d001eaa28b4c38cb0f3c921909d,CORE CFIHOS V2.0 CSV/CFIHOS CORE unit of measure v2.0.csv,1010,source_reference_record,source_reference_record_unreviewed
CFIHOS-65000934,C30,millivolt per metre,mV/m,CFIHOS-45000079,ELFIST,electric field strength,CFIHOS-60001649,SI,,real,True,sha256:a69b98012d9e4a46495a3aed48eef8ce75a69d001eaa28b4c38cb0f3c921909d,CORE CFIHOS V2.0 CSV/CFIHOS CORE unit of measure v2.0.csv,1011,source_reference_record,source_reference_record_unreviewed
CFIHOS-65000935,,microvolt per foot,uV/ft,CFIHOS-45000079,ELFIST,electric field strength,,,,real,True,sha256:a69b98012d9e4a46495a3aed48eef8ce75a69d001eaa28b4c38cb0f3c921909d,CORE CFIHOS V2.0 CSV/CFIHOS CORE unit of measure v2.0.csv,1012,source_reference_record,source_reference_record_unreviewed
CFIHOS-65000936,C3,microvolt per metre,uV/m,CFIHOS-45000079,ELFIST,electric field strength,CFIHOS-60001649,SI,,real,True,sha256:a69b98012d9e4a46495a3aed48eef8ce75a69d001eaa28b4c38cb0f3c921909d,CORE CFIHOS V2.0 CSV/CFIHOS CORE unit of measure v2.0.csv,1013,source_reference_record,source_reference_record_unreviewed
CFIHOS-65000937,B31,kilogram metre per second,kg.m/s,CFIHOS-45000132,MOMUM,momentum,CFIHOS-60001649,SI,,real,True,sha256:a69b98012d9e4a46495a3aed48eef8ce75a69d001eaa28b4c38cb0f3c921909d,CORE CFIHOS V2.0 CSV/CFIHOS CORE unit of measure v2.0.csv,1014,source_reference_record,source_reference_record_unreviewed
CFIHOS-65000938,,foot pound-mass per second,lbm.ft/s,CFIHOS-45000132,MOMUM,momentum,,,,real,True,sha256:a69b98012d9e4a46495a3aed48eef8ce75a69d001eaa28b4c38cb0f3c921909d,CORE CFIHOS V2.0 CSV/CFIHOS CORE unit of measure v2.0.csv,1015,source_reference_record,source_reference_record_unreviewed
CFIHOS-65000939,DU,dyne,dyne,CFIHOS-45000039,FORCE,force,,,,real,True,sha256:a69b98012d9e4a46495a3aed48eef8ce75a69d001eaa28b4c38cb0f3c921909d,CORE CFIHOS V2.0 CSV/CFIHOS CORE unit of measure v2.0.csv,1016,source_reference_record,source_reference_record_unreviewed
CFIHOS-65000940,,gram-force,gf,CFIHOS-45000001;CFIHOS-45000039,CAPACI;FORCE,capacitance;force,CFIHOS-60001649,SI,,real,True,sha256:a69b98012d9e4a46495a3aed48eef8ce75a69d001eaa28b4c38cb0f3c921909d,CORE CFIHOS V2.0 CSV/CFIHOS CORE unit of measure v2.0.csv,1017,source_reference_record,source_reference_record_unreviewed
CFIHOS-65000941,C78,pound-force,lbf,CFIHOS-45000039,FORCE,force,,,,real,True,sha256:a69b98012d9e4a46495a3aed48eef8ce75a69d001eaa28b4c38cb0f3c921909d,CORE CFIHOS V2.0 CSV/CFIHOS CORE unit of measure v2.0.csv,1018,source_reference_record,source_reference_record_unreviewed
CFIHOS-65000942,,ounce-force,ozf,CFIHOS-45000039,FORCE,force,,,,real,True,sha256:a69b98012d9e4a46495a3aed48eef8ce75a69d001eaa28b4c38cb0f3c921909d,CORE CFIHOS V2.0 CSV/CFIHOS CORE unit of measure v2.0.csv,1019,source_reference_record,source_reference_record_unreviewed
CFIHOS-65000943,M76,poundal,pdl,CFIHOS-45000039,FORCE,force,,,,real,True,sha256:a69b98012d9e4a46495a3aed48eef8ce75a69d001eaa28b4c38cb0f3c921909d,CORE CFIHOS V2.0 CSV/CFIHOS CORE unit of measure v2.0.csv,1020,source_reference_record,source_reference_record_unreviewed
CFIHOS-65000944,,UK ton-force,tonf[UK],CFIHOS-45000039,FORCE,force,,,,real,True,sha256:a69b98012d9e4a46495a3aed48eef8ce75a69d001eaa28b4c38cb0f3c921909d,CORE CFIHOS V2.0 CSV/CFIHOS CORE unit of measure v2.0.csv,1021,source_reference_record,source_reference_record_unreviewed
CFIHOS-65000945,,US ton-force,tonf[US],CFIHOS-45000039,FORCE,force,,,,real,True,sha256:a69b98012d9e4a46495a3aed48eef8ce75a69d001eaa28b4c38cb0f3c921909d,CORE CFIHOS V2.0 CSV/CFIHOS CORE unit of measure v2.0.csv,1022,source_reference_record,source_reference_record_unreviewed
CFIHOS-65000946,,joule metre per square metre,J.m/m2,CFIHOS-45000081,ELPERA,energy length per area,CFIHOS-60001649,SI,,real,True,sha256:a69b98012d9e4a46495a3aed48eef8ce75a69d001eaa28b4c38cb0f3c921909d,CORE CFIHOS V2.0 CSV/CFIHOS CORE unit of measure v2.0.csv,1023,source_reference_record,source_reference_record_unreviewed
CFIHOS-65000947,B12,joule per metre,J/m,CFIHOS-45000088,ENPERL,energy per length,CFIHOS-60001649,SI,,real,True,sha256:a69b98012d9e4a46495a3aed48eef8ce75a69d001eaa28b4c38cb0f3c921909d,CORE CFIHOS V2.0 CSV/CFIHOS CORE unit of measure v2.0.csv,1024,source_reference_record,source_reference_record_unreviewed
CFIHOS-65000948,Q27,newton metre per metre,N.m/m,CFIHOS-45000092,FLOPPY,force length per length,CFIHOS-60001649,SI,,real,True,sha256:a69b98012d9e4a46495a3aed48eef8ce75a69d001eaa28b4c38cb0f3c921909d,CORE CFIHOS V2.0 CSV/CFIHOS CORE unit of measure v2.0.csv,1025,source_reference_record,source_reference_record_unreviewed
CFIHOS-65000949,,thousand calorie metre per square centimetre,kcal[th].m/cm2,CFIHOS-45000081,ELPERA,energy length per area,,,,real,True,sha256:a69b98012d9e4a46495a3aed48eef8ce75a69d001eaa28b4c38cb0f3c921909d,CORE CFIHOS V2.0 CSV/CFIHOS CORE unit of measure v2.0.csv,1026,source_reference_record,source_reference_record_unreviewed
CFIHOS-65000950,,megajoule per metre,MJ/m,CFIHOS-45000088,ENPERL,energy per length,CFIHOS-60001649,SI,,real,True,sha256:a69b98012d9e4a46495a3aed48eef8ce75a69d001eaa28b4c38cb0f3c921909d,CORE CFIHOS V2.0 CSV/CFIHOS CORE unit of measure v2.0.csv,1027,source_reference_record,source_reference_record_unreviewed
CFIHOS-65000951,,ten kilonewton,10 kN,CFIHOS-45000039,FORCE,force,,,,real,True,sha256:a69b98012d9e4a46495a3aed48eef8ce75a69d001eaa28b4c38cb0f3c921909d,CORE CFIHOS V2.0 CSV/CFIHOS CORE unit of measure v2.0.csv,1028,source_reference_record,source_reference_record_unreviewed
CFIHOS-65000952,,thousand gram-force metre per metre,kgf.m/m,CFIHOS-45000092,FLOPPY,force length per length,,,,real,True,sha256:a69b98012d9e4a46495a3aed48eef8ce75a69d001eaa28b4c38cb0f3c921909d,CORE CFIHOS V2.0 CSV/CFIHOS CORE unit of measure v2.0.csv,1029,source_reference_record,source_reference_record_unreviewed
CFIHOS-65000953,,foot pound-force per inch,lbf.ft/in,CFIHOS-45000092,FLOPPY,force length per length,,,,real,True,sha256:a69b98012d9e4a46495a3aed48eef8ce75a69d001eaa28b4c38cb0f3c921909d,CORE CFIHOS V2.0 CSV/CFIHOS CORE unit of measure v2.0.csv,1030,source_reference_record,source_reference_record_unreviewed
CFIHOS-65000954,,pound-force inch per inch,lbf.in/in,CFIHOS-45000092,FLOPPY,force length per length,,,,real,True,sha256:a69b98012d9e4a46495a3aed48eef8ce75a69d001eaa28b4c38cb0f3c921909d,CORE CFIHOS V2.0 CSV/CFIHOS CORE unit of measure v2.0.csv,1031,source_reference_record,source_reference_record_unreviewed
CFIHOS-65000955,,US ton-force mile per foot,tonf[US].mi/ft,CFIHOS-45000092,FLOPPY,force length per length,,,,real,True,sha256:a69b98012d9e4a46495a3aed48eef8ce75a69d001eaa28b4c38cb0f3c921909d,CORE CFIHOS V2.0 CSV/CFIHOS CORE unit of measure v2.0.csv,1032,source_reference_record,source_reference_record_unreviewed
CFIHOS-65000956,,centinewton,cN,CFIHOS-45000039,FORCE,force,CFIHOS-60001649,SI,,real,True,sha256:a69b98012d9e4a46495a3aed48eef8ce75a69d001eaa28b4c38cb0f3c921909d,CORE CFIHOS V2.0 CSV/CFIHOS CORE unit of measure v2.0.csv,1033,source_reference_record,source_reference_record_unreviewed
CFIHOS-65000957,,dekanewton,daN,CFIHOS-45000039,FORCE,force,CFIHOS-60001649,SI,,real,True,sha256:a69b98012d9e4a46495a3aed48eef8ce75a69d001eaa28b4c38cb0f3c921909d,CORE CFIHOS V2.0 CSV/CFIHOS CORE unit of measure v2.0.csv,1034,source_reference_record,source_reference_record_unreviewed
CFIHOS-65000958,,decinewton,dN,CFIHOS-45000039,FORCE,force,CFIHOS-60001649,SI,,real,True,sha256:a69b98012d9e4a46495a3aed48eef8ce75a69d001eaa28b4c38cb0f3c921909d,CORE CFIHOS V2.0 CSV/CFIHOS CORE unit of measure v2.0.csv,1035,source_reference_record,source_reference_record_unreviewed
CFIHOS-65000959,,exanewton,EN,CFIHOS-45000039,FORCE,force,CFIHOS-60001649,SI,,real,True,sha256:a69b98012d9e4a46495a3aed48eef8ce75a69d001eaa28b4c38cb0f3c921909d,CORE CFIHOS V2.0 CSV/CFIHOS CORE unit of measure v2.0.csv,1036,source_reference_record,source_reference_record_unreviewed
CFIHOS-65000960,,femtonewton,fN,CFIHOS-45000039,FORCE,force,CFIHOS-60001649,SI,,real,True,sha256:a69b98012d9e4a46495a3aed48eef8ce75a69d001eaa28b4c38cb0f3c921909d,CORE CFIHOS V2.0 CSV/CFIHOS CORE unit of measure v2.0.csv,1037,source_reference_record,source_reference_record_unreviewed
CFIHOS-65000961,,giganewton,GN,CFIHOS-45000110;CFIHOS-45000039,LINACC;FORCE,linear acceleration;force,,,,real,True,sha256:a69b98012d9e4a46495a3aed48eef8ce75a69d001eaa28b4c38cb0f3c921909d,CORE CFIHOS V2.0 CSV/CFIHOS CORE unit of measure v2.0.csv,1038,source_reference_record,source_reference_record_unreviewed
CFIHOS-65000962,,hectonewton,hN,CFIHOS-45000039,FORCE,force,CFIHOS-60001649,SI,,real,True,sha256:a69b98012d9e4a46495a3aed48eef8ce75a69d001eaa28b4c38cb0f3c921909d,CORE CFIHOS V2.0 CSV/CFIHOS CORE unit of measure v2.0.csv,1039,source_reference_record,source_reference_record_unreviewed
CFIHOS-65000963,,kilodyne,kdyne,CFIHOS-45000039,FORCE,force,,,,real,True,sha256:a69b98012d9e4a46495a3aed48eef8ce75a69d001eaa28b4c38cb0f3c921909d,CORE CFIHOS V2.0 CSV/CFIHOS CORE unit of measure v2.0.csv,1040,source_reference_record,source_reference_record_unreviewed
CFIHOS-65000964,,thousand gram-force,kgf,CFIHOS-45000039,FORCE,force,,,,real,True,sha256:a69b98012d9e4a46495a3aed48eef8ce75a69d001eaa28b4c38cb0f3c921909d,CORE CFIHOS V2.0 CSV/CFIHOS CORE unit of measure v2.0.csv,1041,source_reference_record,source_reference_record_unreviewed
CFIHOS-65000965,,thousand pound-force,klbf,CFIHOS-45000039,FORCE,force,,,,real,True,sha256:a69b98012d9e4a46495a3aed48eef8ce75a69d001eaa28b4c38cb0f3c921909d,CORE CFIHOS V2.0 CSV/CFIHOS CORE unit of measure v2.0.csv,1042,source_reference_record,source_reference_record_unreviewed
CFIHOS-65000966,,million gram-force,Mgf,CFIHOS-45000039,FORCE,force,,,,real,True,sha256:a69b98012d9e4a46495a3aed48eef8ce75a69d001eaa28b4c38cb0f3c921909d,CORE CFIHOS V2.0 CSV/CFIHOS CORE unit of measure v2.0.csv,1043,source_reference_record,source_reference_record_unreviewed
CFIHOS-65000967,C20,millinewton,mN,CFIHOS-45000039,FORCE,force,CFIHOS-60001649,SI,,real,True,sha256:a69b98012d9e4a46495a3aed48eef8ce75a69d001eaa28b4c38cb0f3c921909d,CORE CFIHOS V2.0 CSV/CFIHOS CORE unit of measure v2.0.csv,1044,source_reference_record,source_reference_record_unreviewed
CFIHOS-65000968,B73,meganewton,MN,CFIHOS-45000039,FORCE,force,CFIHOS-60001649,SI,,real,True,sha256:a69b98012d9e4a46495a3aed48eef8ce75a69d001eaa28b4c38cb0f3c921909d,CORE CFIHOS V2.0 CSV/CFIHOS CORE unit of measure v2.0.csv,1045,source_reference_record,source_reference_record_unreviewed
CFIHOS-65000969,,nanonewton,nN,CFIHOS-45000039,FORCE,force,CFIHOS-60001649,SI,,real,True,sha256:a69b98012d9e4a46495a3aed48eef8ce75a69d001eaa28b4c38cb0f3c921909d,CORE CFIHOS V2.0 CSV/CFIHOS CORE unit of measure v2.0.csv,1046,source_reference_record,source_reference_record_unreviewed
CFIHOS-65000970,,piconewton,pN,CFIHOS-45000039,FORCE,force,CFIHOS-60001649,SI,,real,True,sha256:a69b98012d9e4a46495a3aed48eef8ce75a69d001eaa28b4c38cb0f3c921909d,CORE CFIHOS V2.0 CSV/CFIHOS CORE unit of measure v2.0.csv,1047,source_reference_record,source_reference_record_unreviewed
CFIHOS-65000971,,teranewton,TN,CFIHOS-45000039,FORCE,force,CFIHOS-60001649,SI,,real,True,sha256:a69b98012d9e4a46495a3aed48eef8ce75a69d001eaa28b4c38cb0f3c921909d,CORE CFIHOS V2.0 CSV/CFIHOS CORE unit of measure v2.0.csv,1048,source_reference_record,source_reference_record_unreviewed
CFIHOS-65000972,B92,micronewton,uN,CFIHOS-45000039,FORCE,force,CFIHOS-60001649,SI,,real,True,sha256:a69b98012d9e4a46495a3aed48eef8ce75a69d001eaa28b4c38cb0f3c921909d,CORE CFIHOS V2.0 CSV/CFIHOS CORE unit of measure v2.0.csv,1049,source_reference_record,source_reference_record_unreviewed
CFIHOS-65000973,,per bar,1/bar,CFIHOS-45000159,RECPRE,reciprocal pressure,CFIHOS-60001649,SI,,real,True,sha256:a69b98012d9e4a46495a3aed48eef8ce75a69d001eaa28b4c38cb0f3c921909d,CORE CFIHOS V2.0 CSV/CFIHOS CORE unit of measure v2.0.csv,1050,source_reference_record,source_reference_record_unreviewed
CFIHOS-65000974,,per kilopascal,1/kPa,CFIHOS-45000159,RECPRE,reciprocal pressure,CFIHOS-60001649,SI,,real,True,sha256:a69b98012d9e4a46495a3aed48eef8ce75a69d001eaa28b4c38cb0f3c921909d,CORE CFIHOS V2.0 CSV/CFIHOS CORE unit of measure v2.0.csv,1051,source_reference_record,source_reference_record_unreviewed
CFIHOS-65000975,,per picopascal,1/pPa,CFIHOS-45000159,RECPRE,reciprocal pressure,CFIHOS-60001649,SI,,real,True,sha256:a69b98012d9e4a46495a3aed48eef8ce75a69d001eaa28b4c38cb0f3c921909d,CORE CFIHOS V2.0 CSV/CFIHOS CORE unit of measure v2.0.csv,1052,source_reference_record,source_reference_record_unreviewed
CFIHOS-65000976,,per psi,1/psi,CFIHOS-45000159,RECPRE,reciprocal pressure,,,,real,True,sha256:a69b98012d9e4a46495a3aed48eef8ce75a69d001eaa28b4c38cb0f3c921909d,CORE CFIHOS V2.0 CSV/CFIHOS CORE unit of measure v2.0.csv,1053,source_reference_record,source_reference_record_unreviewed
CFIHOS-65000977,,per millionth of psi,1/upsi,CFIHOS-45000159,RECPRE,reciprocal pressure,,,,real,True,sha256:a69b98012d9e4a46495a3aed48eef8ce75a69d001eaa28b4c38cb0f3c921909d,CORE CFIHOS V2.0 CSV/CFIHOS CORE unit of measure v2.0.csv,1054,source_reference_record,source_reference_record_unreviewed
CFIHOS-65000978,,per pascal,1/Pa,CFIHOS-45000159,RECPRE,reciprocal pressure,CFIHOS-60001649,SI,,real,True,sha256:a69b98012d9e4a46495a3aed48eef8ce75a69d001eaa28b4c38cb0f3c921909d,CORE CFIHOS V2.0 CSV/CFIHOS CORE unit of measure v2.0.csv,1055,source_reference_record,source_reference_record_unreviewed
CFIHOS-65000979,,cubic metre per joule,m3/J,CFIHOS-45000104,ISOCOM,isothermal compressibility,CFIHOS-60001649,SI,,real,True,sha256:a69b98012d9e4a46495a3aed48eef8ce75a69d001eaa28b4c38cb0f3c921909d,CORE CFIHOS V2.0 CSV/CFIHOS CORE unit of measure v2.0.csv,1056,source_reference_record,source_reference_record_unreviewed
CFIHOS-65000980,,cubic decimetre per kilowatt hour,dm3/(kW.h),CFIHOS-45000104,ISOCOM,isothermal compressibility,CFIHOS-60001649,SI,,real,True,sha256:a69b98012d9e4a46495a3aed48eef8ce75a69d001eaa28b4c38cb0f3c921909d,CORE CFIHOS V2.0 CSV/CFIHOS CORE unit of measure v2.0.csv,1057,source_reference_record,source_reference_record_unreviewed
CFIHOS-65000981,,cubic decimetre per megajoule,dm3/MJ,CFIHOS-45000104,ISOCOM,isothermal compressibility,CFIHOS-60001649,SI,,real,True,sha256:a69b98012d9e4a46495a3aed48eef8ce75a69d001eaa28b4c38cb0f3c921909d,CORE CFIHOS V2.0 CSV/CFIHOS CORE unit of measure v2.0.csv,1058,source_reference_record,source_reference_record_unreviewed
CFIHOS-65000982,,cubic metre per kilowatt hour,m3/(kW.h),CFIHOS-45000104,ISOCOM,isothermal compressibility,CFIHOS-60001649,SI,,real,True,sha256:a69b98012d9e4a46495a3aed48eef8ce75a69d001eaa28b4c38cb0f3c921909d,CORE CFIHOS V2.0 CSV/CFIHOS CORE unit of measure v2.0.csv,1059,source_reference_record,source_reference_record_unreviewed
CFIHOS-65000983,,cubic millimetre per joule,mm3/J,CFIHOS-45000104,ISOCOM,isothermal compressibility,CFIHOS-60001649,SI,,real,True,sha256:a69b98012d9e4a46495a3aed48eef8ce75a69d001eaa28b4c38cb0f3c921909d,CORE CFIHOS V2.0 CSV/CFIHOS CORE unit of measure v2.0.csv,1060,source_reference_record,source_reference_record_unreviewed
CFIHOS-65000984,,UK pint per horsepower hour,pt[UK]/(hp.h),CFIHOS-45000104,ISOCOM,isothermal compressibility,,,,real,True,sha256:a69b98012d9e4a46495a3aed48eef8ce75a69d001eaa28b4c38cb0f3c921909d,CORE CFIHOS V2.0 CSV/CFIHOS CORE unit of measure v2.0.csv,1061,source_reference_record,source_reference_record_unreviewed
CFIHOS-65000985,,carat,ct,CFIHOS-45000013,MASS,mass / weight,,,,real,True,sha256:a69b98012d9e4a46495a3aed48eef8ce75a69d001eaa28b4c38cb0f3c921909d,CORE CFIHOS V2.0 CSV/CFIHOS CORE unit of measure v2.0.csv,1062,source_reference_record,source_reference_record_unreviewed
CFIHOS-65000986,,UK hundredweight,cwt[UK],CFIHOS-45000013,MASS,mass / weight,,,,real,True,sha256:a69b98012d9e4a46495a3aed48eef8ce75a69d001eaa28b4c38cb0f3c921909d,CORE CFIHOS V2.0 CSV/CFIHOS CORE unit of measure v2.0.csv,1063,source_reference_record,source_reference_record_unreviewed
CFIHOS-65000987,,US hundredweight,cwt[US],CFIHOS-45000013,MASS,mass / weight,,,,real,True,sha256:a69b98012d9e4a46495a3aed48eef8ce75a69d001eaa28b4c38cb0f3c921909d,CORE CFIHOS V2.0 CSV/CFIHOS CORE unit of measure v2.0.csv,1064,source_reference_record,source_reference_record_unreviewed
CFIHOS-65000988,GRM,gram,g,CFIHOS-45000013,MASS,mass / weight,CFIHOS-60001649,SI,,real,True,sha256:a69b98012d9e4a46495a3aed48eef8ce75a69d001eaa28b4c38cb0f3c921909d,CORE CFIHOS V2.0 CSV/CFIHOS CORE unit of measure v2.0.csv,1065,source_reference_record,source_reference_record_unreviewed
CFIHOS-65000989,GRN,grain,grain,CFIHOS-45000013,MASS,mass / weight,,,,real,True,sha256:a69b98012d9e4a46495a3aed48eef8ce75a69d001eaa28b4c38cb0f3c921909d,CORE CFIHOS V2.0 CSV/CFIHOS CORE unit of measure v2.0.csv,1066,source_reference_record,source_reference_record_unreviewed
CFIHOS-65000990,,ounce-mass,ozm,CFIHOS-45000013,MASS,mass / weight,,,,real,True,sha256:a69b98012d9e4a46495a3aed48eef8ce75a69d001eaa28b4c38cb0f3c921909d,CORE CFIHOS V2.0 CSV/CFIHOS CORE unit of measure v2.0.csv,1067,source_reference_record,source_reference_record_unreviewed
CFIHOS-65000991,,troy ounce-mass,ozm[troy],CFIHOS-45000013,MASS,mass / weight,,,,real,True,sha256:a69b98012d9e4a46495a3aed48eef8ce75a69d001eaa28b4c38cb0f3c921909d,CORE CFIHOS V2.0 CSV/CFIHOS CORE unit of measure v2.0.csv,1068,source_reference_record,source_reference_record_unreviewed
CFIHOS-65000992,,94 pound-mass sack,sack[94lbm],CFIHOS-45000013,MASS,mass / weight,,,,real,True,sha256:a69b98012d9e4a46495a3aed48eef8ce75a69d001eaa28b4c38cb0f3c921909d,CORE CFIHOS V2.0 CSV/CFIHOS CORE unit of measure v2.0.csv,1069,source_reference_record,source_reference_record_unreviewed
CFIHOS-65000993,,UK ton-mass,ton[UK],CFIHOS-45000013,MASS,mass / weight,,,,real,True,sha256:a69b98012d9e4a46495a3aed48eef8ce75a69d001eaa28b4c38cb0f3c921909d,CORE CFIHOS V2.0 CSV/CFIHOS CORE unit of measure v2.0.csv,1070,source_reference_record,source_reference_record_unreviewed
CFIHOS-65000994,,US ton-mass,ton[US],CFIHOS-45000013,MASS,mass / weight,,,,real,True,sha256:a69b98012d9e4a46495a3aed48eef8ce75a69d001eaa28b4c38cb0f3c921909d,CORE CFIHOS V2.0 CSV/CFIHOS CORE unit of measure v2.0.csv,1071,source_reference_record,source_reference_record_unreviewed
CFIHOS-65000995,,attogram,ag,CFIHOS-45000013,MASS,mass / weight,CFIHOS-60001649,SI,,real,True,sha256:a69b98012d9e4a46495a3aed48eef8ce75a69d001eaa28b4c38cb0f3c921909d,CORE CFIHOS V2.0 CSV/CFIHOS CORE unit of measure v2.0.csv,1072,source_reference_record,source_reference_record_unreviewed
CFIHOS-65000996,CGM,centigram,cg,CFIHOS-45000013,MASS,mass / weight,CFIHOS-60001649,SI,,real,True,sha256:a69b98012d9e4a46495a3aed48eef8ce75a69d001eaa28b4c38cb0f3c921909d,CORE CFIHOS V2.0 CSV/CFIHOS CORE unit of measure v2.0.csv,1073,source_reference_record,source_reference_record_unreviewed
CFIHOS-65000997,,exagram,Eg,CFIHOS-45000013,MASS,mass / weight,CFIHOS-60001649,SI,,real,True,sha256:a69b98012d9e4a46495a3aed48eef8ce75a69d001eaa28b4c38cb0f3c921909d,CORE CFIHOS V2.0 CSV/CFIHOS CORE unit of measure v2.0.csv,1074,source_reference_record,source_reference_record_unreviewed
CFIHOS-65000998,,femtogram,fg,CFIHOS-45000013,MASS,mass / weight,CFIHOS-60001649,SI,,real,True,sha256:a69b98012d9e4a46495a3aed48eef8ce75a69d001eaa28b4c38cb0f3c921909d,CORE CFIHOS V2.0 CSV/CFIHOS CORE unit of measure v2.0.csv,1075,source_reference_record,source_reference_record_unreviewed
CFIHOS-65000999,,gigagram,Gg,CFIHOS-45000013,MASS,mass / weight,CFIHOS-60001649,SI,,real,True,sha256:a69b98012d9e4a46495a3aed48eef8ce75a69d001eaa28b4c38cb0f3c921909d,CORE CFIHOS V2.0 CSV/CFIHOS CORE unit of measure v2.0.csv,1076,source_reference_record,source_reference_record_unreviewed
CFIHOS-65001000,HGM,hectogram,hg,CFIHOS-45000013,MASS,mass / weight,CFIHOS-60001649,SI,,real,True,sha256:a69b98012d9e4a46495a3aed48eef8ce75a69d001eaa28b4c38cb0f3c921909d,CORE CFIHOS V2.0 CSV/CFIHOS CORE unit of measure v2.0.csv,1077,source_reference_record,source_reference_record_unreviewed
CFIHOS-65001001,,thousand pound-mass,klbm,CFIHOS-45000013,MASS,mass / weight,,,,real,True,sha256:a69b98012d9e4a46495a3aed48eef8ce75a69d001eaa28b4c38cb0f3c921909d,CORE CFIHOS V2.0 CSV/CFIHOS CORE unit of measure v2.0.csv,1078,source_reference_record,source_reference_record_unreviewed
CFIHOS-65001002,MGM,milligram,mg,CFIHOS-45000013,MASS,mass / weight,CFIHOS-60001649,SI,,real,True,sha256:a69b98012d9e4a46495a3aed48eef8ce75a69d001eaa28b4c38cb0f3c921909d,CORE CFIHOS V2.0 CSV/CFIHOS CORE unit of measure v2.0.csv,1079,source_reference_record,source_reference_record_unreviewed
CFIHOS-65001003,2U,megagram,Mg,CFIHOS-45000013,MASS,mass / weight,CFIHOS-60001649,SI,,real,True,sha256:a69b98012d9e4a46495a3aed48eef8ce75a69d001eaa28b4c38cb0f3c921909d,CORE CFIHOS V2.0 CSV/CFIHOS CORE unit of measure v2.0.csv,1080,source_reference_record,source_reference_record_unreviewed
CFIHOS-65001004,,nanogram,ng,CFIHOS-45000013,MASS,mass / weight,CFIHOS-60001649,SI,,real,True,sha256:a69b98012d9e4a46495a3aed48eef8ce75a69d001eaa28b4c38cb0f3c921909d,CORE CFIHOS V2.0 CSV/CFIHOS CORE unit of measure v2.0.csv,1081,source_reference_record,source_reference_record_unreviewed
CFIHOS-65001005,,picogram,pg,CFIHOS-45000013,MASS,mass / weight,CFIHOS-60001649,SI,,real,True,sha256:a69b98012d9e4a46495a3aed48eef8ce75a69d001eaa28b4c38cb0f3c921909d,CORE CFIHOS V2.0 CSV/CFIHOS CORE unit of measure v2.0.csv,1082,source_reference_record,source_reference_record_unreviewed
CFIHOS-65001006,,teragram,Tg,CFIHOS-45000013,MASS,mass / weight,CFIHOS-60001649,SI,,real,True,sha256:a69b98012d9e4a46495a3aed48eef8ce75a69d001eaa28b4c38cb0f3c921909d,CORE CFIHOS V2.0 CSV/CFIHOS CORE unit of measure v2.0.csv,1083,source_reference_record,source_reference_record_unreviewed
CFIHOS-65001007,MC,microgram,ug,CFIHOS-45000013,MASS,mass / weight,CFIHOS-60001649,SI,,real,True,sha256:a69b98012d9e4a46495a3aed48eef8ce75a69d001eaa28b4c38cb0f3c921909d,CORE CFIHOS V2.0 CSV/CFIHOS CORE unit of measure v2.0.csv,1084,source_reference_record,source_reference_record_unreviewed
CFIHOS-65001008,,watt per cubic metre delta kelvin,W/(m3.deltaK),CFIHOS-45000174,VOLHTC,volumetric heat transfer coefficient,CFIHOS-60001649,SI,,real,True,sha256:a69b98012d9e4a46495a3aed48eef8ce75a69d001eaa28b4c38cb0f3c921909d,CORE CFIHOS V2.0 CSV/CFIHOS CORE unit of measure v2.0.csv,1085,source_reference_record,source_reference_record_unreviewed
CFIHOS-65001009,,BTU per hour cubic foot delta Fahrenheit,Btu[IT]/(h.ft3.deltaF),CFIHOS-45000174,VOLHTC,volumetric heat transfer coefficient,,,,real,True,sha256:a69b98012d9e4a46495a3aed48eef8ce75a69d001eaa28b4c38cb0f3c921909d,CORE CFIHOS V2.0 CSV/CFIHOS CORE unit of measure v2.0.csv,1086,source_reference_record,source_reference_record_unreviewed
CFIHOS-65001010,,(BTU per second) per cubic foot delta Fahrenheit,Btu[IT]/(s.ft3.deltaF),CFIHOS-45000174,VOLHTC,volumetric heat transfer coefficient,,,,real,True,sha256:a69b98012d9e4a46495a3aed48eef8ce75a69d001eaa28b4c38cb0f3c921909d,CORE CFIHOS V2.0 CSV/CFIHOS CORE unit of measure v2.0.csv,1087,source_reference_record,source_reference_record_unreviewed
CFIHOS-65001011,,killowatt per cubic metre delta kelvin,kW/(m3.deltaK),CFIHOS-45000174,VOLHTC,volumetric heat transfer coefficient,CFIHOS-60001649,SI,,real,True,sha256:a69b98012d9e4a46495a3aed48eef8ce75a69d001eaa28b4c38cb0f3c921909d,CORE CFIHOS V2.0 CSV/CFIHOS CORE unit of measure v2.0.csv,1088,source_reference_record,source_reference_record_unreviewed
CFIHOS-65001012,,watt per square metre delta kelvin,W/(m2.deltaK),CFIHOS-45000100,HTCOEF,heat transfer coefficient,CFIHOS-60001649,SI,,real,True,sha256:a69b98012d9e4a46495a3aed48eef8ce75a69d001eaa28b4c38cb0f3c921909d,CORE CFIHOS V2.0 CSV/CFIHOS CORE unit of measure v2.0.csv,1089,source_reference_record,source_reference_record_unreviewed
CFIHOS-65001013,,BTU per hour square foot delta Fahrenheit,Btu[IT]/(h.ft2.deltaF),CFIHOS-45000100,HTCOEF,heat transfer coefficient,,,,real,True,sha256:a69b98012d9e4a46495a3aed48eef8ce75a69d001eaa28b4c38cb0f3c921909d,CORE CFIHOS V2.0 CSV/CFIHOS CORE unit of measure v2.0.csv,1090,source_reference_record,source_reference_record_unreviewed
CFIHOS-65001014,,BTU per hour square foot delta Rankine,Btu[IT]/(h.ft2.deltaR),CFIHOS-45000100,HTCOEF,heat transfer coefficient,,,,real,True,sha256:a69b98012d9e4a46495a3aed48eef8ce75a69d001eaa28b4c38cb0f3c921909d,CORE CFIHOS V2.0 CSV/CFIHOS CORE unit of measure v2.0.csv,1091,source_reference_record,source_reference_record_unreviewed
CFIHOS-65001015,,BTU per hour square metre delta Celsius,Btu[IT]/(h.m2.deltaC),CFIHOS-45000100,HTCOEF,heat transfer coefficient,,,,real,True,sha256:a69b98012d9e4a46495a3aed48eef8ce75a69d001eaa28b4c38cb0f3c921909d,CORE CFIHOS V2.0 CSV/CFIHOS CORE unit of measure v2.0.csv,1092,source_reference_record,source_reference_record_unreviewed
CFIHOS-65001016,,(BTU per second) per square foot delta Fahrenheit,Btu[IT]/(s.ft2.deltaF),CFIHOS-45000100,HTCOEF,heat transfer coefficient,,,,real,True,sha256:a69b98012d9e4a46495a3aed48eef8ce75a69d001eaa28b4c38cb0f3c921909d,CORE CFIHOS V2.0 CSV/CFIHOS CORE unit of measure v2.0.csv,1093,source_reference_record,source_reference_record_unreviewed
CFIHOS-65001017,,calorie per hour square centimetre delta Celsius,cal[th]/(h.cm2.deltaC),CFIHOS-45000100,HTCOEF,heat transfer coefficient,,,,real,True,sha256:a69b98012d9e4a46495a3aed48eef8ce75a69d001eaa28b4c38cb0f3c921909d,CORE CFIHOS V2.0 CSV/CFIHOS CORE unit of measure v2.0.csv,1094,source_reference_record,source_reference_record_unreviewed
CFIHOS-65001018,,calorie per second square centimetre delta Celsius,cal[th]/(s.cm2.deltaC),CFIHOS-45000100,HTCOEF,heat transfer coefficient,,,,real,True,sha256:a69b98012d9e4a46495a3aed48eef8ce75a69d001eaa28b4c38cb0f3c921909d,CORE CFIHOS V2.0 CSV/CFIHOS CORE unit of measure v2.0.csv,1095,source_reference_record,source_reference_record_unreviewed
CFIHOS-65001019,,joule per second square metre delta Celsius,J/(s.m2.deltaC),CFIHOS-45000100,HTCOEF,heat transfer coefficient,CFIHOS-60001649,SI,,real,True,sha256:a69b98012d9e4a46495a3aed48eef8ce75a69d001eaa28b4c38cb0f3c921909d,CORE CFIHOS V2.0 CSV/CFIHOS CORE unit of measure v2.0.csv,1096,source_reference_record,source_reference_record_unreviewed
CFIHOS-65001020,,thousand calorie per hour square metre delta Celsius,kcal[th]/(h.m2.deltaC),CFIHOS-45000100,HTCOEF,heat transfer coefficient,,,,real,True,sha256:a69b98012d9e4a46495a3aed48eef8ce75a69d001eaa28b4c38cb0f3c921909d,CORE CFIHOS V2.0 CSV/CFIHOS CORE unit of measure v2.0.csv,1097,source_reference_record,source_reference_record_unreviewed
CFIHOS-65001021,,kilojoule per hour square metre delta kelvin,kJ/(h.m2.deltaK),CFIHOS-45000100,HTCOEF,heat transfer coefficient,CFIHOS-60001649,SI,,real,True,sha256:a69b98012d9e4a46495a3aed48eef8ce75a69d001eaa28b4c38cb0f3c921909d,CORE CFIHOS V2.0 CSV/CFIHOS CORE unit of measure v2.0.csv,1098,source_reference_record,source_reference_record_unreviewed
CFIHOS-65001022,,kilowatt per square metre delta kelvin,kW/(m2.deltaK),CFIHOS-45000100,HTCOEF,heat transfer coefficient,CFIHOS-60001649,SI,,real,True,sha256:a69b98012d9e4a46495a3aed48eef8ce75a69d001eaa28b4c38cb0f3c921909d,CORE CFIHOS V2.0 CSV/CFIHOS CORE unit of measure v2.0.csv,1099,source_reference_record,source_reference_record_unreviewed
CFIHOS-65001023,,tesla per metre,T/m,CFIHOS-45000098,FXPERL,magnetic flux density per length,CFIHOS-60001649,SI,,real,True,sha256:a69b98012d9e4a46495a3aed48eef8ce75a69d001eaa28b4c38cb0f3c921909d,CORE CFIHOS V2.0 CSV/CFIHOS CORE unit of measure v2.0.csv,1100,source_reference_record,source_reference_record_unreviewed
CFIHOS-65001024,,gauss per centimetre,gauss/cm,CFIHOS-45000098,FXPERL,magnetic flux density per length,,,,real,True,sha256:a69b98012d9e4a46495a3aed48eef8ce75a69d001eaa28b4c38cb0f3c921909d,CORE CFIHOS V2.0 CSV/CFIHOS CORE unit of measure v2.0.csv,1101,source_reference_record,source_reference_record_unreviewed
CFIHOS-65001025,,millitesla per decimetre,mT/dm,CFIHOS-45000098,FXPERL,magnetic flux density per length,CFIHOS-60001649,SI,,real,True,sha256:a69b98012d9e4a46495a3aed48eef8ce75a69d001eaa28b4c38cb0f3c921909d,CORE CFIHOS V2.0 CSV/CFIHOS CORE unit of measure v2.0.csv,1102,source_reference_record,source_reference_record_unreviewed
CFIHOS-65001026,D33,tesla,T,CFIHOS-45000013;CFIHOS-45000127,MASS;MFLUXD,mass / weight;magnetic flux density,CFIHOS-60001649,SI,,real,True,sha256:a69b98012d9e4a46495a3aed48eef8ce75a69d001eaa28b4c38cb0f3c921909d,CORE CFIHOS V2.0 CSV/CFIHOS CORE unit of measure v2.0.csv,1103,source_reference_record,source_reference_record_unreviewed
CFIHOS-65001027,76,gauss,gauss,CFIHOS-45000127,MFLUXD,magnetic flux density,,,,real,True,sha256:a69b98012d9e4a46495a3aed48eef8ce75a69d001eaa28b4c38cb0f3c921909d,CORE CFIHOS V2.0 CSV/CFIHOS CORE unit of measure v2.0.csv,1104,source_reference_record,source_reference_record_unreviewed
CFIHOS-65001028,,centigauss,cgauss,CFIHOS-45000127,MFLUXD,magnetic flux density,,,,real,True,sha256:a69b98012d9e4a46495a3aed48eef8ce75a69d001eaa28b4c38cb0f3c921909d,CORE CFIHOS V2.0 CSV/CFIHOS CORE unit of measure v2.0.csv,1105,source_reference_record,source_reference_record_unreviewed
CFIHOS-65001029,,centitesla,cT,CFIHOS-45000013;CFIHOS-45000127,MASS;MFLUXD,mass / weight;magnetic flux density,,,,real,True,sha256:a69b98012d9e4a46495a3aed48eef8ce75a69d001eaa28b4c38cb0f3c921909d,CORE CFIHOS V2.0 CSV/CFIHOS CORE unit of measure v2.0.csv,1106,source_reference_record,source_reference_record_unreviewed
CFIHOS-65001030,,decigauss,dgauss,CFIHOS-45000127,MFLUXD,magnetic flux density,,,,real,True,sha256:a69b98012d9e4a46495a3aed48eef8ce75a69d001eaa28b4c38cb0f3c921909d,CORE CFIHOS V2.0 CSV/CFIHOS CORE unit of measure v2.0.csv,1107,source_reference_record,source_reference_record_unreviewed
CFIHOS-65001031,,decitesla,dT,CFIHOS-45000127,MFLUXD,magnetic flux density,CFIHOS-60001649,SI,,real,True,sha256:a69b98012d9e4a46495a3aed48eef8ce75a69d001eaa28b4c38cb0f3c921909d,CORE CFIHOS V2.0 CSV/CFIHOS CORE unit of measure v2.0.csv,1108,source_reference_record,source_reference_record_unreviewed
CFIHOS-65001032,,exagauss,Egauss,CFIHOS-45000127,MFLUXD,magnetic flux density,,,,real,True,sha256:a69b98012d9e4a46495a3aed48eef8ce75a69d001eaa28b4c38cb0f3c921909d,CORE CFIHOS V2.0 CSV/CFIHOS CORE unit of measure v2.0.csv,1109,source_reference_record,source_reference_record_unreviewed
CFIHOS-65001033,,exatesla,ET,CFIHOS-45000127,MFLUXD,magnetic flux density,CFIHOS-60001649,SI,,real,True,sha256:a69b98012d9e4a46495a3aed48eef8ce75a69d001eaa28b4c38cb0f3c921909d,CORE CFIHOS V2.0 CSV/CFIHOS CORE unit of measure v2.0.csv,1110,source_reference_record,source_reference_record_unreviewed
CFIHOS-65001034,,femtogauss,fgauss,CFIHOS-45000127,MFLUXD,magnetic flux density,,,,real,True,sha256:a69b98012d9e4a46495a3aed48eef8ce75a69d001eaa28b4c38cb0f3c921909d,CORE CFIHOS V2.0 CSV/CFIHOS CORE unit of measure v2.0.csv,1111,source_reference_record,source_reference_record_unreviewed
CFIHOS-65001035,,femtotesla,fT,CFIHOS-45000011;CFIHOS-45000127,LENGTH;MFLUXD,length;magnetic flux density,,,,real,True,sha256:a69b98012d9e4a46495a3aed48eef8ce75a69d001eaa28b4c38cb0f3c921909d,CORE CFIHOS V2.0 CSV/CFIHOS CORE unit of measure v2.0.csv,1112,source_reference_record,source_reference_record_unreviewed
CFIHOS-65001036,,gigagauss,Ggauss,CFIHOS-45000127,MFLUXD,magnetic flux density,,,,real,True,sha256:a69b98012d9e4a46495a3aed48eef8ce75a69d001eaa28b4c38cb0f3c921909d,CORE CFIHOS V2.0 CSV/CFIHOS CORE unit of measure v2.0.csv,1113,source_reference_record,source_reference_record_unreviewed
CFIHOS-65001037,,gigatesla,GT,CFIHOS-45000127,MFLUXD,magnetic flux density,CFIHOS-60001649,SI,,real,True,sha256:a69b98012d9e4a46495a3aed48eef8ce75a69d001eaa28b4c38cb0f3c921909d,CORE CFIHOS V2.0 CSV/CFIHOS CORE unit of measure v2.0.csv,1114,source_reference_record,source_reference_record_unreviewed
CFIHOS-65001038,78,kilogauss,kgauss,CFIHOS-45000127,MFLUXD,magnetic flux density,,,,real,True,sha256:a69b98012d9e4a46495a3aed48eef8ce75a69d001eaa28b4c38cb0f3c921909d,CORE CFIHOS V2.0 CSV/CFIHOS CORE unit of measure v2.0.csv,1115,source_reference_record,source_reference_record_unreviewed
CFIHOS-65001039,P13,kilotesla,kT,CFIHOS-45000127,MFLUXD,magnetic flux density,CFIHOS-60001649,SI,,real,True,sha256:a69b98012d9e4a46495a3aed48eef8ce75a69d001eaa28b4c38cb0f3c921909d,CORE CFIHOS V2.0 CSV/CFIHOS CORE unit of measure v2.0.csv,1116,source_reference_record,source_reference_record_unreviewed
CFIHOS-65001040,,milligauss,mgauss,CFIHOS-45000127,MFLUXD,magnetic flux density,,,,real,True,sha256:a69b98012d9e4a46495a3aed48eef8ce75a69d001eaa28b4c38cb0f3c921909d,CORE CFIHOS V2.0 CSV/CFIHOS CORE unit of measure v2.0.csv,1117,source_reference_record,source_reference_record_unreviewed
CFIHOS-65001041,,megagauss,Mgauss,CFIHOS-45000127,MFLUXD,magnetic flux density,,,,real,True,sha256:a69b98012d9e4a46495a3aed48eef8ce75a69d001eaa28b4c38cb0f3c921909d,CORE CFIHOS V2.0 CSV/CFIHOS CORE unit of measure v2.0.csv,1118,source_reference_record,source_reference_record_unreviewed
CFIHOS-65001042,C29,millitesla,mT,CFIHOS-45000127,MFLUXD,magnetic flux density,CFIHOS-60001649,SI,,real,True,sha256:a69b98012d9e4a46495a3aed48eef8ce75a69d001eaa28b4c38cb0f3c921909d,CORE CFIHOS V2.0 CSV/CFIHOS CORE unit of measure v2.0.csv,1119,source_reference_record,source_reference_record_unreviewed
CFIHOS-65001043,,nanogauss,ngauss,CFIHOS-45000127,MFLUXD,magnetic flux density,,,,real,True,sha256:a69b98012d9e4a46495a3aed48eef8ce75a69d001eaa28b4c38cb0f3c921909d,CORE CFIHOS V2.0 CSV/CFIHOS CORE unit of measure v2.0.csv,1120,source_reference_record,source_reference_record_unreviewed
CFIHOS-65001044,C48,nanotesla,nT,CFIHOS-45000127,MFLUXD,magnetic flux density,CFIHOS-60001649,SI,,real,True,sha256:a69b98012d9e4a46495a3aed48eef8ce75a69d001eaa28b4c38cb0f3c921909d,CORE CFIHOS V2.0 CSV/CFIHOS CORE unit of measure v2.0.csv,1121,source_reference_record,source_reference_record_unreviewed
CFIHOS-65001045,,picogauss,pgauss,CFIHOS-45000127,MFLUXD,magnetic flux density,,,,real,True,sha256:a69b98012d9e4a46495a3aed48eef8ce75a69d001eaa28b4c38cb0f3c921909d,CORE CFIHOS V2.0 CSV/CFIHOS CORE unit of measure v2.0.csv,1122,source_reference_record,source_reference_record_unreviewed
CFIHOS-65001046,,picotesla,pT,CFIHOS-45000127,MFLUXD,magnetic flux density,CFIHOS-60001649,SI,,real,True,sha256:a69b98012d9e4a46495a3aed48eef8ce75a69d001eaa28b4c38cb0f3c921909d,CORE CFIHOS V2.0 CSV/CFIHOS CORE unit of measure v2.0.csv,1123,source_reference_record,source_reference_record_unreviewed
CFIHOS-65001047,,teragauss,Tgauss,CFIHOS-45000127,MFLUXD,magnetic flux density,,,,real,True,sha256:a69b98012d9e4a46495a3aed48eef8ce75a69d001eaa28b4c38cb0f3c921909d,CORE CFIHOS V2.0 CSV/CFIHOS CORE unit of measure v2.0.csv,1124,source_reference_record,source_reference_record_unreviewed
CFIHOS-65001048,,teratesla,TT,CFIHOS-45000127,MFLUXD,magnetic flux density,CFIHOS-60001649,SI,,real,True,sha256:a69b98012d9e4a46495a3aed48eef8ce75a69d001eaa28b4c38cb0f3c921909d,CORE CFIHOS V2.0 CSV/CFIHOS CORE unit of measure v2.0.csv,1125,source_reference_record,source_reference_record_unreviewed
CFIHOS-65001049,,microgauss,ugauss,CFIHOS-45000127,MFLUXD,magnetic flux density,,,,real,True,sha256:a69b98012d9e4a46495a3aed48eef8ce75a69d001eaa28b4c38cb0f3c921909d,CORE CFIHOS V2.0 CSV/CFIHOS CORE unit of measure v2.0.csv,1126,source_reference_record,source_reference_record_unreviewed
CFIHOS-65001050,D81,microtesla,uT,CFIHOS-45000127,MFLUXD,magnetic flux density,CFIHOS-60001649,SI,,real,True,sha256:a69b98012d9e4a46495a3aed48eef8ce75a69d001eaa28b4c38cb0f3c921909d,CORE CFIHOS V2.0 CSV/CFIHOS CORE unit of measure v2.0.csv,1127,source_reference_record,source_reference_record_unreviewed
CFIHOS-65001051,KL,kilogram per metre,kg/m,CFIHOS-45000126,MASSPL,mass per length,CFIHOS-60001649,SI,,real,True,sha256:a69b98012d9e4a46495a3aed48eef8ce75a69d001eaa28b4c38cb0f3c921909d,CORE CFIHOS V2.0 CSV/CFIHOS CORE unit of measure v2.0.csv,1128,source_reference_record,source_reference_record_unreviewed
CFIHOS-65001052,,kilogram metre per square centimetre,kg.m/cm2,CFIHOS-45000126,MASSPL,mass per length,CFIHOS-60001649,SI,,real,True,sha256:a69b98012d9e4a46495a3aed48eef8ce75a69d001eaa28b4c38cb0f3c921909d,CORE CFIHOS V2.0 CSV/CFIHOS CORE unit of measure v2.0.csv,1129,source_reference_record,source_reference_record_unreviewed
CFIHOS-65001053,,thousand pound-mass per inch,klbm/in,CFIHOS-45000126,MASSPL,mass per length,,,,real,True,sha256:a69b98012d9e4a46495a3aed48eef8ce75a69d001eaa28b4c38cb0f3c921909d,CORE CFIHOS V2.0 CSV/CFIHOS CORE unit of measure v2.0.csv,1130,source_reference_record,source_reference_record_unreviewed
CFIHOS-65001054,,pound-mass per foot,lbm/ft,CFIHOS-45000126,MASSPL,mass per length,,,,real,True,sha256:a69b98012d9e4a46495a3aed48eef8ce75a69d001eaa28b4c38cb0f3c921909d,CORE CFIHOS V2.0 CSV/CFIHOS CORE unit of measure v2.0.csv,1131,source_reference_record,source_reference_record_unreviewed
CFIHOS-65001055,,megagram per inch,Mg/in,CFIHOS-45000126,MASSPL,mass per length,,,,real,True,sha256:a69b98012d9e4a46495a3aed48eef8ce75a69d001eaa28b4c38cb0f3c921909d,CORE CFIHOS V2.0 CSV/CFIHOS CORE unit of measure v2.0.csv,1132,source_reference_record,source_reference_record_unreviewed
CFIHOS-65001056,28,kilogram per square metre,kg/m2,CFIHOS-45000124,MASSPA,mass per area,CFIHOS-60001649,SI,,real,True,sha256:a69b98012d9e4a46495a3aed48eef8ce75a69d001eaa28b4c38cb0f3c921909d,CORE CFIHOS V2.0 CSV/CFIHOS CORE unit of measure v2.0.csv,1133,source_reference_record,source_reference_record_unreviewed
CFIHOS-65001057,,pound-mass per hundred square foot,0.01 lbm/ft2,CFIHOS-45000124,MASSPA,mass per area,,,,real,True,sha256:a69b98012d9e4a46495a3aed48eef8ce75a69d001eaa28b4c38cb0f3c921909d,CORE CFIHOS V2.0 CSV/CFIHOS CORE unit of measure v2.0.csv,1134,source_reference_record,source_reference_record_unreviewed
CFIHOS-65001058,,pound-mass per square foot,lbm/ft2,CFIHOS-45000124,MASSPA,mass per area,,,,real,True,sha256:a69b98012d9e4a46495a3aed48eef8ce75a69d001eaa28b4c38cb0f3c921909d,CORE CFIHOS V2.0 CSV/CFIHOS CORE unit of measure v2.0.csv,1135,source_reference_record,source_reference_record_unreviewed
CFIHOS-65001059,,megagram per square metre,Mg/m2,CFIHOS-45000124,MASSPA,mass per area,CFIHOS-60001649,SI,,real,True,sha256:a69b98012d9e4a46495a3aed48eef8ce75a69d001eaa28b4c38cb0f3c921909d,CORE CFIHOS V2.0 CSV/CFIHOS CORE unit of measure v2.0.csv,1136,source_reference_record,source_reference_record_unreviewed
CFIHOS-65001060,,US ton-mass per square foot,ton[US]/ft2,CFIHOS-45000124,MASSPA,mass per area,,,,real,True,sha256:a69b98012d9e4a46495a3aed48eef8ce75a69d001eaa28b4c38cb0f3c921909d,CORE CFIHOS V2.0 CSV/CFIHOS CORE unit of measure v2.0.csv,1137,source_reference_record,source_reference_record_unreviewed
CFIHOS-65001061,H56,kilogram per square metre second,kg/(m2.s),CFIHOS-45000163,SCATTA,(mass per time) per area,CFIHOS-60001649,SI,,real,True,sha256:a69b98012d9e4a46495a3aed48eef8ce75a69d001eaa28b4c38cb0f3c921909d,CORE CFIHOS V2.0 CSV/CFIHOS CORE unit of measure v2.0.csv,1138,source_reference_record,source_reference_record_unreviewed
CFIHOS-65001062,,gram foot per cubic centimetre second,g.ft/(cm3.s),CFIHOS-45000163,SCATTA,(mass per time) per area,,,,real,True,sha256:a69b98012d9e4a46495a3aed48eef8ce75a69d001eaa28b4c38cb0f3c921909d,CORE CFIHOS V2.0 CSV/CFIHOS CORE unit of measure v2.0.csv,1139,source_reference_record,source_reference_record_unreviewed
CFIHOS-65001063,,gram metre per cubic centimetre second,g.m/(cm3.s),CFIHOS-45000163,SCATTA,(mass per time) per area,CFIHOS-60001649,SI,,real,True,sha256:a69b98012d9e4a46495a3aed48eef8ce75a69d001eaa28b4c38cb0f3c921909d,CORE CFIHOS V2.0 CSV/CFIHOS CORE unit of measure v2.0.csv,1140,source_reference_record,source_reference_record_unreviewed
CFIHOS-65001064,,kilopascal second per metre,kPa.s/m,CFIHOS-45000163,SCATTA,(mass per time) per area,CFIHOS-60001649,SI,,real,True,sha256:a69b98012d9e4a46495a3aed48eef8ce75a69d001eaa28b4c38cb0f3c921909d,CORE CFIHOS V2.0 CSV/CFIHOS CORE unit of measure v2.0.csv,1141,source_reference_record,source_reference_record_unreviewed
CFIHOS-65001065,,pound-mass per square foot hour,lbm/(ft2.h),CFIHOS-45000163,SCATTA,(mass per time) per area,,,,real,True,sha256:a69b98012d9e4a46495a3aed48eef8ce75a69d001eaa28b4c38cb0f3c921909d,CORE CFIHOS V2.0 CSV/CFIHOS CORE unit of measure v2.0.csv,1142,source_reference_record,source_reference_record_unreviewed
CFIHOS-65001066,,pound-mass per square foot second,lbm/(ft2.s),CFIHOS-45000163,SCATTA,(mass per time) per area,,,,real,True,sha256:a69b98012d9e4a46495a3aed48eef8ce75a69d001eaa28b4c38cb0f3c921909d,CORE CFIHOS V2.0 CSV/CFIHOS CORE unit of measure v2.0.csv,1143,source_reference_record,source_reference_record_unreviewed
CFIHOS-65001067,,megapascal second per metre,MPa.s/m,CFIHOS-45000163,SCATTA,(mass per time) per area,CFIHOS-60001649,SI,,real,True,sha256:a69b98012d9e4a46495a3aed48eef8ce75a69d001eaa28b4c38cb0f3c921909d,CORE CFIHOS V2.0 CSV/CFIHOS CORE unit of measure v2.0.csv,1144,source_reference_record,source_reference_record_unreviewed
CFIHOS-65001068,,newton per cubic metre,N/m3,CFIHOS-45000094,FORCPV,force per volume,CFIHOS-60001649,SI,,real,True,sha256:a69b98012d9e4a46495a3aed48eef8ce75a69d001eaa28b4c38cb0f3c921909d,CORE CFIHOS V2.0 CSV/CFIHOS CORE unit of measure v2.0.csv,1145,source_reference_record,source_reference_record_unreviewed
CFIHOS-65001069,,psi per thousand foot,0.001 psi/ft,CFIHOS-45000094,FORCPV,force per volume,,,,real,True,sha256:a69b98012d9e4a46495a3aed48eef8ce75a69d001eaa28b4c38cb0f3c921909d,CORE CFIHOS V2.0 CSV/CFIHOS CORE unit of measure v2.0.csv,1146,source_reference_record,source_reference_record_unreviewed
CFIHOS-65001070,,psi per hundred foot,0.01 psi/ft,CFIHOS-45000094,FORCPV,force per volume,,,,real,True,sha256:a69b98012d9e4a46495a3aed48eef8ce75a69d001eaa28b4c38cb0f3c921909d,CORE CFIHOS V2.0 CSV/CFIHOS CORE unit of measure v2.0.csv,1147,source_reference_record,source_reference_record_unreviewed
CFIHOS-65001071,,standard atmosphere per foot,atm/ft,CFIHOS-45000094,FORCPV,force per volume,,,,real,True,sha256:a69b98012d9e4a46495a3aed48eef8ce75a69d001eaa28b4c38cb0f3c921909d,CORE CFIHOS V2.0 CSV/CFIHOS CORE unit of measure v2.0.csv,1148,source_reference_record,source_reference_record_unreviewed
CFIHOS-65001072,,standard atmosphere per hundred metre,atm/hm,CFIHOS-45000094,FORCPV,force per volume,,,,real,True,sha256:a69b98012d9e4a46495a3aed48eef8ce75a69d001eaa28b4c38cb0f3c921909d,CORE CFIHOS V2.0 CSV/CFIHOS CORE unit of measure v2.0.csv,1149,source_reference_record,source_reference_record_unreviewed
CFIHOS-65001073,P83,standard atmosphere per metre,atm/m,CFIHOS-45000094,FORCPV,force per volume,,,,real,True,sha256:a69b98012d9e4a46495a3aed48eef8ce75a69d001eaa28b4c38cb0f3c921909d,CORE CFIHOS V2.0 CSV/CFIHOS CORE unit of measure v2.0.csv,1150,source_reference_record,source_reference_record_unreviewed
CFIHOS-65001074,,bar per kilometre,bar/km,CFIHOS-45000094,FORCPV,force per volume,CFIHOS-60001649,SI,,real,True,sha256:a69b98012d9e4a46495a3aed48eef8ce75a69d001eaa28b4c38cb0f3c921909d,CORE CFIHOS V2.0 CSV/CFIHOS CORE unit of measure v2.0.csv,1151,source_reference_record,source_reference_record_unreviewed
CFIHOS-65001075,,bar per metre,bar/m,CFIHOS-45000094,FORCPV,force per volume,CFIHOS-60001649,SI,,real,True,sha256:a69b98012d9e4a46495a3aed48eef8ce75a69d001eaa28b4c38cb0f3c921909d,CORE CFIHOS V2.0 CSV/CFIHOS CORE unit of measure v2.0.csv,1152,source_reference_record,source_reference_record_unreviewed
CFIHOS-65001076,,gigapascal per centimetre,GPa/cm,CFIHOS-45000094,FORCPV,force per volume,CFIHOS-60001649,SI,,real,True,sha256:a69b98012d9e4a46495a3aed48eef8ce75a69d001eaa28b4c38cb0f3c921909d,CORE CFIHOS V2.0 CSV/CFIHOS CORE unit of measure v2.0.csv,1153,source_reference_record,source_reference_record_unreviewed
CFIHOS-65001077,,kilopascal per hectometre,kPa/hm,CFIHOS-45000094,FORCPV,force per volume,CFIHOS-60001649,SI,,real,True,sha256:a69b98012d9e4a46495a3aed48eef8ce75a69d001eaa28b4c38cb0f3c921909d,CORE CFIHOS V2.0 CSV/CFIHOS CORE unit of measure v2.0.csv,1154,source_reference_record,source_reference_record_unreviewed
CFIHOS-65001078,P81,kilopascal per metre,kPa/m,CFIHOS-45000094,FORCPV,force per volume,CFIHOS-60001649,SI,,real,True,sha256:a69b98012d9e4a46495a3aed48eef8ce75a69d001eaa28b4c38cb0f3c921909d,CORE CFIHOS V2.0 CSV/CFIHOS CORE unit of measure v2.0.csv,1155,source_reference_record,source_reference_record_unreviewed
CFIHOS-65001079,,pound-force per cubic foot,lbf/ft3,CFIHOS-45000094,FORCPV,force per volume,,,,real,True,sha256:a69b98012d9e4a46495a3aed48eef8ce75a69d001eaa28b4c38cb0f3c921909d,CORE CFIHOS V2.0 CSV/CFIHOS CORE unit of measure v2.0.csv,1156,source_reference_record,source_reference_record_unreviewed
CFIHOS-65001080,,pound-force per US gallon,lbf/gal[US],CFIHOS-45000094,FORCPV,force per volume,,,,real,True,sha256:a69b98012d9e4a46495a3aed48eef8ce75a69d001eaa28b4c38cb0f3c921909d,CORE CFIHOS V2.0 CSV/CFIHOS CORE unit of measure v2.0.csv,1157,source_reference_record,source_reference_record_unreviewed
CFIHOS-65001081,,megapascal per metre,MPa/m,CFIHOS-45000094,FORCPV,force per volume,CFIHOS-60001649,SI,,real,True,sha256:a69b98012d9e4a46495a3aed48eef8ce75a69d001eaa28b4c38cb0f3c921909d,CORE CFIHOS V2.0 CSV/CFIHOS CORE unit of measure v2.0.csv,1158,source_reference_record,source_reference_record_unreviewed
CFIHOS-65001082,H42,pascal per metre,Pa/m,CFIHOS-45000094,FORCPV,force per volume,CFIHOS-60001649,SI,,real,True,sha256:a69b98012d9e4a46495a3aed48eef8ce75a69d001eaa28b4c38cb0f3c921909d,CORE CFIHOS V2.0 CSV/CFIHOS CORE unit of measure v2.0.csv,1159,source_reference_record,source_reference_record_unreviewed
CFIHOS-65001083,,psi per foot,psi/ft,CFIHOS-45000094,FORCPV,force per volume,,,,real,True,sha256:a69b98012d9e4a46495a3aed48eef8ce75a69d001eaa28b4c38cb0f3c921909d,CORE CFIHOS V2.0 CSV/CFIHOS CORE unit of measure v2.0.csv,1160,source_reference_record,source_reference_record_unreviewed
CFIHOS-65001084,,psi per metre,psi/m,CFIHOS-45000094,FORCPV,force per volume,,,,real,True,sha256:a69b98012d9e4a46495a3aed48eef8ce75a69d001eaa28b4c38cb0f3c921909d,CORE CFIHOS V2.0 CSV/CFIHOS CORE unit of measure v2.0.csv,1161,source_reference_record,source_reference_record_unreviewed
CFIHOS-65001085,,pound-mass per thousand barrel,0.001 lbm/bbl,CFIHOS-45000002,DENSI,density,,,,real,True,sha256:a69b98012d9e4a46495a3aed48eef8ce75a69d001eaa28b4c38cb0f3c921909d,CORE CFIHOS V2.0 CSV/CFIHOS CORE unit of measure v2.0.csv,1162,source_reference_record,source_reference_record_unreviewed
CFIHOS-65001086,,pound-mass per thousand UK gallon,0.001 lbm/gal[UK],CFIHOS-45000002,DENSI,density,,,,real,True,sha256:a69b98012d9e4a46495a3aed48eef8ce75a69d001eaa28b4c38cb0f3c921909d,CORE CFIHOS V2.0 CSV/CFIHOS CORE unit of measure v2.0.csv,1163,source_reference_record,source_reference_record_unreviewed
CFIHOS-65001087,,pound-mass per thousand US gallon,0.001 lbm/gal[US],CFIHOS-45000002,DENSI,density,,,,real,True,sha256:a69b98012d9e4a46495a3aed48eef8ce75a69d001eaa28b4c38cb0f3c921909d,CORE CFIHOS V2.0 CSV/CFIHOS CORE unit of measure v2.0.csv,1164,source_reference_record,source_reference_record_unreviewed
CFIHOS-65001088,,grain per hundred cubic foot,0.01 grain/ft3,CFIHOS-45000002,DENSI,density,,,,real,True,sha256:a69b98012d9e4a46495a3aed48eef8ce75a69d001eaa28b4c38cb0f3c921909d,CORE CFIHOS V2.0 CSV/CFIHOS CORE unit of measure v2.0.csv,1165,source_reference_record,source_reference_record_unreviewed
CFIHOS-65001089,,pound-mass per ten barrel,0.1 lbm/bbl,CFIHOS-45000002,DENSI,density,,,,real,True,sha256:a69b98012d9e4a46495a3aed48eef8ce75a69d001eaa28b4c38cb0f3c921909d,CORE CFIHOS V2.0 CSV/CFIHOS CORE unit of measure v2.0.csv,1166,source_reference_record,source_reference_record_unreviewed
CFIHOS-65001090,,ten thousand kilogram per cubic metre,10 Mg/m3,CFIHOS-45000002,DENSI,density,,,,real,True,sha256:a69b98012d9e4a46495a3aed48eef8ce75a69d001eaa28b4c38cb0f3c921909d,CORE CFIHOS V2.0 CSV/CFIHOS CORE unit of measure v2.0.csv,1167,source_reference_record,source_reference_record_unreviewed
CFIHOS-65001091,23,gram per cubic centimetre,g/cm3,CFIHOS-45000002,DENSI,density,CFIHOS-60001649,SI,,real,True,sha256:a69b98012d9e4a46495a3aed48eef8ce75a69d001eaa28b4c38cb0f3c921909d,CORE CFIHOS V2.0 CSV/CFIHOS CORE unit of measure v2.0.csv,1168,source_reference_record,source_reference_record_unreviewed
CFIHOS-65001092,F23,gram per cubic decimetre,g/dm3,CFIHOS-45000002,DENSI,density,CFIHOS-60001649,SI,,real,True,sha256:a69b98012d9e4a46495a3aed48eef8ce75a69d001eaa28b4c38cb0f3c921909d,CORE CFIHOS V2.0 CSV/CFIHOS CORE unit of measure v2.0.csv,1169,source_reference_record,source_reference_record_unreviewed
CFIHOS-65001093,,gram per UK gallon,g/gal[UK],CFIHOS-45000002,DENSI,density,,,,real,True,sha256:a69b98012d9e4a46495a3aed48eef8ce75a69d001eaa28b4c38cb0f3c921909d,CORE CFIHOS V2.0 CSV/CFIHOS CORE unit of measure v2.0.csv,1170,source_reference_record,source_reference_record_unreviewed
CFIHOS-65001094,,gram per US gallon,g/gal[US],CFIHOS-45000002,DENSI,density,,,,real,True,sha256:a69b98012d9e4a46495a3aed48eef8ce75a69d001eaa28b4c38cb0f3c921909d,CORE CFIHOS V2.0 CSV/CFIHOS CORE unit of measure v2.0.csv,1171,source_reference_record,source_reference_record_unreviewed
CFIHOS-65001095,GL,gram per litre,g/L,CFIHOS-45000002,DENSI,density,CFIHOS-60001649,SI,,real,True,sha256:a69b98012d9e4a46495a3aed48eef8ce75a69d001eaa28b4c38cb0f3c921909d,CORE CFIHOS V2.0 CSV/CFIHOS CORE unit of measure v2.0.csv,1172,source_reference_record,source_reference_record_unreviewed
CFIHOS-65001096,A93,gram per cubic metre,g/m3,CFIHOS-45000002,DENSI,density,CFIHOS-60001649,SI,,real,True,sha256:a69b98012d9e4a46495a3aed48eef8ce75a69d001eaa28b4c38cb0f3c921909d,CORE CFIHOS V2.0 CSV/CFIHOS CORE unit of measure v2.0.csv,1173,source_reference_record,source_reference_record_unreviewed
CFIHOS-65001097,,grain per cubic foot,grain/ft3,CFIHOS-45000002,DENSI,density,,,,real,True,sha256:a69b98012d9e4a46495a3aed48eef8ce75a69d001eaa28b4c38cb0f3c921909d,CORE CFIHOS V2.0 CSV/CFIHOS CORE unit of measure v2.0.csv,1174,source_reference_record,source_reference_record_unreviewed
CFIHOS-65001098,,grain per US gallon,grain/gal[US],CFIHOS-45000002,DENSI,density,,,,real,True,sha256:a69b98012d9e4a46495a3aed48eef8ce75a69d001eaa28b4c38cb0f3c921909d,CORE CFIHOS V2.0 CSV/CFIHOS CORE unit of measure v2.0.csv,1175,source_reference_record,source_reference_record_unreviewed
CFIHOS-65001099,B34,kilogram per cubic decimetre,kg/dm3,CFIHOS-45000002,DENSI,density,CFIHOS-60001649,SI,,real,True,sha256:a69b98012d9e4a46495a3aed48eef8ce75a69d001eaa28b4c38cb0f3c921909d,CORE CFIHOS V2.0 CSV/CFIHOS CORE unit of measure v2.0.csv,1176,source_reference_record,source_reference_record_unreviewed
CFIHOS-65001100,B35,kilogram per litre,kg/L,CFIHOS-45000002,DENSI,density,CFIHOS-60001649,SI,,real,True,sha256:a69b98012d9e4a46495a3aed48eef8ce75a69d001eaa28b4c38cb0f3c921909d,CORE CFIHOS V2.0 CSV/CFIHOS CORE unit of measure v2.0.csv,1177,source_reference_record,source_reference_record_unreviewed
CFIHOS-65001101,,pound-mass per barrel,lbm/bbl,CFIHOS-45000002,DENSI,density,,,,real,True,sha256:a69b98012d9e4a46495a3aed48eef8ce75a69d001eaa28b4c38cb0f3c921909d,CORE CFIHOS V2.0 CSV/CFIHOS CORE unit of measure v2.0.csv,1178,source_reference_record,source_reference_record_unreviewed
CFIHOS-65001102,,pound-mass per UK gallon,lbm/gal[UK],CFIHOS-45000002,DENSI,density,,,,real,True,sha256:a69b98012d9e4a46495a3aed48eef8ce75a69d001eaa28b4c38cb0f3c921909d,CORE CFIHOS V2.0 CSV/CFIHOS CORE unit of measure v2.0.csv,1179,source_reference_record,source_reference_record_unreviewed
CFIHOS-65001103,,pound-mass per US gallon,lbm/gal[US],CFIHOS-45000002,DENSI,density,,,,real,True,sha256:a69b98012d9e4a46495a3aed48eef8ce75a69d001eaa28b4c38cb0f3c921909d,CORE CFIHOS V2.0 CSV/CFIHOS CORE unit of measure v2.0.csv,1180,source_reference_record,source_reference_record_unreviewed
CFIHOS-65001104,,pound-mass per cubic inch,lbm/in3,CFIHOS-45000002,DENSI,density,,,,real,True,sha256:a69b98012d9e4a46495a3aed48eef8ce75a69d001eaa28b4c38cb0f3c921909d,CORE CFIHOS V2.0 CSV/CFIHOS CORE unit of measure v2.0.csv,1181,source_reference_record,source_reference_record_unreviewed
CFIHOS-65001105,,milligram per cubic decimetre,mg/dm3,CFIHOS-45000002,DENSI,density,CFIHOS-60001649,SI,,real,True,sha256:a69b98012d9e4a46495a3aed48eef8ce75a69d001eaa28b4c38cb0f3c921909d,CORE CFIHOS V2.0 CSV/CFIHOS CORE unit of measure v2.0.csv,1182,source_reference_record,source_reference_record_unreviewed
CFIHOS-65001106,,milligram per US gallon,mg/gal[US],CFIHOS-45000002,DENSI,density,,,,real,True,sha256:a69b98012d9e4a46495a3aed48eef8ce75a69d001eaa28b4c38cb0f3c921909d,CORE CFIHOS V2.0 CSV/CFIHOS CORE unit of measure v2.0.csv,1183,source_reference_record,source_reference_record_unreviewed
CFIHOS-65001107,M1,milligram per litre,mg/L,CFIHOS-45000002,DENSI,density,CFIHOS-60001649,SI,,real,True,sha256:a69b98012d9e4a46495a3aed48eef8ce75a69d001eaa28b4c38cb0f3c921909d,CORE CFIHOS V2.0 CSV/CFIHOS CORE unit of measure v2.0.csv,1184,source_reference_record,source_reference_record_unreviewed
CFIHOS-65001108,B72,megagram per cubic metre,Mg/m3,CFIHOS-45000002,DENSI,density,CFIHOS-60001649,SI,,real,True,sha256:a69b98012d9e4a46495a3aed48eef8ce75a69d001eaa28b4c38cb0f3c921909d,CORE CFIHOS V2.0 CSV/CFIHOS CORE unit of measure v2.0.csv,1185,source_reference_record,source_reference_record_unreviewed
CFIHOS-65001109,GP,milligram per cubic metre,mg/m3,CFIHOS-45000002,DENSI,density,CFIHOS-60001649,SI,,real,True,sha256:a69b98012d9e4a46495a3aed48eef8ce75a69d001eaa28b4c38cb0f3c921909d,CORE CFIHOS V2.0 CSV/CFIHOS CORE unit of measure v2.0.csv,1186,source_reference_record,source_reference_record_unreviewed
CFIHOS-65001110,D41,tonne per cubic metre,t/m3,CFIHOS-45000002,DENSI,density,CFIHOS-60001649,SI,,real,True,sha256:a69b98012d9e4a46495a3aed48eef8ce75a69d001eaa28b4c38cb0f3c921909d,CORE CFIHOS V2.0 CSV/CFIHOS CORE unit of measure v2.0.csv,1187,source_reference_record,source_reference_record_unreviewed
CFIHOS-65001111,,microgram per cubic centimetre,ug/cm3,CFIHOS-45000002,DENSI,density,CFIHOS-60001649,SI,,real,True,sha256:a69b98012d9e4a46495a3aed48eef8ce75a69d001eaa28b4c38cb0f3c921909d,CORE CFIHOS V2.0 CSV/CFIHOS CORE unit of measure v2.0.csv,1188,source_reference_record,source_reference_record_unreviewed
CFIHOS-65001112,,kilogram per metre to the fourth power,kg/m4,CFIHOS-45000134,MPVPL,(mass per volume) per length,CFIHOS-60001649,SI,,real,True,sha256:a69b98012d9e4a46495a3aed48eef8ce75a69d001eaa28b4c38cb0f3c921909d,CORE CFIHOS V2.0 CSV/CFIHOS CORE unit of measure v2.0.csv,1189,source_reference_record,source_reference_record_unreviewed
CFIHOS-65001113,,gram per centimetre to the fourth power,g/cm4,CFIHOS-45000134,MPVPL,(mass per volume) per length,CFIHOS-60001649,SI,,real,True,sha256:a69b98012d9e4a46495a3aed48eef8ce75a69d001eaa28b4c38cb0f3c921909d,CORE CFIHOS V2.0 CSV/CFIHOS CORE unit of measure v2.0.csv,1190,source_reference_record,source_reference_record_unreviewed
CFIHOS-65001114,,kilogram per decimetre to the fourth power,kg/dm4,CFIHOS-45000134,MPVPL,(mass per volume) per length,CFIHOS-60001649,SI,,real,True,sha256:a69b98012d9e4a46495a3aed48eef8ce75a69d001eaa28b4c38cb0f3c921909d,CORE CFIHOS V2.0 CSV/CFIHOS CORE unit of measure v2.0.csv,1191,source_reference_record,source_reference_record_unreviewed
CFIHOS-65001115,,pound-mass per UK gallon foot,lbm/(gal[UK].ft),CFIHOS-45000134,MPVPL,(mass per volume) per length,,,,real,True,sha256:a69b98012d9e4a46495a3aed48eef8ce75a69d001eaa28b4c38cb0f3c921909d,CORE CFIHOS V2.0 CSV/CFIHOS CORE unit of measure v2.0.csv,1192,source_reference_record,source_reference_record_unreviewed
CFIHOS-65001116,,pound-mass per US gallon foot,lbm/(gal[US].ft),CFIHOS-45000134,MPVPL,(mass per volume) per length,,,,real,True,sha256:a69b98012d9e4a46495a3aed48eef8ce75a69d001eaa28b4c38cb0f3c921909d,CORE CFIHOS V2.0 CSV/CFIHOS CORE unit of measure v2.0.csv,1193,source_reference_record,source_reference_record_unreviewed
CFIHOS-65001117,,pound-mass per foot to the fourth power,lbm/ft4,CFIHOS-45000134,MPVPL,(mass per volume) per length,,,,real,True,sha256:a69b98012d9e4a46495a3aed48eef8ce75a69d001eaa28b4c38cb0f3c921909d,CORE CFIHOS V2.0 CSV/CFIHOS CORE unit of measure v2.0.csv,1194,source_reference_record,source_reference_record_unreviewed
CFIHOS-65001118,,pascal second squared per cubic metre,Pa.s2/m3,CFIHOS-45000134,MPVPL,(mass per volume) per length,CFIHOS-60001649,SI,,real,True,sha256:a69b98012d9e4a46495a3aed48eef8ce75a69d001eaa28b4c38cb0f3c921909d,CORE CFIHOS V2.0 CSV/CFIHOS CORE unit of measure v2.0.csv,1195,source_reference_record,source_reference_record_unreviewed
CFIHOS-65001119,C66,pascal second per cubic metre,Pa.s/m3,CFIHOS-45000144,PTPERV,pressure time per volume,CFIHOS-60001649,SI,,real,True,sha256:a69b98012d9e4a46495a3aed48eef8ce75a69d001eaa28b4c38cb0f3c921909d,CORE CFIHOS V2.0 CSV/CFIHOS CORE unit of measure v2.0.csv,1196,source_reference_record,source_reference_record_unreviewed
CFIHOS-65001120,,psi day per barrel,psi.d/bbl,CFIHOS-45000144,PTPERV,pressure time per volume,,,,real,True,sha256:a69b98012d9e4a46495a3aed48eef8ce75a69d001eaa28b4c38cb0f3c921909d,CORE CFIHOS V2.0 CSV/CFIHOS CORE unit of measure v2.0.csv,1197,source_reference_record,source_reference_record_unreviewed
CFIHOS-65001121,,pascal per cubic metre,Pa/m3,CFIHOS-45000139,PPERV,pressure per volume,CFIHOS-60001649,SI,,real,True,sha256:a69b98012d9e4a46495a3aed48eef8ce75a69d001eaa28b4c38cb0f3c921909d,CORE CFIHOS V2.0 CSV/CFIHOS CORE unit of measure v2.0.csv,1198,source_reference_record,source_reference_record_unreviewed
CFIHOS-65001122,,psi squared day per centipoise cubic foot,psi2.d/(cP.ft3),CFIHOS-45000139,PPERV,pressure per volume,,,,real,True,sha256:a69b98012d9e4a46495a3aed48eef8ce75a69d001eaa28b4c38cb0f3c921909d,CORE CFIHOS V2.0 CSV/CFIHOS CORE unit of measure v2.0.csv,1199,source_reference_record,source_reference_record_unreviewed
CFIHOS-65001123,89,poise,P,CFIHOS-45000004,VISDYN,dynamic viscosity,,,,real,True,sha256:a69b98012d9e4a46495a3aed48eef8ce75a69d001eaa28b4c38cb0f3c921909d,CORE CFIHOS V2.0 CSV/CFIHOS CORE unit of measure v2.0.csv,1200,source_reference_record,source_reference_record_unreviewed
CFIHOS-65001124,N37,kilogram per metre second,kg/(m.s),CFIHOS-45000133,MPTPL,(mass per time) per length,CFIHOS-60001649,SI,,real,True,sha256:a69b98012d9e4a46495a3aed48eef8ce75a69d001eaa28b4c38cb0f3c921909d,CORE CFIHOS V2.0 CSV/CFIHOS CORE unit of measure v2.0.csv,1201,source_reference_record,source_reference_record_unreviewed
CFIHOS-65001125,C65,pascal second,Pa.s,CFIHOS-45000133;CFIHOS-45000004,MPTPL;VISDYN,(mass per time) per length;dynamic viscosity,CFIHOS-60001649,SI,,real,True,sha256:a69b98012d9e4a46495a3aed48eef8ce75a69d001eaa28b4c38cb0f3c921909d,CORE CFIHOS V2.0 CSV/CFIHOS CORE unit of measure v2.0.csv,1202,source_reference_record,source_reference_record_unreviewed
CFIHOS-65001126,,pound-mass per hour foot,lbm/(ft.h),CFIHOS-45000133,MPTPL,(mass per time) per length,,,,real,True,sha256:a69b98012d9e4a46495a3aed48eef8ce75a69d001eaa28b4c38cb0f3c921909d,CORE CFIHOS V2.0 CSV/CFIHOS CORE unit of measure v2.0.csv,1203,source_reference_record,source_reference_record_unreviewed
CFIHOS-65001127,,pound-mass per second foot,lbm/(ft.s),CFIHOS-45000133,MPTPL,(mass per time) per length,,,,real,True,sha256:a69b98012d9e4a46495a3aed48eef8ce75a69d001eaa28b4c38cb0f3c921909d,CORE CFIHOS V2.0 CSV/CFIHOS CORE unit of measure v2.0.csv,1204,source_reference_record,source_reference_record_unreviewed
CFIHOS-65001128,,dyne second per square centimetre,dyne.s/cm2,CFIHOS-45000004,VISDYN,dynamic viscosity,,,,real,True,sha256:a69b98012d9e4a46495a3aed48eef8ce75a69d001eaa28b4c38cb0f3c921909d,CORE CFIHOS V2.0 CSV/CFIHOS CORE unit of measure v2.0.csv,1205,source_reference_record,source_reference_record_unreviewed
CFIHOS-65001129,,thousand gram-force second per square metre,kgf.s/m2,CFIHOS-45000004,VISDYN,dynamic viscosity,,,,real,True,sha256:a69b98012d9e4a46495a3aed48eef8ce75a69d001eaa28b4c38cb0f3c921909d,CORE CFIHOS V2.0 CSV/CFIHOS CORE unit of measure v2.0.csv,1206,source_reference_record,source_reference_record_unreviewed
CFIHOS-65001130,K91,pound-force second per square foot,lbf.s/ft2,CFIHOS-45000004,VISDYN,dynamic viscosity,,,,real,True,sha256:a69b98012d9e4a46495a3aed48eef8ce75a69d001eaa28b4c38cb0f3c921909d,CORE CFIHOS V2.0 CSV/CFIHOS CORE unit of measure v2.0.csv,1207,source_reference_record,source_reference_record_unreviewed
CFIHOS-65001131,K92,pound-force second per square inch,lbf.s/in2,CFIHOS-45000004,VISDYN,dynamic viscosity,,,,real,True,sha256:a69b98012d9e4a46495a3aed48eef8ce75a69d001eaa28b4c38cb0f3c921909d,CORE CFIHOS V2.0 CSV/CFIHOS CORE unit of measure v2.0.csv,1208,source_reference_record,source_reference_record_unreviewed
CFIHOS-65001132,N36,newton second per square metre,N.s/m2,CFIHOS-45000004,VISDYN,dynamic viscosity,CFIHOS-60001649,SI,,real,True,sha256:a69b98012d9e4a46495a3aed48eef8ce75a69d001eaa28b4c38cb0f3c921909d,CORE CFIHOS V2.0 CSV/CFIHOS CORE unit of measure v2.0.csv,1209,source_reference_record,source_reference_record_unreviewed
CFIHOS-65001133,,psi second,psi.s,CFIHOS-45000004,VISDYN,dynamic viscosity,,,,real,True,sha256:a69b98012d9e4a46495a3aed48eef8ce75a69d001eaa28b4c38cb0f3c921909d,CORE CFIHOS V2.0 CSV/CFIHOS CORE unit of measure v2.0.csv,1210,source_reference_record,source_reference_record_unreviewed
CFIHOS-65001134,,decipoise,dP,CFIHOS-45000004,VISDYN,dynamic viscosity,,,,real,True,sha256:a69b98012d9e4a46495a3aed48eef8ce75a69d001eaa28b4c38cb0f3c921909d,CORE CFIHOS V2.0 CSV/CFIHOS CORE unit of measure v2.0.csv,1211,source_reference_record,source_reference_record_unreviewed
CFIHOS-65001135,,exapoise,EP,CFIHOS-45000004,VISDYN,dynamic viscosity,,,,real,True,sha256:a69b98012d9e4a46495a3aed48eef8ce75a69d001eaa28b4c38cb0f3c921909d,CORE CFIHOS V2.0 CSV/CFIHOS CORE unit of measure v2.0.csv,1212,source_reference_record,source_reference_record_unreviewed
CFIHOS-65001136,,femtopoise,fP,CFIHOS-45000004,VISDYN,dynamic viscosity,,,,real,True,sha256:a69b98012d9e4a46495a3aed48eef8ce75a69d001eaa28b4c38cb0f3c921909d,CORE CFIHOS V2.0 CSV/CFIHOS CORE unit of measure v2.0.csv,1213,source_reference_record,source_reference_record_unreviewed
CFIHOS-65001137,,gigapoise,GP,CFIHOS-45000004,VISDYN,dynamic viscosity,,,,real,True,sha256:a69b98012d9e4a46495a3aed48eef8ce75a69d001eaa28b4c38cb0f3c921909d,CORE CFIHOS V2.0 CSV/CFIHOS CORE unit of measure v2.0.csv,1214,source_reference_record,source_reference_record_unreviewed
CFIHOS-65001138,,kilopoise,kP,CFIHOS-45000004,VISDYN,dynamic viscosity,,,,real,True,sha256:a69b98012d9e4a46495a3aed48eef8ce75a69d001eaa28b4c38cb0f3c921909d,CORE CFIHOS V2.0 CSV/CFIHOS CORE unit of measure v2.0.csv,1215,source_reference_record,source_reference_record_unreviewed
CFIHOS-65001139,,millipoise,mP,CFIHOS-45000004,VISDYN,dynamic viscosity,,,,real,True,sha256:a69b98012d9e4a46495a3aed48eef8ce75a69d001eaa28b4c38cb0f3c921909d,CORE CFIHOS V2.0 CSV/CFIHOS CORE unit of measure v2.0.csv,1216,source_reference_record,source_reference_record_unreviewed
CFIHOS-65001140,,megapoise,MP,CFIHOS-45000004,VISDYN,dynamic viscosity,,,,real,True,sha256:a69b98012d9e4a46495a3aed48eef8ce75a69d001eaa28b4c38cb0f3c921909d,CORE CFIHOS V2.0 CSV/CFIHOS CORE unit of measure v2.0.csv,1217,source_reference_record,source_reference_record_unreviewed
CFIHOS-65001141,,nanopoise,nP,CFIHOS-45000004,VISDYN,dynamic viscosity,,,,real,True,sha256:a69b98012d9e4a46495a3aed48eef8ce75a69d001eaa28b4c38cb0f3c921909d,CORE CFIHOS V2.0 CSV/CFIHOS CORE unit of measure v2.0.csv,1218,source_reference_record,source_reference_record_unreviewed
CFIHOS-65001142,,picopoise,pP,CFIHOS-45000004,VISDYN,dynamic viscosity,,,,real,True,sha256:a69b98012d9e4a46495a3aed48eef8ce75a69d001eaa28b4c38cb0f3c921909d,CORE CFIHOS V2.0 CSV/CFIHOS CORE unit of measure v2.0.csv,1219,source_reference_record,source_reference_record_unreviewed
CFIHOS-65001143,,terapoise,TP,CFIHOS-45000004,VISDYN,dynamic viscosity,,,,real,True,sha256:a69b98012d9e4a46495a3aed48eef8ce75a69d001eaa28b4c38cb0f3c921909d,CORE CFIHOS V2.0 CSV/CFIHOS CORE unit of measure v2.0.csv,1220,source_reference_record,source_reference_record_unreviewed
CFIHOS-65001144,J32,micropoise,uP,CFIHOS-45000004,VISDYN,dynamic viscosity,,,,real,True,sha256:a69b98012d9e4a46495a3aed48eef8ce75a69d001eaa28b4c38cb0f3c921909d,CORE CFIHOS V2.0 CSV/CFIHOS CORE unit of measure v2.0.csv,1221,source_reference_record,source_reference_record_unreviewed
CFIHOS-65001145,PAL,pascal,Pa,CFIHOS-45000007;CFIHOS-45000017,ECURR;PRESS,electrical current / amperage;pressure,CFIHOS-60001649,SI,,real,True,sha256:a69b98012d9e4a46495a3aed48eef8ce75a69d001eaa28b4c38cb0f3c921909d,CORE CFIHOS V2.0 CSV/CFIHOS CORE unit of measure v2.0.csv,1222,source_reference_record,source_reference_record_unreviewed
CFIHOS-65001146,ATT,technical atmosphere,at,CFIHOS-45000017,PRESS,pressure,,,,real,True,sha256:a69b98012d9e4a46495a3aed48eef8ce75a69d001eaa28b4c38cb0f3c921909d,CORE CFIHOS V2.0 CSV/CFIHOS CORE unit of measure v2.0.csv,1223,source_reference_record,source_reference_record_unreviewed
CFIHOS-65001147,ATM,standard atmosphere,atm,CFIHOS-45000017,PRESS,pressure,,,,real,True,sha256:a69b98012d9e4a46495a3aed48eef8ce75a69d001eaa28b4c38cb0f3c921909d,CORE CFIHOS V2.0 CSV/CFIHOS CORE unit of measure v2.0.csv,1224,source_reference_record,source_reference_record_unreviewed
CFIHOS-65001148,,bar,bar,CFIHOS-45000017,PRESS,pressure,CFIHOS-60001649,SI,,real,True,sha256:a69b98012d9e4a46495a3aed48eef8ce75a69d001eaa28b4c38cb0f3c921909d,CORE CFIHOS V2.0 CSV/CFIHOS CORE unit of measure v2.0.csv,1225,source_reference_record,source_reference_record_unreviewed
CFIHOS-65001149,,centimetre of water at 4 degree Celsius,cmH2O[4degC],CFIHOS-45000017,PRESS,pressure,,,,real,True,sha256:a69b98012d9e4a46495a3aed48eef8ce75a69d001eaa28b4c38cb0f3c921909d,CORE CFIHOS V2.0 CSV/CFIHOS CORE unit of measure v2.0.csv,1226,source_reference_record,source_reference_record_unreviewed
CFIHOS-65001150,,inch of water at 39.2 degree Fahrenheit,inH2O[39degF],CFIHOS-45000017,PRESS,pressure,,,,real,True,sha256:a69b98012d9e4a46495a3aed48eef8ce75a69d001eaa28b4c38cb0f3c921909d,CORE CFIHOS V2.0 CSV/CFIHOS CORE unit of measure v2.0.csv,1227,source_reference_record,source_reference_record_unreviewed
CFIHOS-65001151,,Billion tonnes of CO2 equivalent,GtCO2e,CFIHOS-45000085,EMISS,carbon dioxide equivalent emissions,,,,real,True,sha256:a69b98012d9e4a46495a3aed48eef8ce75a69d001eaa28b4c38cb0f3c921909d,CORE CFIHOS V2.0 CSV/CFIHOS CORE unit of measure v2.0.csv,1228,source_reference_record,source_reference_record_unreviewed
CFIHOS-65001152,,inch of mercury at 32 degree Fahrenheit,inHg[32degF],CFIHOS-45000017,PRESS,pressure,,,,real,True,sha256:a69b98012d9e4a46495a3aed48eef8ce75a69d001eaa28b4c38cb0f3c921909d,CORE CFIHOS V2.0 CSV/CFIHOS CORE unit of measure v2.0.csv,1229,source_reference_record,source_reference_record_unreviewed
CFIHOS-65001153,,inch of mercury at 60 degree Fahrenheit,inHg[60degF],CFIHOS-45000017,PRESS,pressure,,,,real,True,sha256:a69b98012d9e4a46495a3aed48eef8ce75a69d001eaa28b4c38cb0f3c921909d,CORE CFIHOS V2.0 CSV/CFIHOS CORE unit of measure v2.0.csv,1230,source_reference_record,source_reference_record_unreviewed
CFIHOS-65001154,,millimetres of Mercury at 0 deg C,mmHg[0degC],CFIHOS-45000017,PRESS,pressure,,,,real,True,sha256:a69b98012d9e4a46495a3aed48eef8ce75a69d001eaa28b4c38cb0f3c921909d,CORE CFIHOS V2.0 CSV/CFIHOS CORE unit of measure v2.0.csv,1231,source_reference_record,source_reference_record_unreviewed
CFIHOS-65001155,PS,pound-force per square inch,psi,CFIHOS-45000017,PRESS,pressure,,,,real,True,sha256:a69b98012d9e4a46495a3aed48eef8ce75a69d001eaa28b4c38cb0f3c921909d,CORE CFIHOS V2.0 CSV/CFIHOS CORE unit of measure v2.0.csv,1232,source_reference_record,source_reference_record_unreviewed
CFIHOS-65001156,UA,torr,torr,CFIHOS-45000017,PRESS,pressure,,,,real,True,sha256:a69b98012d9e4a46495a3aed48eef8ce75a69d001eaa28b4c38cb0f3c921909d,CORE CFIHOS V2.0 CSV/CFIHOS CORE unit of measure v2.0.csv,1233,source_reference_record,source_reference_record_unreviewed
CFIHOS-65001157,,micrometre of mercury at 0 degree Celsius,umHg[0degC],CFIHOS-45000017,PRESS,pressure,,,,real,True,sha256:a69b98012d9e4a46495a3aed48eef8ce75a69d001eaa28b4c38cb0f3c921909d,CORE CFIHOS V2.0 CSV/CFIHOS CORE unit of measure v2.0.csv,1234,source_reference_record,source_reference_record_unreviewed
CFIHOS-65001158,B8,joule per cubic metre,J/m3,CFIHOS-45000090,EPERV,energy per volume,CFIHOS-60001649,SI,,real,True,sha256:a69b98012d9e4a46495a3aed48eef8ce75a69d001eaa28b4c38cb0f3c921909d,CORE CFIHOS V2.0 CSV/CFIHOS CORE unit of measure v2.0.csv,1235,source_reference_record,source_reference_record_unreviewed
CFIHOS-65001159,,BTU per barrel,Btu[IT]/bbl,CFIHOS-45000090,EPERV,energy per volume,,,,real,True,sha256:a69b98012d9e4a46495a3aed48eef8ce75a69d001eaa28b4c38cb0f3c921909d,CORE CFIHOS V2.0 CSV/CFIHOS CORE unit of measure v2.0.csv,1236,source_reference_record,source_reference_record_unreviewed
CFIHOS-65001160,B0,BTU per cubic foot,Btu[IT]/ft3,CFIHOS-45000090,EPERV,energy per volume,,,,real,True,sha256:a69b98012d9e4a46495a3aed48eef8ce75a69d001eaa28b4c38cb0f3c921909d,CORE CFIHOS V2.0 CSV/CFIHOS CORE unit of measure v2.0.csv,1237,source_reference_record,source_reference_record_unreviewed
CFIHOS-65001161,,BTU per UK gallon,Btu[IT]/gal[UK],CFIHOS-45000090,EPERV,energy per volume,,,,real,True,sha256:a69b98012d9e4a46495a3aed48eef8ce75a69d001eaa28b4c38cb0f3c921909d,CORE CFIHOS V2.0 CSV/CFIHOS CORE unit of measure v2.0.csv,1238,source_reference_record,source_reference_record_unreviewed
CFIHOS-65001162,,BTU per US gallon,Btu[IT]/gal[US],CFIHOS-45000090,EPERV,energy per volume,,,,real,True,sha256:a69b98012d9e4a46495a3aed48eef8ce75a69d001eaa28b4c38cb0f3c921909d,CORE CFIHOS V2.0 CSV/CFIHOS CORE unit of measure v2.0.csv,1239,source_reference_record,source_reference_record_unreviewed
CFIHOS-65001163,92,calorie per cubic centimetre,cal[th]/cm3,CFIHOS-45000090,EPERV,energy per volume,,,,real,True,sha256:a69b98012d9e4a46495a3aed48eef8ce75a69d001eaa28b4c38cb0f3c921909d,CORE CFIHOS V2.0 CSV/CFIHOS CORE unit of measure v2.0.csv,1240,source_reference_record,source_reference_record_unreviewed
CFIHOS-65001164,,calorie per millilitre,cal[th]/mL,CFIHOS-45000090,EPERV,energy per volume,,,,real,True,sha256:a69b98012d9e4a46495a3aed48eef8ce75a69d001eaa28b4c38cb0f3c921909d,CORE CFIHOS V2.0 CSV/CFIHOS CORE unit of measure v2.0.csv,1241,source_reference_record,source_reference_record_unreviewed
CFIHOS-65001165,,calorie per cubic millimetre,cal[th]/mm3,CFIHOS-45000090,EPERV,energy per volume,,,,real,True,sha256:a69b98012d9e4a46495a3aed48eef8ce75a69d001eaa28b4c38cb0f3c921909d,CORE CFIHOS V2.0 CSV/CFIHOS CORE unit of measure v2.0.csv,1242,source_reference_record,source_reference_record_unreviewed
CFIHOS-65001166,A60,erg per cubic centimetre,erg/cm3,CFIHOS-45000090,EPERV,energy per volume,,,,real,True,sha256:a69b98012d9e4a46495a3aed48eef8ce75a69d001eaa28b4c38cb0f3c921909d,CORE CFIHOS V2.0 CSV/CFIHOS CORE unit of measure v2.0.csv,1243,source_reference_record,source_reference_record_unreviewed
CFIHOS-65001167,,erg per cubic metre,erg/m3,CFIHOS-45000090,EPERV,energy per volume,,,,real,True,sha256:a69b98012d9e4a46495a3aed48eef8ce75a69d001eaa28b4c38cb0f3c921909d,CORE CFIHOS V2.0 CSV/CFIHOS CORE unit of measure v2.0.csv,1244,source_reference_record,source_reference_record_unreviewed
CFIHOS-65001168,,horsepower hour per barrel,hp.h/bbl,CFIHOS-45000090,EPERV,energy per volume,,,,real,True,sha256:a69b98012d9e4a46495a3aed48eef8ce75a69d001eaa28b4c38cb0f3c921909d,CORE CFIHOS V2.0 CSV/CFIHOS CORE unit of measure v2.0.csv,1245,source_reference_record,source_reference_record_unreviewed
CFIHOS-65001169,,joule per cubic decimetre,J/dm3,CFIHOS-45000090,EPERV,energy per volume,CFIHOS-60001649,SI,,real,True,sha256:a69b98012d9e4a46495a3aed48eef8ce75a69d001eaa28b4c38cb0f3c921909d,CORE CFIHOS V2.0 CSV/CFIHOS CORE unit of measure v2.0.csv,1246,source_reference_record,source_reference_record_unreviewed
CFIHOS-65001170,,thousand calorie per cubic centimetre,kcal[th]/cm3,CFIHOS-45000090,EPERV,energy per volume,,,,real,True,sha256:a69b98012d9e4a46495a3aed48eef8ce75a69d001eaa28b4c38cb0f3c921909d,CORE CFIHOS V2.0 CSV/CFIHOS CORE unit of measure v2.0.csv,1247,source_reference_record,source_reference_record_unreviewed
CFIHOS-65001171,,thousand calorie per cubic metre,kcal[th]/m3,CFIHOS-45000090,EPERV,energy per volume,,,,real,True,sha256:a69b98012d9e4a46495a3aed48eef8ce75a69d001eaa28b4c38cb0f3c921909d,CORE CFIHOS V2.0 CSV/CFIHOS CORE unit of measure v2.0.csv,1248,source_reference_record,source_reference_record_unreviewed
CFIHOS-65001172,,kilojoule per cubic decimetre,kJ/dm3,CFIHOS-45000090,EPERV,energy per volume,CFIHOS-60001649,SI,,real,True,sha256:a69b98012d9e4a46495a3aed48eef8ce75a69d001eaa28b4c38cb0f3c921909d,CORE CFIHOS V2.0 CSV/CFIHOS CORE unit of measure v2.0.csv,1249,source_reference_record,source_reference_record_unreviewed
CFIHOS-65001173,,kilojoule per cubic metre,kJ/m3,CFIHOS-45000090,EPERV,energy per volume,CFIHOS-60001649,SI,,real,True,sha256:a69b98012d9e4a46495a3aed48eef8ce75a69d001eaa28b4c38cb0f3c921909d,CORE CFIHOS V2.0 CSV/CFIHOS CORE unit of measure v2.0.csv,1250,source_reference_record,source_reference_record_unreviewed
CFIHOS-65001174,,kilowatt hour per cubic decimetre,kW.h/dm3,CFIHOS-45000090,EPERV,energy per volume,CFIHOS-60001649,SI,,real,True,sha256:a69b98012d9e4a46495a3aed48eef8ce75a69d001eaa28b4c38cb0f3c921909d,CORE CFIHOS V2.0 CSV/CFIHOS CORE unit of measure v2.0.csv,1251,source_reference_record,source_reference_record_unreviewed
CFIHOS-65001175,E46,kilowatt hour per cubic metre,kW.h/m3,CFIHOS-45000090,EPERV,energy per volume,CFIHOS-60001649,SI,,real,True,sha256:a69b98012d9e4a46495a3aed48eef8ce75a69d001eaa28b4c38cb0f3c921909d,CORE CFIHOS V2.0 CSV/CFIHOS CORE unit of measure v2.0.csv,1252,source_reference_record,source_reference_record_unreviewed
CFIHOS-65001176,,foot pound-force per barrel,lbf.ft/bbl,CFIHOS-45000090,EPERV,energy per volume,,,,real,True,sha256:a69b98012d9e4a46495a3aed48eef8ce75a69d001eaa28b4c38cb0f3c921909d,CORE CFIHOS V2.0 CSV/CFIHOS CORE unit of measure v2.0.csv,1253,source_reference_record,source_reference_record_unreviewed
CFIHOS-65001177,,foot pound-force per US gallon,lbf.ft/gal[US],CFIHOS-45000090,EPERV,energy per volume,,,,real,True,sha256:a69b98012d9e4a46495a3aed48eef8ce75a69d001eaa28b4c38cb0f3c921909d,CORE CFIHOS V2.0 CSV/CFIHOS CORE unit of measure v2.0.csv,1254,source_reference_record,source_reference_record_unreviewed
CFIHOS-65001178,JM,megajoule per cubic metre,MJ/m3,CFIHOS-45000090,EPERV,energy per volume,CFIHOS-60001649,SI,,real,True,sha256:a69b98012d9e4a46495a3aed48eef8ce75a69d001eaa28b4c38cb0f3c921909d,CORE CFIHOS V2.0 CSV/CFIHOS CORE unit of measure v2.0.csv,1255,source_reference_record,source_reference_record_unreviewed
CFIHOS-65001179,,megawatt hour per cubic metre,MW.h/m3,CFIHOS-45000090,EPERV,energy per volume,CFIHOS-60001649,SI,,real,True,sha256:a69b98012d9e4a46495a3aed48eef8ce75a69d001eaa28b4c38cb0f3c921909d,CORE CFIHOS V2.0 CSV/CFIHOS CORE unit of measure v2.0.csv,1256,source_reference_record,source_reference_record_unreviewed
CFIHOS-65001180,,US ton-force mile per barrel,tonf[US].mi/bbl,CFIHOS-45000090,EPERV,energy per volume,,,,real,True,sha256:a69b98012d9e4a46495a3aed48eef8ce75a69d001eaa28b4c38cb0f3c921909d,CORE CFIHOS V2.0 CSV/CFIHOS CORE unit of measure v2.0.csv,1257,source_reference_record,source_reference_record_unreviewed
CFIHOS-65001181,,pound-force per hundred square foot,0.01 lbf/ft2,CFIHOS-45000017,PRESS,pressure,,,,real,True,sha256:a69b98012d9e4a46495a3aed48eef8ce75a69d001eaa28b4c38cb0f3c921909d,CORE CFIHOS V2.0 CSV/CFIHOS CORE unit of measure v2.0.csv,1258,source_reference_record,source_reference_record_unreviewed
CFIHOS-65001182,D9,dyne per square centimetre,dyne/cm2,CFIHOS-45000017,PRESS,pressure,,,,real,True,sha256:a69b98012d9e4a46495a3aed48eef8ce75a69d001eaa28b4c38cb0f3c921909d,CORE CFIHOS V2.0 CSV/CFIHOS CORE unit of measure v2.0.csv,1259,source_reference_record,source_reference_record_unreviewed
CFIHOS-65001183,,thousand gram-force per square centimetre,kgf/cm2,CFIHOS-45000017,PRESS,pressure,,,,real,True,sha256:a69b98012d9e4a46495a3aed48eef8ce75a69d001eaa28b4c38cb0f3c921909d,CORE CFIHOS V2.0 CSV/CFIHOS CORE unit of measure v2.0.csv,1260,source_reference_record,source_reference_record_unreviewed
CFIHOS-65001184,,thousand gram-force per square metre,kgf/m2,CFIHOS-45000017,PRESS,pressure,,,,real,True,sha256:a69b98012d9e4a46495a3aed48eef8ce75a69d001eaa28b4c38cb0f3c921909d,CORE CFIHOS V2.0 CSV/CFIHOS CORE unit of measure v2.0.csv,1261,source_reference_record,source_reference_record_unreviewed
CFIHOS-65001185,,thousand gram-force per square millimetre,kgf/mm2,CFIHOS-45000017,PRESS,pressure,,,,real,True,sha256:a69b98012d9e4a46495a3aed48eef8ce75a69d001eaa28b4c38cb0f3c921909d,CORE CFIHOS V2.0 CSV/CFIHOS CORE unit of measure v2.0.csv,1262,source_reference_record,source_reference_record_unreviewed
CFIHOS-65001186,KNM,kilonewton per square metre,kN/m2,CFIHOS-45000017,PRESS,pressure,CFIHOS-60001649,SI,,real,True,sha256:a69b98012d9e4a46495a3aed48eef8ce75a69d001eaa28b4c38cb0f3c921909d,CORE CFIHOS V2.0 CSV/CFIHOS CORE unit of measure v2.0.csv,1263,source_reference_record,source_reference_record_unreviewed
CFIHOS-65001187,K85,pound-force per square foot,lbf/ft2,CFIHOS-45000017,PRESS,pressure,,,,real,True,sha256:a69b98012d9e4a46495a3aed48eef8ce75a69d001eaa28b4c38cb0f3c921909d,CORE CFIHOS V2.0 CSV/CFIHOS CORE unit of measure v2.0.csv,1264,source_reference_record,source_reference_record_unreviewed
CFIHOS-65001188,C55,newton per square metre,N/m2,CFIHOS-45000017,PRESS,pressure,CFIHOS-60001649,SI,,real,True,sha256:a69b98012d9e4a46495a3aed48eef8ce75a69d001eaa28b4c38cb0f3c921909d,CORE CFIHOS V2.0 CSV/CFIHOS CORE unit of measure v2.0.csv,1265,source_reference_record,source_reference_record_unreviewed
CFIHOS-65001189,C56,newton per square millimetre,N/mm2,CFIHOS-45000017,PRESS,pressure,CFIHOS-60001649,SI,,real,True,sha256:a69b98012d9e4a46495a3aed48eef8ce75a69d001eaa28b4c38cb0f3c921909d,CORE CFIHOS V2.0 CSV/CFIHOS CORE unit of measure v2.0.csv,1266,source_reference_record,source_reference_record_unreviewed
CFIHOS-65001190,,UK ton-force per square foot,tonf[UK]/ft2,CFIHOS-45000017,PRESS,pressure,,,,real,True,sha256:a69b98012d9e4a46495a3aed48eef8ce75a69d001eaa28b4c38cb0f3c921909d,CORE CFIHOS V2.0 CSV/CFIHOS CORE unit of measure v2.0.csv,1267,source_reference_record,source_reference_record_unreviewed
CFIHOS-65001191,,US ton-force per square foot,tonf[US]/ft2,CFIHOS-45000017,PRESS,pressure,,,,real,True,sha256:a69b98012d9e4a46495a3aed48eef8ce75a69d001eaa28b4c38cb0f3c921909d,CORE CFIHOS V2.0 CSV/CFIHOS CORE unit of measure v2.0.csv,1268,source_reference_record,source_reference_record_unreviewed
CFIHOS-65001192,,US ton-force per square inch,tonf[US]/in2,CFIHOS-45000017,PRESS,pressure,,,,real,True,sha256:a69b98012d9e4a46495a3aed48eef8ce75a69d001eaa28b4c38cb0f3c921909d,CORE CFIHOS V2.0 CSV/CFIHOS CORE unit of measure v2.0.csv,1269,source_reference_record,source_reference_record_unreviewed
CFIHOS-65001193,,centipascal,cPa,CFIHOS-45000017,PRESS,pressure,CFIHOS-60001649,SI,,real,True,sha256:a69b98012d9e4a46495a3aed48eef8ce75a69d001eaa28b4c38cb0f3c921909d,CORE CFIHOS V2.0 CSV/CFIHOS CORE unit of measure v2.0.csv,1270,source_reference_record,source_reference_record_unreviewed
CFIHOS-65001194,,decipascal,dPa,CFIHOS-45000017,PRESS,pressure,CFIHOS-60001649,SI,,real,True,sha256:a69b98012d9e4a46495a3aed48eef8ce75a69d001eaa28b4c38cb0f3c921909d,CORE CFIHOS V2.0 CSV/CFIHOS CORE unit of measure v2.0.csv,1271,source_reference_record,source_reference_record_unreviewed
CFIHOS-65001195,,exapascal,EPa,CFIHOS-45000017,PRESS,pressure,CFIHOS-60001649,SI,,real,True,sha256:a69b98012d9e4a46495a3aed48eef8ce75a69d001eaa28b4c38cb0f3c921909d,CORE CFIHOS V2.0 CSV/CFIHOS CORE unit of measure v2.0.csv,1272,source_reference_record,source_reference_record_unreviewed
CFIHOS-65001196,,femtopascal,fPa,CFIHOS-45000017,PRESS,pressure,CFIHOS-60001649,SI,,real,True,sha256:a69b98012d9e4a46495a3aed48eef8ce75a69d001eaa28b4c38cb0f3c921909d,CORE CFIHOS V2.0 CSV/CFIHOS CORE unit of measure v2.0.csv,1273,source_reference_record,source_reference_record_unreviewed
CFIHOS-65001197,A89,gigapascal,GPa,CFIHOS-45000017,PRESS,pressure,CFIHOS-60001649,SI,,real,True,sha256:a69b98012d9e4a46495a3aed48eef8ce75a69d001eaa28b4c38cb0f3c921909d,CORE CFIHOS V2.0 CSV/CFIHOS CORE unit of measure v2.0.csv,1274,source_reference_record,source_reference_record_unreviewed
CFIHOS-65001198,,hundred bar,hbar,CFIHOS-45000017,PRESS,pressure,,,,real,True,sha256:a69b98012d9e4a46495a3aed48eef8ce75a69d001eaa28b4c38cb0f3c921909d,CORE CFIHOS V2.0 CSV/CFIHOS CORE unit of measure v2.0.csv,1275,source_reference_record,source_reference_record_unreviewed
CFIHOS-65001199,KPA,kilopascal,kPa,CFIHOS-45000017,PRESS,pressure,CFIHOS-60001649,SI,,real,True,sha256:a69b98012d9e4a46495a3aed48eef8ce75a69d001eaa28b4c38cb0f3c921909d,CORE CFIHOS V2.0 CSV/CFIHOS CORE unit of measure v2.0.csv,1276,source_reference_record,source_reference_record_unreviewed
CFIHOS-65001200,,thousand psi,kpsi,CFIHOS-45000017,PRESS,pressure,,,,real,True,sha256:a69b98012d9e4a46495a3aed48eef8ce75a69d001eaa28b4c38cb0f3c921909d,CORE CFIHOS V2.0 CSV/CFIHOS CORE unit of measure v2.0.csv,1277,source_reference_record,source_reference_record_unreviewed
CFIHOS-65001201,,thousandth of bar,mbar,CFIHOS-45000017,PRESS,pressure,,,,real,True,sha256:a69b98012d9e4a46495a3aed48eef8ce75a69d001eaa28b4c38cb0f3c921909d,CORE CFIHOS V2.0 CSV/CFIHOS CORE unit of measure v2.0.csv,1278,source_reference_record,source_reference_record_unreviewed
CFIHOS-65001202,74,millipascal,mPa,CFIHOS-45000017,PRESS,pressure,CFIHOS-60001649,SI,,real,True,sha256:a69b98012d9e4a46495a3aed48eef8ce75a69d001eaa28b4c38cb0f3c921909d,CORE CFIHOS V2.0 CSV/CFIHOS CORE unit of measure v2.0.csv,1279,source_reference_record,source_reference_record_unreviewed
CFIHOS-65001203,MPA,megapascal,MPa,CFIHOS-45000017,PRESS,pressure,CFIHOS-60001649,SI,,real,True,sha256:a69b98012d9e4a46495a3aed48eef8ce75a69d001eaa28b4c38cb0f3c921909d,CORE CFIHOS V2.0 CSV/CFIHOS CORE unit of measure v2.0.csv,1280,source_reference_record,source_reference_record_unreviewed
CFIHOS-65001204,,million psi,Mpsi,CFIHOS-45000017,PRESS,pressure,,,,real,True,sha256:a69b98012d9e4a46495a3aed48eef8ce75a69d001eaa28b4c38cb0f3c921909d,CORE CFIHOS V2.0 CSV/CFIHOS CORE unit of measure v2.0.csv,1281,source_reference_record,source_reference_record_unreviewed
CFIHOS-65001205,,nanopascal,nPa,CFIHOS-45000017,PRESS,pressure,CFIHOS-60001649,SI,,real,True,sha256:a69b98012d9e4a46495a3aed48eef8ce75a69d001eaa28b4c38cb0f3c921909d,CORE CFIHOS V2.0 CSV/CFIHOS CORE unit of measure v2.0.csv,1282,source_reference_record,source_reference_record_unreviewed
CFIHOS-65001206,,picopascal,pPa,CFIHOS-45000017,PRESS,pressure,CFIHOS-60001649,SI,,real,True,sha256:a69b98012d9e4a46495a3aed48eef8ce75a69d001eaa28b4c38cb0f3c921909d,CORE CFIHOS V2.0 CSV/CFIHOS CORE unit of measure v2.0.csv,1283,source_reference_record,source_reference_record_unreviewed
CFIHOS-65001207,,terapascal,TPa,CFIHOS-45000017,PRESS,pressure,CFIHOS-60001649,SI,,real,True,sha256:a69b98012d9e4a46495a3aed48eef8ce75a69d001eaa28b4c38cb0f3c921909d,CORE CFIHOS V2.0 CSV/CFIHOS CORE unit of measure v2.0.csv,1284,source_reference_record,source_reference_record_unreviewed
CFIHOS-65001208,,millionth of bar,ubar,CFIHOS-45000017,PRESS,pressure,,,,real,True,sha256:a69b98012d9e4a46495a3aed48eef8ce75a69d001eaa28b4c38cb0f3c921909d,CORE CFIHOS V2.0 CSV/CFIHOS CORE unit of measure v2.0.csv,1285,source_reference_record,source_reference_record_unreviewed
CFIHOS-65001209,B96,micropascal,uPa,CFIHOS-45000017,PRESS,pressure,CFIHOS-60001649,SI,,real,True,sha256:a69b98012d9e4a46495a3aed48eef8ce75a69d001eaa28b4c38cb0f3c921909d,CORE CFIHOS V2.0 CSV/CFIHOS CORE unit of measure v2.0.csv,1286,source_reference_record,source_reference_record_unreviewed
CFIHOS-65001210,,millionth of psi,upsi,CFIHOS-45000017,PRESS,pressure,,,,real,True,sha256:a69b98012d9e4a46495a3aed48eef8ce75a69d001eaa28b4c38cb0f3c921909d,CORE CFIHOS V2.0 CSV/CFIHOS CORE unit of measure v2.0.csv,1287,source_reference_record,source_reference_record_unreviewed
CFIHOS-65001211,,pascal per second,Pa/s,CFIHOS-45000018,PRESRT,pressure rate change,CFIHOS-60001649,SI,,real,True,sha256:a69b98012d9e4a46495a3aed48eef8ce75a69d001eaa28b4c38cb0f3c921909d,CORE CFIHOS V2.0 CSV/CFIHOS CORE unit of measure v2.0.csv,1288,source_reference_record,source_reference_record_unreviewed
CFIHOS-65001212,,pascal squared per pascal second,Pa2/(Pa.s),CFIHOS-45000143,PSPVIS,pressure squared per (force time per area),CFIHOS-60001649,SI,,real,True,sha256:a69b98012d9e4a46495a3aed48eef8ce75a69d001eaa28b4c38cb0f3c921909d,CORE CFIHOS V2.0 CSV/CFIHOS CORE unit of measure v2.0.csv,1289,source_reference_record,source_reference_record_unreviewed
CFIHOS-65001213,H47,watt per cubic metre,W/m3,CFIHOS-45000147,PWPERV,power per volume,CFIHOS-60001649,SI,,real,True,sha256:a69b98012d9e4a46495a3aed48eef8ce75a69d001eaa28b4c38cb0f3c921909d,CORE CFIHOS V2.0 CSV/CFIHOS CORE unit of measure v2.0.csv,1290,source_reference_record,source_reference_record_unreviewed
CFIHOS-65001214,,standard atmosphere per hour,atm/h,CFIHOS-45000018,PRESRT,pressure rate change,,,,real,True,sha256:a69b98012d9e4a46495a3aed48eef8ce75a69d001eaa28b4c38cb0f3c921909d,CORE CFIHOS V2.0 CSV/CFIHOS CORE unit of measure v2.0.csv,1291,source_reference_record,source_reference_record_unreviewed
CFIHOS-65001215,,kilopascal per hour,kPa/h,CFIHOS-45000018,PRESRT,pressure rate change,CFIHOS-60001649,SI,,real,True,sha256:a69b98012d9e4a46495a3aed48eef8ce75a69d001eaa28b4c38cb0f3c921909d,CORE CFIHOS V2.0 CSV/CFIHOS CORE unit of measure v2.0.csv,1292,source_reference_record,source_reference_record_unreviewed
CFIHOS-65001216,,kilopascal per min,kPa/min,CFIHOS-45000018,PRESRT,pressure rate change,CFIHOS-60001649,SI,,real,True,sha256:a69b98012d9e4a46495a3aed48eef8ce75a69d001eaa28b4c38cb0f3c921909d,CORE CFIHOS V2.0 CSV/CFIHOS CORE unit of measure v2.0.csv,1293,source_reference_record,source_reference_record_unreviewed
CFIHOS-65001217,,megapascal per hour,MPa/h,CFIHOS-45000018,PRESRT,pressure rate change,CFIHOS-60001649,SI,,real,True,sha256:a69b98012d9e4a46495a3aed48eef8ce75a69d001eaa28b4c38cb0f3c921909d,CORE CFIHOS V2.0 CSV/CFIHOS CORE unit of measure v2.0.csv,1294,source_reference_record,source_reference_record_unreviewed
CFIHOS-65001218,,pascal per hour,Pa/h,CFIHOS-45000018,PRESRT,pressure rate change,CFIHOS-60001649,SI,,real,True,sha256:a69b98012d9e4a46495a3aed48eef8ce75a69d001eaa28b4c38cb0f3c921909d,CORE CFIHOS V2.0 CSV/CFIHOS CORE unit of measure v2.0.csv,1295,source_reference_record,source_reference_record_unreviewed
CFIHOS-65001219,,psi per hour,psi/h,CFIHOS-45000018,PRESRT,pressure rate change,,,,real,True,sha256:a69b98012d9e4a46495a3aed48eef8ce75a69d001eaa28b4c38cb0f3c921909d,CORE CFIHOS V2.0 CSV/CFIHOS CORE unit of measure v2.0.csv,1296,source_reference_record,source_reference_record_unreviewed
CFIHOS-65001220,,psi per minute,psi/min,CFIHOS-45000018,PRESRT,pressure rate change,,,,real,True,sha256:a69b98012d9e4a46495a3aed48eef8ce75a69d001eaa28b4c38cb0f3c921909d,CORE CFIHOS V2.0 CSV/CFIHOS CORE unit of measure v2.0.csv,1297,source_reference_record,source_reference_record_unreviewed
CFIHOS-65001221,,kilopascal squared per thousand centipoise,0.001 kPa2/cP,CFIHOS-45000143,PSPVIS,pressure squared per (force time per area),,,,real,True,sha256:a69b98012d9e4a46495a3aed48eef8ce75a69d001eaa28b4c38cb0f3c921909d,CORE CFIHOS V2.0 CSV/CFIHOS CORE unit of measure v2.0.csv,1298,source_reference_record,source_reference_record_unreviewed
CFIHOS-65001222,,bar squared per centipoise,bar2/cP,CFIHOS-45000143,PSPVIS,pressure squared per (force time per area),,,,real,True,sha256:a69b98012d9e4a46495a3aed48eef8ce75a69d001eaa28b4c38cb0f3c921909d,CORE CFIHOS V2.0 CSV/CFIHOS CORE unit of measure v2.0.csv,1299,source_reference_record,source_reference_record_unreviewed
CFIHOS-65001223,,kilopascal squared per centipoise,kPa2/cP,CFIHOS-45000143,PSPVIS,pressure squared per (force time per area),,,,real,True,sha256:a69b98012d9e4a46495a3aed48eef8ce75a69d001eaa28b4c38cb0f3c921909d,CORE CFIHOS V2.0 CSV/CFIHOS CORE unit of measure v2.0.csv,1300,source_reference_record,source_reference_record_unreviewed
CFIHOS-65001224,,psi squared per centipoise,psi2/cP,CFIHOS-45000143,PSPVIS,pressure squared per (force time per area),,,,real,True,sha256:a69b98012d9e4a46495a3aed48eef8ce75a69d001eaa28b4c38cb0f3c921909d,CORE CFIHOS V2.0 CSV/CFIHOS CORE unit of measure v2.0.csv,1301,source_reference_record,source_reference_record_unreviewed
CFIHOS-65001225,,BTU per hour cubic foot,Btu[IT]/(h.ft3),CFIHOS-45000147,PWPERV,power per volume,,,,real,True,sha256:a69b98012d9e4a46495a3aed48eef8ce75a69d001eaa28b4c38cb0f3c921909d,CORE CFIHOS V2.0 CSV/CFIHOS CORE unit of measure v2.0.csv,1302,source_reference_record,source_reference_record_unreviewed
CFIHOS-65001226,,(BTU per second) per cubic foot,Btu[IT]/(s.ft3),CFIHOS-45000147,PWPERV,power per volume,,,,real,True,sha256:a69b98012d9e4a46495a3aed48eef8ce75a69d001eaa28b4c38cb0f3c921909d,CORE CFIHOS V2.0 CSV/CFIHOS CORE unit of measure v2.0.csv,1303,source_reference_record,source_reference_record_unreviewed
CFIHOS-65001227,,calorie per hour cubic centimetre,cal[th]/(h.cm3),CFIHOS-45000147,PWPERV,power per volume,,,,real,True,sha256:a69b98012d9e4a46495a3aed48eef8ce75a69d001eaa28b4c38cb0f3c921909d,CORE CFIHOS V2.0 CSV/CFIHOS CORE unit of measure v2.0.csv,1304,source_reference_record,source_reference_record_unreviewed
CFIHOS-65001228,,calorie per second cubic centimetre,cal[th]/(s.cm3),CFIHOS-45000147,PWPERV,power per volume,,,,real,True,sha256:a69b98012d9e4a46495a3aed48eef8ce75a69d001eaa28b4c38cb0f3c921909d,CORE CFIHOS V2.0 CSV/CFIHOS CORE unit of measure v2.0.csv,1305,source_reference_record,source_reference_record_unreviewed
CFIHOS-65001229,,horsepower per cubic foot,hp/ft3,CFIHOS-45000147,PWPERV,power per volume,,,,real,True,sha256:a69b98012d9e4a46495a3aed48eef8ce75a69d001eaa28b4c38cb0f3c921909d,CORE CFIHOS V2.0 CSV/CFIHOS CORE unit of measure v2.0.csv,1306,source_reference_record,source_reference_record_unreviewed
CFIHOS-65001230,,kilowatt per cubic metre,kW/m3,CFIHOS-45000147,PWPERV,power per volume,CFIHOS-60001649,SI,,real,True,sha256:a69b98012d9e4a46495a3aed48eef8ce75a69d001eaa28b4c38cb0f3c921909d,CORE CFIHOS V2.0 CSV/CFIHOS CORE unit of measure v2.0.csv,1307,source_reference_record,source_reference_record_unreviewed
CFIHOS-65001231,,microwatt per cubic metre,uW/m3,CFIHOS-45000147,PWPERV,power per volume,CFIHOS-60001649,SI,,real,True,sha256:a69b98012d9e4a46495a3aed48eef8ce75a69d001eaa28b4c38cb0f3c921909d,CORE CFIHOS V2.0 CSV/CFIHOS CORE unit of measure v2.0.csv,1308,source_reference_record,source_reference_record_unreviewed
CFIHOS-65001232,D74,kilogram per mole,kg/mol,CFIHOS-45000130,MOLWT,molecular weight,CFIHOS-60001649,SI,,real,True,sha256:a69b98012d9e4a46495a3aed48eef8ce75a69d001eaa28b4c38cb0f3c921909d,CORE CFIHOS V2.0 CSV/CFIHOS CORE unit of measure v2.0.csv,1309,source_reference_record,source_reference_record_unreviewed
CFIHOS-65001233,A94,gram per mole,g/mol,CFIHOS-45000130,MOLWT,molecular weight,CFIHOS-60001649,SI,,real,True,sha256:a69b98012d9e4a46495a3aed48eef8ce75a69d001eaa28b4c38cb0f3c921909d,CORE CFIHOS V2.0 CSV/CFIHOS CORE unit of measure v2.0.csv,1310,source_reference_record,source_reference_record_unreviewed
CFIHOS-65001234,,pound-mass per pound-mole,lbm/lbmol,CFIHOS-45000130,MOLWT,molecular weight,,,,real,True,sha256:a69b98012d9e4a46495a3aed48eef8ce75a69d001eaa28b4c38cb0f3c921909d,CORE CFIHOS V2.0 CSV/CFIHOS CORE unit of measure v2.0.csv,1311,source_reference_record,source_reference_record_unreviewed
CFIHOS-65001235,,watt per square metre steradian,W/(m2.sr),CFIHOS-45000151,RADICE,radiance,CFIHOS-60001649,SI,,real,True,sha256:a69b98012d9e4a46495a3aed48eef8ce75a69d001eaa28b4c38cb0f3c921909d,CORE CFIHOS V2.0 CSV/CFIHOS CORE unit of measure v2.0.csv,1312,source_reference_record,source_reference_record_unreviewed
CFIHOS-65001236,,million pound-mass per julian-year,1E6 lbm/a,CFIHOS-45000014,MASFLO,mass flow rate,,,,real,True,sha256:a69b98012d9e4a46495a3aed48eef8ce75a69d001eaa28b4c38cb0f3c921909d,CORE CFIHOS V2.0 CSV/CFIHOS CORE unit of measure v2.0.csv,1313,source_reference_record,source_reference_record_unreviewed
CFIHOS-65001237,F29,gram per second,g/s,CFIHOS-45000014,MASFLO,mass flow rate,CFIHOS-60001649,SI,,real,True,sha256:a69b98012d9e4a46495a3aed48eef8ce75a69d001eaa28b4c38cb0f3c921909d,CORE CFIHOS V2.0 CSV/CFIHOS CORE unit of measure v2.0.csv,1314,source_reference_record,source_reference_record_unreviewed
CFIHOS-65001238,F30,kilogram per day,kg/d,CFIHOS-45000014,MASFLO,mass flow rate,CFIHOS-60001649,SI,,real,True,sha256:a69b98012d9e4a46495a3aed48eef8ce75a69d001eaa28b4c38cb0f3c921909d,CORE CFIHOS V2.0 CSV/CFIHOS CORE unit of measure v2.0.csv,1315,source_reference_record,source_reference_record_unreviewed
CFIHOS-65001239,,kilogram per min,kg/min,CFIHOS-45000014,MASFLO,mass flow rate,CFIHOS-60001649,SI,,real,True,sha256:a69b98012d9e4a46495a3aed48eef8ce75a69d001eaa28b4c38cb0f3c921909d,CORE CFIHOS V2.0 CSV/CFIHOS CORE unit of measure v2.0.csv,1316,source_reference_record,source_reference_record_unreviewed
CFIHOS-65001240,,pound-mass per day,lbm/d,CFIHOS-45000014,MASFLO,mass flow rate,,,,real,True,sha256:a69b98012d9e4a46495a3aed48eef8ce75a69d001eaa28b4c38cb0f3c921909d,CORE CFIHOS V2.0 CSV/CFIHOS CORE unit of measure v2.0.csv,1317,source_reference_record,source_reference_record_unreviewed
CFIHOS-65001241,,pound-mass per hour,lbm/h,CFIHOS-45000014,MASFLO,mass flow rate,,,,real,True,sha256:a69b98012d9e4a46495a3aed48eef8ce75a69d001eaa28b4c38cb0f3c921909d,CORE CFIHOS V2.0 CSV/CFIHOS CORE unit of measure v2.0.csv,1318,source_reference_record,source_reference_record_unreviewed
CFIHOS-65001242,,pound-mass per minute,lbm/min,CFIHOS-45000014,MASFLO,mass flow rate,,,,real,True,sha256:a69b98012d9e4a46495a3aed48eef8ce75a69d001eaa28b4c38cb0f3c921909d,CORE CFIHOS V2.0 CSV/CFIHOS CORE unit of measure v2.0.csv,1319,source_reference_record,source_reference_record_unreviewed
CFIHOS-65001243,,megagram per julian-year,Mg/a,CFIHOS-45000014,MASFLO,mass flow rate,,,,real,True,sha256:a69b98012d9e4a46495a3aed48eef8ce75a69d001eaa28b4c38cb0f3c921909d,CORE CFIHOS V2.0 CSV/CFIHOS CORE unit of measure v2.0.csv,1320,source_reference_record,source_reference_record_unreviewed
CFIHOS-65001244,,megagram per day,Mg/d,CFIHOS-45000014,MASFLO,mass flow rate,CFIHOS-60001649,SI,,real,True,sha256:a69b98012d9e4a46495a3aed48eef8ce75a69d001eaa28b4c38cb0f3c921909d,CORE CFIHOS V2.0 CSV/CFIHOS CORE unit of measure v2.0.csv,1321,source_reference_record,source_reference_record_unreviewed
CFIHOS-65001245,2V,megagram per hour,Mg/h,CFIHOS-45000014,MASFLO,mass flow rate,CFIHOS-60001649,SI,,real,True,sha256:a69b98012d9e4a46495a3aed48eef8ce75a69d001eaa28b4c38cb0f3c921909d,CORE CFIHOS V2.0 CSV/CFIHOS CORE unit of measure v2.0.csv,1322,source_reference_record,source_reference_record_unreviewed
CFIHOS-65001246,,megagram per minute,Mg/min,CFIHOS-45000014,MASFLO,mass flow rate,CFIHOS-60001649,SI,,real,True,sha256:a69b98012d9e4a46495a3aed48eef8ce75a69d001eaa28b4c38cb0f3c921909d,CORE CFIHOS V2.0 CSV/CFIHOS CORE unit of measure v2.0.csv,1323,source_reference_record,source_reference_record_unreviewed
CFIHOS-65001247,,tonne per julian-year,t/a,CFIHOS-45000014,MASFLO,mass flow rate,,,,real,True,sha256:a69b98012d9e4a46495a3aed48eef8ce75a69d001eaa28b4c38cb0f3c921909d,CORE CFIHOS V2.0 CSV/CFIHOS CORE unit of measure v2.0.csv,1324,source_reference_record,source_reference_record_unreviewed
CFIHOS-65001248,L71,tonne per day,t/d,CFIHOS-45000014,MASFLO,mass flow rate,CFIHOS-60001649,SI,,real,True,sha256:a69b98012d9e4a46495a3aed48eef8ce75a69d001eaa28b4c38cb0f3c921909d,CORE CFIHOS V2.0 CSV/CFIHOS CORE unit of measure v2.0.csv,1325,source_reference_record,source_reference_record_unreviewed
CFIHOS-65001249,E18,tonne per hour,t/h,CFIHOS-45000014,MASFLO,mass flow rate,CFIHOS-60001649,SI,,real,True,sha256:a69b98012d9e4a46495a3aed48eef8ce75a69d001eaa28b4c38cb0f3c921909d,CORE CFIHOS V2.0 CSV/CFIHOS CORE unit of measure v2.0.csv,1326,source_reference_record,source_reference_record_unreviewed
CFIHOS-65001250,L78,tonne per minute,t/min,CFIHOS-45000014,MASFLO,mass flow rate,CFIHOS-60001649,SI,,real,True,sha256:a69b98012d9e4a46495a3aed48eef8ce75a69d001eaa28b4c38cb0f3c921909d,CORE CFIHOS V2.0 CSV/CFIHOS CORE unit of measure v2.0.csv,1327,source_reference_record,source_reference_record_unreviewed
CFIHOS-65001251,,UK ton-mass per julian-year,ton[UK]/a,CFIHOS-45000014,MASFLO,mass flow rate,,,,real,True,sha256:a69b98012d9e4a46495a3aed48eef8ce75a69d001eaa28b4c38cb0f3c921909d,CORE CFIHOS V2.0 CSV/CFIHOS CORE unit of measure v2.0.csv,1328,source_reference_record,source_reference_record_unreviewed
CFIHOS-65001252,,UK ton-mass per day,ton[UK]/d,CFIHOS-45000014,MASFLO,mass flow rate,,,,real,True,sha256:a69b98012d9e4a46495a3aed48eef8ce75a69d001eaa28b4c38cb0f3c921909d,CORE CFIHOS V2.0 CSV/CFIHOS CORE unit of measure v2.0.csv,1329,source_reference_record,source_reference_record_unreviewed
CFIHOS-65001253,,UK ton-mass per hour,ton[UK]/h,CFIHOS-45000014,MASFLO,mass flow rate,,,,real,True,sha256:a69b98012d9e4a46495a3aed48eef8ce75a69d001eaa28b4c38cb0f3c921909d,CORE CFIHOS V2.0 CSV/CFIHOS CORE unit of measure v2.0.csv,1330,source_reference_record,source_reference_record_unreviewed
CFIHOS-65001254,,UK ton-mass per minute,ton[UK]/min,CFIHOS-45000014,MASFLO,mass flow rate,,,,real,True,sha256:a69b98012d9e4a46495a3aed48eef8ce75a69d001eaa28b4c38cb0f3c921909d,CORE CFIHOS V2.0 CSV/CFIHOS CORE unit of measure v2.0.csv,1331,source_reference_record,source_reference_record_unreviewed
CFIHOS-65001255,,US ton-mass per julian-year,ton[US]/a,CFIHOS-45000014,MASFLO,mass flow rate,,,,real,True,sha256:a69b98012d9e4a46495a3aed48eef8ce75a69d001eaa28b4c38cb0f3c921909d,CORE CFIHOS V2.0 CSV/CFIHOS CORE unit of measure v2.0.csv,1332,source_reference_record,source_reference_record_unreviewed
CFIHOS-65001256,,US ton-mass per day,ton[US]/d,CFIHOS-45000014,MASFLO,mass flow rate,,,,real,True,sha256:a69b98012d9e4a46495a3aed48eef8ce75a69d001eaa28b4c38cb0f3c921909d,CORE CFIHOS V2.0 CSV/CFIHOS CORE unit of measure v2.0.csv,1333,source_reference_record,source_reference_record_unreviewed
CFIHOS-65001257,,US ton-mass per hour,ton[US]/h,CFIHOS-45000014,MASFLO,mass flow rate,,,,real,True,sha256:a69b98012d9e4a46495a3aed48eef8ce75a69d001eaa28b4c38cb0f3c921909d,CORE CFIHOS V2.0 CSV/CFIHOS CORE unit of measure v2.0.csv,1334,source_reference_record,source_reference_record_unreviewed
CFIHOS-65001258,,US ton-mass per minute,ton[US]/min,CFIHOS-45000014,MASFLO,mass flow rate,,,,real,True,sha256:a69b98012d9e4a46495a3aed48eef8ce75a69d001eaa28b4c38cb0f3c921909d,CORE CFIHOS V2.0 CSV/CFIHOS CORE unit of measure v2.0.csv,1335,source_reference_record,source_reference_record_unreviewed
CFIHOS-65001259,B13,joule per square metre,J/m2,CFIHOS-45000087,ENPERA,energy per area,CFIHOS-60001649,SI,,real,True,sha256:a69b98012d9e4a46495a3aed48eef8ce75a69d001eaa28b4c38cb0f3c921909d,CORE CFIHOS V2.0 CSV/CFIHOS CORE unit of measure v2.0.csv,1336,source_reference_record,source_reference_record_unreviewed
CFIHOS-65001260,,erg per square centimetre,erg/cm2,CFIHOS-45000087,ENPERA,energy per area,,,,real,True,sha256:a69b98012d9e4a46495a3aed48eef8ce75a69d001eaa28b4c38cb0f3c921909d,CORE CFIHOS V2.0 CSV/CFIHOS CORE unit of measure v2.0.csv,1337,source_reference_record,source_reference_record_unreviewed
CFIHOS-65001261,E43,joule per square centimetre,J/cm2,CFIHOS-45000087,ENPERA,energy per area,CFIHOS-60001649,SI,,real,True,sha256:a69b98012d9e4a46495a3aed48eef8ce75a69d001eaa28b4c38cb0f3c921909d,CORE CFIHOS V2.0 CSV/CFIHOS CORE unit of measure v2.0.csv,1338,source_reference_record,source_reference_record_unreviewed
CFIHOS-65001262,,thousand gram-force metre per square centimetre,kgf.m/cm2,CFIHOS-45000087,ENPERA,energy per area,,,,real,True,sha256:a69b98012d9e4a46495a3aed48eef8ce75a69d001eaa28b4c38cb0f3c921909d,CORE CFIHOS V2.0 CSV/CFIHOS CORE unit of measure v2.0.csv,1339,source_reference_record,source_reference_record_unreviewed
CFIHOS-65001263,,foot pound-force per square inch,lbf.ft/in2,CFIHOS-45000087,ENPERA,energy per area,,,,real,True,sha256:a69b98012d9e4a46495a3aed48eef8ce75a69d001eaa28b4c38cb0f3c921909d,CORE CFIHOS V2.0 CSV/CFIHOS CORE unit of measure v2.0.csv,1340,source_reference_record,source_reference_record_unreviewed
CFIHOS-65001264,,millijoule per square centimetre,mJ/cm2,CFIHOS-45000087,ENPERA,energy per area,CFIHOS-60001649,SI,,real,True,sha256:a69b98012d9e4a46495a3aed48eef8ce75a69d001eaa28b4c38cb0f3c921909d,CORE CFIHOS V2.0 CSV/CFIHOS CORE unit of measure v2.0.csv,1341,source_reference_record,source_reference_record_unreviewed
CFIHOS-65001265,,millijoule per square metre,mJ/m2,CFIHOS-45000087,ENPERA,energy per area,CFIHOS-60001649,SI,,real,True,sha256:a69b98012d9e4a46495a3aed48eef8ce75a69d001eaa28b4c38cb0f3c921909d,CORE CFIHOS V2.0 CSV/CFIHOS CORE unit of measure v2.0.csv,1342,source_reference_record,source_reference_record_unreviewed
CFIHOS-65001266,,pound-force per hundred foot,0.01 lbf/ft,CFIHOS-45000095,FORPL,force per length,,,,real,True,sha256:a69b98012d9e4a46495a3aed48eef8ce75a69d001eaa28b4c38cb0f3c921909d,CORE CFIHOS V2.0 CSV/CFIHOS CORE unit of measure v2.0.csv,1343,source_reference_record,source_reference_record_unreviewed
CFIHOS-65001267,,pound-force per thirty metre,1/30 lbf/m,CFIHOS-45000095,FORPL,force per length,,,,real,True,sha256:a69b98012d9e4a46495a3aed48eef8ce75a69d001eaa28b4c38cb0f3c921909d,CORE CFIHOS V2.0 CSV/CFIHOS CORE unit of measure v2.0.csv,1344,source_reference_record,source_reference_record_unreviewed
CFIHOS-65001268,,newton per thirty metre,1/30 N/m,CFIHOS-45000095,FORPL,force per length,,,,real,True,sha256:a69b98012d9e4a46495a3aed48eef8ce75a69d001eaa28b4c38cb0f3c921909d,CORE CFIHOS V2.0 CSV/CFIHOS CORE unit of measure v2.0.csv,1345,source_reference_record,source_reference_record_unreviewed
CFIHOS-65001269,DX,dyne per centimetre,dyne/cm,CFIHOS-45000095,FORPL,force per length,,,,real,True,sha256:a69b98012d9e4a46495a3aed48eef8ce75a69d001eaa28b4c38cb0f3c921909d,CORE CFIHOS V2.0 CSV/CFIHOS CORE unit of measure v2.0.csv,1346,source_reference_record,source_reference_record_unreviewed
CFIHOS-65001270,,thousand gram-force per centimetre,kgf/cm,CFIHOS-45000095,FORPL,force per length,,,,real,True,sha256:a69b98012d9e4a46495a3aed48eef8ce75a69d001eaa28b4c38cb0f3c921909d,CORE CFIHOS V2.0 CSV/CFIHOS CORE unit of measure v2.0.csv,1347,source_reference_record,source_reference_record_unreviewed
CFIHOS-65001271,N31,kilonewton per metre,kN/m,CFIHOS-45000095,FORPL,force per length,CFIHOS-60001649,SI,,real,True,sha256:a69b98012d9e4a46495a3aed48eef8ce75a69d001eaa28b4c38cb0f3c921909d,CORE CFIHOS V2.0 CSV/CFIHOS CORE unit of measure v2.0.csv,1348,source_reference_record,source_reference_record_unreviewed
CFIHOS-65001272,F17,pound-force per foot,lbf/ft,CFIHOS-45000095,FORPL,force per length,,,,real,True,sha256:a69b98012d9e4a46495a3aed48eef8ce75a69d001eaa28b4c38cb0f3c921909d,CORE CFIHOS V2.0 CSV/CFIHOS CORE unit of measure v2.0.csv,1349,source_reference_record,source_reference_record_unreviewed
CFIHOS-65001273,F48,pound-force per inch,lbf/in,CFIHOS-45000095,FORPL,force per length,,,,real,True,sha256:a69b98012d9e4a46495a3aed48eef8ce75a69d001eaa28b4c38cb0f3c921909d,CORE CFIHOS V2.0 CSV/CFIHOS CORE unit of measure v2.0.csv,1350,source_reference_record,source_reference_record_unreviewed
CFIHOS-65001274,,millinewton per kilometre,mN/km,CFIHOS-45000095,FORPL,force per length,CFIHOS-60001649,SI,,real,True,sha256:a69b98012d9e4a46495a3aed48eef8ce75a69d001eaa28b4c38cb0f3c921909d,CORE CFIHOS V2.0 CSV/CFIHOS CORE unit of measure v2.0.csv,1351,source_reference_record,source_reference_record_unreviewed
CFIHOS-65001275,C22,millinewton per metre,mN/m,CFIHOS-45000095,FORPL,force per length,CFIHOS-60001649,SI,,real,True,sha256:a69b98012d9e4a46495a3aed48eef8ce75a69d001eaa28b4c38cb0f3c921909d,CORE CFIHOS V2.0 CSV/CFIHOS CORE unit of measure v2.0.csv,1352,source_reference_record,source_reference_record_unreviewed
CFIHOS-65001276,,poundal per centimetre,pdl/cm,CFIHOS-45000095,FORPL,force per length,,,,real,True,sha256:a69b98012d9e4a46495a3aed48eef8ce75a69d001eaa28b4c38cb0f3c921909d,CORE CFIHOS V2.0 CSV/CFIHOS CORE unit of measure v2.0.csv,1353,source_reference_record,source_reference_record_unreviewed
CFIHOS-65001277,,UK ton-force per foot,tonf[UK]/ft,CFIHOS-45000095,FORPL,force per length,,,,real,True,sha256:a69b98012d9e4a46495a3aed48eef8ce75a69d001eaa28b4c38cb0f3c921909d,CORE CFIHOS V2.0 CSV/CFIHOS CORE unit of measure v2.0.csv,1354,source_reference_record,source_reference_record_unreviewed
CFIHOS-65001278,,US ton-force per foot,tonf[US]/ft,CFIHOS-45000095,FORPL,force per length,,,,real,True,sha256:a69b98012d9e4a46495a3aed48eef8ce75a69d001eaa28b4c38cb0f3c921909d,CORE CFIHOS V2.0 CSV/CFIHOS CORE unit of measure v2.0.csv,1355,source_reference_record,source_reference_record_unreviewed
CFIHOS-65001279,D54,watt per square metre,W/m2,CFIHOS-45000145,PWPERA,power per area,CFIHOS-60001649,SI,,real,True,sha256:a69b98012d9e4a46495a3aed48eef8ce75a69d001eaa28b4c38cb0f3c921909d,CORE CFIHOS V2.0 CSV/CFIHOS CORE unit of measure v2.0.csv,1356,source_reference_record,source_reference_record_unreviewed
CFIHOS-65001280,,(BTU per hour) per square foot,Btu[IT]/(h.ft2),CFIHOS-45000145,PWPERA,power per area,,,,real,True,sha256:a69b98012d9e4a46495a3aed48eef8ce75a69d001eaa28b4c38cb0f3c921909d,CORE CFIHOS V2.0 CSV/CFIHOS CORE unit of measure v2.0.csv,1357,source_reference_record,source_reference_record_unreviewed
CFIHOS-65001281,,BTU per second square foot,Btu[IT]/(s.ft2),CFIHOS-45000145,PWPERA,power per area,,,,real,True,sha256:a69b98012d9e4a46495a3aed48eef8ce75a69d001eaa28b4c38cb0f3c921909d,CORE CFIHOS V2.0 CSV/CFIHOS CORE unit of measure v2.0.csv,1358,source_reference_record,source_reference_record_unreviewed
CFIHOS-65001282,,calorie per hour square centimetre,cal[th]/(h.cm2),CFIHOS-45000145,PWPERA,power per area,,,,real,True,sha256:a69b98012d9e4a46495a3aed48eef8ce75a69d001eaa28b4c38cb0f3c921909d,CORE CFIHOS V2.0 CSV/CFIHOS CORE unit of measure v2.0.csv,1359,source_reference_record,source_reference_record_unreviewed
CFIHOS-65001283,,horsepower per square inch,hp/in2,CFIHOS-45000145,PWPERA,power per area,,,,real,True,sha256:a69b98012d9e4a46495a3aed48eef8ce75a69d001eaa28b4c38cb0f3c921909d,CORE CFIHOS V2.0 CSV/CFIHOS CORE unit of measure v2.0.csv,1360,source_reference_record,source_reference_record_unreviewed
CFIHOS-65001284,,hydraulic-horsepower per square inch,hp[hyd]/in2,CFIHOS-45000145,PWPERA,power per area,,,,real,True,sha256:a69b98012d9e4a46495a3aed48eef8ce75a69d001eaa28b4c38cb0f3c921909d,CORE CFIHOS V2.0 CSV/CFIHOS CORE unit of measure v2.0.csv,1361,source_reference_record,source_reference_record_unreviewed
CFIHOS-65001285,,kilowatt per square centimetre,kW/cm2,CFIHOS-45000145,PWPERA,power per area,CFIHOS-60001649,SI,,real,True,sha256:a69b98012d9e4a46495a3aed48eef8ce75a69d001eaa28b4c38cb0f3c921909d,CORE CFIHOS V2.0 CSV/CFIHOS CORE unit of measure v2.0.csv,1362,source_reference_record,source_reference_record_unreviewed
CFIHOS-65001286,,kilowatt per square metre,kW/m2,CFIHOS-45000145,PWPERA,power per area,CFIHOS-60001649,SI,,real,True,sha256:a69b98012d9e4a46495a3aed48eef8ce75a69d001eaa28b4c38cb0f3c921909d,CORE CFIHOS V2.0 CSV/CFIHOS CORE unit of measure v2.0.csv,1363,source_reference_record,source_reference_record_unreviewed
CFIHOS-65001287,C32,milliwatt per square metre,mW/m2,CFIHOS-45000145,PWPERA,power per area,CFIHOS-60001649,SI,,real,True,sha256:a69b98012d9e4a46495a3aed48eef8ce75a69d001eaa28b4c38cb0f3c921909d,CORE CFIHOS V2.0 CSV/CFIHOS CORE unit of measure v2.0.csv,1364,source_reference_record,source_reference_record_unreviewed
CFIHOS-65001288,,millionth of calorie per second square centimetre,ucal[th]/(s.cm2),CFIHOS-45000145,PWPERA,power per area,,,,real,True,sha256:a69b98012d9e4a46495a3aed48eef8ce75a69d001eaa28b4c38cb0f3c921909d,CORE CFIHOS V2.0 CSV/CFIHOS CORE unit of measure v2.0.csv,1365,source_reference_record,source_reference_record_unreviewed
CFIHOS-65001289,,watt per square centimetre,W/cm2,CFIHOS-45000145,PWPERA,power per area,CFIHOS-60001649,SI,,real,True,sha256:a69b98012d9e4a46495a3aed48eef8ce75a69d001eaa28b4c38cb0f3c921909d,CORE CFIHOS V2.0 CSV/CFIHOS CORE unit of measure v2.0.csv,1366,source_reference_record,source_reference_record_unreviewed
CFIHOS-65001290,,watt per square millimetre,W/mm2,CFIHOS-45000145,PWPERA,power per area,CFIHOS-60001649,SI,,real,True,sha256:a69b98012d9e4a46495a3aed48eef8ce75a69d001eaa28b4c38cb0f3c921909d,CORE CFIHOS V2.0 CSV/CFIHOS CORE unit of measure v2.0.csv,1367,source_reference_record,source_reference_record_unreviewed
CFIHOS-65001291,,gigapascal squared,GPa2,CFIHOS-45000140,PRESQ,pressure squared,CFIHOS-60001649,SI,,real,True,sha256:a69b98012d9e4a46495a3aed48eef8ce75a69d001eaa28b4c38cb0f3c921909d,CORE CFIHOS V2.0 CSV/CFIHOS CORE unit of measure v2.0.csv,1368,source_reference_record,source_reference_record_unreviewed
CFIHOS-65001292,,kilopascal squared,kPa2,CFIHOS-45000140,PRESQ,pressure squared,CFIHOS-60001649,SI,,real,True,sha256:a69b98012d9e4a46495a3aed48eef8ce75a69d001eaa28b4c38cb0f3c921909d,CORE CFIHOS V2.0 CSV/CFIHOS CORE unit of measure v2.0.csv,1369,source_reference_record,source_reference_record_unreviewed
CFIHOS-65001293,,(thousand psi) squared,kpsi2,CFIHOS-45000140,PRESQ,pressure squared,,,,real,True,sha256:a69b98012d9e4a46495a3aed48eef8ce75a69d001eaa28b4c38cb0f3c921909d,CORE CFIHOS V2.0 CSV/CFIHOS CORE unit of measure v2.0.csv,1370,source_reference_record,source_reference_record_unreviewed
CFIHOS-65001294,,pascal squared,Pa2,CFIHOS-45000140,PRESQ,pressure squared,CFIHOS-60001649,SI,,real,True,sha256:a69b98012d9e4a46495a3aed48eef8ce75a69d001eaa28b4c38cb0f3c921909d,CORE CFIHOS V2.0 CSV/CFIHOS CORE unit of measure v2.0.csv,1371,source_reference_record,source_reference_record_unreviewed
CFIHOS-65001295,,bar squared,bar2,CFIHOS-45000140,PRESQ,pressure squared,CFIHOS-60001649,SI,,real,True,sha256:a69b98012d9e4a46495a3aed48eef8ce75a69d001eaa28b4c38cb0f3c921909d,CORE CFIHOS V2.0 CSV/CFIHOS CORE unit of measure v2.0.csv,1372,source_reference_record,source_reference_record_unreviewed
CFIHOS-65001296,,psi squared,psi2,CFIHOS-45000140,PRESQ,pressure squared,,,,real,True,sha256:a69b98012d9e4a46495a3aed48eef8ce75a69d001eaa28b4c38cb0f3c921909d,CORE CFIHOS V2.0 CSV/CFIHOS CORE unit of measure v2.0.csv,1373,source_reference_record,source_reference_record_unreviewed
CFIHOS-65001297,,gram-mole,mol,CFIHOS-45000051,AMSUB,amount of substance,CFIHOS-60001649,SI,,real,True,sha256:a69b98012d9e4a46495a3aed48eef8ce75a69d001eaa28b4c38cb0f3c921909d,CORE CFIHOS V2.0 CSV/CFIHOS CORE unit of measure v2.0.csv,1374,source_reference_record,source_reference_record_unreviewed
CFIHOS-65001298,,pound-mass-mole,lbmol,CFIHOS-45000051,AMSUB,amount of substance,,,,real,True,sha256:a69b98012d9e4a46495a3aed48eef8ce75a69d001eaa28b4c38cb0f3c921909d,CORE CFIHOS V2.0 CSV/CFIHOS CORE unit of measure v2.0.csv,1375,source_reference_record,source_reference_record_unreviewed
CFIHOS-65001299,,kilogram-mole,kmol,CFIHOS-45000051,AMSUB,amount of substance,CFIHOS-60001649,SI,,real,True,sha256:a69b98012d9e4a46495a3aed48eef8ce75a69d001eaa28b4c38cb0f3c921909d,CORE CFIHOS V2.0 CSV/CFIHOS CORE unit of measure v2.0.csv,1376,source_reference_record,source_reference_record_unreviewed
CFIHOS-65001300,,milligram-mole,mmol,CFIHOS-45000051,AMSUB,amount of substance,CFIHOS-60001649,SI,,real,True,sha256:a69b98012d9e4a46495a3aed48eef8ce75a69d001eaa28b4c38cb0f3c921909d,CORE CFIHOS V2.0 CSV/CFIHOS CORE unit of measure v2.0.csv,1377,source_reference_record,source_reference_record_unreviewed
CFIHOS-65001301,,microgram-mole,umol,CFIHOS-45000051,AMSUB,amount of substance,CFIHOS-60001649,SI,,real,True,sha256:a69b98012d9e4a46495a3aed48eef8ce75a69d001eaa28b4c38cb0f3c921909d,CORE CFIHOS V2.0 CSV/CFIHOS CORE unit of measure v2.0.csv,1378,source_reference_record,source_reference_record_unreviewed
CFIHOS-65001302,,gram-mole per square metre,mol/m2,CFIHOS-45000047,AMSPA,amount of substance per area,CFIHOS-60001649,SI,,real,True,sha256:a69b98012d9e4a46495a3aed48eef8ce75a69d001eaa28b4c38cb0f3c921909d,CORE CFIHOS V2.0 CSV/CFIHOS CORE unit of measure v2.0.csv,1379,source_reference_record,source_reference_record_unreviewed
CFIHOS-65001303,,gram-mole per second square metre,mol/(s.m2),CFIHOS-45000166,AMSPTA,(amount of substance per time) per area,CFIHOS-60001649,SI,,real,True,sha256:a69b98012d9e4a46495a3aed48eef8ce75a69d001eaa28b4c38cb0f3c921909d,CORE CFIHOS V2.0 CSV/CFIHOS CORE unit of measure v2.0.csv,1380,source_reference_record,source_reference_record_unreviewed
CFIHOS-65001304,,pound-mass-mole per hour square foot,lbmol/(h.ft2),CFIHOS-45000166,AMSPTA,(amount of substance per time) per area,,,,real,True,sha256:a69b98012d9e4a46495a3aed48eef8ce75a69d001eaa28b4c38cb0f3c921909d,CORE CFIHOS V2.0 CSV/CFIHOS CORE unit of measure v2.0.csv,1381,source_reference_record,source_reference_record_unreviewed
CFIHOS-65001305,,pound-mass-mole per second square foot,lbmol/(s.ft2),CFIHOS-45000166,AMSPTA,(amount of substance per time) per area,,,,real,True,sha256:a69b98012d9e4a46495a3aed48eef8ce75a69d001eaa28b4c38cb0f3c921909d,CORE CFIHOS V2.0 CSV/CFIHOS CORE unit of measure v2.0.csv,1382,source_reference_record,source_reference_record_unreviewed
CFIHOS-65001306,,gram-mole per cubic metre,mol/m3,CFIHOS-45000050,AMSPV,amount of substance per volume,CFIHOS-60001649,SI,,real,True,sha256:a69b98012d9e4a46495a3aed48eef8ce75a69d001eaa28b4c38cb0f3c921909d,CORE CFIHOS V2.0 CSV/CFIHOS CORE unit of measure v2.0.csv,1383,source_reference_record,source_reference_record_unreviewed
CFIHOS-65001307,,kilogram-mole per cubic metre,kmol/m3,CFIHOS-45000050,AMSPV,amount of substance per volume,CFIHOS-60001649,SI,,real,True,sha256:a69b98012d9e4a46495a3aed48eef8ce75a69d001eaa28b4c38cb0f3c921909d,CORE CFIHOS V2.0 CSV/CFIHOS CORE unit of measure v2.0.csv,1384,source_reference_record,source_reference_record_unreviewed
CFIHOS-65001308,,pound-mass-mole per cubic foot,lbmol/ft3,CFIHOS-45000050,AMSPV,amount of substance per volume,,,,real,True,sha256:a69b98012d9e4a46495a3aed48eef8ce75a69d001eaa28b4c38cb0f3c921909d,CORE CFIHOS V2.0 CSV/CFIHOS CORE unit of measure v2.0.csv,1385,source_reference_record,source_reference_record_unreviewed
CFIHOS-65001309,,pound-mass-mole per UK gallon,lbmol/gal[UK],CFIHOS-45000050,AMSPV,amount of substance per volume,,,,real,True,sha256:a69b98012d9e4a46495a3aed48eef8ce75a69d001eaa28b4c38cb0f3c921909d,CORE CFIHOS V2.0 CSV/CFIHOS CORE unit of measure v2.0.csv,1386,source_reference_record,source_reference_record_unreviewed
CFIHOS-65001310,,pound-mass-mole per US gallon,lbmol/gal[US],CFIHOS-45000050,AMSPV,amount of substance per volume,,,,real,True,sha256:a69b98012d9e4a46495a3aed48eef8ce75a69d001eaa28b4c38cb0f3c921909d,CORE CFIHOS V2.0 CSV/CFIHOS CORE unit of measure v2.0.csv,1387,source_reference_record,source_reference_record_unreviewed
CFIHOS-65001311,,gram-mole per second,mol/s,CFIHOS-45000049,AMSPT,amount of substance per time,CFIHOS-60001649,SI,,real,True,sha256:a69b98012d9e4a46495a3aed48eef8ce75a69d001eaa28b4c38cb0f3c921909d,CORE CFIHOS V2.0 CSV/CFIHOS CORE unit of measure v2.0.csv,1388,source_reference_record,source_reference_record_unreviewed
CFIHOS-65001312,,kilogram-mole per hour,kmol/h,CFIHOS-45000049,AMSPT,amount of substance per time,CFIHOS-60001649,SI,,real,True,sha256:a69b98012d9e4a46495a3aed48eef8ce75a69d001eaa28b4c38cb0f3c921909d,CORE CFIHOS V2.0 CSV/CFIHOS CORE unit of measure v2.0.csv,1389,source_reference_record,source_reference_record_unreviewed
CFIHOS-65001313,,kilogram-mole per second,kmol/s,CFIHOS-45000049,AMSPT,amount of substance per time,CFIHOS-60001649,SI,,real,True,sha256:a69b98012d9e4a46495a3aed48eef8ce75a69d001eaa28b4c38cb0f3c921909d,CORE CFIHOS V2.0 CSV/CFIHOS CORE unit of measure v2.0.csv,1390,source_reference_record,source_reference_record_unreviewed
CFIHOS-65001314,,pound-mass-mole per hour,lbmol/h,CFIHOS-45000049,AMSPT,amount of substance per time,,,,real,True,sha256:a69b98012d9e4a46495a3aed48eef8ce75a69d001eaa28b4c38cb0f3c921909d,CORE CFIHOS V2.0 CSV/CFIHOS CORE unit of measure v2.0.csv,1391,source_reference_record,source_reference_record_unreviewed
CFIHOS-65001315,,pound-mass-mole per second,lbmol/s,CFIHOS-45000049,AMSPT,amount of substance per time,,,,real,True,sha256:a69b98012d9e4a46495a3aed48eef8ce75a69d001eaa28b4c38cb0f3c921909d,CORE CFIHOS V2.0 CSV/CFIHOS CORE unit of measure v2.0.csv,1392,source_reference_record,source_reference_record_unreviewed
CFIHOS-65001316,D27,steradian,sr,CFIHOS-45000165,SOLANG,solid angle,CFIHOS-60001649,SI,,real,True,sha256:a69b98012d9e4a46495a3aed48eef8ce75a69d001eaa28b4c38cb0f3c921909d,CORE CFIHOS V2.0 CSV/CFIHOS CORE unit of measure v2.0.csv,1393,source_reference_record,source_reference_record_unreviewed
CFIHOS-65001317,,julian-year,a,CFIHOS-45000007;CFIHOS-45000031,ECURR;TIME,electrical current / amperage;time,CFIHOS-60001649,SI,,real,True,sha256:a69b98012d9e4a46495a3aed48eef8ce75a69d001eaa28b4c38cb0f3c921909d,CORE CFIHOS V2.0 CSV/CFIHOS CORE unit of measure v2.0.csv,1394,source_reference_record,source_reference_record_unreviewed
CFIHOS-65001318,,tropical-year,a[t],CFIHOS-45000031,TIME,time,,,,real,True,sha256:a69b98012d9e4a46495a3aed48eef8ce75a69d001eaa28b4c38cb0f3c921909d,CORE CFIHOS V2.0 CSV/CFIHOS CORE unit of measure v2.0.csv,1395,source_reference_record,source_reference_record_unreviewed
CFIHOS-65001319,,half of millisecond,1/2 ms,CFIHOS-45000031,TIME,time,,,,real,True,sha256:a69b98012d9e4a46495a3aed48eef8ce75a69d001eaa28b4c38cb0f3c921909d,CORE CFIHOS V2.0 CSV/CFIHOS CORE unit of measure v2.0.csv,1396,source_reference_record,source_reference_record_unreviewed
CFIHOS-65001320,,hundred thousand tropical-year,100 ka[t],CFIHOS-45000031,TIME,time,,,,real,True,sha256:a69b98012d9e4a46495a3aed48eef8ce75a69d001eaa28b4c38cb0f3c921909d,CORE CFIHOS V2.0 CSV/CFIHOS CORE unit of measure v2.0.csv,1397,source_reference_record,source_reference_record_unreviewed
CFIHOS-65001321,,hundredth of julian-year,ca,CFIHOS-45000007;CFIHOS-45000031,ECURR;TIME,electrical current / amperage;time,CFIHOS-60001649,SI,,real,True,sha256:a69b98012d9e4a46495a3aed48eef8ce75a69d001eaa28b4c38cb0f3c921909d,CORE CFIHOS V2.0 CSV/CFIHOS CORE unit of measure v2.0.csv,1398,source_reference_record,source_reference_record_unreviewed
CFIHOS-65001322,,centisecond,cs,CFIHOS-45000077;CFIHOS-45000031,ELCOTA;TIME,electric conductance;time,CFIHOS-60001649,SI,,real,True,sha256:a69b98012d9e4a46495a3aed48eef8ce75a69d001eaa28b4c38cb0f3c921909d,CORE CFIHOS V2.0 CSV/CFIHOS CORE unit of measure v2.0.csv,1399,source_reference_record,source_reference_record_unreviewed
CFIHOS-65001323,,decisecond,ds,CFIHOS-45000077;CFIHOS-45000031,ELCOTA;TIME,electric conductance;time,CFIHOS-60001649,SI,,real,True,sha256:a69b98012d9e4a46495a3aed48eef8ce75a69d001eaa28b4c38cb0f3c921909d,CORE CFIHOS V2.0 CSV/CFIHOS CORE unit of measure v2.0.csv,1400,source_reference_record,source_reference_record_unreviewed
CFIHOS-65001324,,million million million tropical-year,Ea[t],CFIHOS-45000031,TIME,time,,,,real,True,sha256:a69b98012d9e4a46495a3aed48eef8ce75a69d001eaa28b4c38cb0f3c921909d,CORE CFIHOS V2.0 CSV/CFIHOS CORE unit of measure v2.0.csv,1401,source_reference_record,source_reference_record_unreviewed
CFIHOS-65001325,,femtojulian-year,fa,CFIHOS-45000007;CFIHOS-45000031,ECURR;TIME,electrical current / amperage;time,CFIHOS-60001649,SI,,real,True,sha256:a69b98012d9e4a46495a3aed48eef8ce75a69d001eaa28b4c38cb0f3c921909d,CORE CFIHOS V2.0 CSV/CFIHOS CORE unit of measure v2.0.csv,1402,source_reference_record,source_reference_record_unreviewed
CFIHOS-65001326,,thousand million tropical-year,Ga[t],CFIHOS-45000031,TIME,time,,,,real,True,sha256:a69b98012d9e4a46495a3aed48eef8ce75a69d001eaa28b4c38cb0f3c921909d,CORE CFIHOS V2.0 CSV/CFIHOS CORE unit of measure v2.0.csv,1403,source_reference_record,source_reference_record_unreviewed
CFIHOS-65001327,,hectosecond,hs,CFIHOS-45000031,TIME,time,CFIHOS-60001649,SI,,real,True,sha256:a69b98012d9e4a46495a3aed48eef8ce75a69d001eaa28b4c38cb0f3c921909d,CORE CFIHOS V2.0 CSV/CFIHOS CORE unit of measure v2.0.csv,1404,source_reference_record,source_reference_record_unreviewed
CFIHOS-65001328,,thousand tropical-year,ka[t],CFIHOS-45000031,TIME,time,,,,real,True,sha256:a69b98012d9e4a46495a3aed48eef8ce75a69d001eaa28b4c38cb0f3c921909d,CORE CFIHOS V2.0 CSV/CFIHOS CORE unit of measure v2.0.csv,1405,source_reference_record,source_reference_record_unreviewed
CFIHOS-65001329,,million tropical-year,Ma[t],CFIHOS-45000031,TIME,time,,,,real,True,sha256:a69b98012d9e4a46495a3aed48eef8ce75a69d001eaa28b4c38cb0f3c921909d,CORE CFIHOS V2.0 CSV/CFIHOS CORE unit of measure v2.0.csv,1406,source_reference_record,source_reference_record_unreviewed
CFIHOS-65001330,C26,millisecond,ms,CFIHOS-45000077;CFIHOS-45000031,ELCOTA;TIME,electric conductance;time,CFIHOS-60001649,SI,,real,True,sha256:a69b98012d9e4a46495a3aed48eef8ce75a69d001eaa28b4c38cb0f3c921909d,CORE CFIHOS V2.0 CSV/CFIHOS CORE unit of measure v2.0.csv,1407,source_reference_record,source_reference_record_unreviewed
CFIHOS-65001331,,nanojulian-year,na,CFIHOS-45000007;CFIHOS-45000031,ECURR;TIME,electrical current / amperage;time,CFIHOS-60001649,SI,,real,True,sha256:a69b98012d9e4a46495a3aed48eef8ce75a69d001eaa28b4c38cb0f3c921909d,CORE CFIHOS V2.0 CSV/CFIHOS CORE unit of measure v2.0.csv,1408,source_reference_record,source_reference_record_unreviewed
CFIHOS-65001332,C47,nanosecond,ns,CFIHOS-45000077;CFIHOS-45000031,ELCOTA;TIME,electric conductance;time,CFIHOS-60001649,SI,,real,True,sha256:a69b98012d9e4a46495a3aed48eef8ce75a69d001eaa28b4c38cb0f3c921909d,CORE CFIHOS V2.0 CSV/CFIHOS CORE unit of measure v2.0.csv,1409,source_reference_record,source_reference_record_unreviewed
CFIHOS-65001333,H70,picosecond,ps,CFIHOS-45000077;CFIHOS-45000031,ELCOTA;TIME,electric conductance;time,CFIHOS-60001649,SI,,real,True,sha256:a69b98012d9e4a46495a3aed48eef8ce75a69d001eaa28b4c38cb0f3c921909d,CORE CFIHOS V2.0 CSV/CFIHOS CORE unit of measure v2.0.csv,1410,source_reference_record,source_reference_record_unreviewed
CFIHOS-65001334,,million million tropical-year,Ta[t],CFIHOS-45000031,TIME,time,,,,real,True,sha256:a69b98012d9e4a46495a3aed48eef8ce75a69d001eaa28b4c38cb0f3c921909d,CORE CFIHOS V2.0 CSV/CFIHOS CORE unit of measure v2.0.csv,1411,source_reference_record,source_reference_record_unreviewed
CFIHOS-65001335,B98,microsecond,us,CFIHOS-45000077;CFIHOS-45000031,ELCOTA;TIME,electric conductance;time,CFIHOS-60001649,SI,,real,True,sha256:a69b98012d9e4a46495a3aed48eef8ce75a69d001eaa28b4c38cb0f3c921909d,CORE CFIHOS V2.0 CSV/CFIHOS CORE unit of measure v2.0.csv,1412,source_reference_record,source_reference_record_unreviewed
CFIHOS-65001336,,second per metre,s/m,CFIHOS-45000078;CFIHOS-45000169,ELCOTI;TIMEPL,electric conductivity;time per length,CFIHOS-60001649,SI,,real,True,sha256:a69b98012d9e4a46495a3aed48eef8ce75a69d001eaa28b4c38cb0f3c921909d,CORE CFIHOS V2.0 CSV/CFIHOS CORE unit of measure v2.0.csv,1413,source_reference_record,source_reference_record_unreviewed
CFIHOS-65001337,,hour per thousand foot,0.001 h/ft,CFIHOS-45000169,TIMEPL,time per length,,,,real,True,sha256:a69b98012d9e4a46495a3aed48eef8ce75a69d001eaa28b4c38cb0f3c921909d,CORE CFIHOS V2.0 CSV/CFIHOS CORE unit of measure v2.0.csv,1414,source_reference_record,source_reference_record_unreviewed
CFIHOS-65001338,,hour per kilometre,h/km,CFIHOS-45000169,TIMEPL,time per length,CFIHOS-60001649,SI,,real,True,sha256:a69b98012d9e4a46495a3aed48eef8ce75a69d001eaa28b4c38cb0f3c921909d,CORE CFIHOS V2.0 CSV/CFIHOS CORE unit of measure v2.0.csv,1415,source_reference_record,source_reference_record_unreviewed
CFIHOS-65001339,,minute per foot,min/ft,CFIHOS-45000169,TIMEPL,time per length,,,,real,True,sha256:a69b98012d9e4a46495a3aed48eef8ce75a69d001eaa28b4c38cb0f3c921909d,CORE CFIHOS V2.0 CSV/CFIHOS CORE unit of measure v2.0.csv,1416,source_reference_record,source_reference_record_unreviewed
CFIHOS-65001340,,minute per metre,min/m,CFIHOS-45000169,TIMEPL,time per length,CFIHOS-60001649,SI,,real,True,sha256:a69b98012d9e4a46495a3aed48eef8ce75a69d001eaa28b4c38cb0f3c921909d,CORE CFIHOS V2.0 CSV/CFIHOS CORE unit of measure v2.0.csv,1417,source_reference_record,source_reference_record_unreviewed
CFIHOS-65001341,,millisecond per centimetre,ms/cm,CFIHOS-45000078;CFIHOS-45000169,ELCOTI;TIMEPL,electric conductivity;time per length,CFIHOS-60001649,SI,,real,True,sha256:a69b98012d9e4a46495a3aed48eef8ce75a69d001eaa28b4c38cb0f3c921909d,CORE CFIHOS V2.0 CSV/CFIHOS CORE unit of measure v2.0.csv,1418,source_reference_record,source_reference_record_unreviewed
CFIHOS-65001342,,millisecond per foot,ms/ft,CFIHOS-45000169,TIMEPL,time per length,,,,real,True,sha256:a69b98012d9e4a46495a3aed48eef8ce75a69d001eaa28b4c38cb0f3c921909d,CORE CFIHOS V2.0 CSV/CFIHOS CORE unit of measure v2.0.csv,1419,source_reference_record,source_reference_record_unreviewed
CFIHOS-65001343,,millisecond per inch,ms/in,CFIHOS-45000169,TIMEPL,time per length,,,,real,True,sha256:a69b98012d9e4a46495a3aed48eef8ce75a69d001eaa28b4c38cb0f3c921909d,CORE CFIHOS V2.0 CSV/CFIHOS CORE unit of measure v2.0.csv,1420,source_reference_record,source_reference_record_unreviewed
CFIHOS-65001344,,millisecond per metre,ms/m,CFIHOS-45000078;CFIHOS-45000169,ELCOTI;TIMEPL,electric conductivity;time per length,CFIHOS-60001649,SI,,real,True,sha256:a69b98012d9e4a46495a3aed48eef8ce75a69d001eaa28b4c38cb0f3c921909d,CORE CFIHOS V2.0 CSV/CFIHOS CORE unit of measure v2.0.csv,1421,source_reference_record,source_reference_record_unreviewed
CFIHOS-65001345,,nanosecond per foot,ns/ft,CFIHOS-45000169,TIMEPL,time per length,,,,real,True,sha256:a69b98012d9e4a46495a3aed48eef8ce75a69d001eaa28b4c38cb0f3c921909d,CORE CFIHOS V2.0 CSV/CFIHOS CORE unit of measure v2.0.csv,1422,source_reference_record,source_reference_record_unreviewed
CFIHOS-65001346,,nanosecond per metre,ns/m,CFIHOS-45000169,TIMEPL,time per length,CFIHOS-60001649,SI,,real,True,sha256:a69b98012d9e4a46495a3aed48eef8ce75a69d001eaa28b4c38cb0f3c921909d,CORE CFIHOS V2.0 CSV/CFIHOS CORE unit of measure v2.0.csv,1423,source_reference_record,source_reference_record_unreviewed
CFIHOS-65001347,,second per centimetre,s/cm,CFIHOS-45000169,TIMEPL,time per length,CFIHOS-60001649,SI,,real,True,sha256:a69b98012d9e4a46495a3aed48eef8ce75a69d001eaa28b4c38cb0f3c921909d,CORE CFIHOS V2.0 CSV/CFIHOS CORE unit of measure v2.0.csv,1424,source_reference_record,source_reference_record_unreviewed
CFIHOS-65001348,,second per foot,s/ft,CFIHOS-45000169,TIMEPL,time per length,,,,real,True,sha256:a69b98012d9e4a46495a3aed48eef8ce75a69d001eaa28b4c38cb0f3c921909d,CORE CFIHOS V2.0 CSV/CFIHOS CORE unit of measure v2.0.csv,1425,source_reference_record,source_reference_record_unreviewed
CFIHOS-65001349,,second per inch,s/in,CFIHOS-45000169,TIMEPL,time per length,,,,real,True,sha256:a69b98012d9e4a46495a3aed48eef8ce75a69d001eaa28b4c38cb0f3c921909d,CORE CFIHOS V2.0 CSV/CFIHOS CORE unit of measure v2.0.csv,1426,source_reference_record,source_reference_record_unreviewed
CFIHOS-65001350,,microsecond per foot,us/ft,CFIHOS-45000169,TIMEPL,time per length,,,,real,True,sha256:a69b98012d9e4a46495a3aed48eef8ce75a69d001eaa28b4c38cb0f3c921909d,CORE CFIHOS V2.0 CSV/CFIHOS CORE unit of measure v2.0.csv,1427,source_reference_record,source_reference_record_unreviewed
CFIHOS-65001351,,microsecond per inch,us/in,CFIHOS-45000169,TIMEPL,time per length,,,,real,True,sha256:a69b98012d9e4a46495a3aed48eef8ce75a69d001eaa28b4c38cb0f3c921909d,CORE CFIHOS V2.0 CSV/CFIHOS CORE unit of measure v2.0.csv,1428,source_reference_record,source_reference_record_unreviewed
CFIHOS-65001352,,microsecond per metre,us/m,CFIHOS-45000169,TIMEPL,time per length,CFIHOS-60001649,SI,,real,True,sha256:a69b98012d9e4a46495a3aed48eef8ce75a69d001eaa28b4c38cb0f3c921909d,CORE CFIHOS V2.0 CSV/CFIHOS CORE unit of measure v2.0.csv,1429,source_reference_record,source_reference_record_unreviewed
CFIHOS-65001353,D93,second per cubic metre,s/m3,CFIHOS-45000171,TIMEPV,time per volume,CFIHOS-60001649,SI,,real,True,sha256:a69b98012d9e4a46495a3aed48eef8ce75a69d001eaa28b4c38cb0f3c921909d,CORE CFIHOS V2.0 CSV/CFIHOS CORE unit of measure v2.0.csv,1430,source_reference_record,source_reference_record_unreviewed
CFIHOS-65001354,,day per thousand cubic foot,0.001 d/ft3,CFIHOS-45000171,TIMEPV,time per volume,,,,real,True,sha256:a69b98012d9e4a46495a3aed48eef8ce75a69d001eaa28b4c38cb0f3c921909d,CORE CFIHOS V2.0 CSV/CFIHOS CORE unit of measure v2.0.csv,1431,source_reference_record,source_reference_record_unreviewed
CFIHOS-65001355,,day per barrel,d/bbl,CFIHOS-45000171,TIMEPV,time per volume,,,,real,True,sha256:a69b98012d9e4a46495a3aed48eef8ce75a69d001eaa28b4c38cb0f3c921909d,CORE CFIHOS V2.0 CSV/CFIHOS CORE unit of measure v2.0.csv,1432,source_reference_record,source_reference_record_unreviewed
CFIHOS-65001356,,day per cubic foot,d/ft3,CFIHOS-45000171,TIMEPV,time per volume,,,,real,True,sha256:a69b98012d9e4a46495a3aed48eef8ce75a69d001eaa28b4c38cb0f3c921909d,CORE CFIHOS V2.0 CSV/CFIHOS CORE unit of measure v2.0.csv,1433,source_reference_record,source_reference_record_unreviewed
CFIHOS-65001357,,day per cubic metre,d/m3,CFIHOS-45000171,TIMEPV,time per volume,CFIHOS-60001649,SI,,real,True,sha256:a69b98012d9e4a46495a3aed48eef8ce75a69d001eaa28b4c38cb0f3c921909d,CORE CFIHOS V2.0 CSV/CFIHOS CORE unit of measure v2.0.csv,1434,source_reference_record,source_reference_record_unreviewed
CFIHOS-65001358,,hour per cubic foot,h/ft3,CFIHOS-45000171,TIMEPV,time per volume,,,,real,True,sha256:a69b98012d9e4a46495a3aed48eef8ce75a69d001eaa28b4c38cb0f3c921909d,CORE CFIHOS V2.0 CSV/CFIHOS CORE unit of measure v2.0.csv,1435,source_reference_record,source_reference_record_unreviewed
CFIHOS-65001359,,hour per cubic metre,h/m3,CFIHOS-45000171,TIMEPV,time per volume,CFIHOS-60001649,SI,,real,True,sha256:a69b98012d9e4a46495a3aed48eef8ce75a69d001eaa28b4c38cb0f3c921909d,CORE CFIHOS V2.0 CSV/CFIHOS CORE unit of measure v2.0.csv,1436,source_reference_record,source_reference_record_unreviewed
CFIHOS-65001360,,second per cubic foot,s/ft3,CFIHOS-45000171,TIMEPV,time per volume,,,,real,True,sha256:a69b98012d9e4a46495a3aed48eef8ce75a69d001eaa28b4c38cb0f3c921909d,CORE CFIHOS V2.0 CSV/CFIHOS CORE unit of measure v2.0.csv,1437,source_reference_record,source_reference_record_unreviewed
CFIHOS-65001361,,second per litre,s/L,CFIHOS-45000171,TIMEPV,time per volume,CFIHOS-60001649,SI,,real,True,sha256:a69b98012d9e4a46495a3aed48eef8ce75a69d001eaa28b4c38cb0f3c921909d,CORE CFIHOS V2.0 CSV/CFIHOS CORE unit of measure v2.0.csv,1438,source_reference_record,source_reference_record_unreviewed
CFIHOS-65001362,,second per UK quart,s/qt[UK],CFIHOS-45000171,TIMEPV,time per volume,,,,real,True,sha256:a69b98012d9e4a46495a3aed48eef8ce75a69d001eaa28b4c38cb0f3c921909d,CORE CFIHOS V2.0 CSV/CFIHOS CORE unit of measure v2.0.csv,1439,source_reference_record,source_reference_record_unreviewed
CFIHOS-65001363,,second per US quart,s/qt[US],CFIHOS-45000171,TIMEPV,time per volume,,,,real,True,sha256:a69b98012d9e4a46495a3aed48eef8ce75a69d001eaa28b4c38cb0f3c921909d,CORE CFIHOS V2.0 CSV/CFIHOS CORE unit of measure v2.0.csv,1440,source_reference_record,source_reference_record_unreviewed
CFIHOS-65001364,,second per kilogram,s/kg,CFIHOS-45000170,TIMEPM,time per mass,CFIHOS-60001649,SI,,real,True,sha256:a69b98012d9e4a46495a3aed48eef8ce75a69d001eaa28b4c38cb0f3c921909d,CORE CFIHOS V2.0 CSV/CFIHOS CORE unit of measure v2.0.csv,1441,source_reference_record,source_reference_record_unreviewed
CFIHOS-65001365,,kilogram per joule,kg/J,CFIHOS-45000125,MASSPE,mass per energy,CFIHOS-60001649,SI,,real,True,sha256:a69b98012d9e4a46495a3aed48eef8ce75a69d001eaa28b4c38cb0f3c921909d,CORE CFIHOS V2.0 CSV/CFIHOS CORE unit of measure v2.0.csv,1442,source_reference_record,source_reference_record_unreviewed
CFIHOS-65001366,,kilogram per kilowatt hour,kg/(kW.h),CFIHOS-45000125,MASSPE,mass per energy,CFIHOS-60001649,SI,,real,True,sha256:a69b98012d9e4a46495a3aed48eef8ce75a69d001eaa28b4c38cb0f3c921909d,CORE CFIHOS V2.0 CSV/CFIHOS CORE unit of measure v2.0.csv,1443,source_reference_record,source_reference_record_unreviewed
CFIHOS-65001367,,kilogram per megajoule,kg/MJ,CFIHOS-45000125,MASSPE,mass per energy,CFIHOS-60001649,SI,,real,True,sha256:a69b98012d9e4a46495a3aed48eef8ce75a69d001eaa28b4c38cb0f3c921909d,CORE CFIHOS V2.0 CSV/CFIHOS CORE unit of measure v2.0.csv,1444,source_reference_record,source_reference_record_unreviewed
CFIHOS-65001368,,pound-mass per horsepower hour,lbm/(hp.h),CFIHOS-45000125,MASSPE,mass per energy,,,,real,True,sha256:a69b98012d9e4a46495a3aed48eef8ce75a69d001eaa28b4c38cb0f3c921909d,CORE CFIHOS V2.0 CSV/CFIHOS CORE unit of measure v2.0.csv,1445,source_reference_record,source_reference_record_unreviewed
CFIHOS-65001369,,milligram per joule,mg/J,CFIHOS-45000125,MASSPE,mass per energy,CFIHOS-60001649,SI,,real,True,sha256:a69b98012d9e4a46495a3aed48eef8ce75a69d001eaa28b4c38cb0f3c921909d,CORE CFIHOS V2.0 CSV/CFIHOS CORE unit of measure v2.0.csv,1446,source_reference_record,source_reference_record_unreviewed
CFIHOS-65001370,,per pound-force,1/lbf,CFIHOS-45000154,RECFOR,reciprocal force,,,,real,True,sha256:a69b98012d9e4a46495a3aed48eef8ce75a69d001eaa28b4c38cb0f3c921909d,CORE CFIHOS V2.0 CSV/CFIHOS CORE unit of measure v2.0.csv,1447,source_reference_record,source_reference_record_unreviewed
CFIHOS-65001371,,per Newton,1/N,CFIHOS-45000154,RECFOR,reciprocal force,CFIHOS-60001649,SI,,real,True,sha256:a69b98012d9e4a46495a3aed48eef8ce75a69d001eaa28b4c38cb0f3c921909d,CORE CFIHOS V2.0 CSV/CFIHOS CORE unit of measure v2.0.csv,1448,source_reference_record,source_reference_record_unreviewed
CFIHOS-65001372,M72,bel,B,CFIHOS-45000026;CFIHOS-45000021,SURFAC;SOUND,surface / area;sound,CFIHOS-60001649,SI,,real,True,sha256:a69b98012d9e4a46495a3aed48eef8ce75a69d001eaa28b4c38cb0f3c921909d,CORE CFIHOS V2.0 CSV/CFIHOS CORE unit of measure v2.0.csv,1449,source_reference_record,source_reference_record_unreviewed
CFIHOS-65001373,,API gravity unit,dAPI,CFIHOS-45000056,APIGRV,api gravity,CFIHOS-60001649,SI,,real,True,sha256:a69b98012d9e4a46495a3aed48eef8ce75a69d001eaa28b4c38cb0f3c921909d,CORE CFIHOS V2.0 CSV/CFIHOS CORE unit of measure v2.0.csv,1450,source_reference_record,source_reference_record_unreviewed
CFIHOS-65001374,,API gamma ray unit,gAPI,CFIHOS-45000055,APIGAM,api gamma ray,CFIHOS-60001649,SI,,real,True,sha256:a69b98012d9e4a46495a3aed48eef8ce75a69d001eaa28b4c38cb0f3c921909d,CORE CFIHOS V2.0 CSV/CFIHOS CORE unit of measure v2.0.csv,1451,source_reference_record,source_reference_record_unreviewed
CFIHOS-65001375,,API neutron unit,nAPI,CFIHOS-45000057,APINEU,api neutron,CFIHOS-60001649,SI,,real,True,sha256:a69b98012d9e4a46495a3aed48eef8ce75a69d001eaa28b4c38cb0f3c921909d,CORE CFIHOS V2.0 CSV/CFIHOS CORE unit of measure v2.0.csv,1452,source_reference_record,source_reference_record_unreviewed
CFIHOS-65001376,C59,octave,O,CFIHOS-45000097,FREQIN,frequency interval,CFIHOS-60001649,SI,,real,True,sha256:a69b98012d9e4a46495a3aed48eef8ce75a69d001eaa28b4c38cb0f3c921909d,CORE CFIHOS V2.0 CSV/CFIHOS CORE unit of measure v2.0.csv,1453,source_reference_record,source_reference_record_unreviewed
CFIHOS-65001377,,decibel milliwatt,dB.mW,CFIHOS-45000135,NORMPW,normalized power,CFIHOS-60001649,SI,,real,True,sha256:a69b98012d9e4a46495a3aed48eef8ce75a69d001eaa28b4c38cb0f3c921909d,CORE CFIHOS V2.0 CSV/CFIHOS CORE unit of measure v2.0.csv,1454,source_reference_record,source_reference_record_unreviewed
CFIHOS-65001378,,decibel megawatt,dB.MW,CFIHOS-45000135,NORMPW,normalized power,CFIHOS-60001649,SI,,real,True,sha256:a69b98012d9e4a46495a3aed48eef8ce75a69d001eaa28b4c38cb0f3c921909d,CORE CFIHOS V2.0 CSV/CFIHOS CORE unit of measure v2.0.csv,1455,source_reference_record,source_reference_record_unreviewed
CFIHOS-65001379,,decibel watt,dB.W,CFIHOS-45000135,NORMPW,normalized power,CFIHOS-60001649,SI,,real,True,sha256:a69b98012d9e4a46495a3aed48eef8ce75a69d001eaa28b4c38cb0f3c921909d,CORE CFIHOS V2.0 CSV/CFIHOS CORE unit of measure v2.0.csv,1456,source_reference_record,source_reference_record_unreviewed
CFIHOS-65001380,,decibel per foot,dB/ft,CFIHOS-45000112,LOGPPL,logarithmic power ratio per length,,,,real,True,sha256:a69b98012d9e4a46495a3aed48eef8ce75a69d001eaa28b4c38cb0f3c921909d,CORE CFIHOS V2.0 CSV/CFIHOS CORE unit of measure v2.0.csv,1457,source_reference_record,source_reference_record_unreviewed
CFIHOS-65001381,H51,decibel per kilometre,dB/km,CFIHOS-45000112,LOGPPL,logarithmic power ratio per length,CFIHOS-60001649,SI,,real,True,sha256:a69b98012d9e4a46495a3aed48eef8ce75a69d001eaa28b4c38cb0f3c921909d,CORE CFIHOS V2.0 CSV/CFIHOS CORE unit of measure v2.0.csv,1458,source_reference_record,source_reference_record_unreviewed
CFIHOS-65001382,H52,decibel per metre,dB/m,CFIHOS-45000112,LOGPPL,logarithmic power ratio per length,CFIHOS-60001649,SI,,real,True,sha256:a69b98012d9e4a46495a3aed48eef8ce75a69d001eaa28b4c38cb0f3c921909d,CORE CFIHOS V2.0 CSV/CFIHOS CORE unit of measure v2.0.csv,1459,source_reference_record,source_reference_record_unreviewed
CFIHOS-65001383,,decibel per octave,dB/O,CFIHOS-45000063,ATTPFI,attenuation per frequency interval,CFIHOS-60001649,SI,,real,True,sha256:a69b98012d9e4a46495a3aed48eef8ce75a69d001eaa28b4c38cb0f3c921909d,CORE CFIHOS V2.0 CSV/CFIHOS CORE unit of measure v2.0.csv,1460,source_reference_record,source_reference_record_unreviewed
CFIHOS-65001384,,bel watt,B.W,CFIHOS-45000135,NORMPW,normalized power,CFIHOS-60001649,SI,,real,True,sha256:a69b98012d9e4a46495a3aed48eef8ce75a69d001eaa28b4c38cb0f3c921909d,CORE CFIHOS V2.0 CSV/CFIHOS CORE unit of measure v2.0.csv,1461,source_reference_record,source_reference_record_unreviewed
CFIHOS-65001385,P43,bel per metre,B/m,CFIHOS-45000112,LOGPPL,logarithmic power ratio per length,CFIHOS-60001649,SI,,real,True,sha256:a69b98012d9e4a46495a3aed48eef8ce75a69d001eaa28b4c38cb0f3c921909d,CORE CFIHOS V2.0 CSV/CFIHOS CORE unit of measure v2.0.csv,1462,source_reference_record,source_reference_record_unreviewed
CFIHOS-65001386,,bel per octave,B/O,CFIHOS-45000063,ATTPFI,attenuation per frequency interval,CFIHOS-60001649,SI,,real,True,sha256:a69b98012d9e4a46495a3aed48eef8ce75a69d001eaa28b4c38cb0f3c921909d,CORE CFIHOS V2.0 CSV/CFIHOS CORE unit of measure v2.0.csv,1463,source_reference_record,source_reference_record_unreviewed
CFIHOS-65001387,,volt per bel,V/B,CFIHOS-45000136,PDPPD,potential difference per power drop,CFIHOS-60001649,SI,,real,True,sha256:a69b98012d9e4a46495a3aed48eef8ce75a69d001eaa28b4c38cb0f3c921909d,CORE CFIHOS V2.0 CSV/CFIHOS CORE unit of measure v2.0.csv,1464,source_reference_record,source_reference_record_unreviewed
CFIHOS-65001388,,volt per decibel,V/dB,CFIHOS-45000136,PDPPD,potential difference per power drop,CFIHOS-60001649,SI,,real,True,sha256:a69b98012d9e4a46495a3aed48eef8ce75a69d001eaa28b4c38cb0f3c921909d,CORE CFIHOS V2.0 CSV/CFIHOS CORE unit of measure v2.0.csv,1465,source_reference_record,source_reference_record_unreviewed
CFIHOS-65001389,,grams of CO2 equivalent,gCO2e,CFIHOS-45000085,EMISS,carbon dioxide equivalent emissions,,,,real,True,sha256:a69b98012d9e4a46495a3aed48eef8ce75a69d001eaa28b4c38cb0f3c921909d,CORE CFIHOS V2.0 CSV/CFIHOS CORE unit of measure v2.0.csv,1466,source_reference_record,source_reference_record_unreviewed
CFIHOS-65001390,,kilograms of CO2 equivalent,kgCO2e,CFIHOS-45000085,EMISS,carbon dioxide equivalent emissions,,,kgCO2eq;kgCO2-eq;kilogram of carbon dioxide equivalent,real,True,sha256:a69b98012d9e4a46495a3aed48eef8ce75a69d001eaa28b4c38cb0f3c921909d,CORE CFIHOS V2.0 CSV/CFIHOS CORE unit of measure v2.0.csv,1467,source_reference_record,source_reference_record_unreviewed
CFIHOS-65001391,,tonnes of CO2 equivalent,tCO2e,CFIHOS-45000085,EMISS,carbon dioxide equivalent emissions,,,metric tonnes of carbon dioxide equivalent,real,True,sha256:a69b98012d9e4a46495a3aed48eef8ce75a69d001eaa28b4c38cb0f3c921909d,CORE CFIHOS V2.0 CSV/CFIHOS CORE unit of measure v2.0.csv,1468,source_reference_record,source_reference_record_unreviewed
CFIHOS-65001392,,Kilotonnes of CO2 equivalent,KtCO2e,CFIHOS-45000085,EMISS,carbon dioxide equivalent emissions,,,kilotonnes of carbon dioxide equivalent,real,True,sha256:a69b98012d9e4a46495a3aed48eef8ce75a69d001eaa28b4c38cb0f3c921909d,CORE CFIHOS V2.0 CSV/CFIHOS CORE unit of measure v2.0.csv,1469,source_reference_record,source_reference_record_unreviewed
CFIHOS-65001393,,Million tonnes of CO2 equivalent,MMTCDE,CFIHOS-45000085,EMISS,carbon dioxide equivalent emissions,,,,real,True,sha256:a69b98012d9e4a46495a3aed48eef8ce75a69d001eaa28b4c38cb0f3c921909d,CORE CFIHOS V2.0 CSV/CFIHOS CORE unit of measure v2.0.csv,1470,source_reference_record,source_reference_record_unreviewed
CFIHOS-65001394,,Joule Per Kilogram Per Kelvin,kJ/kg-K,CFIHOS-45000023,SPHCAP,specific heat capacity,,,kJ/kgK,real,True,sha256:a69b98012d9e4a46495a3aed48eef8ce75a69d001eaa28b4c38cb0f3c921909d,CORE CFIHOS V2.0 CSV/CFIHOS CORE unit of measure v2.0.csv,1471,source_reference_record,source_reference_record_unreviewed
CFIHOS-65001395,,BTU per pound per degree Rankine,Btu(IT)/lb·degR,CFIHOS-45000023,SPHCAP,specific heat capacity,,,Btu/lb°R,real,True,sha256:a69b98012d9e4a46495a3aed48eef8ce75a69d001eaa28b4c38cb0f3c921909d,CORE CFIHOS V2.0 CSV/CFIHOS CORE unit of measure v2.0.csv,1472,source_reference_record,source_reference_record_unreviewed
