parent equipment class name,equipment class CFIHOS unique code,equipment class name,equipment class definition,abstract class indicator,spare part information required indicator,equipment class existence reason description,equipment class synonym name,data_origin,is_real,source_artifact_id,source_archive_member,source_row,annotation_origin,verification_status
other mechanical equipment,CFIHOS-30000001,beam clamp,An equipment item that can be clamped to a beam to provide an attachment.,no,yes,,,real,True,sha256:a69b98012d9e4a46495a3aed48eef8ce75a69d001eaa28b4c38cb0f3c921909d,CORE CFIHOS V2.0 CSV/CFIHOS CORE equipment class v2.0.csv,1,source_reference_record,source_reference_record_unreviewed
vehicle,CFIHOS-30000002,bicycle,"A two or three wheeled vehicle designed to be propelled solely by human power, or a two or three wheeled vehicle that is a power assisted pedal cycle.",no,yes,,,real,True,sha256:a69b98012d9e4a46495a3aed48eef8ce75a69d001eaa28b4c38cb0f3c921909d,CORE CFIHOS V2.0 CSV/CFIHOS CORE equipment class v2.0.csv,2,source_reference_record,source_reference_record_unreviewed
other mechanical equipment,CFIHOS-30000003,blow out preventer,An artefact which is a stack or an assembly of heavy-duty valves intended to be attached to the top of the casing to control the well pressure.,no,yes,,,real,True,sha256:a69b98012d9e4a46495a3aed48eef8ce75a69d001eaa28b4c38cb0f3c921909d,CORE CFIHOS V2.0 CSV/CFIHOS CORE equipment class v2.0.csv,3,source_reference_record,source_reference_record_unreviewed
"health, safety and environment equipment class",CFIHOS-30000004,break glass unit,A device for actuating an alarm system that required a person to break the glass cover.,no,yes,,,real,True,sha256:a69b98012d9e4a46495a3aed48eef8ce75a69d001eaa28b4c38cb0f3c921909d,CORE CFIHOS V2.0 CSV/CFIHOS CORE equipment class v2.0.csv,4,source_reference_record,source_reference_record_unreviewed
"health, safety and environment equipment class",CFIHOS-30000005,breathing apparatus,A respirator in which air or oxygen is fed to a face mask carried by the wearer via a demand valve.,no,yes,,,real,True,sha256:a69b98012d9e4a46495a3aed48eef8ce75a69d001eaa28b4c38cb0f3c921909d,CORE CFIHOS V2.0 CSV/CFIHOS CORE equipment class v2.0.csv,5,source_reference_record,source_reference_record_unreviewed
infrastructure,CFIHOS-30000006,bridge,Is a support structure intended to span a space.,no,no,,,real,True,sha256:a69b98012d9e4a46495a3aed48eef8ce75a69d001eaa28b4c38cb0f3c921909d,CORE CFIHOS V2.0 CSV/CFIHOS CORE equipment class v2.0.csv,6,source_reference_record,source_reference_record_unreviewed
enclosure,CFIHOS-30000007,cabinet,Is an enclosure intended to hold and protect electrical components.,no,yes,,,real,True,sha256:a69b98012d9e4a46495a3aed48eef8ce75a69d001eaa28b4c38cb0f3c921909d,CORE CFIHOS V2.0 CSV/CFIHOS CORE equipment class v2.0.csv,7,source_reference_record,source_reference_record_unreviewed
enclosure,CFIHOS-30000008,caisson,A protective device used to protect equipment (e.g. riser pipes and submerged pumps) against environmental exposure.,no,no,,,real,True,sha256:a69b98012d9e4a46495a3aed48eef8ce75a69d001eaa28b4c38cb0f3c921909d,CORE CFIHOS V2.0 CSV/CFIHOS CORE equipment class v2.0.csv,8,source_reference_record,source_reference_record_unreviewed
level transmitter,CFIHOS-30000010,capacitance level transmitter,A level transmitter which uses the capacitance of the process material.,no,yes,,,real,True,sha256:a69b98012d9e4a46495a3aed48eef8ce75a69d001eaa28b4c38cb0f3c921909d,CORE CFIHOS V2.0 CSV/CFIHOS CORE equipment class v2.0.csv,9,source_reference_record,source_reference_record_unreviewed
vehicle,CFIHOS-30000011,car,A vehicle of less than 3.5 tonnes for transporting people and small goods.,no,yes,,,real,True,sha256:a69b98012d9e4a46495a3aed48eef8ce75a69d001eaa28b4c38cb0f3c921909d,CORE CFIHOS V2.0 CSV/CFIHOS CORE equipment class v2.0.csv,10,source_reference_record,source_reference_record_unreviewed
IT and telecom equipment,CFIHOS-30000012,cctv camera,Closed-Circuit TeleVision Camera capable of acquiring and delivering to a recording device full-motion video.,no,yes,,,real,True,sha256:a69b98012d9e4a46495a3aed48eef8ce75a69d001eaa28b4c38cb0f3c921909d,CORE CFIHOS V2.0 CSV/CFIHOS CORE equipment class v2.0.csv,11,source_reference_record,source_reference_record_unreviewed
lifting device,CFIHOS-30000013,chain hoist,"A hoist utilizing a chain-rope for suspending load. Chain hoists are delivered as portable units or for permanent mounting, e.g. on a crane. They can be hand operated or air powered, electrical powered or hydraulic powered.",no,yes,,,real,True,sha256:a69b98012d9e4a46495a3aed48eef8ce75a69d001eaa28b4c38cb0f3c921909d,CORE CFIHOS V2.0 CSV/CFIHOS CORE equipment class v2.0.csv,12,source_reference_record,source_reference_record_unreviewed
infrastructure,CFIHOS-30000014,chimney,Is a shaft (civil) intended to transport flue gas to a high location in the atmosphere. It may also be used to supply fresh air via a separate flue.,no,no,,,real,True,sha256:a69b98012d9e4a46495a3aed48eef8ce75a69d001eaa28b4c38cb0f3c921909d,CORE CFIHOS V2.0 CSV/CFIHOS CORE equipment class v2.0.csv,13,source_reference_record,source_reference_record_unreviewed
other mechanical equipment,CFIHOS-30000016,clamp,"A mechanical device made for keeping objects firmly in place or position, temporary or permanently.",no,no,,,real,True,sha256:a69b98012d9e4a46495a3aed48eef8ce75a69d001eaa28b4c38cb0f3c921909d,CORE CFIHOS V2.0 CSV/CFIHOS CORE equipment class v2.0.csv,14,source_reference_record,source_reference_record_unreviewed
other mechanical equipment,CFIHOS-30000017,cleaning machine,Any mechanical or electrical device that transmits or modifies energy to perform or assist a cleaning operation in the performance of human tasks.,no,yes,,,real,True,sha256:a69b98012d9e4a46495a3aed48eef8ce75a69d001eaa28b4c38cb0f3c921909d,CORE CFIHOS V2.0 CSV/CFIHOS CORE equipment class v2.0.csv,15,source_reference_record,source_reference_record_unreviewed
"health, safety and environment equipment class",CFIHOS-30000018,climbing net,"A net in an open-meshed fabric twisted, knotted, or woven together at regular intervals made for climbing.",no,yes,,,real,True,sha256:a69b98012d9e4a46495a3aed48eef8ce75a69d001eaa28b4c38cb0f3c921909d,CORE CFIHOS V2.0 CSV/CFIHOS CORE equipment class v2.0.csv,16,source_reference_record,source_reference_record_unreviewed
analysing instrument,CFIHOS-30000019,cold filter plugging point analyser,The temperature at which either the fuel specimen ceases to flow through a filter within 60 seconds or fails to return into the test jar is recorded as the Cold Filter Plugging Point.,no,yes,,,real,True,sha256:a69b98012d9e4a46495a3aed48eef8ce75a69d001eaa28b4c38cb0f3c921909d,CORE CFIHOS V2.0 CSV/CFIHOS CORE equipment class v2.0.csv,17,source_reference_record,source_reference_record_unreviewed
transmitter,CFIHOS-30000021,concentration transmitter,A transmitter measuring how much of a given substance there is mixed with another substance and transmit a signal proportional to the measured level.,no,yes,,,real,True,sha256:a69b98012d9e4a46495a3aed48eef8ce75a69d001eaa28b4c38cb0f3c921909d,CORE CFIHOS V2.0 CSV/CFIHOS CORE equipment class v2.0.csv,18,source_reference_record,source_reference_record_unreviewed
electrical equipment class,CFIHOS-30000022,control module,A module for control functions.,no,yes,,,real,True,sha256:a69b98012d9e4a46495a3aed48eef8ce75a69d001eaa28b4c38cb0f3c921909d,CORE CFIHOS V2.0 CSV/CFIHOS CORE equipment class v2.0.csv,19,source_reference_record,source_reference_record_unreviewed
flow element,CFIHOS-30000023,coriolis mass flow element,An element  located in a flowstream using the Coriolis principle to measure the flow.,no,yes,,,real,True,sha256:a69b98012d9e4a46495a3aed48eef8ce75a69d001eaa28b4c38cb0f3c921909d,CORE CFIHOS V2.0 CSV/CFIHOS CORE equipment class v2.0.csv,20,source_reference_record,source_reference_record_unreviewed
lifting device,CFIHOS-30000024,crane hook block,A block with a hook for use with a crane.,no,yes,,,real,True,sha256:a69b98012d9e4a46495a3aed48eef8ce75a69d001eaa28b4c38cb0f3c921909d,CORE CFIHOS V2.0 CSV/CFIHOS CORE equipment class v2.0.csv,21,source_reference_record,source_reference_record_unreviewed
other mechanical equipment,CFIHOS-30000026,degasser,"A device that removes air or gases (methane, H2S, CO2 and others) from drilling liquids.",no,yes,,,real,True,sha256:a69b98012d9e4a46495a3aed48eef8ce75a69d001eaa28b4c38cb0f3c921909d,CORE CFIHOS V2.0 CSV/CFIHOS CORE equipment class v2.0.csv,22,source_reference_record,source_reference_record_unreviewed
"health, safety and environment equipment class",CFIHOS-30000028,deionizer,A filtration device used to purify tap water. They are normally composed of various resins that replace positive & negatively charged ions.,no,yes,,,real,True,sha256:a69b98012d9e4a46495a3aed48eef8ce75a69d001eaa28b4c38cb0f3c921909d,CORE CFIHOS V2.0 CSV/CFIHOS CORE equipment class v2.0.csv,23,source_reference_record,source_reference_record_unreviewed
transmitter,CFIHOS-30000029,dew point transmitter,A facility for measuring dew point and transmitting a signal representing the measured temperature.,no,yes,,,real,True,sha256:a69b98012d9e4a46495a3aed48eef8ce75a69d001eaa28b4c38cb0f3c921909d,CORE CFIHOS V2.0 CSV/CFIHOS CORE equipment class v2.0.csv,24,source_reference_record,source_reference_record_unreviewed
other mechanical equipment,CFIHOS-30000030,diaphragm seal,A seal between two substance created of a impenetrable membrane.,no,yes,,,real,True,sha256:a69b98012d9e4a46495a3aed48eef8ce75a69d001eaa28b4c38cb0f3c921909d,CORE CFIHOS V2.0 CSV/CFIHOS CORE equipment class v2.0.csv,25,source_reference_record,source_reference_record_unreviewed
flow transmitter,CFIHOS-30000031,differential pressure flow transmitter,A flow transmitter providing an output signal that is proportional to the flow inputs from a differential pressure flow meter.,no,yes,,,real,True,sha256:a69b98012d9e4a46495a3aed48eef8ce75a69d001eaa28b4c38cb0f3c921909d,CORE CFIHOS V2.0 CSV/CFIHOS CORE equipment class v2.0.csv,26,source_reference_record,source_reference_record_unreviewed
level transmitter,CFIHOS-30000034,displacer level transmitter,A level transmitter which uses a displacer as sensing element.,no,yes,,level float transmitter;displacement level transmitter;displacer (float) level transmitter,real,True,sha256:a69b98012d9e4a46495a3aed48eef8ce75a69d001eaa28b4c38cb0f3c921909d,CORE CFIHOS V2.0 CSV/CFIHOS CORE equipment class v2.0.csv,27,source_reference_record,source_reference_record_unreviewed
analysing instrument,CFIHOS-30000035,distillation analyser,An analyser intended to determine the relation between the boiling temperatures and the fraction distilled. It includes the initial boiling point and the final boiling point.,no,yes,,,real,True,sha256:a69b98012d9e4a46495a3aed48eef8ce75a69d001eaa28b4c38cb0f3c921909d,CORE CFIHOS V2.0 CSV/CFIHOS CORE equipment class v2.0.csv,28,source_reference_record,source_reference_record_unreviewed
IT and telecom equipment,CFIHOS-30000036,document scanner,A device used to translate print media into computer language so that a document can be viewed and read later on.,no,yes,,,real,True,sha256:a69b98012d9e4a46495a3aed48eef8ce75a69d001eaa28b4c38cb0f3c921909d,CORE CFIHOS V2.0 CSV/CFIHOS CORE equipment class v2.0.csv,29,source_reference_record,source_reference_record_unreviewed
tool,CFIHOS-30000037,drilling machine,An artefact which is intended to operate and supply power to an artefact (instrument) with an edged or pointed end for making holes in hard substances by revolving or by a succession of blows.,no,yes,,,real,True,sha256:a69b98012d9e4a46495a3aed48eef8ce75a69d001eaa28b4c38cb0f3c921909d,CORE CFIHOS V2.0 CSV/CFIHOS CORE equipment class v2.0.csv,30,source_reference_record,source_reference_record_unreviewed
pump,CFIHOS-30000038,eductor,A form of suction pump; a device using a high pressure jet of water to create partial vacuum at an intake opening to draw liquid from a sump.,no,yes,,,real,True,sha256:a69b98012d9e4a46495a3aed48eef8ce75a69d001eaa28b4c38cb0f3c921909d,CORE CFIHOS V2.0 CSV/CFIHOS CORE equipment class v2.0.csv,31,source_reference_record,source_reference_record_unreviewed
flow element,CFIHOS-30000040,electromagnetic flow element,An element  located in a flowstream measuring the flow using electro-magnetic forces.,no,yes,,,real,True,sha256:a69b98012d9e4a46495a3aed48eef8ce75a69d001eaa28b4c38cb0f3c921909d,CORE CFIHOS V2.0 CSV/CFIHOS CORE equipment class v2.0.csv,32,source_reference_record,source_reference_record_unreviewed
other mechanical equipment,CFIHOS-30000042,exhaust,A piping assembly intended to transport exhaust gas or steam.,no,no,,,real,True,sha256:a69b98012d9e4a46495a3aed48eef8ce75a69d001eaa28b4c38cb0f3c921909d,CORE CFIHOS V2.0 CSV/CFIHOS CORE equipment class v2.0.csv,33,source_reference_record,source_reference_record_unreviewed
other mechanical equipment,CFIHOS-30000043,expansion joint,Flexible joint between two pipes to receive expansion from the pipes.,no,yes,,,real,True,sha256:a69b98012d9e4a46495a3aed48eef8ce75a69d001eaa28b4c38cb0f3c921909d,CORE CFIHOS V2.0 CSV/CFIHOS CORE equipment class v2.0.csv,34,source_reference_record,source_reference_record_unreviewed
"health, safety and environment equipment class",CFIHOS-30000044,eye bath,A device used for cleaning your eyes.,no,yes,,,real,True,sha256:a69b98012d9e4a46495a3aed48eef8ce75a69d001eaa28b4c38cb0f3c921909d,CORE CFIHOS V2.0 CSV/CFIHOS CORE equipment class v2.0.csv,35,source_reference_record,source_reference_record_unreviewed
"health, safety and environment equipment class",CFIHOS-30000045,fall arrestor block,"A block fitted with a steel rope or web line, with an emergency locking retractor and an automatic retrieval mechanism  that is designed to offer protection to workers at heights.",no,yes,,,real,True,sha256:a69b98012d9e4a46495a3aed48eef8ce75a69d001eaa28b4c38cb0f3c921909d,CORE CFIHOS V2.0 CSV/CFIHOS CORE equipment class v2.0.csv,36,source_reference_record,source_reference_record_unreviewed
IT and telecom equipment,CFIHOS-30000046,fax machine,Machine capable of transmitting written input via telephone lines.,no,yes,,,real,True,sha256:a69b98012d9e4a46495a3aed48eef8ce75a69d001eaa28b4c38cb0f3c921909d,CORE CFIHOS V2.0 CSV/CFIHOS CORE equipment class v2.0.csv,37,source_reference_record,source_reference_record_unreviewed
infrastructure,CFIHOS-30000047,fence,Is an artefact intended to act as a barrier and boundary or means of protection or confinement.,no,no,,,real,True,sha256:a69b98012d9e4a46495a3aed48eef8ce75a69d001eaa28b4c38cb0f3c921909d,CORE CFIHOS V2.0 CSV/CFIHOS CORE equipment class v2.0.csv,38,source_reference_record,source_reference_record_unreviewed
"health, safety and environment equipment class",CFIHOS-30000048,fire blanket,"A type of cover made of a material which does not burn very easily, which you throw over a fire to put it out or stop it from spreading.",no,yes,,,real,True,sha256:a69b98012d9e4a46495a3aed48eef8ce75a69d001eaa28b4c38cb0f3c921909d,CORE CFIHOS V2.0 CSV/CFIHOS CORE equipment class v2.0.csv,39,source_reference_record,source_reference_record_unreviewed
damper,CFIHOS-30000049,fire damper,A closure intended for sealing off a duct in case of fire.,no,yes,,,real,True,sha256:a69b98012d9e4a46495a3aed48eef8ce75a69d001eaa28b4c38cb0f3c921909d,CORE CFIHOS V2.0 CSV/CFIHOS CORE equipment class v2.0.csv,40,source_reference_record,source_reference_record_unreviewed
other mechanical equipment,CFIHOS-30000050,fire door,A door capable of withstanding fire for a certain period of time and preventing fire from diverging.,no,yes,,,real,True,sha256:a69b98012d9e4a46495a3aed48eef8ce75a69d001eaa28b4c38cb0f3c921909d,CORE CFIHOS V2.0 CSV/CFIHOS CORE equipment class v2.0.csv,41,source_reference_record,source_reference_record_unreviewed
vehicle,CFIHOS-30000051,fire fighting vehicle,A fire fighting vehicle.,no,yes,,,real,True,sha256:a69b98012d9e4a46495a3aed48eef8ce75a69d001eaa28b4c38cb0f3c921909d,CORE CFIHOS V2.0 CSV/CFIHOS CORE equipment class v2.0.csv,42,source_reference_record,source_reference_record_unreviewed
"health, safety and environment equipment class",CFIHOS-30000052,fire hydrant,A device where hoses can be connected for drawing water for fire fighting.,no,yes,,,real,True,sha256:a69b98012d9e4a46495a3aed48eef8ce75a69d001eaa28b4c38cb0f3c921909d,CORE CFIHOS V2.0 CSV/CFIHOS CORE equipment class v2.0.csv,43,source_reference_record,source_reference_record_unreviewed
fired heat transfer equipment class,CFIHOS-30000053,fired heater,Is a fired heat transfer equipment intended to burn fuel and to transfer the heat of combustion to a liquid without vaporising the liquid.,no,yes,,,real,True,sha256:a69b98012d9e4a46495a3aed48eef8ce75a69d001eaa28b4c38cb0f3c921909d,CORE CFIHOS V2.0 CSV/CFIHOS CORE equipment class v2.0.csv,44,source_reference_record,source_reference_record_unreviewed
"health, safety and environment equipment class",CFIHOS-30000054,firewater monitor,The firewater discharge controller.,no,yes,,,real,True,sha256:a69b98012d9e4a46495a3aed48eef8ce75a69d001eaa28b4c38cb0f3c921909d,CORE CFIHOS V2.0 CSV/CFIHOS CORE equipment class v2.0.csv,45,source_reference_record,source_reference_record_unreviewed
"health, safety and environment equipment class",CFIHOS-30000055,first aid kit,A collection of functional equipment intended to be used for first aid service in case of emergency.,no,yes,,,real,True,sha256:a69b98012d9e4a46495a3aed48eef8ce75a69d001eaa28b4c38cb0f3c921909d,CORE CFIHOS V2.0 CSV/CFIHOS CORE equipment class v2.0.csv,46,source_reference_record,source_reference_record_unreviewed
piping and pipeline equipment,CFIHOS-30000056,flame arrestor,"An arrestor which is a trap over an opening, e.g. of a ventilation system or a pipe, to prevent flames from entering the system.",no,yes,,,real,True,sha256:a69b98012d9e4a46495a3aed48eef8ce75a69d001eaa28b4c38cb0f3c921909d,CORE CFIHOS V2.0 CSV/CFIHOS CORE equipment class v2.0.csv,47,source_reference_record,source_reference_record_unreviewed
control switch,CFIHOS-30000057,flame switch,A specially designed switch with connections for inputs from multiple flame detectors. The switch has a built in logic to determine the presence of a flame based on these inputs.,no,yes,,,real,True,sha256:a69b98012d9e4a46495a3aed48eef8ce75a69d001eaa28b4c38cb0f3c921909d,CORE CFIHOS V2.0 CSV/CFIHOS CORE equipment class v2.0.csv,48,source_reference_record,source_reference_record_unreviewed
fired heat transfer equipment class,CFIHOS-30000058,flare,A system that burns waste in an elevated flame in the open air.,no,yes,,,real,True,sha256:a69b98012d9e4a46495a3aed48eef8ce75a69d001eaa28b4c38cb0f3c921909d,CORE CFIHOS V2.0 CSV/CFIHOS CORE equipment class v2.0.csv,49,source_reference_record,source_reference_record_unreviewed
vessel,CFIHOS-30000059,flash drum,A tank or vessel in which a process stream is charged or pumped and where lighter products flash off or vaporize and are drawn off at the top. The remainder heavier fractions are drawn off at the bottom of the vessel.,no,yes,,,real,True,sha256:a69b98012d9e4a46495a3aed48eef8ce75a69d001eaa28b4c38cb0f3c921909d,CORE CFIHOS V2.0 CSV/CFIHOS CORE equipment class v2.0.csv,50,source_reference_record,source_reference_record_unreviewed
orifice plate,CFIHOS-30000063,flow orifice plate,An orifice plate which restrict the flow and thus develops the differential pressure that is proportional to the square of the flow rate.,no,yes,,,real,True,sha256:a69b98012d9e4a46495a3aed48eef8ce75a69d001eaa28b4c38cb0f3c921909d,CORE CFIHOS V2.0 CSV/CFIHOS CORE equipment class v2.0.csv,51,source_reference_record,source_reference_record_unreviewed
detector,CFIHOS-30000065,fog detector,A device capable of detecting droplets of water vapour suspended in the air near the ground.,no,yes,,meteorological sensor (visibility),real,True,sha256:a69b98012d9e4a46495a3aed48eef8ce75a69d001eaa28b4c38cb0f3c921909d,CORE CFIHOS V2.0 CSV/CFIHOS CORE equipment class v2.0.csv,52,source_reference_record,source_reference_record_unreviewed
infrastructure,CFIHOS-30000067,foundation,Materials used to transfer loads to the ground and maintain structural stability.,no,no,,,real,True,sha256:a69b98012d9e4a46495a3aed48eef8ce75a69d001eaa28b4c38cb0f3c921909d,CORE CFIHOS V2.0 CSV/CFIHOS CORE equipment class v2.0.csv,53,source_reference_record,source_reference_record_unreviewed
analysing instrument,CFIHOS-30000068,freezing point analyser,An analyser intended to determine the freezing point of a liquid.,no,yes,,,real,True,sha256:a69b98012d9e4a46495a3aed48eef8ce75a69d001eaa28b4c38cb0f3c921909d,CORE CFIHOS V2.0 CSV/CFIHOS CORE equipment class v2.0.csv,54,source_reference_record,source_reference_record_unreviewed
piping and pipeline equipment,CFIHOS-30000070,funnel,A hollow cone with a tube extending from the smaller end and that is designed to catch and direct a downward flow.,no,yes,,,real,True,sha256:a69b98012d9e4a46495a3aed48eef8ce75a69d001eaa28b4c38cb0f3c921909d,CORE CFIHOS V2.0 CSV/CFIHOS CORE equipment class v2.0.csv,55,source_reference_record,source_reference_record_unreviewed
infrastructure,CFIHOS-30000071,furniture,"Is an artefact which is necessary, useful or desirable, especially for living or working but is not a tool for production.",no,no,,,real,True,sha256:a69b98012d9e4a46495a3aed48eef8ce75a69d001eaa28b4c38cb0f3c921909d,CORE CFIHOS V2.0 CSV/CFIHOS CORE equipment class v2.0.csv,56,source_reference_record,source_reference_record_unreviewed
other mechanical equipment,CFIHOS-30000072,fusible plug,A plug capable of being melted and fused.,no,yes,,,real,True,sha256:a69b98012d9e4a46495a3aed48eef8ce75a69d001eaa28b4c38cb0f3c921909d,CORE CFIHOS V2.0 CSV/CFIHOS CORE equipment class v2.0.csv,57,source_reference_record,source_reference_record_unreviewed
electrical isolator,CFIHOS-30000073,galvanic isolator,Galvanic isolation is the principle of isolating functional sections of electric systems so that charge-carrying particles cannot move from one section to another.,no,yes,,,real,True,sha256:a69b98012d9e4a46495a3aed48eef8ce75a69d001eaa28b4c38cb0f3c921909d,CORE CFIHOS V2.0 CSV/CFIHOS CORE equipment class v2.0.csv,58,source_reference_record,source_reference_record_unreviewed
analysing instrument,CFIHOS-30000074,gas composition analyser,An analyser which analyses the composition of gaseous mixture with two or more components.,no,yes,,,real,True,sha256:a69b98012d9e4a46495a3aed48eef8ce75a69d001eaa28b4c38cb0f3c921909d,CORE CFIHOS V2.0 CSV/CFIHOS CORE equipment class v2.0.csv,59,source_reference_record,source_reference_record_unreviewed
separator,CFIHOS-30000075,gas cyclone separator,A static device generating centrifugal force from an incoming flow which separates solid or liquids from a gas of a different density.,no,yes,,gascyclone separator,real,True,sha256:a69b98012d9e4a46495a3aed48eef8ce75a69d001eaa28b4c38cb0f3c921909d,CORE CFIHOS V2.0 CSV/CFIHOS CORE equipment class v2.0.csv,60,source_reference_record,source_reference_record_unreviewed
instrument equipment,CFIHOS-30000076,general instrument,A process instrument that records values represented by the input signal(s).,yes,no,,,real,True,sha256:a69b98012d9e4a46495a3aed48eef8ce75a69d001eaa28b4c38cb0f3c921909d,CORE CFIHOS V2.0 CSV/CFIHOS CORE equipment class v2.0.csv,61,source_reference_record,source_reference_record_unreviewed
other mechanical equipment,CFIHOS-30000077,grease injection unit,A system that injects grease for lubrication or sealing.,no,yes,,,real,True,sha256:a69b98012d9e4a46495a3aed48eef8ce75a69d001eaa28b4c38cb0f3c921909d,CORE CFIHOS V2.0 CSV/CFIHOS CORE equipment class v2.0.csv,62,source_reference_record,source_reference_record_unreviewed
heat exchanger,CFIHOS-30000078,grille,Is a framework of metal bars or wire which is placed in front of something. Often a terminal unit for delivering supply air to a room or for collecting extract air from a room.,no,yes,,,real,True,sha256:a69b98012d9e4a46495a3aed48eef8ce75a69d001eaa28b4c38cb0f3c921909d,CORE CFIHOS V2.0 CSV/CFIHOS CORE equipment class v2.0.csv,63,source_reference_record,source_reference_record_unreviewed
tool,CFIHOS-30000079,grinding machine,"An artefact which is intended to wear down, polish, or sharpen by the abrasive action of a high-speed grinding wheel or disc.",no,yes,,,real,True,sha256:a69b98012d9e4a46495a3aed48eef8ce75a69d001eaa28b4c38cb0f3c921909d,CORE CFIHOS V2.0 CSV/CFIHOS CORE equipment class v2.0.csv,64,source_reference_record,source_reference_record_unreviewed
piping and pipeline equipment,CFIHOS-30000080,guide post,An artefact which is an upstanding tapered shaft or rod fixed to a permanent guide base and intended to be used to guide equipment to the seabed.,no,yes,,,real,True,sha256:a69b98012d9e4a46495a3aed48eef8ce75a69d001eaa28b4c38cb0f3c921909d,CORE CFIHOS V2.0 CSV/CFIHOS CORE equipment class v2.0.csv,65,source_reference_record,source_reference_record_unreviewed
IT and telecom equipment,CFIHOS-30000081,hard disk,"An electromagnetic storage device, continuously available within a computer system.",no,yes,,,real,True,sha256:a69b98012d9e4a46495a3aed48eef8ce75a69d001eaa28b4c38cb0f3c921909d,CORE CFIHOS V2.0 CSV/CFIHOS CORE equipment class v2.0.csv,66,source_reference_record,source_reference_record_unreviewed
detector,CFIHOS-30000082,heat and smoke detector,A detector capable of detecting both heat and smoke.,no,yes,,,real,True,sha256:a69b98012d9e4a46495a3aed48eef8ce75a69d001eaa28b4c38cb0f3c921909d,CORE CFIHOS V2.0 CSV/CFIHOS CORE equipment class v2.0.csv,67,source_reference_record,source_reference_record_unreviewed
general instrument,CFIHOS-30000084,horn,An alarm device that makes a loud warning sound.,no,yes,,,real,True,sha256:a69b98012d9e4a46495a3aed48eef8ce75a69d001eaa28b4c38cb0f3c921909d,CORE CFIHOS V2.0 CSV/CFIHOS CORE equipment class v2.0.csv,68,source_reference_record,source_reference_record_unreviewed
other mechanical equipment,CFIHOS-30000085,hose,A tubular which is flexible and capable of conveying liquids under pressure.,no,yes,,,real,True,sha256:a69b98012d9e4a46495a3aed48eef8ce75a69d001eaa28b4c38cb0f3c921909d,CORE CFIHOS V2.0 CSV/CFIHOS CORE equipment class v2.0.csv,69,source_reference_record,source_reference_record_unreviewed
other mechanical equipment,CFIHOS-30000086,hose reel,A reel capable of holding a hose.,no,yes,,,real,True,sha256:a69b98012d9e4a46495a3aed48eef8ce75a69d001eaa28b4c38cb0f3c921909d,CORE CFIHOS V2.0 CSV/CFIHOS CORE equipment class v2.0.csv,70,source_reference_record,source_reference_record_unreviewed
electrical equipment class,CFIHOS-30000087,humidifier,Device used to increase the humidity in air by adding water under pressure as a spray into the air.,no,yes,,,real,True,sha256:a69b98012d9e4a46495a3aed48eef8ce75a69d001eaa28b4c38cb0f3c921909d,CORE CFIHOS V2.0 CSV/CFIHOS CORE equipment class v2.0.csv,71,source_reference_record,source_reference_record_unreviewed
analysing instrument,CFIHOS-30000088,humidity analyser,A meter intended to measure and indicate and/or produce a signal which represents the measured humidity.,no,yes,,,real,True,sha256:a69b98012d9e4a46495a3aed48eef8ce75a69d001eaa28b4c38cb0f3c921909d,CORE CFIHOS V2.0 CSV/CFIHOS CORE equipment class v2.0.csv,72,source_reference_record,source_reference_record_unreviewed
other mechanical equipment,CFIHOS-30000089,hydraulic connector,"An artefact for releasably connecting hydraulic fluid lines, having means for closing the fluid path when the connector is released.",no,yes,,,real,True,sha256:a69b98012d9e4a46495a3aed48eef8ce75a69d001eaa28b4c38cb0f3c921909d,CORE CFIHOS V2.0 CSV/CFIHOS CORE equipment class v2.0.csv,73,source_reference_record,source_reference_record_unreviewed
other mechanical equipment,CFIHOS-30000090,hydraulic power supply,An arrangement to supply hydraulic power according to specified levels and tolerances.,no,yes,,,real,True,sha256:a69b98012d9e4a46495a3aed48eef8ce75a69d001eaa28b4c38cb0f3c921909d,CORE CFIHOS V2.0 CSV/CFIHOS CORE equipment class v2.0.csv,74,source_reference_record,source_reference_record_unreviewed
piping and pipeline equipment,CFIHOS-30000094,ignitor,A device which is intended to initiate a spark that ignites a combustible mixture.,no,yes,,,real,True,sha256:a69b98012d9e4a46495a3aed48eef8ce75a69d001eaa28b4c38cb0f3c921909d,CORE CFIHOS V2.0 CSV/CFIHOS CORE equipment class v2.0.csv,75,source_reference_record,source_reference_record_unreviewed
infrastructure,CFIHOS-30000096,industrial building,"A building or area within a building that is used for activities associated with manufacturing, engineering works and maintenance and is not an office building.",no,no,,,real,True,sha256:a69b98012d9e4a46495a3aed48eef8ce75a69d001eaa28b4c38cb0f3c921909d,CORE CFIHOS V2.0 CSV/CFIHOS CORE equipment class v2.0.csv,76,source_reference_record,source_reference_record_unreviewed
class,CFIHOS-30000097,infrastructure,A basic physical and organizational structure or facilities (e.g. buildings and roads) needed for the operation of a site.,yes,no,,,real,True,sha256:a69b98012d9e4a46495a3aed48eef8ce75a69d001eaa28b4c38cb0f3c921909d,CORE CFIHOS V2.0 CSV/CFIHOS CORE equipment class v2.0.csv,77,source_reference_record,source_reference_record_unreviewed
class,CFIHOS-30000098,instrument equipment,"A physical object that detects an aspect of something; records, modifies and/or displays such an aspect or performs a combination of these activities.",yes,no,,instrumentation,real,True,sha256:a69b98012d9e4a46495a3aed48eef8ce75a69d001eaa28b4c38cb0f3c921909d,CORE CFIHOS V2.0 CSV/CFIHOS CORE equipment class v2.0.csv,78,source_reference_record,source_reference_record_unreviewed
IT and telecom equipment,CFIHOS-30000100,intercom,Is a communication system.,no,yes,,,real,True,sha256:a69b98012d9e4a46495a3aed48eef8ce75a69d001eaa28b4c38cb0f3c921909d,CORE CFIHOS V2.0 CSV/CFIHOS CORE equipment class v2.0.csv,79,source_reference_record,source_reference_record_unreviewed
class,CFIHOS-30000101,IT and telecom equipment,Technology and Infrastructure to manage electronic information handling.,yes,no,,,real,True,sha256:a69b98012d9e4a46495a3aed48eef8ce75a69d001eaa28b4c38cb0f3c921909d,CORE CFIHOS V2.0 CSV/CFIHOS CORE equipment class v2.0.csv,80,source_reference_record,source_reference_record_unreviewed
mixer,CFIHOS-30000102,agitator,A propeller like device with agitational or rotational movement located in a tank to prevent the content of the tank to build component segments.,no,yes,,,real,True,sha256:a69b98012d9e4a46495a3aed48eef8ce75a69d001eaa28b4c38cb0f3c921909d,CORE CFIHOS V2.0 CSV/CFIHOS CORE equipment class v2.0.csv,81,source_reference_record,source_reference_record_unreviewed
other mechanical equipment,CFIHOS-30000103,air balancing unit,An air balancing unit on a nodding donkey.,no,yes,,,real,True,sha256:a69b98012d9e4a46495a3aed48eef8ce75a69d001eaa28b4c38cb0f3c921909d,CORE CFIHOS V2.0 CSV/CFIHOS CORE equipment class v2.0.csv,82,source_reference_record,source_reference_record_unreviewed
other mechanical equipment,CFIHOS-30000104,air handling unit,An artefact intended for central conditioning and pressure increase of ventilation air.,no,yes,,,real,True,sha256:a69b98012d9e4a46495a3aed48eef8ce75a69d001eaa28b4c38cb0f3c921909d,CORE CFIHOS V2.0 CSV/CFIHOS CORE equipment class v2.0.csv,83,source_reference_record,source_reference_record_unreviewed
detecting element,CFIHOS-30000105,analyser element,Is an artefact intended to retrieve a material at a particular location and inserted into something so as to test its conditions.,no,yes,,,real,True,sha256:a69b98012d9e4a46495a3aed48eef8ce75a69d001eaa28b4c38cb0f3c921909d,CORE CFIHOS V2.0 CSV/CFIHOS CORE equipment class v2.0.csv,84,source_reference_record,source_reference_record_unreviewed
instrument equipment,CFIHOS-30000106,analysing instrument,A detecting instrument that is intended to analyse a substance for its composition and/or properties.,yes,no,,analyser instrument; analyser,real,True,sha256:a69b98012d9e4a46495a3aed48eef8ce75a69d001eaa28b4c38cb0f3c921909d,CORE CFIHOS V2.0 CSV/CFIHOS CORE equipment class v2.0.csv,85,source_reference_record,source_reference_record_unreviewed
IT and telecom equipment,CFIHOS-30000108,attenuator,"An attenuator is a telecommunication device that reduces the amplitude of a signal without appreciably distorting its waveform. Attenuators are usually passive devices. The degree of attenuation may be fixed, continuously adjustable, or incrementally adjustable.",no,yes,,,real,True,sha256:a69b98012d9e4a46495a3aed48eef8ce75a69d001eaa28b4c38cb0f3c921909d,CORE CFIHOS V2.0 CSV/CFIHOS CORE equipment class v2.0.csv,86,source_reference_record,source_reference_record_unreviewed
transmitter,CFIHOS-30000109,axial displacement transmitter,A transmitter measuring an axial displacement and generating a standardized output signal representing the axial measured displacement.,no,yes,,,real,True,sha256:a69b98012d9e4a46495a3aed48eef8ce75a69d001eaa28b4c38cb0f3c921909d,CORE CFIHOS V2.0 CSV/CFIHOS CORE equipment class v2.0.csv,87,source_reference_record,source_reference_record_unreviewed
damper,CFIHOS-30000110,balancing damper,Is a gas flow damper intended to adjust an air flow rate through a duct.,no,yes,,,real,True,sha256:a69b98012d9e4a46495a3aed48eef8ce75a69d001eaa28b4c38cb0f3c921909d,CORE CFIHOS V2.0 CSV/CFIHOS CORE equipment class v2.0.csv,88,source_reference_record,source_reference_record_unreviewed
infrastructure,CFIHOS-30000111,jetty,A loading and/or unloading system which is located in water deep enough for a ship to moor.,no,no,,wharf,real,True,sha256:a69b98012d9e4a46495a3aed48eef8ce75a69d001eaa28b4c38cb0f3c921909d,CORE CFIHOS V2.0 CSV/CFIHOS CORE equipment class v2.0.csv,89,source_reference_record,source_reference_record_unreviewed
tool,CFIHOS-30000112,lathe,"In woodturning, metalworking, metalspinning, and glassworking, a lathe is a machine tool which spins a block of material so that when abrasive, cutting, or deformation tools are applied to the block, it can be shaped to produce an object which has rotational symmetry about an axis of rotation.",no,yes,,,real,True,sha256:a69b98012d9e4a46495a3aed48eef8ce75a69d001eaa28b4c38cb0f3c921909d,CORE CFIHOS V2.0 CSV/CFIHOS CORE equipment class v2.0.csv,90,source_reference_record,source_reference_record_unreviewed
"health, safety and environment equipment class",CFIHOS-30000114,life buoy,An artefact for the rescue of personnel from an installation in the case of an emergency situation.,no,yes,,,real,True,sha256:a69b98012d9e4a46495a3aed48eef8ce75a69d001eaa28b4c38cb0f3c921909d,CORE CFIHOS V2.0 CSV/CFIHOS CORE equipment class v2.0.csv,91,source_reference_record,source_reference_record_unreviewed
"health, safety and environment equipment class",CFIHOS-30000115,life buoy light,A facility to give light when the life buoy is in the water.,no,yes,,,real,True,sha256:a69b98012d9e4a46495a3aed48eef8ce75a69d001eaa28b4c38cb0f3c921909d,CORE CFIHOS V2.0 CSV/CFIHOS CORE equipment class v2.0.csv,92,source_reference_record,source_reference_record_unreviewed
marine,CFIHOS-30000116,life raft,An artefact which is a raft for emergency situations.,no,yes,,,real,True,sha256:a69b98012d9e4a46495a3aed48eef8ce75a69d001eaa28b4c38cb0f3c921909d,CORE CFIHOS V2.0 CSV/CFIHOS CORE equipment class v2.0.csv,93,source_reference_record,source_reference_record_unreviewed
lifting device,CFIHOS-30000117,lifting beam,"Is a solid or fabricated metal or wooden beam, suspended from a hoist/crane or from a forklift, designed to provide multiple lifting points.",no,no,,,real,True,sha256:a69b98012d9e4a46495a3aed48eef8ce75a69d001eaa28b4c38cb0f3c921909d,CORE CFIHOS V2.0 CSV/CFIHOS CORE equipment class v2.0.csv,94,source_reference_record,source_reference_record_unreviewed
lifting device,CFIHOS-30000118,lifting cap,A lifting device also serving as a cover or protection.,no,no,,,real,True,sha256:a69b98012d9e4a46495a3aed48eef8ce75a69d001eaa28b4c38cb0f3c921909d,CORE CFIHOS V2.0 CSV/CFIHOS CORE equipment class v2.0.csv,95,source_reference_record,source_reference_record_unreviewed
piping and pipeline equipment,CFIHOS-30000119,line blind,A functional unit used to blind off a process stream.,no,no,,,real,True,sha256:a69b98012d9e4a46495a3aed48eef8ce75a69d001eaa28b4c38cb0f3c921909d,CORE CFIHOS V2.0 CSV/CFIHOS CORE equipment class v2.0.csv,96,source_reference_record,source_reference_record_unreviewed
analysing instrument,CFIHOS-30000120,liquid composition analyser,An analyser for liquid.,no,yes,,,real,True,sha256:a69b98012d9e4a46495a3aed48eef8ce75a69d001eaa28b4c38cb0f3c921909d,CORE CFIHOS V2.0 CSV/CFIHOS CORE equipment class v2.0.csv,97,source_reference_record,source_reference_record_unreviewed
detector,CFIHOS-30000121,liquid detector,A detector which is capable of detecting selected types of liquids.,no,yes,,,real,True,sha256:a69b98012d9e4a46495a3aed48eef8ce75a69d001eaa28b4c38cb0f3c921909d,CORE CFIHOS V2.0 CSV/CFIHOS CORE equipment class v2.0.csv,98,source_reference_record,source_reference_record_unreviewed
detecting element,CFIHOS-30000123,load cell,A transducer which produces a signal with a defined relationship to the force applied to it.,no,yes,,,real,True,sha256:a69b98012d9e4a46495a3aed48eef8ce75a69d001eaa28b4c38cb0f3c921909d,CORE CFIHOS V2.0 CSV/CFIHOS CORE equipment class v2.0.csv,99,source_reference_record,source_reference_record_unreviewed
other mechanical equipment,CFIHOS-30000124,logic cap,A retrievable and configurable device to route and re-route flow true the cap.,no,yes,,,real,True,sha256:a69b98012d9e4a46495a3aed48eef8ce75a69d001eaa28b4c38cb0f3c921909d,CORE CFIHOS V2.0 CSV/CFIHOS CORE equipment class v2.0.csv,100,source_reference_record,source_reference_record_unreviewed
mechanical equipment class,CFIHOS-30000125,louvre,An artefact which contains fins or vanes intended to control a flow of air. Typically also to separate water droplets from an air stream.,no,yes,,,real,True,sha256:a69b98012d9e4a46495a3aed48eef8ce75a69d001eaa28b4c38cb0f3c921909d,CORE CFIHOS V2.0 CSV/CFIHOS CORE equipment class v2.0.csv,101,source_reference_record,source_reference_record_unreviewed
level transmitter,CFIHOS-30000126,magnetic level transmitter,A level transmitter which uses a floater and magnetic contacts to measure and transmit level.,no,yes,,,real,True,sha256:a69b98012d9e4a46495a3aed48eef8ce75a69d001eaa28b4c38cb0f3c921909d,CORE CFIHOS V2.0 CSV/CFIHOS CORE equipment class v2.0.csv,102,source_reference_record,source_reference_record_unreviewed
"health, safety and environment equipment class",CFIHOS-30000127,manual call point,A manual call point is a device which enables personnel to raise an alarm in the event of a fire incident by pressing a frangible element to activate the alarm system.,no,yes,,,real,True,sha256:a69b98012d9e4a46495a3aed48eef8ce75a69d001eaa28b4c38cb0f3c921909d,CORE CFIHOS V2.0 CSV/CFIHOS CORE equipment class v2.0.csv,103,source_reference_record,source_reference_record_unreviewed
control switch,CFIHOS-30000128,manual control switch,A control switch that is operated by a person.,no,yes,Owner Operator RDL Alignment,hand switch,real,True,sha256:a69b98012d9e4a46495a3aed48eef8ce75a69d001eaa28b4c38cb0f3c921909d,CORE CFIHOS V2.0 CSV/CFIHOS CORE equipment class v2.0.csv,104,source_reference_record,source_reference_record_unreviewed
mechanical equipment class,CFIHOS-30000129,marine,A physical object that is related to the sea or sea transport.,yes,no,,,real,True,sha256:a69b98012d9e4a46495a3aed48eef8ce75a69d001eaa28b4c38cb0f3c921909d,CORE CFIHOS V2.0 CSV/CFIHOS CORE equipment class v2.0.csv,105,source_reference_record,source_reference_record_unreviewed
other mechanical equipment,CFIHOS-30000130,mast,Is a support (item).,no,yes,,,real,True,sha256:a69b98012d9e4a46495a3aed48eef8ce75a69d001eaa28b4c38cb0f3c921909d,CORE CFIHOS V2.0 CSV/CFIHOS CORE equipment class v2.0.csv,106,source_reference_record,source_reference_record_unreviewed
other mechanical equipment,CFIHOS-30000131,mechanical connector,An artefact which is a pipeline fitting used to create a rigid pressure containing joint in a pipeline or flowline.,no,yes,,,real,True,sha256:a69b98012d9e4a46495a3aed48eef8ce75a69d001eaa28b4c38cb0f3c921909d,CORE CFIHOS V2.0 CSV/CFIHOS CORE equipment class v2.0.csv,107,source_reference_record,source_reference_record_unreviewed
tool,CFIHOS-30000132,meter prover,An artefact for the calibration of flow meters.,no,yes,,,real,True,sha256:a69b98012d9e4a46495a3aed48eef8ce75a69d001eaa28b4c38cb0f3c921909d,CORE CFIHOS V2.0 CSV/CFIHOS CORE equipment class v2.0.csv,108,source_reference_record,source_reference_record_unreviewed
IT and telecom equipment,CFIHOS-30000133,microphone,"A microphone, sometimes called a mic (pronounced mike), is a device that converts sound into an electrical signal.",no,yes,,,real,True,sha256:a69b98012d9e4a46495a3aed48eef8ce75a69d001eaa28b4c38cb0f3c921909d,CORE CFIHOS V2.0 CSV/CFIHOS CORE equipment class v2.0.csv,109,source_reference_record,source_reference_record_unreviewed
class,CFIHOS-30000134,miscellaneous equipment,An equipment class that contains classes that not covered by any other parent class.,yes,no,,,real,True,sha256:a69b98012d9e4a46495a3aed48eef8ce75a69d001eaa28b4c38cb0f3c921909d,CORE CFIHOS V2.0 CSV/CFIHOS CORE equipment class v2.0.csv,110,source_reference_record,source_reference_record_unreviewed
IT and telecom equipment,CFIHOS-30000135,modem,"Short for modulator/demodulator. A communications device that converts one form of a signal to another that is suitable for transmission over communication circuits, typically from digital to analogue and then from analogue to digital.",no,yes,,,real,True,sha256:a69b98012d9e4a46495a3aed48eef8ce75a69d001eaa28b4c38cb0f3c921909d,CORE CFIHOS V2.0 CSV/CFIHOS CORE equipment class v2.0.csv,111,source_reference_record,source_reference_record_unreviewed
other mechanical equipment,CFIHOS-30000136,mounting bracket,Is a bracket intended to attach an item to another item.,no,yes,,,real,True,sha256:a69b98012d9e4a46495a3aed48eef8ce75a69d001eaa28b4c38cb0f3c921909d,CORE CFIHOS V2.0 CSV/CFIHOS CORE equipment class v2.0.csv,112,source_reference_record,source_reference_record_unreviewed
analysing instrument,CFIHOS-30000137,multi property analyser,An analyser giving as output a signal that represents more than one physical properties of the analysed substance.,no,yes,,,real,True,sha256:a69b98012d9e4a46495a3aed48eef8ce75a69d001eaa28b4c38cb0f3c921909d,CORE CFIHOS V2.0 CSV/CFIHOS CORE equipment class v2.0.csv,113,source_reference_record,source_reference_record_unreviewed
IT and telecom equipment,CFIHOS-30000138,multiplexer,Is an artefact intended for a number of input channels to share one output channel.,no,yes,,,real,True,sha256:a69b98012d9e4a46495a3aed48eef8ce75a69d001eaa28b4c38cb0f3c921909d,CORE CFIHOS V2.0 CSV/CFIHOS CORE equipment class v2.0.csv,114,source_reference_record,source_reference_record_unreviewed
IT and telecom equipment,CFIHOS-30000139,net oil computer,A very accurate flow meter used to record oil exports.,no,yes,,,real,True,sha256:a69b98012d9e4a46495a3aed48eef8ce75a69d001eaa28b4c38cb0f3c921909d,CORE CFIHOS V2.0 CSV/CFIHOS CORE equipment class v2.0.csv,115,source_reference_record,source_reference_record_unreviewed
infrastructure,CFIHOS-30000163,office building,Is a building intended to provide a working space for people and their resources.,no,no,,,real,True,sha256:a69b98012d9e4a46495a3aed48eef8ce75a69d001eaa28b4c38cb0f3c921909d,CORE CFIHOS V2.0 CSV/CFIHOS CORE equipment class v2.0.csv,116,source_reference_record,source_reference_record_unreviewed
IT and telecom equipment,CFIHOS-30000164,optical beacon,"A post or buoy placed over a shoal or bank to warn vessels, also a signal mark on land.",no,yes,,,real,True,sha256:a69b98012d9e4a46495a3aed48eef8ce75a69d001eaa28b4c38cb0f3c921909d,CORE CFIHOS V2.0 CSV/CFIHOS CORE equipment class v2.0.csv,117,source_reference_record,source_reference_record_unreviewed
IT and telecom equipment,CFIHOS-30000165,overhead projector,Equipment which projects an image on a screen by passing light through a transparent slide or other transparency.,no,yes,,,real,True,sha256:a69b98012d9e4a46495a3aed48eef8ce75a69d001eaa28b4c38cb0f3c921909d,CORE CFIHOS V2.0 CSV/CFIHOS CORE equipment class v2.0.csv,118,source_reference_record,source_reference_record_unreviewed
lifting device,CFIHOS-30000166,overhead runway beam,"Is a fixed assembly of rails or beams, girders, brackets and framework on which a movable or fixed hoisting mechanism travels.",no,no,,,real,True,sha256:a69b98012d9e4a46495a3aed48eef8ce75a69d001eaa28b4c38cb0f3c921909d,CORE CFIHOS V2.0 CSV/CFIHOS CORE equipment class v2.0.csv,119,source_reference_record,source_reference_record_unreviewed
other mechanical equipment,CFIHOS-30000168,package,An artefact which is a collection of artefacts to be managed as one for some purpose.,no,yes,,,real,True,sha256:a69b98012d9e4a46495a3aed48eef8ce75a69d001eaa28b4c38cb0f3c921909d,CORE CFIHOS V2.0 CSV/CFIHOS CORE equipment class v2.0.csv,120,source_reference_record,source_reference_record_unreviewed
other mechanical equipment,CFIHOS-30000169,padeye,A facility used to fasten lifting or movement equipment to the structure. A padeye have hole for a shackle.,no,no,,,real,True,sha256:a69b98012d9e4a46495a3aed48eef8ce75a69d001eaa28b4c38cb0f3c921909d,CORE CFIHOS V2.0 CSV/CFIHOS CORE equipment class v2.0.csv,121,source_reference_record,source_reference_record_unreviewed
IT and telecom equipment,CFIHOS-30000170,pager,One-way communications device in which the intended receiver is alerted to receive a message or return a phone call.,no,yes,,,real,True,sha256:a69b98012d9e4a46495a3aed48eef8ce75a69d001eaa28b4c38cb0f3c921909d,CORE CFIHOS V2.0 CSV/CFIHOS CORE equipment class v2.0.csv,122,source_reference_record,source_reference_record_unreviewed
IT and telecom equipment,CFIHOS-30000171,paging system,A system intended to contact people through a pager. It is pre-date mobile phone technology.,no,yes,,,real,True,sha256:a69b98012d9e4a46495a3aed48eef8ce75a69d001eaa28b4c38cb0f3c921909d,CORE CFIHOS V2.0 CSV/CFIHOS CORE equipment class v2.0.csv,123,source_reference_record,source_reference_record_unreviewed
lifting device,CFIHOS-30000172,personnel basket,A container that can be attached to a hook for lifting one or more people.,no,yes,,,real,True,sha256:a69b98012d9e4a46495a3aed48eef8ce75a69d001eaa28b4c38cb0f3c921909d,CORE CFIHOS V2.0 CSV/CFIHOS CORE equipment class v2.0.csv,124,source_reference_record,source_reference_record_unreviewed
corrosion element,CFIHOS-30000173,pH element,An element designed to measure pH (potential of Hydrogen).,no,yes,,,real,True,sha256:a69b98012d9e4a46495a3aed48eef8ce75a69d001eaa28b4c38cb0f3c921909d,CORE CFIHOS V2.0 CSV/CFIHOS CORE equipment class v2.0.csv,125,source_reference_record,source_reference_record_unreviewed
piping and pipeline equipment,CFIHOS-30000175,pig launcher,A pressure vessel intended for sending a pig into a pipeline.,no,yes,,,real,True,sha256:a69b98012d9e4a46495a3aed48eef8ce75a69d001eaa28b4c38cb0f3c921909d,CORE CFIHOS V2.0 CSV/CFIHOS CORE equipment class v2.0.csv,126,source_reference_record,source_reference_record_unreviewed
piping and pipeline equipment,CFIHOS-30000176,pig loop,A flowloop that allows a pipeline pig to move from one pipe to another.,no,no,,,real,True,sha256:a69b98012d9e4a46495a3aed48eef8ce75a69d001eaa28b4c38cb0f3c921909d,CORE CFIHOS V2.0 CSV/CFIHOS CORE equipment class v2.0.csv,127,source_reference_record,source_reference_record_unreviewed
piping and pipeline equipment,CFIHOS-30000177,pig receiver,A pressure vessel intended for receiving a pig from a pipeline.,no,yes,,,real,True,sha256:a69b98012d9e4a46495a3aed48eef8ce75a69d001eaa28b4c38cb0f3c921909d,CORE CFIHOS V2.0 CSV/CFIHOS CORE equipment class v2.0.csv,128,source_reference_record,source_reference_record_unreviewed
piping and pipeline equipment,CFIHOS-30000178,pig transmitter,A transmitter intended to detect a pig passage and transmit a signal representing the measured value.,no,yes,,,real,True,sha256:a69b98012d9e4a46495a3aed48eef8ce75a69d001eaa28b4c38cb0f3c921909d,CORE CFIHOS V2.0 CSV/CFIHOS CORE equipment class v2.0.csv,129,source_reference_record,source_reference_record_unreviewed
piping and pipeline equipment,CFIHOS-30000179,pig trap,A facility on a pipeline for inserting and retrieving a scraper or pig.,no,yes,,,real,True,sha256:a69b98012d9e4a46495a3aed48eef8ce75a69d001eaa28b4c38cb0f3c921909d,CORE CFIHOS V2.0 CSV/CFIHOS CORE equipment class v2.0.csv,130,source_reference_record,source_reference_record_unreviewed
tool,CFIHOS-30000180,pipe bending machine,An artefact which is intended for bending pipes.,no,yes,,,real,True,sha256:a69b98012d9e4a46495a3aed48eef8ce75a69d001eaa28b4c38cb0f3c921909d,CORE CFIHOS V2.0 CSV/CFIHOS CORE equipment class v2.0.csv,131,source_reference_record,source_reference_record_unreviewed
mechanical equipment class,CFIHOS-30000181,piping and pipeline equipment,A physical object used in or in connection with a piping system.,yes,no,,,real,True,sha256:a69b98012d9e4a46495a3aed48eef8ce75a69d001eaa28b4c38cb0f3c921909d,CORE CFIHOS V2.0 CSV/CFIHOS CORE equipment class v2.0.csv,132,source_reference_record,source_reference_record_unreviewed
piping and pipeline equipment,CFIHOS-30000182,piping spool,Is a piping assembly of piping components to be pre-fabricated as one item.,no,no,,,real,True,sha256:a69b98012d9e4a46495a3aed48eef8ce75a69d001eaa28b4c38cb0f3c921909d,CORE CFIHOS V2.0 CSV/CFIHOS CORE equipment class v2.0.csv,133,source_reference_record,source_reference_record_unreviewed
IT and telecom equipment,CFIHOS-30000184,positioning system,"A handheld or fixed device designed to identify and record the location of an object on the earth's surface. GPS, GALILEO, SYLEDIS, HYPERFIX, LORAN-C, DECCA etc. are all brands and working on different networks.",no,yes,,,real,True,sha256:a69b98012d9e4a46495a3aed48eef8ce75a69d001eaa28b4c38cb0f3c921909d,CORE CFIHOS V2.0 CSV/CFIHOS CORE equipment class v2.0.csv,134,source_reference_record,source_reference_record_unreviewed
flow element,CFIHOS-30000185,positive displacement flow element,Elements like impellers rotating by the pressure of the fluid  in a closed conduit to measure the flow of a liquid.,no,yes,,,real,True,sha256:a69b98012d9e4a46495a3aed48eef8ce75a69d001eaa28b4c38cb0f3c921909d,CORE CFIHOS V2.0 CSV/CFIHOS CORE equipment class v2.0.csv,135,source_reference_record,source_reference_record_unreviewed
electrical equipment class,CFIHOS-30000186,power stabiliser,A device that removes voltage spikes from an AC or DC electrical supply.,no,yes,,voltage regulator,real,True,sha256:a69b98012d9e4a46495a3aed48eef8ce75a69d001eaa28b4c38cb0f3c921909d,CORE CFIHOS V2.0 CSV/CFIHOS CORE equipment class v2.0.csv,136,source_reference_record,source_reference_record_unreviewed
IT and telecom equipment,CFIHOS-30000189,process data acquisition and control,"Is a facilty for measure & control, including the main plant computerized operational system, where all process, utility and off site activities are monitored. The system may be located in the main control room. (e.g. PLC Programmable logic controller, DCS distributed control system, ENMC Electrical Network Monitoring and Control system).",no,yes,,programmable logic controller; plc,real,True,sha256:a69b98012d9e4a46495a3aed48eef8ce75a69d001eaa28b4c38cb0f3c921909d,CORE CFIHOS V2.0 CSV/CFIHOS CORE equipment class v2.0.csv,137,source_reference_record,source_reference_record_unreviewed
IT and telecom equipment,CFIHOS-30000191,public address and alarm system,Is an alarm system.,no,yes,,,real,True,sha256:a69b98012d9e4a46495a3aed48eef8ce75a69d001eaa28b4c38cb0f3c921909d,CORE CFIHOS V2.0 CSV/CFIHOS CORE equipment class v2.0.csv,138,source_reference_record,source_reference_record_unreviewed
other mechanical equipment,CFIHOS-30000199,rack,A mechanical structure intended to receive a number of pieces of basically standardized modular equipment.,no,yes,,,real,True,sha256:a69b98012d9e4a46495a3aed48eef8ce75a69d001eaa28b4c38cb0f3c921909d,CORE CFIHOS V2.0 CSV/CFIHOS CORE equipment class v2.0.csv,139,source_reference_record,source_reference_record_unreviewed
level element,CFIHOS-30000200,radar level element,An element intended to determine a level based on high frequency electromagnetic waves.,no,yes,,,real,True,sha256:a69b98012d9e4a46495a3aed48eef8ce75a69d001eaa28b4c38cb0f3c921909d,CORE CFIHOS V2.0 CSV/CFIHOS CORE equipment class v2.0.csv,140,source_reference_record,source_reference_record_unreviewed
heat exchanger,CFIHOS-30000201,radiator,Is a heat exchanger which cools a fluid and heats the surrounding environment.,no,yes,,,real,True,sha256:a69b98012d9e4a46495a3aed48eef8ce75a69d001eaa28b4c38cb0f3c921909d,CORE CFIHOS V2.0 CSV/CFIHOS CORE equipment class v2.0.csv,141,source_reference_record,source_reference_record_unreviewed
vehicle,CFIHOS-30000202,radio caravan,A mobile radio communications centre.,no,yes,,,real,True,sha256:a69b98012d9e4a46495a3aed48eef8ce75a69d001eaa28b4c38cb0f3c921909d,CORE CFIHOS V2.0 CSV/CFIHOS CORE equipment class v2.0.csv,142,source_reference_record,source_reference_record_unreviewed
IT and telecom equipment,CFIHOS-30000203,radio transceiver,"A transceiver which has the methods of signalling through space, without connecting wires.",no,yes,,,real,True,sha256:a69b98012d9e4a46495a3aed48eef8ce75a69d001eaa28b4c38cb0f3c921909d,CORE CFIHOS V2.0 CSV/CFIHOS CORE equipment class v2.0.csv,143,source_reference_record,source_reference_record_unreviewed
IT and telecom equipment,CFIHOS-30000205,reader,Is a piece of hardware intended to read and decode information encoded on a carrier.,no,yes,,computer peripheral,real,True,sha256:a69b98012d9e4a46495a3aed48eef8ce75a69d001eaa28b4c38cb0f3c921909d,CORE CFIHOS V2.0 CSV/CFIHOS CORE equipment class v2.0.csv,144,source_reference_record,source_reference_record_unreviewed
analysing instrument,CFIHOS-30000206,redox analyser,An analyser intended to determine the oxidation and reduction capability of material.,no,yes,,,real,True,sha256:a69b98012d9e4a46495a3aed48eef8ce75a69d001eaa28b4c38cb0f3c921909d,CORE CFIHOS V2.0 CSV/CFIHOS CORE equipment class v2.0.csv,145,source_reference_record,source_reference_record_unreviewed
pressure transmitter,CFIHOS-30000208,relative pressure transmitter,A pressure transmitter where pressure is applied to one side of the sensor while the other side is open to atmosphere. The transmitter generate standardized output signal representing the measured value.,no,yes,,,real,True,sha256:a69b98012d9e4a46495a3aed48eef8ce75a69d001eaa28b4c38cb0f3c921909d,CORE CFIHOS V2.0 CSV/CFIHOS CORE equipment class v2.0.csv,146,source_reference_record,source_reference_record_unreviewed
electrical equipment class,CFIHOS-30000209,remote terminal unit,"A RTU, or Remote Terminal Unit is a device which interfaces objects in the physical world to a DCS or SCADA system by transmitting telemetry data to the system and/or altering the state of connected objects based on control messages received from the system.",no,yes,,rtu,real,True,sha256:a69b98012d9e4a46495a3aed48eef8ce75a69d001eaa28b4c38cb0f3c921909d,CORE CFIHOS V2.0 CSV/CFIHOS CORE equipment class v2.0.csv,147,source_reference_record,source_reference_record_unreviewed
infrastructure,CFIHOS-30000210,residential building,Assigned for living and accommodation.,no,no,,,real,True,sha256:a69b98012d9e4a46495a3aed48eef8ce75a69d001eaa28b4c38cb0f3c921909d,CORE CFIHOS V2.0 CSV/CFIHOS CORE equipment class v2.0.csv,148,source_reference_record,source_reference_record_unreviewed
infrastructure,CFIHOS-30000218,road,Is a civil item intended for vehicle traffic.,no,no,,,real,True,sha256:a69b98012d9e4a46495a3aed48eef8ce75a69d001eaa28b4c38cb0f3c921909d,CORE CFIHOS V2.0 CSV/CFIHOS CORE equipment class v2.0.csv,149,source_reference_record,source_reference_record_unreviewed
IT and telecom equipment,CFIHOS-30000221,router,A router is a computer networking device that forwards data packets toward their destinations through a process known as routing. Routing occurs at layer 3 (Network layer) of the OSI seven-layer model.,no,yes,,,real,True,sha256:a69b98012d9e4a46495a3aed48eef8ce75a69d001eaa28b4c38cb0f3c921909d,CORE CFIHOS V2.0 CSV/CFIHOS CORE equipment class v2.0.csv,150,source_reference_record,source_reference_record_unreviewed
electrical equipment class,CFIHOS-30000222,safety barrier,"Safety barriers are devices that limit the current, voltage, and total energy delivered to a sensor in a hazardous area or flammable environment in order to prevent an explosion.",no,no,,,real,True,sha256:a69b98012d9e4a46495a3aed48eef8ce75a69d001eaa28b4c38cb0f3c921909d,CORE CFIHOS V2.0 CSV/CFIHOS CORE equipment class v2.0.csv,151,source_reference_record,source_reference_record_unreviewed
analysing instrument,CFIHOS-30000224,sample loop component,A sample loop adds a predetermined volume to the process.,no,yes,,,real,True,sha256:a69b98012d9e4a46495a3aed48eef8ce75a69d001eaa28b4c38cb0f3c921909d,CORE CFIHOS V2.0 CSV/CFIHOS CORE equipment class v2.0.csv,152,source_reference_record,source_reference_record_unreviewed
IT and telecom equipment,CFIHOS-30000225,satellite communications terminal,A system that provides voice and telefax communication via satellites.,no,yes,,,real,True,sha256:a69b98012d9e4a46495a3aed48eef8ce75a69d001eaa28b4c38cb0f3c921909d,CORE CFIHOS V2.0 CSV/CFIHOS CORE equipment class v2.0.csv,153,source_reference_record,source_reference_record_unreviewed
conveyor,CFIHOS-30000226,screw conveyor,"Is a conveyer intended to move dry, solid material from one location to another by means of a helix or screw rotating in a cylindrical conduit.",no,yes,,,real,True,sha256:a69b98012d9e4a46495a3aed48eef8ce75a69d001eaa28b4c38cb0f3c921909d,CORE CFIHOS V2.0 CSV/CFIHOS CORE equipment class v2.0.csv,154,source_reference_record,source_reference_record_unreviewed
control switch,CFIHOS-30000227,selector switch,A manual control switch which has more then two possible positioning states.,no,yes,,,real,True,sha256:a69b98012d9e4a46495a3aed48eef8ce75a69d001eaa28b4c38cb0f3c921909d,CORE CFIHOS V2.0 CSV/CFIHOS CORE equipment class v2.0.csv,155,source_reference_record,source_reference_record_unreviewed
other mechanical equipment,CFIHOS-30000228,shale shaker,A vibrating screen for sifting out rock cuttings from drilling mud.,no,yes,,,real,True,sha256:a69b98012d9e4a46495a3aed48eef8ce75a69d001eaa28b4c38cb0f3c921909d,CORE CFIHOS V2.0 CSV/CFIHOS CORE equipment class v2.0.csv,156,source_reference_record,source_reference_record_unreviewed
mechanical equipment class,CFIHOS-30000230,other mechanical equipment,An equipment class that contains classes that normally are the responsibility of a department for mechanical engineering that are not covered by the mechanical equipment class.,yes,no,,,real,True,sha256:a69b98012d9e4a46495a3aed48eef8ce75a69d001eaa28b4c38cb0f3c921909d,CORE CFIHOS V2.0 CSV/CFIHOS CORE equipment class v2.0.csv,157,source_reference_record,source_reference_record_unreviewed
other mechanical equipment,CFIHOS-30000231,sheave,"A wheel which is grooved for use with vee-belts, ropes, round belts, wire or pipe.",no,yes,,,real,True,sha256:a69b98012d9e4a46495a3aed48eef8ce75a69d001eaa28b4c38cb0f3c921909d,CORE CFIHOS V2.0 CSV/CFIHOS CORE equipment class v2.0.csv,158,source_reference_record,source_reference_record_unreviewed
damper,CFIHOS-30000232,shut off damper,A damper intended for closing off parts of a ventilation system.,no,yes,,,real,True,sha256:a69b98012d9e4a46495a3aed48eef8ce75a69d001eaa28b4c38cb0f3c921909d,CORE CFIHOS V2.0 CSV/CFIHOS CORE equipment class v2.0.csv,159,source_reference_record,source_reference_record_unreviewed
miscellaneous equipment,CFIHOS-30000233,side pocket mandrel,A completion component that is used to house gas-lift valves and similar devices that require communication with the annulus.,no,yes,,,real,True,sha256:a69b98012d9e4a46495a3aed48eef8ce75a69d001eaa28b4c38cb0f3c921909d,CORE CFIHOS V2.0 CSV/CFIHOS CORE equipment class v2.0.csv,160,source_reference_record,source_reference_record_unreviewed
IT and telecom equipment,CFIHOS-30000235,signal splitter,"A device with one input and at least two outputs used for dividing a detectable transmitted energy (as a voltage, current, or  magnetic field strength) by which information can be transmitted.",no,yes,,,real,True,sha256:a69b98012d9e4a46495a3aed48eef8ce75a69d001eaa28b4c38cb0f3c921909d,CORE CFIHOS V2.0 CSV/CFIHOS CORE equipment class v2.0.csv,161,source_reference_record,source_reference_record_unreviewed
marine,CFIHOS-30000236,single buoy mooring,"A Single buoy mooring (SBM) or Single point mooring (SPM) is a loading buoy anchored offshore that serves as a mooring point and interconnect for tankers loading or offloading gas or fluid products. SBMs are the link between the geostatic subsea manifold connections and the weathervaning tanker. They are capable of handling any size ship, even very large crude carriers (VLCC) where no alternative facility is available.",no,yes,,,real,True,sha256:a69b98012d9e4a46495a3aed48eef8ce75a69d001eaa28b4c38cb0f3c921909d,CORE CFIHOS V2.0 CSV/CFIHOS CORE equipment class v2.0.csv,162,source_reference_record,source_reference_record_unreviewed
"health, safety and environment equipment class",CFIHOS-30000237,sink,A large basin with taps that supplies water.,no,yes,,,real,True,sha256:a69b98012d9e4a46495a3aed48eef8ce75a69d001eaa28b4c38cb0f3c921909d,CORE CFIHOS V2.0 CSV/CFIHOS CORE equipment class v2.0.csv,163,source_reference_record,source_reference_record_unreviewed
other mechanical equipment,CFIHOS-30000239,skimmer,Device which separates oil from water by mechanically wipe the oil of the water surface.,no,yes,,,real,True,sha256:a69b98012d9e4a46495a3aed48eef8ce75a69d001eaa28b4c38cb0f3c921909d,CORE CFIHOS V2.0 CSV/CFIHOS CORE equipment class v2.0.csv,164,source_reference_record,source_reference_record_unreviewed
lifting device,CFIHOS-30000240,snatch block,A block through which a rope can be reeved without access to an end.,no,yes,,,real,True,sha256:a69b98012d9e4a46495a3aed48eef8ce75a69d001eaa28b4c38cb0f3c921909d,CORE CFIHOS V2.0 CSV/CFIHOS CORE equipment class v2.0.csv,165,source_reference_record,source_reference_record_unreviewed
analysing instrument,CFIHOS-30000242,solid composition analyser,An analyser intended to determine a mixture of solid particles in liquids or solid or liquid droplets in air.,no,yes,,,real,True,sha256:a69b98012d9e4a46495a3aed48eef8ce75a69d001eaa28b4c38cb0f3c921909d,CORE CFIHOS V2.0 CSV/CFIHOS CORE equipment class v2.0.csv,166,source_reference_record,source_reference_record_unreviewed
detector,CFIHOS-30000243,sand detector,A detector intended to detect sand in a fluid.,no,yes,,,real,True,sha256:a69b98012d9e4a46495a3aed48eef8ce75a69d001eaa28b4c38cb0f3c921909d,CORE CFIHOS V2.0 CSV/CFIHOS CORE equipment class v2.0.csv,167,source_reference_record,source_reference_record_unreviewed
damper,CFIHOS-30000244,sound attenuator,A device decreasing noise in a HVAC system.,no,yes,,,real,True,sha256:a69b98012d9e4a46495a3aed48eef8ce75a69d001eaa28b4c38cb0f3c921909d,CORE CFIHOS V2.0 CSV/CFIHOS CORE equipment class v2.0.csv,168,source_reference_record,source_reference_record_unreviewed
analysing instrument,CFIHOS-30000245,sound pressure level analyser,A meter intended to measure a sound pressure level.,no,yes,,,real,True,sha256:a69b98012d9e4a46495a3aed48eef8ce75a69d001eaa28b4c38cb0f3c921909d,CORE CFIHOS V2.0 CSV/CFIHOS CORE equipment class v2.0.csv,169,source_reference_record,source_reference_record_unreviewed
piping and pipeline equipment,CFIHOS-30000246,spark arrestor,A device which removes incandescent particles from a gas stream. Spark arrestors are fitted to vehicles and stationary engines which are operated in potentially flammable atmospheres.,no,yes,,,real,True,sha256:a69b98012d9e4a46495a3aed48eef8ce75a69d001eaa28b4c38cb0f3c921909d,CORE CFIHOS V2.0 CSV/CFIHOS CORE equipment class v2.0.csv,170,source_reference_record,source_reference_record_unreviewed
tool,CFIHOS-30000247,special tool,A device that is made as a tool to be used for a special purpose.,no,yes,,,real,True,sha256:a69b98012d9e4a46495a3aed48eef8ce75a69d001eaa28b4c38cb0f3c921909d,CORE CFIHOS V2.0 CSV/CFIHOS CORE equipment class v2.0.csv,171,source_reference_record,source_reference_record_unreviewed
analysing instrument,CFIHOS-30000248,specific gravity analyser,An analyser intended to determine specific gravity's of materials. Typically of liquids.,no,yes,,,real,True,sha256:a69b98012d9e4a46495a3aed48eef8ce75a69d001eaa28b4c38cb0f3c921909d,CORE CFIHOS V2.0 CSV/CFIHOS CORE equipment class v2.0.csv,172,source_reference_record,source_reference_record_unreviewed
other mechanical equipment,CFIHOS-30000249,spreader bar,A beam that is used to spread ropes or slings when lifting.,no,yes,,,real,True,sha256:a69b98012d9e4a46495a3aed48eef8ce75a69d001eaa28b4c38cb0f3c921909d,CORE CFIHOS V2.0 CSV/CFIHOS CORE equipment class v2.0.csv,173,source_reference_record,source_reference_record_unreviewed
piping and pipeline equipment,CFIHOS-30000250,spring support,Is a support (item) intended to carry the load of piping components.,no,no,,,real,True,sha256:a69b98012d9e4a46495a3aed48eef8ce75a69d001eaa28b4c38cb0f3c921909d,CORE CFIHOS V2.0 CSV/CFIHOS CORE equipment class v2.0.csv,174,source_reference_record,source_reference_record_unreviewed
other mechanical equipment,CFIHOS-30000251,stack,Is a support structure intended to support a flare or vent pipe.,no,yes,,,real,True,sha256:a69b98012d9e4a46495a3aed48eef8ce75a69d001eaa28b4c38cb0f3c921909d,CORE CFIHOS V2.0 CSV/CFIHOS CORE equipment class v2.0.csv,175,source_reference_record,source_reference_record_unreviewed
other mechanical equipment,CFIHOS-30000253,stroke length adjuster,A mechanical device capable of reducing the stroke length of a pump.,no,yes,,,real,True,sha256:a69b98012d9e4a46495a3aed48eef8ce75a69d001eaa28b4c38cb0f3c921909d,CORE CFIHOS V2.0 CSV/CFIHOS CORE equipment class v2.0.csv,176,source_reference_record,source_reference_record_unreviewed
mechanical equipment class,CFIHOS-30000254,sump,Is an artefact intended to collect a heavy phase by making use of gravity.,no,yes,,pit,real,True,sha256:a69b98012d9e4a46495a3aed48eef8ce75a69d001eaa28b4c38cb0f3c921909d,CORE CFIHOS V2.0 CSV/CFIHOS CORE equipment class v2.0.csv,177,source_reference_record,source_reference_record_unreviewed
other mechanical equipment,CFIHOS-30000255,swivel joint,An artefact joining two parts so that one or both can pivot freely (as on a bolt or pin).,no,yes,,,real,True,sha256:a69b98012d9e4a46495a3aed48eef8ce75a69d001eaa28b4c38cb0f3c921909d,CORE CFIHOS V2.0 CSV/CFIHOS CORE equipment class v2.0.csv,178,source_reference_record,source_reference_record_unreviewed
IT and telecom equipment,CFIHOS-30000257,tape drive,A device that transfer data between a computer and a magnetic tape.,no,yes,,,real,True,sha256:a69b98012d9e4a46495a3aed48eef8ce75a69d001eaa28b4c38cb0f3c921909d,CORE CFIHOS V2.0 CSV/CFIHOS CORE equipment class v2.0.csv,179,source_reference_record,source_reference_record_unreviewed
instrument equipment,CFIHOS-30000258,temperature instrument,"A physical object that detects temperatures; records, modifies and/or displays or performs a combination of these activities.",no,yes,,,real,True,sha256:a69b98012d9e4a46495a3aed48eef8ce75a69d001eaa28b4c38cb0f3c921909d,CORE CFIHOS V2.0 CSV/CFIHOS CORE equipment class v2.0.csv,180,source_reference_record,source_reference_record_unreviewed
flow element,CFIHOS-30000259,thermal flow element,An element which uses the principle of thermal conductivity to measure volume flow rate.,no,yes,,,real,True,sha256:a69b98012d9e4a46495a3aed48eef8ce75a69d001eaa28b4c38cb0f3c921909d,CORE CFIHOS V2.0 CSV/CFIHOS CORE equipment class v2.0.csv,181,source_reference_record,source_reference_record_unreviewed
flow transmitter,CFIHOS-30000260,thermal flow transmitter,A velocity flow meter which uses the principle of thermal conductivity to measure volume flow rate.,no,yes,,,real,True,sha256:a69b98012d9e4a46495a3aed48eef8ce75a69d001eaa28b4c38cb0f3c921909d,CORE CFIHOS V2.0 CSV/CFIHOS CORE equipment class v2.0.csv,182,source_reference_record,source_reference_record_unreviewed
class,CFIHOS-30000261,tool,"A device that is a mechanical implement for working upon something, as by cutting, striking, rubbing or other processes, in any manual art or industry; usually, one held in and operated by the hand (or fixed in position, as in a lath), but also including certain simple machines, as the lathe; sometimes extended to simple instruments of other kinds.",yes,no,,,real,True,sha256:a69b98012d9e4a46495a3aed48eef8ce75a69d001eaa28b4c38cb0f3c921909d,CORE CFIHOS V2.0 CSV/CFIHOS CORE equipment class v2.0.csv,183,source_reference_record,source_reference_record_unreviewed
vehicle,CFIHOS-30000263,trailer,Is a vehicle which is nonautomotive and is designed to be hauled by road.,no,yes,,,real,True,sha256:a69b98012d9e4a46495a3aed48eef8ce75a69d001eaa28b4c38cb0f3c921909d,CORE CFIHOS V2.0 CSV/CFIHOS CORE equipment class v2.0.csv,184,source_reference_record,source_reference_record_unreviewed
flow transmitter,CFIHOS-30000264,turbine flow transmitter,A transmitter specially designed to convert the signal in a turbine meter into a standardized output signal.,no,yes,,,real,True,sha256:a69b98012d9e4a46495a3aed48eef8ce75a69d001eaa28b4c38cb0f3c921909d,CORE CFIHOS V2.0 CSV/CFIHOS CORE equipment class v2.0.csv,185,source_reference_record,source_reference_record_unreviewed
flow transmitter,CFIHOS-30000265,ultrasonic flow transmitter,A flow transmitter providing electrical outputs that are proportional to the flow inputs from an ultrasonic flow meter.,no,yes,,,real,True,sha256:a69b98012d9e4a46495a3aed48eef8ce75a69d001eaa28b4c38cb0f3c921909d,CORE CFIHOS V2.0 CSV/CFIHOS CORE equipment class v2.0.csv,186,source_reference_record,source_reference_record_unreviewed
level element,CFIHOS-30000266,ultrasonic level element,An element intended to determine a level based on  ultrasonic sound waves.,no,yes,,,real,True,sha256:a69b98012d9e4a46495a3aed48eef8ce75a69d001eaa28b4c38cb0f3c921909d,CORE CFIHOS V2.0 CSV/CFIHOS CORE equipment class v2.0.csv,187,source_reference_record,source_reference_record_unreviewed
miscellaneous equipment,CFIHOS-30000267,umbilical,"An assembly of hydraulic hoses which can also include electrical cables or optic fibres, used to control a sub sea structure or remote operated vehicle from a platform or a vessel.",no,yes,,,real,True,sha256:a69b98012d9e4a46495a3aed48eef8ce75a69d001eaa28b4c38cb0f3c921909d,CORE CFIHOS V2.0 CSV/CFIHOS CORE equipment class v2.0.csv,188,source_reference_record,source_reference_record_unreviewed
electrical equipment class,CFIHOS-30000268,UV sterilizer,Is a sterilizer intended to make use of ultraviolet light.,no,yes,,,real,True,sha256:a69b98012d9e4a46495a3aed48eef8ce75a69d001eaa28b4c38cb0f3c921909d,CORE CFIHOS V2.0 CSV/CFIHOS CORE equipment class v2.0.csv,189,source_reference_record,source_reference_record_unreviewed
analysing instrument,CFIHOS-30000271,vapour pressure analyser,An analyser intended to determine a vapor pressure.,no,yes,,,real,True,sha256:a69b98012d9e4a46495a3aed48eef8ce75a69d001eaa28b4c38cb0f3c921909d,CORE CFIHOS V2.0 CSV/CFIHOS CORE equipment class v2.0.csv,190,source_reference_record,source_reference_record_unreviewed
control switch,CFIHOS-30000273,vibration switch,A switch intended to give a on/off signal when vibration level have reached a pre-set value.,no,yes,,vibrating fork level switch,real,True,sha256:a69b98012d9e4a46495a3aed48eef8ce75a69d001eaa28b4c38cb0f3c921909d,CORE CFIHOS V2.0 CSV/CFIHOS CORE equipment class v2.0.csv,191,source_reference_record,source_reference_record_unreviewed
IT and telecom equipment,CFIHOS-30000274,video converter,A signal converter intended to convert one video signal type to another video signal type.,no,yes,,,real,True,sha256:a69b98012d9e4a46495a3aed48eef8ce75a69d001eaa28b4c38cb0f3c921909d,CORE CFIHOS V2.0 CSV/CFIHOS CORE equipment class v2.0.csv,192,source_reference_record,source_reference_record_unreviewed
IT and telecom equipment,CFIHOS-30000275,video monitor,A facility with the capability of receiving  video signals and displaying pictures.,no,yes,,,real,True,sha256:a69b98012d9e4a46495a3aed48eef8ce75a69d001eaa28b4c38cb0f3c921909d,CORE CFIHOS V2.0 CSV/CFIHOS CORE equipment class v2.0.csv,193,source_reference_record,source_reference_record_unreviewed
transmitter,CFIHOS-30000276,voltage transmitter,A transmitter which output is relative to a measured voltage.,no,yes,,,real,True,sha256:a69b98012d9e4a46495a3aed48eef8ce75a69d001eaa28b4c38cb0f3c921909d,CORE CFIHOS V2.0 CSV/CFIHOS CORE equipment class v2.0.csv,194,source_reference_record,source_reference_record_unreviewed
flow transmitter,CFIHOS-30000277,vortex flow transmitter,A transmitter specially designed to convert the signal in a vortex flow meter into a standardized output signal.,no,yes,,,real,True,sha256:a69b98012d9e4a46495a3aed48eef8ce75a69d001eaa28b4c38cb0f3c921909d,CORE CFIHOS V2.0 CSV/CFIHOS CORE equipment class v2.0.csv,195,source_reference_record,source_reference_record_unreviewed
other mechanical equipment,CFIHOS-30000278,waste compactor,A compactor is a machine or mechanism used to reduce the size of waste material.,no,yes,,,real,True,sha256:a69b98012d9e4a46495a3aed48eef8ce75a69d001eaa28b4c38cb0f3c921909d,CORE CFIHOS V2.0 CSV/CFIHOS CORE equipment class v2.0.csv,196,source_reference_record,source_reference_record_unreviewed
heat exchanger,CFIHOS-30000279,water cooler,A water cooler is a device that cools and dispenses water.,no,yes,,,real,True,sha256:a69b98012d9e4a46495a3aed48eef8ce75a69d001eaa28b4c38cb0f3c921909d,CORE CFIHOS V2.0 CSV/CFIHOS CORE equipment class v2.0.csv,197,source_reference_record,source_reference_record_unreviewed
other mechanical equipment,CFIHOS-30000280,water desalination system,Is a fresh water system.,no,yes,,,real,True,sha256:a69b98012d9e4a46495a3aed48eef8ce75a69d001eaa28b4c38cb0f3c921909d,CORE CFIHOS V2.0 CSV/CFIHOS CORE equipment class v2.0.csv,198,source_reference_record,source_reference_record_unreviewed
other mechanical equipment,CFIHOS-30000281,water maker,"A device for producing drinking water, but not necessarily by reverse osmosis.",no,yes,,,real,True,sha256:a69b98012d9e4a46495a3aed48eef8ce75a69d001eaa28b4c38cb0f3c921909d,CORE CFIHOS V2.0 CSV/CFIHOS CORE equipment class v2.0.csv,199,source_reference_record,source_reference_record_unreviewed
miscellaneous equipment,CFIHOS-30000283,well,A well is a collection of (zero or more) holes drilled into the Earth for the purpose of either (1) finding or producing underground resources; or (2) providing services related to the production of underground resources.,no,yes,,,real,True,sha256:a69b98012d9e4a46495a3aed48eef8ce75a69d001eaa28b4c38cb0f3c921909d,CORE CFIHOS V2.0 CSV/CFIHOS CORE equipment class v2.0.csv,200,source_reference_record,source_reference_record_unreviewed
miscellaneous equipment,CFIHOS-30000284,wellhead,"The wellhead is assembled from, or incorporates facilities for, the upper casing and tubing hangers. This effectively provides the upper termination of the wellbore and provides a mounting position for the surface flow-control equipment or Christmas tree.",no,yes,,,real,True,sha256:a69b98012d9e4a46495a3aed48eef8ce75a69d001eaa28b4c38cb0f3c921909d,CORE CFIHOS V2.0 CSV/CFIHOS CORE equipment class v2.0.csv,201,source_reference_record,source_reference_record_unreviewed
lifting device,CFIHOS-30000285,winch,"A powerful machine with one or more drums on which to coil a rope, cable, or chain for hauling or hoisting.",no,yes,,,real,True,sha256:a69b98012d9e4a46495a3aed48eef8ce75a69d001eaa28b4c38cb0f3c921909d,CORE CFIHOS V2.0 CSV/CFIHOS CORE equipment class v2.0.csv,202,source_reference_record,source_reference_record_unreviewed
detector,CFIHOS-30000286,anemometer,"A detecting instrument for recording wind speed, and possibly wind direction.",no,yes,,wind meter,real,True,sha256:a69b98012d9e4a46495a3aed48eef8ce75a69d001eaa28b4c38cb0f3c921909d,CORE CFIHOS V2.0 CSV/CFIHOS CORE equipment class v2.0.csv,203,source_reference_record,source_reference_record_unreviewed
lifting device,CFIHOS-30000287,wire hoist,"A hoist utilizing a wire-rope for suspending load. Wire hoists are normally electrically powered, but also (hand) lever types exists.",no,yes,,,real,True,sha256:a69b98012d9e4a46495a3aed48eef8ce75a69d001eaa28b4c38cb0f3c921909d,CORE CFIHOS V2.0 CSV/CFIHOS CORE equipment class v2.0.csv,204,source_reference_record,source_reference_record_unreviewed
other mechanical equipment,CFIHOS-30000288,wire line unit,Is a well services facility intended to handle wire lines.,no,yes,,,real,True,sha256:a69b98012d9e4a46495a3aed48eef8ce75a69d001eaa28b4c38cb0f3c921909d,CORE CFIHOS V2.0 CSV/CFIHOS CORE equipment class v2.0.csv,205,source_reference_record,source_reference_record_unreviewed
lifting device,CFIHOS-30000289,wire sling,A sling for enclosing material to be hoisted by a tackle or crane made by wire.,no,yes,,,real,True,sha256:a69b98012d9e4a46495a3aed48eef8ce75a69d001eaa28b4c38cb0f3c921909d,CORE CFIHOS V2.0 CSV/CFIHOS CORE equipment class v2.0.csv,206,source_reference_record,source_reference_record_unreviewed
IT and telecom equipment,CFIHOS-30000290,wireless access point,"A wireless access point (WAP) is a device that allows wired communication devices to connect to a wireless network using Wi-Fi, Bluetooth or related standards. The WAP usually connects to a router, and can relay data between the wireless devices (such as computers or printers) and wired devices on the network.",no,yes,,,real,True,sha256:a69b98012d9e4a46495a3aed48eef8ce75a69d001eaa28b4c38cb0f3c921909d,CORE CFIHOS V2.0 CSV/CFIHOS CORE equipment class v2.0.csv,207,source_reference_record,source_reference_record_unreviewed
mechanical equipment class,CFIHOS-30000291,damper,"A device that damps, typically a valve or plate (as in the flue of a furnace) for regulating the draft, or a device to stop vibration, typically a shock absorber or snubber.",yes,no,,,real,True,sha256:a69b98012d9e4a46495a3aed48eef8ce75a69d001eaa28b4c38cb0f3c921909d,CORE CFIHOS V2.0 CSV/CFIHOS CORE equipment class v2.0.csv,208,source_reference_record,source_reference_record_unreviewed
instrument equipment,CFIHOS-30000292,indicating instrument,A device which gives a visual indication of a measured value.,no,yes,,indicator,real,True,sha256:a69b98012d9e4a46495a3aed48eef8ce75a69d001eaa28b4c38cb0f3c921909d,CORE CFIHOS V2.0 CSV/CFIHOS CORE equipment class v2.0.csv,209,source_reference_record,source_reference_record_unreviewed
control valve,CFIHOS-30000294,down hole safety valve,A valve that is intended for subsurface control/check operation.,no,no,"BP, Chevron & Shell Tagging Specification",subsurface safety valve,real,True,sha256:a69b98012d9e4a46495a3aed48eef8ce75a69d001eaa28b4c38cb0f3c921909d,CORE CFIHOS V2.0 CSV/CFIHOS CORE equipment class v2.0.csv,210,source_reference_record,source_reference_record_unreviewed
pressure relief device,CFIHOS-30000295,relief valve,A self operating valve that is set to open at a certain pressure level to prevent the pressure in a container or system from reaching unsafe levels.,no,yes,,,real,True,sha256:a69b98012d9e4a46495a3aed48eef8ce75a69d001eaa28b4c38cb0f3c921909d,CORE CFIHOS V2.0 CSV/CFIHOS CORE equipment class v2.0.csv,211,source_reference_record,source_reference_record_unreviewed
infrastructure,CFIHOS-30000297,basin,A container intended to store liquid or solid material partly or totally below grade and that is typically open.,no,no,,,real,True,sha256:a69b98012d9e4a46495a3aed48eef8ce75a69d001eaa28b4c38cb0f3c921909d,CORE CFIHOS V2.0 CSV/CFIHOS CORE equipment class v2.0.csv,212,source_reference_record,source_reference_record_unreviewed
lifting device,CFIHOS-30000298,basket,A container that has a characteristic shape and that is made of material with an open structure.,no,yes,,,real,True,sha256:a69b98012d9e4a46495a3aed48eef8ce75a69d001eaa28b4c38cb0f3c921909d,CORE CFIHOS V2.0 CSV/CFIHOS CORE equipment class v2.0.csv,213,source_reference_record,source_reference_record_unreviewed
other mechanical equipment,CFIHOS-30000299,cap,A physical object that is a hood or covering for the top or end of something.,no,no,,,real,True,sha256:a69b98012d9e4a46495a3aed48eef8ce75a69d001eaa28b4c38cb0f3c921909d,CORE CFIHOS V2.0 CSV/CFIHOS CORE equipment class v2.0.csv,214,source_reference_record,source_reference_record_unreviewed
enclosure,CFIHOS-30000300,chamber,A physical object that is an enclosed space.,no,yes,,,real,True,sha256:a69b98012d9e4a46495a3aed48eef8ce75a69d001eaa28b4c38cb0f3c921909d,CORE CFIHOS V2.0 CSV/CFIHOS CORE equipment class v2.0.csv,215,source_reference_record,source_reference_record_unreviewed
other mechanical equipment,CFIHOS-30000301,door,A physical object that is an opening in a barrier and a removable physical object that can block the opening.,no,no,,,real,True,sha256:a69b98012d9e4a46495a3aed48eef8ce75a69d001eaa28b4c38cb0f3c921909d,CORE CFIHOS V2.0 CSV/CFIHOS CORE equipment class v2.0.csv,216,source_reference_record,source_reference_record_unreviewed
class,CFIHOS-30000303,enclosure,A physical object that separates enclosed physical objects from those outside.,yes,no,,,real,True,sha256:a69b98012d9e4a46495a3aed48eef8ce75a69d001eaa28b4c38cb0f3c921909d,CORE CFIHOS V2.0 CSV/CFIHOS CORE equipment class v2.0.csv,217,source_reference_record,source_reference_record_unreviewed
piping and pipeline equipment,CFIHOS-30000304,flange,"A physical object that is a projecting flat rim, plate, collar or rib.",no,yes,,,real,True,sha256:a69b98012d9e4a46495a3aed48eef8ce75a69d001eaa28b4c38cb0f3c921909d,CORE CFIHOS V2.0 CSV/CFIHOS CORE equipment class v2.0.csv,218,source_reference_record,source_reference_record_unreviewed
other mechanical equipment,CFIHOS-30000305,frame,A physical object that is an open structure of beams or bars.,no,yes,,,real,True,sha256:a69b98012d9e4a46495a3aed48eef8ce75a69d001eaa28b4c38cb0f3c921909d,CORE CFIHOS V2.0 CSV/CFIHOS CORE equipment class v2.0.csv,219,source_reference_record,source_reference_record_unreviewed
other mechanical equipment,CFIHOS-30000306,gasket,A seal that is one or more closed loops of deformable material used between mating surfaces which have only very limited movement relative to each other.,no,yes,,,real,True,sha256:a69b98012d9e4a46495a3aed48eef8ce75a69d001eaa28b4c38cb0f3c921909d,CORE CFIHOS V2.0 CSV/CFIHOS CORE equipment class v2.0.csv,220,source_reference_record,source_reference_record_unreviewed
other mechanical equipment,CFIHOS-30000307,housing,An enclosure that also provides support.,no,no,,,real,True,sha256:a69b98012d9e4a46495a3aed48eef8ce75a69d001eaa28b4c38cb0f3c921909d,CORE CFIHOS V2.0 CSV/CFIHOS CORE equipment class v2.0.csv,221,source_reference_record,source_reference_record_unreviewed
piping and pipeline equipment,CFIHOS-30000308,manifold,A physical object that contains a chamber with several openings.,no,yes,,,real,True,sha256:a69b98012d9e4a46495a3aed48eef8ce75a69d001eaa28b4c38cb0f3c921909d,CORE CFIHOS V2.0 CSV/CFIHOS CORE equipment class v2.0.csv,222,source_reference_record,source_reference_record_unreviewed
piping and pipeline equipment,CFIHOS-30000309,seal,A physical object intended to reduce or prevent the passage of fluid through an opening.,no,yes,,,real,True,sha256:a69b98012d9e4a46495a3aed48eef8ce75a69d001eaa28b4c38cb0f3c921909d,CORE CFIHOS V2.0 CSV/CFIHOS CORE equipment class v2.0.csv,223,source_reference_record,source_reference_record_unreviewed
class,CFIHOS-30000310,electrical equipment class,An equipment class that contains classes of artefacts which is electrical equipment.,yes,no,,electrical equipment,real,True,sha256:a69b98012d9e4a46495a3aed48eef8ce75a69d001eaa28b4c38cb0f3c921909d,CORE CFIHOS V2.0 CSV/CFIHOS CORE equipment class v2.0.csv,224,source_reference_record,source_reference_record_unreviewed
,CFIHOS-30000311,class,An artefact class that contains classes of artefacts or physical resources required for a purpose.,yes,no,Top node in class hierarchy,,real,True,sha256:a69b98012d9e4a46495a3aed48eef8ce75a69d001eaa28b4c38cb0f3c921909d,CORE CFIHOS V2.0 CSV/CFIHOS CORE equipment class v2.0.csv,225,source_reference_record,source_reference_record_unreviewed
mechanical equipment class,CFIHOS-30000312,fired heat transfer equipment class,An equipment class that contains heat transfer equipment items with a purpose related to combustion.,yes,no,,,real,True,sha256:a69b98012d9e4a46495a3aed48eef8ce75a69d001eaa28b4c38cb0f3c921909d,CORE CFIHOS V2.0 CSV/CFIHOS CORE equipment class v2.0.csv,226,source_reference_record,source_reference_record_unreviewed
class,CFIHOS-30000313,"health, safety and environment equipment class",An equipment class that contains classes of artefacts intended to be used to provide health and safety and to prevent environmental hazards.,yes,no,,,real,True,sha256:a69b98012d9e4a46495a3aed48eef8ce75a69d001eaa28b4c38cb0f3c921909d,CORE CFIHOS V2.0 CSV/CFIHOS CORE equipment class v2.0.csv,227,source_reference_record,source_reference_record_unreviewed
class,CFIHOS-30000314,mechanical equipment class,An equipment class that contains classes that normally are the responsibility of a department for mechanical engineering.,yes,no,,,real,True,sha256:a69b98012d9e4a46495a3aed48eef8ce75a69d001eaa28b4c38cb0f3c921909d,CORE CFIHOS V2.0 CSV/CFIHOS CORE equipment class v2.0.csv,228,source_reference_record,source_reference_record_unreviewed
vessel,CFIHOS-30000315,accumulator,"A physical object for storing energy, and which after discharge may be recharged.",no,yes,,,real,True,sha256:a69b98012d9e4a46495a3aed48eef8ce75a69d001eaa28b4c38cb0f3c921909d,CORE CFIHOS V2.0 CSV/CFIHOS CORE equipment class v2.0.csv,229,source_reference_record,source_reference_record_unreviewed
electrical equipment class,CFIHOS-30000316,amplifier,A physical object for increasing the power of a signal.,no,yes,,,real,True,sha256:a69b98012d9e4a46495a3aed48eef8ce75a69d001eaa28b4c38cb0f3c921909d,CORE CFIHOS V2.0 CSV/CFIHOS CORE equipment class v2.0.csv,230,source_reference_record,source_reference_record_unreviewed
other mechanical equipment,CFIHOS-30000317,anode,A physical object that is capable of emitting positive charge carriers to and/or receiving negative charge carriers from the medium of lower conductivity.,no,yes,,,real,True,sha256:a69b98012d9e4a46495a3aed48eef8ce75a69d001eaa28b4c38cb0f3c921909d,CORE CFIHOS V2.0 CSV/CFIHOS CORE equipment class v2.0.csv,231,source_reference_record,source_reference_record_unreviewed
electrical equipment class,CFIHOS-30000318,battery back-up power supply unit,A direct current power supply unit intended to supply stabilised DC electric power according to specified levels and tolerances.,no,no,,,real,True,sha256:a69b98012d9e4a46495a3aed48eef8ce75a69d001eaa28b4c38cb0f3c921909d,CORE CFIHOS V2.0 CSV/CFIHOS CORE equipment class v2.0.csv,232,source_reference_record,source_reference_record_unreviewed
electrical equipment class,CFIHOS-30000319,battery charger,A direct current power supply unit for charging batteries.,no,yes,,,real,True,sha256:a69b98012d9e4a46495a3aed48eef8ce75a69d001eaa28b4c38cb0f3c921909d,CORE CFIHOS V2.0 CSV/CFIHOS CORE equipment class v2.0.csv,233,source_reference_record,source_reference_record_unreviewed
electrical equipment class,CFIHOS-30000320,busbar,"An electrical conductor that is of low-impedance, to which several electric circuits can be connected at separate points.",no,yes,,bus bar,real,True,sha256:a69b98012d9e4a46495a3aed48eef8ce75a69d001eaa28b4c38cb0f3c921909d,CORE CFIHOS V2.0 CSV/CFIHOS CORE equipment class v2.0.csv,234,source_reference_record,source_reference_record_unreviewed
other mechanical equipment,CFIHOS-30000321,cable reel,"A physical object that is a reel on to which cable is wound during manufacture, for storage, transportation and installation.",no,no,,,real,True,sha256:a69b98012d9e4a46495a3aed48eef8ce75a69d001eaa28b4c38cb0f3c921909d,CORE CFIHOS V2.0 CSV/CFIHOS CORE equipment class v2.0.csv,235,source_reference_record,source_reference_record_unreviewed
electrical equipment class,CFIHOS-30000322,capacitor bank,A physical object that is a number of capacitor units connected so as to act together.,no,yes,,,real,True,sha256:a69b98012d9e4a46495a3aed48eef8ce75a69d001eaa28b4c38cb0f3c921909d,CORE CFIHOS V2.0 CSV/CFIHOS CORE equipment class v2.0.csv,236,source_reference_record,source_reference_record_unreviewed
electrical equipment class,CFIHOS-30000323,circuit-breaker,A mechanical switching device that at regular intervals interrupts an electric current.,no,yes,,,real,True,sha256:a69b98012d9e4a46495a3aed48eef8ce75a69d001eaa28b4c38cb0f3c921909d,CORE CFIHOS V2.0 CSV/CFIHOS CORE equipment class v2.0.csv,237,source_reference_record,source_reference_record_unreviewed
IT and telecom equipment,CFIHOS-30000324,clock,A timepiece for the measurement of time.,no,yes,,,real,True,sha256:a69b98012d9e4a46495a3aed48eef8ce75a69d001eaa28b4c38cb0f3c921909d,CORE CFIHOS V2.0 CSV/CFIHOS CORE equipment class v2.0.csv,238,source_reference_record,source_reference_record_unreviewed
transmitter,CFIHOS-30000325,conductivity transmitter,A transmitter that is intended to measure and transmit conductivity.,no,yes,,,real,True,sha256:a69b98012d9e4a46495a3aed48eef8ce75a69d001eaa28b4c38cb0f3c921909d,CORE CFIHOS V2.0 CSV/CFIHOS CORE equipment class v2.0.csv,239,source_reference_record,source_reference_record_unreviewed
electrical equipment class,CFIHOS-30000326,contactor,"A mechanical switching device having only one position of rest, operated otherwise than by hand, capable of making, carrying and breaking currents under normal circuit conditions including operating overload conditions.",no,yes,,,real,True,sha256:a69b98012d9e4a46495a3aed48eef8ce75a69d001eaa28b4c38cb0f3c921909d,CORE CFIHOS V2.0 CSV/CFIHOS CORE equipment class v2.0.csv,240,source_reference_record,source_reference_record_unreviewed
electrical equipment class,CFIHOS-30000327,control panel,An instrument panel containing a set of indicating devices and control units required for operation of a system or part of it.,no,yes,,electrical panel,real,True,sha256:a69b98012d9e4a46495a3aed48eef8ce75a69d001eaa28b4c38cb0f3c921909d,CORE CFIHOS V2.0 CSV/CFIHOS CORE equipment class v2.0.csv,241,source_reference_record,source_reference_record_unreviewed
transmitter,CFIHOS-30000329,current transmitter,A transmitter that transmits an analogue electrical current.,no,yes,,,real,True,sha256:a69b98012d9e4a46495a3aed48eef8ce75a69d001eaa28b4c38cb0f3c921909d,CORE CFIHOS V2.0 CSV/CFIHOS CORE equipment class v2.0.csv,242,source_reference_record,source_reference_record_unreviewed
switchgear and controlgear,CFIHOS-30000330,distribution board,"A switchgear and controlgear that is an insulated  panel carrying terminals, fuses, etc, for controlling a number of subsidiary electrical circuits.",no,yes,,,real,True,sha256:a69b98012d9e4a46495a3aed48eef8ce75a69d001eaa28b4c38cb0f3c921909d,CORE CFIHOS V2.0 CSV/CFIHOS CORE equipment class v2.0.csv,243,source_reference_record,source_reference_record_unreviewed
electrical equipment class,CFIHOS-30000331,earth busbar,An electrical conductor that is a busbar used for earthing.,no,no,,grounding busbar; earthing bar,real,True,sha256:a69b98012d9e4a46495a3aed48eef8ce75a69d001eaa28b4c38cb0f3c921909d,CORE CFIHOS V2.0 CSV/CFIHOS CORE equipment class v2.0.csv,244,source_reference_record,source_reference_record_unreviewed
electrical equipment class,CFIHOS-30000332,earth electrode,"An electrode, which is the conductive part, that can be embedded in a specific conductive medium, e.g. concrete or coke, in electric contact with the Earth.",no,yes,,grounding electrode,real,True,sha256:a69b98012d9e4a46495a3aed48eef8ce75a69d001eaa28b4c38cb0f3c921909d,CORE CFIHOS V2.0 CSV/CFIHOS CORE equipment class v2.0.csv,245,source_reference_record,source_reference_record_unreviewed
detector,CFIHOS-30000333,earth leakage detector,A detector intended to detect a leakage current to earth.,no,no,,,real,True,sha256:a69b98012d9e4a46495a3aed48eef8ce75a69d001eaa28b4c38cb0f3c921909d,CORE CFIHOS V2.0 CSV/CFIHOS CORE equipment class v2.0.csv,246,source_reference_record,source_reference_record_unreviewed
electrical equipment class,CFIHOS-30000334,earth plate,An electrode that is an earth electrode consisting of a metal plate buried in the ground.,no,no,,grounding plate,real,True,sha256:a69b98012d9e4a46495a3aed48eef8ce75a69d001eaa28b4c38cb0f3c921909d,CORE CFIHOS V2.0 CSV/CFIHOS CORE equipment class v2.0.csv,247,source_reference_record,source_reference_record_unreviewed
electrical equipment class,CFIHOS-30000335,earthing boss,An electrical conductor that is used to connect the earthing system to structure.,no,no,,grounding boss,real,True,sha256:a69b98012d9e4a46495a3aed48eef8ce75a69d001eaa28b4c38cb0f3c921909d,CORE CFIHOS V2.0 CSV/CFIHOS CORE equipment class v2.0.csv,248,source_reference_record,source_reference_record_unreviewed
actuator,CFIHOS-30000336,electric actuator,An actuator that produces a specified movement when excited by an electric signal.,no,yes,,,real,True,sha256:a69b98012d9e4a46495a3aed48eef8ce75a69d001eaa28b4c38cb0f3c921909d,CORE CFIHOS V2.0 CSV/CFIHOS CORE equipment class v2.0.csv,249,source_reference_record,source_reference_record_unreviewed
electrical equipment class,CFIHOS-30000337,electric battery,"An electric accumulator that comprises one or more cells fitted with devices necessary for use, for example case, terminals, marking and protective devices.",no,no,,battery,real,True,sha256:a69b98012d9e4a46495a3aed48eef8ce75a69d001eaa28b4c38cb0f3c921909d,CORE CFIHOS V2.0 CSV/CFIHOS CORE equipment class v2.0.csv,250,source_reference_record,source_reference_record_unreviewed
electrical equipment class,CFIHOS-30000338,electric generator,An energy transducer that transforms non-electric energy into electric energy.,no,yes,,generator,real,True,sha256:a69b98012d9e4a46495a3aed48eef8ce75a69d001eaa28b4c38cb0f3c921909d,CORE CFIHOS V2.0 CSV/CFIHOS CORE equipment class v2.0.csv,251,source_reference_record,source_reference_record_unreviewed
electrical equipment class,CFIHOS-30000339,electric heater,A heater in which electric energy is converted into heat for useful purposes.,no,no,,,real,True,sha256:a69b98012d9e4a46495a3aed48eef8ce75a69d001eaa28b4c38cb0f3c921909d,CORE CFIHOS V2.0 CSV/CFIHOS CORE equipment class v2.0.csv,252,source_reference_record,source_reference_record_unreviewed
motor,CFIHOS-30000340,electric motor,An electric machine for transforming electric energy into mechanical energy.,no,yes,,,real,True,sha256:a69b98012d9e4a46495a3aed48eef8ce75a69d001eaa28b4c38cb0f3c921909d,CORE CFIHOS V2.0 CSV/CFIHOS CORE equipment class v2.0.csv,253,source_reference_record,source_reference_record_unreviewed
electrical equipment class,CFIHOS-30000343,electrical motor starter,A starter in which the force for closing the main contacts is provided exclusively by electrical energy.,no,no,,,real,True,sha256:a69b98012d9e4a46495a3aed48eef8ce75a69d001eaa28b4c38cb0f3c921909d,CORE CFIHOS V2.0 CSV/CFIHOS CORE equipment class v2.0.csv,254,source_reference_record,source_reference_record_unreviewed
electrical equipment class,CFIHOS-30000344,electrical socket,An electrical connector in which the terminals of an electricity supply are inside holes made to receive the pins of a plug.,no,yes,,electric socket outlet,real,True,sha256:a69b98012d9e4a46495a3aed48eef8ce75a69d001eaa28b4c38cb0f3c921909d,CORE CFIHOS V2.0 CSV/CFIHOS CORE equipment class v2.0.csv,255,source_reference_record,source_reference_record_unreviewed
electrical equipment class,CFIHOS-30000345,electronic frequency converter,An electronic ac converter for changing the frequency.,no,yes,,,real,True,sha256:a69b98012d9e4a46495a3aed48eef8ce75a69d001eaa28b4c38cb0f3c921909d,CORE CFIHOS V2.0 CSV/CFIHOS CORE equipment class v2.0.csv,256,source_reference_record,source_reference_record_unreviewed
electrical equipment class,CFIHOS-30000346,electronic power inverter,An electronic converter that changes direct electric current to single-phase or polyphase alternating currents.,no,yes,,power inverter,real,True,sha256:a69b98012d9e4a46495a3aed48eef8ce75a69d001eaa28b4c38cb0f3c921909d,CORE CFIHOS V2.0 CSV/CFIHOS CORE equipment class v2.0.csv,257,source_reference_record,source_reference_record_unreviewed
electrical equipment class,CFIHOS-30000347,floodlight,A projector providing a beam of intense illumination.,no,yes,,,real,True,sha256:a69b98012d9e4a46495a3aed48eef8ce75a69d001eaa28b4c38cb0f3c921909d,CORE CFIHOS V2.0 CSV/CFIHOS CORE equipment class v2.0.csv,258,source_reference_record,source_reference_record_unreviewed
electrical equipment class,CFIHOS-30000348,fuse,"A physical object that by the fusing of one or more of its specially designed and proportioned components, opens the circuit in which it is inserted by breaking the current when this exceeds a given value for a sufficient time.",no,yes,,,real,True,sha256:a69b98012d9e4a46495a3aed48eef8ce75a69d001eaa28b4c38cb0f3c921909d,CORE CFIHOS V2.0 CSV/CFIHOS CORE equipment class v2.0.csv,259,source_reference_record,source_reference_record_unreviewed
electrical equipment class,CFIHOS-30000349,heating cable,"An electric cable, that is also an electric heater, with or without a shield or a metallic sheath, intended to give off heat for heating purposes.",no,no,,electric cable; heat tracing,real,True,sha256:a69b98012d9e4a46495a3aed48eef8ce75a69d001eaa28b4c38cb0f3c921909d,CORE CFIHOS V2.0 CSV/CFIHOS CORE equipment class v2.0.csv,260,source_reference_record,source_reference_record_unreviewed
electrical equipment class,CFIHOS-30000350,high-pass filter,An electrical filter having a single pass-band extending from a specified cut-off frequency upwards.,no,yes,,,real,True,sha256:a69b98012d9e4a46495a3aed48eef8ce75a69d001eaa28b4c38cb0f3c921909d,CORE CFIHOS V2.0 CSV/CFIHOS CORE equipment class v2.0.csv,261,source_reference_record,source_reference_record_unreviewed
"health, safety and environment equipment class",CFIHOS-30000351,interlocking device,"A physical object that makes the operation of a piece of equipment dependent upon the condition, position or operation of one or more other pieces of equipment.",no,yes,,,real,True,sha256:a69b98012d9e4a46495a3aed48eef8ce75a69d001eaa28b4c38cb0f3c921909d,CORE CFIHOS V2.0 CSV/CFIHOS CORE equipment class v2.0.csv,262,source_reference_record,source_reference_record_unreviewed
other mechanical equipment,CFIHOS-30000352,isolator,A physical object that isolates.,no,yes,,,real,True,sha256:a69b98012d9e4a46495a3aed48eef8ce75a69d001eaa28b4c38cb0f3c921909d,CORE CFIHOS V2.0 CSV/CFIHOS CORE equipment class v2.0.csv,263,source_reference_record,source_reference_record_unreviewed
enclosure,CFIHOS-30000353,junction box,"A physical object that is a closed, rigid box or casing used to enclose and protect the junctions of electric wires or cables.",no,yes,,,real,True,sha256:a69b98012d9e4a46495a3aed48eef8ce75a69d001eaa28b4c38cb0f3c921909d,CORE CFIHOS V2.0 CSV/CFIHOS CORE equipment class v2.0.csv,264,source_reference_record,source_reference_record_unreviewed
general instrument,CFIHOS-30000354,lamp,"A physical object intended to produce an optical radiation, usually visible.",no,yes,,,real,True,sha256:a69b98012d9e4a46495a3aed48eef8ce75a69d001eaa28b4c38cb0f3c921909d,CORE CFIHOS V2.0 CSV/CFIHOS CORE equipment class v2.0.csv,265,source_reference_record,source_reference_record_unreviewed
electrical equipment class,CFIHOS-30000356,low-pass filter,An electrical filter having a single pass-band extending from zero frequency to a specified cut-off frequency.,no,yes,,,real,True,sha256:a69b98012d9e4a46495a3aed48eef8ce75a69d001eaa28b4c38cb0f3c921909d,CORE CFIHOS V2.0 CSV/CFIHOS CORE equipment class v2.0.csv,266,source_reference_record,source_reference_record_unreviewed
electrical equipment class,CFIHOS-30000357,luminaire,A physical object that is an electric light and its fittings.,no,yes,,light fitting; lighting,real,True,sha256:a69b98012d9e4a46495a3aed48eef8ce75a69d001eaa28b4c38cb0f3c921909d,CORE CFIHOS V2.0 CSV/CFIHOS CORE equipment class v2.0.csv,267,source_reference_record,source_reference_record_unreviewed
electrical equipment class,CFIHOS-30000360,power cable,An electric cable intended for transmission of electric power.,no,no,,electric cable,real,True,sha256:a69b98012d9e4a46495a3aed48eef8ce75a69d001eaa28b4c38cb0f3c921909d,CORE CFIHOS V2.0 CSV/CFIHOS CORE equipment class v2.0.csv,268,source_reference_record,source_reference_record_unreviewed
electrical equipment class,CFIHOS-30000361,power supply unit,A physical object intended to supply electric power according to specified levels and tolerances.,no,yes,,,real,True,sha256:a69b98012d9e4a46495a3aed48eef8ce75a69d001eaa28b4c38cb0f3c921909d,CORE CFIHOS V2.0 CSV/CFIHOS CORE equipment class v2.0.csv,269,source_reference_record,source_reference_record_unreviewed
electrical equipment class,CFIHOS-30000362,transformer,"A transformer that, by electromagnetic induction, transforms a system of alternating voltage and current into another system of voltage and current usually of different values and at the same frequency for the purpose of transmitting electrical power.",no,yes,,,real,True,sha256:a69b98012d9e4a46495a3aed48eef8ce75a69d001eaa28b4c38cb0f3c921909d,CORE CFIHOS V2.0 CSV/CFIHOS CORE equipment class v2.0.csv,270,source_reference_record,source_reference_record_unreviewed
electrical equipment class,CFIHOS-30000363,rectifier,An electric converter for converting an alternating current into a direct current.,no,yes,,power rectifier; alternator,real,True,sha256:a69b98012d9e4a46495a3aed48eef8ce75a69d001eaa28b4c38cb0f3c921909d,CORE CFIHOS V2.0 CSV/CFIHOS CORE equipment class v2.0.csv,271,source_reference_record,source_reference_record_unreviewed
electrical equipment class,CFIHOS-30000364,relay,"A physical object that can be any electrical device, usually incorporating an electromagnet, whereby a current or signal in one circuit can open or close another circuit.",no,yes,,,real,True,sha256:a69b98012d9e4a46495a3aed48eef8ce75a69d001eaa28b4c38cb0f3c921909d,CORE CFIHOS V2.0 CSV/CFIHOS CORE equipment class v2.0.csv,272,source_reference_record,source_reference_record_unreviewed
electrical equipment class,CFIHOS-30000365,signal cable,An electric cable intended for  transmission of electric signals.,no,no,,cable,real,True,sha256:a69b98012d9e4a46495a3aed48eef8ce75a69d001eaa28b4c38cb0f3c921909d,CORE CFIHOS V2.0 CSV/CFIHOS CORE equipment class v2.0.csv,273,source_reference_record,source_reference_record_unreviewed
electrical equipment class,CFIHOS-30000368,solenoid,"An electromagnetic coil, which is a cylindrical coil, the length of which is much greater than its transverse dimensions and which is used to produce a magnetic field.",no,yes,,,real,True,sha256:a69b98012d9e4a46495a3aed48eef8ce75a69d001eaa28b4c38cb0f3c921909d,CORE CFIHOS V2.0 CSV/CFIHOS CORE equipment class v2.0.csv,274,source_reference_record,source_reference_record_unreviewed
switchgear and controlgear,CFIHOS-30000369,switchboard,"A switchgear and controlgear bearing a set of switches for connecting and disconnecting the various circuits of an electrical system, as of a telegraph, telephone, etc.",no,yes,,,real,True,sha256:a69b98012d9e4a46495a3aed48eef8ce75a69d001eaa28b4c38cb0f3c921909d,CORE CFIHOS V2.0 CSV/CFIHOS CORE equipment class v2.0.csv,275,source_reference_record,source_reference_record_unreviewed
electrical equipment class,CFIHOS-30000370,switchgear and controlgear,"A physical object that is a general term covering switching devices and their combination with associated control, measuring, protective and regulating equipment, also assemblies of such devices and equipment with associated interconnections, accessories, enclosures and supporting structures.",no,no,,,real,True,sha256:a69b98012d9e4a46495a3aed48eef8ce75a69d001eaa28b4c38cb0f3c921909d,CORE CFIHOS V2.0 CSV/CFIHOS CORE equipment class v2.0.csv,276,source_reference_record,source_reference_record_unreviewed
IT and telecom equipment,CFIHOS-30000371,telephone,"A physical object that converts sound signals into corresponding variations of electric current (or potential), which is transmitted by wire or radio to a distant point where it is reconverted into sound.",no,yes,,,real,True,sha256:a69b98012d9e4a46495a3aed48eef8ce75a69d001eaa28b4c38cb0f3c921909d,CORE CFIHOS V2.0 CSV/CFIHOS CORE equipment class v2.0.csv,277,source_reference_record,source_reference_record_unreviewed
detector,CFIHOS-30000372,temperature detector,A detector intended to detect temperature.,no,yes,,,real,True,sha256:a69b98012d9e4a46495a3aed48eef8ce75a69d001eaa28b4c38cb0f3c921909d,CORE CFIHOS V2.0 CSV/CFIHOS CORE equipment class v2.0.csv,278,source_reference_record,source_reference_record_unreviewed
electrical equipment class,CFIHOS-30000373,thermostatic switch,A pilot switch whose function is controlled by variations of temperature and whose contacts make or break automatically a load circuit when the temperature of the ambient space in which its sensing element placed or the temperature of the surface on which it is fixed reaches a predetermined value.,no,no,,thermostat; heat trace thermostat; local controller,real,True,sha256:a69b98012d9e4a46495a3aed48eef8ce75a69d001eaa28b4c38cb0f3c921909d,CORE CFIHOS V2.0 CSV/CFIHOS CORE equipment class v2.0.csv,279,source_reference_record,source_reference_record_unreviewed
electrical equipment class,CFIHOS-30000374,thyristor,"A semiconductor device that is a three-terminal semiconductor rectifier made up of four layers, p-n-p-n, so that when the fourth is positive with respect to the first, a voltage pulse applied to the third layer initiates a flow of current through the device which continues as long as it is greater than some minimum value.",no,yes,,,real,True,sha256:a69b98012d9e4a46495a3aed48eef8ce75a69d001eaa28b4c38cb0f3c921909d,CORE CFIHOS V2.0 CSV/CFIHOS CORE equipment class v2.0.csv,280,source_reference_record,source_reference_record_unreviewed
electrical equipment class,CFIHOS-30000375,trip amplifier,A pilot switch intended to create a switch action at a pre-set value.,no,yes,,,real,True,sha256:a69b98012d9e4a46495a3aed48eef8ce75a69d001eaa28b4c38cb0f3c921909d,CORE CFIHOS V2.0 CSV/CFIHOS CORE equipment class v2.0.csv,281,source_reference_record,source_reference_record_unreviewed
electrical equipment class,CFIHOS-30000376,ups unit,An ac power supply unit that maintains a continuous supply of electric power to the equipment it protects.,no,no,,uninterruptible power supply,real,True,sha256:a69b98012d9e4a46495a3aed48eef8ce75a69d001eaa28b4c38cb0f3c921909d,CORE CFIHOS V2.0 CSV/CFIHOS CORE equipment class v2.0.csv,282,source_reference_record,source_reference_record_unreviewed
electrical equipment class,CFIHOS-30000377,variable speed drive unit,A physical object that consists of an electric motor and controller that is used to adjust the motor's operating speed.,no,no,,variable frequency drive,real,True,sha256:a69b98012d9e4a46495a3aed48eef8ce75a69d001eaa28b4c38cb0f3c921909d,CORE CFIHOS V2.0 CSV/CFIHOS CORE equipment class v2.0.csv,283,source_reference_record,source_reference_record_unreviewed
transmitter,CFIHOS-30000378,vibration transmitter,A transmitter of which the output is proportional to a measured vibration.,no,yes,,,real,True,sha256:a69b98012d9e4a46495a3aed48eef8ce75a69d001eaa28b4c38cb0f3c921909d,CORE CFIHOS V2.0 CSV/CFIHOS CORE equipment class v2.0.csv,284,source_reference_record,source_reference_record_unreviewed
transmitter,CFIHOS-30000380,weight transmitter,"A transmitter for weighing large quantities of material, and of which the output is proportional to the measured weight.",no,yes,,,real,True,sha256:a69b98012d9e4a46495a3aed48eef8ce75a69d001eaa28b4c38cb0f3c921909d,CORE CFIHOS V2.0 CSV/CFIHOS CORE equipment class v2.0.csv,285,source_reference_record,source_reference_record_unreviewed
tool,CFIHOS-30000381,welding set,"A physical object for arc welding, either ac or dc, comprising a supply unit and a regulator.",no,yes,,,real,True,sha256:a69b98012d9e4a46495a3aed48eef8ce75a69d001eaa28b4c38cb0f3c921909d,CORE CFIHOS V2.0 CSV/CFIHOS CORE equipment class v2.0.csv,286,source_reference_record,source_reference_record_unreviewed
electrical equipment class,CFIHOS-30000382,air conditioner,A physical object that is intended to bring air to a specified quality.,no,yes,,air conditioning unit; hvac,real,True,sha256:a69b98012d9e4a46495a3aed48eef8ce75a69d001eaa28b4c38cb0f3c921909d,CORE CFIHOS V2.0 CSV/CFIHOS CORE equipment class v2.0.csv,287,source_reference_record,source_reference_record_unreviewed
heat exchanger,CFIHOS-30000383,air cooled heat exchanger,A cooler that is intended to use air as the cooling medium.,no,yes,Required by owner-operators,,real,True,sha256:a69b98012d9e4a46495a3aed48eef8ce75a69d001eaa28b4c38cb0f3c921909d,CORE CFIHOS V2.0 CSV/CFIHOS CORE equipment class v2.0.csv,288,source_reference_record,source_reference_record_unreviewed
heat exchanger,CFIHOS-30000384,boiler,An indirect contact heat exchanger that is intended to heat a liquid.,no,yes,,,real,True,sha256:a69b98012d9e4a46495a3aed48eef8ce75a69d001eaa28b4c38cb0f3c921909d,CORE CFIHOS V2.0 CSV/CFIHOS CORE equipment class v2.0.csv,289,source_reference_record,source_reference_record_unreviewed
heat exchanger,CFIHOS-30000385,condenser,A cooler that is intended to change a vapour to liquid.,no,no,,,real,True,sha256:a69b98012d9e4a46495a3aed48eef8ce75a69d001eaa28b4c38cb0f3c921909d,CORE CFIHOS V2.0 CSV/CFIHOS CORE equipment class v2.0.csv,290,source_reference_record,source_reference_record_unreviewed
heat exchanger,CFIHOS-30000386,cooler,A heat exchanger that is intended to cool a physical object.,no,yes,,,real,True,sha256:a69b98012d9e4a46495a3aed48eef8ce75a69d001eaa28b4c38cb0f3c921909d,CORE CFIHOS V2.0 CSV/CFIHOS CORE equipment class v2.0.csv,291,source_reference_record,source_reference_record_unreviewed
heat exchanger,CFIHOS-30000387,cooling tower,A cooler and an air cooled heat exchanger that is a tall structure through which air circulates by convection.,no,yes,,,real,True,sha256:a69b98012d9e4a46495a3aed48eef8ce75a69d001eaa28b4c38cb0f3c921909d,CORE CFIHOS V2.0 CSV/CFIHOS CORE equipment class v2.0.csv,292,source_reference_record,source_reference_record_unreviewed
other mechanical equipment,CFIHOS-30000388,drier,A drier is a physical object that is intended to remove absorbed or adsorbed liquid or water vapour below saturation state.,no,yes,,,real,True,sha256:a69b98012d9e4a46495a3aed48eef8ce75a69d001eaa28b4c38cb0f3c921909d,CORE CFIHOS V2.0 CSV/CFIHOS CORE equipment class v2.0.csv,293,source_reference_record,source_reference_record_unreviewed
fired heat transfer equipment class,CFIHOS-30000389,flare tip,A burner that burns gas emitted from a process into the atmosphere.,no,yes,,,real,True,sha256:a69b98012d9e4a46495a3aed48eef8ce75a69d001eaa28b4c38cb0f3c921909d,CORE CFIHOS V2.0 CSV/CFIHOS CORE equipment class v2.0.csv,294,source_reference_record,source_reference_record_unreviewed
mechanical equipment class,CFIHOS-30000390,heat exchanger,A physical object that is intended to transfer heat from one object to another.,yes,no,,,real,True,sha256:a69b98012d9e4a46495a3aed48eef8ce75a69d001eaa28b4c38cb0f3c921909d,CORE CFIHOS V2.0 CSV/CFIHOS CORE equipment class v2.0.csv,295,source_reference_record,source_reference_record_unreviewed
fired heat transfer equipment class,CFIHOS-30000391,incinerator,A furnace that is intended for the combustion of waste material.,no,yes,,,real,True,sha256:a69b98012d9e4a46495a3aed48eef8ce75a69d001eaa28b4c38cb0f3c921909d,CORE CFIHOS V2.0 CSV/CFIHOS CORE equipment class v2.0.csv,296,source_reference_record,source_reference_record_unreviewed
pressure transmitter,CFIHOS-30000395,absolute pressure transmitter,A pressure transmitter where pressure is applied to one side of the sensor while the other side has a vacuum chamber.,no,yes,,,real,True,sha256:a69b98012d9e4a46495a3aed48eef8ce75a69d001eaa28b4c38cb0f3c921909d,CORE CFIHOS V2.0 CSV/CFIHOS CORE equipment class v2.0.csv,297,source_reference_record,source_reference_record_unreviewed
IT and telecom equipment,CFIHOS-30000397,antenna,An electromagnetic transducer that is a physical object made of conducting material which is capable of radiating or receiving electromagnetic waves.,no,yes,,,real,True,sha256:a69b98012d9e4a46495a3aed48eef8ce75a69d001eaa28b4c38cb0f3c921909d,CORE CFIHOS V2.0 CSV/CFIHOS CORE equipment class v2.0.csv,298,source_reference_record,source_reference_record_unreviewed
detecting element,CFIHOS-30000398,axial displacement element,A detecting element that is intended to detect axial displacement.,no,no,,axial displacement probe,real,True,sha256:a69b98012d9e4a46495a3aed48eef8ce75a69d001eaa28b4c38cb0f3c921909d,CORE CFIHOS V2.0 CSV/CFIHOS CORE equipment class v2.0.csv,299,source_reference_record,source_reference_record_unreviewed
other mechanical equipment,CFIHOS-30000399,bell,"A physical object that is a hollow body with a flared mouth made of cast metal. Formed to emit a clear musical sound by the sonorous vibration of its entire circumference when struck by a clapper, hammer or other appliance.",no,yes,,,real,True,sha256:a69b98012d9e4a46495a3aed48eef8ce75a69d001eaa28b4c38cb0f3c921909d,CORE CFIHOS V2.0 CSV/CFIHOS CORE equipment class v2.0.csv,300,source_reference_record,source_reference_record_unreviewed
detecting element,CFIHOS-30000400,capacitance probe,A detecting element that is intended to detect changes in the dielectric constant.,no,yes,,,real,True,sha256:a69b98012d9e4a46495a3aed48eef8ce75a69d001eaa28b4c38cb0f3c921909d,CORE CFIHOS V2.0 CSV/CFIHOS CORE equipment class v2.0.csv,301,source_reference_record,source_reference_record_unreviewed
analysing instrument,CFIHOS-30000401,cloud point analyser,An analysing instrument that is intended to determine the cloud point of a fluid.,no,yes,,,real,True,sha256:a69b98012d9e4a46495a3aed48eef8ce75a69d001eaa28b4c38cb0f3c921909d,CORE CFIHOS V2.0 CSV/CFIHOS CORE equipment class v2.0.csv,302,source_reference_record,source_reference_record_unreviewed
IT and telecom equipment,CFIHOS-30000402,computer,A physical object that can store data and program(s) that operates on the data. A general purpose computer can be programmed to solve any reasonable problem expressed in logical and arithmetical terms.,no,yes,,,real,True,sha256:a69b98012d9e4a46495a3aed48eef8ce75a69d001eaa28b4c38cb0f3c921909d,CORE CFIHOS V2.0 CSV/CFIHOS CORE equipment class v2.0.csv,303,source_reference_record,source_reference_record_unreviewed
detecting element,CFIHOS-30000403,conductivity cell,A detecting element or probe that is used with a conductivity meter to measure the conductivity of a liquid.,no,yes,,,real,True,sha256:a69b98012d9e4a46495a3aed48eef8ce75a69d001eaa28b4c38cb0f3c921909d,CORE CFIHOS V2.0 CSV/CFIHOS CORE equipment class v2.0.csv,304,source_reference_record,source_reference_record_unreviewed
level transmitter,CFIHOS-30000404,conductivity level transmitter,A transmitter that is producing a standardized output signal dependent of a received input signal from a conductivity meter.,no,yes,,,real,True,sha256:a69b98012d9e4a46495a3aed48eef8ce75a69d001eaa28b4c38cb0f3c921909d,CORE CFIHOS V2.0 CSV/CFIHOS CORE equipment class v2.0.csv,305,source_reference_record,source_reference_record_unreviewed
electrical equipment class,CFIHOS-30000405,control box,A terminal box that is used as accommodation for control function circuits.,no,yes,,,real,True,sha256:a69b98012d9e4a46495a3aed48eef8ce75a69d001eaa28b4c38cb0f3c921909d,CORE CFIHOS V2.0 CSV/CFIHOS CORE equipment class v2.0.csv,306,source_reference_record,source_reference_record_unreviewed
flow meter,CFIHOS-30000406,coriolis mass flow meter,A mass flow meter that uses the Coriolis principle to measure a mass flow rate through the meter.,no,no,,,real,True,sha256:a69b98012d9e4a46495a3aed48eef8ce75a69d001eaa28b4c38cb0f3c921909d,CORE CFIHOS V2.0 CSV/CFIHOS CORE equipment class v2.0.csv,307,source_reference_record,source_reference_record_unreviewed
detector,CFIHOS-30000407,corrosion meter,"A detecting instrument intended to measure, indicate and/or produce a signal which represents the rate or degree of corrosion.",no,no,,,real,True,sha256:a69b98012d9e4a46495a3aed48eef8ce75a69d001eaa28b4c38cb0f3c921909d,CORE CFIHOS V2.0 CSV/CFIHOS CORE equipment class v2.0.csv,308,source_reference_record,source_reference_record_unreviewed
detecting element,CFIHOS-30000408,corrosion element,A detecting element that is a piece of suitable metal meant to corrode and give an indication of the corrosion rate.,no,yes,,corrosion probe,real,True,sha256:a69b98012d9e4a46495a3aed48eef8ce75a69d001eaa28b4c38cb0f3c921909d,CORE CFIHOS V2.0 CSV/CFIHOS CORE equipment class v2.0.csv,309,source_reference_record,source_reference_record_unreviewed
detector,CFIHOS-30000409,counter,"A detecting instrument that counts, especially an electronic or mechanical device that automatically counts occurrences or repetitions of phenomena or events.",no,yes,,,real,True,sha256:a69b98012d9e4a46495a3aed48eef8ce75a69d001eaa28b4c38cb0f3c921909d,CORE CFIHOS V2.0 CSV/CFIHOS CORE equipment class v2.0.csv,310,source_reference_record,source_reference_record_unreviewed
signal converter,CFIHOS-30000410,current to current converter,A signal converter that is intended to convert one current signal to another current signal.,no,yes,,,real,True,sha256:a69b98012d9e4a46495a3aed48eef8ce75a69d001eaa28b4c38cb0f3c921909d,CORE CFIHOS V2.0 CSV/CFIHOS CORE equipment class v2.0.csv,311,source_reference_record,source_reference_record_unreviewed
signal converter,CFIHOS-30000411,current to pressure converter,A signal converter that is intended to convert an analogue signal (4 - 20 mA) to a proportional linear pneumatic output signal.,no,yes,,,real,True,sha256:a69b98012d9e4a46495a3aed48eef8ce75a69d001eaa28b4c38cb0f3c921909d,CORE CFIHOS V2.0 CSV/CFIHOS CORE equipment class v2.0.csv,312,source_reference_record,source_reference_record_unreviewed
signal converter,CFIHOS-30000412,current to voltage converter,A signal converter that is intended to convert a current input signal to a proportional voltage output signal.,no,yes,,,real,True,sha256:a69b98012d9e4a46495a3aed48eef8ce75a69d001eaa28b4c38cb0f3c921909d,CORE CFIHOS V2.0 CSV/CFIHOS CORE equipment class v2.0.csv,313,source_reference_record,source_reference_record_unreviewed
analysing instrument,CFIHOS-30000413,density analyser,An analysing instrument intended to determine the density of a substance.,no,yes,,,real,True,sha256:a69b98012d9e4a46495a3aed48eef8ce75a69d001eaa28b4c38cb0f3c921909d,CORE CFIHOS V2.0 CSV/CFIHOS CORE equipment class v2.0.csv,314,source_reference_record,source_reference_record_unreviewed
analysing instrument,CFIHOS-30000414,dew point analyser,An analysing instrument intended to determine the dew point of a substance.,no,yes,,,real,True,sha256:a69b98012d9e4a46495a3aed48eef8ce75a69d001eaa28b4c38cb0f3c921909d,CORE CFIHOS V2.0 CSV/CFIHOS CORE equipment class v2.0.csv,315,source_reference_record,source_reference_record_unreviewed
gauge,CFIHOS-30000415,differential pressure gauge,A gauge that is intended for measuring and indicating pressure differences.,no,yes,,,real,True,sha256:a69b98012d9e4a46495a3aed48eef8ce75a69d001eaa28b4c38cb0f3c921909d,CORE CFIHOS V2.0 CSV/CFIHOS CORE equipment class v2.0.csv,316,source_reference_record,source_reference_record_unreviewed
level transmitter,CFIHOS-30000416,differential pressure level transmitter,"A level transmitter that is measuring liquid level by sensing pressure difference between two points, e.g. the hydrostatic pressure at the bottom of a tank to the atmosphere pressure.",no,yes,,,real,True,sha256:a69b98012d9e4a46495a3aed48eef8ce75a69d001eaa28b4c38cb0f3c921909d,CORE CFIHOS V2.0 CSV/CFIHOS CORE equipment class v2.0.csv,317,source_reference_record,source_reference_record_unreviewed
control switch,CFIHOS-30000417,differential pressure switch,A pilot switch intended to switch or give an on/off signal when the measured differential pressure has reached a pre-set value.,no,yes,,,real,True,sha256:a69b98012d9e4a46495a3aed48eef8ce75a69d001eaa28b4c38cb0f3c921909d,CORE CFIHOS V2.0 CSV/CFIHOS CORE equipment class v2.0.csv,318,source_reference_record,source_reference_record_unreviewed
transmitter,CFIHOS-30000418,differential pressure transmitter,A pressure transmitter that is producing a standardized output signal dependent of a received pressure difference signal.,no,yes,,,real,True,sha256:a69b98012d9e4a46495a3aed48eef8ce75a69d001eaa28b4c38cb0f3c921909d,CORE CFIHOS V2.0 CSV/CFIHOS CORE equipment class v2.0.csv,319,source_reference_record,source_reference_record_unreviewed
other mechanical equipment,CFIHOS-30000419,coupling,Connecting with a coupling or coupler.,no,yes,,,real,True,sha256:a69b98012d9e4a46495a3aed48eef8ce75a69d001eaa28b4c38cb0f3c921909d,CORE CFIHOS V2.0 CSV/CFIHOS CORE equipment class v2.0.csv,320,source_reference_record,source_reference_record_unreviewed
flow transmitter,CFIHOS-30000420,electromagnetic flow transmitter,A flow transmitter that is specially designed to convert the signals from an electromagnetic flow meter into a standardized electrical output signal.,no,yes,,magnetic flow transmitter,real,True,sha256:a69b98012d9e4a46495a3aed48eef8ce75a69d001eaa28b4c38cb0f3c921909d,CORE CFIHOS V2.0 CSV/CFIHOS CORE equipment class v2.0.csv,321,source_reference_record,source_reference_record_unreviewed
controller,CFIHOS-30000421,electronic controller,A controller that uses in-built algorithms executed by electronic circuitry to perform its function.,no,yes,,,real,True,sha256:a69b98012d9e4a46495a3aed48eef8ce75a69d001eaa28b4c38cb0f3c921909d,CORE CFIHOS V2.0 CSV/CFIHOS CORE equipment class v2.0.csv,322,source_reference_record,source_reference_record_unreviewed
detector,CFIHOS-30000425,flame detector,A detector that is intended to sense a flame.,no,yes,,,real,True,sha256:a69b98012d9e4a46495a3aed48eef8ce75a69d001eaa28b4c38cb0f3c921909d,CORE CFIHOS V2.0 CSV/CFIHOS CORE equipment class v2.0.csv,323,source_reference_record,source_reference_record_unreviewed
analysing instrument,CFIHOS-30000426,flash point analyser,An analysing instrument intended to determine the flash point of a substance.,no,yes,,,real,True,sha256:a69b98012d9e4a46495a3aed48eef8ce75a69d001eaa28b4c38cb0f3c921909d,CORE CFIHOS V2.0 CSV/CFIHOS CORE equipment class v2.0.csv,324,source_reference_record,source_reference_record_unreviewed
gauge,CFIHOS-30000428,flow gauge,A gauge intended to indicate a liquid or gas flow.,no,yes,,,real,True,sha256:a69b98012d9e4a46495a3aed48eef8ce75a69d001eaa28b4c38cb0f3c921909d,CORE CFIHOS V2.0 CSV/CFIHOS CORE equipment class v2.0.csv,325,source_reference_record,source_reference_record_unreviewed
self operating valve,CFIHOS-30000429,flow regulator,A regulator that normally use the differential pressure principle across an orifice to control the valve trim and regulate flow.,no,yes,,,real,True,sha256:a69b98012d9e4a46495a3aed48eef8ce75a69d001eaa28b4c38cb0f3c921909d,CORE CFIHOS V2.0 CSV/CFIHOS CORE equipment class v2.0.csv,326,source_reference_record,source_reference_record_unreviewed
control switch,CFIHOS-30000430,flow switch,A functional switch that is intended to give a signal when the flow have reached a pre-set value.,no,yes,,,real,True,sha256:a69b98012d9e4a46495a3aed48eef8ce75a69d001eaa28b4c38cb0f3c921909d,CORE CFIHOS V2.0 CSV/CFIHOS CORE equipment class v2.0.csv,327,source_reference_record,source_reference_record_unreviewed
signal converter,CFIHOS-30000431,frequency to current converter,A signal converter that is intended to convert a frequency or rotational speed input signal into a 0 - 20 mA or 4 - 20 mA current output signal.,no,yes,,,real,True,sha256:a69b98012d9e4a46495a3aed48eef8ce75a69d001eaa28b4c38cb0f3c921909d,CORE CFIHOS V2.0 CSV/CFIHOS CORE equipment class v2.0.csv,328,source_reference_record,source_reference_record_unreviewed
detector,CFIHOS-30000432,gas detector,A detector that is intended to sense the presence of a specified concentration of a gas.,no,yes,,fixed gas dectector,real,True,sha256:a69b98012d9e4a46495a3aed48eef8ce75a69d001eaa28b4c38cb0f3c921909d,CORE CFIHOS V2.0 CSV/CFIHOS CORE equipment class v2.0.csv,329,source_reference_record,source_reference_record_unreviewed
actuator,CFIHOS-30000433,hydraulic actuator,An actuator intended to be operated by hydraulic power.,no,yes,,,real,True,sha256:a69b98012d9e4a46495a3aed48eef8ce75a69d001eaa28b4c38cb0f3c921909d,CORE CFIHOS V2.0 CSV/CFIHOS CORE equipment class v2.0.csv,330,source_reference_record,source_reference_record_unreviewed
controller,CFIHOS-30000434,hydraulic controller,A controller that is designed or can be programmed to operate and control hydraulic operated systems.,no,yes,,,real,True,sha256:a69b98012d9e4a46495a3aed48eef8ce75a69d001eaa28b4c38cb0f3c921909d,CORE CFIHOS V2.0 CSV/CFIHOS CORE equipment class v2.0.csv,331,source_reference_record,source_reference_record_unreviewed
IT and telecom equipment,CFIHOS-30000435,keyboard,A control panel with an array of systematically arranged (piano like) keys by which a machine is operated or by which an instrument can be played on.,no,yes,,,real,True,sha256:a69b98012d9e4a46495a3aed48eef8ce75a69d001eaa28b4c38cb0f3c921909d,CORE CFIHOS V2.0 CSV/CFIHOS CORE equipment class v2.0.csv,332,source_reference_record,source_reference_record_unreviewed
IT and telecom equipment,CFIHOS-30000436,loudspeaker,An electroacoustic transducer that converts an electric signal into sound.,no,yes,,,real,True,sha256:a69b98012d9e4a46495a3aed48eef8ce75a69d001eaa28b4c38cb0f3c921909d,CORE CFIHOS V2.0 CSV/CFIHOS CORE equipment class v2.0.csv,333,source_reference_record,source_reference_record_unreviewed
level gauge,CFIHOS-30000437,magnetic level gauge,A level gauge that use a float containing a magnet to transfer information about its position to a indicator rail with white and red flaps mounted on the outside of the tube.,no,yes,,,real,True,sha256:a69b98012d9e4a46495a3aed48eef8ce75a69d001eaa28b4c38cb0f3c921909d,CORE CFIHOS V2.0 CSV/CFIHOS CORE equipment class v2.0.csv,334,source_reference_record,source_reference_record_unreviewed
general instrument,CFIHOS-30000438,mechanical positioner,A mechanical controller that is intended to position a given item in accordance with a received input signal.,no,no,,,real,True,sha256:a69b98012d9e4a46495a3aed48eef8ce75a69d001eaa28b4c38cb0f3c921909d,CORE CFIHOS V2.0 CSV/CFIHOS CORE equipment class v2.0.csv,335,source_reference_record,source_reference_record_unreviewed
analysing instrument,CFIHOS-30000440,ph analyser,"An analysing instrument intended to measure, indicate and/or produce a signal which represents the measured alkalinity / acidity in a fluid or matter.",no,yes,,,real,True,sha256:a69b98012d9e4a46495a3aed48eef8ce75a69d001eaa28b4c38cb0f3c921909d,CORE CFIHOS V2.0 CSV/CFIHOS CORE equipment class v2.0.csv,336,source_reference_record,source_reference_record_unreviewed
detector,CFIHOS-30000441,pig detector,A detector that is intended to detect a pig inside the pipeline or pig receiver.,no,yes,,,real,True,sha256:a69b98012d9e4a46495a3aed48eef8ce75a69d001eaa28b4c38cb0f3c921909d,CORE CFIHOS V2.0 CSV/CFIHOS CORE equipment class v2.0.csv,337,source_reference_record,source_reference_record_unreviewed
general instrument,CFIHOS-30000442,pitot tube,A fluid sensor producing a differential pressure by means of two straigth tubes mounted in line with the direction of the fluid movement. One tube is open-ended and measures the stagnation pressure of the fluid. The other tube is closed in front but has openings along the tube to measure the static pressure of the fluid.,no,yes,,,real,True,sha256:a69b98012d9e4a46495a3aed48eef8ce75a69d001eaa28b4c38cb0f3c921909d,CORE CFIHOS V2.0 CSV/CFIHOS CORE equipment class v2.0.csv,338,source_reference_record,source_reference_record_unreviewed
actuator,CFIHOS-30000443,pneumatic actuator,An actuator that is intended to be operated by pneumatic power.,no,yes,,,real,True,sha256:a69b98012d9e4a46495a3aed48eef8ce75a69d001eaa28b4c38cb0f3c921909d,CORE CFIHOS V2.0 CSV/CFIHOS CORE equipment class v2.0.csv,339,source_reference_record,source_reference_record_unreviewed
controller,CFIHOS-30000444,pneumatic controller,A mechanical controller that is using pneumatic components to execute its function.,no,yes,,,real,True,sha256:a69b98012d9e4a46495a3aed48eef8ce75a69d001eaa28b4c38cb0f3c921909d,CORE CFIHOS V2.0 CSV/CFIHOS CORE equipment class v2.0.csv,340,source_reference_record,source_reference_record_unreviewed
transmitter,CFIHOS-30000449,position transmitter,A transmitter that is producing a standardized output signal dependent of a received input signal from a position detector.,no,yes,,,real,True,sha256:a69b98012d9e4a46495a3aed48eef8ce75a69d001eaa28b4c38cb0f3c921909d,CORE CFIHOS V2.0 CSV/CFIHOS CORE equipment class v2.0.csv,341,source_reference_record,source_reference_record_unreviewed
flow transmitter,CFIHOS-30000450,positive displacement flow transmitter,A flow transmitter specially designed to convert the signal from a positive displacement flow meter into a standardized electrical output signal.,no,yes,,,real,True,sha256:a69b98012d9e4a46495a3aed48eef8ce75a69d001eaa28b4c38cb0f3c921909d,CORE CFIHOS V2.0 CSV/CFIHOS CORE equipment class v2.0.csv,342,source_reference_record,source_reference_record_unreviewed
analysing instrument,CFIHOS-30000451,pour point analyser,"An analysing instrument intended to determine the pour point of a fluid, i.e. the lowest temperature at which an oil or other liquid will pour under given conditions.",no,yes,,,real,True,sha256:a69b98012d9e4a46495a3aed48eef8ce75a69d001eaa28b4c38cb0f3c921909d,CORE CFIHOS V2.0 CSV/CFIHOS CORE equipment class v2.0.csv,343,source_reference_record,source_reference_record_unreviewed
gauge,CFIHOS-30000452,pressure gauge,A gauge intended to measure and display a representation of a measured pressure.,no,yes,,,real,True,sha256:a69b98012d9e4a46495a3aed48eef8ce75a69d001eaa28b4c38cb0f3c921909d,CORE CFIHOS V2.0 CSV/CFIHOS CORE equipment class v2.0.csv,344,source_reference_record,source_reference_record_unreviewed
self operating valve,CFIHOS-30000453,pressure regulator,A regulator that is controlling/regulating the pressure in a system.,no,yes,,,real,True,sha256:a69b98012d9e4a46495a3aed48eef8ce75a69d001eaa28b4c38cb0f3c921909d,CORE CFIHOS V2.0 CSV/CFIHOS CORE equipment class v2.0.csv,345,source_reference_record,source_reference_record_unreviewed
control switch,CFIHOS-30000454,pressure switch,A functional switch that (usually) turns an electrical circuit on or off when the pressure level reaches a pre-set value.,no,yes,,,real,True,sha256:a69b98012d9e4a46495a3aed48eef8ce75a69d001eaa28b4c38cb0f3c921909d,CORE CFIHOS V2.0 CSV/CFIHOS CORE equipment class v2.0.csv,346,source_reference_record,source_reference_record_unreviewed
signal converter,CFIHOS-30000455,pressure to current converter,A signal converter that is intended to convert a pressure input signal to DC output signal.,no,yes,,,real,True,sha256:a69b98012d9e4a46495a3aed48eef8ce75a69d001eaa28b4c38cb0f3c921909d,CORE CFIHOS V2.0 CSV/CFIHOS CORE equipment class v2.0.csv,347,source_reference_record,source_reference_record_unreviewed
IT and telecom equipment,CFIHOS-30000456,printing machine,A physical object that produces characters or graphic symbols on paper or other medium.,no,no,,,real,True,sha256:a69b98012d9e4a46495a3aed48eef8ce75a69d001eaa28b4c38cb0f3c921909d,CORE CFIHOS V2.0 CSV/CFIHOS CORE equipment class v2.0.csv,348,source_reference_record,source_reference_record_unreviewed
detecting element,CFIHOS-30000457,proximity element,A detecting element that is intended to sense proximity.,no,yes,,proximity probe,real,True,sha256:a69b98012d9e4a46495a3aed48eef8ce75a69d001eaa28b4c38cb0f3c921909d,CORE CFIHOS V2.0 CSV/CFIHOS CORE equipment class v2.0.csv,349,source_reference_record,source_reference_record_unreviewed
control switch,CFIHOS-30000458,proximity switch,A position switch that is operated without mechanical contact with the moving part.,no,yes,,,real,True,sha256:a69b98012d9e4a46495a3aed48eef8ce75a69d001eaa28b4c38cb0f3c921909d,CORE CFIHOS V2.0 CSV/CFIHOS CORE equipment class v2.0.csv,350,source_reference_record,source_reference_record_unreviewed
control switch,CFIHOS-30000459,push button,A manual control switch that is intended to switch when you push or touch the button.,no,no,,,real,True,sha256:a69b98012d9e4a46495a3aed48eef8ce75a69d001eaa28b4c38cb0f3c921909d,CORE CFIHOS V2.0 CSV/CFIHOS CORE equipment class v2.0.csv,351,source_reference_record,source_reference_record_unreviewed
level transmitter,CFIHOS-30000460,radar level transmitter,A level transmitter that is producing a standardized electrical output signal based on the input signal from a radar type level sensor.,no,yes,,,real,True,sha256:a69b98012d9e4a46495a3aed48eef8ce75a69d001eaa28b4c38cb0f3c921909d,CORE CFIHOS V2.0 CSV/CFIHOS CORE equipment class v2.0.csv,352,source_reference_record,source_reference_record_unreviewed
level transmitter,CFIHOS-30000461,radioactive level transmitter,A level transmitter that is producing a standardized electrical output signal based on the input signal from radioactive level measurements.,no,yes,,,real,True,sha256:a69b98012d9e4a46495a3aed48eef8ce75a69d001eaa28b4c38cb0f3c921909d,CORE CFIHOS V2.0 CSV/CFIHOS CORE equipment class v2.0.csv,353,source_reference_record,source_reference_record_unreviewed
general instrument,CFIHOS-30000462,recording instrument,A process instrument that records values represented by the input signal(s).,no,no,,,real,True,sha256:a69b98012d9e4a46495a3aed48eef8ce75a69d001eaa28b4c38cb0f3c921909d,CORE CFIHOS V2.0 CSV/CFIHOS CORE equipment class v2.0.csv,354,source_reference_record,source_reference_record_unreviewed
temperature element,CFIHOS-30000463,resistance temperature element,A temperature sensing element that operate on the principle of changes in electrical resistance of pure metals (sintered semiconductor material) and are characterized by an almost linear positive change in resistance with temperature.,no,yes,,,real,True,sha256:a69b98012d9e4a46495a3aed48eef8ce75a69d001eaa28b4c38cb0f3c921909d,CORE CFIHOS V2.0 CSV/CFIHOS CORE equipment class v2.0.csv,355,source_reference_record,source_reference_record_unreviewed
orifice plate,CFIHOS-30000464,restriction orifice plate,An orifice plate that is intended for use as a restrictor.,no,yes,,restrictive orifice plate,real,True,sha256:a69b98012d9e4a46495a3aed48eef8ce75a69d001eaa28b4c38cb0f3c921909d,CORE CFIHOS V2.0 CSV/CFIHOS CORE equipment class v2.0.csv,356,source_reference_record,source_reference_record_unreviewed
flow meter,CFIHOS-30000465,rotameter flow meter,A variable area flow meter which consists of a tapered tube of glass with a float inside that is pushed up by flow and pulled down by gravity.,no,no,,rotameter,real,True,sha256:a69b98012d9e4a46495a3aed48eef8ce75a69d001eaa28b4c38cb0f3c921909d,CORE CFIHOS V2.0 CSV/CFIHOS CORE equipment class v2.0.csv,357,source_reference_record,source_reference_record_unreviewed
pressure relief device,CFIHOS-30000466,rupture disc,A physical object that is a pressure relieving device designed to burst at a calibrated pressure to prevent pressure in systems or vessels from reaching unsafe levels.,no,yes,"BP, Chevron,Shell & TOTAL Tagging Specifications",burst disc; bursting disc,real,True,sha256:a69b98012d9e4a46495a3aed48eef8ce75a69d001eaa28b4c38cb0f3c921909d,CORE CFIHOS V2.0 CSV/CFIHOS CORE equipment class v2.0.csv,358,source_reference_record,source_reference_record_unreviewed
analysing instrument,CFIHOS-30000467,sampler,A physical object intended to be used to collect and contain representative specimens or selections.,no,yes,,,real,True,sha256:a69b98012d9e4a46495a3aed48eef8ce75a69d001eaa28b4c38cb0f3c921909d,CORE CFIHOS V2.0 CSV/CFIHOS CORE equipment class v2.0.csv,359,source_reference_record,source_reference_record_unreviewed
level gauge,CFIHOS-30000468,servo tank gauge,"A tank gauge that is intended to intermittently lower a displacer to measure a liquid level, bottom level, interface level or density.",no,no,,,real,True,sha256:a69b98012d9e4a46495a3aed48eef8ce75a69d001eaa28b4c38cb0f3c921909d,CORE CFIHOS V2.0 CSV/CFIHOS CORE equipment class v2.0.csv,360,source_reference_record,source_reference_record_unreviewed
detector,CFIHOS-30000470,smoke detector,A detector that is intended to sense smoke.,no,yes,,,real,True,sha256:a69b98012d9e4a46495a3aed48eef8ce75a69d001eaa28b4c38cb0f3c921909d,CORE CFIHOS V2.0 CSV/CFIHOS CORE equipment class v2.0.csv,361,source_reference_record,source_reference_record_unreviewed
IT and telecom equipment,CFIHOS-30000471,speed meter,A detecting instrument that is intended to measure the upload and download speed of an internet connection.,no,no,,,real,True,sha256:a69b98012d9e4a46495a3aed48eef8ce75a69d001eaa28b4c38cb0f3c921909d,CORE CFIHOS V2.0 CSV/CFIHOS CORE equipment class v2.0.csv,362,source_reference_record,source_reference_record_unreviewed
transmitter,CFIHOS-30000472,speed transmitter,A transmitter that is producing a standardized output signal dependent of a received input signal from a rotational speed sensor.,no,yes,,,real,True,sha256:a69b98012d9e4a46495a3aed48eef8ce75a69d001eaa28b4c38cb0f3c921909d,CORE CFIHOS V2.0 CSV/CFIHOS CORE equipment class v2.0.csv,363,source_reference_record,source_reference_record_unreviewed
gauge,CFIHOS-30000473,temperature gauge,A gauge that is intended to measure and indicate a temperature.,no,yes,,,real,True,sha256:a69b98012d9e4a46495a3aed48eef8ce75a69d001eaa28b4c38cb0f3c921909d,CORE CFIHOS V2.0 CSV/CFIHOS CORE equipment class v2.0.csv,364,source_reference_record,source_reference_record_unreviewed
self operating valve,CFIHOS-30000474,temperature regulator,A regulator that is intended to keep a temperature within certain boundaries.,no,yes,,,real,True,sha256:a69b98012d9e4a46495a3aed48eef8ce75a69d001eaa28b4c38cb0f3c921909d,CORE CFIHOS V2.0 CSV/CFIHOS CORE equipment class v2.0.csv,365,source_reference_record,source_reference_record_unreviewed
control switch,CFIHOS-30000475,temperature switch,A functional switch that is intended to give an on or off signal when the temperature have reached a pre-set value.,no,yes,,,real,True,sha256:a69b98012d9e4a46495a3aed48eef8ce75a69d001eaa28b4c38cb0f3c921909d,CORE CFIHOS V2.0 CSV/CFIHOS CORE equipment class v2.0.csv,366,source_reference_record,source_reference_record_unreviewed
transmitter,CFIHOS-30000476,temperature transmitter,A transmitter that is producing a standardized output signal dependent of a received input signal from a temperature element.,no,yes,,,real,True,sha256:a69b98012d9e4a46495a3aed48eef8ce75a69d001eaa28b4c38cb0f3c921909d,CORE CFIHOS V2.0 CSV/CFIHOS CORE equipment class v2.0.csv,367,source_reference_record,source_reference_record_unreviewed
analysing instrument,CFIHOS-30000477,thermal conductivity analyser,An analysing instrument that is intended to determine a physical property that is named thermal conductivity.,no,yes,,,real,True,sha256:a69b98012d9e4a46495a3aed48eef8ce75a69d001eaa28b4c38cb0f3c921909d,CORE CFIHOS V2.0 CSV/CFIHOS CORE equipment class v2.0.csv,368,source_reference_record,source_reference_record_unreviewed
temperature element,CFIHOS-30000478,thermocouple,"A pair of electrical conductors of dissimilar materials, joined at one end (the measuring or hot junction), which produces an electromotive force (e.m.f.) due to the Seebeck effect in a circuit formed by connecting the other ends of the dissimilar materials used (the reference or cold junction) to a device for measuring e.m.f.  Def. acc. to IEC 902 1987.",no,yes,,,real,True,sha256:a69b98012d9e4a46495a3aed48eef8ce75a69d001eaa28b4c38cb0f3c921909d,CORE CFIHOS V2.0 CSV/CFIHOS CORE equipment class v2.0.csv,369,source_reference_record,source_reference_record_unreviewed
piping and pipeline equipment,CFIHOS-30000479,thermowell,"A physical object that is a pressure-tight receptacle adapted to receive a temperature sensing element, provided with external threads or other means for pressure-tight attachment to a vessel or pipe.",no,no,,,real,True,sha256:a69b98012d9e4a46495a3aed48eef8ce75a69d001eaa28b4c38cb0f3c921909d,CORE CFIHOS V2.0 CSV/CFIHOS CORE equipment class v2.0.csv,370,source_reference_record,source_reference_record_unreviewed
control switch,CFIHOS-30000480,timer,A timepiece that measures a time interval and signals its end; a time-switch.,no,yes,,time switch,real,True,sha256:a69b98012d9e4a46495a3aed48eef8ce75a69d001eaa28b4c38cb0f3c921909d,CORE CFIHOS V2.0 CSV/CFIHOS CORE equipment class v2.0.csv,371,source_reference_record,source_reference_record_unreviewed
IT and telecom equipment,CFIHOS-30000481,transponder,A transceiver that transmits a signal automatically in response to an appropriate triggering signal.,no,yes,,,real,True,sha256:a69b98012d9e4a46495a3aed48eef8ce75a69d001eaa28b4c38cb0f3c921909d,CORE CFIHOS V2.0 CSV/CFIHOS CORE equipment class v2.0.csv,372,source_reference_record,source_reference_record_unreviewed
flow meter,CFIHOS-30000482,turbine flow meter,A velocity flow meter that uses a multi bladed rotor to measure fluid flow rate in units of volumetric flow through a closed conduit.,no,no,,turbine flow element,real,True,sha256:a69b98012d9e4a46495a3aed48eef8ce75a69d001eaa28b4c38cb0f3c921909d,CORE CFIHOS V2.0 CSV/CFIHOS CORE equipment class v2.0.csv,373,source_reference_record,source_reference_record_unreviewed
flow meter,CFIHOS-30000483,ultrasonic flow meter,A velocity flow meter that measures the velocity of a flow by measuring the time difference between an ultrasonic pulse sent in the flow direction and an ultrasound pulse sent opposite the flow direction.,no,no,,,real,True,sha256:a69b98012d9e4a46495a3aed48eef8ce75a69d001eaa28b4c38cb0f3c921909d,CORE CFIHOS V2.0 CSV/CFIHOS CORE equipment class v2.0.csv,374,source_reference_record,source_reference_record_unreviewed
level transmitter,CFIHOS-30000484,ultrasonic level transmitter,A level transmitter that is using ultrasonic sound to continuously monitor the level of a liquid or particulate matter in a tank or vessel.,no,yes,,,real,True,sha256:a69b98012d9e4a46495a3aed48eef8ce75a69d001eaa28b4c38cb0f3c921909d,CORE CFIHOS V2.0 CSV/CFIHOS CORE equipment class v2.0.csv,375,source_reference_record,source_reference_record_unreviewed
flow meter,CFIHOS-30000485,v-cone flow meter,A differential pressure flow meter that uses a v-cone as the restriction body in the flow stream.,no,no,,,real,True,sha256:a69b98012d9e4a46495a3aed48eef8ce75a69d001eaa28b4c38cb0f3c921909d,CORE CFIHOS V2.0 CSV/CFIHOS CORE equipment class v2.0.csv,376,source_reference_record,source_reference_record_unreviewed
detecting element,CFIHOS-30000486,venturi tube,A pipe or tube that has a constriction with a relative long passage with a smooth coned entry and exit.,no,yes,,venturi tube flow element,real,True,sha256:a69b98012d9e4a46495a3aed48eef8ce75a69d001eaa28b4c38cb0f3c921909d,CORE CFIHOS V2.0 CSV/CFIHOS CORE equipment class v2.0.csv,377,source_reference_record,source_reference_record_unreviewed
detecting element,CFIHOS-30000487,vibration element,A detecting element that is intended to sense mechanical vibration and in which the oscillating motion is transferred into a voltage or current signal.,no,yes,,vibration probe,real,True,sha256:a69b98012d9e4a46495a3aed48eef8ce75a69d001eaa28b4c38cb0f3c921909d,CORE CFIHOS V2.0 CSV/CFIHOS CORE equipment class v2.0.csv,378,source_reference_record,source_reference_record_unreviewed
IT and telecom equipment,CFIHOS-30000488,video recorder,A recording instrument that is recording signals originated by a TV camera on a moving magnetic tape for subsequent reproduction or transmission.,no,yes,,,real,True,sha256:a69b98012d9e4a46495a3aed48eef8ce75a69d001eaa28b4c38cb0f3c921909d,CORE CFIHOS V2.0 CSV/CFIHOS CORE equipment class v2.0.csv,379,source_reference_record,source_reference_record_unreviewed
analysing instrument,CFIHOS-30000489,viscosity analyser,An analysing instrument intended to determine the viscosity of a fluid.,no,yes,,,real,True,sha256:a69b98012d9e4a46495a3aed48eef8ce75a69d001eaa28b4c38cb0f3c921909d,CORE CFIHOS V2.0 CSV/CFIHOS CORE equipment class v2.0.csv,380,source_reference_record,source_reference_record_unreviewed
signal converter,CFIHOS-30000490,voltage to current converter,A signal converter that is intended for converting an input voltage signal into an output current signal.,no,yes,,,real,True,sha256:a69b98012d9e4a46495a3aed48eef8ce75a69d001eaa28b4c38cb0f3c921909d,CORE CFIHOS V2.0 CSV/CFIHOS CORE equipment class v2.0.csv,381,source_reference_record,source_reference_record_unreviewed
flow meter,CFIHOS-30000491,vortex flow meter,A flow meter that measures the velocity of a fluid in a pipe by detecting the frequency of vortices being shed from a specially shaped obstructing element in the fluid stream.,no,no,,,real,True,sha256:a69b98012d9e4a46495a3aed48eef8ce75a69d001eaa28b4c38cb0f3c921909d,CORE CFIHOS V2.0 CSV/CFIHOS CORE equipment class v2.0.csv,382,source_reference_record,source_reference_record_unreviewed
detecting element,CFIHOS-30000492,wind sensor,A detecting element that can be the sensing element of an anemometer or wind gauge.,no,yes,,windspeed sensor; windspeed direction sensor,real,True,sha256:a69b98012d9e4a46495a3aed48eef8ce75a69d001eaa28b4c38cb0f3c921909d,CORE CFIHOS V2.0 CSV/CFIHOS CORE equipment class v2.0.csv,383,source_reference_record,source_reference_record_unreviewed
analysing instrument,CFIHOS-30000493,wobbe index meter,An analysing instrument intended to determine the wobble index of a gas.,no,no,,,real,True,sha256:a69b98012d9e4a46495a3aed48eef8ce75a69d001eaa28b4c38cb0f3c921909d,CORE CFIHOS V2.0 CSV/CFIHOS CORE equipment class v2.0.csv,384,source_reference_record,source_reference_record_unreviewed
piping and pipeline equipment,CFIHOS-30000494,christmas tree,"A physical object that is an assembly of pipes and piping parts, with valves and associated control equipment that is connected to the top of a wellhead and is intended for control of fluid from a well.",no,yes,,,real,True,sha256:a69b98012d9e4a46495a3aed48eef8ce75a69d001eaa28b4c38cb0f3c921909d,CORE CFIHOS V2.0 CSV/CFIHOS CORE equipment class v2.0.csv,385,source_reference_record,source_reference_record_unreviewed
piping and pipeline equipment,CFIHOS-30000495,nozzle,A physical object that has a protruding part through which a stream of fluid is directed.,yes,yes,,,real,True,sha256:a69b98012d9e4a46495a3aed48eef8ce75a69d001eaa28b4c38cb0f3c921909d,CORE CFIHOS V2.0 CSV/CFIHOS CORE equipment class v2.0.csv,386,source_reference_record,source_reference_record_unreviewed
piping and pipeline equipment,CFIHOS-30000496,pipe,"A physical object that is a long tube or hollow body intended for conduction of liquid, gaseous or finely divided solid materials, or used for structural purposes.",no,no,,line,real,True,sha256:a69b98012d9e4a46495a3aed48eef8ce75a69d001eaa28b4c38cb0f3c921909d,CORE CFIHOS V2.0 CSV/CFIHOS CORE equipment class v2.0.csv,387,source_reference_record,source_reference_record_unreviewed
piping and pipeline equipment,CFIHOS-30000497,pipe bend,A physical object that is used to change piping direction with a non-standard radius.,no,no,,,real,True,sha256:a69b98012d9e4a46495a3aed48eef8ce75a69d001eaa28b4c38cb0f3c921909d,CORE CFIHOS V2.0 CSV/CFIHOS CORE equipment class v2.0.csv,388,source_reference_record,source_reference_record_unreviewed
piping and pipeline equipment,CFIHOS-30000498,pipe flange spade,A physical object that is a circular plate with no central opening and holes to match mating flanged ends. It is also equipped with a handle.,no,no,,,real,True,sha256:a69b98012d9e4a46495a3aed48eef8ce75a69d001eaa28b4c38cb0f3c921909d,CORE CFIHOS V2.0 CSV/CFIHOS CORE equipment class v2.0.csv,389,source_reference_record,source_reference_record_unreviewed
piping and pipeline equipment,CFIHOS-30000499,pipe tee,"A physical object that has three piping ends in T-shape, including a branch at 90 degrees.",no,no,,,real,True,sha256:a69b98012d9e4a46495a3aed48eef8ce75a69d001eaa28b4c38cb0f3c921909d,CORE CFIHOS V2.0 CSV/CFIHOS CORE equipment class v2.0.csv,390,source_reference_record,source_reference_record_unreviewed
piping and pipeline equipment,CFIHOS-30000500,pipeline,"A fluid conductor that consists of pipe, possibly also including pumps, valves, and control devices, intended for conveying liquids, gases, or finely divided solids.",no,no,,,real,True,sha256:a69b98012d9e4a46495a3aed48eef8ce75a69d001eaa28b4c38cb0f3c921909d,CORE CFIHOS V2.0 CSV/CFIHOS CORE equipment class v2.0.csv,391,source_reference_record,source_reference_record_unreviewed
other mechanical equipment,CFIHOS-30000501,piping expansion bellows,A bellows that is a flexible corrugated tubular element providing axial and radial flexibility and pressure containment.,no,no,,,real,True,sha256:a69b98012d9e4a46495a3aed48eef8ce75a69d001eaa28b4c38cb0f3c921909d,CORE CFIHOS V2.0 CSV/CFIHOS CORE equipment class v2.0.csv,392,source_reference_record,source_reference_record_unreviewed
piping and pipeline equipment,CFIHOS-30000502,riser,A physical object that is a vertical or near vertical pipe for the upward flow of liquid or gas.,no,no,,,real,True,sha256:a69b98012d9e4a46495a3aed48eef8ce75a69d001eaa28b4c38cb0f3c921909d,CORE CFIHOS V2.0 CSV/CFIHOS CORE equipment class v2.0.csv,393,source_reference_record,source_reference_record_unreviewed
piping and pipeline equipment,CFIHOS-30000503,spectacle blind,"A physical object that consists of two discs with equal thickness and outer diameter connected with a flat bar. One of the discs has a hole, while the other disc is without hole.",no,yes,,,real,True,sha256:a69b98012d9e4a46495a3aed48eef8ce75a69d001eaa28b4c38cb0f3c921909d,CORE CFIHOS V2.0 CSV/CFIHOS CORE equipment class v2.0.csv,394,source_reference_record,source_reference_record_unreviewed
piping and pipeline equipment,CFIHOS-30000504,spool piece,A physical object which is a short section of pipe used to connect ends of pipes/pipelines.,no,no,,,real,True,sha256:a69b98012d9e4a46495a3aed48eef8ce75a69d001eaa28b4c38cb0f3c921909d,CORE CFIHOS V2.0 CSV/CFIHOS CORE equipment class v2.0.csv,395,source_reference_record,source_reference_record_unreviewed
other mechanical equipment,CFIHOS-30000505,steam trap,"A trap that consists of a chamber into which condensed steam from steam pipes etc. is allowed to drain, and which automatically ejects it without permitting the escape of steam.",no,yes,,,real,True,sha256:a69b98012d9e4a46495a3aed48eef8ce75a69d001eaa28b4c38cb0f3c921909d,CORE CFIHOS V2.0 CSV/CFIHOS CORE equipment class v2.0.csv,396,source_reference_record,source_reference_record_unreviewed
other mechanical equipment,CFIHOS-30000506,strainer,"A filter that is separating solid particles from a fluid by passing the fluid through a wire mesh, screen or metal plates containing perforations or slits.",no,yes,,,real,True,sha256:a69b98012d9e4a46495a3aed48eef8ce75a69d001eaa28b4c38cb0f3c921909d,CORE CFIHOS V2.0 CSV/CFIHOS CORE equipment class v2.0.csv,397,source_reference_record,source_reference_record_unreviewed
miscellaneous equipment,CFIHOS-30000507,tubing hanger,A well string hanger that is used for production tubing. The tubing hanger incorporates a sealing system to ensure that the tubing conduit and annulus are hydraulically isolated.,no,yes,,,real,True,sha256:a69b98012d9e4a46495a3aed48eef8ce75a69d001eaa28b4c38cb0f3c921909d,CORE CFIHOS V2.0 CSV/CFIHOS CORE equipment class v2.0.csv,398,source_reference_record,source_reference_record_unreviewed
electrical equipment class,CFIHOS-30000508,earthing resistor,"A resistance through which the neutral pint of a supply system is earthed, in order to limit the current that flows on the occurrence of an earth fault.",no,yes,,neutral ground resistor,real,True,sha256:a69b98012d9e4a46495a3aed48eef8ce75a69d001eaa28b4c38cb0f3c921909d,CORE CFIHOS V2.0 CSV/CFIHOS CORE equipment class v2.0.csv,399,source_reference_record,source_reference_record_unreviewed
marine,CFIHOS-30000510,anchor,A physical object intended to hold an object firmly.,no,yes,,,real,True,sha256:a69b98012d9e4a46495a3aed48eef8ce75a69d001eaa28b4c38cb0f3c921909d,CORE CFIHOS V2.0 CSV/CFIHOS CORE equipment class v2.0.csv,400,source_reference_record,source_reference_record_unreviewed
other mechanical equipment,CFIHOS-30000511,arrestor,A physical object intended to prevent something to pass.,no,no,,,real,True,sha256:a69b98012d9e4a46495a3aed48eef8ce75a69d001eaa28b4c38cb0f3c921909d,CORE CFIHOS V2.0 CSV/CFIHOS CORE equipment class v2.0.csv,401,source_reference_record,source_reference_record_unreviewed
"health, safety and environment equipment class",CFIHOS-30000512,fire extinguisher,"A physical object designed to eject agents, e.g. water or a chemical, to put out fires.",no,yes,,,real,True,sha256:a69b98012d9e4a46495a3aed48eef8ce75a69d001eaa28b4c38cb0f3c921909d,CORE CFIHOS V2.0 CSV/CFIHOS CORE equipment class v2.0.csv,402,source_reference_record,source_reference_record_unreviewed
"health, safety and environment equipment class",CFIHOS-30000513,safety shower,A shower intended for emergency situations.,no,yes,,,real,True,sha256:a69b98012d9e4a46495a3aed48eef8ce75a69d001eaa28b4c38cb0f3c921909d,CORE CFIHOS V2.0 CSV/CFIHOS CORE equipment class v2.0.csv,403,source_reference_record,source_reference_record_unreviewed
other mechanical equipment,CFIHOS-30000514,silencer,A physical object intended to reduce a noise level.,no,yes,,,real,True,sha256:a69b98012d9e4a46495a3aed48eef8ce75a69d001eaa28b4c38cb0f3c921909d,CORE CFIHOS V2.0 CSV/CFIHOS CORE equipment class v2.0.csv,404,source_reference_record,source_reference_record_unreviewed
other mechanical equipment,CFIHOS-30000515,aerator,A physical object that supplies and mixes air to a liquid or solids.,no,yes,,,real,True,sha256:a69b98012d9e4a46495a3aed48eef8ce75a69d001eaa28b4c38cb0f3c921909d,CORE CFIHOS V2.0 CSV/CFIHOS CORE equipment class v2.0.csv,405,source_reference_record,source_reference_record_unreviewed
compressor,CFIHOS-30000516,axial compressor,A dynamic compressor in which the gas is accelerated by the action of a bladed rotor and where the main flow is along the rotation axis of the rotor.,no,yes,,,real,True,sha256:a69b98012d9e4a46495a3aed48eef8ce75a69d001eaa28b4c38cb0f3c921909d,CORE CFIHOS V2.0 CSV/CFIHOS CORE equipment class v2.0.csv,406,source_reference_record,source_reference_record_unreviewed
other mechanical equipment,CFIHOS-30000517,bearing,A physical object intended to support and locate a moving or static element and capable of reducing friction and transfer forces in a connection.,no,yes,,,real,True,sha256:a69b98012d9e4a46495a3aed48eef8ce75a69d001eaa28b4c38cb0f3c921909d,CORE CFIHOS V2.0 CSV/CFIHOS CORE equipment class v2.0.csv,407,source_reference_record,source_reference_record_unreviewed
other mechanical equipment,CFIHOS-30000518,blower,A physical object intended to compress and supply air or gas at medium pressure and medium volume flow.,no,yes,,centrifugal fan; centrifugal blower,real,True,sha256:a69b98012d9e4a46495a3aed48eef8ce75a69d001eaa28b4c38cb0f3c921909d,CORE CFIHOS V2.0 CSV/CFIHOS CORE equipment class v2.0.csv,408,source_reference_record,source_reference_record_unreviewed
other mechanical equipment,CFIHOS-30000519,brake,A physical object intended to arrest or prevent the motion of an item. Typically by means of friction.,no,yes,,,real,True,sha256:a69b98012d9e4a46495a3aed48eef8ce75a69d001eaa28b4c38cb0f3c921909d,CORE CFIHOS V2.0 CSV/CFIHOS CORE equipment class v2.0.csv,409,source_reference_record,source_reference_record_unreviewed
compressor,CFIHOS-30000520,centrifugal compressor,A dynamic compressor in which one ore more impellers accelerate the gas and where the main flow through the impeller is radial.,no,yes,,,real,True,sha256:a69b98012d9e4a46495a3aed48eef8ce75a69d001eaa28b4c38cb0f3c921909d,CORE CFIHOS V2.0 CSV/CFIHOS CORE equipment class v2.0.csv,410,source_reference_record,source_reference_record_unreviewed
pump,CFIHOS-30000521,centrifugal pump,A dynamic pump that contains impellers provided with vanes to generate centrifugal force to achieve the required pressure head.,no,yes,,,real,True,sha256:a69b98012d9e4a46495a3aed48eef8ce75a69d001eaa28b4c38cb0f3c921909d,CORE CFIHOS V2.0 CSV/CFIHOS CORE equipment class v2.0.csv,411,source_reference_record,source_reference_record_unreviewed
other mechanical equipment,CFIHOS-30000522,centrifuge,A physical object that uses centrifugal force to separate phases of different densities.,no,yes,,,real,True,sha256:a69b98012d9e4a46495a3aed48eef8ce75a69d001eaa28b4c38cb0f3c921909d,CORE CFIHOS V2.0 CSV/CFIHOS CORE equipment class v2.0.csv,412,source_reference_record,source_reference_record_unreviewed
other mechanical equipment,CFIHOS-30000523,clutch,A transmission that is intended to transmit energy between two shafts providing the capability to connect and disconnect the shafts.,no,yes,,,real,True,sha256:a69b98012d9e4a46495a3aed48eef8ce75a69d001eaa28b4c38cb0f3c921909d,CORE CFIHOS V2.0 CSV/CFIHOS CORE equipment class v2.0.csv,413,source_reference_record,source_reference_record_unreviewed
mechanical equipment class,CFIHOS-30000524,compressor,A physical object that is driven by a prime mover by which energy is either constantly or periodically added to an amount of gas in order to increase its pressure.,no,no,,,real,True,sha256:a69b98012d9e4a46495a3aed48eef8ce75a69d001eaa28b4c38cb0f3c921909d,CORE CFIHOS V2.0 CSV/CFIHOS CORE equipment class v2.0.csv,414,source_reference_record,source_reference_record_unreviewed
engine,CFIHOS-30000527,diesel engine,An internal combustion engine in which ignition of the fuel injected into the cylinder is performed by the heat of compression of the air charge.,no,yes,,,real,True,sha256:a69b98012d9e4a46495a3aed48eef8ce75a69d001eaa28b4c38cb0f3c921909d,CORE CFIHOS V2.0 CSV/CFIHOS CORE equipment class v2.0.csv,415,source_reference_record,source_reference_record_unreviewed
other mechanical equipment,CFIHOS-30000528,diffuser,A physical object that contains a diverging channel-shaped chamber in which part of the kinetic energy of the fluid is converted into pressure energy.,no,no,,,real,True,sha256:a69b98012d9e4a46495a3aed48eef8ce75a69d001eaa28b4c38cb0f3c921909d,CORE CFIHOS V2.0 CSV/CFIHOS CORE equipment class v2.0.csv,416,source_reference_record,source_reference_record_unreviewed
mechanical equipment class,CFIHOS-30000529,driver,A physical object that provides rotational or reciprocating energy to driven equipment.,yes,no,,,real,True,sha256:a69b98012d9e4a46495a3aed48eef8ce75a69d001eaa28b4c38cb0f3c921909d,CORE CFIHOS V2.0 CSV/CFIHOS CORE equipment class v2.0.csv,417,source_reference_record,source_reference_record_unreviewed
other mechanical equipment,CFIHOS-30000531,extruder,A physical object that is intended to form material by forcing it in liquid phase through a shaping die by applying pressure and fix the form in the solid phase.,no,yes,,,real,True,sha256:a69b98012d9e4a46495a3aed48eef8ce75a69d001eaa28b4c38cb0f3c921909d,CORE CFIHOS V2.0 CSV/CFIHOS CORE equipment class v2.0.csv,418,source_reference_record,source_reference_record_unreviewed
other mechanical equipment,CFIHOS-30000532,fan,A physical object that is intended to deliver or exhaust volumes of vapour or gas at low differential pressure.,no,yes,,axial blower; axial fan,real,True,sha256:a69b98012d9e4a46495a3aed48eef8ce75a69d001eaa28b4c38cb0f3c921909d,CORE CFIHOS V2.0 CSV/CFIHOS CORE equipment class v2.0.csv,419,source_reference_record,source_reference_record_unreviewed
engine,CFIHOS-30000533,gas engine,An internal combustion engine that is a reciprocating engine in which gaseous fuel is mixed with air to form a combustible mixture in a cylinder which is fired by spark ignition.,no,yes,,gas fuel combustion engine,real,True,sha256:a69b98012d9e4a46495a3aed48eef8ce75a69d001eaa28b4c38cb0f3c921909d,CORE CFIHOS V2.0 CSV/CFIHOS CORE equipment class v2.0.csv,420,source_reference_record,source_reference_record_unreviewed
turbine,CFIHOS-30000534,gas turbine,A turbine that compresses air which is then mixed with fuel for combustion and expansion through a turbine section to generate relatively high power output for either mechanical drive or power generation.,no,yes,,,real,True,sha256:a69b98012d9e4a46495a3aed48eef8ce75a69d001eaa28b4c38cb0f3c921909d,CORE CFIHOS V2.0 CSV/CFIHOS CORE equipment class v2.0.csv,421,source_reference_record,source_reference_record_unreviewed
other mechanical equipment,CFIHOS-30000535,gear box,A physical object that is a casing with an arrangement of two or more gear-wheels transmitting rotating motion from the input shaft to the output shaft.,no,yes,,gearbox,real,True,sha256:a69b98012d9e4a46495a3aed48eef8ce75a69d001eaa28b4c38cb0f3c921909d,CORE CFIHOS V2.0 CSV/CFIHOS CORE equipment class v2.0.csv,422,source_reference_record,source_reference_record_unreviewed
other mechanical equipment,CFIHOS-30000537,hood,An enclosure intended to protect equipment from weather influences or to protect surroundings of equipment from equipment noise.,no,yes,,,real,True,sha256:a69b98012d9e4a46495a3aed48eef8ce75a69d001eaa28b4c38cb0f3c921909d,CORE CFIHOS V2.0 CSV/CFIHOS CORE equipment class v2.0.csv,423,source_reference_record,source_reference_record_unreviewed
vessel,CFIHOS-30000538,hydraulic cylinder,A cylinder where the piston is actuated by pressurized hydraulic fluid.,no,yes,,cylinder,real,True,sha256:a69b98012d9e4a46495a3aed48eef8ce75a69d001eaa28b4c38cb0f3c921909d,CORE CFIHOS V2.0 CSV/CFIHOS CORE equipment class v2.0.csv,424,source_reference_record,source_reference_record_unreviewed
motor,CFIHOS-30000539,hydraulic motor,A motor that is intended to generate power by means of high pressure oil.,no,yes,,,real,True,sha256:a69b98012d9e4a46495a3aed48eef8ce75a69d001eaa28b4c38cb0f3c921909d,CORE CFIHOS V2.0 CSV/CFIHOS CORE equipment class v2.0.csv,425,source_reference_record,source_reference_record_unreviewed
other mechanical equipment,CFIHOS-30000541,lubrication system,A system that provides lubricant to rotating or moving items.,no,no,,,real,True,sha256:a69b98012d9e4a46495a3aed48eef8ce75a69d001eaa28b4c38cb0f3c921909d,CORE CFIHOS V2.0 CSV/CFIHOS CORE equipment class v2.0.csv,426,source_reference_record,source_reference_record_unreviewed
mechanical equipment class,CFIHOS-30000542,mechanical seal,"A seal that comprises of a set of one or more rotating and stationary seal faces, together with auxiliary hardware, separated by a film of fluid intended to reduce flow loss around a rotating shaft to an acceptable level.",no,yes,,,real,True,sha256:a69b98012d9e4a46495a3aed48eef8ce75a69d001eaa28b4c38cb0f3c921909d,CORE CFIHOS V2.0 CSV/CFIHOS CORE equipment class v2.0.csv,427,source_reference_record,source_reference_record_unreviewed
other mechanical equipment,CFIHOS-30000543,mixer,A physical object intended to be used for fluid mixing processes typically a rotating piece of equipment comprised of a driver such as a motor which rotates an agitator immersed in the fluid(s) that need to be mixed.,yes,yes,,,real,True,sha256:a69b98012d9e4a46495a3aed48eef8ce75a69d001eaa28b4c38cb0f3c921909d,CORE CFIHOS V2.0 CSV/CFIHOS CORE equipment class v2.0.csv,428,source_reference_record,source_reference_record_unreviewed
engine,CFIHOS-30000544,petrol engine,An internal combustion engine that is an induction compression ignition exhaust engine which ignites a petrol air mixture with an electric spark.,no,yes,,,real,True,sha256:a69b98012d9e4a46495a3aed48eef8ce75a69d001eaa28b4c38cb0f3c921909d,CORE CFIHOS V2.0 CSV/CFIHOS CORE equipment class v2.0.csv,429,source_reference_record,source_reference_record_unreviewed
motor,CFIHOS-30000548,pneumatic motor,A motor that is driven by compressed gas. Typically air.,no,yes,,,real,True,sha256:a69b98012d9e4a46495a3aed48eef8ce75a69d001eaa28b4c38cb0f3c921909d,CORE CFIHOS V2.0 CSV/CFIHOS CORE equipment class v2.0.csv,430,source_reference_record,source_reference_record_unreviewed
damper,CFIHOS-30000549,pulsation damper,"A pressure vessel located in both pump- and compressor piping systems in order to reduce residual pulsation fluctuations, as a result of discontinue operation effects, within an allowable level specified.",no,yes,,,real,True,sha256:a69b98012d9e4a46495a3aed48eef8ce75a69d001eaa28b4c38cb0f3c921909d,CORE CFIHOS V2.0 CSV/CFIHOS CORE equipment class v2.0.csv,431,source_reference_record,source_reference_record_unreviewed
mechanical equipment class,CFIHOS-30000550,pump,"A physical object that adds or removes mechanical energy to a fluid, either constantly or periodically.",no,no,,,real,True,sha256:a69b98012d9e4a46495a3aed48eef8ce75a69d001eaa28b4c38cb0f3c921909d,CORE CFIHOS V2.0 CSV/CFIHOS CORE equipment class v2.0.csv,432,source_reference_record,source_reference_record_unreviewed
compressor,CFIHOS-30000551,reciprocating compressor,A positive displacement compressor in which forced reduction of gas volume takes place by the movement of a displacing element in a cylinder or enclosure.,no,no,,,real,True,sha256:a69b98012d9e4a46495a3aed48eef8ce75a69d001eaa28b4c38cb0f3c921909d,CORE CFIHOS V2.0 CSV/CFIHOS CORE equipment class v2.0.csv,433,source_reference_record,source_reference_record_unreviewed
compressor,CFIHOS-30000552,rotary compressor,A positive displacement compressor in which compression displacement is effected by the positive action of rotating elements.,no,no,,,real,True,sha256:a69b98012d9e4a46495a3aed48eef8ce75a69d001eaa28b4c38cb0f3c921909d,CORE CFIHOS V2.0 CSV/CFIHOS CORE equipment class v2.0.csv,434,source_reference_record,source_reference_record_unreviewed
piping and pipeline equipment,CFIHOS-30000555,spacer,A physical object that is intended to keep other physical objects at a predefined distance and hence having a spacer function.,no,no,,,real,True,sha256:a69b98012d9e4a46495a3aed48eef8ce75a69d001eaa28b4c38cb0f3c921909d,CORE CFIHOS V2.0 CSV/CFIHOS CORE equipment class v2.0.csv,435,source_reference_record,source_reference_record_unreviewed
turbine,CFIHOS-30000556,steam turbine,A thermodynamic turbine in which steam is made to do work by expanding so as to create kinetic energy by acting on moving blades attached to a disc or drum.,no,yes,,,real,True,sha256:a69b98012d9e4a46495a3aed48eef8ce75a69d001eaa28b4c38cb0f3c921909d,CORE CFIHOS V2.0 CSV/CFIHOS CORE equipment class v2.0.csv,436,source_reference_record,source_reference_record_unreviewed
other mechanical equipment,CFIHOS-30000557,torque converter,A fluid coupling intended to allow a smooth start of a driven equipment and then keeping a nearly constant speed.,no,yes,,,real,True,sha256:a69b98012d9e4a46495a3aed48eef8ce75a69d001eaa28b4c38cb0f3c921909d,CORE CFIHOS V2.0 CSV/CFIHOS CORE equipment class v2.0.csv,437,source_reference_record,source_reference_record_unreviewed
driver,CFIHOS-30000558,turbo expander,An expander of the turbine type used to reduce the pressure of a gas flow by leading it through a turbine rotor by which the recovered energy is transferred into rotational energy for either power generation or mechanical drive application.,no,yes,,axial turbo expander; centrifugal turbo expander,real,True,sha256:a69b98012d9e4a46495a3aed48eef8ce75a69d001eaa28b4c38cb0f3c921909d,CORE CFIHOS V2.0 CSV/CFIHOS CORE equipment class v2.0.csv,438,source_reference_record,source_reference_record_unreviewed
tool,CFIHOS-30000561,yoke,"A physical object that is an arched device intended to embrace two parts to hold or unite them in position, or to divide loads.",no,yes,,,real,True,sha256:a69b98012d9e4a46495a3aed48eef8ce75a69d001eaa28b4c38cb0f3c921909d,CORE CFIHOS V2.0 CSV/CFIHOS CORE equipment class v2.0.csv,439,source_reference_record,source_reference_record_unreviewed
conveyor,CFIHOS-30000562,belt conveyor,A conveyor that consists of a suitably tensioned endless belt made from hard wearing materials and arranged to run over rollers.,no,yes,,,real,True,sha256:a69b98012d9e4a46495a3aed48eef8ce75a69d001eaa28b4c38cb0f3c921909d,CORE CFIHOS V2.0 CSV/CFIHOS CORE equipment class v2.0.csv,440,source_reference_record,source_reference_record_unreviewed
conveyor,CFIHOS-30000563,chain conveyor,"A conveyor in which endless chains are used to support slats, apron, pans, buckets, as distinct from the use of single band.",no,yes,,,real,True,sha256:a69b98012d9e4a46495a3aed48eef8ce75a69d001eaa28b4c38cb0f3c921909d,CORE CFIHOS V2.0 CSV/CFIHOS CORE equipment class v2.0.csv,441,source_reference_record,source_reference_record_unreviewed
mechanical equipment class,CFIHOS-30000564,conveyor,A physical object for moving articles or bulk material from place to place (as by an endless moving belt or a chain of receptacles).,yes,no,,,real,True,sha256:a69b98012d9e4a46495a3aed48eef8ce75a69d001eaa28b4c38cb0f3c921909d,CORE CFIHOS V2.0 CSV/CFIHOS CORE equipment class v2.0.csv,442,source_reference_record,source_reference_record_unreviewed
tool,CFIHOS-30000565,cutter,"A physical object that is an instrument, machine, machine part, or tool that cuts.",no,yes,,,real,True,sha256:a69b98012d9e4a46495a3aed48eef8ce75a69d001eaa28b4c38cb0f3c921909d,CORE CFIHOS V2.0 CSV/CFIHOS CORE equipment class v2.0.csv,443,source_reference_record,source_reference_record_unreviewed
other mechanical equipment,CFIHOS-30000566,feeder,A closed transport device that is a gathering line tied into a trunk line.,no,yes,,,real,True,sha256:a69b98012d9e4a46495a3aed48eef8ce75a69d001eaa28b4c38cb0f3c921909d,CORE CFIHOS V2.0 CSV/CFIHOS CORE equipment class v2.0.csv,444,source_reference_record,source_reference_record_unreviewed
vehicle,CFIHOS-30000567,forklift truck,"A vehicle with power operated prongs that can be raised and lowered by will, for loading, transporting and unloading goods; chiefly used in factories and warehouses.",no,no,,,real,True,sha256:a69b98012d9e4a46495a3aed48eef8ce75a69d001eaa28b4c38cb0f3c921909d,CORE CFIHOS V2.0 CSV/CFIHOS CORE equipment class v2.0.csv,445,source_reference_record,source_reference_record_unreviewed
tool,CFIHOS-30000568,hydraulic press,A physical object that applies force for pressing by using fluid pressure for force multiplication.,no,yes,,,real,True,sha256:a69b98012d9e4a46495a3aed48eef8ce75a69d001eaa28b4c38cb0f3c921909d,CORE CFIHOS V2.0 CSV/CFIHOS CORE equipment class v2.0.csv,446,source_reference_record,source_reference_record_unreviewed
conveyor,CFIHOS-30000569,roller conveyor,"A conveyor comprising a series of closely spaced rollers set so that their crests can support articles to be conveyed. They may be power-driven, or freely revolving. Tapered rollers are used to form bends in the conveyor line.",no,yes,,,real,True,sha256:a69b98012d9e4a46495a3aed48eef8ce75a69d001eaa28b4c38cb0f3c921909d,CORE CFIHOS V2.0 CSV/CFIHOS CORE equipment class v2.0.csv,447,source_reference_record,source_reference_record_unreviewed
conveyor,CFIHOS-30000570,slat conveyor,A conveyor consisting of a series of slats generally made of metal or wood  attached to an endless chain.,no,yes,,,real,True,sha256:a69b98012d9e4a46495a3aed48eef8ce75a69d001eaa28b4c38cb0f3c921909d,CORE CFIHOS V2.0 CSV/CFIHOS CORE equipment class v2.0.csv,448,source_reference_record,source_reference_record_unreviewed
other mechanical equipment,CFIHOS-30000571,beam,A support that is a large and straight piece of normally timber or iron forming one of the main structural member of a building or supporting structure.,no,no,,,real,True,sha256:a69b98012d9e4a46495a3aed48eef8ce75a69d001eaa28b4c38cb0f3c921909d,CORE CFIHOS V2.0 CSV/CFIHOS CORE equipment class v2.0.csv,449,source_reference_record,source_reference_record_unreviewed
vessel,CFIHOS-30000572,coalescer,A gravity separator where two liquid substances separates and where the substance with the less gravity can be skimmed off.,no,yes,,,real,True,sha256:a69b98012d9e4a46495a3aed48eef8ce75a69d001eaa28b4c38cb0f3c921909d,CORE CFIHOS V2.0 CSV/CFIHOS CORE equipment class v2.0.csv,450,source_reference_record,source_reference_record_unreviewed
other mechanical equipment,CFIHOS-30000573,demister,A physical object intended to catch fluid droplets.,no,yes,,,real,True,sha256:a69b98012d9e4a46495a3aed48eef8ce75a69d001eaa28b4c38cb0f3c921909d,CORE CFIHOS V2.0 CSV/CFIHOS CORE equipment class v2.0.csv,451,source_reference_record,source_reference_record_unreviewed
other mechanical equipment,CFIHOS-30000574,electrostatic precipitator,A separator intended to separate material from a solution or suspension by electrostatic charge.,no,yes,,,real,True,sha256:a69b98012d9e4a46495a3aed48eef8ce75a69d001eaa28b4c38cb0f3c921909d,CORE CFIHOS V2.0 CSV/CFIHOS CORE equipment class v2.0.csv,452,source_reference_record,source_reference_record_unreviewed
other mechanical equipment,CFIHOS-30000575,filter,A separator intended to remove solids from vapour or liquid.,no,yes,,,real,True,sha256:a69b98012d9e4a46495a3aed48eef8ce75a69d001eaa28b4c38cb0f3c921909d,CORE CFIHOS V2.0 CSV/CFIHOS CORE equipment class v2.0.csv,453,source_reference_record,source_reference_record_unreviewed
other mechanical equipment,CFIHOS-30000576,filter cartridge,A filter element intended to collect particles from a stream in a filter or strainer.,no,yes,,,real,True,sha256:a69b98012d9e4a46495a3aed48eef8ce75a69d001eaa28b4c38cb0f3c921909d,CORE CFIHOS V2.0 CSV/CFIHOS CORE equipment class v2.0.csv,454,source_reference_record,source_reference_record_unreviewed
other mechanical equipment,CFIHOS-30000578,gas distributor,A distributor intended to distribute or redistribute a vapour.,no,no,,,real,True,sha256:a69b98012d9e4a46495a3aed48eef8ce75a69d001eaa28b4c38cb0f3c921909d,CORE CFIHOS V2.0 CSV/CFIHOS CORE equipment class v2.0.csv,455,source_reference_record,source_reference_record_unreviewed
other mechanical equipment,CFIHOS-30000579,gutter,A trough that is located along the eaves to catch and carry liquid.,no,no,,,real,True,sha256:a69b98012d9e4a46495a3aed48eef8ce75a69d001eaa28b4c38cb0f3c921909d,CORE CFIHOS V2.0 CSV/CFIHOS CORE equipment class v2.0.csv,456,source_reference_record,source_reference_record_unreviewed
other mechanical equipment,CFIHOS-30000580,hatch way door,"A hatch door used to provide and secure access into a void, vessel or riser. To enable maintenance or inspection.",no,no,,,real,True,sha256:a69b98012d9e4a46495a3aed48eef8ce75a69d001eaa28b4c38cb0f3c921909d,CORE CFIHOS V2.0 CSV/CFIHOS CORE equipment class v2.0.csv,457,source_reference_record,source_reference_record_unreviewed
separator,CFIHOS-30000581,hydro cyclone,A cyclone separator intended to separate a fluid by hydraulic forces.,no,yes,,hydrocyclone,real,True,sha256:a69b98012d9e4a46495a3aed48eef8ce75a69d001eaa28b4c38cb0f3c921909d,CORE CFIHOS V2.0 CSV/CFIHOS CORE equipment class v2.0.csv,458,source_reference_record,source_reference_record_unreviewed
other mechanical equipment,CFIHOS-30000582,ladder,"A physical object intended to provide access to a certain part or level of equipment, and that consists of rungs between two profiles.",no,no,,,real,True,sha256:a69b98012d9e4a46495a3aed48eef8ce75a69d001eaa28b4c38cb0f3c921909d,CORE CFIHOS V2.0 CSV/CFIHOS CORE equipment class v2.0.csv,459,source_reference_record,source_reference_record_unreviewed
mechanical equipment class,CFIHOS-30000583,lifting device,A physical object intended to lift or to enable lifting equipment or a part of equipment.,yes,no,,,real,True,sha256:a69b98012d9e4a46495a3aed48eef8ce75a69d001eaa28b4c38cb0f3c921909d,CORE CFIHOS V2.0 CSV/CFIHOS CORE equipment class v2.0.csv,460,source_reference_record,source_reference_record_unreviewed
lifting device,CFIHOS-30000584,lifting lug,A lug with a hole for a lifting hook intended to lift the item or a part of it.,no,no,,,real,True,sha256:a69b98012d9e4a46495a3aed48eef8ce75a69d001eaa28b4c38cb0f3c921909d,CORE CFIHOS V2.0 CSV/CFIHOS CORE equipment class v2.0.csv,461,source_reference_record,source_reference_record_unreviewed
piping and pipeline equipment,CFIHOS-30000585,pipe support,A support intended to support one or more pipes.,no,no,,,real,True,sha256:a69b98012d9e4a46495a3aed48eef8ce75a69d001eaa28b4c38cb0f3c921909d,CORE CFIHOS V2.0 CSV/CFIHOS CORE equipment class v2.0.csv,462,source_reference_record,source_reference_record_unreviewed
vessel,CFIHOS-30000586,process column,A vertical vessel intended to enable chemical reactions or physical processes utilising differences in density of fluids and/or forced flow of fluid.,no,no,,,real,True,sha256:a69b98012d9e4a46495a3aed48eef8ce75a69d001eaa28b4c38cb0f3c921909d,CORE CFIHOS V2.0 CSV/CFIHOS CORE equipment class v2.0.csv,463,source_reference_record,source_reference_record_unreviewed
other mechanical equipment,CFIHOS-30000587,scraper,A physical object intended to mechanically remove a deposit from a surface.,no,yes,,,real,True,sha256:a69b98012d9e4a46495a3aed48eef8ce75a69d001eaa28b4c38cb0f3c921909d,CORE CFIHOS V2.0 CSV/CFIHOS CORE equipment class v2.0.csv,464,source_reference_record,source_reference_record_unreviewed
process column,CFIHOS-30000588,scrubber,A distillation column intended to clean gas by washing the gas flow with water or with another liquid entering at the top of the vessel and sprayed in the gas. Typically to remove dust and small particles.,no,yes,,scrubber column,real,True,sha256:a69b98012d9e4a46495a3aed48eef8ce75a69d001eaa28b4c38cb0f3c921909d,CORE CFIHOS V2.0 CSV/CFIHOS CORE equipment class v2.0.csv,465,source_reference_record,source_reference_record_unreviewed
other mechanical equipment,CFIHOS-30000590,shell,A physical object that is a layer or surface with a shape in two dimensions and length in the third dimension surrounding a space. Typically the cylindrical part of a vessel.,no,yes,,,real,True,sha256:a69b98012d9e4a46495a3aed48eef8ce75a69d001eaa28b4c38cb0f3c921909d,CORE CFIHOS V2.0 CSV/CFIHOS CORE equipment class v2.0.csv,466,source_reference_record,source_reference_record_unreviewed
other mechanical equipment,CFIHOS-30000591,slug catcher,A catcher intended to catch and separate liquid slugs from a fluid stream.,no,yes,,,real,True,sha256:a69b98012d9e4a46495a3aed48eef8ce75a69d001eaa28b4c38cb0f3c921909d,CORE CFIHOS V2.0 CSV/CFIHOS CORE equipment class v2.0.csv,467,source_reference_record,source_reference_record_unreviewed
other mechanical equipment,CFIHOS-30000592,stripper,A distillation column intended to remove light components from a fluid.,no,yes,,,real,True,sha256:a69b98012d9e4a46495a3aed48eef8ce75a69d001eaa28b4c38cb0f3c921909d,CORE CFIHOS V2.0 CSV/CFIHOS CORE equipment class v2.0.csv,468,source_reference_record,source_reference_record_unreviewed
mechanical equipment class,CFIHOS-30000593,tank,A vessel intended to contain fluid for storage. Typically a receiving or collecting function for further distribution. Typically with a vertical and cylindrical or square shape and a flat or conical bottom.,yes,yes,,,real,True,sha256:a69b98012d9e4a46495a3aed48eef8ce75a69d001eaa28b4c38cb0f3c921909d,CORE CFIHOS V2.0 CSV/CFIHOS CORE equipment class v2.0.csv,469,source_reference_record,source_reference_record_unreviewed
mechanical equipment class,CFIHOS-30000594,vessel,A container intended for storage and/or processing of fluids.,yes,yes,,,real,True,sha256:a69b98012d9e4a46495a3aed48eef8ce75a69d001eaa28b4c38cb0f3c921909d,CORE CFIHOS V2.0 CSV/CFIHOS CORE equipment class v2.0.csv,470,source_reference_record,source_reference_record_unreviewed
marine,CFIHOS-30000595,buoy,A physical object that is a floating object made for various purposes.,no,yes,,,real,True,sha256:a69b98012d9e4a46495a3aed48eef8ce75a69d001eaa28b4c38cb0f3c921909d,CORE CFIHOS V2.0 CSV/CFIHOS CORE equipment class v2.0.csv,471,source_reference_record,source_reference_record_unreviewed
lifting device,CFIHOS-30000596,chain,"A mechanical cable that consist of series of interconnected links forming a flexible cable, used for sustaining a tensile load.",no,yes,,,real,True,sha256:a69b98012d9e4a46495a3aed48eef8ce75a69d001eaa28b4c38cb0f3c921909d,CORE CFIHOS V2.0 CSV/CFIHOS CORE equipment class v2.0.csv,472,source_reference_record,source_reference_record_unreviewed
lifting device,CFIHOS-30000597,crane,A lifting appliance that is a tower or derrick equipped with cables and pulleys that can lift or lower and move loads in multiple directions.,no,yes,,,real,True,sha256:a69b98012d9e4a46495a3aed48eef8ce75a69d001eaa28b4c38cb0f3c921909d,CORE CFIHOS V2.0 CSV/CFIHOS CORE equipment class v2.0.csv,473,source_reference_record,source_reference_record_unreviewed
lifting device,CFIHOS-30000598,elevator,A lift that has a chamber or compartment for moving personnel or goods.,no,yes,,,real,True,sha256:a69b98012d9e4a46495a3aed48eef8ce75a69d001eaa28b4c38cb0f3c921909d,CORE CFIHOS V2.0 CSV/CFIHOS CORE equipment class v2.0.csv,474,source_reference_record,source_reference_record_unreviewed
marine,CFIHOS-30000599,fender,A physical object that is a body intended to protect as a cushion (as a foam rubber or a wood float) between a boat and a dock or between two boats that lessens shocks and prevents chafing.,no,no,,,real,True,sha256:a69b98012d9e4a46495a3aed48eef8ce75a69d001eaa28b4c38cb0f3c921909d,CORE CFIHOS V2.0 CSV/CFIHOS CORE equipment class v2.0.csv,475,source_reference_record,source_reference_record_unreviewed
infrastructure,CFIHOS-30000600,helideck,A deck that is intended to provide a landing and take-off capability for helicopters.,no,no,,,real,True,sha256:a69b98012d9e4a46495a3aed48eef8ce75a69d001eaa28b4c38cb0f3c921909d,CORE CFIHOS V2.0 CSV/CFIHOS CORE equipment class v2.0.csv,476,source_reference_record,source_reference_record_unreviewed
boat,CFIHOS-30000601,life boat,A boat that is intended to rescue people in an emergency case.,no,yes,,,real,True,sha256:a69b98012d9e4a46495a3aed48eef8ce75a69d001eaa28b4c38cb0f3c921909d,CORE CFIHOS V2.0 CSV/CFIHOS CORE equipment class v2.0.csv,477,source_reference_record,source_reference_record_unreviewed
lifting device,CFIHOS-30000602,loading arm,"A physical object that is designed to load or unload products into or from vehicles, wagons or vessels at variable positions.",no,yes,,,real,True,sha256:a69b98012d9e4a46495a3aed48eef8ce75a69d001eaa28b4c38cb0f3c921909d,CORE CFIHOS V2.0 CSV/CFIHOS CORE equipment class v2.0.csv,478,source_reference_record,source_reference_record_unreviewed
lifting device,CFIHOS-30000603,rope,A mechanical cable that is a large stout cord of strands of fibres twisted or braided together.,no,no,,,real,True,sha256:a69b98012d9e4a46495a3aed48eef8ce75a69d001eaa28b4c38cb0f3c921909d,CORE CFIHOS V2.0 CSV/CFIHOS CORE equipment class v2.0.csv,479,source_reference_record,source_reference_record_unreviewed
lifting device,CFIHOS-30000604,trolley,A vehicle that is intended for transporting heavy loads.,no,yes,,,real,True,sha256:a69b98012d9e4a46495a3aed48eef8ce75a69d001eaa28b4c38cb0f3c921909d,CORE CFIHOS V2.0 CSV/CFIHOS CORE equipment class v2.0.csv,480,source_reference_record,source_reference_record_unreviewed
vehicle,CFIHOS-30000605,truck,"An motor vehicle that is long, low and open intended for carrying goods by road.",no,yes,,,real,True,sha256:a69b98012d9e4a46495a3aed48eef8ce75a69d001eaa28b4c38cb0f3c921909d,CORE CFIHOS V2.0 CSV/CFIHOS CORE equipment class v2.0.csv,481,source_reference_record,source_reference_record_unreviewed
mechanical equipment class,CFIHOS-30000606,vehicle,"A physical object that is any conveyance (usually wheel, e.g. a cart, lorry, motorcar, but also a sledge) for goods or passengers on land.",yes,no,,,real,True,sha256:a69b98012d9e4a46495a3aed48eef8ce75a69d001eaa28b4c38cb0f3c921909d,CORE CFIHOS V2.0 CSV/CFIHOS CORE equipment class v2.0.csv,482,source_reference_record,source_reference_record_unreviewed
general instrument,CFIHOS-30000607,actuator,A physical object for changing a signal into a corresponding movement.,no,yes,Identified as part of RDL Alignment Activity BP Tagging Specification,,real,True,sha256:a69b98012d9e4a46495a3aed48eef8ce75a69d001eaa28b4c38cb0f3c921909d,CORE CFIHOS V2.0 CSV/CFIHOS CORE equipment class v2.0.csv,483,source_reference_record,source_reference_record_unreviewed
IT and telecom equipment,CFIHOS-30000608,automatic identification system,An automatic tracking system used on ships and by vessel traffic services (VTS) for identifying and locating vessels.,no,no,Required by owner-operators BP Tagging Specification,,real,True,sha256:a69b98012d9e4a46495a3aed48eef8ce75a69d001eaa28b4c38cb0f3c921909d,CORE CFIHOS V2.0 CSV/CFIHOS CORE equipment class v2.0.csv,484,source_reference_record,source_reference_record_unreviewed
wall,CFIHOS-30000609,blast rated wall,A wall that is designed to retain its integrity against a defined blast loading and fire that may subsequently follow.,no,no,BP Tagging Specification,,real,True,sha256:a69b98012d9e4a46495a3aed48eef8ce75a69d001eaa28b4c38cb0f3c921909d,CORE CFIHOS V2.0 CSV/CFIHOS CORE equipment class v2.0.csv,485,source_reference_record,source_reference_record_unreviewed
piping and pipeline equipment,CFIHOS-30000610,buckle initiator,A structure to control the formation of lateral buckles along a pipeline or flowline.,no,yes,BP & Chevron Tagging Specification,,real,True,sha256:a69b98012d9e4a46495a3aed48eef8ce75a69d001eaa28b4c38cb0f3c921909d,CORE CFIHOS V2.0 CSV/CFIHOS CORE equipment class v2.0.csv,486,source_reference_record,source_reference_record_unreviewed
infrastructure,CFIHOS-30000611,bund wall,"A constructed retaining wall around storage where potentially polluting substances are handled, processed or stored, for the purposes of containing any unintended escape of material from that area until such time as remedial action can be taken.",no,no,BP & Shell Tagging Specification,bunding,real,True,sha256:a69b98012d9e4a46495a3aed48eef8ce75a69d001eaa28b4c38cb0f3c921909d,CORE CFIHOS V2.0 CSV/CFIHOS CORE equipment class v2.0.csv,487,source_reference_record,source_reference_record_unreviewed
electrical equipment class,CFIHOS-30000612,bus duct,"A physical object that is an assembly of busbar, bus duct enclosure, busbar insulation mounts etc.",no,yes,"missing from CFIHOS - in other OO RDLs BP, Chevron & Shell Tagging Specification",,real,True,sha256:a69b98012d9e4a46495a3aed48eef8ce75a69d001eaa28b4c38cb0f3c921909d,CORE CFIHOS V2.0 CSV/CFIHOS CORE equipment class v2.0.csv,488,source_reference_record,source_reference_record_unreviewed
IT and telecom equipment,CFIHOS-30000613,compass,"An instrument that indicates either a) magnetic bearings by alignment of its needle on the magnetic poles, or b) reference bearing by radio signal, or c) change of orientation in relation to a gyromaintained line.",no,no,Required by owner-operators BP Tagging Specification,,real,True,sha256:a69b98012d9e4a46495a3aed48eef8ce75a69d001eaa28b4c38cb0f3c921909d,CORE CFIHOS V2.0 CSV/CFIHOS CORE equipment class v2.0.csv,489,source_reference_record,source_reference_record_unreviewed
"health, safety and environment equipment class",CFIHOS-30000614,defibrillator,An artefact that is used to control fibrillation of the heart.,no,yes,"BP, Chevron & Shell Tagging Specification",AED equipment,real,True,sha256:a69b98012d9e4a46495a3aed48eef8ce75a69d001eaa28b4c38cb0f3c921909d,CORE CFIHOS V2.0 CSV/CFIHOS CORE equipment class v2.0.csv,490,source_reference_record,source_reference_record_unreviewed
piping and pipeline equipment,CFIHOS-30000615,diverter,A 'device' that is providing diversion of something from an expected course or direction.,no,yes,BP Tagging Specification,,real,True,sha256:a69b98012d9e4a46495a3aed48eef8ce75a69d001eaa28b4c38cb0f3c921909d,CORE CFIHOS V2.0 CSV/CFIHOS CORE equipment class v2.0.csv,491,source_reference_record,source_reference_record_unreviewed
electrical equipment class,CFIHOS-30000616,electrical reactor,A physical object that provides reactance in a circuit.,no,yes,"missing from CFIHOS - in other OO RDLs BP, Chevron & Shell Tagging Specification",reactor / inductor; current limiting reactor; current limiting device,real,True,sha256:a69b98012d9e4a46495a3aed48eef8ce75a69d001eaa28b4c38cb0f3c921909d,CORE CFIHOS V2.0 CSV/CFIHOS CORE equipment class v2.0.csv,492,source_reference_record,source_reference_record_unreviewed
electrical equipment class,CFIHOS-30000617,electrical switch,A switch that turns electrical current on and/or off.,no,yes,Required by owner-operators BP Tagging Specification,,real,True,sha256:a69b98012d9e4a46495a3aed48eef8ce75a69d001eaa28b4c38cb0f3c921909d,CORE CFIHOS V2.0 CSV/CFIHOS CORE equipment class v2.0.csv,493,source_reference_record,source_reference_record_unreviewed
IT and telecom equipment,CFIHOS-30000618,emergency position indicating radio beacon,A radio beacon in the mobile service the emissions of which are intended to facilitate search and rescue operations (EPIRB).,no,no,Required by owner-operators Shell Tagging Specification,,real,True,sha256:a69b98012d9e4a46495a3aed48eef8ce75a69d001eaa28b4c38cb0f3c921909d,CORE CFIHOS V2.0 CSV/CFIHOS CORE equipment class v2.0.csv,494,source_reference_record,source_reference_record_unreviewed
wall,CFIHOS-30000619,fire wall,A wall which is also a fire divider.,no,no,BP Tagging Specification,,real,True,sha256:a69b98012d9e4a46495a3aed48eef8ce75a69d001eaa28b4c38cb0f3c921909d,CORE CFIHOS V2.0 CSV/CFIHOS CORE equipment class v2.0.csv,495,source_reference_record,source_reference_record_unreviewed
other mechanical equipment,CFIHOS-30000620,hvac duct,"A large sheet-metal duct or casing through which air is passed for forced-draught, ventilation or air-conditioning purposes.",no,yes,BP Tagging Specification,,real,True,sha256:a69b98012d9e4a46495a3aed48eef8ce75a69d001eaa28b4c38cb0f3c921909d,CORE CFIHOS V2.0 CSV/CFIHOS CORE equipment class v2.0.csv,496,source_reference_record,source_reference_record_unreviewed
lifting device,CFIHOS-30000622,lifting jack,"A lifting device, usually portable, for lifting heavy weights by force acting from below; in the commonest form, having a rack and a pinion wheel or screw and a handle turned by hand.",no,no,Required by owner-operators BP Tagging Specification,,real,True,sha256:a69b98012d9e4a46495a3aed48eef8ce75a69d001eaa28b4c38cb0f3c921909d,CORE CFIHOS V2.0 CSV/CFIHOS CORE equipment class v2.0.csv,497,source_reference_record,source_reference_record_unreviewed
switchgear and controlgear,CFIHOS-30000623,motor control centre,A switchgear and controlgear that houses motor starters to control electric motors.,no,yes,"missing from CFIHOS - in other OO RDLs BP, Chevron & Shell Tagging Specification",MCC; motor control center,real,True,sha256:a69b98012d9e4a46495a3aed48eef8ce75a69d001eaa28b4c38cb0f3c921909d,CORE CFIHOS V2.0 CSV/CFIHOS CORE equipment class v2.0.csv,498,source_reference_record,source_reference_record_unreviewed
damper,CFIHOS-30000624,pressure relief damper,A gas flow damper that is used to relieve built-up pressure in a duct system to prevent damage to HVAC equipment.,no,yes,"Required by owner-operators BP, Chevron & Shell Tagging Specification",,real,True,sha256:a69b98012d9e4a46495a3aed48eef8ce75a69d001eaa28b4c38cb0f3c921909d,CORE CFIHOS V2.0 CSV/CFIHOS CORE equipment class v2.0.csv,499,source_reference_record,source_reference_record_unreviewed
IT and telecom equipment,CFIHOS-30000626,radar,"A physical object for detecting the presence of objects at a distance, or ascertaining their position or motion, by transmitting short radio waves and detecting or measuring their return after being reflected.",no,yes,"Required by owner-operators BP, Chevron & Shell Tagging Specification",,real,True,sha256:a69b98012d9e4a46495a3aed48eef8ce75a69d001eaa28b4c38cb0f3c921909d,CORE CFIHOS V2.0 CSV/CFIHOS CORE equipment class v2.0.csv,500,source_reference_record,source_reference_record_unreviewed
IT and telecom equipment,CFIHOS-30000627,radio beacon,"A radio transmitter, usually non-directional, that emits identifiable signals intended for radio direction-finding.",no,yes,BP Tagging Specification,,real,True,sha256:a69b98012d9e4a46495a3aed48eef8ce75a69d001eaa28b4c38cb0f3c921909d,CORE CFIHOS V2.0 CSV/CFIHOS CORE equipment class v2.0.csv,501,source_reference_record,source_reference_record_unreviewed
electrical equipment class,CFIHOS-30000629,slip ring,"A ring of conducting material which is attached to and rotates with a shaft, so that the electric current may be transferred to a stationary circuit through a fixed brush pressing against it.",no,no,Required by owner-operators BP Tagging Specification,,real,True,sha256:a69b98012d9e4a46495a3aed48eef8ce75a69d001eaa28b4c38cb0f3c921909d,CORE CFIHOS V2.0 CSV/CFIHOS CORE equipment class v2.0.csv,502,source_reference_record,source_reference_record_unreviewed
mixer,CFIHOS-30000630,static mixer,A physical object that is intended to mix fluid by means of diverging the flow with static obstacles or by increasing locally the velocity.,no,yes,BP & Chevron Tagging Specification,,real,True,sha256:a69b98012d9e4a46495a3aed48eef8ce75a69d001eaa28b4c38cb0f3c921909d,CORE CFIHOS V2.0 CSV/CFIHOS CORE equipment class v2.0.csv,503,source_reference_record,source_reference_record_unreviewed
marine,CFIHOS-30000631,thruster,A physical object that includes a water jet or propeller used on vessels intended to provide a means to move the vessel sideways for maintaining the vessel's position without anchors.,no,yes,BP Tagging Specification,,real,True,sha256:a69b98012d9e4a46495a3aed48eef8ce75a69d001eaa28b4c38cb0f3c921909d,CORE CFIHOS V2.0 CSV/CFIHOS CORE equipment class v2.0.csv,504,source_reference_record,source_reference_record_unreviewed
infrastructure,CFIHOS-30000632,wall,Which is flat and typically vertical suitable for separation.,yes,no,Add to maintain hierarchy,,real,True,sha256:a69b98012d9e4a46495a3aed48eef8ce75a69d001eaa28b4c38cb0f3c921909d,CORE CFIHOS V2.0 CSV/CFIHOS CORE equipment class v2.0.csv,505,source_reference_record,source_reference_record_unreviewed
pressure relief device,CFIHOS-30000634,vacuum relief valve,A relief valve that is used for pressure compensation purposes by admitting (letting in) a pressure to prevent that vacuum is forming when filling or emptying a system.,no,yes,"Identified as part of RDL Alignment Activity BP, Chevron & TOTAL Tagging Specification",,real,True,sha256:a69b98012d9e4a46495a3aed48eef8ce75a69d001eaa28b4c38cb0f3c921909d,CORE CFIHOS V2.0 CSV/CFIHOS CORE equipment class v2.0.csv,506,source_reference_record,source_reference_record_unreviewed
valve,CFIHOS-30000636,check valve,A valve that permits fluid to flow in one direction only.,no,yes,"Added to maintain hierarchy Chevron, Shell & TOTAL Tagging Specification",,real,True,sha256:a69b98012d9e4a46495a3aed48eef8ce75a69d001eaa28b4c38cb0f3c921909d,CORE CFIHOS V2.0 CSV/CFIHOS CORE equipment class v2.0.csv,507,source_reference_record,source_reference_record_unreviewed
other mechanical equipment,CFIHOS-30000637,compensator,A device compensating for axial or radial movement between two elements that is connected.,no,no,Required by owner-operators BP Tagging Specification,heave compensator,real,True,sha256:a69b98012d9e4a46495a3aed48eef8ce75a69d001eaa28b4c38cb0f3c921909d,CORE CFIHOS V2.0 CSV/CFIHOS CORE equipment class v2.0.csv,508,source_reference_record,source_reference_record_unreviewed
valve,CFIHOS-30000638,control valve,"A valve that can be used to modify (regulate) the fluid flow rate in a process control system. It usually includes an actuator, which responds to a signal from the controlling system and changes the position of the flow controlling element in the valve.",no,no,"Identified as part of RDL Alignment Activity BP, Chevron, Shell & Total Tagging Specification",actuated modulating valve; actuated valve - control; actuated valve,real,True,sha256:a69b98012d9e4a46495a3aed48eef8ce75a69d001eaa28b4c38cb0f3c921909d,CORE CFIHOS V2.0 CSV/CFIHOS CORE equipment class v2.0.csv,509,source_reference_record,source_reference_record_unreviewed
control valve,CFIHOS-30000639,deluge valve,"A control valve that is intended to operate at high temperature, and admit water into a deluge system.",no,yes,Identified as part of RDL Alignment Activity Chevron & Shell Tagging Specification,,real,True,sha256:a69b98012d9e4a46495a3aed48eef8ce75a69d001eaa28b4c38cb0f3c921909d,CORE CFIHOS V2.0 CSV/CFIHOS CORE equipment class v2.0.csv,510,source_reference_record,source_reference_record_unreviewed
instrument equipment,CFIHOS-30000640,detector,"A physical object that is an assembly of a sensing element and necessary ancillary devices making it able of detecting a state, e.g. pressure, temperature, or detect the presence of a selected substance, and produce a signal based on the detection.",yes,no,"Owner Operator RDL Alignment BP, Chevron, Shell & Total Tagging Specification",,real,True,sha256:a69b98012d9e4a46495a3aed48eef8ce75a69d001eaa28b4c38cb0f3c921909d,CORE CFIHOS V2.0 CSV/CFIHOS CORE equipment class v2.0.csv,511,source_reference_record,source_reference_record_unreviewed
general instrument,CFIHOS-30000641,electronic circuit board,"A physical object that comprises a printed circuit board with electronic components intended for receive, process/transform and transmit electrical signals.",no,yes,BP Tagging Specification,circuit board,real,True,sha256:a69b98012d9e4a46495a3aed48eef8ce75a69d001eaa28b4c38cb0f3c921909d,CORE CFIHOS V2.0 CSV/CFIHOS CORE equipment class v2.0.csv,512,source_reference_record,source_reference_record_unreviewed
transmitter,CFIHOS-30000643,flow transmitter,A flow transmitter providing an output signal that is proportional to the flow inputs from a flow element.,no,no,"Owner Operator RDL Alignment BP, Chevron, Shell & Total Tagging Specification",,real,True,sha256:a69b98012d9e4a46495a3aed48eef8ce75a69d001eaa28b4c38cb0f3c921909d,CORE CFIHOS V2.0 CSV/CFIHOS CORE equipment class v2.0.csv,513,source_reference_record,source_reference_record_unreviewed
miscellaneous equipment,CFIHOS-30000644,galley equipment,An 'equipment class' that is a class of devices whose members normally is a part of the outfitting of a galley.,no,no,Required by owner-operators BP Tagging Specification,food processing equipment; kitchen equipment,real,True,sha256:a69b98012d9e4a46495a3aed48eef8ce75a69d001eaa28b4c38cb0f3c921909d,CORE CFIHOS V2.0 CSV/CFIHOS CORE equipment class v2.0.csv,514,source_reference_record,source_reference_record_unreviewed
transmitter,CFIHOS-30000646,level transmitter,A transmitter that produces a continuous standardized output signal dependent of a received input signal from a level sensor.,no,no,"Owner Operator RDL Alignment BP, Chevron, Shell & Total Tagging Specification",,real,True,sha256:a69b98012d9e4a46495a3aed48eef8ce75a69d001eaa28b4c38cb0f3c921909d,CORE CFIHOS V2.0 CSV/CFIHOS CORE equipment class v2.0.csv,515,source_reference_record,source_reference_record_unreviewed
valve,CFIHOS-30000649,manual valve,A valve that is regulated with hand power.,no,no,"Identified as part of RDL Alignment Activity BP, Chevron, Shell & Total Tagging Specification",hand operated valve; manual operated valve; piping valve,real,True,sha256:a69b98012d9e4a46495a3aed48eef8ce75a69d001eaa28b4c38cb0f3c921909d,CORE CFIHOS V2.0 CSV/CFIHOS CORE equipment class v2.0.csv,516,source_reference_record,source_reference_record_unreviewed
damper,CFIHOS-30000650,non-return damper,A gas flow damper that prevents back flow in a duct.,no,yes,Required by owner-operators BP & Shell Tagging Specification,,real,True,sha256:a69b98012d9e4a46495a3aed48eef8ce75a69d001eaa28b4c38cb0f3c921909d,CORE CFIHOS V2.0 CSV/CFIHOS CORE equipment class v2.0.csv,517,source_reference_record,source_reference_record_unreviewed
miscellaneous equipment,CFIHOS-30000652,physical access control equipment,"Physical access control equipment and/or systems intended to regulate or control entry into and/or exit from a controlled area, protected area or a restricted area.",no,no,Required by owner-operators BP Tagging Specification,access control turnstile,real,True,sha256:a69b98012d9e4a46495a3aed48eef8ce75a69d001eaa28b4c38cb0f3c921909d,CORE CFIHOS V2.0 CSV/CFIHOS CORE equipment class v2.0.csv,518,source_reference_record,source_reference_record_unreviewed
valve,CFIHOS-30000653,pressure relief device,A fluid regulator that relieves pressure from an enclosed space when the pressure reaches a predetermined value.,yes,no,"Identified as part of RDL Alignment Activity BP, Chevron & Shell Tagging Specification",,real,True,sha256:a69b98012d9e4a46495a3aed48eef8ce75a69d001eaa28b4c38cb0f3c921909d,CORE CFIHOS V2.0 CSV/CFIHOS CORE equipment class v2.0.csv,519,source_reference_record,source_reference_record_unreviewed
transmitter,CFIHOS-30000654,pressure transmitter,A transmitter that is producing a standardized output signal dependent of a received input signal from a pressure element.,no,no,"Owner Operator RDL Alignment BP, Chevron, Shell & Total Tagging Specification",,real,True,sha256:a69b98012d9e4a46495a3aed48eef8ce75a69d001eaa28b4c38cb0f3c921909d,CORE CFIHOS V2.0 CSV/CFIHOS CORE equipment class v2.0.csv,520,source_reference_record,source_reference_record_unreviewed
nozzle,CFIHOS-30000655,process nozzle,A nozzle intended to enable transfer of process material.,no,yes,TOTAL Tagging Specification,,real,True,sha256:a69b98012d9e4a46495a3aed48eef8ce75a69d001eaa28b4c38cb0f3c921909d,CORE CFIHOS V2.0 CSV/CFIHOS CORE equipment class v2.0.csv,521,source_reference_record,source_reference_record_unreviewed
infrastructure,CFIHOS-30000656,riser support,A support connecting a riser to a structure.,no,yes,BP Tagging Specification,riser tower,real,True,sha256:a69b98012d9e4a46495a3aed48eef8ce75a69d001eaa28b4c38cb0f3c921909d,CORE CFIHOS V2.0 CSV/CFIHOS CORE equipment class v2.0.csv,522,source_reference_record,source_reference_record_unreviewed
nozzle,CFIHOS-30000657,spray nozzle,A nozzle where liquid is introduced under pressure.,no,yes,BP & TOTAL Tagging Specification,,real,True,sha256:a69b98012d9e4a46495a3aed48eef8ce75a69d001eaa28b4c38cb0f3c921909d,CORE CFIHOS V2.0 CSV/CFIHOS CORE equipment class v2.0.csv,523,source_reference_record,source_reference_record_unreviewed
IT and telecom equipment,CFIHOS-30000658,telecom gateway,"In a communications network, a network node equipped for interfacing with another network that uses different protocols.",no,no,"Required by owner-operators BP, Shell & TOTAL Tagging Specification",media gateway,real,True,sha256:a69b98012d9e4a46495a3aed48eef8ce75a69d001eaa28b4c38cb0f3c921909d,CORE CFIHOS V2.0 CSV/CFIHOS CORE equipment class v2.0.csv,524,source_reference_record,source_reference_record_unreviewed
IT and telecom equipment,CFIHOS-30000659,termination panel,An 'artefact' intended for the termination of cables.,no,no,"Required by owner-operators BP, Chevron & TOTAL Tagging Specification",patch panel,real,True,sha256:a69b98012d9e4a46495a3aed48eef8ce75a69d001eaa28b4c38cb0f3c921909d,CORE CFIHOS V2.0 CSV/CFIHOS CORE equipment class v2.0.csv,525,source_reference_record,source_reference_record_unreviewed
class,CFIHOS-30000660,valve,"A fluid regulator that can be used to control (i.e. permit, obstruct, regulate or divert) a fluid stream.",yes,no,Added to maintain hierarchy,,real,True,sha256:a69b98012d9e4a46495a3aed48eef8ce75a69d001eaa28b4c38cb0f3c921909d,CORE CFIHOS V2.0 CSV/CFIHOS CORE equipment class v2.0.csv,526,source_reference_record,source_reference_record_unreviewed
instrument equipment,CFIHOS-30000661,transmitter,A physical object that is an element that receives a process variable signal from a sensor and converts it into an output signal.,yes,no,"Owner Operator RDL Alignment BP, Chevron, Shell & Total Tagging Specification",,real,True,sha256:a69b98012d9e4a46495a3aed48eef8ce75a69d001eaa28b4c38cb0f3c921909d,CORE CFIHOS V2.0 CSV/CFIHOS CORE equipment class v2.0.csv,527,source_reference_record,source_reference_record_unreviewed
instrument equipment,CFIHOS-30000662,flow totalizer,A totalizer that adds up flow measurements.,no,yes,Owner Operator RDL Alignment Chevron & Total Tagging Specification,,real,True,sha256:a69b98012d9e4a46495a3aed48eef8ce75a69d001eaa28b4c38cb0f3c921909d,CORE CFIHOS V2.0 CSV/CFIHOS CORE equipment class v2.0.csv,528,source_reference_record,source_reference_record_unreviewed
instrument equipment,CFIHOS-30000663,signal converter,An electric signal transducer that is intended to convert one type of standardized transmission signal into another.,no,no,"Owner Operator RDL Alignment BP, Chevron & TOTAL Tagging Specification",,real,True,sha256:a69b98012d9e4a46495a3aed48eef8ce75a69d001eaa28b4c38cb0f3c921909d,CORE CFIHOS V2.0 CSV/CFIHOS CORE equipment class v2.0.csv,529,source_reference_record,source_reference_record_unreviewed
instrument equipment,CFIHOS-30000664,orifice plate,A physical object that is a thin plate with a specified hole in the middle. It is usually placed in a pipe to measure the rate of fluid flow.,yes,no,Owner Operator RDL Alignment Hierarchy consistency,,real,True,sha256:a69b98012d9e4a46495a3aed48eef8ce75a69d001eaa28b4c38cb0f3c921909d,CORE CFIHOS V2.0 CSV/CFIHOS CORE equipment class v2.0.csv,530,source_reference_record,source_reference_record_unreviewed
instrument equipment,CFIHOS-30000665,detecting element,A physical object that is the primary element of a measuring chain which converts the input variable into a signal suitable for measurement.,yes,no,Owner Operator RDL Alignment Hierarchy consistency,instrument element; sensing element,real,True,sha256:a69b98012d9e4a46495a3aed48eef8ce75a69d001eaa28b4c38cb0f3c921909d,CORE CFIHOS V2.0 CSV/CFIHOS CORE equipment class v2.0.csv,531,source_reference_record,source_reference_record_unreviewed
instrument equipment,CFIHOS-30000666,controller,A regulator that operates automatically to affect a controlled variable by comparing the value of the controlled variable with the value of a reference variable in order to reduce the difference between them.,no,no,"Build Hierarchy BP, Chevron, Shell & Total Tagging Specification",local controller,real,True,sha256:a69b98012d9e4a46495a3aed48eef8ce75a69d001eaa28b4c38cb0f3c921909d,CORE CFIHOS V2.0 CSV/CFIHOS CORE equipment class v2.0.csv,532,source_reference_record,source_reference_record_unreviewed
class,CFIHOS-30000667,drilling equipment,Equipment intended to enable the drilling of holes. Typically in the earth for oil and/or gas production.,yes,no,hierarchy consistency,,real,True,sha256:a69b98012d9e4a46495a3aed48eef8ce75a69d001eaa28b4c38cb0f3c921909d,CORE CFIHOS V2.0 CSV/CFIHOS CORE equipment class v2.0.csv,533,source_reference_record,source_reference_record_unreviewed
drilling equipment,CFIHOS-30000670,pipe doping machine,A device that is designed for easy washing and dope application of drill pipe threads and collar threads.,no,yes,BP Tagging Specification,,real,True,sha256:a69b98012d9e4a46495a3aed48eef8ce75a69d001eaa28b4c38cb0f3c921909d,CORE CFIHOS V2.0 CSV/CFIHOS CORE equipment class v2.0.csv,534,source_reference_record,source_reference_record_unreviewed
detecting element,CFIHOS-30000671,flow element,A detecting element that is producing a signal that is proportional to a flow rate.,no,yes,Owner Operator RDL Alignment Hierarchy consistency,flow sensor,real,True,sha256:a69b98012d9e4a46495a3aed48eef8ce75a69d001eaa28b4c38cb0f3c921909d,CORE CFIHOS V2.0 CSV/CFIHOS CORE equipment class v2.0.csv,535,source_reference_record,source_reference_record_unreviewed
detecting element,CFIHOS-30000672,level element,A detecting element that is intended to determine a level.,no,no,Owner Operator RDL Alignment Hierarchy consistency,level sensor,real,True,sha256:a69b98012d9e4a46495a3aed48eef8ce75a69d001eaa28b4c38cb0f3c921909d,CORE CFIHOS V2.0 CSV/CFIHOS CORE equipment class v2.0.csv,536,source_reference_record,source_reference_record_unreviewed
detecting element,CFIHOS-30000673,pressure element,A detecting element intended to sense pressure.,no,yes,Owner Operator RDL Alignment Hierarchy consistency,pressure sensor,real,True,sha256:a69b98012d9e4a46495a3aed48eef8ce75a69d001eaa28b4c38cb0f3c921909d,CORE CFIHOS V2.0 CSV/CFIHOS CORE equipment class v2.0.csv,537,source_reference_record,source_reference_record_unreviewed
detecting element,CFIHOS-30000674,temperature element,A detecting element intended to sense temperature.,no,yes,Owner Operator RDL Alignment Hierarchy consistency,temperature sensing element,real,True,sha256:a69b98012d9e4a46495a3aed48eef8ce75a69d001eaa28b4c38cb0f3c921909d,CORE CFIHOS V2.0 CSV/CFIHOS CORE equipment class v2.0.csv,538,source_reference_record,source_reference_record_unreviewed
instrument equipment,CFIHOS-30000675,gauge,A detecting instrument that is used for measuring or testing.,yes,no,Owner Operator RDL Alignment Hierarchy consistency,,real,True,sha256:a69b98012d9e4a46495a3aed48eef8ce75a69d001eaa28b4c38cb0f3c921909d,CORE CFIHOS V2.0 CSV/CFIHOS CORE equipment class v2.0.csv,539,source_reference_record,source_reference_record_unreviewed
instrument equipment,CFIHOS-30000676,control switch,A switch intended to switch or give an on/off signal when the measured variable has reached a pre-set value.,yes,no,Owner Operator RDL Alignment Hierarchy consistency,functional switch; instrument switch,real,True,sha256:a69b98012d9e4a46495a3aed48eef8ce75a69d001eaa28b4c38cb0f3c921909d,CORE CFIHOS V2.0 CSV/CFIHOS CORE equipment class v2.0.csv,540,source_reference_record,source_reference_record_unreviewed
control switch,CFIHOS-30000677,level switch,A functional switch that is intended to give an on/off signal when particulate material or fluid level have reached a pre-set value.,no,yes,Owner Operator RDL Alignment Hierarchy consistency,,real,True,sha256:a69b98012d9e4a46495a3aed48eef8ce75a69d001eaa28b4c38cb0f3c921909d,CORE CFIHOS V2.0 CSV/CFIHOS CORE equipment class v2.0.csv,541,source_reference_record,source_reference_record_unreviewed
control switch,CFIHOS-30000678,position switch,"A pilot switch the actuating system of which is operated by a moving part of a machine, when this part reaches a predetermined position.",no,yes,Owner Operator RDL Alignment Hierarchy consistency,,real,True,sha256:a69b98012d9e4a46495a3aed48eef8ce75a69d001eaa28b4c38cb0f3c921909d,CORE CFIHOS V2.0 CSV/CFIHOS CORE equipment class v2.0.csv,542,source_reference_record,source_reference_record_unreviewed
subsea instrument equipment,CFIHOS-30000679,subsea distribution unit,"An artefact where hydraulics, chemicals, electrical power and signals are distributed from the main umbilicals to different subsea systems.",no,yes,missing from CFIHOS - in other OO RDLs BP & TOTAL Tagging Specification,subsea distribution module,real,True,sha256:a69b98012d9e4a46495a3aed48eef8ce75a69d001eaa28b4c38cb0f3c921909d,CORE CFIHOS V2.0 CSV/CFIHOS CORE equipment class v2.0.csv,543,source_reference_record,source_reference_record_unreviewed
drilling equipment,CFIHOS-30000680,iron roughneck,"An integral part of the drilling process, iron roughnecks connect and disconnect drill pipe. Whether pipe is being fed into the wellbore or it is being taken out, the iron roughneck uses a rotary table and torque wrench(es) to make up or break down pipe.",no,yes,BP Tagging Specification,,real,True,sha256:a69b98012d9e4a46495a3aed48eef8ce75a69d001eaa28b4c38cb0f3c921909d,CORE CFIHOS V2.0 CSV/CFIHOS CORE equipment class v2.0.csv,544,source_reference_record,source_reference_record_unreviewed
control valve,CFIHOS-30000681,solenoid valve,A valve that has linear action which is fitted with a solenoid for quick operation.,no,yes,"Identified as part of RDL Alignment Activity BP, Chevron, Shell & Total Tagging Specification",solenoid operated valve,real,True,sha256:a69b98012d9e4a46495a3aed48eef8ce75a69d001eaa28b4c38cb0f3c921909d,CORE CFIHOS V2.0 CSV/CFIHOS CORE equipment class v2.0.csv,545,source_reference_record,source_reference_record_unreviewed
valve,CFIHOS-30000682,self operating valve,"A valve that includes a means of operation (e.g. spring / gravity / fluid pressure / counter balance), and is not depending on an external source of energy.",no,yes,"Identified as part of RDL Alignment Activity BP, Chevron, Shell & Total Tagging Specification",self actuating valve; self acting valve; regulator; self regulating valve,real,True,sha256:a69b98012d9e4a46495a3aed48eef8ce75a69d001eaa28b4c38cb0f3c921909d,CORE CFIHOS V2.0 CSV/CFIHOS CORE equipment class v2.0.csv,546,source_reference_record,source_reference_record_unreviewed
driver,CFIHOS-30000683,engine,An internal combustion engine that is an induction compression ignition exhaust engine which ignites a fuel air mixture.,no,yes,Assist with hierarchy,,real,True,sha256:a69b98012d9e4a46495a3aed48eef8ce75a69d001eaa28b4c38cb0f3c921909d,CORE CFIHOS V2.0 CSV/CFIHOS CORE equipment class v2.0.csv,547,source_reference_record,source_reference_record_unreviewed
driver,CFIHOS-30000684,motor,A device that generates rotational kinetic energy.,yes,no,Assist with hierarchy,,real,True,sha256:a69b98012d9e4a46495a3aed48eef8ce75a69d001eaa28b4c38cb0f3c921909d,CORE CFIHOS V2.0 CSV/CFIHOS CORE equipment class v2.0.csv,548,source_reference_record,source_reference_record_unreviewed
driver,CFIHOS-30000685,turbine,A physical object that is intended to rotate within a fluid and to transform energy within a fluid into mechanical power.,no,no,Assist with hierarchy,,real,True,sha256:a69b98012d9e4a46495a3aed48eef8ce75a69d001eaa28b4c38cb0f3c921909d,CORE CFIHOS V2.0 CSV/CFIHOS CORE equipment class v2.0.csv,549,source_reference_record,source_reference_record_unreviewed
detector,CFIHOS-30000686,dust detector,"A 'detector' for measuring the velocity, mass, charge, flight direction, and number of dust particles in space.",no,yes,Requested by BP,,real,True,sha256:a69b98012d9e4a46495a3aed48eef8ce75a69d001eaa28b4c38cb0f3c921909d,CORE CFIHOS V2.0 CSV/CFIHOS CORE equipment class v2.0.csv,550,source_reference_record,source_reference_record_unreviewed
gauge,CFIHOS-30000687,level gauge,A gauge that is intended to display a representation of a measured level.,no,no,Owner Operator RDL Alignment,,real,True,sha256:a69b98012d9e4a46495a3aed48eef8ce75a69d001eaa28b4c38cb0f3c921909d,CORE CFIHOS V2.0 CSV/CFIHOS CORE equipment class v2.0.csv,551,source_reference_record,source_reference_record_unreviewed
detecting element,CFIHOS-30000688,multiphase meter,A flow meter for the metering a mixture of two or more fluid phases.,no,yes,Owner Operator RDL Alignment,,real,True,sha256:a69b98012d9e4a46495a3aed48eef8ce75a69d001eaa28b4c38cb0f3c921909d,CORE CFIHOS V2.0 CSV/CFIHOS CORE equipment class v2.0.csv,552,source_reference_record,source_reference_record_unreviewed
detector,CFIHOS-30000689,oil mist detector,A mist detector that is intended to detect oil mist.,no,yes,Owner Operator RDL Alignment,,real,True,sha256:a69b98012d9e4a46495a3aed48eef8ce75a69d001eaa28b4c38cb0f3c921909d,CORE CFIHOS V2.0 CSV/CFIHOS CORE equipment class v2.0.csv,553,source_reference_record,source_reference_record_unreviewed
control switch,CFIHOS-30000690,speed switch,A switch intended to give a on/off signal when the speed have reached a pre-set value.,no,yes,Requested by ExxonMobil as part of owner operators alignment,,real,True,sha256:a69b98012d9e4a46495a3aed48eef8ce75a69d001eaa28b4c38cb0f3c921909d,CORE CFIHOS V2.0 CSV/CFIHOS CORE equipment class v2.0.csv,554,source_reference_record,source_reference_record_unreviewed
vessel,CFIHOS-30000697,knock out drum,A drum intended to separate relatively small quantities of liquid from a vapour stream.,no,no,missing from CFIHOS - in other OO RDLs,knock out vessel; knock out pot; foam trap; defoamer tank,real,True,sha256:a69b98012d9e4a46495a3aed48eef8ce75a69d001eaa28b4c38cb0f3c921909d,CORE CFIHOS V2.0 CSV/CFIHOS CORE equipment class v2.0.csv,555,source_reference_record,source_reference_record_unreviewed
vessel,CFIHOS-30000698,separator,A 'device' intended to separate different types of substances.,no,yes,missing from CFIHOS - in other OO RDLs,,real,True,sha256:a69b98012d9e4a46495a3aed48eef8ce75a69d001eaa28b4c38cb0f3c921909d,CORE CFIHOS V2.0 CSV/CFIHOS CORE equipment class v2.0.csv,556,source_reference_record,source_reference_record_unreviewed
class,CFIHOS-30000699,subsea equipment class,An 'equipment class' that is a class whose members are used in conjunction with subsea or subaquatic installations and/or operations.,yes,no,missing from CFIHOS - in other OO RDLs,subaquatic,real,True,sha256:a69b98012d9e4a46495a3aed48eef8ce75a69d001eaa28b4c38cb0f3c921909d,CORE CFIHOS V2.0 CSV/CFIHOS CORE equipment class v2.0.csv,557,source_reference_record,source_reference_record_unreviewed
subsea equipment class,CFIHOS-30000700,subsea infrastructure,Subsea equipment class that contains classes of artefacts which are infrastructure equipment.,yes,no,missing from CFIHOS - in other OO RDLs,,real,True,sha256:a69b98012d9e4a46495a3aed48eef8ce75a69d001eaa28b4c38cb0f3c921909d,CORE CFIHOS V2.0 CSV/CFIHOS CORE equipment class v2.0.csv,558,source_reference_record,source_reference_record_unreviewed
subsea equipment class,CFIHOS-30000701,subsea instrument equipment,Subsea or subaquatic equipment class that contains classes of artefacts which are instrumentation equipment.,yes,no,missing from CFIHOS - in other OO RDLs,,real,True,sha256:a69b98012d9e4a46495a3aed48eef8ce75a69d001eaa28b4c38cb0f3c921909d,CORE CFIHOS V2.0 CSV/CFIHOS CORE equipment class v2.0.csv,559,source_reference_record,source_reference_record_unreviewed
subsea tool,CFIHOS-30000702,subsea intervention and installation tool,Device or remotely operated tool deployed by an intervention system to mate or interface with an intervention fixture.,yes,no,missing from CFIHOS - in other OO RDLs,subsea intervention tool,real,True,sha256:a69b98012d9e4a46495a3aed48eef8ce75a69d001eaa28b4c38cb0f3c921909d,CORE CFIHOS V2.0 CSV/CFIHOS CORE equipment class v2.0.csv,560,source_reference_record,source_reference_record_unreviewed
subsea equipment class,CFIHOS-30000703,subsea mechanical equipment,Subsea or subaquatic equipment class that contains classes of artefacts which are mechanical equipment.,yes,no,missing from CFIHOS - in other OO RDLs,,real,True,sha256:a69b98012d9e4a46495a3aed48eef8ce75a69d001eaa28b4c38cb0f3c921909d,CORE CFIHOS V2.0 CSV/CFIHOS CORE equipment class v2.0.csv,561,source_reference_record,source_reference_record_unreviewed
subsea infrastructure,CFIHOS-30000704,subsea structure,Subsea infrastructure class that contains classes of artefacts which are structures.,yes,no,missing from CFIHOS - in other OO RDLs,,real,True,sha256:a69b98012d9e4a46495a3aed48eef8ce75a69d001eaa28b4c38cb0f3c921909d,CORE CFIHOS V2.0 CSV/CFIHOS CORE equipment class v2.0.csv,562,source_reference_record,source_reference_record_unreviewed
subsea equipment class,CFIHOS-30000705,subsea tool,A device that is made as a tool to be used for a subsea or subaquatic purpose.,yes,no,missing from CFIHOS - in other OO RDLs,,real,True,sha256:a69b98012d9e4a46495a3aed48eef8ce75a69d001eaa28b4c38cb0f3c921909d,CORE CFIHOS V2.0 CSV/CFIHOS CORE equipment class v2.0.csv,563,source_reference_record,source_reference_record_unreviewed
subsea instrument equipment,CFIHOS-30000706,chemical injection unit,"An injection system which provides service for injection of inhibitors etc. into the process. Serves as utility for make-up purposes of water, products and when required by process.",no,yes,missing from CFIHOS - in other OO RDLs,,real,True,sha256:a69b98012d9e4a46495a3aed48eef8ce75a69d001eaa28b4c38cb0f3c921909d,CORE CFIHOS V2.0 CSV/CFIHOS CORE equipment class v2.0.csv,564,source_reference_record,source_reference_record_unreviewed
subsea instrument equipment,CFIHOS-30000707,flying lead,"Flying Leads are used to link connections between subsea structures such as manifolds, trees, Umbilical Termination Units and Subsea Distribution Units.",no,yes,missing from CFIHOS - in other OO RDLs,,real,True,sha256:a69b98012d9e4a46495a3aed48eef8ce75a69d001eaa28b4c38cb0f3c921909d,CORE CFIHOS V2.0 CSV/CFIHOS CORE equipment class v2.0.csv,565,source_reference_record,source_reference_record_unreviewed
subsea structure,CFIHOS-30000708,jacket structure,A functional unit which is consisting of a bottom founded framework structure with three or more legs.,no,yes,missing from CFIHOS - in other OO RDLs,,real,True,sha256:a69b98012d9e4a46495a3aed48eef8ce75a69d001eaa28b4c38cb0f3c921909d,CORE CFIHOS V2.0 CSV/CFIHOS CORE equipment class v2.0.csv,566,source_reference_record,source_reference_record_unreviewed
subsea structure,CFIHOS-30000709,mid-water arch,Structure used to support and restrain flexible risers.,no,yes,missing from CFIHOS - in other OO RDLs,,real,True,sha256:a69b98012d9e4a46495a3aed48eef8ce75a69d001eaa28b4c38cb0f3c921909d,CORE CFIHOS V2.0 CSV/CFIHOS CORE equipment class v2.0.csv,567,source_reference_record,source_reference_record_unreviewed
subsea instrument equipment,CFIHOS-30000710,piping purge unit,A piping system that is situated within the frame and distributes purge gas inside the frame.,no,yes,missing from CFIHOS - in other OO RDLs,,real,True,sha256:a69b98012d9e4a46495a3aed48eef8ce75a69d001eaa28b4c38cb0f3c921909d,CORE CFIHOS V2.0 CSV/CFIHOS CORE equipment class v2.0.csv,568,source_reference_record,source_reference_record_unreviewed
subsea tool,CFIHOS-30000711,sample vessel,"Container in which the sample is collected, stored, and transported to the analytical equipment.",no,yes,missing from CFIHOS - in other OO RDLs,sample cylinder,real,True,sha256:a69b98012d9e4a46495a3aed48eef8ce75a69d001eaa28b4c38cb0f3c921909d,CORE CFIHOS V2.0 CSV/CFIHOS CORE equipment class v2.0.csv,569,source_reference_record,source_reference_record_unreviewed
subsea intervention and installation tool,CFIHOS-30000712,subsea bore protector,A wear bushing that is run into and set in the wellhead or christmas tree to protect the inside wall against wear from the drill bit and drill pipe during drilling operations.,no,yes,missing from CFIHOS - in other OO RDLs,,real,True,sha256:a69b98012d9e4a46495a3aed48eef8ce75a69d001eaa28b4c38cb0f3c921909d,CORE CFIHOS V2.0 CSV/CFIHOS CORE equipment class v2.0.csv,570,source_reference_record,source_reference_record_unreviewed
subsea instrument equipment,CFIHOS-30000713,subsea distributed temperature sensing fiber optic pod,A 'fibre optic pod' for use in a Distributed Temperature Sensing (DTS) system.,no,yes,missing from CFIHOS - in other OO RDLs,,real,True,sha256:a69b98012d9e4a46495a3aed48eef8ce75a69d001eaa28b4c38cb0f3c921909d,CORE CFIHOS V2.0 CSV/CFIHOS CORE equipment class v2.0.csv,571,source_reference_record,source_reference_record_unreviewed
subsea mechanical equipment,CFIHOS-30000714,subsea flexible flowline,"Flexible pipe, wholly or in part, resting on the seafloor or buried below the seafloor, and used in a static application.",no,no,missing from CFIHOS - in other OO RDLs,,real,True,sha256:a69b98012d9e4a46495a3aed48eef8ce75a69d001eaa28b4c38cb0f3c921909d,CORE CFIHOS V2.0 CSV/CFIHOS CORE equipment class v2.0.csv,572,source_reference_record,source_reference_record_unreviewed
subsea intervention and installation tool,CFIHOS-30000715,subsea hanger recovery,Tools or devices that enable the installation and/or retrieval of a subsea casing hanger.,no,yes,missing from CFIHOS - in other OO RDLs,,real,True,sha256:a69b98012d9e4a46495a3aed48eef8ce75a69d001eaa28b4c38cb0f3c921909d,CORE CFIHOS V2.0 CSV/CFIHOS CORE equipment class v2.0.csv,573,source_reference_record,source_reference_record_unreviewed
subsea infrastructure,CFIHOS-30000716,subsea hang-off and pull assembly,Assembly used to attach umbilicals to host structure.,no,yes,missing from CFIHOS - in other OO RDLs,,real,True,sha256:a69b98012d9e4a46495a3aed48eef8ce75a69d001eaa28b4c38cb0f3c921909d,CORE CFIHOS V2.0 CSV/CFIHOS CORE equipment class v2.0.csv,574,source_reference_record,source_reference_record_unreviewed
subsea intervention and installation tool,CFIHOS-30000717,subsea installation workover control,"System that controls and monitors the deployment, the operation and the retrieval of subsea production equipment and is used during installation, workover, and intervention of a single subsea tree from a moored or dynamically positioned deepwater mobile offshore drilling unit (MODU) or multi-service vessel (MSV).",no,yes,missing from CFIHOS - in other OO RDLs,,real,True,sha256:a69b98012d9e4a46495a3aed48eef8ce75a69d001eaa28b4c38cb0f3c921909d,CORE CFIHOS V2.0 CSV/CFIHOS CORE equipment class v2.0.csv,575,source_reference_record,source_reference_record_unreviewed
subsea mechanical equipment,CFIHOS-30000718,subsea jumper,An artefact for connecting a well or a manifold to a subsea flowline.,no,yes,missing from CFIHOS - in other OO RDLs,,real,True,sha256:a69b98012d9e4a46495a3aed48eef8ce75a69d001eaa28b4c38cb0f3c921909d,CORE CFIHOS V2.0 CSV/CFIHOS CORE equipment class v2.0.csv,576,source_reference_record,source_reference_record_unreviewed
subsea structure,CFIHOS-30000719,subsea manifold support frame,A frame that is a structural framework to provide strength and protection for a subsea manifold.,no,yes,missing from CFIHOS - in other OO RDLs,,real,True,sha256:a69b98012d9e4a46495a3aed48eef8ce75a69d001eaa28b4c38cb0f3c921909d,CORE CFIHOS V2.0 CSV/CFIHOS CORE equipment class v2.0.csv,577,source_reference_record,source_reference_record_unreviewed
subsea infrastructure,CFIHOS-30000720,subsea mudmat,A device intended to prevent excessive jacket penetration into the soil.,no,yes,missing from CFIHOS - in other OO RDLs,,real,True,sha256:a69b98012d9e4a46495a3aed48eef8ce75a69d001eaa28b4c38cb0f3c921909d,CORE CFIHOS V2.0 CSV/CFIHOS CORE equipment class v2.0.csv,578,source_reference_record,source_reference_record_unreviewed
subsea structure,CFIHOS-30000721,subsea pipeline crossing support,A pipeline crossing which is subsea and located above or below a specific object or geographic feature.,no,yes,missing from CFIHOS - in other OO RDLs,,real,True,sha256:a69b98012d9e4a46495a3aed48eef8ce75a69d001eaa28b4c38cb0f3c921909d,CORE CFIHOS V2.0 CSV/CFIHOS CORE equipment class v2.0.csv,579,source_reference_record,source_reference_record_unreviewed
subsea structure,CFIHOS-30000722,subsea protection structure,"The protection structure that covers the subsea equipment (template, manifold, trees, etc. ) to protect the equipment from third party damages as e.g. dropped objects, anchors or trawl equipment.",no,yes,missing from CFIHOS - in other OO RDLs,,real,True,sha256:a69b98012d9e4a46495a3aed48eef8ce75a69d001eaa28b4c38cb0f3c921909d,CORE CFIHOS V2.0 CSV/CFIHOS CORE equipment class v2.0.csv,580,source_reference_record,source_reference_record_unreviewed
subsea tool,CFIHOS-30000723,subsea remote operated tool,"Dedicated, unmanned, subsea or subaquatic tools used for installation and inspection, maintenance, and repair (IMR) tasks that require a handling capacity beyond that of free-swimming ROV systems.",no,yes,missing from CFIHOS - in other OO RDLs,,real,True,sha256:a69b98012d9e4a46495a3aed48eef8ce75a69d001eaa28b4c38cb0f3c921909d,CORE CFIHOS V2.0 CSV/CFIHOS CORE equipment class v2.0.csv,581,source_reference_record,source_reference_record_unreviewed
subsea tool,CFIHOS-30000724,subsea remotely operated vehicle,A submarine or subaquatic ROV which is a nearly neutral buoyancy submarine that is manipulated from a surface platform by an umbilical.,no,yes,missing from CFIHOS - in other OO RDLs,,real,True,sha256:a69b98012d9e4a46495a3aed48eef8ce75a69d001eaa28b4c38cb0f3c921909d,CORE CFIHOS V2.0 CSV/CFIHOS CORE equipment class v2.0.csv,582,source_reference_record,source_reference_record_unreviewed
subsea instrument equipment,CFIHOS-30000725,subsea umbilical,An umbilical for subsea or subaquatic use between a surface platform and subaquatic equipment or installation.,no,yes,missing from CFIHOS - in other OO RDLs,,real,True,sha256:a69b98012d9e4a46495a3aed48eef8ce75a69d001eaa28b4c38cb0f3c921909d,CORE CFIHOS V2.0 CSV/CFIHOS CORE equipment class v2.0.csv,583,source_reference_record,source_reference_record_unreviewed
subsea instrument equipment,CFIHOS-30000726,umbilical termination assembly,"A termination head for a umbilical, having means for aligning fluid, electrical and optical lines to a mating assembly.",no,yes,missing from CFIHOS - in other OO RDLs,,real,True,sha256:a69b98012d9e4a46495a3aed48eef8ce75a69d001eaa28b4c38cb0f3c921909d,CORE CFIHOS V2.0 CSV/CFIHOS CORE equipment class v2.0.csv,584,source_reference_record,source_reference_record_unreviewed
electrical equipment class,CFIHOS-30000727,electrical isolator,An isolator that isolates electrical conductors.,no,yes,missing from CFIHOS - in other OO RDLs,,real,True,sha256:a69b98012d9e4a46495a3aed48eef8ce75a69d001eaa28b4c38cb0f3c921909d,CORE CFIHOS V2.0 CSV/CFIHOS CORE equipment class v2.0.csv,585,source_reference_record,source_reference_record_unreviewed
relay,CFIHOS-30000728,protection relay,"A measuring relay that, either solely or in combination with other relays, is a constituent of a protection equipment.",no,yes,missing from CFIHOS - in other OO RDLs,protective relay,real,True,sha256:a69b98012d9e4a46495a3aed48eef8ce75a69d001eaa28b4c38cb0f3c921909d,CORE CFIHOS V2.0 CSV/CFIHOS CORE equipment class v2.0.csv,586,source_reference_record,source_reference_record_unreviewed
switchgear and controlgear,CFIHOS-30000729,ring main unit,"A physical object that is a totally sealed, gas-insulated compact switchgear unit. The primary switching devices can be either switch disconnectors or fused switch disconnectors or circuit breakers.",no,yes,missing from CFIHOS - in other OO RDLs,electrical ring main unit,real,True,sha256:a69b98012d9e4a46495a3aed48eef8ce75a69d001eaa28b4c38cb0f3c921909d,CORE CFIHOS V2.0 CSV/CFIHOS CORE equipment class v2.0.csv,587,source_reference_record,source_reference_record_unreviewed
electrical equipment class,CFIHOS-30000731,automatic switching equipment,A physical object that is automatic and designed to initiate the operation of circuit-breakers and/or disconnectors in a substation according to a specific programme.,no,yes,missing from CFIHOS - in other OO RDLs,transfer switch; ATS; electrical transfer switch,real,True,sha256:a69b98012d9e4a46495a3aed48eef8ce75a69d001eaa28b4c38cb0f3c921909d,CORE CFIHOS V2.0 CSV/CFIHOS CORE equipment class v2.0.csv,588,source_reference_record,source_reference_record_unreviewed
electrical equipment class,CFIHOS-30000732,surge protection,A physical object that is protecting against a large but momentary increase in the voltage of an electric circuit.,no,yes,missing from CFIHOS - in other OO RDLs,surge arrestor; lightning arrestor; surge protection device,real,True,sha256:a69b98012d9e4a46495a3aed48eef8ce75a69d001eaa28b4c38cb0f3c921909d,CORE CFIHOS V2.0 CSV/CFIHOS CORE equipment class v2.0.csv,589,source_reference_record,source_reference_record_unreviewed
electrical equipment class,CFIHOS-30000733,capacitor,A physical object that stores electricity during part of an operation.,no,yes,missing from CFIHOS - in other OO RDLs,,real,True,sha256:a69b98012d9e4a46495a3aed48eef8ce75a69d001eaa28b4c38cb0f3c921909d,CORE CFIHOS V2.0 CSV/CFIHOS CORE equipment class v2.0.csv,590,source_reference_record,source_reference_record_unreviewed
electrical equipment class,CFIHOS-30000734,electrical connector,A connector for holding two parts of a conductor in intimate contact.,no,yes,missing from CFIHOS - in other OO RDLs,,real,True,sha256:a69b98012d9e4a46495a3aed48eef8ce75a69d001eaa28b4c38cb0f3c921909d,CORE CFIHOS V2.0 CSV/CFIHOS CORE equipment class v2.0.csv,591,source_reference_record,source_reference_record_unreviewed
electrical equipment class,CFIHOS-30000735,electrical distribution unit,An electrical conductor that has several power distribution points.,no,yes,missing from CFIHOS - in other OO RDLs,distributer frame; distribution frame,real,True,sha256:a69b98012d9e4a46495a3aed48eef8ce75a69d001eaa28b4c38cb0f3c921909d,CORE CFIHOS V2.0 CSV/CFIHOS CORE equipment class v2.0.csv,592,source_reference_record,source_reference_record_unreviewed
subsea instrument equipment,CFIHOS-30000736,subsea control module,A control module that is used to control a subsea production system.,no,no,Required by owner-operators,,real,True,sha256:a69b98012d9e4a46495a3aed48eef8ce75a69d001eaa28b4c38cb0f3c921909d,CORE CFIHOS V2.0 CSV/CFIHOS CORE equipment class v2.0.csv,593,source_reference_record,source_reference_record_unreviewed
subsea structure,CFIHOS-30000737,subsea guide base,A subsea fixed structure supporting a wellhead.,no,yes,Required by owner-operators,,real,True,sha256:a69b98012d9e4a46495a3aed48eef8ce75a69d001eaa28b4c38cb0f3c921909d,CORE CFIHOS V2.0 CSV/CFIHOS CORE equipment class v2.0.csv,594,source_reference_record,source_reference_record_unreviewed
control valve,CFIHOS-30000738,motor operated valve,An operated valve that is opened and closed with a motor.,no,yes,Required by owner-operators,,real,True,sha256:a69b98012d9e4a46495a3aed48eef8ce75a69d001eaa28b4c38cb0f3c921909d,CORE CFIHOS V2.0 CSV/CFIHOS CORE equipment class v2.0.csv,595,source_reference_record,source_reference_record_unreviewed
other mechanical equipment,CFIHOS-30000739,shear ram,"A shear valve is a ram-type BOP, similar in operation to a gate valve, but uses a pair of opposing steel plungers, rams. The rams extend toward the centre of the wellbore to restrict flow or retract open in order to permit flow.",no,no,Required by owner-operators,,real,True,sha256:a69b98012d9e4a46495a3aed48eef8ce75a69d001eaa28b4c38cb0f3c921909d,CORE CFIHOS V2.0 CSV/CFIHOS CORE equipment class v2.0.csv,596,source_reference_record,source_reference_record_unreviewed
electrical equipment class,CFIHOS-30000740,solar panel,A panel and a photovoltaic module whose main parts are solar cells.,no,yes,Required by owner-operators,,real,True,sha256:a69b98012d9e4a46495a3aed48eef8ce75a69d001eaa28b4c38cb0f3c921909d,CORE CFIHOS V2.0 CSV/CFIHOS CORE equipment class v2.0.csv,597,source_reference_record,source_reference_record_unreviewed
electrical equipment class,CFIHOS-30000741,cold storage unit,"An artefact and a cooling appliance comprising a thermally insulated compartment and a heat pump-chemical or mechanical means-to transfer heat from it to the external environment, cooling the contents to a temperature below ambient.",no,yes,Required by owner-operators,,real,True,sha256:a69b98012d9e4a46495a3aed48eef8ce75a69d001eaa28b4c38cb0f3c921909d,CORE CFIHOS V2.0 CSV/CFIHOS CORE equipment class v2.0.csv,598,source_reference_record,source_reference_record_unreviewed
general instrument,CFIHOS-30000742,calorimeter,Intended to measure quantities of absorbed or evolved heat or to determine specific heats.,no,yes,Required by owner-operators,,real,True,sha256:a69b98012d9e4a46495a3aed48eef8ce75a69d001eaa28b4c38cb0f3c921909d,CORE CFIHOS V2.0 CSV/CFIHOS CORE equipment class v2.0.csv,599,source_reference_record,source_reference_record_unreviewed
general instrument,CFIHOS-30000743,frequency generator,A device that generates an electrical signal of a specified frequency.,no,yes,Required by owner-operators,,real,True,sha256:a69b98012d9e4a46495a3aed48eef8ce75a69d001eaa28b4c38cb0f3c921909d,CORE CFIHOS V2.0 CSV/CFIHOS CORE equipment class v2.0.csv,600,source_reference_record,source_reference_record_unreviewed
general instrument,CFIHOS-30000744,siren,An acoustic device producing a loud sound as a signal or warning.,no,yes,Required by owner-operators,,real,True,sha256:a69b98012d9e4a46495a3aed48eef8ce75a69d001eaa28b4c38cb0f3c921909d,CORE CFIHOS V2.0 CSV/CFIHOS CORE equipment class v2.0.csv,601,source_reference_record,source_reference_record_unreviewed
general instrument,CFIHOS-30000745,current transformer,"An instrument transformer in which the secondary current, in normal conditions of use, is substantially proportional to the primary current and differs in phase from it by an angle which is approximately zero for an appropriate direction of the connections.",no,yes,Required by owner-operators,,real,True,sha256:a69b98012d9e4a46495a3aed48eef8ce75a69d001eaa28b4c38cb0f3c921909d,CORE CFIHOS V2.0 CSV/CFIHOS CORE equipment class v2.0.csv,602,source_reference_record,source_reference_record_unreviewed
general instrument,CFIHOS-30000746,voltage transformer,"An instrument transformer in which the secondary voltage, in normal conditions of use, is substantially proportional to the primary voltage and differs in phase from it by an angle which is approximately zero for an appropriate direction of the connections.",no,yes,Required by owner-operators,,real,True,sha256:a69b98012d9e4a46495a3aed48eef8ce75a69d001eaa28b4c38cb0f3c921909d,CORE CFIHOS V2.0 CSV/CFIHOS CORE equipment class v2.0.csv,603,source_reference_record,source_reference_record_unreviewed
general instrument,CFIHOS-30000747,alarm unit,A physical object that is intended to process and annunciate alarms.,no,yes,Required by owner-operators,,real,True,sha256:a69b98012d9e4a46495a3aed48eef8ce75a69d001eaa28b4c38cb0f3c921909d,CORE CFIHOS V2.0 CSV/CFIHOS CORE equipment class v2.0.csv,604,source_reference_record,source_reference_record_unreviewed
general instrument,CFIHOS-30000748,flow computer,A computer that is specially designed and programme to calculate flow and to correct for external influence.,no,yes,Required by owner-operators,,real,True,sha256:a69b98012d9e4a46495a3aed48eef8ce75a69d001eaa28b4c38cb0f3c921909d,CORE CFIHOS V2.0 CSV/CFIHOS CORE equipment class v2.0.csv,605,source_reference_record,source_reference_record_unreviewed
general instrument,CFIHOS-30000749,sight glass,A physical object that is transparent and intended for viewing a vessel or piping system interior.,no,no,Required by owner-operators,,real,True,sha256:a69b98012d9e4a46495a3aed48eef8ce75a69d001eaa28b4c38cb0f3c921909d,CORE CFIHOS V2.0 CSV/CFIHOS CORE equipment class v2.0.csv,606,source_reference_record,source_reference_record_unreviewed
detecting element,CFIHOS-30000750,rotational speed element,A detecting element that is intended to sense rotational speed.,no,yes,Required by owner-operators,rotational speed sensor,real,True,sha256:a69b98012d9e4a46495a3aed48eef8ce75a69d001eaa28b4c38cb0f3c921909d,CORE CFIHOS V2.0 CSV/CFIHOS CORE equipment class v2.0.csv,607,source_reference_record,source_reference_record_unreviewed
transmitter,CFIHOS-30000751,corrosion transmitter,A transmitter that is producing a standardized output signal dependent of a received input signal from a corrosion sensor.,no,yes,Required by owner-operators,,real,True,sha256:a69b98012d9e4a46495a3aed48eef8ce75a69d001eaa28b4c38cb0f3c921909d,CORE CFIHOS V2.0 CSV/CFIHOS CORE equipment class v2.0.csv,608,source_reference_record,source_reference_record_unreviewed
heat exchanger,CFIHOS-30000752,plate heat exchanger,A heat exchanger using plates as the device for separating the two fluids and across which the energy is transferred.,no,yes,Required by owner-operators,plate and frame heat exchanger,real,True,sha256:a69b98012d9e4a46495a3aed48eef8ce75a69d001eaa28b4c38cb0f3c921909d,CORE CFIHOS V2.0 CSV/CFIHOS CORE equipment class v2.0.csv,609,source_reference_record,source_reference_record_unreviewed
heat exchanger,CFIHOS-30000754,printed circuit heat exchanger,A non-corrugated plate heat exchanger that has flat plates with chemically etched flow passages which are diffusion bonded together into blocks.,no,yes,Required by owner-operators,,real,True,sha256:a69b98012d9e4a46495a3aed48eef8ce75a69d001eaa28b4c38cb0f3c921909d,CORE CFIHOS V2.0 CSV/CFIHOS CORE equipment class v2.0.csv,610,source_reference_record,source_reference_record_unreviewed
heat exchanger,CFIHOS-30000755,shell and tube heat exchanger,A tubular heat exchanger in which a tube bundle is surrounded by a shell.,no,yes,Required by owner-operators,,real,True,sha256:a69b98012d9e4a46495a3aed48eef8ce75a69d001eaa28b4c38cb0f3c921909d,CORE CFIHOS V2.0 CSV/CFIHOS CORE equipment class v2.0.csv,611,source_reference_record,source_reference_record_unreviewed
heat exchanger,CFIHOS-30000756,kettle reboiler,"A reboiler often boils liquid coming from the bottom of a distillation column, after which the resulting vapour is returned to the distillation column.",no,yes,missing from CFIHOS - in other OO RDLs Required by owner-operators,,real,True,sha256:a69b98012d9e4a46495a3aed48eef8ce75a69d001eaa28b4c38cb0f3c921909d,CORE CFIHOS V2.0 CSV/CFIHOS CORE equipment class v2.0.csv,612,source_reference_record,source_reference_record_unreviewed
vessel,CFIHOS-30000757,pneumatic cylinder,A cylinder where the piston is actuated by compressed air.,no,yes,Required by owner-operators,,real,True,sha256:a69b98012d9e4a46495a3aed48eef8ce75a69d001eaa28b4c38cb0f3c921909d,CORE CFIHOS V2.0 CSV/CFIHOS CORE equipment class v2.0.csv,613,source_reference_record,source_reference_record_unreviewed
vessel,CFIHOS-30000758,process reactor,A vessel intended to enable a chemical reaction process.,no,yes,Required by owner-operators,,real,True,sha256:a69b98012d9e4a46495a3aed48eef8ce75a69d001eaa28b4c38cb0f3c921909d,CORE CFIHOS V2.0 CSV/CFIHOS CORE equipment class v2.0.csv,614,source_reference_record,source_reference_record_unreviewed
vessel,CFIHOS-30000759,hopper,A vessel with a conical shape for filling or dosing purposes.,no,yes,Required by owner-operators,,real,True,sha256:a69b98012d9e4a46495a3aed48eef8ce75a69d001eaa28b4c38cb0f3c921909d,CORE CFIHOS V2.0 CSV/CFIHOS CORE equipment class v2.0.csv,615,source_reference_record,source_reference_record_unreviewed
process column,CFIHOS-30000800,absorber column,A column in which a gas mixture is contacted with a liquid for the purpose of preferentially dissolving one or more components of the gas mixture and to provide a solution of them in the liquid.,no,yes,missing from CFIHOS - in other OO RDLs,,real,True,sha256:a69b98012d9e4a46495a3aed48eef8ce75a69d001eaa28b4c38cb0f3c921909d,CORE CFIHOS V2.0 CSV/CFIHOS CORE equipment class v2.0.csv,616,source_reference_record,source_reference_record_unreviewed
electrical connector,CFIHOS-30000801,adaptor connector,An electrical connector that is a fixed or free component that permits electrical connection(s) between two or more connectors where direct connection is mechanically impossible.,no,yes,missing from CFIHOS - in other OO RDLs,,real,True,sha256:a69b98012d9e4a46495a3aed48eef8ce75a69d001eaa28b4c38cb0f3c921909d,CORE CFIHOS V2.0 CSV/CFIHOS CORE equipment class v2.0.csv,617,source_reference_record,source_reference_record_unreviewed
process column,CFIHOS-30000802,adsorber column,A physical fluid separator that is based on the principle of attraction exhibited by the surface of a solid for a liquid or a gas when they are in contact.,no,yes,missing from CFIHOS - in other OO RDLs,,real,True,sha256:a69b98012d9e4a46495a3aed48eef8ce75a69d001eaa28b4c38cb0f3c921909d,CORE CFIHOS V2.0 CSV/CFIHOS CORE equipment class v2.0.csv,618,source_reference_record,source_reference_record_unreviewed
circuit-breaker,CFIHOS-30000803,air circuit-breaker,A circuit-breaker in which the contacts open and close in air at atmospheric pressure.,no,yes,missing from CFIHOS - in other OO RDLs,,real,True,sha256:a69b98012d9e4a46495a3aed48eef8ce75a69d001eaa28b4c38cb0f3c921909d,CORE CFIHOS V2.0 CSV/CFIHOS CORE equipment class v2.0.csv,619,source_reference_record,source_reference_record_unreviewed
electric generator,CFIHOS-30000804,alternating current generator,An electric generator for the production of alternating current and voltage.,no,yes,BP Tagging Specification,AC electric generator; AC generator,real,True,sha256:a69b98012d9e4a46495a3aed48eef8ce75a69d001eaa28b4c38cb0f3c921909d,CORE CFIHOS V2.0 CSV/CFIHOS CORE equipment class v2.0.csv,620,source_reference_record,source_reference_record_unreviewed
electric motor,CFIHOS-30000805,alternating current motor,An electric motor driven by alternating electric current.,no,yes,BP Tagging Specification,AC electric motor;AC induction electric motor;AC synchronous electric motor,real,True,sha256:a69b98012d9e4a46495a3aed48eef8ce75a69d001eaa28b4c38cb0f3c921909d,CORE CFIHOS V2.0 CSV/CFIHOS CORE equipment class v2.0.csv,621,source_reference_record,source_reference_record_unreviewed
control valve,CFIHOS-30000806,ball control valve,A ball valve that is equipped with an actuator that manipulates a stream of fluid in the response to a signal from an external sensing element and with input of energy from an external source.,no,yes,Identified as part of RDL Alignment Activity,actuated ball valve,real,True,sha256:a69b98012d9e4a46495a3aed48eef8ce75a69d001eaa28b4c38cb0f3c921909d,CORE CFIHOS V2.0 CSV/CFIHOS CORE equipment class v2.0.csv,622,source_reference_record,source_reference_record_unreviewed
manual valve,CFIHOS-30000807,ball valve,A rotary valve that has a ball closure member.,no,yes,Identified as part of RDL Alignment Activity,,real,True,sha256:a69b98012d9e4a46495a3aed48eef8ce75a69d001eaa28b4c38cb0f3c921909d,CORE CFIHOS V2.0 CSV/CFIHOS CORE equipment class v2.0.csv,623,source_reference_record,source_reference_record_unreviewed
manual valve,CFIHOS-30000808,block and bleed valve,"A valve that has one seat which provides a seal, and a bleeder line and valve that are tapped into the block valve's bonnet.",no,yes,Identified as part of RDL Alignment Activity,,real,True,sha256:a69b98012d9e4a46495a3aed48eef8ce75a69d001eaa28b4c38cb0f3c921909d,CORE CFIHOS V2.0 CSV/CFIHOS CORE equipment class v2.0.csv,624,source_reference_record,source_reference_record_unreviewed
control valve,CFIHOS-30000809,butterfly control valve,A butterfly valve that is equipped with an actuator that manipulates a stream of fluid in the response to a signal from an external sensing element and with input of energy from an external source.,no,yes,Identified as part of RDL Alignment Activity,actuated butterfly valve,real,True,sha256:a69b98012d9e4a46495a3aed48eef8ce75a69d001eaa28b4c38cb0f3c921909d,CORE CFIHOS V2.0 CSV/CFIHOS CORE equipment class v2.0.csv,625,source_reference_record,source_reference_record_unreviewed
manual valve,CFIHOS-30000810,butterfly valve,"A rotary valve that has a closure member of a disc type with a shaft parallel, or near parallel, to the plane of the disc, with an axis of rotation transverse to the flow direction.",no,yes,Identified as part of RDL Alignment Activity,,real,True,sha256:a69b98012d9e4a46495a3aed48eef8ce75a69d001eaa28b4c38cb0f3c921909d,CORE CFIHOS V2.0 CSV/CFIHOS CORE equipment class v2.0.csv,626,source_reference_record,source_reference_record_unreviewed
control valve,CFIHOS-30000811,choke control valve,A choke valve that is equipped with an actuator that manipulates a stream of fluid in the response to a signal from an external sensing element and with input of energy from an external source.,no,yes,Identified as part of RDL Alignment Activity,actuated choke valve,real,True,sha256:a69b98012d9e4a46495a3aed48eef8ce75a69d001eaa28b4c38cb0f3c921909d,CORE CFIHOS V2.0 CSV/CFIHOS CORE equipment class v2.0.csv,627,source_reference_record,source_reference_record_unreviewed
manual valve,CFIHOS-30000812,choke valve,"A valve that can be used to obstruct the fluid passing inside, and has the ability to reduce the pressure from the inlet port to the outlet port.",no,yes,Identified as part of RDL Alignment Activity,,real,True,sha256:a69b98012d9e4a46495a3aed48eef8ce75a69d001eaa28b4c38cb0f3c921909d,CORE CFIHOS V2.0 CSV/CFIHOS CORE equipment class v2.0.csv,628,source_reference_record,source_reference_record_unreviewed
analysing instrument,CFIHOS-30000813,chromatograph,An analysing instrument that applies the principle of chromatography to analyse the molecular composition of a substance.,yes,no,Owner Operator RDL Alignment,,real,True,sha256:a69b98012d9e4a46495a3aed48eef8ce75a69d001eaa28b4c38cb0f3c921909d,CORE CFIHOS V2.0 CSV/CFIHOS CORE equipment class v2.0.csv,629,source_reference_record,source_reference_record_unreviewed
process column,CFIHOS-30000814,contactor column,A pressure vessel with internal packing intended to effect the main stream by introducing counter flow of a regenerative liquid or gas. Dehydration of gas by use of glycol is a typical application.,no,yes,missing from CFIHOS - in other OO RDLs,,real,True,sha256:a69b98012d9e4a46495a3aed48eef8ce75a69d001eaa28b4c38cb0f3c921909d,CORE CFIHOS V2.0 CSV/CFIHOS CORE equipment class v2.0.csv,630,source_reference_record,source_reference_record_unreviewed
relief valve,CFIHOS-30000815,conventional relief valve,A pressure relief valve that has its closing force provided by a spring.,no,yes,Identified as part of RDL Alignment Activity,conventional pressure safety valve,real,True,sha256:a69b98012d9e4a46495a3aed48eef8ce75a69d001eaa28b4c38cb0f3c921909d,CORE CFIHOS V2.0 CSV/CFIHOS CORE equipment class v2.0.csv,631,source_reference_record,source_reference_record_unreviewed
control valve,CFIHOS-30000817,diaphragm control valve,A diaphragm valve that is equipped with an actuator that manipulates a stream of fluid in the response to a signal from an external sensing element and with input of energy from an external source.,no,yes,Identified as part of RDL Alignment Activity,actuated diaphragm valve,real,True,sha256:a69b98012d9e4a46495a3aed48eef8ce75a69d001eaa28b4c38cb0f3c921909d,CORE CFIHOS V2.0 CSV/CFIHOS CORE equipment class v2.0.csv,632,source_reference_record,source_reference_record_unreviewed
manual valve,CFIHOS-30000818,diaphragm valve,A membrane valve that is a membrane valve where the closure member is a resilient diaphragm being forced against a port.,no,yes,Identified as part of RDL Alignment Activity,,real,True,sha256:a69b98012d9e4a46495a3aed48eef8ce75a69d001eaa28b4c38cb0f3c921909d,CORE CFIHOS V2.0 CSV/CFIHOS CORE equipment class v2.0.csv,633,source_reference_record,source_reference_record_unreviewed
electric generator,CFIHOS-30000819,direct current generator,An electric generator for the production of direct current and voltage.,no,yes,BP Tagging Specification,DC electric generator; DC generator,real,True,sha256:a69b98012d9e4a46495a3aed48eef8ce75a69d001eaa28b4c38cb0f3c921909d,CORE CFIHOS V2.0 CSV/CFIHOS CORE equipment class v2.0.csv,634,source_reference_record,source_reference_record_unreviewed
electric motor,CFIHOS-30000820,direct current motor,An electric motor for operation by direct current.,no,yes,BP Tagging Specification,DC electric motor,real,True,sha256:a69b98012d9e4a46495a3aed48eef8ce75a69d001eaa28b4c38cb0f3c921909d,CORE CFIHOS V2.0 CSV/CFIHOS CORE equipment class v2.0.csv,635,source_reference_record,source_reference_record_unreviewed
process column,CFIHOS-30000821,distillation column,A process column intended to enable a distillation process.,no,yes,missing from CFIHOS - in other OO RDLs,,real,True,sha256:a69b98012d9e4a46495a3aed48eef8ce75a69d001eaa28b4c38cb0f3c921909d,CORE CFIHOS V2.0 CSV/CFIHOS CORE equipment class v2.0.csv,636,source_reference_record,source_reference_record_unreviewed
manual valve,CFIHOS-30000822,double block and bleed valve,"A block and bleed valve that is incorporating two seats, each of which provides a seal, and a means of venting the space between the seats. The seats may isolate with the pressure differential acting in the same or in opposite directions depending on the design.",no,yes,Identified as part of RDL Alignment Activity,,real,True,sha256:a69b98012d9e4a46495a3aed48eef8ce75a69d001eaa28b4c38cb0f3c921909d,CORE CFIHOS V2.0 CSV/CFIHOS CORE equipment class v2.0.csv,637,source_reference_record,source_reference_record_unreviewed
transformer,CFIHOS-30000823,dry transformer,A power transformer of which the magnetic circuit and windings are not immersed in an insulating liquid.,no,yes,missing from CFIHOS - in other OO RDLs,,real,True,sha256:a69b98012d9e4a46495a3aed48eef8ce75a69d001eaa28b4c38cb0f3c921909d,CORE CFIHOS V2.0 CSV/CFIHOS CORE equipment class v2.0.csv,638,source_reference_record,source_reference_record_unreviewed
control valve,CFIHOS-30000824,eccentric rotating disc control valve,"A control valve that uses a rotating disc as closing element, and with a design that causes the disc to take a slightly eccentric path during actuation.",no,yes,Identified as part of RDL Alignment Activity,actuated eccentric rotating disc valve,real,True,sha256:a69b98012d9e4a46495a3aed48eef8ce75a69d001eaa28b4c38cb0f3c921909d,CORE CFIHOS V2.0 CSV/CFIHOS CORE equipment class v2.0.csv,639,source_reference_record,source_reference_record_unreviewed
manual valve,CFIHOS-30000825,eccentric rotating disc valve,A valve that has a closing member which is an eccentric rotating disc.,no,yes,Identified as part of RDL Alignment Activity,,real,True,sha256:a69b98012d9e4a46495a3aed48eef8ce75a69d001eaa28b4c38cb0f3c921909d,CORE CFIHOS V2.0 CSV/CFIHOS CORE equipment class v2.0.csv,640,source_reference_record,source_reference_record_unreviewed
piping purge unit,CFIHOS-30000826,electric piping purge unit,An electrically controlled piping system that is situated within the frame and distributes purge gas inside the frame.,no,yes,missing from CFIHOS - in other OO RDLs,,real,True,sha256:a69b98012d9e4a46495a3aed48eef8ce75a69d001eaa28b4c38cb0f3c921909d,CORE CFIHOS V2.0 CSV/CFIHOS CORE equipment class v2.0.csv,641,source_reference_record,source_reference_record_unreviewed
heat exchanger,CFIHOS-30000827,finned tube heat exchanger,A heat exchanger that has finned tubes.,no,yes,missing from CFIHOS - in other OO RDLs,,real,True,sha256:a69b98012d9e4a46495a3aed48eef8ce75a69d001eaa28b4c38cb0f3c921909d,CORE CFIHOS V2.0 CSV/CFIHOS CORE equipment class v2.0.csv,642,source_reference_record,source_reference_record_unreviewed
riser,CFIHOS-30000828,flexible riser,A flexible vertical or near vertical pipe for the flow of liquid or gas between the seabed and the surface.,no,yes,missing from CFIHOS - in other OO RDLs,,real,True,sha256:a69b98012d9e4a46495a3aed48eef8ce75a69d001eaa28b4c38cb0f3c921909d,CORE CFIHOS V2.0 CSV/CFIHOS CORE equipment class v2.0.csv,643,source_reference_record,source_reference_record_unreviewed
instrument equipment,CFIHOS-30000829,flow meter,A detecting instrument intended to measure and indicate flow rate and/or produce a signal which represents the measured flow rate.,yes,no,Owner Operator RDL Alignment,,real,True,sha256:a69b98012d9e4a46495a3aed48eef8ce75a69d001eaa28b4c38cb0f3c921909d,CORE CFIHOS V2.0 CSV/CFIHOS CORE equipment class v2.0.csv,644,source_reference_record,source_reference_record_unreviewed
flying lead,CFIHOS-30000830,flying chemical lead,ROV or diver-mateable flexible leads between subsea equipment items for chemical services.,no,yes,missing from CFIHOS - in other OO RDLs,,real,True,sha256:a69b98012d9e4a46495a3aed48eef8ce75a69d001eaa28b4c38cb0f3c921909d,CORE CFIHOS V2.0 CSV/CFIHOS CORE equipment class v2.0.csv,645,source_reference_record,source_reference_record_unreviewed
flying lead,CFIHOS-30000831,flying electrical lead,ROV or diver-mateable flexible leads between subsea equipment items for electrical services.,no,yes,missing from CFIHOS - in other OO RDLs,,real,True,sha256:a69b98012d9e4a46495a3aed48eef8ce75a69d001eaa28b4c38cb0f3c921909d,CORE CFIHOS V2.0 CSV/CFIHOS CORE equipment class v2.0.csv,646,source_reference_record,source_reference_record_unreviewed
flying lead,CFIHOS-30000832,flying hydraulic lead,ROV or diver-mateable flexible leads between subsea equipment items for hydraulic services.,no,yes,missing from CFIHOS - in other OO RDLs,,real,True,sha256:a69b98012d9e4a46495a3aed48eef8ce75a69d001eaa28b4c38cb0f3c921909d,CORE CFIHOS V2.0 CSV/CFIHOS CORE equipment class v2.0.csv,647,source_reference_record,source_reference_record_unreviewed
flying lead,CFIHOS-30000833,flying optical lead,ROV or diver-mateable flexible leads between subsea equipment items for optical services.,no,yes,missing from CFIHOS - in other OO RDLs,,real,True,sha256:a69b98012d9e4a46495a3aed48eef8ce75a69d001eaa28b4c38cb0f3c921909d,CORE CFIHOS V2.0 CSV/CFIHOS CORE equipment class v2.0.csv,648,source_reference_record,source_reference_record_unreviewed
chromatograph,CFIHOS-30000834,gas chromatograph,A chromatograph where gas is injected directly into one or more separation columns.,no,yes,Owner Operator RDL Alignment,,real,True,sha256:a69b98012d9e4a46495a3aed48eef8ce75a69d001eaa28b4c38cb0f3c921909d,CORE CFIHOS V2.0 CSV/CFIHOS CORE equipment class v2.0.csv,649,source_reference_record,source_reference_record_unreviewed
chromatograph,CFIHOS-30000835,gas liquid chromatograph,A chromatograph where a liquid sample is injected and evaporated and subsequently carried to one or more separation columns.,no,yes,Owner Operator RDL Alignment,liquid chromatograph,real,True,sha256:a69b98012d9e4a46495a3aed48eef8ce75a69d001eaa28b4c38cb0f3c921909d,CORE CFIHOS V2.0 CSV/CFIHOS CORE equipment class v2.0.csv,650,source_reference_record,source_reference_record_unreviewed
circuit-breaker,CFIHOS-30000836,gas-blast circuit-breaker,A circuit-breaker in which the arc develops in a blast of gas.,no,yes,missing from CFIHOS - in other OO RDLs,gas circuit-breaker; gas circuit breaker,real,True,sha256:a69b98012d9e4a46495a3aed48eef8ce75a69d001eaa28b4c38cb0f3c921909d,CORE CFIHOS V2.0 CSV/CFIHOS CORE equipment class v2.0.csv,651,source_reference_record,source_reference_record_unreviewed
control valve,CFIHOS-30000837,gate control valve,A control valve that is a gate valve and an actuated valve.,no,yes,Identified as part of RDL Alignment Activity,actuated gate valve,real,True,sha256:a69b98012d9e4a46495a3aed48eef8ce75a69d001eaa28b4c38cb0f3c921909d,CORE CFIHOS V2.0 CSV/CFIHOS CORE equipment class v2.0.csv,652,source_reference_record,source_reference_record_unreviewed
manual valve,CFIHOS-30000838,gate valve,"A valve that is a valve where the closure member is a gate or disc with a linear motion parallel, or nearly parallel, to the plane of flat seats, which are transverse to the direction of flow.",no,yes,Identified as part of RDL Alignment Activity,,real,True,sha256:a69b98012d9e4a46495a3aed48eef8ce75a69d001eaa28b4c38cb0f3c921909d,CORE CFIHOS V2.0 CSV/CFIHOS CORE equipment class v2.0.csv,653,source_reference_record,source_reference_record_unreviewed
control valve,CFIHOS-30000839,globe control valve,A control valve that is a globe valve and an actuated valve.,no,yes,Identified as part of RDL Alignment Activity,actuated globe valve,real,True,sha256:a69b98012d9e4a46495a3aed48eef8ce75a69d001eaa28b4c38cb0f3c921909d,CORE CFIHOS V2.0 CSV/CFIHOS CORE equipment class v2.0.csv,654,source_reference_record,source_reference_record_unreviewed
manual valve,CFIHOS-30000840,globe valve,A valve that is a valve where the closure member is a disc or piston operating with linear motion normal to the flat or shaped seat.,no,yes,Identified as part of RDL Alignment Activity,,real,True,sha256:a69b98012d9e4a46495a3aed48eef8ce75a69d001eaa28b4c38cb0f3c921909d,CORE CFIHOS V2.0 CSV/CFIHOS CORE equipment class v2.0.csv,655,source_reference_record,source_reference_record_unreviewed
separator,CFIHOS-30000841,gravity separator,A separator that is based on the difference in specific gravity for the substances to be separated.,no,no,missing from CFIHOS - in other OO RDLs,,real,True,sha256:a69b98012d9e4a46495a3aed48eef8ce75a69d001eaa28b4c38cb0f3c921909d,CORE CFIHOS V2.0 CSV/CFIHOS CORE equipment class v2.0.csv,656,source_reference_record,source_reference_record_unreviewed
piping purge unit,CFIHOS-30000842,hydraulic piping purge unit,A hydraulically controlled piping system that is situated within the frame and distributes purge gas inside the frame.,no,yes,missing from CFIHOS - in other OO RDLs,,real,True,sha256:a69b98012d9e4a46495a3aed48eef8ce75a69d001eaa28b4c38cb0f3c921909d,CORE CFIHOS V2.0 CSV/CFIHOS CORE equipment class v2.0.csv,657,source_reference_record,source_reference_record_unreviewed
turbine,CFIHOS-30000843,hydraulic turbine,A turbine in which liquid forces are driving the rotor by the reaction of acceleration of subject liquid flow in the runner while the pressure drops.,no,yes,"BP Reliability, TOTAL Physical Class",liquid expander,real,True,sha256:a69b98012d9e4a46495a3aed48eef8ce75a69d001eaa28b4c38cb0f3c921909d,CORE CFIHOS V2.0 CSV/CFIHOS CORE equipment class v2.0.csv,658,source_reference_record,source_reference_record_unreviewed
corrosion element,CFIHOS-30000844,linear polarization resistance element,A detecting element intended to measure corrosion using electrical conductivity.,no,yes,Requested by Total,LPR corrosion probe,real,True,sha256:a69b98012d9e4a46495a3aed48eef8ce75a69d001eaa28b4c38cb0f3c921909d,CORE CFIHOS V2.0 CSV/CFIHOS CORE equipment class v2.0.csv,659,source_reference_record,source_reference_record_unreviewed
general instrument,CFIHOS-30000847,manual switch,A switch which is operated by a person.,no,yes,,,real,True,sha256:a69b98012d9e4a46495a3aed48eef8ce75a69d001eaa28b4c38cb0f3c921909d,CORE CFIHOS V2.0 CSV/CFIHOS CORE equipment class v2.0.csv,660,source_reference_record,source_reference_record_unreviewed
control valve,CFIHOS-30000848,multiple orifice on-off valve,A valve not designed to regulate flow (e.g. on/off). A valve with multiple orifices or flow-restriction device to control fluid flow. Includes an actuator that needs auxiliary power to operate.,no,yes,Identified as part of RDL Alignment Activity,multiple orifice valve,real,True,sha256:a69b98012d9e4a46495a3aed48eef8ce75a69d001eaa28b4c38cb0f3c921909d,CORE CFIHOS V2.0 CSV/CFIHOS CORE equipment class v2.0.csv,661,source_reference_record,source_reference_record_unreviewed
control valve,CFIHOS-30000849,multiport on-off valve,A valve not designed to regulate flow (e.g. on/off). A multi port valve which has the possibility of multiple distinct paths for flow through it. Includes an actuator that needs auxiliary power to operate.,no,yes,Identified as part of RDL Alignment Activity,multi port on-off valve,real,True,sha256:a69b98012d9e4a46495a3aed48eef8ce75a69d001eaa28b4c38cb0f3c921909d,CORE CFIHOS V2.0 CSV/CFIHOS CORE equipment class v2.0.csv,662,source_reference_record,source_reference_record_unreviewed
manual valve,CFIHOS-30000850,multiport valve,A valve that has three or more ports arranged to switch flow.,no,yes,Identified as part of RDL Alignment Activity,multi port valve,real,True,sha256:a69b98012d9e4a46495a3aed48eef8ce75a69d001eaa28b4c38cb0f3c921909d,CORE CFIHOS V2.0 CSV/CFIHOS CORE equipment class v2.0.csv,663,source_reference_record,source_reference_record_unreviewed
control valve,CFIHOS-30000851,needle control valve,A needle valve that is equipped with an actuator that manipulates a stream of fluid in the response to a signal from an external sensing element and with input of energy from an external source.,no,yes,Identified as part of RDL Alignment Activity,actuated needle valve,real,True,sha256:a69b98012d9e4a46495a3aed48eef8ce75a69d001eaa28b4c38cb0f3c921909d,CORE CFIHOS V2.0 CSV/CFIHOS CORE equipment class v2.0.csv,664,source_reference_record,source_reference_record_unreviewed
manual valve,CFIHOS-30000852,needle valve,A globe valve that has a closure member with the shape of a conical plug (needle) which closes into a small seat.,no,yes,Identified as part of RDL Alignment Activity,,real,True,sha256:a69b98012d9e4a46495a3aed48eef8ce75a69d001eaa28b4c38cb0f3c921909d,CORE CFIHOS V2.0 CSV/CFIHOS CORE equipment class v2.0.csv,665,source_reference_record,source_reference_record_unreviewed
transmitter,CFIHOS-30000853,nucleonic level transmitter,A level transmitter that is producing a standardized electrical output signal based on the input signal from a nucleonic level detector.,no,yes,Owner Operator RDL Alignment,nuclear level transmitter,real,True,sha256:a69b98012d9e4a46495a3aed48eef8ce75a69d001eaa28b4c38cb0f3c921909d,CORE CFIHOS V2.0 CSV/CFIHOS CORE equipment class v2.0.csv,666,source_reference_record,source_reference_record_unreviewed
circuit-breaker,CFIHOS-30000854,oil circuit-breaker,A circuit-breaker in which the contacts open and close in oil.,no,yes,missing from CFIHOS - in other OO RDLs,liquid circuit-breaker; liquid circuit breaker,real,True,sha256:a69b98012d9e4a46495a3aed48eef8ce75a69d001eaa28b4c38cb0f3c921909d,CORE CFIHOS V2.0 CSV/CFIHOS CORE equipment class v2.0.csv,667,source_reference_record,source_reference_record_unreviewed
corrosion element,CFIHOS-30000855,oxidation reduction potential element,An element designed to measure an oxidation reduction potential (ORP).,no,yes,,ORP element; electrical resistance element,real,True,sha256:a69b98012d9e4a46495a3aed48eef8ce75a69d001eaa28b4c38cb0f3c921909d,CORE CFIHOS V2.0 CSV/CFIHOS CORE equipment class v2.0.csv,668,source_reference_record,source_reference_record_unreviewed
relief valve,CFIHOS-30000856,pilot operated relief valve,A pressure relief valve that uses a pilot valve to indirectly activate the main valve.,no,yes,Identified as part of RDL Alignment Activity,pilot operated pressure safety valve,real,True,sha256:a69b98012d9e4a46495a3aed48eef8ce75a69d001eaa28b4c38cb0f3c921909d,CORE CFIHOS V2.0 CSV/CFIHOS CORE equipment class v2.0.csv,669,source_reference_record,source_reference_record_unreviewed
check valve,CFIHOS-30000857,piston check valve,A lift check valve that has a free gravity or spring loaded piston type closure member.,no,yes,Identified as part of RDL Alignment Activity,,real,True,sha256:a69b98012d9e4a46495a3aed48eef8ce75a69d001eaa28b4c38cb0f3c921909d,CORE CFIHOS V2.0 CSV/CFIHOS CORE equipment class v2.0.csv,670,source_reference_record,source_reference_record_unreviewed
flow element,CFIHOS-30000858,pitot tube flow meter,A differential pressure flow meter utilizing a pitot tube (a probe with an open tip) that is inserted into the flow field.,no,yes,Owner Operator RDL Alignment,pitot tube flow element,real,True,sha256:a69b98012d9e4a46495a3aed48eef8ce75a69d001eaa28b4c38cb0f3c921909d,CORE CFIHOS V2.0 CSV/CFIHOS CORE equipment class v2.0.csv,671,source_reference_record,source_reference_record_unreviewed
control valve,CFIHOS-30000859,plug control valve,A control valve that is also a plug valve and an actuated valve.,no,yes,Identified as part of RDL Alignment Activity,actuated plug valve,real,True,sha256:a69b98012d9e4a46495a3aed48eef8ce75a69d001eaa28b4c38cb0f3c921909d,CORE CFIHOS V2.0 CSV/CFIHOS CORE equipment class v2.0.csv,672,source_reference_record,source_reference_record_unreviewed
manual valve,CFIHOS-30000860,plug valve,A rotary valve that has a quarter turn action in which the closure member is a cylindrical or tapered plug which operates by rotating on its axis and sealing against a downstream seat.,no,yes,Identified as part of RDL Alignment Activity,,real,True,sha256:a69b98012d9e4a46495a3aed48eef8ce75a69d001eaa28b4c38cb0f3c921909d,CORE CFIHOS V2.0 CSV/CFIHOS CORE equipment class v2.0.csv,673,source_reference_record,source_reference_record_unreviewed
relief valve,CFIHOS-30000861,pressure-vacuum relief valve,A pressure relief valve that is intended to release excess pressure or admit pressure to prevent a vacuum forming when filling or emptying a pipeline or tank.,no,yes,Identified as part of RDL Alignment Activity,,real,True,sha256:a69b98012d9e4a46495a3aed48eef8ce75a69d001eaa28b4c38cb0f3c921909d,CORE CFIHOS V2.0 CSV/CFIHOS CORE equipment class v2.0.csv,674,source_reference_record,source_reference_record_unreviewed
pump,CFIHOS-30000862,reciprocating pump,"A positive displacement pump which contains a displacing element intended to be moved in a reciprocating movement to exert pressure on a fluid, typically moving within a cylindrical space.",no,yes,BP Reliability,,real,True,sha256:a69b98012d9e4a46495a3aed48eef8ce75a69d001eaa28b4c38cb0f3c921909d,CORE CFIHOS V2.0 CSV/CFIHOS CORE equipment class v2.0.csv,675,source_reference_record,source_reference_record_unreviewed
riser,CFIHOS-30000863,rigid riser,A rigid vertical or near vertical pipe for the flow of liquid or gas between the seabed and the surface.,no,yes,missing from CFIHOS - in other OO RDLs,,real,True,sha256:a69b98012d9e4a46495a3aed48eef8ce75a69d001eaa28b4c38cb0f3c921909d,CORE CFIHOS V2.0 CSV/CFIHOS CORE equipment class v2.0.csv,676,source_reference_record,source_reference_record_unreviewed
pump,CFIHOS-30000864,rotary pump,"A positive displacement pump that consists of a chamber containing gears, cams, screws, vanes, plungers or similar elements actuated by relative rotation of the drive shaft or casing and which has no separate inlet and outlet valves.",no,yes,BP Reliability,,real,True,sha256:a69b98012d9e4a46495a3aed48eef8ce75a69d001eaa28b4c38cb0f3c921909d,CORE CFIHOS V2.0 CSV/CFIHOS CORE equipment class v2.0.csv,677,source_reference_record,source_reference_record_unreviewed
control valve,CFIHOS-30000865,slide control valve,A slide valve that is equipped with an actuator that manipulates a stream of fluid in the response to a signal from an external sensing element and with input of energy from an external source.,no,yes,Identified as part of RDL Alignment Activity,actuated slide valve,real,True,sha256:a69b98012d9e4a46495a3aed48eef8ce75a69d001eaa28b4c38cb0f3c921909d,CORE CFIHOS V2.0 CSV/CFIHOS CORE equipment class v2.0.csv,678,source_reference_record,source_reference_record_unreviewed
manual valve,CFIHOS-30000866,slide valve,A valve that opens and closes a passageway by sliding over a port.,no,yes,Identified as part of RDL Alignment Activity,,real,True,sha256:a69b98012d9e4a46495a3aed48eef8ce75a69d001eaa28b4c38cb0f3c921909d,CORE CFIHOS V2.0 CSV/CFIHOS CORE equipment class v2.0.csv,679,source_reference_record,source_reference_record_unreviewed
heat exchanger,CFIHOS-30000867,spiral heat exchanger,A container intended for storage and/or processing of fluids. Relates to Spiral Plate Heat Exchanger.,no,yes,missing from CFIHOS - in other OO RDLs,,real,True,sha256:a69b98012d9e4a46495a3aed48eef8ce75a69d001eaa28b4c38cb0f3c921909d,CORE CFIHOS V2.0 CSV/CFIHOS CORE equipment class v2.0.csv,680,source_reference_record,source_reference_record_unreviewed
distillation column,CFIHOS-30000868,stabilizer column,A column which transforms a material from an unstable state to a more stable state; for fluids typically by removing volatile components from a mixture.,no,yes,missing from CFIHOS - in other OO RDLs,,real,True,sha256:a69b98012d9e4a46495a3aed48eef8ce75a69d001eaa28b4c38cb0f3c921909d,CORE CFIHOS V2.0 CSV/CFIHOS CORE equipment class v2.0.csv,681,source_reference_record,source_reference_record_unreviewed
distillation column,CFIHOS-30000869,stripper column,A distillation column intended to remove light components from a fluid.,no,yes,missing from CFIHOS - in other OO RDLs,,real,True,sha256:a69b98012d9e4a46495a3aed48eef8ce75a69d001eaa28b4c38cb0f3c921909d,CORE CFIHOS V2.0 CSV/CFIHOS CORE equipment class v2.0.csv,682,source_reference_record,source_reference_record_unreviewed
electrical connector,CFIHOS-30000870,submersible connector,An electrical connector capable of withstanding submersion to a specified depth.,no,yes,match tag and equipment classes,,real,True,sha256:a69b98012d9e4a46495a3aed48eef8ce75a69d001eaa28b4c38cb0f3c921909d,CORE CFIHOS V2.0 CSV/CFIHOS CORE equipment class v2.0.csv,683,source_reference_record,source_reference_record_unreviewed
check valve,CFIHOS-30000873,swing check valve,A check valve that is a check valve where the closure member is a disc which swings freely on a hinge and which opens automatically when flow is established and closes automatically when flow ceases or is reversed.,no,yes,Identified as part of RDL Alignment Activity,axial flow check valve,real,True,sha256:a69b98012d9e4a46495a3aed48eef8ce75a69d001eaa28b4c38cb0f3c921909d,CORE CFIHOS V2.0 CSV/CFIHOS CORE equipment class v2.0.csv,684,source_reference_record,source_reference_record_unreviewed
circuit-breaker,CFIHOS-30000874,vacuum circuit-breaker,A circuit-breaker in which the contacts open and close within a highly evacuated envelope.,no,yes,missing from CFIHOS - in other OO RDLs,vacuum circuit breaker,real,True,sha256:a69b98012d9e4a46495a3aed48eef8ce75a69d001eaa28b4c38cb0f3c921909d,CORE CFIHOS V2.0 CSV/CFIHOS CORE equipment class v2.0.csv,685,source_reference_record,source_reference_record_unreviewed
distillation column,CFIHOS-30000875,vacuum column,A distillation column intended to withstand outside pressure.,no,yes,missing from CFIHOS - in other OO RDLs,,real,True,sha256:a69b98012d9e4a46495a3aed48eef8ce75a69d001eaa28b4c38cb0f3c921909d,CORE CFIHOS V2.0 CSV/CFIHOS CORE equipment class v2.0.csv,686,source_reference_record,source_reference_record_unreviewed
check valve,CFIHOS-30000876,wafer check valve,A wafer pattern valve that is a check valve with a wafer pattern valve body.,no,yes,Identified as part of RDL Alignment Activity,,real,True,sha256:a69b98012d9e4a46495a3aed48eef8ce75a69d001eaa28b4c38cb0f3c921909d,CORE CFIHOS V2.0 CSV/CFIHOS CORE equipment class v2.0.csv,687,source_reference_record,source_reference_record_unreviewed
transformer,CFIHOS-30000877,wet transformer,A power transformer of which the magnetic circuit and windings are immersed in oil.,no,yes,missing from CFIHOS - in other OO RDLs,,real,True,sha256:a69b98012d9e4a46495a3aed48eef8ce75a69d001eaa28b4c38cb0f3c921909d,CORE CFIHOS V2.0 CSV/CFIHOS CORE equipment class v2.0.csv,688,source_reference_record,source_reference_record_unreviewed
IT and telecom equipment,CFIHOS-30000878,acoustic enclosure,An enclosure that totally or partially surrounds an item in order to reduce its emitted noise.,no,yes,Requested by bp as part of owner operators alignment,,real,True,sha256:a69b98012d9e4a46495a3aed48eef8ce75a69d001eaa28b4c38cb0f3c921909d,CORE CFIHOS V2.0 CSV/CFIHOS CORE equipment class v2.0.csv,689,source_reference_record,source_reference_record_unreviewed
piping and pipeline equipment,CFIHOS-30000879,air trap,"A trap which, by a water seal, prevents foul air from rising from sinks, wash basins, drains, sewers etc.",no,yes,Requested by bp as part of owner operators alignment,,real,True,sha256:a69b98012d9e4a46495a3aed48eef8ce75a69d001eaa28b4c38cb0f3c921909d,CORE CFIHOS V2.0 CSV/CFIHOS CORE equipment class v2.0.csv,690,source_reference_record,source_reference_record_unreviewed
marine,CFIHOS-30000881,barge,"A large flat-bottomed boat that is built for carrying goods and people on rivers and canals or in harbours, with or without sails, towed by a tug or horse. Also a similar boat with its own engine.",no,yes,Requested by bp as part of owner operators alignment,,real,True,sha256:a69b98012d9e4a46495a3aed48eef8ce75a69d001eaa28b4c38cb0f3c921909d,CORE CFIHOS V2.0 CSV/CFIHOS CORE equipment class v2.0.csv,691,source_reference_record,source_reference_record_unreviewed
electrical equipment class,CFIHOS-30000882,constant volume regulator,A regulator ensuring constant volume in a HVAC system to reduce noise,no,yes,Requested by bp as part of owner operators alignment,,real,True,sha256:a69b98012d9e4a46495a3aed48eef8ce75a69d001eaa28b4c38cb0f3c921909d,CORE CFIHOS V2.0 CSV/CFIHOS CORE equipment class v2.0.csv,692,source_reference_record,source_reference_record_unreviewed
other mechanical equipment,CFIHOS-30000883,cooling coil,A pipe coil in which heat is transferred from the material or space cooled to the primary refrigerant.,no,yes,Requested by bp as part of owner operators alignment,,real,True,sha256:a69b98012d9e4a46495a3aed48eef8ce75a69d001eaa28b4c38cb0f3c921909d,CORE CFIHOS V2.0 CSV/CFIHOS CORE equipment class v2.0.csv,693,source_reference_record,source_reference_record_unreviewed
lifting device,CFIHOS-30000885,davit,"A physical object intended to carry the load of equipment that is regularly lifted or launched, like a life boat, or of equipment that regularly is removed for inspection or maintenance, such as covers, hatches, etc.",no,yes,Requested by bp as part of owner operators alignment,,real,True,sha256:a69b98012d9e4a46495a3aed48eef8ce75a69d001eaa28b4c38cb0f3c921909d,CORE CFIHOS V2.0 CSV/CFIHOS CORE equipment class v2.0.csv,694,source_reference_record,source_reference_record_unreviewed
"health, safety and environment equipment class",CFIHOS-30000886,descent device,A device that provides a safe and rapid method of descent in case of an emergency situation requiring evacuation.,no,yes,Requested by bp as part of owner operators alignment,,real,True,sha256:a69b98012d9e4a46495a3aed48eef8ce75a69d001eaa28b4c38cb0f3c921909d,CORE CFIHOS V2.0 CSV/CFIHOS CORE equipment class v2.0.csv,695,source_reference_record,source_reference_record_unreviewed
piping and pipeline equipment,CFIHOS-30000887,drain port,"A drain port is a collection port that can be installed in pressure sensing lines for transmitters, steam lines, etc. to be able to remove liquids from the system that otherwise would create problems for the instruments.",no,yes,Requested by bp as part of owner operators alignment,,real,True,sha256:a69b98012d9e4a46495a3aed48eef8ce75a69d001eaa28b4c38cb0f3c921909d,CORE CFIHOS V2.0 CSV/CFIHOS CORE equipment class v2.0.csv,696,source_reference_record,source_reference_record_unreviewed
piping and pipeline equipment,CFIHOS-30000888,drain pot,A 'liquid outlet port' that allows liquid to leave a container under gravity,no,yes,Requested by bp as part of owner operators alignment,,real,True,sha256:a69b98012d9e4a46495a3aed48eef8ce75a69d001eaa28b4c38cb0f3c921909d,CORE CFIHOS V2.0 CSV/CFIHOS CORE equipment class v2.0.csv,697,source_reference_record,source_reference_record_unreviewed
electrical equipment class,CFIHOS-30000889,electrical control panel,A 'control panel' intended for electrical apparatus.,no,yes,CFIHOS definition of control panel is limited to instruments,lighting panel,real,True,sha256:a69b98012d9e4a46495a3aed48eef8ce75a69d001eaa28b4c38cb0f3c921909d,CORE CFIHOS V2.0 CSV/CFIHOS CORE equipment class v2.0.csv,698,source_reference_record,source_reference_record_unreviewed
"health, safety and environment equipment class",CFIHOS-30000890,emergency grab bag,A artefact that is a an assembly of items required in the case of an emergency contained in a bag or some other container.,no,yes,Requested by bp as part of owner operators alignment,,real,True,sha256:a69b98012d9e4a46495a3aed48eef8ce75a69d001eaa28b4c38cb0f3c921909d,CORE CFIHOS V2.0 CSV/CFIHOS CORE equipment class v2.0.csv,699,source_reference_record,source_reference_record_unreviewed
other mechanical equipment,CFIHOS-30000891,evaporator,A heat exchanger that is intended to evaporate moisture or solvents in order to obtain a concentrate.,no,yes,Requested by bp as part of owner operators alignment,,real,True,sha256:a69b98012d9e4a46495a3aed48eef8ce75a69d001eaa28b4c38cb0f3c921909d,CORE CFIHOS V2.0 CSV/CFIHOS CORE equipment class v2.0.csv,700,source_reference_record,source_reference_record_unreviewed
other mechanical equipment,CFIHOS-30000892,expansion device,"A pressure decrease device where the lower pressure is obtained by causing something to occupy or contain a larger space, or by acquiring greater volume.",no,yes,Requested by bp as part of owner operators alignment,,real,True,sha256:a69b98012d9e4a46495a3aed48eef8ce75a69d001eaa28b4c38cb0f3c921909d,CORE CFIHOS V2.0 CSV/CFIHOS CORE equipment class v2.0.csv,701,source_reference_record,source_reference_record_unreviewed
miscellaneous equipment,CFIHOS-30000893,fitness equipment,An 'equipment class' that is a class of devices whose members can be used in a fitness centre.,no,yes,Requested by bp as part of owner operators alignment,,real,True,sha256:a69b98012d9e4a46495a3aed48eef8ce75a69d001eaa28b4c38cb0f3c921909d,CORE CFIHOS V2.0 CSV/CFIHOS CORE equipment class v2.0.csv,702,source_reference_record,source_reference_record_unreviewed
other mechanical equipment,CFIHOS-30000894,furnace,A physical object that is intended to induce a reaction in a process fluid by heating it.,no,yes,Requested by bp as part of owner operators alignment,,real,True,sha256:a69b98012d9e4a46495a3aed48eef8ce75a69d001eaa28b4c38cb0f3c921909d,CORE CFIHOS V2.0 CSV/CFIHOS CORE equipment class v2.0.csv,703,source_reference_record,source_reference_record_unreviewed
detector,CFIHOS-30000895,H2S detector,A personal H2S monitor is a device that detects the presence of hydrogen sulphide.,no,yes,Requested by bp as part of owner operators alignment,,real,True,sha256:a69b98012d9e4a46495a3aed48eef8ce75a69d001eaa28b4c38cb0f3c921909d,CORE CFIHOS V2.0 CSV/CFIHOS CORE equipment class v2.0.csv,704,source_reference_record,source_reference_record_unreviewed
other mechanical equipment,CFIHOS-30000896,heating coil,A fluid heater that is a coiled tube where heat is transferred from an internal heating medium to a surrounding substance.,no,yes,Requested by bp as part of owner operators alignment,,real,True,sha256:a69b98012d9e4a46495a3aed48eef8ce75a69d001eaa28b4c38cb0f3c921909d,CORE CFIHOS V2.0 CSV/CFIHOS CORE equipment class v2.0.csv,705,source_reference_record,source_reference_record_unreviewed
infrastructure,CFIHOS-30000898,lagoon,A lagoon or aerated basin is a holding and/or treatment pond provided with artificial aeration to promote the biological oxidation of wastewaters.,no,no,Requested by bp as part of owner operators alignment,,real,True,sha256:a69b98012d9e4a46495a3aed48eef8ce75a69d001eaa28b4c38cb0f3c921909d,CORE CFIHOS V2.0 CSV/CFIHOS CORE equipment class v2.0.csv,706,source_reference_record,source_reference_record_unreviewed
"health, safety and environment equipment class",CFIHOS-30000899,life jacket,A lifejacket is a type of personal flotation device designed to keep a persons airway clear of the water whether the wearer is conscious or unconscious.,no,yes,Requested by bp as part of owner operators alignment,,real,True,sha256:a69b98012d9e4a46495a3aed48eef8ce75a69d001eaa28b4c38cb0f3c921909d,CORE CFIHOS V2.0 CSV/CFIHOS CORE equipment class v2.0.csv,707,source_reference_record,source_reference_record_unreviewed
"health, safety and environment equipment class",CFIHOS-30000900,line throwing appliance,An artefact that is intended to pass a line accurately and quickly.,no,yes,Requested by bp as part of owner operators alignment,,real,True,sha256:a69b98012d9e4a46495a3aed48eef8ce75a69d001eaa28b4c38cb0f3c921909d,CORE CFIHOS V2.0 CSV/CFIHOS CORE equipment class v2.0.csv,708,source_reference_record,source_reference_record_unreviewed
marine,CFIHOS-30000902,marine vessel,A vessel larger than a boat for transporting people or goods by sea,no,yes,Requested by bp as part of owner operators alignment,,real,True,sha256:a69b98012d9e4a46495a3aed48eef8ce75a69d001eaa28b4c38cb0f3c921909d,CORE CFIHOS V2.0 CSV/CFIHOS CORE equipment class v2.0.csv,709,source_reference_record,source_reference_record_unreviewed
IT and telecom equipment,CFIHOS-30000903,meteorological equipment,An 'equipment class' that is a class of devices engaged in meteorological observations.,no,yes,Requested by bp as part of owner operators alignment,,real,True,sha256:a69b98012d9e4a46495a3aed48eef8ce75a69d001eaa28b4c38cb0f3c921909d,CORE CFIHOS V2.0 CSV/CFIHOS CORE equipment class v2.0.csv,710,source_reference_record,source_reference_record_unreviewed
instrument equipment,CFIHOS-30000904,metering station,"A device that is capable of three-phase metering of liquid, oil and gas.",no,yes,Requested by bp as part of owner operators alignment,,real,True,sha256:a69b98012d9e4a46495a3aed48eef8ce75a69d001eaa28b4c38cb0f3c921909d,CORE CFIHOS V2.0 CSV/CFIHOS CORE equipment class v2.0.csv,711,source_reference_record,source_reference_record_unreviewed
other mechanical equipment,CFIHOS-30000905,modulating damper,A gas flow damper that is able to stay in any position between fully open and fully closed.,no,yes,Requested by bp as part of owner operators alignment,,real,True,sha256:a69b98012d9e4a46495a3aed48eef8ce75a69d001eaa28b4c38cb0f3c921909d,CORE CFIHOS V2.0 CSV/CFIHOS CORE equipment class v2.0.csv,712,source_reference_record,source_reference_record_unreviewed
infrastructure,CFIHOS-30000907,outfall,"An outfall is the discharge point of a waste stream into a body of water; alternatively it may be the outlet of a river, drain or a sewer where it discharges into the sea, a lake or the like.",no,no,Requested by bp as part of owner operators alignment,,real,True,sha256:a69b98012d9e4a46495a3aed48eef8ce75a69d001eaa28b4c38cb0f3c921909d,CORE CFIHOS V2.0 CSV/CFIHOS CORE equipment class v2.0.csv,713,source_reference_record,source_reference_record_unreviewed
lifting device,CFIHOS-30000908,pedestal,A support-item that is the base or foot of a column or other upright structure.,no,yes,Requested by bp as part of owner operators alignment,,real,True,sha256:a69b98012d9e4a46495a3aed48eef8ce75a69d001eaa28b4c38cb0f3c921909d,CORE CFIHOS V2.0 CSV/CFIHOS CORE equipment class v2.0.csv,714,source_reference_record,source_reference_record_unreviewed
"health, safety and environment equipment class",CFIHOS-30000909,protective suit,"A survival suit (or more specifically an immersion survival suit), is a special type of waterproof dry suit that protects the wearer from hypothermia from immersion in cold water, after abandoning a sinking or capsized vessel, especially in the open ocean",no,yes,Requested by bp as part of owner operators alignment,,real,True,sha256:a69b98012d9e4a46495a3aed48eef8ce75a69d001eaa28b4c38cb0f3c921909d,CORE CFIHOS V2.0 CSV/CFIHOS CORE equipment class v2.0.csv,715,source_reference_record,source_reference_record_unreviewed
detector,CFIHOS-30000910,radiation detector,A personal radiation monitor is a device that detects the presence of any radiation sources.,no,yes,Requested by bp as part of owner operators alignment,,real,True,sha256:a69b98012d9e4a46495a3aed48eef8ce75a69d001eaa28b4c38cb0f3c921909d,CORE CFIHOS V2.0 CSV/CFIHOS CORE equipment class v2.0.csv,716,source_reference_record,source_reference_record_unreviewed
other mechanical equipment,CFIHOS-30000911,recuperator heat exchanger,"A recuperator is a special purpose counter-flow energy recovery heat exchanger positioned within the supply and exhaust air streams of an air handling system, or in the exhaust gases of an industrial process, in order to recover the waste heat.",no,yes,Requested by bp as part of owner operators alignment,,real,True,sha256:a69b98012d9e4a46495a3aed48eef8ce75a69d001eaa28b4c38cb0f3c921909d,CORE CFIHOS V2.0 CSV/CFIHOS CORE equipment class v2.0.csv,717,source_reference_record,source_reference_record_unreviewed
vehicle,CFIHOS-30000913,road compactor,"A machine used to compact soil, gravel, concrete, or asphalt in the construction of roads and foundations",no,yes,Requested by bp as part of owner operators alignment,,real,True,sha256:a69b98012d9e4a46495a3aed48eef8ce75a69d001eaa28b4c38cb0f3c921909d,CORE CFIHOS V2.0 CSV/CFIHOS CORE equipment class v2.0.csv,718,source_reference_record,source_reference_record_unreviewed
vehicle,CFIHOS-30000914,road sweeper,A machine that cleans the road,no,yes,Requested by bp as part of owner operators alignment,,real,True,sha256:a69b98012d9e4a46495a3aed48eef8ce75a69d001eaa28b4c38cb0f3c921909d,CORE CFIHOS V2.0 CSV/CFIHOS CORE equipment class v2.0.csv,719,source_reference_record,source_reference_record_unreviewed
drilling equipment,CFIHOS-30000915,rotary table,A 'well drilling system' and an 'artefact' in which the torque is transferred to the drill string using rotary table and kelly.,no,yes,Requested by bp as part of owner operators alignment,,real,True,sha256:a69b98012d9e4a46495a3aed48eef8ce75a69d001eaa28b4c38cb0f3c921909d,CORE CFIHOS V2.0 CSV/CFIHOS CORE equipment class v2.0.csv,720,source_reference_record,source_reference_record_unreviewed
"health, safety and environment equipment class",CFIHOS-30000916,safety display plan,An information object that indicates the location of safety signs and other relevant safety information.,no,no,Requested by bp as part of owner operators alignment,,real,True,sha256:a69b98012d9e4a46495a3aed48eef8ce75a69d001eaa28b4c38cb0f3c921909d,CORE CFIHOS V2.0 CSV/CFIHOS CORE equipment class v2.0.csv,721,source_reference_record,source_reference_record_unreviewed
"health, safety and environment equipment class",CFIHOS-30000917,safety sign,An information object with a symbol representing some hazard or safety information.,no,no,Requested by bp as part of owner operators alignment,,real,True,sha256:a69b98012d9e4a46495a3aed48eef8ce75a69d001eaa28b4c38cb0f3c921909d,CORE CFIHOS V2.0 CSV/CFIHOS CORE equipment class v2.0.csv,722,source_reference_record,source_reference_record_unreviewed
drilling equipment,CFIHOS-30000919,slips,A physical object that consists of wedge-shaped pieces of metal loosely joined together and fitted into a bushing to support a string of pipe. The slips have gripping elements to prevent the pipe from slipping down the drilling hole.,no,yes,Requested by bp as part of owner operators alignment,,real,True,sha256:a69b98012d9e4a46495a3aed48eef8ce75a69d001eaa28b4c38cb0f3c921909d,CORE CFIHOS V2.0 CSV/CFIHOS CORE equipment class v2.0.csv,723,source_reference_record,source_reference_record_unreviewed
"health, safety and environment equipment class",CFIHOS-30000921,stretcher,"An artefact which is a framework of poles, canvas, etc. for carrying a sick, injured or wounded person.",no,yes,Requested by bp as part of owner operators alignment,,real,True,sha256:a69b98012d9e4a46495a3aed48eef8ce75a69d001eaa28b4c38cb0f3c921909d,CORE CFIHOS V2.0 CSV/CFIHOS CORE equipment class v2.0.csv,724,source_reference_record,source_reference_record_unreviewed
"health, safety and environment equipment class",CFIHOS-30000922,strobe light,A 'luminaire' used to produce regular flashes of light.,no,yes,Requested by bp as part of owner operators alignment,,real,True,sha256:a69b98012d9e4a46495a3aed48eef8ce75a69d001eaa28b4c38cb0f3c921909d,CORE CFIHOS V2.0 CSV/CFIHOS CORE equipment class v2.0.csv,725,source_reference_record,source_reference_record_unreviewed
subsea infrastructure,CFIHOS-30000923,subsea cable,An electric cable intended for underwater installation,no,yes,Requested by bp as part of owner operators alignment,,real,True,sha256:a69b98012d9e4a46495a3aed48eef8ce75a69d001eaa28b4c38cb0f3c921909d,CORE CFIHOS V2.0 CSV/CFIHOS CORE equipment class v2.0.csv,726,source_reference_record,source_reference_record_unreviewed
instrument equipment,CFIHOS-30000925,system panel,An instrument panel dedicated to a particular system.,no,yes,Requested by bp as part of owner operators alignment,,real,True,sha256:a69b98012d9e4a46495a3aed48eef8ce75a69d001eaa28b4c38cb0f3c921909d,CORE CFIHOS V2.0 CSV/CFIHOS CORE equipment class v2.0.csv,727,source_reference_record,source_reference_record_unreviewed
drilling equipment,CFIHOS-30000927,top drive,A top drive is a mechanical device on a drilling rig that provides clockwise torque to the drill string to facilitate the process of drilling a borehole.,no,yes,Requested by bp as part of owner operators alignment,,real,True,sha256:a69b98012d9e4a46495a3aed48eef8ce75a69d001eaa28b4c38cb0f3c921909d,CORE CFIHOS V2.0 CSV/CFIHOS CORE equipment class v2.0.csv,728,source_reference_record,source_reference_record_unreviewed
vehicle,CFIHOS-30000929,tractor,"A machine designed to deliver a high tractive effort (or torque) at slow speeds, for the purposes of hauling a trailer or machinery",no,yes,Requested by bp as part of owner operators alignment,,real,True,sha256:a69b98012d9e4a46495a3aed48eef8ce75a69d001eaa28b4c38cb0f3c921909d,CORE CFIHOS V2.0 CSV/CFIHOS CORE equipment class v2.0.csv,729,source_reference_record,source_reference_record_unreviewed
piping and pipeline equipment,CFIHOS-30000930,turret,Equipment installed subsea related to a ships turret system,no,yes,Requested by bp as part of owner operators alignment,,real,True,sha256:a69b98012d9e4a46495a3aed48eef8ce75a69d001eaa28b4c38cb0f3c921909d,CORE CFIHOS V2.0 CSV/CFIHOS CORE equipment class v2.0.csv,730,source_reference_record,source_reference_record_unreviewed
"health, safety and environment equipment class",CFIHOS-30000931,twin agent skid,A skid assembly that supports a Twin Agent Fire Extinguishing System (TAFES).,no,yes,Requested by bp as part of owner operators alignment,,real,True,sha256:a69b98012d9e4a46495a3aed48eef8ce75a69d001eaa28b4c38cb0f3c921909d,CORE CFIHOS V2.0 CSV/CFIHOS CORE equipment class v2.0.csv,731,source_reference_record,source_reference_record_unreviewed
other mechanical equipment,CFIHOS-30000933,ventilator,"A ventilator is a machine designed to mechanically move breathable air into and out of the lungs, to provide the mechanism of breathing for a patient who is physically unable to breathe, or breathing insufficiently.",no,yes,Requested by bp as part of owner operators alignment,,real,True,sha256:a69b98012d9e4a46495a3aed48eef8ce75a69d001eaa28b4c38cb0f3c921909d,CORE CFIHOS V2.0 CSV/CFIHOS CORE equipment class v2.0.csv,732,source_reference_record,source_reference_record_unreviewed
"health, safety and environment equipment class",CFIHOS-30000934,water mist skid,A skid assembly containing the units required to operate a water mist system.,no,yes,Requested by bp as part of owner operators alignment,,real,True,sha256:a69b98012d9e4a46495a3aed48eef8ce75a69d001eaa28b4c38cb0f3c921909d,CORE CFIHOS V2.0 CSV/CFIHOS CORE equipment class v2.0.csv,733,source_reference_record,source_reference_record_unreviewed
infrastructure,CFIHOS-30000935,window,A device which is an opening especially in the wall of a building for admission of light and air that is usually closed by casements or sashes containing transparent material (as glass),no,no,Requested by bp as part of owner operators alignment,,real,True,sha256:a69b98012d9e4a46495a3aed48eef8ce75a69d001eaa28b4c38cb0f3c921909d,CORE CFIHOS V2.0 CSV/CFIHOS CORE equipment class v2.0.csv,734,source_reference_record,source_reference_record_unreviewed
infrastructure,CFIHOS-30000936,bridge bearing,A device to permit relative movement between a bridge and its support generally requiring periodic inspection and maintenance,no,yes,Requested by bp as part of owner operators alignment,,real,True,sha256:a69b98012d9e4a46495a3aed48eef8ce75a69d001eaa28b4c38cb0f3c921909d,CORE CFIHOS V2.0 CSV/CFIHOS CORE equipment class v2.0.csv,735,source_reference_record,source_reference_record_unreviewed
electrical equipment class,CFIHOS-30000937,cable tray,A unit or assembly of units or sections and associated fittings forming a rigid structural system used to securely fasten or support cables and raceways.,no,yes,Requested by bp as part of owner operators alignment,,real,True,sha256:a69b98012d9e4a46495a3aed48eef8ce75a69d001eaa28b4c38cb0f3c921909d,CORE CFIHOS V2.0 CSV/CFIHOS CORE equipment class v2.0.csv,736,source_reference_record,source_reference_record_unreviewed
piping and pipeline equipment,CFIHOS-30000938,casing,An enclosure that can maintain a pressure difference.,no,yes,Requested by ExxonMobil as part of owner operators alignment,,real,True,sha256:a69b98012d9e4a46495a3aed48eef8ce75a69d001eaa28b4c38cb0f3c921909d,CORE CFIHOS V2.0 CSV/CFIHOS CORE equipment class v2.0.csv,737,source_reference_record,source_reference_record_unreviewed
lifting device,CFIHOS-30000939,container,A physical object intended to contain something.,no,yes,Requested by bp as part of owner operators alignment,,real,True,sha256:a69b98012d9e4a46495a3aed48eef8ce75a69d001eaa28b4c38cb0f3c921909d,CORE CFIHOS V2.0 CSV/CFIHOS CORE equipment class v2.0.csv,738,source_reference_record,source_reference_record_unreviewed
other mechanical equipment,CFIHOS-30000940,crusher,A mill that uses pressure or impact to reduce the particle size of solid materials.,no,yes,Requested by bp as part of owner operators alignment,,real,True,sha256:a69b98012d9e4a46495a3aed48eef8ce75a69d001eaa28b4c38cb0f3c921909d,CORE CFIHOS V2.0 CSV/CFIHOS CORE equipment class v2.0.csv,739,source_reference_record,source_reference_record_unreviewed
other mechanical equipment,CFIHOS-30000942,hydraulic power unit,A unit minimum consisting of a engine driven hydraulic pump and a reservoir which is delivering hydraulic energy to one or more consumers,no,yes,Requested by ExxonMobil as part of owner operators alignment,,real,True,sha256:a69b98012d9e4a46495a3aed48eef8ce75a69d001eaa28b4c38cb0f3c921909d,CORE CFIHOS V2.0 CSV/CFIHOS CORE equipment class v2.0.csv,740,source_reference_record,source_reference_record_unreviewed
general instrument,CFIHOS-30000943,interface card,"A distribution board (network card) that is intended for communication between systems, to part of a system or to a computer network.",no,yes,Requested by bp as part of owner operators alignment,input-output circuit board; network card,real,True,sha256:a69b98012d9e4a46495a3aed48eef8ce75a69d001eaa28b4c38cb0f3c921909d,CORE CFIHOS V2.0 CSV/CFIHOS CORE equipment class v2.0.csv,741,source_reference_record,source_reference_record_unreviewed
piping and pipeline equipment,CFIHOS-30000944,lightning arrestor,A lightning arrestor is a device used on electric power systems and telecommunication systems to protect the insulation and conductors of the system from the damaging effects of lightning.,no,yes,Requested by ExxonMobil as part of owner operators alignment,,real,True,sha256:a69b98012d9e4a46495a3aed48eef8ce75a69d001eaa28b4c38cb0f3c921909d,CORE CFIHOS V2.0 CSV/CFIHOS CORE equipment class v2.0.csv,742,source_reference_record,source_reference_record_unreviewed
detecting element,CFIHOS-30000945,meteorological sensor,An 'equipment class' that is a class of devices engaged in meteorological observations,no,yes,Requested by bp as part of owner operators alignment,,real,True,sha256:a69b98012d9e4a46495a3aed48eef8ce75a69d001eaa28b4c38cb0f3c921909d,CORE CFIHOS V2.0 CSV/CFIHOS CORE equipment class v2.0.csv,743,source_reference_record,source_reference_record_unreviewed
piping and pipeline equipment,CFIHOS-30000946,pipe reducer,"An 'artefact' that has different nominal pipe size at the two ends, intended to connect pipes or piping components.",no,yes,Requested by ExxonMobil as part of owner operators alignment,,real,True,sha256:a69b98012d9e4a46495a3aed48eef8ce75a69d001eaa28b4c38cb0f3c921909d,CORE CFIHOS V2.0 CSV/CFIHOS CORE equipment class v2.0.csv,744,source_reference_record,source_reference_record_unreviewed
piping and pipeline equipment,CFIHOS-30000948,sample bomb,A cylinder that is specially designed to collect and store high pressure gas samples from the field & transport the same to laboratories,no,yes,Requested by ExxonMobil as part of owner operators alignment,,real,True,sha256:a69b98012d9e4a46495a3aed48eef8ce75a69d001eaa28b4c38cb0f3c921909d,CORE CFIHOS V2.0 CSV/CFIHOS CORE equipment class v2.0.csv,745,source_reference_record,source_reference_record_unreviewed
piping and pipeline equipment,CFIHOS-30000949,sample cooler,A 'cooling device' that is intended for cooling a sample.,no,yes,Requested by ExxonMobil as part of owner operators alignment,,real,True,sha256:a69b98012d9e4a46495a3aed48eef8ce75a69d001eaa28b4c38cb0f3c921909d,CORE CFIHOS V2.0 CSV/CFIHOS CORE equipment class v2.0.csv,746,source_reference_record,source_reference_record_unreviewed
piping and pipeline equipment,CFIHOS-30000950,segment,A feature which is each of several parts into which a thing is or can be divided or marked off.,no,yes,Requested by ExxonMobil as part of owner operators alignment,,real,True,sha256:a69b98012d9e4a46495a3aed48eef8ce75a69d001eaa28b4c38cb0f3c921909d,CORE CFIHOS V2.0 CSV/CFIHOS CORE equipment class v2.0.csv,747,source_reference_record,source_reference_record_unreviewed
IT and telecom equipment,CFIHOS-30000951,signal receiver,"A physical object that is capable of receiving a signal and where the signal can be stored, recorded or converted into a useful form.",no,yes,Requested by ExxonMobil as part of owner operators alignment,,real,True,sha256:a69b98012d9e4a46495a3aed48eef8ce75a69d001eaa28b4c38cb0f3c921909d,CORE CFIHOS V2.0 CSV/CFIHOS CORE equipment class v2.0.csv,748,source_reference_record,source_reference_record_unreviewed
piping and pipeline equipment,CFIHOS-30000952,sleeve,"A sleeve or pipe of larger diameter installed around a pipeline, intended to protect or guide",no,yes,Requested by ExxonMobil as part of owner operators alignment,,real,True,sha256:a69b98012d9e4a46495a3aed48eef8ce75a69d001eaa28b4c38cb0f3c921909d,CORE CFIHOS V2.0 CSV/CFIHOS CORE equipment class v2.0.csv,749,source_reference_record,source_reference_record_unreviewed
subsea equipment class,CFIHOS-30000953,subsea power and communication unit,A topside unit providing electrical power and communications to the subsea control and monitoring equipment,no,yes,Requested by ExxonMobil and Total as part of owner operators alignment,,real,True,sha256:a69b98012d9e4a46495a3aed48eef8ce75a69d001eaa28b4c38cb0f3c921909d,CORE CFIHOS V2.0 CSV/CFIHOS CORE equipment class v2.0.csv,750,source_reference_record,source_reference_record_unreviewed
subsea equipment class,CFIHOS-30000954,subsea suction pile,Suction piles are a form of fixed platform anchor in the form of an open bottomed tube embedded in the sediment and sealed at the top while in use so that lifting forces generate a pressure differential which holds the caisson down,no,yes,Requested by ExxonMobil as part of owner operators alignment,,real,True,sha256:a69b98012d9e4a46495a3aed48eef8ce75a69d001eaa28b4c38cb0f3c921909d,CORE CFIHOS V2.0 CSV/CFIHOS CORE equipment class v2.0.csv,751,source_reference_record,source_reference_record_unreviewed
piping and pipeline equipment,CFIHOS-30000955,tap,A fluid regulator that controls the flow of liquid or gas from a pipe or container. Taps are often attached to a sink or bath.,no,yes,Requested by ExxonMobil as part of owner operators alignment,,real,True,sha256:a69b98012d9e4a46495a3aed48eef8ce75a69d001eaa28b4c38cb0f3c921909d,CORE CFIHOS V2.0 CSV/CFIHOS CORE equipment class v2.0.csv,752,source_reference_record,source_reference_record_unreviewed
piping and pipeline equipment,CFIHOS-30000956,tree cap,A tree cap is a barrier to keep the subsea environment clean in case of any leaks above the annulus or production swab valves. It includes a mechanism to indicate the metal seals have been set within the seal bore of subsea tree.,no,yes,Requested by ExxonMobil as part of owner operators alignment,,real,True,sha256:a69b98012d9e4a46495a3aed48eef8ce75a69d001eaa28b4c38cb0f3c921909d,CORE CFIHOS V2.0 CSV/CFIHOS CORE equipment class v2.0.csv,753,source_reference_record,source_reference_record_unreviewed
electrical equipment class,CFIHOS-30000957,voltage regulator,A regulator designed to automatically maintain a constant voltage level.,no,yes,Requested by ExxonMobil as part of owner operators alignment,voltage regulator diode,real,True,sha256:a69b98012d9e4a46495a3aed48eef8ce75a69d001eaa28b4c38cb0f3c921909d,CORE CFIHOS V2.0 CSV/CFIHOS CORE equipment class v2.0.csv,754,source_reference_record,source_reference_record_unreviewed
wall,CFIHOS-30000958,balustrade,"A railing or wall to provide a protective edge to prevent people from falling over the edge of stairs, a roof or mezzanine work area.",no,no,,,real,True,sha256:a69b98012d9e4a46495a3aed48eef8ce75a69d001eaa28b4c38cb0f3c921909d,CORE CFIHOS V2.0 CSV/CFIHOS CORE equipment class v2.0.csv,755,source_reference_record,source_reference_record_unreviewed
infrastructure,CFIHOS-30000959,bay,A compartment or area within a building with a specified function.,no,no,,,real,True,sha256:a69b98012d9e4a46495a3aed48eef8ce75a69d001eaa28b4c38cb0f3c921909d,CORE CFIHOS V2.0 CSV/CFIHOS CORE equipment class v2.0.csv,756,source_reference_record,source_reference_record_unreviewed
infrastructure,CFIHOS-30000960,buffers,"An engineering dampening device to provide a controlled end stop for vehicles , trolleys or cranes and associated equipment in motion.",no,no,,,real,True,sha256:a69b98012d9e4a46495a3aed48eef8ce75a69d001eaa28b4c38cb0f3c921909d,CORE CFIHOS V2.0 CSV/CFIHOS CORE equipment class v2.0.csv,757,source_reference_record,source_reference_record_unreviewed
IT and telecom equipment,CFIHOS-30000961,camera port,A viewing / mounting portal designed specifically for the use of CCTV in hazardous areas. Built to allow for full camera rotation.,no,no,,,real,True,sha256:a69b98012d9e4a46495a3aed48eef8ce75a69d001eaa28b4c38cb0f3c921909d,CORE CFIHOS V2.0 CSV/CFIHOS CORE equipment class v2.0.csv,758,source_reference_record,source_reference_record_unreviewed
infrastructure,CFIHOS-30000962,ceiling,The upper interior surface of a room or compartment.,no,no,,,real,True,sha256:a69b98012d9e4a46495a3aed48eef8ce75a69d001eaa28b4c38cb0f3c921909d,CORE CFIHOS V2.0 CSV/CFIHOS CORE equipment class v2.0.csv,759,source_reference_record,source_reference_record_unreviewed
infrastructure,CFIHOS-30000963,cell,An Area designed to facilitate safe storage and safe working with hazardous materials.,no,no,,,real,True,sha256:a69b98012d9e4a46495a3aed48eef8ce75a69d001eaa28b4c38cb0f3c921909d,CORE CFIHOS V2.0 CSV/CFIHOS CORE equipment class v2.0.csv,760,source_reference_record,source_reference_record_unreviewed
infrastructure,CFIHOS-30000964,cladding,A covering or coating applied to a structure to make it weathertight.,no,no,,,real,True,sha256:a69b98012d9e4a46495a3aed48eef8ce75a69d001eaa28b4c38cb0f3c921909d,CORE CFIHOS V2.0 CSV/CFIHOS CORE equipment class v2.0.csv,761,source_reference_record,source_reference_record_unreviewed
infrastructure,CFIHOS-30000965,column,"A support which is a cylindrical or slightly tapering body of considerably greater length than diameter, erected vertically as a support.",no,no,,,real,True,sha256:a69b98012d9e4a46495a3aed48eef8ce75a69d001eaa28b4c38cb0f3c921909d,CORE CFIHOS V2.0 CSV/CFIHOS CORE equipment class v2.0.csv,762,source_reference_record,source_reference_record_unreviewed
infrastructure,CFIHOS-30000966,corridor,A gallery or passage connecting parts of a building.,no,no,,,real,True,sha256:a69b98012d9e4a46495a3aed48eef8ce75a69d001eaa28b4c38cb0f3c921909d,CORE CFIHOS V2.0 CSV/CFIHOS CORE equipment class v2.0.csv,763,source_reference_record,source_reference_record_unreviewed
infrastructure,CFIHOS-30000967,duct,"A physical channel that acts as a conduit for fluids, gases, pipes or cables to transfer from one point to another.",no,no,,,real,True,sha256:a69b98012d9e4a46495a3aed48eef8ce75a69d001eaa28b4c38cb0f3c921909d,CORE CFIHOS V2.0 CSV/CFIHOS CORE equipment class v2.0.csv,764,source_reference_record,source_reference_record_unreviewed
infrastructure,CFIHOS-30000968,envelope opening,To allow external access to and egress from a building.,no,no,,,real,True,sha256:a69b98012d9e4a46495a3aed48eef8ce75a69d001eaa28b4c38cb0f3c921909d,CORE CFIHOS V2.0 CSV/CFIHOS CORE equipment class v2.0.csv,765,source_reference_record,source_reference_record_unreviewed
wall,CFIHOS-30000969,envelope wall,Equipment used for the buildings envelope to maintain structural integrity and provide a weatherproof enclosure.,no,no,,,real,True,sha256:a69b98012d9e4a46495a3aed48eef8ce75a69d001eaa28b4c38cb0f3c921909d,CORE CFIHOS V2.0 CSV/CFIHOS CORE equipment class v2.0.csv,766,source_reference_record,source_reference_record_unreviewed
infrastructure,CFIHOS-30000970,equipment room,"A designated room that contains diverse types of engineering, scientific or technical equipment to support plant processes or operations.",no,no,,,real,True,sha256:a69b98012d9e4a46495a3aed48eef8ce75a69d001eaa28b4c38cb0f3c921909d,CORE CFIHOS V2.0 CSV/CFIHOS CORE equipment class v2.0.csv,767,source_reference_record,source_reference_record_unreviewed
infrastructure,CFIHOS-30000971,fixture,Equipment or apparatus which is fixed in position in a building or operational area.,no,no,,,real,True,sha256:a69b98012d9e4a46495a3aed48eef8ce75a69d001eaa28b4c38cb0f3c921909d,CORE CFIHOS V2.0 CSV/CFIHOS CORE equipment class v2.0.csv,768,source_reference_record,source_reference_record_unreviewed
infrastructure,CFIHOS-30000972,floor,"A level contained within a building or industrial compound, that provides safe access and a stable working or operational area for internal structures, equipment & personnel.",no,no,,,real,True,sha256:a69b98012d9e4a46495a3aed48eef8ce75a69d001eaa28b4c38cb0f3c921909d,CORE CFIHOS V2.0 CSV/CFIHOS CORE equipment class v2.0.csv,769,source_reference_record,source_reference_record_unreviewed
infrastructure,CFIHOS-30000973,foul water drainage,"Equipment used to drain foul water, and sewage.",no,no,,,real,True,sha256:a69b98012d9e4a46495a3aed48eef8ce75a69d001eaa28b4c38cb0f3c921909d,CORE CFIHOS V2.0 CSV/CFIHOS CORE equipment class v2.0.csv,770,source_reference_record,source_reference_record_unreviewed
infrastructure,CFIHOS-30000974,groundwater protection,Barrier material used to prevent moisture transmission.,no,no,,,real,True,sha256:a69b98012d9e4a46495a3aed48eef8ce75a69d001eaa28b4c38cb0f3c921909d,CORE CFIHOS V2.0 CSV/CFIHOS CORE equipment class v2.0.csv,771,source_reference_record,source_reference_record_unreviewed
infrastructure,CFIHOS-30000975,gully drain,A drainage channel that can be enclosed like a pipe or can be open with a protective grill. Typically used to collect rainwater or fluid spills in operational or production areas.,no,no,,,real,True,sha256:a69b98012d9e4a46495a3aed48eef8ce75a69d001eaa28b4c38cb0f3c921909d,CORE CFIHOS V2.0 CSV/CFIHOS CORE equipment class v2.0.csv,772,source_reference_record,source_reference_record_unreviewed
infrastructure,CFIHOS-30000976,handrail,"A narrow bar that people can hold on to for support, especially when using stairs.",no,no,,,real,True,sha256:a69b98012d9e4a46495a3aed48eef8ce75a69d001eaa28b4c38cb0f3c921909d,CORE CFIHOS V2.0 CSV/CFIHOS CORE equipment class v2.0.csv,773,source_reference_record,source_reference_record_unreviewed
infrastructure,CFIHOS-30000977,hoistwell,"A hoistwell or hoistway, is a shaft built into a building or structure to allow the lifting of goods and equipment. Designates a given area in a building where there may be a risk to personnel from suspended loads.",no,no,,,real,True,sha256:a69b98012d9e4a46495a3aed48eef8ce75a69d001eaa28b4c38cb0f3c921909d,CORE CFIHOS V2.0 CSV/CFIHOS CORE equipment class v2.0.csv,774,source_reference_record,source_reference_record_unreviewed
infrastructure,CFIHOS-30000978,lagging,A solid layer or covering of protective materials.,no,no,,,real,True,sha256:a69b98012d9e4a46495a3aed48eef8ce75a69d001eaa28b4c38cb0f3c921909d,CORE CFIHOS V2.0 CSV/CFIHOS CORE equipment class v2.0.csv,775,source_reference_record,source_reference_record_unreviewed
infrastructure,CFIHOS-30000979,lead glass window,A type of window designed to enable safe viewing of hazardous areas.,no,no,,,real,True,sha256:a69b98012d9e4a46495a3aed48eef8ce75a69d001eaa28b4c38cb0f3c921909d,CORE CFIHOS V2.0 CSV/CFIHOS CORE equipment class v2.0.csv,776,source_reference_record,source_reference_record_unreviewed
vessel,CFIHOS-30000980,leakage collection system,Equipment used to provide secondary containment of liquids.,no,no,,,real,True,sha256:a69b98012d9e4a46495a3aed48eef8ce75a69d001eaa28b4c38cb0f3c921909d,CORE CFIHOS V2.0 CSV/CFIHOS CORE equipment class v2.0.csv,777,source_reference_record,source_reference_record_unreviewed
infrastructure,CFIHOS-30000981,lintel,"A structural support of concrete or metal, placed over a door or window frame or in other locations where needed.",no,no,,,real,True,sha256:a69b98012d9e4a46495a3aed48eef8ce75a69d001eaa28b4c38cb0f3c921909d,CORE CFIHOS V2.0 CSV/CFIHOS CORE equipment class v2.0.csv,778,source_reference_record,source_reference_record_unreviewed
infrastructure,CFIHOS-30000982,local access equipment,Fixed equipment used to allow ease of access.,no,no,,,real,True,sha256:a69b98012d9e4a46495a3aed48eef8ce75a69d001eaa28b4c38cb0f3c921909d,CORE CFIHOS V2.0 CSV/CFIHOS CORE equipment class v2.0.csv,779,source_reference_record,source_reference_record_unreviewed
piping and pipeline equipment,CFIHOS-30000983,lute sample point,"Multiple types , a point of attachment to pipework that allows samples to be taken.",no,no,,,real,True,sha256:a69b98012d9e4a46495a3aed48eef8ce75a69d001eaa28b4c38cb0f3c921909d,CORE CFIHOS V2.0 CSV/CFIHOS CORE equipment class v2.0.csv,780,source_reference_record,source_reference_record_unreviewed
lifting device,CFIHOS-30000984,mobile platform,"An aerial work platform (AWP), elevating work platform (EWP), or mobile elevating work platform (MEWP) is a mechanical device used to provide temporary access for people or equipment to inaccessible areas, usually at height.",no,yes,,,real,True,sha256:a69b98012d9e4a46495a3aed48eef8ce75a69d001eaa28b4c38cb0f3c921909d,CORE CFIHOS V2.0 CSV/CFIHOS CORE equipment class v2.0.csv,781,source_reference_record,source_reference_record_unreviewed
electrical equipment class,CFIHOS-30000985,rail crossing indicator,A signal at a railway grade crossing that indicates the approach of a Locomotive.,no,yes,,,real,True,sha256:a69b98012d9e4a46495a3aed48eef8ce75a69d001eaa28b4c38cb0f3c921909d,CORE CFIHOS V2.0 CSV/CFIHOS CORE equipment class v2.0.csv,782,source_reference_record,source_reference_record_unreviewed
infrastructure,CFIHOS-30000986,rail key token station,A safety system to govern the use of single rail tracks to ensure only one locomotive can use the track at any one time. The rail key token station controls the issue of key tokens permitting movement.,no,no,,,real,True,sha256:a69b98012d9e4a46495a3aed48eef8ce75a69d001eaa28b4c38cb0f3c921909d,CORE CFIHOS V2.0 CSV/CFIHOS CORE equipment class v2.0.csv,783,source_reference_record,source_reference_record_unreviewed
infrastructure,CFIHOS-30000987,rail track,"A physical object that consists of two parallel steel rails, generally anchored perpendicular to beams or railroad ties of timber, concrete, or steel to maintain a consistent distance apart, to facilitate transport on the rails with vehicles arranged in a train without the need for steering.",no,no,,,real,True,sha256:a69b98012d9e4a46495a3aed48eef8ce75a69d001eaa28b4c38cb0f3c921909d,CORE CFIHOS V2.0 CSV/CFIHOS CORE equipment class v2.0.csv,784,source_reference_record,source_reference_record_unreviewed
infrastructure,CFIHOS-30000988,ramp,"A sloping surface joining two different levels, as at the entrance or between floors of a building.",no,no,,,real,True,sha256:a69b98012d9e4a46495a3aed48eef8ce75a69d001eaa28b4c38cb0f3c921909d,CORE CFIHOS V2.0 CSV/CFIHOS CORE equipment class v2.0.csv,785,source_reference_record,source_reference_record_unreviewed
wall,CFIHOS-30000989,retaining wall,Vertical structure used to resist the lateral pressure of the ground and maintains structural integrity.,no,no,,,real,True,sha256:a69b98012d9e4a46495a3aed48eef8ce75a69d001eaa28b4c38cb0f3c921909d,CORE CFIHOS V2.0 CSV/CFIHOS CORE equipment class v2.0.csv,786,source_reference_record,source_reference_record_unreviewed
infrastructure,CFIHOS-30000990,roof,"A physical object that is the outside upper covering of a house or other building or the ceiling of a room or other covered part of a house, building, etc.",no,no,,,real,True,sha256:a69b98012d9e4a46495a3aed48eef8ce75a69d001eaa28b4c38cb0f3c921909d,CORE CFIHOS V2.0 CSV/CFIHOS CORE equipment class v2.0.csv,787,source_reference_record,source_reference_record_unreviewed
infrastructure,CFIHOS-30000991,roof cover,A cover intended to cover an outer roof.,no,no,,,real,True,sha256:a69b98012d9e4a46495a3aed48eef8ce75a69d001eaa28b4c38cb0f3c921909d,CORE CFIHOS V2.0 CSV/CFIHOS CORE equipment class v2.0.csv,788,source_reference_record,source_reference_record_unreviewed
infrastructure,CFIHOS-30000992,room,Part of the inside of a building that is divided from other areas by walls and a door and that has its own floor and ceiling.,no,no,,,real,True,sha256:a69b98012d9e4a46495a3aed48eef8ce75a69d001eaa28b4c38cb0f3c921909d,CORE CFIHOS V2.0 CSV/CFIHOS CORE equipment class v2.0.csv,789,source_reference_record,source_reference_record_unreviewed
infrastructure,CFIHOS-30000993,sanitary ware,Equipment used to allow drainage of foul water.,no,no,,,real,True,sha256:a69b98012d9e4a46495a3aed48eef8ce75a69d001eaa28b4c38cb0f3c921909d,CORE CFIHOS V2.0 CSV/CFIHOS CORE equipment class v2.0.csv,790,source_reference_record,source_reference_record_unreviewed
wall,CFIHOS-30000994,secondary wall,Equipment used for room separation.,no,no,,,real,True,sha256:a69b98012d9e4a46495a3aed48eef8ce75a69d001eaa28b4c38cb0f3c921909d,CORE CFIHOS V2.0 CSV/CFIHOS CORE equipment class v2.0.csv,791,source_reference_record,source_reference_record_unreviewed
other mechanical equipment,CFIHOS-30000995,shield door,"A hinged or sliding barrier used to control access to a high hazard area, made from robust materials used to protect personnel from exposure to hazards.",no,no,,,real,True,sha256:a69b98012d9e4a46495a3aed48eef8ce75a69d001eaa28b4c38cb0f3c921909d,CORE CFIHOS V2.0 CSV/CFIHOS CORE equipment class v2.0.csv,792,source_reference_record,source_reference_record_unreviewed
"health, safety and environment equipment class",CFIHOS-30000996,sign,Visual signs to convey information or messages relating to item identification and locations. Conforming to standards as per type.,no,no,,,real,True,sha256:a69b98012d9e4a46495a3aed48eef8ce75a69d001eaa28b4c38cb0f3c921909d,CORE CFIHOS V2.0 CSV/CFIHOS CORE equipment class v2.0.csv,793,source_reference_record,source_reference_record_unreviewed
infrastructure,CFIHOS-30000997,staircase,A stepped construction designed to enable users to move between floors or levels within a building or working area.,no,no,,,real,True,sha256:a69b98012d9e4a46495a3aed48eef8ce75a69d001eaa28b4c38cb0f3c921909d,CORE CFIHOS V2.0 CSV/CFIHOS CORE equipment class v2.0.csv,794,source_reference_record,source_reference_record_unreviewed
infrastructure,CFIHOS-30000998,structural ancillary frame,"A framework that is used to add to existing steelwork, to bear the weight of extra shielding or coating or protecting pipework.",no,no,,,real,True,sha256:a69b98012d9e4a46495a3aed48eef8ce75a69d001eaa28b4c38cb0f3c921909d,CORE CFIHOS V2.0 CSV/CFIHOS CORE equipment class v2.0.csv,795,source_reference_record,source_reference_record_unreviewed
wall,CFIHOS-30000999,structural cell wall,"A wall, used to maintain structural integrity, and provide Shielding and Containment.",no,no,,,real,True,sha256:a69b98012d9e4a46495a3aed48eef8ce75a69d001eaa28b4c38cb0f3c921909d,CORE CFIHOS V2.0 CSV/CFIHOS CORE equipment class v2.0.csv,796,source_reference_record,source_reference_record_unreviewed
infrastructure,CFIHOS-30001000,structural floor,"The lower enclosing surface of a room, used to support imposed loads.",no,no,,,real,True,sha256:a69b98012d9e4a46495a3aed48eef8ce75a69d001eaa28b4c38cb0f3c921909d,CORE CFIHOS V2.0 CSV/CFIHOS CORE equipment class v2.0.csv,797,source_reference_record,source_reference_record_unreviewed
infrastructure,CFIHOS-30001001,structural frame,Installed equipment used to provide structural support.,no,no,,,real,True,sha256:a69b98012d9e4a46495a3aed48eef8ce75a69d001eaa28b4c38cb0f3c921909d,CORE CFIHOS V2.0 CSV/CFIHOS CORE equipment class v2.0.csv,798,source_reference_record,source_reference_record_unreviewed
wall,CFIHOS-30001002,structural wall,"A wall used to maintain structural integrity, and provide separation.",no,no,,,real,True,sha256:a69b98012d9e4a46495a3aed48eef8ce75a69d001eaa28b4c38cb0f3c921909d,CORE CFIHOS V2.0 CSV/CFIHOS CORE equipment class v2.0.csv,799,source_reference_record,source_reference_record_unreviewed
infrastructure,CFIHOS-30001003,superstructure,The external fabric of a building that is visible above ground.,no,no,,,real,True,sha256:a69b98012d9e4a46495a3aed48eef8ce75a69d001eaa28b4c38cb0f3c921909d,CORE CFIHOS V2.0 CSV/CFIHOS CORE equipment class v2.0.csv,800,source_reference_record,source_reference_record_unreviewed
infrastructure,CFIHOS-30001004,surface water collection system,Equipment used to direct surface water flow.,no,no,,,real,True,sha256:a69b98012d9e4a46495a3aed48eef8ce75a69d001eaa28b4c38cb0f3c921909d,CORE CFIHOS V2.0 CSV/CFIHOS CORE equipment class v2.0.csv,801,source_reference_record,source_reference_record_unreviewed
infrastructure,CFIHOS-30001005,trench,A narrow excavation of considerable length cut into the ground.,no,no,,,real,True,sha256:a69b98012d9e4a46495a3aed48eef8ce75a69d001eaa28b4c38cb0f3c921909d,CORE CFIHOS V2.0 CSV/CFIHOS CORE equipment class v2.0.csv,802,source_reference_record,source_reference_record_unreviewed
IT and telecom equipment,CFIHOS-30001006,tv access plug,A means of connection for TV equipment to link to remote cameras located inside a shielded area. Also a means of inserting an inspection Camera into a viewing port to enable viewing within restricted access areas.,no,no,,,real,True,sha256:a69b98012d9e4a46495a3aed48eef8ce75a69d001eaa28b4c38cb0f3c921909d,CORE CFIHOS V2.0 CSV/CFIHOS CORE equipment class v2.0.csv,803,source_reference_record,source_reference_record_unreviewed
infrastructure,CFIHOS-30001007,vault,An Area designed to facilitate safe and secure storage of hazardous materials.,no,no,,,real,True,sha256:a69b98012d9e4a46495a3aed48eef8ce75a69d001eaa28b4c38cb0f3c921909d,CORE CFIHOS V2.0 CSV/CFIHOS CORE equipment class v2.0.csv,804,source_reference_record,source_reference_record_unreviewed
infrastructure,CFIHOS-30001008,viewport,A type of portal designed to enable a safe but limited view into a hazardous area.,no,no,,,real,True,sha256:a69b98012d9e4a46495a3aed48eef8ce75a69d001eaa28b4c38cb0f3c921909d,CORE CFIHOS V2.0 CSV/CFIHOS CORE equipment class v2.0.csv,805,source_reference_record,source_reference_record_unreviewed
"health, safety and environment equipment class",CFIHOS-30001009,eye wash bottle,Renewable eye wash bottles mounted in fixed locations.,no,no,,,real,True,sha256:a69b98012d9e4a46495a3aed48eef8ce75a69d001eaa28b4c38cb0f3c921909d,CORE CFIHOS V2.0 CSV/CFIHOS CORE equipment class v2.0.csv,806,source_reference_record,source_reference_record_unreviewed
switchgear and controlgear,CFIHOS-30001010,automatic circuit recloser,"A self-controlled device for making, carrying, and automatically interrupting and reclosing an alternating-current circuit.",no,yes,,,real,True,sha256:a69b98012d9e4a46495a3aed48eef8ce75a69d001eaa28b4c38cb0f3c921909d,CORE CFIHOS V2.0 CSV/CFIHOS CORE equipment class v2.0.csv,807,source_reference_record,source_reference_record_unreviewed
driver,CFIHOS-30001011,pumpjack,An aboveground drive for a reciprocating piston pump in an oil well.,yes,yes,,beam-type pump jack,real,True,sha256:a69b98012d9e4a46495a3aed48eef8ce75a69d001eaa28b4c38cb0f3c921909d,CORE CFIHOS V2.0 CSV/CFIHOS CORE equipment class v2.0.csv,808,source_reference_record,source_reference_record_unreviewed
marine,CFIHOS-30001012,boat,A small open vessel for travelling on water.,no,yes,,,real,True,sha256:a69b98012d9e4a46495a3aed48eef8ce75a69d001eaa28b4c38cb0f3c921909d,CORE CFIHOS V2.0 CSV/CFIHOS CORE equipment class v2.0.csv,809,source_reference_record,source_reference_record_unreviewed
boat,CFIHOS-30001013,rescue boat,A rescue boat designed for rescuing personnel.,no,yes,,,real,True,sha256:a69b98012d9e4a46495a3aed48eef8ce75a69d001eaa28b4c38cb0f3c921909d,CORE CFIHOS V2.0 CSV/CFIHOS CORE equipment class v2.0.csv,810,source_reference_record,source_reference_record_unreviewed
control valve,CFIHOS-30001014,pinch control valve,"A pinch valve is an actuated membrane valve that is comprising a flexible tube, either exposed or enclosed in a body. The tube is pinched to close by mechanical means.",no,yes,,,real,True,sha256:a69b98012d9e4a46495a3aed48eef8ce75a69d001eaa28b4c38cb0f3c921909d,CORE CFIHOS V2.0 CSV/CFIHOS CORE equipment class v2.0.csv,811,source_reference_record,source_reference_record_unreviewed
tank,CFIHOS-30001015,diaphragm tank,A pressure tank divided into two areas: the upper is a fluid storage area and the lower is a gas pressure area with the two areas separated by a diaphragm.,no,yes,,,real,True,sha256:a69b98012d9e4a46495a3aed48eef8ce75a69d001eaa28b4c38cb0f3c921909d,CORE CFIHOS V2.0 CSV/CFIHOS CORE equipment class v2.0.csv,812,source_reference_record,source_reference_record_unreviewed
heat exchanger,CFIHOS-30001016,direct contact heat exchanger,A heat exchanger that allows contact between the hot and cold fluids.,no,yes,,,real,True,sha256:a69b98012d9e4a46495a3aed48eef8ce75a69d001eaa28b4c38cb0f3c921909d,CORE CFIHOS V2.0 CSV/CFIHOS CORE equipment class v2.0.csv,813,source_reference_record,source_reference_record_unreviewed
heat exchanger,CFIHOS-30001017,double pipe heat exchanger,"A heat exchanger that consists of two co-axial pipes of different sizes, where one fluid passes though the  inner pipe and the other fluid passes through the space between the inner and the outer pipes.",no,yes,,,real,True,sha256:a69b98012d9e4a46495a3aed48eef8ce75a69d001eaa28b4c38cb0f3c921909d,CORE CFIHOS V2.0 CSV/CFIHOS CORE equipment class v2.0.csv,814,source_reference_record,source_reference_record_unreviewed
electrical equipment class,CFIHOS-30001018,harmonic filter,A physical object that is a passive circuit that attenuates all signals except those within one or more frequency bands.,no,yes,,,real,True,sha256:a69b98012d9e4a46495a3aed48eef8ce75a69d001eaa28b4c38cb0f3c921909d,CORE CFIHOS V2.0 CSV/CFIHOS CORE equipment class v2.0.csv,815,source_reference_record,source_reference_record_unreviewed
separator,CFIHOS-30001019,heater treater,A 2 or 3-phase separator vessel that utilizes heat and mechanical separation devices to facilitate the separation of oil-water emulsions.,no,yes,,,real,True,sha256:a69b98012d9e4a46495a3aed48eef8ce75a69d001eaa28b4c38cb0f3c921909d,CORE CFIHOS V2.0 CSV/CFIHOS CORE equipment class v2.0.csv,816,source_reference_record,source_reference_record_unreviewed
pumpjack,CFIHOS-30001020,long-stroke pumpjack,A non-beam type pump jack that uses a longer stroke.,no,yes,,,real,True,sha256:a69b98012d9e4a46495a3aed48eef8ce75a69d001eaa28b4c38cb0f3c921909d,CORE CFIHOS V2.0 CSV/CFIHOS CORE equipment class v2.0.csv,817,source_reference_record,source_reference_record_unreviewed
manual valve,CFIHOS-30001021,pinch valve,"A membrane valve that is comprising a flexible tube, either exposed or enclosed in a body. The tube is pinched to close by mechanical means.",no,yes,,,real,True,sha256:a69b98012d9e4a46495a3aed48eef8ce75a69d001eaa28b4c38cb0f3c921909d,CORE CFIHOS V2.0 CSV/CFIHOS CORE equipment class v2.0.csv,818,source_reference_record,source_reference_record_unreviewed
infrastructure,CFIHOS-30001022,piling,Heavy stakes or posts installed to support the foundations of a superstructure.,no,no,,,real,True,sha256:a69b98012d9e4a46495a3aed48eef8ce75a69d001eaa28b4c38cb0f3c921909d,CORE CFIHOS V2.0 CSV/CFIHOS CORE equipment class v2.0.csv,819,source_reference_record,source_reference_record_unreviewed
relief valve,CFIHOS-30001023,pin-actuated pressure relief valve,A non-reclosing pressure-relief device actuated by the static differential pressure between the inlet and outlet of the device.,no,yes,,,real,True,sha256:a69b98012d9e4a46495a3aed48eef8ce75a69d001eaa28b4c38cb0f3c921909d,CORE CFIHOS V2.0 CSV/CFIHOS CORE equipment class v2.0.csv,820,source_reference_record,source_reference_record_unreviewed
plate heat exchanger,CFIHOS-30001024,plate fin heat exchanger,A non-corrugated plate heat exchanger that has flat core plates separated by u-shaped fins or corrugated plates.,no,yes,,,real,True,sha256:a69b98012d9e4a46495a3aed48eef8ce75a69d001eaa28b4c38cb0f3c921909d,CORE CFIHOS V2.0 CSV/CFIHOS CORE equipment class v2.0.csv,821,source_reference_record,source_reference_record_unreviewed
conveyor,CFIHOS-30001025,pneumatic conveyor,"A conveyor for transporting dry, free flowing, granular material in suspension within a pipe or duct by means of a high-velocity airstream or by the energy of expanding compressed air within a comparatively dense column of fluidized or aerated material.",no,yes,,,real,True,sha256:a69b98012d9e4a46495a3aed48eef8ce75a69d001eaa28b4c38cb0f3c921909d,CORE CFIHOS V2.0 CSV/CFIHOS CORE equipment class v2.0.csv,822,source_reference_record,source_reference_record_unreviewed
pumpjack,CFIHOS-30001026,beam pumpjack,A pump jack that converts rotary motion to vertical reciprocating motion.,no,yes,,,real,True,sha256:a69b98012d9e4a46495a3aed48eef8ce75a69d001eaa28b4c38cb0f3c921909d,CORE CFIHOS V2.0 CSV/CFIHOS CORE equipment class v2.0.csv,823,source_reference_record,source_reference_record_unreviewed
vessel,CFIHOS-30001027,silo,A vessel that has a bottom in the shape of a cone and is intended to store solid particles.,no,yes,,,real,True,sha256:a69b98012d9e4a46495a3aed48eef8ce75a69d001eaa28b4c38cb0f3c921909d,CORE CFIHOS V2.0 CSV/CFIHOS CORE equipment class v2.0.csv,824,source_reference_record,source_reference_record_unreviewed
electrical equipment class,CFIHOS-30001028,thermoelectric generator,A solid state device that converts heat flux (temperature differences) directly into electrical energy.,no,no,,,real,True,sha256:a69b98012d9e4a46495a3aed48eef8ce75a69d001eaa28b4c38cb0f3c921909d,CORE CFIHOS V2.0 CSV/CFIHOS CORE equipment class v2.0.csv,825,source_reference_record,source_reference_record_unreviewed
tank,CFIHOS-30001029,tote tank,A tank which is supposed to be transported.,no,yes,,,real,True,sha256:a69b98012d9e4a46495a3aed48eef8ce75a69d001eaa28b4c38cb0f3c921909d,CORE CFIHOS V2.0 CSV/CFIHOS CORE equipment class v2.0.csv,826,source_reference_record,source_reference_record_unreviewed
control valve,CFIHOS-30001030,trip and throttle valve,Trip & throttle valves provide flow control and emergency shut-off operation for steam turbines in a single valve assembly.,no,yes,,,real,True,sha256:a69b98012d9e4a46495a3aed48eef8ce75a69d001eaa28b4c38cb0f3c921909d,CORE CFIHOS V2.0 CSV/CFIHOS CORE equipment class v2.0.csv,827,source_reference_record,source_reference_record_unreviewed
tank,CFIHOS-30001031,underground storage tank,A tank (or a combination of tanks) and connected underground piping having at least 10 percent of their combined volume underground.,no,yes,,,real,True,sha256:a69b98012d9e4a46495a3aed48eef8ce75a69d001eaa28b4c38cb0f3c921909d,CORE CFIHOS V2.0 CSV/CFIHOS CORE equipment class v2.0.csv,828,source_reference_record,source_reference_record_unreviewed
pump,CFIHOS-30001032,vacuum pump,A pump that utilizes a liquid annulus held by centrifugal force around the inside of a casing by a single rotor-impeller to compress vapour isothermally.,no,yes,,,real,True,sha256:a69b98012d9e4a46495a3aed48eef8ce75a69d001eaa28b4c38cb0f3c921909d,CORE CFIHOS V2.0 CSV/CFIHOS CORE equipment class v2.0.csv,829,source_reference_record,source_reference_record_unreviewed
conveyor,CFIHOS-30001033,vibrating conveyor,"A conveyor that is a tubular or flat trough with slides, to which vibrators are attached. The latter impart an upward and forward conveying movement to bulk materials in the trough.",no,yes,,,real,True,sha256:a69b98012d9e4a46495a3aed48eef8ce75a69d001eaa28b4c38cb0f3c921909d,CORE CFIHOS V2.0 CSV/CFIHOS CORE equipment class v2.0.csv,830,source_reference_record,source_reference_record_unreviewed
infrastructure,CFIHOS-30001034,windsock,"A windsock, or wind cone, is a conical textile tube that resembles a giant sock. Windsocks can be used as a basic guide to wind direction and speed.",no,no,,,real,True,sha256:a69b98012d9e4a46495a3aed48eef8ce75a69d001eaa28b4c38cb0f3c921909d,CORE CFIHOS V2.0 CSV/CFIHOS CORE equipment class v2.0.csv,831,source_reference_record,source_reference_record_unreviewed
turbine,CFIHOS-30001035,wind turbine,A turbine that converts the kinetic energy of the wind into electrical power.,no,yes,,,real,True,sha256:a69b98012d9e4a46495a3aed48eef8ce75a69d001eaa28b4c38cb0f3c921909d,CORE CFIHOS V2.0 CSV/CFIHOS CORE equipment class v2.0.csv,832,source_reference_record,source_reference_record_unreviewed
