tag or equipment class CFIHOS unique code,tag or equipment class,source standard CFIHOS unique code,source standard code,data_origin,is_real,source_artifact_id,source_archive_member,source_row,annotation_origin,verification_status
CFIHOS-30001014,pinch control valve,CFIHOS-90000183,ANSI/ISA-75.10.01-2013,real,True,sha256:a69b98012d9e4a46495a3aed48eef8ce75a69d001eaa28b4c38cb0f3c921909d,CORE CFIHOS V2.0 CSV/CFIHOS CORE tag or equipment class source standard v2.0.csv,1,source_reference_record,source_reference_record_unreviewed
CFIHOS-30001021,pinch valve,CFIHOS-90000183,ANSI/ISA-75.10.01-2013,real,True,sha256:a69b98012d9e4a46495a3aed48eef8ce75a69d001eaa28b4c38cb0f3c921909d,CORE CFIHOS V2.0 CSV/CFIHOS CORE tag or equipment class source standard v2.0.csv,2,source_reference_record,source_reference_record_unreviewed
CFIHOS-30001031,underground storage tank,CFIHOS-90000204,API Recommended Practice 1631:1997,real,True,sha256:a69b98012d9e4a46495a3aed48eef8ce75a69d001eaa28b4c38cb0f3c921909d,CORE CFIHOS V2.0 CSV/CFIHOS CORE tag or equipment class source standard v2.0.csv,3,source_reference_record,source_reference_record_unreviewed
CFIHOS-30001023,pin-actuated pressure relief valve,CFIHOS-90000196,API Recommended Practice 576:2017,real,True,sha256:a69b98012d9e4a46495a3aed48eef8ce75a69d001eaa28b4c38cb0f3c921909d,CORE CFIHOS V2.0 CSV/CFIHOS CORE tag or equipment class source standard v2.0.csv,4,source_reference_record,source_reference_record_unreviewed
CFIHOS-30001026,beam pumpjack,CFIHOS-90000187,API Spec 11E:2022,real,True,sha256:a69b98012d9e4a46495a3aed48eef8ce75a69d001eaa28b4c38cb0f3c921909d,CORE CFIHOS V2.0 CSV/CFIHOS CORE tag or equipment class source standard v2.0.csv,5,source_reference_record,source_reference_record_unreviewed
CFIHOS-30001020,long-stroke pumpjack,CFIHOS-90000187,API Spec 11E:2022,real,True,sha256:a69b98012d9e4a46495a3aed48eef8ce75a69d001eaa28b4c38cb0f3c921909d,CORE CFIHOS V2.0 CSV/CFIHOS CORE tag or equipment class source standard v2.0.csv,6,source_reference_record,source_reference_record_unreviewed
CFIHOS-30001011,pumpjack,CFIHOS-90000187,API Spec 11E:2022,real,True,sha256:a69b98012d9e4a46495a3aed48eef8ce75a69d001eaa28b4c38cb0f3c921909d,CORE CFIHOS V2.0 CSV/CFIHOS CORE tag or equipment class source standard v2.0.csv,7,source_reference_record,source_reference_record_unreviewed
CFIHOS-30001019,heater treater,CFIHOS-90000193,API Spec 12L:2008,real,True,sha256:a69b98012d9e4a46495a3aed48eef8ce75a69d001eaa28b4c38cb0f3c921909d,CORE CFIHOS V2.0 CSV/CFIHOS CORE tag or equipment class source standard v2.0.csv,8,source_reference_record,source_reference_record_unreviewed
CFIHOS-30000806,ball control valve,CFIHOS-90000008,API Spec 6D:2014,real,True,sha256:a69b98012d9e4a46495a3aed48eef8ce75a69d001eaa28b4c38cb0f3c921909d,CORE CFIHOS V2.0 CSV/CFIHOS CORE tag or equipment class source standard v2.0.csv,9,source_reference_record,source_reference_record_unreviewed
CFIHOS-30000807,ball valve,CFIHOS-90000008,API Spec 6D:2014,real,True,sha256:a69b98012d9e4a46495a3aed48eef8ce75a69d001eaa28b4c38cb0f3c921909d,CORE CFIHOS V2.0 CSV/CFIHOS CORE tag or equipment class source standard v2.0.csv,10,source_reference_record,source_reference_record_unreviewed
CFIHOS-30001029,tote tank,CFIHOS-90000202,API Std 2CCU:2017,real,True,sha256:a69b98012d9e4a46495a3aed48eef8ce75a69d001eaa28b4c38cb0f3c921909d,CORE CFIHOS V2.0 CSV/CFIHOS CORE tag or equipment class source standard v2.0.csv,11,source_reference_record,source_reference_record_unreviewed
CFIHOS-30000838,gate valve,CFIHOS-90000012,API Std 600:2015,real,True,sha256:a69b98012d9e4a46495a3aed48eef8ce75a69d001eaa28b4c38cb0f3c921909d,CORE CFIHOS V2.0 CSV/CFIHOS CORE tag or equipment class source standard v2.0.csv,12,source_reference_record,source_reference_record_unreviewed
CFIHOS-30000837,gate control valve,CFIHOS-90000013,API Std 603:2018,real,True,sha256:a69b98012d9e4a46495a3aed48eef8ce75a69d001eaa28b4c38cb0f3c921909d,CORE CFIHOS V2.0 CSV/CFIHOS CORE tag or equipment class source standard v2.0.csv,13,source_reference_record,source_reference_record_unreviewed
CFIHOS-30000521,centrifugal pump,CFIHOS-90000015,API Std 610:2010,real,True,sha256:a69b98012d9e4a46495a3aed48eef8ce75a69d001eaa28b4c38cb0f3c921909d,CORE CFIHOS V2.0 CSV/CFIHOS CORE tag or equipment class source standard v2.0.csv,14,source_reference_record,source_reference_record_unreviewed
CFIHOS-30000556,steam turbine,CFIHOS-90000016,API Std 611:2008,real,True,sha256:a69b98012d9e4a46495a3aed48eef8ce75a69d001eaa28b4c38cb0f3c921909d,CORE CFIHOS V2.0 CSV/CFIHOS CORE tag or equipment class source standard v2.0.csv,15,source_reference_record,source_reference_record_unreviewed
CFIHOS-30000556,steam turbine,CFIHOS-90000017,API Std 612:2014,real,True,sha256:a69b98012d9e4a46495a3aed48eef8ce75a69d001eaa28b4c38cb0f3c921909d,CORE CFIHOS V2.0 CSV/CFIHOS CORE tag or equipment class source standard v2.0.csv,16,source_reference_record,source_reference_record_unreviewed
CFIHOS-30001030,trip and throttle valve,CFIHOS-90000203,API Std 612:2020,real,True,sha256:a69b98012d9e4a46495a3aed48eef8ce75a69d001eaa28b4c38cb0f3c921909d,CORE CFIHOS V2.0 CSV/CFIHOS CORE tag or equipment class source standard v2.0.csv,17,source_reference_record,source_reference_record_unreviewed
CFIHOS-30000535,gear box,CFIHOS-90000018,API Std 613:2007,real,True,sha256:a69b98012d9e4a46495a3aed48eef8ce75a69d001eaa28b4c38cb0f3c921909d,CORE CFIHOS V2.0 CSV/CFIHOS CORE tag or equipment class source standard v2.0.csv,18,source_reference_record,source_reference_record_unreviewed
CFIHOS-30000534,gas turbine,CFIHOS-90000019,API Std 616:2011,real,True,sha256:a69b98012d9e4a46495a3aed48eef8ce75a69d001eaa28b4c38cb0f3c921909d,CORE CFIHOS V2.0 CSV/CFIHOS CORE tag or equipment class source standard v2.0.csv,19,source_reference_record,source_reference_record_unreviewed
CFIHOS-30000516,axial compressor,CFIHOS-90000020,API Std 617-1:2010,real,True,sha256:a69b98012d9e4a46495a3aed48eef8ce75a69d001eaa28b4c38cb0f3c921909d,CORE CFIHOS V2.0 CSV/CFIHOS CORE tag or equipment class source standard v2.0.csv,20,source_reference_record,source_reference_record_unreviewed
CFIHOS-30000520,centrifugal compressor,CFIHOS-90000020,API Std 617-1:2010,real,True,sha256:a69b98012d9e4a46495a3aed48eef8ce75a69d001eaa28b4c38cb0f3c921909d,CORE CFIHOS V2.0 CSV/CFIHOS CORE tag or equipment class source standard v2.0.csv,21,source_reference_record,source_reference_record_unreviewed
CFIHOS-30000516,axial compressor,CFIHOS-90000021,API Std 617-2:2010,real,True,sha256:a69b98012d9e4a46495a3aed48eef8ce75a69d001eaa28b4c38cb0f3c921909d,CORE CFIHOS V2.0 CSV/CFIHOS CORE tag or equipment class source standard v2.0.csv,22,source_reference_record,source_reference_record_unreviewed
CFIHOS-30000520,centrifugal compressor,CFIHOS-90000021,API Std 617-2:2010,real,True,sha256:a69b98012d9e4a46495a3aed48eef8ce75a69d001eaa28b4c38cb0f3c921909d,CORE CFIHOS V2.0 CSV/CFIHOS CORE tag or equipment class source standard v2.0.csv,23,source_reference_record,source_reference_record_unreviewed
CFIHOS-30000593,tank,CFIHOS-90000025,API Std 650:2012,real,True,sha256:a69b98012d9e4a46495a3aed48eef8ce75a69d001eaa28b4c38cb0f3c921909d,CORE CFIHOS V2.0 CSV/CFIHOS CORE tag or equipment class source standard v2.0.csv,24,source_reference_record,source_reference_record_unreviewed
CFIHOS-30000755,shell and tube heat exchanger,CFIHOS-90000026,API Std 660:2015,real,True,sha256:a69b98012d9e4a46495a3aed48eef8ce75a69d001eaa28b4c38cb0f3c921909d,CORE CFIHOS V2.0 CSV/CFIHOS CORE tag or equipment class source standard v2.0.csv,25,source_reference_record,source_reference_record_unreviewed
CFIHOS-30001017,double pipe heat exchanger,CFIHOS-90000190,API Std 663:2014,real,True,sha256:a69b98012d9e4a46495a3aed48eef8ce75a69d001eaa28b4c38cb0f3c921909d,CORE CFIHOS V2.0 CSV/CFIHOS CORE tag or equipment class source standard v2.0.csv,26,source_reference_record,source_reference_record_unreviewed
CFIHOS-30001024,plate fin heat exchanger,CFIHOS-90000197,API Std 668:2018,real,True,sha256:a69b98012d9e4a46495a3aed48eef8ce75a69d001eaa28b4c38cb0f3c921909d,CORE CFIHOS V2.0 CSV/CFIHOS CORE tag or equipment class source standard v2.0.csv,27,source_reference_record,source_reference_record_unreviewed
CFIHOS-30000189,process data acquisition and control,CFIHOS-90000027,API Std 670:2014,real,True,sha256:a69b98012d9e4a46495a3aed48eef8ce75a69d001eaa28b4c38cb0f3c921909d,CORE CFIHOS V2.0 CSV/CFIHOS CORE tag or equipment class source standard v2.0.csv,28,source_reference_record,source_reference_record_unreviewed
CFIHOS-30000520,centrifugal compressor,CFIHOS-90000028,API Std 672:2004,real,True,sha256:a69b98012d9e4a46495a3aed48eef8ce75a69d001eaa28b4c38cb0f3c921909d,CORE CFIHOS V2.0 CSV/CFIHOS CORE tag or equipment class source standard v2.0.csv,29,source_reference_record,source_reference_record_unreviewed
CFIHOS-30000532,fan,CFIHOS-90000029,API Std 673:2014,real,True,sha256:a69b98012d9e4a46495a3aed48eef8ce75a69d001eaa28b4c38cb0f3c921909d,CORE CFIHOS V2.0 CSV/CFIHOS CORE tag or equipment class source standard v2.0.csv,30,source_reference_record,source_reference_record_unreviewed
CFIHOS-30000535,gear box,CFIHOS-90000033,API Std 677:2006,real,True,sha256:a69b98012d9e4a46495a3aed48eef8ce75a69d001eaa28b4c38cb0f3c921909d,CORE CFIHOS V2.0 CSV/CFIHOS CORE tag or equipment class source standard v2.0.csv,31,source_reference_record,source_reference_record_unreviewed
CFIHOS-30001032,vacuum pump,CFIHOS-90000205,API Std 681:2021,real,True,sha256:a69b98012d9e4a46495a3aed48eef8ce75a69d001eaa28b4c38cb0f3c921909d,CORE CFIHOS V2.0 CSV/CFIHOS CORE tag or equipment class source standard v2.0.csv,32,source_reference_record,source_reference_record_unreviewed
CFIHOS-30001015,diaphragm tank,CFIHOS-90000188,ASME BPVC Section VIII-1,real,True,sha256:a69b98012d9e4a46495a3aed48eef8ce75a69d001eaa28b4c38cb0f3c921909d,CORE CFIHOS V2.0 CSV/CFIHOS CORE tag or equipment class source standard v2.0.csv,33,source_reference_record,source_reference_record_unreviewed
CFIHOS-30001028,thermoelectric generator,CFIHOS-90000200,ASME PTC 53-2022,real,True,sha256:a69b98012d9e4a46495a3aed48eef8ce75a69d001eaa28b4c38cb0f3c921909d,CORE CFIHOS V2.0 CSV/CFIHOS CORE tag or equipment class source standard v2.0.csv,34,source_reference_record,source_reference_record_unreviewed
CFIHOS-30000995,shield door,CFIHOS-90000158,BS 436-5:1997,real,True,sha256:a69b98012d9e4a46495a3aed48eef8ce75a69d001eaa28b4c38cb0f3c921909d,CORE CFIHOS V2.0 CSV/CFIHOS CORE tag or equipment class source standard v2.0.csv,35,source_reference_record,source_reference_record_unreviewed
CFIHOS-30000995,shield door,CFIHOS-90000159,BS 5950-1:2000,real,True,sha256:a69b98012d9e4a46495a3aed48eef8ce75a69d001eaa28b4c38cb0f3c921909d,CORE CFIHOS V2.0 CSV/CFIHOS CORE tag or equipment class source standard v2.0.csv,36,source_reference_record,source_reference_record_unreviewed
CFIHOS-30000995,shield door,CFIHOS-90000160,BS 7608+A1:2015,real,True,sha256:a69b98012d9e4a46495a3aed48eef8ce75a69d001eaa28b4c38cb0f3c921909d,CORE CFIHOS V2.0 CSV/CFIHOS CORE tag or equipment class source standard v2.0.csv,37,source_reference_record,source_reference_record_unreviewed
CFIHOS-30001022,piling,CFIHOS-90000189,BS 8004:2015+A1:2020,real,True,sha256:a69b98012d9e4a46495a3aed48eef8ce75a69d001eaa28b4c38cb0f3c921909d,CORE CFIHOS V2.0 CSV/CFIHOS CORE tag or equipment class source standard v2.0.csv,38,source_reference_record,source_reference_record_unreviewed
CFIHOS-30000315,accumulator,CFIHOS-90000177,CFIHOS,real,True,sha256:a69b98012d9e4a46495a3aed48eef8ce75a69d001eaa28b4c38cb0f3c921909d,CORE CFIHOS V2.0 CSV/CFIHOS CORE tag or equipment class source standard v2.0.csv,39,source_reference_record,source_reference_record_unreviewed
CFIHOS-30000515,aerator,CFIHOS-90000177,CFIHOS,real,True,sha256:a69b98012d9e4a46495a3aed48eef8ce75a69d001eaa28b4c38cb0f3c921909d,CORE CFIHOS V2.0 CSV/CFIHOS CORE tag or equipment class source standard v2.0.csv,40,source_reference_record,source_reference_record_unreviewed
CFIHOS-30000102,agitator,CFIHOS-90000177,CFIHOS,real,True,sha256:a69b98012d9e4a46495a3aed48eef8ce75a69d001eaa28b4c38cb0f3c921909d,CORE CFIHOS V2.0 CSV/CFIHOS CORE tag or equipment class source standard v2.0.csv,41,source_reference_record,source_reference_record_unreviewed
CFIHOS-30000103,air balancing unit,CFIHOS-90000177,CFIHOS,real,True,sha256:a69b98012d9e4a46495a3aed48eef8ce75a69d001eaa28b4c38cb0f3c921909d,CORE CFIHOS V2.0 CSV/CFIHOS CORE tag or equipment class source standard v2.0.csv,42,source_reference_record,source_reference_record_unreviewed
CFIHOS-30000382,air conditioner,CFIHOS-90000177,CFIHOS,real,True,sha256:a69b98012d9e4a46495a3aed48eef8ce75a69d001eaa28b4c38cb0f3c921909d,CORE CFIHOS V2.0 CSV/CFIHOS CORE tag or equipment class source standard v2.0.csv,43,source_reference_record,source_reference_record_unreviewed
CFIHOS-30000383,air cooled heat exchanger,CFIHOS-90000177,CFIHOS,real,True,sha256:a69b98012d9e4a46495a3aed48eef8ce75a69d001eaa28b4c38cb0f3c921909d,CORE CFIHOS V2.0 CSV/CFIHOS CORE tag or equipment class source standard v2.0.csv,44,source_reference_record,source_reference_record_unreviewed
CFIHOS-30000104,air handling unit,CFIHOS-90000177,CFIHOS,real,True,sha256:a69b98012d9e4a46495a3aed48eef8ce75a69d001eaa28b4c38cb0f3c921909d,CORE CFIHOS V2.0 CSV/CFIHOS CORE tag or equipment class source standard v2.0.csv,45,source_reference_record,source_reference_record_unreviewed
CFIHOS-30000316,amplifier,CFIHOS-90000177,CFIHOS,real,True,sha256:a69b98012d9e4a46495a3aed48eef8ce75a69d001eaa28b4c38cb0f3c921909d,CORE CFIHOS V2.0 CSV/CFIHOS CORE tag or equipment class source standard v2.0.csv,46,source_reference_record,source_reference_record_unreviewed
CFIHOS-30000105,analyser element,CFIHOS-90000177,CFIHOS,real,True,sha256:a69b98012d9e4a46495a3aed48eef8ce75a69d001eaa28b4c38cb0f3c921909d,CORE CFIHOS V2.0 CSV/CFIHOS CORE tag or equipment class source standard v2.0.csv,47,source_reference_record,source_reference_record_unreviewed
CFIHOS-30000510,anchor,CFIHOS-90000177,CFIHOS,real,True,sha256:a69b98012d9e4a46495a3aed48eef8ce75a69d001eaa28b4c38cb0f3c921909d,CORE CFIHOS V2.0 CSV/CFIHOS CORE tag or equipment class source standard v2.0.csv,48,source_reference_record,source_reference_record_unreviewed
CFIHOS-30000286,anemometer,CFIHOS-90000177,CFIHOS,real,True,sha256:a69b98012d9e4a46495a3aed48eef8ce75a69d001eaa28b4c38cb0f3c921909d,CORE CFIHOS V2.0 CSV/CFIHOS CORE tag or equipment class source standard v2.0.csv,49,source_reference_record,source_reference_record_unreviewed
CFIHOS-30000317,anode,CFIHOS-90000177,CFIHOS,real,True,sha256:a69b98012d9e4a46495a3aed48eef8ce75a69d001eaa28b4c38cb0f3c921909d,CORE CFIHOS V2.0 CSV/CFIHOS CORE tag or equipment class source standard v2.0.csv,50,source_reference_record,source_reference_record_unreviewed
CFIHOS-30000397,antenna,CFIHOS-90000177,CFIHOS,real,True,sha256:a69b98012d9e4a46495a3aed48eef8ce75a69d001eaa28b4c38cb0f3c921909d,CORE CFIHOS V2.0 CSV/CFIHOS CORE tag or equipment class source standard v2.0.csv,51,source_reference_record,source_reference_record_unreviewed
CFIHOS-30000108,attenuator,CFIHOS-90000177,CFIHOS,real,True,sha256:a69b98012d9e4a46495a3aed48eef8ce75a69d001eaa28b4c38cb0f3c921909d,CORE CFIHOS V2.0 CSV/CFIHOS CORE tag or equipment class source standard v2.0.csv,52,source_reference_record,source_reference_record_unreviewed
CFIHOS-30000109,axial displacement transmitter,CFIHOS-90000177,CFIHOS,real,True,sha256:a69b98012d9e4a46495a3aed48eef8ce75a69d001eaa28b4c38cb0f3c921909d,CORE CFIHOS V2.0 CSV/CFIHOS CORE tag or equipment class source standard v2.0.csv,53,source_reference_record,source_reference_record_unreviewed
CFIHOS-30000110,balancing damper,CFIHOS-90000177,CFIHOS,real,True,sha256:a69b98012d9e4a46495a3aed48eef8ce75a69d001eaa28b4c38cb0f3c921909d,CORE CFIHOS V2.0 CSV/CFIHOS CORE tag or equipment class source standard v2.0.csv,54,source_reference_record,source_reference_record_unreviewed
CFIHOS-30000298,basket,CFIHOS-90000177,CFIHOS,real,True,sha256:a69b98012d9e4a46495a3aed48eef8ce75a69d001eaa28b4c38cb0f3c921909d,CORE CFIHOS V2.0 CSV/CFIHOS CORE tag or equipment class source standard v2.0.csv,55,source_reference_record,source_reference_record_unreviewed
CFIHOS-30000319,battery charger,CFIHOS-90000177,CFIHOS,real,True,sha256:a69b98012d9e4a46495a3aed48eef8ce75a69d001eaa28b4c38cb0f3c921909d,CORE CFIHOS V2.0 CSV/CFIHOS CORE tag or equipment class source standard v2.0.csv,56,source_reference_record,source_reference_record_unreviewed
CFIHOS-30000001,beam clamp,CFIHOS-90000177,CFIHOS,real,True,sha256:a69b98012d9e4a46495a3aed48eef8ce75a69d001eaa28b4c38cb0f3c921909d,CORE CFIHOS V2.0 CSV/CFIHOS CORE tag or equipment class source standard v2.0.csv,57,source_reference_record,source_reference_record_unreviewed
CFIHOS-30000517,bearing,CFIHOS-90000177,CFIHOS,real,True,sha256:a69b98012d9e4a46495a3aed48eef8ce75a69d001eaa28b4c38cb0f3c921909d,CORE CFIHOS V2.0 CSV/CFIHOS CORE tag or equipment class source standard v2.0.csv,58,source_reference_record,source_reference_record_unreviewed
CFIHOS-30000399,bell,CFIHOS-90000177,CFIHOS,real,True,sha256:a69b98012d9e4a46495a3aed48eef8ce75a69d001eaa28b4c38cb0f3c921909d,CORE CFIHOS V2.0 CSV/CFIHOS CORE tag or equipment class source standard v2.0.csv,59,source_reference_record,source_reference_record_unreviewed
CFIHOS-30000562,belt conveyor,CFIHOS-90000177,CFIHOS,real,True,sha256:a69b98012d9e4a46495a3aed48eef8ce75a69d001eaa28b4c38cb0f3c921909d,CORE CFIHOS V2.0 CSV/CFIHOS CORE tag or equipment class source standard v2.0.csv,60,source_reference_record,source_reference_record_unreviewed
CFIHOS-30000002,bicycle,CFIHOS-90000177,CFIHOS,real,True,sha256:a69b98012d9e4a46495a3aed48eef8ce75a69d001eaa28b4c38cb0f3c921909d,CORE CFIHOS V2.0 CSV/CFIHOS CORE tag or equipment class source standard v2.0.csv,61,source_reference_record,source_reference_record_unreviewed
CFIHOS-30000003,blow out preventer,CFIHOS-90000177,CFIHOS,real,True,sha256:a69b98012d9e4a46495a3aed48eef8ce75a69d001eaa28b4c38cb0f3c921909d,CORE CFIHOS V2.0 CSV/CFIHOS CORE tag or equipment class source standard v2.0.csv,62,source_reference_record,source_reference_record_unreviewed
CFIHOS-30000518,blower,CFIHOS-90000177,CFIHOS,real,True,sha256:a69b98012d9e4a46495a3aed48eef8ce75a69d001eaa28b4c38cb0f3c921909d,CORE CFIHOS V2.0 CSV/CFIHOS CORE tag or equipment class source standard v2.0.csv,63,source_reference_record,source_reference_record_unreviewed
CFIHOS-30000384,boiler,CFIHOS-90000177,CFIHOS,real,True,sha256:a69b98012d9e4a46495a3aed48eef8ce75a69d001eaa28b4c38cb0f3c921909d,CORE CFIHOS V2.0 CSV/CFIHOS CORE tag or equipment class source standard v2.0.csv,64,source_reference_record,source_reference_record_unreviewed
CFIHOS-30000519,brake,CFIHOS-90000177,CFIHOS,real,True,sha256:a69b98012d9e4a46495a3aed48eef8ce75a69d001eaa28b4c38cb0f3c921909d,CORE CFIHOS V2.0 CSV/CFIHOS CORE tag or equipment class source standard v2.0.csv,65,source_reference_record,source_reference_record_unreviewed
CFIHOS-30000004,break glass unit,CFIHOS-90000177,CFIHOS,real,True,sha256:a69b98012d9e4a46495a3aed48eef8ce75a69d001eaa28b4c38cb0f3c921909d,CORE CFIHOS V2.0 CSV/CFIHOS CORE tag or equipment class source standard v2.0.csv,66,source_reference_record,source_reference_record_unreviewed
CFIHOS-30000005,breathing apparatus,CFIHOS-90000177,CFIHOS,real,True,sha256:a69b98012d9e4a46495a3aed48eef8ce75a69d001eaa28b4c38cb0f3c921909d,CORE CFIHOS V2.0 CSV/CFIHOS CORE tag or equipment class source standard v2.0.csv,67,source_reference_record,source_reference_record_unreviewed
CFIHOS-30000595,buoy,CFIHOS-90000177,CFIHOS,real,True,sha256:a69b98012d9e4a46495a3aed48eef8ce75a69d001eaa28b4c38cb0f3c921909d,CORE CFIHOS V2.0 CSV/CFIHOS CORE tag or equipment class source standard v2.0.csv,68,source_reference_record,source_reference_record_unreviewed
CFIHOS-30000320,busbar,CFIHOS-90000177,CFIHOS,real,True,sha256:a69b98012d9e4a46495a3aed48eef8ce75a69d001eaa28b4c38cb0f3c921909d,CORE CFIHOS V2.0 CSV/CFIHOS CORE tag or equipment class source standard v2.0.csv,69,source_reference_record,source_reference_record_unreviewed
CFIHOS-30000007,cabinet,CFIHOS-90000177,CFIHOS,real,True,sha256:a69b98012d9e4a46495a3aed48eef8ce75a69d001eaa28b4c38cb0f3c921909d,CORE CFIHOS V2.0 CSV/CFIHOS CORE tag or equipment class source standard v2.0.csv,70,source_reference_record,source_reference_record_unreviewed
CFIHOS-30000322,capacitor bank,CFIHOS-90000177,CFIHOS,real,True,sha256:a69b98012d9e4a46495a3aed48eef8ce75a69d001eaa28b4c38cb0f3c921909d,CORE CFIHOS V2.0 CSV/CFIHOS CORE tag or equipment class source standard v2.0.csv,71,source_reference_record,source_reference_record_unreviewed
CFIHOS-30000011,car,CFIHOS-90000177,CFIHOS,real,True,sha256:a69b98012d9e4a46495a3aed48eef8ce75a69d001eaa28b4c38cb0f3c921909d,CORE CFIHOS V2.0 CSV/CFIHOS CORE tag or equipment class source standard v2.0.csv,72,source_reference_record,source_reference_record_unreviewed
CFIHOS-30000012,cctv camera,CFIHOS-90000177,CFIHOS,real,True,sha256:a69b98012d9e4a46495a3aed48eef8ce75a69d001eaa28b4c38cb0f3c921909d,CORE CFIHOS V2.0 CSV/CFIHOS CORE tag or equipment class source standard v2.0.csv,73,source_reference_record,source_reference_record_unreviewed
CFIHOS-30000522,centrifuge,CFIHOS-90000177,CFIHOS,real,True,sha256:a69b98012d9e4a46495a3aed48eef8ce75a69d001eaa28b4c38cb0f3c921909d,CORE CFIHOS V2.0 CSV/CFIHOS CORE tag or equipment class source standard v2.0.csv,74,source_reference_record,source_reference_record_unreviewed
CFIHOS-30000596,chain,CFIHOS-90000177,CFIHOS,real,True,sha256:a69b98012d9e4a46495a3aed48eef8ce75a69d001eaa28b4c38cb0f3c921909d,CORE CFIHOS V2.0 CSV/CFIHOS CORE tag or equipment class source standard v2.0.csv,75,source_reference_record,source_reference_record_unreviewed
CFIHOS-30000563,chain conveyor,CFIHOS-90000177,CFIHOS,real,True,sha256:a69b98012d9e4a46495a3aed48eef8ce75a69d001eaa28b4c38cb0f3c921909d,CORE CFIHOS V2.0 CSV/CFIHOS CORE tag or equipment class source standard v2.0.csv,76,source_reference_record,source_reference_record_unreviewed
CFIHOS-30000013,chain hoist,CFIHOS-90000177,CFIHOS,real,True,sha256:a69b98012d9e4a46495a3aed48eef8ce75a69d001eaa28b4c38cb0f3c921909d,CORE CFIHOS V2.0 CSV/CFIHOS CORE tag or equipment class source standard v2.0.csv,77,source_reference_record,source_reference_record_unreviewed
CFIHOS-30000300,chamber,CFIHOS-90000177,CFIHOS,real,True,sha256:a69b98012d9e4a46495a3aed48eef8ce75a69d001eaa28b4c38cb0f3c921909d,CORE CFIHOS V2.0 CSV/CFIHOS CORE tag or equipment class source standard v2.0.csv,78,source_reference_record,source_reference_record_unreviewed
CFIHOS-30000494,christmas tree,CFIHOS-90000177,CFIHOS,real,True,sha256:a69b98012d9e4a46495a3aed48eef8ce75a69d001eaa28b4c38cb0f3c921909d,CORE CFIHOS V2.0 CSV/CFIHOS CORE tag or equipment class source standard v2.0.csv,79,source_reference_record,source_reference_record_unreviewed
CFIHOS-30000323,circuit-breaker,CFIHOS-90000177,CFIHOS,real,True,sha256:a69b98012d9e4a46495a3aed48eef8ce75a69d001eaa28b4c38cb0f3c921909d,CORE CFIHOS V2.0 CSV/CFIHOS CORE tag or equipment class source standard v2.0.csv,80,source_reference_record,source_reference_record_unreviewed
CFIHOS-30000017,cleaning machine,CFIHOS-90000177,CFIHOS,real,True,sha256:a69b98012d9e4a46495a3aed48eef8ce75a69d001eaa28b4c38cb0f3c921909d,CORE CFIHOS V2.0 CSV/CFIHOS CORE tag or equipment class source standard v2.0.csv,81,source_reference_record,source_reference_record_unreviewed
CFIHOS-30000018,climbing net,CFIHOS-90000177,CFIHOS,real,True,sha256:a69b98012d9e4a46495a3aed48eef8ce75a69d001eaa28b4c38cb0f3c921909d,CORE CFIHOS V2.0 CSV/CFIHOS CORE tag or equipment class source standard v2.0.csv,82,source_reference_record,source_reference_record_unreviewed
CFIHOS-30000324,clock,CFIHOS-90000177,CFIHOS,real,True,sha256:a69b98012d9e4a46495a3aed48eef8ce75a69d001eaa28b4c38cb0f3c921909d,CORE CFIHOS V2.0 CSV/CFIHOS CORE tag or equipment class source standard v2.0.csv,83,source_reference_record,source_reference_record_unreviewed
CFIHOS-30000523,clutch,CFIHOS-90000177,CFIHOS,real,True,sha256:a69b98012d9e4a46495a3aed48eef8ce75a69d001eaa28b4c38cb0f3c921909d,CORE CFIHOS V2.0 CSV/CFIHOS CORE tag or equipment class source standard v2.0.csv,84,source_reference_record,source_reference_record_unreviewed
CFIHOS-30000572,coalescer,CFIHOS-90000177,CFIHOS,real,True,sha256:a69b98012d9e4a46495a3aed48eef8ce75a69d001eaa28b4c38cb0f3c921909d,CORE CFIHOS V2.0 CSV/CFIHOS CORE tag or equipment class source standard v2.0.csv,85,source_reference_record,source_reference_record_unreviewed
CFIHOS-30000402,computer,CFIHOS-90000177,CFIHOS,real,True,sha256:a69b98012d9e4a46495a3aed48eef8ce75a69d001eaa28b4c38cb0f3c921909d,CORE CFIHOS V2.0 CSV/CFIHOS CORE tag or equipment class source standard v2.0.csv,86,source_reference_record,source_reference_record_unreviewed
CFIHOS-30000021,concentration transmitter,CFIHOS-90000177,CFIHOS,real,True,sha256:a69b98012d9e4a46495a3aed48eef8ce75a69d001eaa28b4c38cb0f3c921909d,CORE CFIHOS V2.0 CSV/CFIHOS CORE tag or equipment class source standard v2.0.csv,87,source_reference_record,source_reference_record_unreviewed
CFIHOS-30000385,condenser,CFIHOS-90000177,CFIHOS,real,True,sha256:a69b98012d9e4a46495a3aed48eef8ce75a69d001eaa28b4c38cb0f3c921909d,CORE CFIHOS V2.0 CSV/CFIHOS CORE tag or equipment class source standard v2.0.csv,88,source_reference_record,source_reference_record_unreviewed
CFIHOS-30000403,conductivity cell,CFIHOS-90000177,CFIHOS,real,True,sha256:a69b98012d9e4a46495a3aed48eef8ce75a69d001eaa28b4c38cb0f3c921909d,CORE CFIHOS V2.0 CSV/CFIHOS CORE tag or equipment class source standard v2.0.csv,89,source_reference_record,source_reference_record_unreviewed
CFIHOS-30000325,conductivity transmitter,CFIHOS-90000177,CFIHOS,real,True,sha256:a69b98012d9e4a46495a3aed48eef8ce75a69d001eaa28b4c38cb0f3c921909d,CORE CFIHOS V2.0 CSV/CFIHOS CORE tag or equipment class source standard v2.0.csv,90,source_reference_record,source_reference_record_unreviewed
CFIHOS-30000326,contactor,CFIHOS-90000177,CFIHOS,real,True,sha256:a69b98012d9e4a46495a3aed48eef8ce75a69d001eaa28b4c38cb0f3c921909d,CORE CFIHOS V2.0 CSV/CFIHOS CORE tag or equipment class source standard v2.0.csv,91,source_reference_record,source_reference_record_unreviewed
CFIHOS-30000405,control box,CFIHOS-90000177,CFIHOS,real,True,sha256:a69b98012d9e4a46495a3aed48eef8ce75a69d001eaa28b4c38cb0f3c921909d,CORE CFIHOS V2.0 CSV/CFIHOS CORE tag or equipment class source standard v2.0.csv,92,source_reference_record,source_reference_record_unreviewed
CFIHOS-30000022,control module,CFIHOS-90000177,CFIHOS,real,True,sha256:a69b98012d9e4a46495a3aed48eef8ce75a69d001eaa28b4c38cb0f3c921909d,CORE CFIHOS V2.0 CSV/CFIHOS CORE tag or equipment class source standard v2.0.csv,93,source_reference_record,source_reference_record_unreviewed
CFIHOS-30000327,control panel,CFIHOS-90000177,CFIHOS,real,True,sha256:a69b98012d9e4a46495a3aed48eef8ce75a69d001eaa28b4c38cb0f3c921909d,CORE CFIHOS V2.0 CSV/CFIHOS CORE tag or equipment class source standard v2.0.csv,94,source_reference_record,source_reference_record_unreviewed
CFIHOS-30000564,conveyor,CFIHOS-90000177,CFIHOS,real,True,sha256:a69b98012d9e4a46495a3aed48eef8ce75a69d001eaa28b4c38cb0f3c921909d,CORE CFIHOS V2.0 CSV/CFIHOS CORE tag or equipment class source standard v2.0.csv,95,source_reference_record,source_reference_record_unreviewed
CFIHOS-30000386,cooler,CFIHOS-90000177,CFIHOS,real,True,sha256:a69b98012d9e4a46495a3aed48eef8ce75a69d001eaa28b4c38cb0f3c921909d,CORE CFIHOS V2.0 CSV/CFIHOS CORE tag or equipment class source standard v2.0.csv,96,source_reference_record,source_reference_record_unreviewed
CFIHOS-30000387,cooling tower,CFIHOS-90000177,CFIHOS,real,True,sha256:a69b98012d9e4a46495a3aed48eef8ce75a69d001eaa28b4c38cb0f3c921909d,CORE CFIHOS V2.0 CSV/CFIHOS CORE tag or equipment class source standard v2.0.csv,97,source_reference_record,source_reference_record_unreviewed
CFIHOS-30000408,corrosion element,CFIHOS-90000177,CFIHOS,real,True,sha256:a69b98012d9e4a46495a3aed48eef8ce75a69d001eaa28b4c38cb0f3c921909d,CORE CFIHOS V2.0 CSV/CFIHOS CORE tag or equipment class source standard v2.0.csv,98,source_reference_record,source_reference_record_unreviewed
CFIHOS-30000409,counter,CFIHOS-90000177,CFIHOS,real,True,sha256:a69b98012d9e4a46495a3aed48eef8ce75a69d001eaa28b4c38cb0f3c921909d,CORE CFIHOS V2.0 CSV/CFIHOS CORE tag or equipment class source standard v2.0.csv,99,source_reference_record,source_reference_record_unreviewed
CFIHOS-30000419,coupling,CFIHOS-90000177,CFIHOS,real,True,sha256:a69b98012d9e4a46495a3aed48eef8ce75a69d001eaa28b4c38cb0f3c921909d,CORE CFIHOS V2.0 CSV/CFIHOS CORE tag or equipment class source standard v2.0.csv,100,source_reference_record,source_reference_record_unreviewed
CFIHOS-30000597,crane,CFIHOS-90000177,CFIHOS,real,True,sha256:a69b98012d9e4a46495a3aed48eef8ce75a69d001eaa28b4c38cb0f3c921909d,CORE CFIHOS V2.0 CSV/CFIHOS CORE tag or equipment class source standard v2.0.csv,101,source_reference_record,source_reference_record_unreviewed
CFIHOS-30000024,crane hook block,CFIHOS-90000177,CFIHOS,real,True,sha256:a69b98012d9e4a46495a3aed48eef8ce75a69d001eaa28b4c38cb0f3c921909d,CORE CFIHOS V2.0 CSV/CFIHOS CORE tag or equipment class source standard v2.0.csv,102,source_reference_record,source_reference_record_unreviewed
CFIHOS-30000329,current transmitter,CFIHOS-90000177,CFIHOS,real,True,sha256:a69b98012d9e4a46495a3aed48eef8ce75a69d001eaa28b4c38cb0f3c921909d,CORE CFIHOS V2.0 CSV/CFIHOS CORE tag or equipment class source standard v2.0.csv,103,source_reference_record,source_reference_record_unreviewed
CFIHOS-30000565,cutter,CFIHOS-90000177,CFIHOS,real,True,sha256:a69b98012d9e4a46495a3aed48eef8ce75a69d001eaa28b4c38cb0f3c921909d,CORE CFIHOS V2.0 CSV/CFIHOS CORE tag or equipment class source standard v2.0.csv,104,source_reference_record,source_reference_record_unreviewed
CFIHOS-30000291,damper,CFIHOS-90000177,CFIHOS,real,True,sha256:a69b98012d9e4a46495a3aed48eef8ce75a69d001eaa28b4c38cb0f3c921909d,CORE CFIHOS V2.0 CSV/CFIHOS CORE tag or equipment class source standard v2.0.csv,105,source_reference_record,source_reference_record_unreviewed
CFIHOS-30000026,degasser,CFIHOS-90000177,CFIHOS,real,True,sha256:a69b98012d9e4a46495a3aed48eef8ce75a69d001eaa28b4c38cb0f3c921909d,CORE CFIHOS V2.0 CSV/CFIHOS CORE tag or equipment class source standard v2.0.csv,106,source_reference_record,source_reference_record_unreviewed
CFIHOS-30000028,deionizer,CFIHOS-90000177,CFIHOS,real,True,sha256:a69b98012d9e4a46495a3aed48eef8ce75a69d001eaa28b4c38cb0f3c921909d,CORE CFIHOS V2.0 CSV/CFIHOS CORE tag or equipment class source standard v2.0.csv,107,source_reference_record,source_reference_record_unreviewed
CFIHOS-30000573,demister,CFIHOS-90000177,CFIHOS,real,True,sha256:a69b98012d9e4a46495a3aed48eef8ce75a69d001eaa28b4c38cb0f3c921909d,CORE CFIHOS V2.0 CSV/CFIHOS CORE tag or equipment class source standard v2.0.csv,108,source_reference_record,source_reference_record_unreviewed
CFIHOS-30000029,dew point transmitter,CFIHOS-90000177,CFIHOS,real,True,sha256:a69b98012d9e4a46495a3aed48eef8ce75a69d001eaa28b4c38cb0f3c921909d,CORE CFIHOS V2.0 CSV/CFIHOS CORE tag or equipment class source standard v2.0.csv,109,source_reference_record,source_reference_record_unreviewed
CFIHOS-30000030,diaphragm seal,CFIHOS-90000177,CFIHOS,real,True,sha256:a69b98012d9e4a46495a3aed48eef8ce75a69d001eaa28b4c38cb0f3c921909d,CORE CFIHOS V2.0 CSV/CFIHOS CORE tag or equipment class source standard v2.0.csv,110,source_reference_record,source_reference_record_unreviewed
CFIHOS-30000415,differential pressure gauge,CFIHOS-90000177,CFIHOS,real,True,sha256:a69b98012d9e4a46495a3aed48eef8ce75a69d001eaa28b4c38cb0f3c921909d,CORE CFIHOS V2.0 CSV/CFIHOS CORE tag or equipment class source standard v2.0.csv,111,source_reference_record,source_reference_record_unreviewed
CFIHOS-30000417,differential pressure switch,CFIHOS-90000177,CFIHOS,real,True,sha256:a69b98012d9e4a46495a3aed48eef8ce75a69d001eaa28b4c38cb0f3c921909d,CORE CFIHOS V2.0 CSV/CFIHOS CORE tag or equipment class source standard v2.0.csv,112,source_reference_record,source_reference_record_unreviewed
CFIHOS-30000418,differential pressure transmitter,CFIHOS-90000177,CFIHOS,real,True,sha256:a69b98012d9e4a46495a3aed48eef8ce75a69d001eaa28b4c38cb0f3c921909d,CORE CFIHOS V2.0 CSV/CFIHOS CORE tag or equipment class source standard v2.0.csv,113,source_reference_record,source_reference_record_unreviewed
CFIHOS-30000330,distribution board,CFIHOS-90000177,CFIHOS,real,True,sha256:a69b98012d9e4a46495a3aed48eef8ce75a69d001eaa28b4c38cb0f3c921909d,CORE CFIHOS V2.0 CSV/CFIHOS CORE tag or equipment class source standard v2.0.csv,114,source_reference_record,source_reference_record_unreviewed
CFIHOS-30000036,document scanner,CFIHOS-90000177,CFIHOS,real,True,sha256:a69b98012d9e4a46495a3aed48eef8ce75a69d001eaa28b4c38cb0f3c921909d,CORE CFIHOS V2.0 CSV/CFIHOS CORE tag or equipment class source standard v2.0.csv,115,source_reference_record,source_reference_record_unreviewed
CFIHOS-30000388,drier,CFIHOS-90000177,CFIHOS,real,True,sha256:a69b98012d9e4a46495a3aed48eef8ce75a69d001eaa28b4c38cb0f3c921909d,CORE CFIHOS V2.0 CSV/CFIHOS CORE tag or equipment class source standard v2.0.csv,116,source_reference_record,source_reference_record_unreviewed
CFIHOS-30000037,drilling machine,CFIHOS-90000177,CFIHOS,real,True,sha256:a69b98012d9e4a46495a3aed48eef8ce75a69d001eaa28b4c38cb0f3c921909d,CORE CFIHOS V2.0 CSV/CFIHOS CORE tag or equipment class source standard v2.0.csv,117,source_reference_record,source_reference_record_unreviewed
CFIHOS-30000332,earth electrode,CFIHOS-90000177,CFIHOS,real,True,sha256:a69b98012d9e4a46495a3aed48eef8ce75a69d001eaa28b4c38cb0f3c921909d,CORE CFIHOS V2.0 CSV/CFIHOS CORE tag or equipment class source standard v2.0.csv,118,source_reference_record,source_reference_record_unreviewed
CFIHOS-30000508,earthing resistor,CFIHOS-90000177,CFIHOS,real,True,sha256:a69b98012d9e4a46495a3aed48eef8ce75a69d001eaa28b4c38cb0f3c921909d,CORE CFIHOS V2.0 CSV/CFIHOS CORE tag or equipment class source standard v2.0.csv,119,source_reference_record,source_reference_record_unreviewed
CFIHOS-30000038,eductor,CFIHOS-90000177,CFIHOS,real,True,sha256:a69b98012d9e4a46495a3aed48eef8ce75a69d001eaa28b4c38cb0f3c921909d,CORE CFIHOS V2.0 CSV/CFIHOS CORE tag or equipment class source standard v2.0.csv,120,source_reference_record,source_reference_record_unreviewed
CFIHOS-30000338,electric generator,CFIHOS-90000177,CFIHOS,real,True,sha256:a69b98012d9e4a46495a3aed48eef8ce75a69d001eaa28b4c38cb0f3c921909d,CORE CFIHOS V2.0 CSV/CFIHOS CORE tag or equipment class source standard v2.0.csv,121,source_reference_record,source_reference_record_unreviewed
CFIHOS-30000339,electric heater,CFIHOS-90000177,CFIHOS,real,True,sha256:a69b98012d9e4a46495a3aed48eef8ce75a69d001eaa28b4c38cb0f3c921909d,CORE CFIHOS V2.0 CSV/CFIHOS CORE tag or equipment class source standard v2.0.csv,122,source_reference_record,source_reference_record_unreviewed
CFIHOS-30000340,electric motor,CFIHOS-90000177,CFIHOS,real,True,sha256:a69b98012d9e4a46495a3aed48eef8ce75a69d001eaa28b4c38cb0f3c921909d,CORE CFIHOS V2.0 CSV/CFIHOS CORE tag or equipment class source standard v2.0.csv,123,source_reference_record,source_reference_record_unreviewed
CFIHOS-30000343,electrical motor starter,CFIHOS-90000177,CFIHOS,real,True,sha256:a69b98012d9e4a46495a3aed48eef8ce75a69d001eaa28b4c38cb0f3c921909d,CORE CFIHOS V2.0 CSV/CFIHOS CORE tag or equipment class source standard v2.0.csv,124,source_reference_record,source_reference_record_unreviewed
CFIHOS-30000344,electrical socket,CFIHOS-90000177,CFIHOS,real,True,sha256:a69b98012d9e4a46495a3aed48eef8ce75a69d001eaa28b4c38cb0f3c921909d,CORE CFIHOS V2.0 CSV/CFIHOS CORE tag or equipment class source standard v2.0.csv,125,source_reference_record,source_reference_record_unreviewed
CFIHOS-30000345,electronic frequency converter,CFIHOS-90000177,CFIHOS,real,True,sha256:a69b98012d9e4a46495a3aed48eef8ce75a69d001eaa28b4c38cb0f3c921909d,CORE CFIHOS V2.0 CSV/CFIHOS CORE tag or equipment class source standard v2.0.csv,126,source_reference_record,source_reference_record_unreviewed
CFIHOS-30000346,electronic power inverter,CFIHOS-90000177,CFIHOS,real,True,sha256:a69b98012d9e4a46495a3aed48eef8ce75a69d001eaa28b4c38cb0f3c921909d,CORE CFIHOS V2.0 CSV/CFIHOS CORE tag or equipment class source standard v2.0.csv,127,source_reference_record,source_reference_record_unreviewed
CFIHOS-30000574,electrostatic precipitator,CFIHOS-90000177,CFIHOS,real,True,sha256:a69b98012d9e4a46495a3aed48eef8ce75a69d001eaa28b4c38cb0f3c921909d,CORE CFIHOS V2.0 CSV/CFIHOS CORE tag or equipment class source standard v2.0.csv,128,source_reference_record,source_reference_record_unreviewed
CFIHOS-30000598,elevator,CFIHOS-90000177,CFIHOS,real,True,sha256:a69b98012d9e4a46495a3aed48eef8ce75a69d001eaa28b4c38cb0f3c921909d,CORE CFIHOS V2.0 CSV/CFIHOS CORE tag or equipment class source standard v2.0.csv,129,source_reference_record,source_reference_record_unreviewed
CFIHOS-30000042,exhaust,CFIHOS-90000177,CFIHOS,real,True,sha256:a69b98012d9e4a46495a3aed48eef8ce75a69d001eaa28b4c38cb0f3c921909d,CORE CFIHOS V2.0 CSV/CFIHOS CORE tag or equipment class source standard v2.0.csv,130,source_reference_record,source_reference_record_unreviewed
CFIHOS-30000043,expansion joint,CFIHOS-90000177,CFIHOS,real,True,sha256:a69b98012d9e4a46495a3aed48eef8ce75a69d001eaa28b4c38cb0f3c921909d,CORE CFIHOS V2.0 CSV/CFIHOS CORE tag or equipment class source standard v2.0.csv,131,source_reference_record,source_reference_record_unreviewed
CFIHOS-30000531,extruder,CFIHOS-90000177,CFIHOS,real,True,sha256:a69b98012d9e4a46495a3aed48eef8ce75a69d001eaa28b4c38cb0f3c921909d,CORE CFIHOS V2.0 CSV/CFIHOS CORE tag or equipment class source standard v2.0.csv,132,source_reference_record,source_reference_record_unreviewed
CFIHOS-30000044,eye bath,CFIHOS-90000177,CFIHOS,real,True,sha256:a69b98012d9e4a46495a3aed48eef8ce75a69d001eaa28b4c38cb0f3c921909d,CORE CFIHOS V2.0 CSV/CFIHOS CORE tag or equipment class source standard v2.0.csv,133,source_reference_record,source_reference_record_unreviewed
CFIHOS-30000045,fall arrestor block,CFIHOS-90000177,CFIHOS,real,True,sha256:a69b98012d9e4a46495a3aed48eef8ce75a69d001eaa28b4c38cb0f3c921909d,CORE CFIHOS V2.0 CSV/CFIHOS CORE tag or equipment class source standard v2.0.csv,134,source_reference_record,source_reference_record_unreviewed
CFIHOS-30000532,fan,CFIHOS-90000177,CFIHOS,real,True,sha256:a69b98012d9e4a46495a3aed48eef8ce75a69d001eaa28b4c38cb0f3c921909d,CORE CFIHOS V2.0 CSV/CFIHOS CORE tag or equipment class source standard v2.0.csv,135,source_reference_record,source_reference_record_unreviewed
CFIHOS-30000046,fax machine,CFIHOS-90000177,CFIHOS,real,True,sha256:a69b98012d9e4a46495a3aed48eef8ce75a69d001eaa28b4c38cb0f3c921909d,CORE CFIHOS V2.0 CSV/CFIHOS CORE tag or equipment class source standard v2.0.csv,136,source_reference_record,source_reference_record_unreviewed
CFIHOS-30000566,feeder,CFIHOS-90000177,CFIHOS,real,True,sha256:a69b98012d9e4a46495a3aed48eef8ce75a69d001eaa28b4c38cb0f3c921909d,CORE CFIHOS V2.0 CSV/CFIHOS CORE tag or equipment class source standard v2.0.csv,137,source_reference_record,source_reference_record_unreviewed
CFIHOS-30000575,filter,CFIHOS-90000177,CFIHOS,real,True,sha256:a69b98012d9e4a46495a3aed48eef8ce75a69d001eaa28b4c38cb0f3c921909d,CORE CFIHOS V2.0 CSV/CFIHOS CORE tag or equipment class source standard v2.0.csv,138,source_reference_record,source_reference_record_unreviewed
CFIHOS-30000576,filter cartridge,CFIHOS-90000177,CFIHOS,real,True,sha256:a69b98012d9e4a46495a3aed48eef8ce75a69d001eaa28b4c38cb0f3c921909d,CORE CFIHOS V2.0 CSV/CFIHOS CORE tag or equipment class source standard v2.0.csv,139,source_reference_record,source_reference_record_unreviewed
CFIHOS-30000048,fire blanket,CFIHOS-90000177,CFIHOS,real,True,sha256:a69b98012d9e4a46495a3aed48eef8ce75a69d001eaa28b4c38cb0f3c921909d,CORE CFIHOS V2.0 CSV/CFIHOS CORE tag or equipment class source standard v2.0.csv,140,source_reference_record,source_reference_record_unreviewed
CFIHOS-30000049,fire damper,CFIHOS-90000177,CFIHOS,real,True,sha256:a69b98012d9e4a46495a3aed48eef8ce75a69d001eaa28b4c38cb0f3c921909d,CORE CFIHOS V2.0 CSV/CFIHOS CORE tag or equipment class source standard v2.0.csv,141,source_reference_record,source_reference_record_unreviewed
CFIHOS-30000050,fire door,CFIHOS-90000177,CFIHOS,real,True,sha256:a69b98012d9e4a46495a3aed48eef8ce75a69d001eaa28b4c38cb0f3c921909d,CORE CFIHOS V2.0 CSV/CFIHOS CORE tag or equipment class source standard v2.0.csv,142,source_reference_record,source_reference_record_unreviewed
CFIHOS-30000512,fire extinguisher,CFIHOS-90000177,CFIHOS,real,True,sha256:a69b98012d9e4a46495a3aed48eef8ce75a69d001eaa28b4c38cb0f3c921909d,CORE CFIHOS V2.0 CSV/CFIHOS CORE tag or equipment class source standard v2.0.csv,143,source_reference_record,source_reference_record_unreviewed
CFIHOS-30000051,fire fighting vehicle,CFIHOS-90000177,CFIHOS,real,True,sha256:a69b98012d9e4a46495a3aed48eef8ce75a69d001eaa28b4c38cb0f3c921909d,CORE CFIHOS V2.0 CSV/CFIHOS CORE tag or equipment class source standard v2.0.csv,144,source_reference_record,source_reference_record_unreviewed
CFIHOS-30000052,fire hydrant,CFIHOS-90000177,CFIHOS,real,True,sha256:a69b98012d9e4a46495a3aed48eef8ce75a69d001eaa28b4c38cb0f3c921909d,CORE CFIHOS V2.0 CSV/CFIHOS CORE tag or equipment class source standard v2.0.csv,145,source_reference_record,source_reference_record_unreviewed
CFIHOS-30000053,fired heater,CFIHOS-90000177,CFIHOS,real,True,sha256:a69b98012d9e4a46495a3aed48eef8ce75a69d001eaa28b4c38cb0f3c921909d,CORE CFIHOS V2.0 CSV/CFIHOS CORE tag or equipment class source standard v2.0.csv,146,source_reference_record,source_reference_record_unreviewed
CFIHOS-30000054,firewater monitor,CFIHOS-90000177,CFIHOS,real,True,sha256:a69b98012d9e4a46495a3aed48eef8ce75a69d001eaa28b4c38cb0f3c921909d,CORE CFIHOS V2.0 CSV/CFIHOS CORE tag or equipment class source standard v2.0.csv,147,source_reference_record,source_reference_record_unreviewed
CFIHOS-30000055,first aid kit,CFIHOS-90000177,CFIHOS,real,True,sha256:a69b98012d9e4a46495a3aed48eef8ce75a69d001eaa28b4c38cb0f3c921909d,CORE CFIHOS V2.0 CSV/CFIHOS CORE tag or equipment class source standard v2.0.csv,148,source_reference_record,source_reference_record_unreviewed
CFIHOS-30000056,flame arrestor,CFIHOS-90000177,CFIHOS,real,True,sha256:a69b98012d9e4a46495a3aed48eef8ce75a69d001eaa28b4c38cb0f3c921909d,CORE CFIHOS V2.0 CSV/CFIHOS CORE tag or equipment class source standard v2.0.csv,149,source_reference_record,source_reference_record_unreviewed
CFIHOS-30000425,flame detector,CFIHOS-90000177,CFIHOS,real,True,sha256:a69b98012d9e4a46495a3aed48eef8ce75a69d001eaa28b4c38cb0f3c921909d,CORE CFIHOS V2.0 CSV/CFIHOS CORE tag or equipment class source standard v2.0.csv,150,source_reference_record,source_reference_record_unreviewed
CFIHOS-30000057,flame switch,CFIHOS-90000177,CFIHOS,real,True,sha256:a69b98012d9e4a46495a3aed48eef8ce75a69d001eaa28b4c38cb0f3c921909d,CORE CFIHOS V2.0 CSV/CFIHOS CORE tag or equipment class source standard v2.0.csv,151,source_reference_record,source_reference_record_unreviewed
CFIHOS-30000304,flange,CFIHOS-90000177,CFIHOS,real,True,sha256:a69b98012d9e4a46495a3aed48eef8ce75a69d001eaa28b4c38cb0f3c921909d,CORE CFIHOS V2.0 CSV/CFIHOS CORE tag or equipment class source standard v2.0.csv,152,source_reference_record,source_reference_record_unreviewed
CFIHOS-30000058,flare,CFIHOS-90000177,CFIHOS,real,True,sha256:a69b98012d9e4a46495a3aed48eef8ce75a69d001eaa28b4c38cb0f3c921909d,CORE CFIHOS V2.0 CSV/CFIHOS CORE tag or equipment class source standard v2.0.csv,153,source_reference_record,source_reference_record_unreviewed
CFIHOS-30000389,flare tip,CFIHOS-90000177,CFIHOS,real,True,sha256:a69b98012d9e4a46495a3aed48eef8ce75a69d001eaa28b4c38cb0f3c921909d,CORE CFIHOS V2.0 CSV/CFIHOS CORE tag or equipment class source standard v2.0.csv,154,source_reference_record,source_reference_record_unreviewed
CFIHOS-30000059,flash drum,CFIHOS-90000177,CFIHOS,real,True,sha256:a69b98012d9e4a46495a3aed48eef8ce75a69d001eaa28b4c38cb0f3c921909d,CORE CFIHOS V2.0 CSV/CFIHOS CORE tag or equipment class source standard v2.0.csv,155,source_reference_record,source_reference_record_unreviewed
CFIHOS-30000347,floodlight,CFIHOS-90000177,CFIHOS,real,True,sha256:a69b98012d9e4a46495a3aed48eef8ce75a69d001eaa28b4c38cb0f3c921909d,CORE CFIHOS V2.0 CSV/CFIHOS CORE tag or equipment class source standard v2.0.csv,156,source_reference_record,source_reference_record_unreviewed
CFIHOS-30000428,flow gauge,CFIHOS-90000177,CFIHOS,real,True,sha256:a69b98012d9e4a46495a3aed48eef8ce75a69d001eaa28b4c38cb0f3c921909d,CORE CFIHOS V2.0 CSV/CFIHOS CORE tag or equipment class source standard v2.0.csv,157,source_reference_record,source_reference_record_unreviewed
CFIHOS-30000063,flow orifice plate,CFIHOS-90000177,CFIHOS,real,True,sha256:a69b98012d9e4a46495a3aed48eef8ce75a69d001eaa28b4c38cb0f3c921909d,CORE CFIHOS V2.0 CSV/CFIHOS CORE tag or equipment class source standard v2.0.csv,158,source_reference_record,source_reference_record_unreviewed
CFIHOS-30000430,flow switch,CFIHOS-90000177,CFIHOS,real,True,sha256:a69b98012d9e4a46495a3aed48eef8ce75a69d001eaa28b4c38cb0f3c921909d,CORE CFIHOS V2.0 CSV/CFIHOS CORE tag or equipment class source standard v2.0.csv,159,source_reference_record,source_reference_record_unreviewed
CFIHOS-30000065,fog detector,CFIHOS-90000177,CFIHOS,real,True,sha256:a69b98012d9e4a46495a3aed48eef8ce75a69d001eaa28b4c38cb0f3c921909d,CORE CFIHOS V2.0 CSV/CFIHOS CORE tag or equipment class source standard v2.0.csv,160,source_reference_record,source_reference_record_unreviewed
CFIHOS-30000567,forklift truck,CFIHOS-90000177,CFIHOS,real,True,sha256:a69b98012d9e4a46495a3aed48eef8ce75a69d001eaa28b4c38cb0f3c921909d,CORE CFIHOS V2.0 CSV/CFIHOS CORE tag or equipment class source standard v2.0.csv,161,source_reference_record,source_reference_record_unreviewed
CFIHOS-30000305,frame,CFIHOS-90000177,CFIHOS,real,True,sha256:a69b98012d9e4a46495a3aed48eef8ce75a69d001eaa28b4c38cb0f3c921909d,CORE CFIHOS V2.0 CSV/CFIHOS CORE tag or equipment class source standard v2.0.csv,162,source_reference_record,source_reference_record_unreviewed
CFIHOS-30000070,funnel,CFIHOS-90000177,CFIHOS,real,True,sha256:a69b98012d9e4a46495a3aed48eef8ce75a69d001eaa28b4c38cb0f3c921909d,CORE CFIHOS V2.0 CSV/CFIHOS CORE tag or equipment class source standard v2.0.csv,163,source_reference_record,source_reference_record_unreviewed
CFIHOS-30000348,fuse,CFIHOS-90000177,CFIHOS,real,True,sha256:a69b98012d9e4a46495a3aed48eef8ce75a69d001eaa28b4c38cb0f3c921909d,CORE CFIHOS V2.0 CSV/CFIHOS CORE tag or equipment class source standard v2.0.csv,164,source_reference_record,source_reference_record_unreviewed
CFIHOS-30000072,fusible plug,CFIHOS-90000177,CFIHOS,real,True,sha256:a69b98012d9e4a46495a3aed48eef8ce75a69d001eaa28b4c38cb0f3c921909d,CORE CFIHOS V2.0 CSV/CFIHOS CORE tag or equipment class source standard v2.0.csv,165,source_reference_record,source_reference_record_unreviewed
CFIHOS-30000432,gas detector,CFIHOS-90000177,CFIHOS,real,True,sha256:a69b98012d9e4a46495a3aed48eef8ce75a69d001eaa28b4c38cb0f3c921909d,CORE CFIHOS V2.0 CSV/CFIHOS CORE tag or equipment class source standard v2.0.csv,166,source_reference_record,source_reference_record_unreviewed
CFIHOS-30000306,gasket,CFIHOS-90000177,CFIHOS,real,True,sha256:a69b98012d9e4a46495a3aed48eef8ce75a69d001eaa28b4c38cb0f3c921909d,CORE CFIHOS V2.0 CSV/CFIHOS CORE tag or equipment class source standard v2.0.csv,167,source_reference_record,source_reference_record_unreviewed
CFIHOS-30000535,gear box,CFIHOS-90000177,CFIHOS,real,True,sha256:a69b98012d9e4a46495a3aed48eef8ce75a69d001eaa28b4c38cb0f3c921909d,CORE CFIHOS V2.0 CSV/CFIHOS CORE tag or equipment class source standard v2.0.csv,168,source_reference_record,source_reference_record_unreviewed
CFIHOS-30000077,grease injection unit,CFIHOS-90000177,CFIHOS,real,True,sha256:a69b98012d9e4a46495a3aed48eef8ce75a69d001eaa28b4c38cb0f3c921909d,CORE CFIHOS V2.0 CSV/CFIHOS CORE tag or equipment class source standard v2.0.csv,169,source_reference_record,source_reference_record_unreviewed
CFIHOS-30000078,grille,CFIHOS-90000177,CFIHOS,real,True,sha256:a69b98012d9e4a46495a3aed48eef8ce75a69d001eaa28b4c38cb0f3c921909d,CORE CFIHOS V2.0 CSV/CFIHOS CORE tag or equipment class source standard v2.0.csv,170,source_reference_record,source_reference_record_unreviewed
CFIHOS-30000079,grinding machine,CFIHOS-90000177,CFIHOS,real,True,sha256:a69b98012d9e4a46495a3aed48eef8ce75a69d001eaa28b4c38cb0f3c921909d,CORE CFIHOS V2.0 CSV/CFIHOS CORE tag or equipment class source standard v2.0.csv,171,source_reference_record,source_reference_record_unreviewed
CFIHOS-30000080,guide post,CFIHOS-90000177,CFIHOS,real,True,sha256:a69b98012d9e4a46495a3aed48eef8ce75a69d001eaa28b4c38cb0f3c921909d,CORE CFIHOS V2.0 CSV/CFIHOS CORE tag or equipment class source standard v2.0.csv,172,source_reference_record,source_reference_record_unreviewed
CFIHOS-30000081,hard disk,CFIHOS-90000177,CFIHOS,real,True,sha256:a69b98012d9e4a46495a3aed48eef8ce75a69d001eaa28b4c38cb0f3c921909d,CORE CFIHOS V2.0 CSV/CFIHOS CORE tag or equipment class source standard v2.0.csv,173,source_reference_record,source_reference_record_unreviewed
CFIHOS-30000313,"health, safety and environment equipment class",CFIHOS-90000177,CFIHOS,real,True,sha256:a69b98012d9e4a46495a3aed48eef8ce75a69d001eaa28b4c38cb0f3c921909d,CORE CFIHOS V2.0 CSV/CFIHOS CORE tag or equipment class source standard v2.0.csv,174,source_reference_record,source_reference_record_unreviewed
CFIHOS-30000082,heat and smoke detector,CFIHOS-90000177,CFIHOS,real,True,sha256:a69b98012d9e4a46495a3aed48eef8ce75a69d001eaa28b4c38cb0f3c921909d,CORE CFIHOS V2.0 CSV/CFIHOS CORE tag or equipment class source standard v2.0.csv,175,source_reference_record,source_reference_record_unreviewed
CFIHOS-30000390,heat exchanger,CFIHOS-90000177,CFIHOS,real,True,sha256:a69b98012d9e4a46495a3aed48eef8ce75a69d001eaa28b4c38cb0f3c921909d,CORE CFIHOS V2.0 CSV/CFIHOS CORE tag or equipment class source standard v2.0.csv,176,source_reference_record,source_reference_record_unreviewed
CFIHOS-30000350,high-pass filter,CFIHOS-90000177,CFIHOS,real,True,sha256:a69b98012d9e4a46495a3aed48eef8ce75a69d001eaa28b4c38cb0f3c921909d,CORE CFIHOS V2.0 CSV/CFIHOS CORE tag or equipment class source standard v2.0.csv,177,source_reference_record,source_reference_record_unreviewed
CFIHOS-30000537,hood,CFIHOS-90000177,CFIHOS,real,True,sha256:a69b98012d9e4a46495a3aed48eef8ce75a69d001eaa28b4c38cb0f3c921909d,CORE CFIHOS V2.0 CSV/CFIHOS CORE tag or equipment class source standard v2.0.csv,178,source_reference_record,source_reference_record_unreviewed
CFIHOS-30000084,horn,CFIHOS-90000177,CFIHOS,real,True,sha256:a69b98012d9e4a46495a3aed48eef8ce75a69d001eaa28b4c38cb0f3c921909d,CORE CFIHOS V2.0 CSV/CFIHOS CORE tag or equipment class source standard v2.0.csv,179,source_reference_record,source_reference_record_unreviewed
CFIHOS-30000085,hose,CFIHOS-90000177,CFIHOS,real,True,sha256:a69b98012d9e4a46495a3aed48eef8ce75a69d001eaa28b4c38cb0f3c921909d,CORE CFIHOS V2.0 CSV/CFIHOS CORE tag or equipment class source standard v2.0.csv,180,source_reference_record,source_reference_record_unreviewed
CFIHOS-30000086,hose reel,CFIHOS-90000177,CFIHOS,real,True,sha256:a69b98012d9e4a46495a3aed48eef8ce75a69d001eaa28b4c38cb0f3c921909d,CORE CFIHOS V2.0 CSV/CFIHOS CORE tag or equipment class source standard v2.0.csv,181,source_reference_record,source_reference_record_unreviewed
CFIHOS-30000087,humidifier,CFIHOS-90000177,CFIHOS,real,True,sha256:a69b98012d9e4a46495a3aed48eef8ce75a69d001eaa28b4c38cb0f3c921909d,CORE CFIHOS V2.0 CSV/CFIHOS CORE tag or equipment class source standard v2.0.csv,182,source_reference_record,source_reference_record_unreviewed
CFIHOS-30000089,hydraulic connector,CFIHOS-90000177,CFIHOS,real,True,sha256:a69b98012d9e4a46495a3aed48eef8ce75a69d001eaa28b4c38cb0f3c921909d,CORE CFIHOS V2.0 CSV/CFIHOS CORE tag or equipment class source standard v2.0.csv,183,source_reference_record,source_reference_record_unreviewed
CFIHOS-30000538,hydraulic cylinder,CFIHOS-90000177,CFIHOS,real,True,sha256:a69b98012d9e4a46495a3aed48eef8ce75a69d001eaa28b4c38cb0f3c921909d,CORE CFIHOS V2.0 CSV/CFIHOS CORE tag or equipment class source standard v2.0.csv,184,source_reference_record,source_reference_record_unreviewed
CFIHOS-30000539,hydraulic motor,CFIHOS-90000177,CFIHOS,real,True,sha256:a69b98012d9e4a46495a3aed48eef8ce75a69d001eaa28b4c38cb0f3c921909d,CORE CFIHOS V2.0 CSV/CFIHOS CORE tag or equipment class source standard v2.0.csv,185,source_reference_record,source_reference_record_unreviewed
CFIHOS-30000090,hydraulic power supply,CFIHOS-90000177,CFIHOS,real,True,sha256:a69b98012d9e4a46495a3aed48eef8ce75a69d001eaa28b4c38cb0f3c921909d,CORE CFIHOS V2.0 CSV/CFIHOS CORE tag or equipment class source standard v2.0.csv,186,source_reference_record,source_reference_record_unreviewed
CFIHOS-30000568,hydraulic press,CFIHOS-90000177,CFIHOS,real,True,sha256:a69b98012d9e4a46495a3aed48eef8ce75a69d001eaa28b4c38cb0f3c921909d,CORE CFIHOS V2.0 CSV/CFIHOS CORE tag or equipment class source standard v2.0.csv,187,source_reference_record,source_reference_record_unreviewed
CFIHOS-30000094,ignitor,CFIHOS-90000177,CFIHOS,real,True,sha256:a69b98012d9e4a46495a3aed48eef8ce75a69d001eaa28b4c38cb0f3c921909d,CORE CFIHOS V2.0 CSV/CFIHOS CORE tag or equipment class source standard v2.0.csv,188,source_reference_record,source_reference_record_unreviewed
CFIHOS-30000391,incinerator,CFIHOS-90000177,CFIHOS,real,True,sha256:a69b98012d9e4a46495a3aed48eef8ce75a69d001eaa28b4c38cb0f3c921909d,CORE CFIHOS V2.0 CSV/CFIHOS CORE tag or equipment class source standard v2.0.csv,189,source_reference_record,source_reference_record_unreviewed
CFIHOS-30000292,indicating instrument,CFIHOS-90000177,CFIHOS,real,True,sha256:a69b98012d9e4a46495a3aed48eef8ce75a69d001eaa28b4c38cb0f3c921909d,CORE CFIHOS V2.0 CSV/CFIHOS CORE tag or equipment class source standard v2.0.csv,190,source_reference_record,source_reference_record_unreviewed
CFIHOS-30000100,intercom,CFIHOS-90000177,CFIHOS,real,True,sha256:a69b98012d9e4a46495a3aed48eef8ce75a69d001eaa28b4c38cb0f3c921909d,CORE CFIHOS V2.0 CSV/CFIHOS CORE tag or equipment class source standard v2.0.csv,191,source_reference_record,source_reference_record_unreviewed
CFIHOS-30000351,interlocking device,CFIHOS-90000177,CFIHOS,real,True,sha256:a69b98012d9e4a46495a3aed48eef8ce75a69d001eaa28b4c38cb0f3c921909d,CORE CFIHOS V2.0 CSV/CFIHOS CORE tag or equipment class source standard v2.0.csv,192,source_reference_record,source_reference_record_unreviewed
CFIHOS-30000352,isolator,CFIHOS-90000177,CFIHOS,real,True,sha256:a69b98012d9e4a46495a3aed48eef8ce75a69d001eaa28b4c38cb0f3c921909d,CORE CFIHOS V2.0 CSV/CFIHOS CORE tag or equipment class source standard v2.0.csv,193,source_reference_record,source_reference_record_unreviewed
CFIHOS-30000353,junction box,CFIHOS-90000177,CFIHOS,real,True,sha256:a69b98012d9e4a46495a3aed48eef8ce75a69d001eaa28b4c38cb0f3c921909d,CORE CFIHOS V2.0 CSV/CFIHOS CORE tag or equipment class source standard v2.0.csv,194,source_reference_record,source_reference_record_unreviewed
CFIHOS-30000435,keyboard,CFIHOS-90000177,CFIHOS,real,True,sha256:a69b98012d9e4a46495a3aed48eef8ce75a69d001eaa28b4c38cb0f3c921909d,CORE CFIHOS V2.0 CSV/CFIHOS CORE tag or equipment class source standard v2.0.csv,195,source_reference_record,source_reference_record_unreviewed
CFIHOS-30000354,lamp,CFIHOS-90000177,CFIHOS,real,True,sha256:a69b98012d9e4a46495a3aed48eef8ce75a69d001eaa28b4c38cb0f3c921909d,CORE CFIHOS V2.0 CSV/CFIHOS CORE tag or equipment class source standard v2.0.csv,196,source_reference_record,source_reference_record_unreviewed
CFIHOS-30000112,lathe,CFIHOS-90000177,CFIHOS,real,True,sha256:a69b98012d9e4a46495a3aed48eef8ce75a69d001eaa28b4c38cb0f3c921909d,CORE CFIHOS V2.0 CSV/CFIHOS CORE tag or equipment class source standard v2.0.csv,197,source_reference_record,source_reference_record_unreviewed
CFIHOS-30000601,life boat,CFIHOS-90000177,CFIHOS,real,True,sha256:a69b98012d9e4a46495a3aed48eef8ce75a69d001eaa28b4c38cb0f3c921909d,CORE CFIHOS V2.0 CSV/CFIHOS CORE tag or equipment class source standard v2.0.csv,198,source_reference_record,source_reference_record_unreviewed
CFIHOS-30000114,life buoy,CFIHOS-90000177,CFIHOS,real,True,sha256:a69b98012d9e4a46495a3aed48eef8ce75a69d001eaa28b4c38cb0f3c921909d,CORE CFIHOS V2.0 CSV/CFIHOS CORE tag or equipment class source standard v2.0.csv,199,source_reference_record,source_reference_record_unreviewed
CFIHOS-30000115,life buoy light,CFIHOS-90000177,CFIHOS,real,True,sha256:a69b98012d9e4a46495a3aed48eef8ce75a69d001eaa28b4c38cb0f3c921909d,CORE CFIHOS V2.0 CSV/CFIHOS CORE tag or equipment class source standard v2.0.csv,200,source_reference_record,source_reference_record_unreviewed
CFIHOS-30000116,life raft,CFIHOS-90000177,CFIHOS,real,True,sha256:a69b98012d9e4a46495a3aed48eef8ce75a69d001eaa28b4c38cb0f3c921909d,CORE CFIHOS V2.0 CSV/CFIHOS CORE tag or equipment class source standard v2.0.csv,201,source_reference_record,source_reference_record_unreviewed
CFIHOS-30000121,liquid detector,CFIHOS-90000177,CFIHOS,real,True,sha256:a69b98012d9e4a46495a3aed48eef8ce75a69d001eaa28b4c38cb0f3c921909d,CORE CFIHOS V2.0 CSV/CFIHOS CORE tag or equipment class source standard v2.0.csv,202,source_reference_record,source_reference_record_unreviewed
CFIHOS-30000123,load cell,CFIHOS-90000177,CFIHOS,real,True,sha256:a69b98012d9e4a46495a3aed48eef8ce75a69d001eaa28b4c38cb0f3c921909d,CORE CFIHOS V2.0 CSV/CFIHOS CORE tag or equipment class source standard v2.0.csv,203,source_reference_record,source_reference_record_unreviewed
CFIHOS-30000602,loading arm,CFIHOS-90000177,CFIHOS,real,True,sha256:a69b98012d9e4a46495a3aed48eef8ce75a69d001eaa28b4c38cb0f3c921909d,CORE CFIHOS V2.0 CSV/CFIHOS CORE tag or equipment class source standard v2.0.csv,204,source_reference_record,source_reference_record_unreviewed
CFIHOS-30000124,logic cap,CFIHOS-90000177,CFIHOS,real,True,sha256:a69b98012d9e4a46495a3aed48eef8ce75a69d001eaa28b4c38cb0f3c921909d,CORE CFIHOS V2.0 CSV/CFIHOS CORE tag or equipment class source standard v2.0.csv,205,source_reference_record,source_reference_record_unreviewed
CFIHOS-30000436,loudspeaker,CFIHOS-90000177,CFIHOS,real,True,sha256:a69b98012d9e4a46495a3aed48eef8ce75a69d001eaa28b4c38cb0f3c921909d,CORE CFIHOS V2.0 CSV/CFIHOS CORE tag or equipment class source standard v2.0.csv,206,source_reference_record,source_reference_record_unreviewed
CFIHOS-30000125,louvre,CFIHOS-90000177,CFIHOS,real,True,sha256:a69b98012d9e4a46495a3aed48eef8ce75a69d001eaa28b4c38cb0f3c921909d,CORE CFIHOS V2.0 CSV/CFIHOS CORE tag or equipment class source standard v2.0.csv,207,source_reference_record,source_reference_record_unreviewed
CFIHOS-30000356,low-pass filter,CFIHOS-90000177,CFIHOS,real,True,sha256:a69b98012d9e4a46495a3aed48eef8ce75a69d001eaa28b4c38cb0f3c921909d,CORE CFIHOS V2.0 CSV/CFIHOS CORE tag or equipment class source standard v2.0.csv,208,source_reference_record,source_reference_record_unreviewed
CFIHOS-30000357,luminaire,CFIHOS-90000177,CFIHOS,real,True,sha256:a69b98012d9e4a46495a3aed48eef8ce75a69d001eaa28b4c38cb0f3c921909d,CORE CFIHOS V2.0 CSV/CFIHOS CORE tag or equipment class source standard v2.0.csv,209,source_reference_record,source_reference_record_unreviewed
CFIHOS-30000308,manifold,CFIHOS-90000177,CFIHOS,real,True,sha256:a69b98012d9e4a46495a3aed48eef8ce75a69d001eaa28b4c38cb0f3c921909d,CORE CFIHOS V2.0 CSV/CFIHOS CORE tag or equipment class source standard v2.0.csv,210,source_reference_record,source_reference_record_unreviewed
CFIHOS-30000127,manual call point,CFIHOS-90000177,CFIHOS,real,True,sha256:a69b98012d9e4a46495a3aed48eef8ce75a69d001eaa28b4c38cb0f3c921909d,CORE CFIHOS V2.0 CSV/CFIHOS CORE tag or equipment class source standard v2.0.csv,211,source_reference_record,source_reference_record_unreviewed
CFIHOS-30000128,manual control switch,CFIHOS-90000177,CFIHOS,real,True,sha256:a69b98012d9e4a46495a3aed48eef8ce75a69d001eaa28b4c38cb0f3c921909d,CORE CFIHOS V2.0 CSV/CFIHOS CORE tag or equipment class source standard v2.0.csv,212,source_reference_record,source_reference_record_unreviewed
CFIHOS-30000130,mast,CFIHOS-90000177,CFIHOS,real,True,sha256:a69b98012d9e4a46495a3aed48eef8ce75a69d001eaa28b4c38cb0f3c921909d,CORE CFIHOS V2.0 CSV/CFIHOS CORE tag or equipment class source standard v2.0.csv,213,source_reference_record,source_reference_record_unreviewed
CFIHOS-30000131,mechanical connector,CFIHOS-90000177,CFIHOS,real,True,sha256:a69b98012d9e4a46495a3aed48eef8ce75a69d001eaa28b4c38cb0f3c921909d,CORE CFIHOS V2.0 CSV/CFIHOS CORE tag or equipment class source standard v2.0.csv,214,source_reference_record,source_reference_record_unreviewed
CFIHOS-30000542,mechanical seal,CFIHOS-90000177,CFIHOS,real,True,sha256:a69b98012d9e4a46495a3aed48eef8ce75a69d001eaa28b4c38cb0f3c921909d,CORE CFIHOS V2.0 CSV/CFIHOS CORE tag or equipment class source standard v2.0.csv,215,source_reference_record,source_reference_record_unreviewed
CFIHOS-30000132,meter prover,CFIHOS-90000177,CFIHOS,real,True,sha256:a69b98012d9e4a46495a3aed48eef8ce75a69d001eaa28b4c38cb0f3c921909d,CORE CFIHOS V2.0 CSV/CFIHOS CORE tag or equipment class source standard v2.0.csv,216,source_reference_record,source_reference_record_unreviewed
CFIHOS-30000133,microphone,CFIHOS-90000177,CFIHOS,real,True,sha256:a69b98012d9e4a46495a3aed48eef8ce75a69d001eaa28b4c38cb0f3c921909d,CORE CFIHOS V2.0 CSV/CFIHOS CORE tag or equipment class source standard v2.0.csv,217,source_reference_record,source_reference_record_unreviewed
CFIHOS-30000543,mixer,CFIHOS-90000177,CFIHOS,real,True,sha256:a69b98012d9e4a46495a3aed48eef8ce75a69d001eaa28b4c38cb0f3c921909d,CORE CFIHOS V2.0 CSV/CFIHOS CORE tag or equipment class source standard v2.0.csv,218,source_reference_record,source_reference_record_unreviewed
CFIHOS-30000135,modem,CFIHOS-90000177,CFIHOS,real,True,sha256:a69b98012d9e4a46495a3aed48eef8ce75a69d001eaa28b4c38cb0f3c921909d,CORE CFIHOS V2.0 CSV/CFIHOS CORE tag or equipment class source standard v2.0.csv,219,source_reference_record,source_reference_record_unreviewed
CFIHOS-30000136,mounting bracket,CFIHOS-90000177,CFIHOS,real,True,sha256:a69b98012d9e4a46495a3aed48eef8ce75a69d001eaa28b4c38cb0f3c921909d,CORE CFIHOS V2.0 CSV/CFIHOS CORE tag or equipment class source standard v2.0.csv,220,source_reference_record,source_reference_record_unreviewed
CFIHOS-30000138,multiplexer,CFIHOS-90000177,CFIHOS,real,True,sha256:a69b98012d9e4a46495a3aed48eef8ce75a69d001eaa28b4c38cb0f3c921909d,CORE CFIHOS V2.0 CSV/CFIHOS CORE tag or equipment class source standard v2.0.csv,221,source_reference_record,source_reference_record_unreviewed
CFIHOS-30000139,net oil computer,CFIHOS-90000177,CFIHOS,real,True,sha256:a69b98012d9e4a46495a3aed48eef8ce75a69d001eaa28b4c38cb0f3c921909d,CORE CFIHOS V2.0 CSV/CFIHOS CORE tag or equipment class source standard v2.0.csv,222,source_reference_record,source_reference_record_unreviewed
CFIHOS-30000495,nozzle,CFIHOS-90000177,CFIHOS,real,True,sha256:a69b98012d9e4a46495a3aed48eef8ce75a69d001eaa28b4c38cb0f3c921909d,CORE CFIHOS V2.0 CSV/CFIHOS CORE tag or equipment class source standard v2.0.csv,223,source_reference_record,source_reference_record_unreviewed
CFIHOS-30000164,optical beacon,CFIHOS-90000177,CFIHOS,real,True,sha256:a69b98012d9e4a46495a3aed48eef8ce75a69d001eaa28b4c38cb0f3c921909d,CORE CFIHOS V2.0 CSV/CFIHOS CORE tag or equipment class source standard v2.0.csv,224,source_reference_record,source_reference_record_unreviewed
CFIHOS-30000165,overhead projector,CFIHOS-90000177,CFIHOS,real,True,sha256:a69b98012d9e4a46495a3aed48eef8ce75a69d001eaa28b4c38cb0f3c921909d,CORE CFIHOS V2.0 CSV/CFIHOS CORE tag or equipment class source standard v2.0.csv,225,source_reference_record,source_reference_record_unreviewed
CFIHOS-30000168,package,CFIHOS-90000177,CFIHOS,real,True,sha256:a69b98012d9e4a46495a3aed48eef8ce75a69d001eaa28b4c38cb0f3c921909d,CORE CFIHOS V2.0 CSV/CFIHOS CORE tag or equipment class source standard v2.0.csv,226,source_reference_record,source_reference_record_unreviewed
CFIHOS-30000170,pager,CFIHOS-90000177,CFIHOS,real,True,sha256:a69b98012d9e4a46495a3aed48eef8ce75a69d001eaa28b4c38cb0f3c921909d,CORE CFIHOS V2.0 CSV/CFIHOS CORE tag or equipment class source standard v2.0.csv,227,source_reference_record,source_reference_record_unreviewed
CFIHOS-30000171,paging system,CFIHOS-90000177,CFIHOS,real,True,sha256:a69b98012d9e4a46495a3aed48eef8ce75a69d001eaa28b4c38cb0f3c921909d,CORE CFIHOS V2.0 CSV/CFIHOS CORE tag or equipment class source standard v2.0.csv,228,source_reference_record,source_reference_record_unreviewed
CFIHOS-30000172,personnel basket,CFIHOS-90000177,CFIHOS,real,True,sha256:a69b98012d9e4a46495a3aed48eef8ce75a69d001eaa28b4c38cb0f3c921909d,CORE CFIHOS V2.0 CSV/CFIHOS CORE tag or equipment class source standard v2.0.csv,229,source_reference_record,source_reference_record_unreviewed
CFIHOS-30000441,pig detector,CFIHOS-90000177,CFIHOS,real,True,sha256:a69b98012d9e4a46495a3aed48eef8ce75a69d001eaa28b4c38cb0f3c921909d,CORE CFIHOS V2.0 CSV/CFIHOS CORE tag or equipment class source standard v2.0.csv,230,source_reference_record,source_reference_record_unreviewed
CFIHOS-30000175,pig launcher,CFIHOS-90000177,CFIHOS,real,True,sha256:a69b98012d9e4a46495a3aed48eef8ce75a69d001eaa28b4c38cb0f3c921909d,CORE CFIHOS V2.0 CSV/CFIHOS CORE tag or equipment class source standard v2.0.csv,231,source_reference_record,source_reference_record_unreviewed
CFIHOS-30000177,pig receiver,CFIHOS-90000177,CFIHOS,real,True,sha256:a69b98012d9e4a46495a3aed48eef8ce75a69d001eaa28b4c38cb0f3c921909d,CORE CFIHOS V2.0 CSV/CFIHOS CORE tag or equipment class source standard v2.0.csv,232,source_reference_record,source_reference_record_unreviewed
CFIHOS-30000178,pig transmitter,CFIHOS-90000177,CFIHOS,real,True,sha256:a69b98012d9e4a46495a3aed48eef8ce75a69d001eaa28b4c38cb0f3c921909d,CORE CFIHOS V2.0 CSV/CFIHOS CORE tag or equipment class source standard v2.0.csv,233,source_reference_record,source_reference_record_unreviewed
CFIHOS-30000179,pig trap,CFIHOS-90000177,CFIHOS,real,True,sha256:a69b98012d9e4a46495a3aed48eef8ce75a69d001eaa28b4c38cb0f3c921909d,CORE CFIHOS V2.0 CSV/CFIHOS CORE tag or equipment class source standard v2.0.csv,234,source_reference_record,source_reference_record_unreviewed
CFIHOS-30000180,pipe bending machine,CFIHOS-90000177,CFIHOS,real,True,sha256:a69b98012d9e4a46495a3aed48eef8ce75a69d001eaa28b4c38cb0f3c921909d,CORE CFIHOS V2.0 CSV/CFIHOS CORE tag or equipment class source standard v2.0.csv,235,source_reference_record,source_reference_record_unreviewed
CFIHOS-30000442,pitot tube,CFIHOS-90000177,CFIHOS,real,True,sha256:a69b98012d9e4a46495a3aed48eef8ce75a69d001eaa28b4c38cb0f3c921909d,CORE CFIHOS V2.0 CSV/CFIHOS CORE tag or equipment class source standard v2.0.csv,236,source_reference_record,source_reference_record_unreviewed
CFIHOS-30000752,plate heat exchanger,CFIHOS-90000177,CFIHOS,real,True,sha256:a69b98012d9e4a46495a3aed48eef8ce75a69d001eaa28b4c38cb0f3c921909d,CORE CFIHOS V2.0 CSV/CFIHOS CORE tag or equipment class source standard v2.0.csv,237,source_reference_record,source_reference_record_unreviewed
CFIHOS-30000548,pneumatic motor,CFIHOS-90000177,CFIHOS,real,True,sha256:a69b98012d9e4a46495a3aed48eef8ce75a69d001eaa28b4c38cb0f3c921909d,CORE CFIHOS V2.0 CSV/CFIHOS CORE tag or equipment class source standard v2.0.csv,238,source_reference_record,source_reference_record_unreviewed
CFIHOS-30000449,position transmitter,CFIHOS-90000177,CFIHOS,real,True,sha256:a69b98012d9e4a46495a3aed48eef8ce75a69d001eaa28b4c38cb0f3c921909d,CORE CFIHOS V2.0 CSV/CFIHOS CORE tag or equipment class source standard v2.0.csv,239,source_reference_record,source_reference_record_unreviewed
CFIHOS-30000184,positioning system,CFIHOS-90000177,CFIHOS,real,True,sha256:a69b98012d9e4a46495a3aed48eef8ce75a69d001eaa28b4c38cb0f3c921909d,CORE CFIHOS V2.0 CSV/CFIHOS CORE tag or equipment class source standard v2.0.csv,240,source_reference_record,source_reference_record_unreviewed
CFIHOS-30000186,power stabiliser,CFIHOS-90000177,CFIHOS,real,True,sha256:a69b98012d9e4a46495a3aed48eef8ce75a69d001eaa28b4c38cb0f3c921909d,CORE CFIHOS V2.0 CSV/CFIHOS CORE tag or equipment class source standard v2.0.csv,241,source_reference_record,source_reference_record_unreviewed
CFIHOS-30000361,power supply unit,CFIHOS-90000177,CFIHOS,real,True,sha256:a69b98012d9e4a46495a3aed48eef8ce75a69d001eaa28b4c38cb0f3c921909d,CORE CFIHOS V2.0 CSV/CFIHOS CORE tag or equipment class source standard v2.0.csv,242,source_reference_record,source_reference_record_unreviewed
CFIHOS-30000452,pressure gauge,CFIHOS-90000177,CFIHOS,real,True,sha256:a69b98012d9e4a46495a3aed48eef8ce75a69d001eaa28b4c38cb0f3c921909d,CORE CFIHOS V2.0 CSV/CFIHOS CORE tag or equipment class source standard v2.0.csv,243,source_reference_record,source_reference_record_unreviewed
CFIHOS-30000454,pressure switch,CFIHOS-90000177,CFIHOS,real,True,sha256:a69b98012d9e4a46495a3aed48eef8ce75a69d001eaa28b4c38cb0f3c921909d,CORE CFIHOS V2.0 CSV/CFIHOS CORE tag or equipment class source standard v2.0.csv,244,source_reference_record,source_reference_record_unreviewed
CFIHOS-30000754,printed circuit heat exchanger,CFIHOS-90000177,CFIHOS,real,True,sha256:a69b98012d9e4a46495a3aed48eef8ce75a69d001eaa28b4c38cb0f3c921909d,CORE CFIHOS V2.0 CSV/CFIHOS CORE tag or equipment class source standard v2.0.csv,245,source_reference_record,source_reference_record_unreviewed
CFIHOS-30000586,process column,CFIHOS-90000177,CFIHOS,real,True,sha256:a69b98012d9e4a46495a3aed48eef8ce75a69d001eaa28b4c38cb0f3c921909d,CORE CFIHOS V2.0 CSV/CFIHOS CORE tag or equipment class source standard v2.0.csv,246,source_reference_record,source_reference_record_unreviewed
CFIHOS-30000189,process data acquisition and control,CFIHOS-90000177,CFIHOS,real,True,sha256:a69b98012d9e4a46495a3aed48eef8ce75a69d001eaa28b4c38cb0f3c921909d,CORE CFIHOS V2.0 CSV/CFIHOS CORE tag or equipment class source standard v2.0.csv,247,source_reference_record,source_reference_record_unreviewed
CFIHOS-30000457,proximity element,CFIHOS-90000177,CFIHOS,real,True,sha256:a69b98012d9e4a46495a3aed48eef8ce75a69d001eaa28b4c38cb0f3c921909d,CORE CFIHOS V2.0 CSV/CFIHOS CORE tag or equipment class source standard v2.0.csv,248,source_reference_record,source_reference_record_unreviewed
CFIHOS-30000191,public address and alarm system,CFIHOS-90000177,CFIHOS,real,True,sha256:a69b98012d9e4a46495a3aed48eef8ce75a69d001eaa28b4c38cb0f3c921909d,CORE CFIHOS V2.0 CSV/CFIHOS CORE tag or equipment class source standard v2.0.csv,249,source_reference_record,source_reference_record_unreviewed
CFIHOS-30000549,pulsation damper,CFIHOS-90000177,CFIHOS,real,True,sha256:a69b98012d9e4a46495a3aed48eef8ce75a69d001eaa28b4c38cb0f3c921909d,CORE CFIHOS V2.0 CSV/CFIHOS CORE tag or equipment class source standard v2.0.csv,250,source_reference_record,source_reference_record_unreviewed
CFIHOS-30000199,rack,CFIHOS-90000177,CFIHOS,real,True,sha256:a69b98012d9e4a46495a3aed48eef8ce75a69d001eaa28b4c38cb0f3c921909d,CORE CFIHOS V2.0 CSV/CFIHOS CORE tag or equipment class source standard v2.0.csv,251,source_reference_record,source_reference_record_unreviewed
CFIHOS-30000201,radiator,CFIHOS-90000177,CFIHOS,real,True,sha256:a69b98012d9e4a46495a3aed48eef8ce75a69d001eaa28b4c38cb0f3c921909d,CORE CFIHOS V2.0 CSV/CFIHOS CORE tag or equipment class source standard v2.0.csv,252,source_reference_record,source_reference_record_unreviewed
CFIHOS-30000202,radio caravan,CFIHOS-90000177,CFIHOS,real,True,sha256:a69b98012d9e4a46495a3aed48eef8ce75a69d001eaa28b4c38cb0f3c921909d,CORE CFIHOS V2.0 CSV/CFIHOS CORE tag or equipment class source standard v2.0.csv,253,source_reference_record,source_reference_record_unreviewed
CFIHOS-30000203,radio transceiver,CFIHOS-90000177,CFIHOS,real,True,sha256:a69b98012d9e4a46495a3aed48eef8ce75a69d001eaa28b4c38cb0f3c921909d,CORE CFIHOS V2.0 CSV/CFIHOS CORE tag or equipment class source standard v2.0.csv,254,source_reference_record,source_reference_record_unreviewed
CFIHOS-30000205,reader,CFIHOS-90000177,CFIHOS,real,True,sha256:a69b98012d9e4a46495a3aed48eef8ce75a69d001eaa28b4c38cb0f3c921909d,CORE CFIHOS V2.0 CSV/CFIHOS CORE tag or equipment class source standard v2.0.csv,255,source_reference_record,source_reference_record_unreviewed
CFIHOS-30000363,rectifier,CFIHOS-90000177,CFIHOS,real,True,sha256:a69b98012d9e4a46495a3aed48eef8ce75a69d001eaa28b4c38cb0f3c921909d,CORE CFIHOS V2.0 CSV/CFIHOS CORE tag or equipment class source standard v2.0.csv,256,source_reference_record,source_reference_record_unreviewed
CFIHOS-30000364,relay,CFIHOS-90000177,CFIHOS,real,True,sha256:a69b98012d9e4a46495a3aed48eef8ce75a69d001eaa28b4c38cb0f3c921909d,CORE CFIHOS V2.0 CSV/CFIHOS CORE tag or equipment class source standard v2.0.csv,257,source_reference_record,source_reference_record_unreviewed
CFIHOS-30000295,relief valve,CFIHOS-90000177,CFIHOS,real,True,sha256:a69b98012d9e4a46495a3aed48eef8ce75a69d001eaa28b4c38cb0f3c921909d,CORE CFIHOS V2.0 CSV/CFIHOS CORE tag or equipment class source standard v2.0.csv,258,source_reference_record,source_reference_record_unreviewed
CFIHOS-30000209,remote terminal unit,CFIHOS-90000177,CFIHOS,real,True,sha256:a69b98012d9e4a46495a3aed48eef8ce75a69d001eaa28b4c38cb0f3c921909d,CORE CFIHOS V2.0 CSV/CFIHOS CORE tag or equipment class source standard v2.0.csv,259,source_reference_record,source_reference_record_unreviewed
CFIHOS-30000464,restriction orifice plate,CFIHOS-90000177,CFIHOS,real,True,sha256:a69b98012d9e4a46495a3aed48eef8ce75a69d001eaa28b4c38cb0f3c921909d,CORE CFIHOS V2.0 CSV/CFIHOS CORE tag or equipment class source standard v2.0.csv,260,source_reference_record,source_reference_record_unreviewed
CFIHOS-30000569,roller conveyor,CFIHOS-90000177,CFIHOS,real,True,sha256:a69b98012d9e4a46495a3aed48eef8ce75a69d001eaa28b4c38cb0f3c921909d,CORE CFIHOS V2.0 CSV/CFIHOS CORE tag or equipment class source standard v2.0.csv,261,source_reference_record,source_reference_record_unreviewed
CFIHOS-30000221,router,CFIHOS-90000177,CFIHOS,real,True,sha256:a69b98012d9e4a46495a3aed48eef8ce75a69d001eaa28b4c38cb0f3c921909d,CORE CFIHOS V2.0 CSV/CFIHOS CORE tag or equipment class source standard v2.0.csv,262,source_reference_record,source_reference_record_unreviewed
CFIHOS-30000466,rupture disc,CFIHOS-90000177,CFIHOS,real,True,sha256:a69b98012d9e4a46495a3aed48eef8ce75a69d001eaa28b4c38cb0f3c921909d,CORE CFIHOS V2.0 CSV/CFIHOS CORE tag or equipment class source standard v2.0.csv,263,source_reference_record,source_reference_record_unreviewed
CFIHOS-30000513,safety shower,CFIHOS-90000177,CFIHOS,real,True,sha256:a69b98012d9e4a46495a3aed48eef8ce75a69d001eaa28b4c38cb0f3c921909d,CORE CFIHOS V2.0 CSV/CFIHOS CORE tag or equipment class source standard v2.0.csv,264,source_reference_record,source_reference_record_unreviewed
CFIHOS-30000467,sampler,CFIHOS-90000177,CFIHOS,real,True,sha256:a69b98012d9e4a46495a3aed48eef8ce75a69d001eaa28b4c38cb0f3c921909d,CORE CFIHOS V2.0 CSV/CFIHOS CORE tag or equipment class source standard v2.0.csv,265,source_reference_record,source_reference_record_unreviewed
CFIHOS-30000243,sand detector,CFIHOS-90000177,CFIHOS,real,True,sha256:a69b98012d9e4a46495a3aed48eef8ce75a69d001eaa28b4c38cb0f3c921909d,CORE CFIHOS V2.0 CSV/CFIHOS CORE tag or equipment class source standard v2.0.csv,266,source_reference_record,source_reference_record_unreviewed
CFIHOS-30000225,satellite communications terminal,CFIHOS-90000177,CFIHOS,real,True,sha256:a69b98012d9e4a46495a3aed48eef8ce75a69d001eaa28b4c38cb0f3c921909d,CORE CFIHOS V2.0 CSV/CFIHOS CORE tag or equipment class source standard v2.0.csv,267,source_reference_record,source_reference_record_unreviewed
CFIHOS-30000587,scraper,CFIHOS-90000177,CFIHOS,real,True,sha256:a69b98012d9e4a46495a3aed48eef8ce75a69d001eaa28b4c38cb0f3c921909d,CORE CFIHOS V2.0 CSV/CFIHOS CORE tag or equipment class source standard v2.0.csv,268,source_reference_record,source_reference_record_unreviewed
CFIHOS-30000226,screw conveyor,CFIHOS-90000177,CFIHOS,real,True,sha256:a69b98012d9e4a46495a3aed48eef8ce75a69d001eaa28b4c38cb0f3c921909d,CORE CFIHOS V2.0 CSV/CFIHOS CORE tag or equipment class source standard v2.0.csv,269,source_reference_record,source_reference_record_unreviewed
CFIHOS-30000309,seal,CFIHOS-90000177,CFIHOS,real,True,sha256:a69b98012d9e4a46495a3aed48eef8ce75a69d001eaa28b4c38cb0f3c921909d,CORE CFIHOS V2.0 CSV/CFIHOS CORE tag or equipment class source standard v2.0.csv,270,source_reference_record,source_reference_record_unreviewed
CFIHOS-30000228,shale shaker,CFIHOS-90000177,CFIHOS,real,True,sha256:a69b98012d9e4a46495a3aed48eef8ce75a69d001eaa28b4c38cb0f3c921909d,CORE CFIHOS V2.0 CSV/CFIHOS CORE tag or equipment class source standard v2.0.csv,271,source_reference_record,source_reference_record_unreviewed
CFIHOS-30000231,sheave,CFIHOS-90000177,CFIHOS,real,True,sha256:a69b98012d9e4a46495a3aed48eef8ce75a69d001eaa28b4c38cb0f3c921909d,CORE CFIHOS V2.0 CSV/CFIHOS CORE tag or equipment class source standard v2.0.csv,272,source_reference_record,source_reference_record_unreviewed
CFIHOS-30000590,shell,CFIHOS-90000177,CFIHOS,real,True,sha256:a69b98012d9e4a46495a3aed48eef8ce75a69d001eaa28b4c38cb0f3c921909d,CORE CFIHOS V2.0 CSV/CFIHOS CORE tag or equipment class source standard v2.0.csv,273,source_reference_record,source_reference_record_unreviewed
CFIHOS-30000755,shell and tube heat exchanger,CFIHOS-90000177,CFIHOS,real,True,sha256:a69b98012d9e4a46495a3aed48eef8ce75a69d001eaa28b4c38cb0f3c921909d,CORE CFIHOS V2.0 CSV/CFIHOS CORE tag or equipment class source standard v2.0.csv,274,source_reference_record,source_reference_record_unreviewed
CFIHOS-30000232,shut off damper,CFIHOS-90000177,CFIHOS,real,True,sha256:a69b98012d9e4a46495a3aed48eef8ce75a69d001eaa28b4c38cb0f3c921909d,CORE CFIHOS V2.0 CSV/CFIHOS CORE tag or equipment class source standard v2.0.csv,275,source_reference_record,source_reference_record_unreviewed
CFIHOS-30000233,side pocket mandrel,CFIHOS-90000177,CFIHOS,real,True,sha256:a69b98012d9e4a46495a3aed48eef8ce75a69d001eaa28b4c38cb0f3c921909d,CORE CFIHOS V2.0 CSV/CFIHOS CORE tag or equipment class source standard v2.0.csv,276,source_reference_record,source_reference_record_unreviewed
CFIHOS-30000235,signal splitter,CFIHOS-90000177,CFIHOS,real,True,sha256:a69b98012d9e4a46495a3aed48eef8ce75a69d001eaa28b4c38cb0f3c921909d,CORE CFIHOS V2.0 CSV/CFIHOS CORE tag or equipment class source standard v2.0.csv,277,source_reference_record,source_reference_record_unreviewed
CFIHOS-30000514,silencer,CFIHOS-90000177,CFIHOS,real,True,sha256:a69b98012d9e4a46495a3aed48eef8ce75a69d001eaa28b4c38cb0f3c921909d,CORE CFIHOS V2.0 CSV/CFIHOS CORE tag or equipment class source standard v2.0.csv,278,source_reference_record,source_reference_record_unreviewed
CFIHOS-30000236,single buoy mooring,CFIHOS-90000177,CFIHOS,real,True,sha256:a69b98012d9e4a46495a3aed48eef8ce75a69d001eaa28b4c38cb0f3c921909d,CORE CFIHOS V2.0 CSV/CFIHOS CORE tag or equipment class source standard v2.0.csv,279,source_reference_record,source_reference_record_unreviewed
CFIHOS-30000237,sink,CFIHOS-90000177,CFIHOS,real,True,sha256:a69b98012d9e4a46495a3aed48eef8ce75a69d001eaa28b4c38cb0f3c921909d,CORE CFIHOS V2.0 CSV/CFIHOS CORE tag or equipment class source standard v2.0.csv,280,source_reference_record,source_reference_record_unreviewed
CFIHOS-30000239,skimmer,CFIHOS-90000177,CFIHOS,real,True,sha256:a69b98012d9e4a46495a3aed48eef8ce75a69d001eaa28b4c38cb0f3c921909d,CORE CFIHOS V2.0 CSV/CFIHOS CORE tag or equipment class source standard v2.0.csv,281,source_reference_record,source_reference_record_unreviewed
CFIHOS-30000570,slat conveyor,CFIHOS-90000177,CFIHOS,real,True,sha256:a69b98012d9e4a46495a3aed48eef8ce75a69d001eaa28b4c38cb0f3c921909d,CORE CFIHOS V2.0 CSV/CFIHOS CORE tag or equipment class source standard v2.0.csv,282,source_reference_record,source_reference_record_unreviewed
CFIHOS-30000591,slug catcher,CFIHOS-90000177,CFIHOS,real,True,sha256:a69b98012d9e4a46495a3aed48eef8ce75a69d001eaa28b4c38cb0f3c921909d,CORE CFIHOS V2.0 CSV/CFIHOS CORE tag or equipment class source standard v2.0.csv,283,source_reference_record,source_reference_record_unreviewed
CFIHOS-30000470,smoke detector,CFIHOS-90000177,CFIHOS,real,True,sha256:a69b98012d9e4a46495a3aed48eef8ce75a69d001eaa28b4c38cb0f3c921909d,CORE CFIHOS V2.0 CSV/CFIHOS CORE tag or equipment class source standard v2.0.csv,284,source_reference_record,source_reference_record_unreviewed
CFIHOS-30000240,snatch block,CFIHOS-90000177,CFIHOS,real,True,sha256:a69b98012d9e4a46495a3aed48eef8ce75a69d001eaa28b4c38cb0f3c921909d,CORE CFIHOS V2.0 CSV/CFIHOS CORE tag or equipment class source standard v2.0.csv,285,source_reference_record,source_reference_record_unreviewed
CFIHOS-30000368,solenoid,CFIHOS-90000177,CFIHOS,real,True,sha256:a69b98012d9e4a46495a3aed48eef8ce75a69d001eaa28b4c38cb0f3c921909d,CORE CFIHOS V2.0 CSV/CFIHOS CORE tag or equipment class source standard v2.0.csv,286,source_reference_record,source_reference_record_unreviewed
CFIHOS-30000244,sound attenuator,CFIHOS-90000177,CFIHOS,real,True,sha256:a69b98012d9e4a46495a3aed48eef8ce75a69d001eaa28b4c38cb0f3c921909d,CORE CFIHOS V2.0 CSV/CFIHOS CORE tag or equipment class source standard v2.0.csv,287,source_reference_record,source_reference_record_unreviewed
CFIHOS-30000246,spark arrestor,CFIHOS-90000177,CFIHOS,real,True,sha256:a69b98012d9e4a46495a3aed48eef8ce75a69d001eaa28b4c38cb0f3c921909d,CORE CFIHOS V2.0 CSV/CFIHOS CORE tag or equipment class source standard v2.0.csv,288,source_reference_record,source_reference_record_unreviewed
CFIHOS-30000247,special tool,CFIHOS-90000177,CFIHOS,real,True,sha256:a69b98012d9e4a46495a3aed48eef8ce75a69d001eaa28b4c38cb0f3c921909d,CORE CFIHOS V2.0 CSV/CFIHOS CORE tag or equipment class source standard v2.0.csv,289,source_reference_record,source_reference_record_unreviewed
CFIHOS-30000503,spectacle blind,CFIHOS-90000177,CFIHOS,real,True,sha256:a69b98012d9e4a46495a3aed48eef8ce75a69d001eaa28b4c38cb0f3c921909d,CORE CFIHOS V2.0 CSV/CFIHOS CORE tag or equipment class source standard v2.0.csv,290,source_reference_record,source_reference_record_unreviewed
CFIHOS-30000472,speed transmitter,CFIHOS-90000177,CFIHOS,real,True,sha256:a69b98012d9e4a46495a3aed48eef8ce75a69d001eaa28b4c38cb0f3c921909d,CORE CFIHOS V2.0 CSV/CFIHOS CORE tag or equipment class source standard v2.0.csv,291,source_reference_record,source_reference_record_unreviewed
CFIHOS-30000249,spreader bar,CFIHOS-90000177,CFIHOS,real,True,sha256:a69b98012d9e4a46495a3aed48eef8ce75a69d001eaa28b4c38cb0f3c921909d,CORE CFIHOS V2.0 CSV/CFIHOS CORE tag or equipment class source standard v2.0.csv,292,source_reference_record,source_reference_record_unreviewed
CFIHOS-30000251,stack,CFIHOS-90000177,CFIHOS,real,True,sha256:a69b98012d9e4a46495a3aed48eef8ce75a69d001eaa28b4c38cb0f3c921909d,CORE CFIHOS V2.0 CSV/CFIHOS CORE tag or equipment class source standard v2.0.csv,293,source_reference_record,source_reference_record_unreviewed
CFIHOS-30000505,steam trap,CFIHOS-90000177,CFIHOS,real,True,sha256:a69b98012d9e4a46495a3aed48eef8ce75a69d001eaa28b4c38cb0f3c921909d,CORE CFIHOS V2.0 CSV/CFIHOS CORE tag or equipment class source standard v2.0.csv,294,source_reference_record,source_reference_record_unreviewed
CFIHOS-30000506,strainer,CFIHOS-90000177,CFIHOS,real,True,sha256:a69b98012d9e4a46495a3aed48eef8ce75a69d001eaa28b4c38cb0f3c921909d,CORE CFIHOS V2.0 CSV/CFIHOS CORE tag or equipment class source standard v2.0.csv,295,source_reference_record,source_reference_record_unreviewed
CFIHOS-30000592,stripper,CFIHOS-90000177,CFIHOS,real,True,sha256:a69b98012d9e4a46495a3aed48eef8ce75a69d001eaa28b4c38cb0f3c921909d,CORE CFIHOS V2.0 CSV/CFIHOS CORE tag or equipment class source standard v2.0.csv,296,source_reference_record,source_reference_record_unreviewed
CFIHOS-30000253,stroke length adjuster,CFIHOS-90000177,CFIHOS,real,True,sha256:a69b98012d9e4a46495a3aed48eef8ce75a69d001eaa28b4c38cb0f3c921909d,CORE CFIHOS V2.0 CSV/CFIHOS CORE tag or equipment class source standard v2.0.csv,297,source_reference_record,source_reference_record_unreviewed
CFIHOS-30000254,sump,CFIHOS-90000177,CFIHOS,real,True,sha256:a69b98012d9e4a46495a3aed48eef8ce75a69d001eaa28b4c38cb0f3c921909d,CORE CFIHOS V2.0 CSV/CFIHOS CORE tag or equipment class source standard v2.0.csv,298,source_reference_record,source_reference_record_unreviewed
CFIHOS-30000369,switchboard,CFIHOS-90000177,CFIHOS,real,True,sha256:a69b98012d9e4a46495a3aed48eef8ce75a69d001eaa28b4c38cb0f3c921909d,CORE CFIHOS V2.0 CSV/CFIHOS CORE tag or equipment class source standard v2.0.csv,299,source_reference_record,source_reference_record_unreviewed
CFIHOS-30000255,swivel joint,CFIHOS-90000177,CFIHOS,real,True,sha256:a69b98012d9e4a46495a3aed48eef8ce75a69d001eaa28b4c38cb0f3c921909d,CORE CFIHOS V2.0 CSV/CFIHOS CORE tag or equipment class source standard v2.0.csv,300,source_reference_record,source_reference_record_unreviewed
CFIHOS-30000593,tank,CFIHOS-90000177,CFIHOS,real,True,sha256:a69b98012d9e4a46495a3aed48eef8ce75a69d001eaa28b4c38cb0f3c921909d,CORE CFIHOS V2.0 CSV/CFIHOS CORE tag or equipment class source standard v2.0.csv,301,source_reference_record,source_reference_record_unreviewed
CFIHOS-30000257,tape drive,CFIHOS-90000177,CFIHOS,real,True,sha256:a69b98012d9e4a46495a3aed48eef8ce75a69d001eaa28b4c38cb0f3c921909d,CORE CFIHOS V2.0 CSV/CFIHOS CORE tag or equipment class source standard v2.0.csv,302,source_reference_record,source_reference_record_unreviewed
CFIHOS-30000371,telephone,CFIHOS-90000177,CFIHOS,real,True,sha256:a69b98012d9e4a46495a3aed48eef8ce75a69d001eaa28b4c38cb0f3c921909d,CORE CFIHOS V2.0 CSV/CFIHOS CORE tag or equipment class source standard v2.0.csv,303,source_reference_record,source_reference_record_unreviewed
CFIHOS-30000372,temperature detector,CFIHOS-90000177,CFIHOS,real,True,sha256:a69b98012d9e4a46495a3aed48eef8ce75a69d001eaa28b4c38cb0f3c921909d,CORE CFIHOS V2.0 CSV/CFIHOS CORE tag or equipment class source standard v2.0.csv,304,source_reference_record,source_reference_record_unreviewed
CFIHOS-30000473,temperature gauge,CFIHOS-90000177,CFIHOS,real,True,sha256:a69b98012d9e4a46495a3aed48eef8ce75a69d001eaa28b4c38cb0f3c921909d,CORE CFIHOS V2.0 CSV/CFIHOS CORE tag or equipment class source standard v2.0.csv,305,source_reference_record,source_reference_record_unreviewed
CFIHOS-30000475,temperature switch,CFIHOS-90000177,CFIHOS,real,True,sha256:a69b98012d9e4a46495a3aed48eef8ce75a69d001eaa28b4c38cb0f3c921909d,CORE CFIHOS V2.0 CSV/CFIHOS CORE tag or equipment class source standard v2.0.csv,306,source_reference_record,source_reference_record_unreviewed
CFIHOS-30000476,temperature transmitter,CFIHOS-90000177,CFIHOS,real,True,sha256:a69b98012d9e4a46495a3aed48eef8ce75a69d001eaa28b4c38cb0f3c921909d,CORE CFIHOS V2.0 CSV/CFIHOS CORE tag or equipment class source standard v2.0.csv,307,source_reference_record,source_reference_record_unreviewed
CFIHOS-30000373,thermostatic switch,CFIHOS-90000177,CFIHOS,real,True,sha256:a69b98012d9e4a46495a3aed48eef8ce75a69d001eaa28b4c38cb0f3c921909d,CORE CFIHOS V2.0 CSV/CFIHOS CORE tag or equipment class source standard v2.0.csv,308,source_reference_record,source_reference_record_unreviewed
CFIHOS-30000374,thyristor,CFIHOS-90000177,CFIHOS,real,True,sha256:a69b98012d9e4a46495a3aed48eef8ce75a69d001eaa28b4c38cb0f3c921909d,CORE CFIHOS V2.0 CSV/CFIHOS CORE tag or equipment class source standard v2.0.csv,309,source_reference_record,source_reference_record_unreviewed
CFIHOS-30000480,timer,CFIHOS-90000177,CFIHOS,real,True,sha256:a69b98012d9e4a46495a3aed48eef8ce75a69d001eaa28b4c38cb0f3c921909d,CORE CFIHOS V2.0 CSV/CFIHOS CORE tag or equipment class source standard v2.0.csv,310,source_reference_record,source_reference_record_unreviewed
CFIHOS-30000557,torque converter,CFIHOS-90000177,CFIHOS,real,True,sha256:a69b98012d9e4a46495a3aed48eef8ce75a69d001eaa28b4c38cb0f3c921909d,CORE CFIHOS V2.0 CSV/CFIHOS CORE tag or equipment class source standard v2.0.csv,311,source_reference_record,source_reference_record_unreviewed
CFIHOS-30000263,trailer,CFIHOS-90000177,CFIHOS,real,True,sha256:a69b98012d9e4a46495a3aed48eef8ce75a69d001eaa28b4c38cb0f3c921909d,CORE CFIHOS V2.0 CSV/CFIHOS CORE tag or equipment class source standard v2.0.csv,312,source_reference_record,source_reference_record_unreviewed
CFIHOS-30000362,transformer,CFIHOS-90000177,CFIHOS,real,True,sha256:a69b98012d9e4a46495a3aed48eef8ce75a69d001eaa28b4c38cb0f3c921909d,CORE CFIHOS V2.0 CSV/CFIHOS CORE tag or equipment class source standard v2.0.csv,313,source_reference_record,source_reference_record_unreviewed
CFIHOS-30000481,transponder,CFIHOS-90000177,CFIHOS,real,True,sha256:a69b98012d9e4a46495a3aed48eef8ce75a69d001eaa28b4c38cb0f3c921909d,CORE CFIHOS V2.0 CSV/CFIHOS CORE tag or equipment class source standard v2.0.csv,314,source_reference_record,source_reference_record_unreviewed
CFIHOS-30000375,trip amplifier,CFIHOS-90000177,CFIHOS,real,True,sha256:a69b98012d9e4a46495a3aed48eef8ce75a69d001eaa28b4c38cb0f3c921909d,CORE CFIHOS V2.0 CSV/CFIHOS CORE tag or equipment class source standard v2.0.csv,315,source_reference_record,source_reference_record_unreviewed
CFIHOS-30000604,trolley,CFIHOS-90000177,CFIHOS,real,True,sha256:a69b98012d9e4a46495a3aed48eef8ce75a69d001eaa28b4c38cb0f3c921909d,CORE CFIHOS V2.0 CSV/CFIHOS CORE tag or equipment class source standard v2.0.csv,316,source_reference_record,source_reference_record_unreviewed
CFIHOS-30000605,truck,CFIHOS-90000177,CFIHOS,real,True,sha256:a69b98012d9e4a46495a3aed48eef8ce75a69d001eaa28b4c38cb0f3c921909d,CORE CFIHOS V2.0 CSV/CFIHOS CORE tag or equipment class source standard v2.0.csv,317,source_reference_record,source_reference_record_unreviewed
CFIHOS-30000507,tubing hanger,CFIHOS-90000177,CFIHOS,real,True,sha256:a69b98012d9e4a46495a3aed48eef8ce75a69d001eaa28b4c38cb0f3c921909d,CORE CFIHOS V2.0 CSV/CFIHOS CORE tag or equipment class source standard v2.0.csv,318,source_reference_record,source_reference_record_unreviewed
CFIHOS-30000558,turbo expander,CFIHOS-90000177,CFIHOS,real,True,sha256:a69b98012d9e4a46495a3aed48eef8ce75a69d001eaa28b4c38cb0f3c921909d,CORE CFIHOS V2.0 CSV/CFIHOS CORE tag or equipment class source standard v2.0.csv,319,source_reference_record,source_reference_record_unreviewed
CFIHOS-30000267,umbilical,CFIHOS-90000177,CFIHOS,real,True,sha256:a69b98012d9e4a46495a3aed48eef8ce75a69d001eaa28b4c38cb0f3c921909d,CORE CFIHOS V2.0 CSV/CFIHOS CORE tag or equipment class source standard v2.0.csv,320,source_reference_record,source_reference_record_unreviewed
CFIHOS-30000268,UV sterilizer,CFIHOS-90000177,CFIHOS,real,True,sha256:a69b98012d9e4a46495a3aed48eef8ce75a69d001eaa28b4c38cb0f3c921909d,CORE CFIHOS V2.0 CSV/CFIHOS CORE tag or equipment class source standard v2.0.csv,321,source_reference_record,source_reference_record_unreviewed
CFIHOS-30000594,vessel,CFIHOS-90000177,CFIHOS,real,True,sha256:a69b98012d9e4a46495a3aed48eef8ce75a69d001eaa28b4c38cb0f3c921909d,CORE CFIHOS V2.0 CSV/CFIHOS CORE tag or equipment class source standard v2.0.csv,322,source_reference_record,source_reference_record_unreviewed
CFIHOS-30000487,vibration element,CFIHOS-90000177,CFIHOS,real,True,sha256:a69b98012d9e4a46495a3aed48eef8ce75a69d001eaa28b4c38cb0f3c921909d,CORE CFIHOS V2.0 CSV/CFIHOS CORE tag or equipment class source standard v2.0.csv,323,source_reference_record,source_reference_record_unreviewed
CFIHOS-30000273,vibration switch,CFIHOS-90000177,CFIHOS,real,True,sha256:a69b98012d9e4a46495a3aed48eef8ce75a69d001eaa28b4c38cb0f3c921909d,CORE CFIHOS V2.0 CSV/CFIHOS CORE tag or equipment class source standard v2.0.csv,324,source_reference_record,source_reference_record_unreviewed
CFIHOS-30000378,vibration transmitter,CFIHOS-90000177,CFIHOS,real,True,sha256:a69b98012d9e4a46495a3aed48eef8ce75a69d001eaa28b4c38cb0f3c921909d,CORE CFIHOS V2.0 CSV/CFIHOS CORE tag or equipment class source standard v2.0.csv,325,source_reference_record,source_reference_record_unreviewed
CFIHOS-30000274,video converter,CFIHOS-90000177,CFIHOS,real,True,sha256:a69b98012d9e4a46495a3aed48eef8ce75a69d001eaa28b4c38cb0f3c921909d,CORE CFIHOS V2.0 CSV/CFIHOS CORE tag or equipment class source standard v2.0.csv,326,source_reference_record,source_reference_record_unreviewed
CFIHOS-30000275,video monitor,CFIHOS-90000177,CFIHOS,real,True,sha256:a69b98012d9e4a46495a3aed48eef8ce75a69d001eaa28b4c38cb0f3c921909d,CORE CFIHOS V2.0 CSV/CFIHOS CORE tag or equipment class source standard v2.0.csv,327,source_reference_record,source_reference_record_unreviewed
CFIHOS-30000488,video recorder,CFIHOS-90000177,CFIHOS,real,True,sha256:a69b98012d9e4a46495a3aed48eef8ce75a69d001eaa28b4c38cb0f3c921909d,CORE CFIHOS V2.0 CSV/CFIHOS CORE tag or equipment class source standard v2.0.csv,328,source_reference_record,source_reference_record_unreviewed
CFIHOS-30000276,voltage transmitter,CFIHOS-90000177,CFIHOS,real,True,sha256:a69b98012d9e4a46495a3aed48eef8ce75a69d001eaa28b4c38cb0f3c921909d,CORE CFIHOS V2.0 CSV/CFIHOS CORE tag or equipment class source standard v2.0.csv,329,source_reference_record,source_reference_record_unreviewed
CFIHOS-30000278,waste compactor,CFIHOS-90000177,CFIHOS,real,True,sha256:a69b98012d9e4a46495a3aed48eef8ce75a69d001eaa28b4c38cb0f3c921909d,CORE CFIHOS V2.0 CSV/CFIHOS CORE tag or equipment class source standard v2.0.csv,330,source_reference_record,source_reference_record_unreviewed
CFIHOS-30000279,water cooler,CFIHOS-90000177,CFIHOS,real,True,sha256:a69b98012d9e4a46495a3aed48eef8ce75a69d001eaa28b4c38cb0f3c921909d,CORE CFIHOS V2.0 CSV/CFIHOS CORE tag or equipment class source standard v2.0.csv,331,source_reference_record,source_reference_record_unreviewed
CFIHOS-30000280,water desalination system,CFIHOS-90000177,CFIHOS,real,True,sha256:a69b98012d9e4a46495a3aed48eef8ce75a69d001eaa28b4c38cb0f3c921909d,CORE CFIHOS V2.0 CSV/CFIHOS CORE tag or equipment class source standard v2.0.csv,332,source_reference_record,source_reference_record_unreviewed
CFIHOS-30000281,water maker,CFIHOS-90000177,CFIHOS,real,True,sha256:a69b98012d9e4a46495a3aed48eef8ce75a69d001eaa28b4c38cb0f3c921909d,CORE CFIHOS V2.0 CSV/CFIHOS CORE tag or equipment class source standard v2.0.csv,333,source_reference_record,source_reference_record_unreviewed
CFIHOS-30000380,weight transmitter,CFIHOS-90000177,CFIHOS,real,True,sha256:a69b98012d9e4a46495a3aed48eef8ce75a69d001eaa28b4c38cb0f3c921909d,CORE CFIHOS V2.0 CSV/CFIHOS CORE tag or equipment class source standard v2.0.csv,334,source_reference_record,source_reference_record_unreviewed
CFIHOS-30000381,welding set,CFIHOS-90000177,CFIHOS,real,True,sha256:a69b98012d9e4a46495a3aed48eef8ce75a69d001eaa28b4c38cb0f3c921909d,CORE CFIHOS V2.0 CSV/CFIHOS CORE tag or equipment class source standard v2.0.csv,335,source_reference_record,source_reference_record_unreviewed
CFIHOS-30000283,well,CFIHOS-90000177,CFIHOS,real,True,sha256:a69b98012d9e4a46495a3aed48eef8ce75a69d001eaa28b4c38cb0f3c921909d,CORE CFIHOS V2.0 CSV/CFIHOS CORE tag or equipment class source standard v2.0.csv,336,source_reference_record,source_reference_record_unreviewed
CFIHOS-30000284,wellhead,CFIHOS-90000177,CFIHOS,real,True,sha256:a69b98012d9e4a46495a3aed48eef8ce75a69d001eaa28b4c38cb0f3c921909d,CORE CFIHOS V2.0 CSV/CFIHOS CORE tag or equipment class source standard v2.0.csv,337,source_reference_record,source_reference_record_unreviewed
CFIHOS-30000285,winch,CFIHOS-90000177,CFIHOS,real,True,sha256:a69b98012d9e4a46495a3aed48eef8ce75a69d001eaa28b4c38cb0f3c921909d,CORE CFIHOS V2.0 CSV/CFIHOS CORE tag or equipment class source standard v2.0.csv,338,source_reference_record,source_reference_record_unreviewed
CFIHOS-30000492,wind sensor,CFIHOS-90000177,CFIHOS,real,True,sha256:a69b98012d9e4a46495a3aed48eef8ce75a69d001eaa28b4c38cb0f3c921909d,CORE CFIHOS V2.0 CSV/CFIHOS CORE tag or equipment class source standard v2.0.csv,339,source_reference_record,source_reference_record_unreviewed
CFIHOS-30000287,wire hoist,CFIHOS-90000177,CFIHOS,real,True,sha256:a69b98012d9e4a46495a3aed48eef8ce75a69d001eaa28b4c38cb0f3c921909d,CORE CFIHOS V2.0 CSV/CFIHOS CORE tag or equipment class source standard v2.0.csv,340,source_reference_record,source_reference_record_unreviewed
CFIHOS-30000288,wire line unit,CFIHOS-90000177,CFIHOS,real,True,sha256:a69b98012d9e4a46495a3aed48eef8ce75a69d001eaa28b4c38cb0f3c921909d,CORE CFIHOS V2.0 CSV/CFIHOS CORE tag or equipment class source standard v2.0.csv,341,source_reference_record,source_reference_record_unreviewed
CFIHOS-30000289,wire sling,CFIHOS-90000177,CFIHOS,real,True,sha256:a69b98012d9e4a46495a3aed48eef8ce75a69d001eaa28b4c38cb0f3c921909d,CORE CFIHOS V2.0 CSV/CFIHOS CORE tag or equipment class source standard v2.0.csv,342,source_reference_record,source_reference_record_unreviewed
CFIHOS-30000290,wireless access point,CFIHOS-90000177,CFIHOS,real,True,sha256:a69b98012d9e4a46495a3aed48eef8ce75a69d001eaa28b4c38cb0f3c921909d,CORE CFIHOS V2.0 CSV/CFIHOS CORE tag or equipment class source standard v2.0.csv,343,source_reference_record,source_reference_record_unreviewed
CFIHOS-30000561,yoke,CFIHOS-90000177,CFIHOS,real,True,sha256:a69b98012d9e4a46495a3aed48eef8ce75a69d001eaa28b4c38cb0f3c921909d,CORE CFIHOS V2.0 CSV/CFIHOS CORE tag or equipment class source standard v2.0.csv,344,source_reference_record,source_reference_record_unreviewed
CFIHOS-30000593,tank,CFIHOS-90000038,EN 14015:2004,real,True,sha256:a69b98012d9e4a46495a3aed48eef8ce75a69d001eaa28b4c38cb0f3c921909d,CORE CFIHOS V2.0 CSV/CFIHOS CORE tag or equipment class source standard v2.0.csv,345,source_reference_record,source_reference_record_unreviewed
CFIHOS-30000960,buffers,CFIHOS-90000161,GCRT5033 Iss 2,real,True,sha256:a69b98012d9e4a46495a3aed48eef8ce75a69d001eaa28b4c38cb0f3c921909d,CORE CFIHOS V2.0 CSV/CFIHOS CORE tag or equipment class source standard v2.0.csv,346,source_reference_record,source_reference_record_unreviewed
CFIHOS-30000986,rail key token station,CFIHOS-90000162,GIRT7002 Iss 1,real,True,sha256:a69b98012d9e4a46495a3aed48eef8ce75a69d001eaa28b4c38cb0f3c921909d,CORE CFIHOS V2.0 CSV/CFIHOS CORE tag or equipment class source standard v2.0.csv,347,source_reference_record,source_reference_record_unreviewed
CFIHOS-30000987,rail track,CFIHOS-90000162,GIRT7002 Iss 1,real,True,sha256:a69b98012d9e4a46495a3aed48eef8ce75a69d001eaa28b4c38cb0f3c921909d,CORE CFIHOS V2.0 CSV/CFIHOS CORE tag or equipment class source standard v2.0.csv,348,source_reference_record,source_reference_record_unreviewed
CFIHOS-30001034,windsock,CFIHOS-90000208,ICAO Annex 14 Vol I:2022,real,True,sha256:a69b98012d9e4a46495a3aed48eef8ce75a69d001eaa28b4c38cb0f3c921909d,CORE CFIHOS V2.0 CSV/CFIHOS CORE tag or equipment class source standard v2.0.csv,349,source_reference_record,source_reference_record_unreviewed
CFIHOS-30001034,windsock,CFIHOS-90000209,ICAO Annex 14 Vol II:2020,real,True,sha256:a69b98012d9e4a46495a3aed48eef8ce75a69d001eaa28b4c38cb0f3c921909d,CORE CFIHOS V2.0 CSV/CFIHOS CORE tag or equipment class source standard v2.0.csv,350,source_reference_record,source_reference_record_unreviewed
CFIHOS-30000805,alternating current motor,CFIHOS-90000040,IEC 60034-1:2017,real,True,sha256:a69b98012d9e4a46495a3aed48eef8ce75a69d001eaa28b4c38cb0f3c921909d,CORE CFIHOS V2.0 CSV/CFIHOS CORE tag or equipment class source standard v2.0.csv,351,source_reference_record,source_reference_record_unreviewed
CFIHOS-30000318,battery back-up power supply unit,CFIHOS-90000041,IEC 60269-1:2014,real,True,sha256:a69b98012d9e4a46495a3aed48eef8ce75a69d001eaa28b4c38cb0f3c921909d,CORE CFIHOS V2.0 CSV/CFIHOS CORE tag or equipment class source standard v2.0.csv,352,source_reference_record,source_reference_record_unreviewed
CFIHOS-30000348,fuse,CFIHOS-90000041,IEC 60269-1:2014,real,True,sha256:a69b98012d9e4a46495a3aed48eef8ce75a69d001eaa28b4c38cb0f3c921909d,CORE CFIHOS V2.0 CSV/CFIHOS CORE tag or equipment class source standard v2.0.csv,353,source_reference_record,source_reference_record_unreviewed
CFIHOS-30000370,switchgear and controlgear,CFIHOS-90000041,IEC 60269-1:2014,real,True,sha256:a69b98012d9e4a46495a3aed48eef8ce75a69d001eaa28b4c38cb0f3c921909d,CORE CFIHOS V2.0 CSV/CFIHOS CORE tag or equipment class source standard v2.0.csv,354,source_reference_record,source_reference_record_unreviewed
CFIHOS-30000376,ups unit,CFIHOS-90000041,IEC 60269-1:2014,real,True,sha256:a69b98012d9e4a46495a3aed48eef8ce75a69d001eaa28b4c38cb0f3c921909d,CORE CFIHOS V2.0 CSV/CFIHOS CORE tag or equipment class source standard v2.0.csv,355,source_reference_record,source_reference_record_unreviewed
CFIHOS-30000348,fuse,CFIHOS-90000043,IEC 60282-1:2020,real,True,sha256:a69b98012d9e4a46495a3aed48eef8ce75a69d001eaa28b4c38cb0f3c921909d,CORE CFIHOS V2.0 CSV/CFIHOS CORE tag or equipment class source standard v2.0.csv,356,source_reference_record,source_reference_record_unreviewed
CFIHOS-30000370,switchgear and controlgear,CFIHOS-90000043,IEC 60282-1:2020,real,True,sha256:a69b98012d9e4a46495a3aed48eef8ce75a69d001eaa28b4c38cb0f3c921909d,CORE CFIHOS V2.0 CSV/CFIHOS CORE tag or equipment class source standard v2.0.csv,357,source_reference_record,source_reference_record_unreviewed
CFIHOS-30000318,battery back-up power supply unit,CFIHOS-90000048,IEC 60947-2:2006,real,True,sha256:a69b98012d9e4a46495a3aed48eef8ce75a69d001eaa28b4c38cb0f3c921909d,CORE CFIHOS V2.0 CSV/CFIHOS CORE tag or equipment class source standard v2.0.csv,358,source_reference_record,source_reference_record_unreviewed
CFIHOS-30000323,circuit-breaker,CFIHOS-90000048,IEC 60947-2:2006,real,True,sha256:a69b98012d9e4a46495a3aed48eef8ce75a69d001eaa28b4c38cb0f3c921909d,CORE CFIHOS V2.0 CSV/CFIHOS CORE tag or equipment class source standard v2.0.csv,359,source_reference_record,source_reference_record_unreviewed
CFIHOS-30000370,switchgear and controlgear,CFIHOS-90000048,IEC 60947-2:2006,real,True,sha256:a69b98012d9e4a46495a3aed48eef8ce75a69d001eaa28b4c38cb0f3c921909d,CORE CFIHOS V2.0 CSV/CFIHOS CORE tag or equipment class source standard v2.0.csv,360,source_reference_record,source_reference_record_unreviewed
CFIHOS-30000376,ups unit,CFIHOS-90000048,IEC 60947-2:2006,real,True,sha256:a69b98012d9e4a46495a3aed48eef8ce75a69d001eaa28b4c38cb0f3c921909d,CORE CFIHOS V2.0 CSV/CFIHOS CORE tag or equipment class source standard v2.0.csv,361,source_reference_record,source_reference_record_unreviewed
CFIHOS-30001035,wind turbine,CFIHOS-90000211,IEC 61400-1:2019,real,True,sha256:a69b98012d9e4a46495a3aed48eef8ce75a69d001eaa28b4c38cb0f3c921909d,CORE CFIHOS V2.0 CSV/CFIHOS CORE tag or equipment class source standard v2.0.csv,362,source_reference_record,source_reference_record_unreviewed
CFIHOS-30000370,switchgear and controlgear,CFIHOS-90000049,IEC 61439-1:2020,real,True,sha256:a69b98012d9e4a46495a3aed48eef8ce75a69d001eaa28b4c38cb0f3c921909d,CORE CFIHOS V2.0 CSV/CFIHOS CORE tag or equipment class source standard v2.0.csv,363,source_reference_record,source_reference_record_unreviewed
CFIHOS-30000370,switchgear and controlgear,CFIHOS-90000050,IEC 61439-2:2020,real,True,sha256:a69b98012d9e4a46495a3aed48eef8ce75a69d001eaa28b4c38cb0f3c921909d,CORE CFIHOS V2.0 CSV/CFIHOS CORE tag or equipment class source standard v2.0.csv,364,source_reference_record,source_reference_record_unreviewed
CFIHOS-30000323,circuit-breaker,CFIHOS-90000051,IEC 62271-100:2017,real,True,sha256:a69b98012d9e4a46495a3aed48eef8ce75a69d001eaa28b4c38cb0f3c921909d,CORE CFIHOS V2.0 CSV/CFIHOS CORE tag or equipment class source standard v2.0.csv,365,source_reference_record,source_reference_record_unreviewed
CFIHOS-30000370,switchgear and controlgear,CFIHOS-90000051,IEC 62271-100:2017,real,True,sha256:a69b98012d9e4a46495a3aed48eef8ce75a69d001eaa28b4c38cb0f3c921909d,CORE CFIHOS V2.0 CSV/CFIHOS CORE tag or equipment class source standard v2.0.csv,366,source_reference_record,source_reference_record_unreviewed
CFIHOS-30001010,automatic circuit recloser,CFIHOS-90000184,IEC 62271-111:2019,real,True,sha256:a69b98012d9e4a46495a3aed48eef8ce75a69d001eaa28b4c38cb0f3c921909d,CORE CFIHOS V2.0 CSV/CFIHOS CORE tag or equipment class source standard v2.0.csv,367,source_reference_record,source_reference_record_unreviewed
CFIHOS-30000370,switchgear and controlgear,CFIHOS-90000052,IEC 62271-200:2011,real,True,sha256:a69b98012d9e4a46495a3aed48eef8ce75a69d001eaa28b4c38cb0f3c921909d,CORE CFIHOS V2.0 CSV/CFIHOS CORE tag or equipment class source standard v2.0.csv,368,source_reference_record,source_reference_record_unreviewed
CFIHOS-30001028,thermoelectric generator,CFIHOS-90000201,IEC 62282-3-1:2007,real,True,sha256:a69b98012d9e4a46495a3aed48eef8ce75a69d001eaa28b4c38cb0f3c921909d,CORE CFIHOS V2.0 CSV/CFIHOS CORE tag or equipment class source standard v2.0.csv,369,source_reference_record,source_reference_record_unreviewed
CFIHOS-30001028,thermoelectric generator,CFIHOS-90000215,IEC 62830-5:2021,real,True,sha256:a69b98012d9e4a46495a3aed48eef8ce75a69d001eaa28b4c38cb0f3c921909d,CORE CFIHOS V2.0 CSV/CFIHOS CORE tag or equipment class source standard v2.0.csv,370,source_reference_record,source_reference_record_unreviewed
CFIHOS-30001018,harmonic filter,CFIHOS-90000191,IEEE 1531-2020,real,True,sha256:a69b98012d9e4a46495a3aed48eef8ce75a69d001eaa28b4c38cb0f3c921909d,CORE CFIHOS V2.0 CSV/CFIHOS CORE tag or equipment class source standard v2.0.csv,371,source_reference_record,source_reference_record_unreviewed
CFIHOS-30000340,electric motor,CFIHOS-90000218,IEEE 841:2021,real,True,sha256:a69b98012d9e4a46495a3aed48eef8ce75a69d001eaa28b4c38cb0f3c921909d,CORE CFIHOS V2.0 CSV/CFIHOS CORE tag or equipment class source standard v2.0.csv,372,source_reference_record,source_reference_record_unreviewed
CFIHOS-30000370,switchgear and controlgear,CFIHOS-90000053,IOGP S-560:2016,real,True,sha256:a69b98012d9e4a46495a3aed48eef8ce75a69d001eaa28b4c38cb0f3c921909d,CORE CFIHOS V2.0 CSV/CFIHOS CORE tag or equipment class source standard v2.0.csv,373,source_reference_record,source_reference_record_unreviewed
CFIHOS-30000370,switchgear and controlgear,CFIHOS-90000240,IOGP S-560:2022,real,True,sha256:a69b98012d9e4a46495a3aed48eef8ce75a69d001eaa28b4c38cb0f3c921909d,CORE CFIHOS V2.0 CSV/CFIHOS CORE tag or equipment class source standard v2.0.csv,374,source_reference_record,source_reference_record_unreviewed
CFIHOS-30000494,christmas tree,CFIHOS-90000054,IOGP S-561:2018,real,True,sha256:a69b98012d9e4a46495a3aed48eef8ce75a69d001eaa28b4c38cb0f3c921909d,CORE CFIHOS V2.0 CSV/CFIHOS CORE tag or equipment class source standard v2.0.csv,375,source_reference_record,source_reference_record_unreviewed
CFIHOS-30000494,christmas tree,CFIHOS-90000241,IOGP S-561:2023,real,True,sha256:a69b98012d9e4a46495a3aed48eef8ce75a69d001eaa28b4c38cb0f3c921909d,CORE CFIHOS V2.0 CSV/CFIHOS CORE tag or equipment class source standard v2.0.csv,376,source_reference_record,source_reference_record_unreviewed
CFIHOS-30000806,ball control valve,CFIHOS-90000055,IOGP S-562:2019,real,True,sha256:a69b98012d9e4a46495a3aed48eef8ce75a69d001eaa28b4c38cb0f3c921909d,CORE CFIHOS V2.0 CSV/CFIHOS CORE tag or equipment class source standard v2.0.csv,377,source_reference_record,source_reference_record_unreviewed
CFIHOS-30000807,ball valve,CFIHOS-90000055,IOGP S-562:2019,real,True,sha256:a69b98012d9e4a46495a3aed48eef8ce75a69d001eaa28b4c38cb0f3c921909d,CORE CFIHOS V2.0 CSV/CFIHOS CORE tag or equipment class source standard v2.0.csv,378,source_reference_record,source_reference_record_unreviewed
CFIHOS-30000837,gate control valve,CFIHOS-90000057,IOGP S-611:2019,real,True,sha256:a69b98012d9e4a46495a3aed48eef8ce75a69d001eaa28b4c38cb0f3c921909d,CORE CFIHOS V2.0 CSV/CFIHOS CORE tag or equipment class source standard v2.0.csv,379,source_reference_record,source_reference_record_unreviewed
CFIHOS-30000838,gate valve,CFIHOS-90000057,IOGP S-611:2019,real,True,sha256:a69b98012d9e4a46495a3aed48eef8ce75a69d001eaa28b4c38cb0f3c921909d,CORE CFIHOS V2.0 CSV/CFIHOS CORE tag or equipment class source standard v2.0.csv,380,source_reference_record,source_reference_record_unreviewed
CFIHOS-30000520,centrifugal compressor,CFIHOS-90000058,IOGP S-612:2018,real,True,sha256:a69b98012d9e4a46495a3aed48eef8ce75a69d001eaa28b4c38cb0f3c921909d,CORE CFIHOS V2.0 CSV/CFIHOS CORE tag or equipment class source standard v2.0.csv,381,source_reference_record,source_reference_record_unreviewed
CFIHOS-30000755,shell and tube heat exchanger,CFIHOS-90000060,IOGP S-614:2018,real,True,sha256:a69b98012d9e4a46495a3aed48eef8ce75a69d001eaa28b4c38cb0f3c921909d,CORE CFIHOS V2.0 CSV/CFIHOS CORE tag or equipment class source standard v2.0.csv,382,source_reference_record,source_reference_record_unreviewed
CFIHOS-30000521,centrifugal pump,CFIHOS-90000061,IOGP S-615:2019,real,True,sha256:a69b98012d9e4a46495a3aed48eef8ce75a69d001eaa28b4c38cb0f3c921909d,CORE CFIHOS V2.0 CSV/CFIHOS CORE tag or equipment class source standard v2.0.csv,383,source_reference_record,source_reference_record_unreviewed
CFIHOS-30000521,centrifugal pump,CFIHOS-90000308,IOGP S-615:2023,real,True,sha256:a69b98012d9e4a46495a3aed48eef8ce75a69d001eaa28b4c38cb0f3c921909d,CORE CFIHOS V2.0 CSV/CFIHOS CORE tag or equipment class source standard v2.0.csv,384,source_reference_record,source_reference_record_unreviewed
CFIHOS-30000370,switchgear and controlgear,CFIHOS-90000066,IOGP S-620:2018,real,True,sha256:a69b98012d9e4a46495a3aed48eef8ce75a69d001eaa28b4c38cb0f3c921909d,CORE CFIHOS V2.0 CSV/CFIHOS CORE tag or equipment class source standard v2.0.csv,385,source_reference_record,source_reference_record_unreviewed
CFIHOS-30000370,switchgear and controlgear,CFIHOS-90000242,IOGP S-620:2022,real,True,sha256:a69b98012d9e4a46495a3aed48eef8ce75a69d001eaa28b4c38cb0f3c921909d,CORE CFIHOS V2.0 CSV/CFIHOS CORE tag or equipment class source standard v2.0.csv,386,source_reference_record,source_reference_record_unreviewed
CFIHOS-30000419,coupling,CFIHOS-90000067,IOGP S-700:2020,real,True,sha256:a69b98012d9e4a46495a3aed48eef8ce75a69d001eaa28b4c38cb0f3c921909d,CORE CFIHOS V2.0 CSV/CFIHOS CORE tag or equipment class source standard v2.0.csv,387,source_reference_record,source_reference_record_unreviewed
CFIHOS-30000805,alternating current motor,CFIHOS-90000068,IOGP S-703:2020,real,True,sha256:a69b98012d9e4a46495a3aed48eef8ce75a69d001eaa28b4c38cb0f3c921909d,CORE CFIHOS V2.0 CSV/CFIHOS CORE tag or equipment class source standard v2.0.csv,388,source_reference_record,source_reference_record_unreviewed
CFIHOS-30000805,alternating current motor,CFIHOS-90000111,IOGP S-704:2021,real,True,sha256:a69b98012d9e4a46495a3aed48eef8ce75a69d001eaa28b4c38cb0f3c921909d,CORE CFIHOS V2.0 CSV/CFIHOS CORE tag or equipment class source standard v2.0.csv,389,source_reference_record,source_reference_record_unreviewed
CFIHOS-30000383,air cooled heat exchanger,CFIHOS-90000071,IOGP S-710:2020,real,True,sha256:a69b98012d9e4a46495a3aed48eef8ce75a69d001eaa28b4c38cb0f3c921909d,CORE CFIHOS V2.0 CSV/CFIHOS CORE tag or equipment class source standard v2.0.csv,390,source_reference_record,source_reference_record_unreviewed
CFIHOS-30000934,water mist skid,CFIHOS-90000076,IOGP S-719:2020,real,True,sha256:a69b98012d9e4a46495a3aed48eef8ce75a69d001eaa28b4c38cb0f3c921909d,CORE CFIHOS V2.0 CSV/CFIHOS CORE tag or equipment class source standard v2.0.csv,391,source_reference_record,source_reference_record_unreviewed
CFIHOS-30000340,electric motor,CFIHOS-90000318,IOGP S-733:2022,real,True,sha256:a69b98012d9e4a46495a3aed48eef8ce75a69d001eaa28b4c38cb0f3c921909d,CORE CFIHOS V2.0 CSV/CFIHOS CORE tag or equipment class source standard v2.0.csv,392,source_reference_record,source_reference_record_unreviewed
CFIHOS-30000541,lubrication system,CFIHOS-90000080,ISO 10438-1:2007,real,True,sha256:a69b98012d9e4a46495a3aed48eef8ce75a69d001eaa28b4c38cb0f3c921909d,CORE CFIHOS V2.0 CSV/CFIHOS CORE tag or equipment class source standard v2.0.csv,393,source_reference_record,source_reference_record_unreviewed
CFIHOS-30000419,coupling,CFIHOS-90000083,ISO 10441:2007,real,True,sha256:a69b98012d9e4a46495a3aed48eef8ce75a69d001eaa28b4c38cb0f3c921909d,CORE CFIHOS V2.0 CSV/CFIHOS CORE tag or equipment class source standard v2.0.csv,394,source_reference_record,source_reference_record_unreviewed
CFIHOS-30001033,vibrating conveyor,CFIHOS-90000206,ISO 1049:1975,real,True,sha256:a69b98012d9e4a46495a3aed48eef8ce75a69d001eaa28b4c38cb0f3c921909d,CORE CFIHOS V2.0 CSV/CFIHOS CORE tag or equipment class source standard v2.0.csv,395,source_reference_record,source_reference_record_unreviewed
CFIHOS-30000053,fired heater,CFIHOS-90000085,ISO 13705:2012,real,True,sha256:a69b98012d9e4a46495a3aed48eef8ce75a69d001eaa28b4c38cb0f3c921909d,CORE CFIHOS V2.0 CSV/CFIHOS CORE tag or equipment class source standard v2.0.csv,396,source_reference_record,source_reference_record_unreviewed
CFIHOS-30000383,air cooled heat exchanger,CFIHOS-90000086,ISO 13706:2011,real,True,sha256:a69b98012d9e4a46495a3aed48eef8ce75a69d001eaa28b4c38cb0f3c921909d,CORE CFIHOS V2.0 CSV/CFIHOS CORE tag or equipment class source standard v2.0.csv,397,source_reference_record,source_reference_record_unreviewed
CFIHOS-30000521,centrifugal pump,CFIHOS-90000088,ISO 13709:2009,real,True,sha256:a69b98012d9e4a46495a3aed48eef8ce75a69d001eaa28b4c38cb0f3c921909d,CORE CFIHOS V2.0 CSV/CFIHOS CORE tag or equipment class source standard v2.0.csv,398,source_reference_record,source_reference_record_unreviewed
CFIHOS-30000318,battery back-up power supply unit,CFIHOS-90000089,ISO 13880:1999,real,True,sha256:a69b98012d9e4a46495a3aed48eef8ce75a69d001eaa28b4c38cb0f3c921909d,CORE CFIHOS V2.0 CSV/CFIHOS CORE tag or equipment class source standard v2.0.csv,399,source_reference_record,source_reference_record_unreviewed
CFIHOS-30000338,electric generator,CFIHOS-90000089,ISO 13880:1999,real,True,sha256:a69b98012d9e4a46495a3aed48eef8ce75a69d001eaa28b4c38cb0f3c921909d,CORE CFIHOS V2.0 CSV/CFIHOS CORE tag or equipment class source standard v2.0.csv,400,source_reference_record,source_reference_record_unreviewed
CFIHOS-30000339,electric heater,CFIHOS-90000089,ISO 13880:1999,real,True,sha256:a69b98012d9e4a46495a3aed48eef8ce75a69d001eaa28b4c38cb0f3c921909d,CORE CFIHOS V2.0 CSV/CFIHOS CORE tag or equipment class source standard v2.0.csv,401,source_reference_record,source_reference_record_unreviewed
CFIHOS-30000340,electric motor,CFIHOS-90000089,ISO 13880:1999,real,True,sha256:a69b98012d9e4a46495a3aed48eef8ce75a69d001eaa28b4c38cb0f3c921909d,CORE CFIHOS V2.0 CSV/CFIHOS CORE tag or equipment class source standard v2.0.csv,402,source_reference_record,source_reference_record_unreviewed
CFIHOS-30000345,electronic frequency converter,CFIHOS-90000089,ISO 13880:1999,real,True,sha256:a69b98012d9e4a46495a3aed48eef8ce75a69d001eaa28b4c38cb0f3c921909d,CORE CFIHOS V2.0 CSV/CFIHOS CORE tag or equipment class source standard v2.0.csv,403,source_reference_record,source_reference_record_unreviewed
CFIHOS-30000370,switchgear and controlgear,CFIHOS-90000089,ISO 13880:1999,real,True,sha256:a69b98012d9e4a46495a3aed48eef8ce75a69d001eaa28b4c38cb0f3c921909d,CORE CFIHOS V2.0 CSV/CFIHOS CORE tag or equipment class source standard v2.0.csv,404,source_reference_record,source_reference_record_unreviewed
CFIHOS-30000376,ups unit,CFIHOS-90000089,ISO 13880:1999,real,True,sha256:a69b98012d9e4a46495a3aed48eef8ce75a69d001eaa28b4c38cb0f3c921909d,CORE CFIHOS V2.0 CSV/CFIHOS CORE tag or equipment class source standard v2.0.csv,405,source_reference_record,source_reference_record_unreviewed
CFIHOS-30001027,silo,CFIHOS-90000090,ISO 14224:2016,real,True,sha256:a69b98012d9e4a46495a3aed48eef8ce75a69d001eaa28b4c38cb0f3c921909d,CORE CFIHOS V2.0 CSV/CFIHOS CORE tag or equipment class source standard v2.0.csv,406,source_reference_record,source_reference_record_unreviewed
CFIHOS-30000752,plate heat exchanger,CFIHOS-90000092,ISO 15547-1:2005,real,True,sha256:a69b98012d9e4a46495a3aed48eef8ce75a69d001eaa28b4c38cb0f3c921909d,CORE CFIHOS V2.0 CSV/CFIHOS CORE tag or equipment class source standard v2.0.csv,407,source_reference_record,source_reference_record_unreviewed
CFIHOS-30000984,mobile platform,CFIHOS-90000163,ISO 16368:2010,real,True,sha256:a69b98012d9e4a46495a3aed48eef8ce75a69d001eaa28b4c38cb0f3c921909d,CORE CFIHOS V2.0 CSV/CFIHOS CORE tag or equipment class source standard v2.0.csv,408,source_reference_record,source_reference_record_unreviewed
CFIHOS-30000340,electric motor,CFIHOS-90000093,ISO 1680:2013,real,True,sha256:a69b98012d9e4a46495a3aed48eef8ce75a69d001eaa28b4c38cb0f3c921909d,CORE CFIHOS V2.0 CSV/CFIHOS CORE tag or equipment class source standard v2.0.csv,409,source_reference_record,source_reference_record_unreviewed
CFIHOS-30000755,shell and tube heat exchanger,CFIHOS-90000094,ISO 16812:2019,real,True,sha256:a69b98012d9e4a46495a3aed48eef8ce75a69d001eaa28b4c38cb0f3c921909d,CORE CFIHOS V2.0 CSV/CFIHOS CORE tag or equipment class source standard v2.0.csv,410,source_reference_record,source_reference_record_unreviewed
CFIHOS-30000521,centrifugal pump,CFIHOS-90000096,ISO 21049:2004,real,True,sha256:a69b98012d9e4a46495a3aed48eef8ce75a69d001eaa28b4c38cb0f3c921909d,CORE CFIHOS V2.0 CSV/CFIHOS CORE tag or equipment class source standard v2.0.csv,411,source_reference_record,source_reference_record_unreviewed
CFIHOS-30000058,flare,CFIHOS-90000098,ISO 25457:2008,real,True,sha256:a69b98012d9e4a46495a3aed48eef8ce75a69d001eaa28b4c38cb0f3c921909d,CORE CFIHOS V2.0 CSV/CFIHOS CORE tag or equipment class source standard v2.0.csv,412,source_reference_record,source_reference_record_unreviewed
CFIHOS-30000527,diesel engine,CFIHOS-90000100,ISO 3046-1:2002,real,True,sha256:a69b98012d9e4a46495a3aed48eef8ce75a69d001eaa28b4c38cb0f3c921909d,CORE CFIHOS V2.0 CSV/CFIHOS CORE tag or equipment class source standard v2.0.csv,413,source_reference_record,source_reference_record_unreviewed
CFIHOS-30000958,balustrade,CFIHOS-90000164,ISO 6707-1:2020,real,True,sha256:a69b98012d9e4a46495a3aed48eef8ce75a69d001eaa28b4c38cb0f3c921909d,CORE CFIHOS V2.0 CSV/CFIHOS CORE tag or equipment class source standard v2.0.csv,414,source_reference_record,source_reference_record_unreviewed
CFIHOS-30000963,cell,CFIHOS-90000164,ISO 6707-1:2020,real,True,sha256:a69b98012d9e4a46495a3aed48eef8ce75a69d001eaa28b4c38cb0f3c921909d,CORE CFIHOS V2.0 CSV/CFIHOS CORE tag or equipment class source standard v2.0.csv,415,source_reference_record,source_reference_record_unreviewed
CFIHOS-30000966,corridor,CFIHOS-90000164,ISO 6707-1:2020,real,True,sha256:a69b98012d9e4a46495a3aed48eef8ce75a69d001eaa28b4c38cb0f3c921909d,CORE CFIHOS V2.0 CSV/CFIHOS CORE tag or equipment class source standard v2.0.csv,416,source_reference_record,source_reference_record_unreviewed
CFIHOS-30000968,envelope opening,CFIHOS-90000164,ISO 6707-1:2020,real,True,sha256:a69b98012d9e4a46495a3aed48eef8ce75a69d001eaa28b4c38cb0f3c921909d,CORE CFIHOS V2.0 CSV/CFIHOS CORE tag or equipment class source standard v2.0.csv,417,source_reference_record,source_reference_record_unreviewed
CFIHOS-30000970,equipment room,CFIHOS-90000164,ISO 6707-1:2020,real,True,sha256:a69b98012d9e4a46495a3aed48eef8ce75a69d001eaa28b4c38cb0f3c921909d,CORE CFIHOS V2.0 CSV/CFIHOS CORE tag or equipment class source standard v2.0.csv,418,source_reference_record,source_reference_record_unreviewed
CFIHOS-30000973,foul water drainage,CFIHOS-90000164,ISO 6707-1:2020,real,True,sha256:a69b98012d9e4a46495a3aed48eef8ce75a69d001eaa28b4c38cb0f3c921909d,CORE CFIHOS V2.0 CSV/CFIHOS CORE tag or equipment class source standard v2.0.csv,419,source_reference_record,source_reference_record_unreviewed
CFIHOS-30000974,groundwater protection,CFIHOS-90000164,ISO 6707-1:2020,real,True,sha256:a69b98012d9e4a46495a3aed48eef8ce75a69d001eaa28b4c38cb0f3c921909d,CORE CFIHOS V2.0 CSV/CFIHOS CORE tag or equipment class source standard v2.0.csv,420,source_reference_record,source_reference_record_unreviewed
CFIHOS-30000976,handrail,CFIHOS-90000164,ISO 6707-1:2020,real,True,sha256:a69b98012d9e4a46495a3aed48eef8ce75a69d001eaa28b4c38cb0f3c921909d,CORE CFIHOS V2.0 CSV/CFIHOS CORE tag or equipment class source standard v2.0.csv,421,source_reference_record,source_reference_record_unreviewed
CFIHOS-30000977,hoistwell,CFIHOS-90000164,ISO 6707-1:2020,real,True,sha256:a69b98012d9e4a46495a3aed48eef8ce75a69d001eaa28b4c38cb0f3c921909d,CORE CFIHOS V2.0 CSV/CFIHOS CORE tag or equipment class source standard v2.0.csv,422,source_reference_record,source_reference_record_unreviewed
CFIHOS-30000978,lagging,CFIHOS-90000164,ISO 6707-1:2020,real,True,sha256:a69b98012d9e4a46495a3aed48eef8ce75a69d001eaa28b4c38cb0f3c921909d,CORE CFIHOS V2.0 CSV/CFIHOS CORE tag or equipment class source standard v2.0.csv,423,source_reference_record,source_reference_record_unreviewed
CFIHOS-30000980,leakage collection system,CFIHOS-90000164,ISO 6707-1:2020,real,True,sha256:a69b98012d9e4a46495a3aed48eef8ce75a69d001eaa28b4c38cb0f3c921909d,CORE CFIHOS V2.0 CSV/CFIHOS CORE tag or equipment class source standard v2.0.csv,424,source_reference_record,source_reference_record_unreviewed
CFIHOS-30000982,local access equipment,CFIHOS-90000164,ISO 6707-1:2020,real,True,sha256:a69b98012d9e4a46495a3aed48eef8ce75a69d001eaa28b4c38cb0f3c921909d,CORE CFIHOS V2.0 CSV/CFIHOS CORE tag or equipment class source standard v2.0.csv,425,source_reference_record,source_reference_record_unreviewed
CFIHOS-30000983,lute sample point,CFIHOS-90000164,ISO 6707-1:2020,real,True,sha256:a69b98012d9e4a46495a3aed48eef8ce75a69d001eaa28b4c38cb0f3c921909d,CORE CFIHOS V2.0 CSV/CFIHOS CORE tag or equipment class source standard v2.0.csv,426,source_reference_record,source_reference_record_unreviewed
CFIHOS-30000985,rail crossing indicator,CFIHOS-90000164,ISO 6707-1:2020,real,True,sha256:a69b98012d9e4a46495a3aed48eef8ce75a69d001eaa28b4c38cb0f3c921909d,CORE CFIHOS V2.0 CSV/CFIHOS CORE tag or equipment class source standard v2.0.csv,427,source_reference_record,source_reference_record_unreviewed
CFIHOS-30000988,ramp,CFIHOS-90000164,ISO 6707-1:2020,real,True,sha256:a69b98012d9e4a46495a3aed48eef8ce75a69d001eaa28b4c38cb0f3c921909d,CORE CFIHOS V2.0 CSV/CFIHOS CORE tag or equipment class source standard v2.0.csv,428,source_reference_record,source_reference_record_unreviewed
CFIHOS-30000989,retaining wall,CFIHOS-90000164,ISO 6707-1:2020,real,True,sha256:a69b98012d9e4a46495a3aed48eef8ce75a69d001eaa28b4c38cb0f3c921909d,CORE CFIHOS V2.0 CSV/CFIHOS CORE tag or equipment class source standard v2.0.csv,429,source_reference_record,source_reference_record_unreviewed
CFIHOS-30000991,roof cover,CFIHOS-90000164,ISO 6707-1:2020,real,True,sha256:a69b98012d9e4a46495a3aed48eef8ce75a69d001eaa28b4c38cb0f3c921909d,CORE CFIHOS V2.0 CSV/CFIHOS CORE tag or equipment class source standard v2.0.csv,430,source_reference_record,source_reference_record_unreviewed
CFIHOS-30000992,room,CFIHOS-90000164,ISO 6707-1:2020,real,True,sha256:a69b98012d9e4a46495a3aed48eef8ce75a69d001eaa28b4c38cb0f3c921909d,CORE CFIHOS V2.0 CSV/CFIHOS CORE tag or equipment class source standard v2.0.csv,431,source_reference_record,source_reference_record_unreviewed
CFIHOS-30000993,sanitary ware,CFIHOS-90000164,ISO 6707-1:2020,real,True,sha256:a69b98012d9e4a46495a3aed48eef8ce75a69d001eaa28b4c38cb0f3c921909d,CORE CFIHOS V2.0 CSV/CFIHOS CORE tag or equipment class source standard v2.0.csv,432,source_reference_record,source_reference_record_unreviewed
CFIHOS-30000994,secondary wall,CFIHOS-90000164,ISO 6707-1:2020,real,True,sha256:a69b98012d9e4a46495a3aed48eef8ce75a69d001eaa28b4c38cb0f3c921909d,CORE CFIHOS V2.0 CSV/CFIHOS CORE tag or equipment class source standard v2.0.csv,433,source_reference_record,source_reference_record_unreviewed
CFIHOS-30000997,staircase,CFIHOS-90000164,ISO 6707-1:2020,real,True,sha256:a69b98012d9e4a46495a3aed48eef8ce75a69d001eaa28b4c38cb0f3c921909d,CORE CFIHOS V2.0 CSV/CFIHOS CORE tag or equipment class source standard v2.0.csv,434,source_reference_record,source_reference_record_unreviewed
CFIHOS-30000998,structural ancillary frame,CFIHOS-90000164,ISO 6707-1:2020,real,True,sha256:a69b98012d9e4a46495a3aed48eef8ce75a69d001eaa28b4c38cb0f3c921909d,CORE CFIHOS V2.0 CSV/CFIHOS CORE tag or equipment class source standard v2.0.csv,435,source_reference_record,source_reference_record_unreviewed
CFIHOS-30000999,structural cell wall,CFIHOS-90000164,ISO 6707-1:2020,real,True,sha256:a69b98012d9e4a46495a3aed48eef8ce75a69d001eaa28b4c38cb0f3c921909d,CORE CFIHOS V2.0 CSV/CFIHOS CORE tag or equipment class source standard v2.0.csv,436,source_reference_record,source_reference_record_unreviewed
CFIHOS-30001000,structural floor,CFIHOS-90000164,ISO 6707-1:2020,real,True,sha256:a69b98012d9e4a46495a3aed48eef8ce75a69d001eaa28b4c38cb0f3c921909d,CORE CFIHOS V2.0 CSV/CFIHOS CORE tag or equipment class source standard v2.0.csv,437,source_reference_record,source_reference_record_unreviewed
CFIHOS-30001001,structural frame,CFIHOS-90000164,ISO 6707-1:2020,real,True,sha256:a69b98012d9e4a46495a3aed48eef8ce75a69d001eaa28b4c38cb0f3c921909d,CORE CFIHOS V2.0 CSV/CFIHOS CORE tag or equipment class source standard v2.0.csv,438,source_reference_record,source_reference_record_unreviewed
CFIHOS-30001002,structural wall,CFIHOS-90000164,ISO 6707-1:2020,real,True,sha256:a69b98012d9e4a46495a3aed48eef8ce75a69d001eaa28b4c38cb0f3c921909d,CORE CFIHOS V2.0 CSV/CFIHOS CORE tag or equipment class source standard v2.0.csv,439,source_reference_record,source_reference_record_unreviewed
CFIHOS-30001004,surface water collection system,CFIHOS-90000164,ISO 6707-1:2020,real,True,sha256:a69b98012d9e4a46495a3aed48eef8ce75a69d001eaa28b4c38cb0f3c921909d,CORE CFIHOS V2.0 CSV/CFIHOS CORE tag or equipment class source standard v2.0.csv,440,source_reference_record,source_reference_record_unreviewed
CFIHOS-30001007,vault,CFIHOS-90000164,ISO 6707-1:2020,real,True,sha256:a69b98012d9e4a46495a3aed48eef8ce75a69d001eaa28b4c38cb0f3c921909d,CORE CFIHOS V2.0 CSV/CFIHOS CORE tag or equipment class source standard v2.0.csv,441,source_reference_record,source_reference_record_unreviewed
CFIHOS-30001025,pneumatic conveyor,CFIHOS-90000198,ISO 7149:1982,real,True,sha256:a69b98012d9e4a46495a3aed48eef8ce75a69d001eaa28b4c38cb0f3c921909d,CORE CFIHOS V2.0 CSV/CFIHOS CORE tag or equipment class source standard v2.0.csv,442,source_reference_record,source_reference_record_unreviewed
CFIHOS-30000594,vessel,CFIHOS-90000174,PED 2014/68/EU,real,True,sha256:a69b98012d9e4a46495a3aed48eef8ce75a69d001eaa28b4c38cb0f3c921909d,CORE CFIHOS V2.0 CSV/CFIHOS CORE tag or equipment class source standard v2.0.csv,443,source_reference_record,source_reference_record_unreviewed
CFIHOS-30000961,camera port,CFIHOS-90000165,The Ionising Radiations Regulations 2017,real,True,sha256:a69b98012d9e4a46495a3aed48eef8ce75a69d001eaa28b4c38cb0f3c921909d,CORE CFIHOS V2.0 CSV/CFIHOS CORE tag or equipment class source standard v2.0.csv,444,source_reference_record,source_reference_record_unreviewed
CFIHOS-30000979,lead glass window,CFIHOS-90000165,The Ionising Radiations Regulations 2017,real,True,sha256:a69b98012d9e4a46495a3aed48eef8ce75a69d001eaa28b4c38cb0f3c921909d,CORE CFIHOS V2.0 CSV/CFIHOS CORE tag or equipment class source standard v2.0.csv,445,source_reference_record,source_reference_record_unreviewed
CFIHOS-30001006,tv access plug,CFIHOS-90000165,The Ionising Radiations Regulations 2017,real,True,sha256:a69b98012d9e4a46495a3aed48eef8ce75a69d001eaa28b4c38cb0f3c921909d,CORE CFIHOS V2.0 CSV/CFIHOS CORE tag or equipment class source standard v2.0.csv,446,source_reference_record,source_reference_record_unreviewed
