source,source_date,raw_mention,activity_id,match_type,mention_date,discipline,split
dpr_day_01.txt,2026-03-11,"Work front opened for Topographic survey and grid establishment, well-site boundary on 8 Mar",CIV-SRV-1001,exact,2026-03-08,civil,test
dpr_day_01.txt,2026-03-11,"Clearing and grubbing, well pad and approach road delayed by 3 days, crane availability",CIV-SRV-1002,exact,,civil,dev
dpr_day_01.txt,2026-03-11,"Approach road widening, OIL main gate to site (Ch 0-400) completed 11/03/2026",CIV-EXC-1049,exact,2026-03-11,civil,train
dpr_day_01.txt,2026-03-11,"Cut and fill to formation level, well pad Unit 2 started this morning",CIV-EXC-1004,exact,,civil,train
dpr_day_01.txt,2026-03-11,"Roadside drain slabs, approach road in progress, 266 of 380 m achieved",CIV-DRA-1051,exact,,civil,test
dpr_day_01.txt,2026-03-11,"Bench marking and centre-line offsets, all areas in progress, about 37% complete, as of 11/Mar/2026",CIV-YRD-1054,exact,2026-03-11,civil,train
dpr_day_01.txt,2026-03-11,"Erection of temporary site office and stores, finished yesterday, JMR raised",HSE-TMP-1040,exact,2026-03-10,hse,dev
dpr_day_01.txt,2026-03-11,Mobilised for Fabrication shed and pipe yard establishment,HSE-TMP-1053,exact,,hse,test
dpr_day_01.txt,2026-03-11,"Extra soak pit constructed for wash bay, variation order raised",NO_MATCH,no_match,,,train
dpr_day_01.txt,2026-03-11,Radiography film review pending with the client inspector,NO_MATCH,no_match,,,dev
dpr_day_02.txt,2026-03-22,"Cut and fill to formation level, well pad Unit 1 — completed on 20 Mar",CIV-EXC-1003,exact,2026-03-20,civil,train
dpr_day_02.txt,2026-03-22,"BC course laying, approach road, finished 23 Mar, JMR raised",CIV-RDS-1050,exact,2026-03-23,civil,dev
dpr_day_02.txt,2026-03-22,"Crusher fines laying, equipment laydown yard under way at the work front",CIV-YRD-1046,exact,,civil,train
dpr_day_02.txt,2026-03-22,"Work front opened for Excavation for flare pit and burn area, manifold south on 23/Mar/2026",CIV-EXC-1030,exact,2026-03-23,civil,train
dpr_day_02.txt,2026-03-22,"Bulk excavation, Unit 2 wellhead cellar — completed on 23 Mar",CIV-EXC-1020,exact,2026-03-23,civil,train
dpr_day_02.txt,2026-03-22,"Excavate unsuitable material, Unit 1 pad stopped, material shortage at store",CIV-EXC-1005,exact,,civil,train
dpr_day_02.txt,2026-03-22,"Place and compact selected fill, Unit 1 pad closed out 25 Mar",CIV-FIL-1006,exact,2026-03-25,civil,train
dpr_day_02.txt,2026-03-22,"Work front opened for Approach road widening, OIL main gate to site (Ch 0-400) on 19/03/2026",CIV-EXC-1049,exact,2026-03-19,civil,train
dpr_day_02.txt,2026-03-22,"Clearing and grubbing, well pad and approach road delayed by 3 days, crane availability",CIV-SRV-1002,exact,,civil,dev
dpr_day_02.txt,2026-03-22,Cut and fill to formation progressing at the 2 location as of 19 Mar,CIV-EXC-1004,near_miss,2026-03-19,civil,train
dpr_day_02.txt,2026-03-22,"Bench marking and centre-line offsets, all areas in progress, about 28% complete",CIV-YRD-1054,exact,,civil,train
dpr_day_02.txt,2026-03-22,Mobilised for Establish emergency muster points and wind socks,HSE-SGN-1044,exact,,hse,train
dpr_day_02.txt,2026-03-22,Install temporary water supply and septic facility closed out 22 Mar 2026,HSE-TMP-1041,exact,2026-03-22,hse,train
dpr_day_02.txt,2026-03-22,Temporary power distribution boards and cabling is done and signed off,HSE-TMP-1042,exact,,hse,dev
dpr_day_02.txt,2026-03-22,"Safety signage and barricading, phase 1 work fronts is done and signed off",HSE-SGN-1043,exact,,hse,train
dpr_day_02.txt,2026-03-22,"Fabrication shed and pipe yard establishment — progress slow, 56% only",HSE-TMP-1053,exact,,hse,dev
dpr_day_02.txt,2026-03-22,"Erection of temporary site office and stores in progress, 49 of 180 m2 achieved",HSE-TMP-1040,exact,,hse,test
dpr_day_02.txt,2026-03-22,"Extra hardstanding for the client vehicle park, not in the BOQ",NO_MATCH,no_match,,,train
dpr_day_02.txt,2026-03-22,Additional signage in Assamese requested by the district administration,NO_MATCH,no_match,,,test
dpr_day_02.txt,2026-03-22,"Safety harness inspection carried out, 4 units condemned",NO_MATCH,no_match,,,test
dpr_day_03.txt,2026-04-01,"Rock breaking and muck disposal, flare stack base held up, awaiting client RFI clearance",CIV-EXC-1031,exact,,civil,train
dpr_day_03.txt,2026-04-01,"Chain-link fencing with posts, site perimeter closed out 30 Mar",CIV-FNC-1032,exact,2026-03-30,civil,train
dpr_day_03.txt,2026-04-01,"Soil erosion protection jute matting, embankment slopes, 113 of 310 m2 complete so far",CIV-DRA-1055,exact,,civil,dev
dpr_day_03.txt,2026-04-01,"Proof roll and level survey, Unit 1 pad formation — 1830 of 2400 m2 done",CIV-FIL-1007,exact,,civil,train
dpr_day_03.txt,2026-04-01,"Geotextile separation layer, Unit 2 pad — closed out this week",CIV-FLR-1022,exact,,civil,train
dpr_day_03.txt,2026-04-01,"Anti-termite treatment and PCC blinding, Unit 2 pad, 470 of 950 m2 complete so far, as of 31 Mar",CIV-FLR-1021,exact,2026-03-31,civil,dev
dpr_day_03.txt,2026-04-01,"Sub-grade preparation, internal access road Unit 1 — completed on 03/04/2026",CIV-RDS-1010,exact,2026-04-03,civil,train
dpr_day_03.txt,2026-04-01,"Crew deployed on Place and compact selected fill, Unit 1 pad",CIV-FIL-1006,exact,,civil,train
dpr_day_03.txt,2026-04-01,"Crusher fines laying, equipment laydown yard — closed out this week",CIV-YRD-1046,exact,,civil,train
dpr_day_03.txt,2026-04-01,"Excavation for flare pit and burn area, manifold south taken up at site",CIV-EXC-1030,exact,,civil,dev
dpr_day_03.txt,2026-04-01,"Mobilised for Excavate unsuitable material, Unit 1 pad",CIV-EXC-1005,exact,,civil,test
dpr_day_03.txt,2026-04-01,"Roadside drain slabs, approach road, 176 of 380 m complete so far",CIV-DRA-1051,exact,,civil,train
dpr_day_03.txt,2026-04-01,"Bulk excavation, Unit 2 wellhead cellar completed 27/Mar/2026",CIV-EXC-1020,exact,2026-03-27,civil,train
dpr_day_03.txt,2026-04-01,Cut and fill to formation progressing at the 1 location as of 30 Mar,CIV-EXC-1003,near_miss,2026-03-30,civil,dev
dpr_day_03.txt,2026-04-01,"Approach road widening, OIL main gate to site (Ch 0-400) stopped, material shortage at store",CIV-EXC-1049,exact,,civil,train
dpr_day_03.txt,2026-04-01,"Cut and fill to formation level, well pad Unit 2 closed out 21/Mar/2026",CIV-EXC-1004,exact,2026-03-21,civil,dev
dpr_day_03.txt,2026-04-01,"BC course laying, approach road delayed by 4 days, crane availability",CIV-RDS-1050,exact,,civil,dev
dpr_day_03.txt,2026-04-01,Temporary power distribution boards and cabling closed out 23 Mar,HSE-TMP-1042,exact,2026-03-23,hse,train
dpr_day_03.txt,2026-04-01,"Install temporary water supply and septic facility, 1 nos out of 1 complete so far",HSE-TMP-1041,exact,,hse,dev
dpr_day_03.txt,2026-04-01,"Establish emergency muster points and wind socks, 3 nos out of 4 complete so far, as of 30/03/2026",HSE-SGN-1044,exact,2026-03-30,hse,train
dpr_day_03.txt,2026-04-01,"Safety signage and barricading, phase 1 work fronts taken up at site",HSE-SGN-1043,exact,,hse,train
dpr_day_03.txt,2026-04-01,First aid administered for a minor hand laceration at the fab shed,NO_MATCH,no_match,,,train
dpr_day_03.txt,2026-04-01,"Behavioural safety observation cards collected, 34 this week",NO_MATCH,no_match,,,test
dpr_day_04.txt,2026-04-20,"Anchor bolts and template, flare stack FST-1301, tag FST-1301 — completed on 11 Apr 2026",CIV-FDN-1127,exact,2026-04-11,civil,test
dpr_day_04.txt,2026-04-20,"Lay and compact WMM course, — this is the 0-160 one, 49% done",CIV-RDS-1012,near_miss,,civil,test
dpr_day_04.txt,2026-04-20,"PCC blinding course, V-1101/V-1201 foundations, Unit 1 — 129 of 210 m2 done, as of 19 Apr",CIV-FDN-1101,exact,2026-04-19,civil,train
dpr_day_04.txt,2026-04-20,"Mobilised for Gate installation, main and emergency exits",CIV-FNC-1033,exact,,civil,train
dpr_day_04.txt,2026-04-20,"Ring wall foundation, storage tank TK-2101 (TK-2101) held up, awaiting client RFI clearance",CIV-FDN-1150,exact,,civil,train
dpr_day_04.txt,2026-04-20,"Oil-water separator pit civil works, the oily water sewer stopped, material shortage at store",CIV-FDN-1153,exact,,civil,dev
dpr_day_04.txt,2026-04-20,"Lay and compact WMM course, — this is the 160-320 one, 85% done",CIV-RDS-1013,near_miss,,civil,train
dpr_day_04.txt,2026-04-20,"Annular plate leveling and grout bed, TK-2101, tag TK-2101 held up, awaiting client RFI clearance",CIV-FDN-1151,exact,,civil,train
dpr_day_04.txt,2026-04-20,"Reinforcement and concreting, glycol contactor foundation the separator vessel is done and signed off",CIV-FDN-1107,exact,,civil,test
dpr_day_04.txt,2026-04-20,"Granular sub-base and WMM laying, internal road Unit 1 — completed on 15 Apr",CIV-RDS-1011,exact,2026-04-15,civil,train
dpr_day_04.txt,2026-04-20,"7-day wet cure, the separator vessel foundation ongoing",CIV-FDN-1118,exact,,civil,test
dpr_day_04.txt,2026-04-20,"Trenching for firewater ring main 10""-P-1602-B1A, Unit 1 and manifold completed",PIP-UGS-1170,exact,,piping,train
dpr_day_04.txt,2026-04-20,"Firewater hydrant and monitor bases, ring main the ten inch line ongoing",PIP-UGS-1175,exact,,piping,train
dpr_day_04.txt,2026-04-20,"Lay and joint GRP firewater main the ten inch line in progress, 355 of 480 m achieved",PIP-UGS-1171,exact,,piping,test
dpr_day_04.txt,2026-04-20,"Backfill and compaction, firewater trench 10""-P-1602-B1A in progress, 374 of 480 m achieved",PIP-UGS-1174,exact,,piping,dev
dpr_day_04.txt,2026-04-20,"Shop assemble flare stack sections, the flare stack, 11 of 22 mt complete so far, as of today",STA-FLR-1220,exact,2026-04-20,static_equipment,test
dpr_day_04.txt,2026-04-20,"Set flare knockout drum V-1401, tag V-1401 — completed on 22/04/2026",STA-FLR-1222,exact,2026-04-22,static_equipment,train
dpr_day_04.txt,2026-04-20,"Client PMC walkdown carried out, observations noted in the log",NO_MATCH,no_match,,,dev
dpr_day_04.txt,2026-04-20,"Provision of an extra fire extinguisher rack at the workshop, VO raised",NO_MATCH,no_match,,,train
dpr_day_04.txt,2026-04-20,Material reconciliation meeting held with the client store,NO_MATCH,no_match,,,test
dpr_day_05.txt,2026-05-02,"Dyke wall construction, tank farm bund ongoing",CIV-FDN-1154,exact,,civil,dev
dpr_day_05.txt,2026-05-02,"Sleeper and column footings, pipe, 2 portion only, balance still open",CIV-FDN-1166,near_miss,,civil,test
dpr_day_05.txt,2026-05-02,"7-day wet cure, separator foundation V-1101, tag V-1101 — closed out this week",CIV-FDN-1104,exact,,civil,train
dpr_day_05.txt,2026-05-02,"Sleeper and column footings, pipe rack Module 3 — completed on 4 May",CIV-FDN-1167,exact,2026-05-04,civil,train
dpr_day_05.txt,2026-05-02,"Kerbing around wellhead cellars, Unit 1 — completed on 4 May",CIV-FDN-1111,exact,2026-05-04,civil,dev
dpr_day_05.txt,2026-05-02,"Crew deployed on Test separator plinth V-2201, Unit 2, tag V-2201",CIV-FDN-1120,exact,,civil,train
dpr_day_05.txt,2026-05-02,"Wellhead plinth concreting, WHP-1101 and WHP-1102 — 25 of 36 m3 done",CIV-FDN-1110,exact,,civil,train
dpr_day_05.txt,2026-05-02,"Ring wall foundation, storage tank TK-2102, tag TK-2102 completed 25 Apr 2026",CIV-FDN-1152,exact,2026-04-25,civil,train
dpr_day_05.txt,2026-05-02,"Shuttering and concreting M25, separator foundation V-1101 (V-1101) — completed on 02/05/2026",CIV-FDN-1103,exact,2026-05-02,civil,train
dpr_day_05.txt,2026-05-02,"Reinforcement fabrication and placement, separator foundation vessel in progress, 7 of 12.5 mt achieved",CIV-FDN-1102,exact,,civil,dev
dpr_day_05.txt,2026-05-02,"Fencing, approach road stretch started this morning",CIV-FNC-1052,exact,,civil,test
dpr_day_05.txt,2026-05-02,"Control building foundation and plinth, substation ongoing",CIV-FDN-1160,exact,,civil,train
dpr_day_05.txt,2026-05-02,"Reinforcement fabrication and placement, separator, foundation, pour, the portion only, balance still open",CIV-FDN-1117,near_miss,,civil,train
dpr_day_05.txt,2026-05-02,"Chamber and catch pit construction, OWS outfall, finished 23 Apr, JMR raised",PIP-UGS-1156,exact,2026-04-23,piping,train
dpr_day_05.txt,2026-05-02,"Erect flare header riser, the flare stack to tip — completed on 2026-05-04",PIP-ERC-1331,exact,2026-05-04,piping,train
dpr_day_05.txt,2026-05-02,"Set wellhead control panel skid, Unit 2, finished 2026-04-24, JMR raised",STA-SET-1212,exact,2026-04-24,static_equipment,train
dpr_day_05.txt,2026-05-02,Rig and set separator V-2101 (V-2101) closed out 05/May/2026,STA-SET-1210,exact,2026-05-05,static_equipment,train
dpr_day_05.txt,2026-05-02,"Set test separator V-2201, Unit 2, tag V-2201, 1 nos out of 1 complete so far",STA-SET-1211,exact,,static_equipment,train
dpr_day_05.txt,2026-05-02,Load and fit internals and progressing at the vessel location as of 30 Apr,STA-INT-1214,near_miss,2026-04-30,static_equipment,train
dpr_day_05.txt,2026-05-02,"Set production manifold header assemblies, Unit 1, 16""-P-1002-A1A tie-ins stopped, material shortage at store",STA-SET-1204,exact,,static_equipment,train
dpr_day_05.txt,2026-05-02,"Install flare tip ignition panel and pilot lines (FST-1301) — progress slow, 69% only",STA-FLR-1224,exact,,static_equipment,train
dpr_day_05.txt,2026-05-02,"Lightning mast and down conductors, flare area started 5 May",EL-GRD-1379,exact,2026-05-05,electrical,train
dpr_day_05.txt,2026-05-02,Alcohol breathalyser checks carried out at the main gate,NO_MATCH,no_match,,,train
dpr_day_05.txt,2026-05-02,"Heavy rainfall from 1400 hrs, all work fronts stopped for the day",NO_MATCH,no_match,,,test
dpr_day_06.txt,2026-05-16,"Transformer plinths and cable trenches, T-1 and T-2 — completed on 11/May/2026",CIV-FDN-1162,exact,2026-05-11,civil,dev
dpr_day_06.txt,2026-05-16,"Cable trench with precast covers, Unit 1 to substation held up, awaiting client RFI clearance",CIV-UGS-1180,exact,,civil,dev
dpr_day_06.txt,2026-05-16,"Non-shrink grouting, separator skid base, ring portion only, balance still open",CIV-FDN-1109,near_miss,,civil,dev
dpr_day_06.txt,2026-05-16,"Anchor bolt setting, separator skid V-1101 (V-1101), 6 nos out of 12 complete so far",CIV-FDN-1105,exact,,civil,train
dpr_day_06.txt,2026-05-16,"V-1101 — Non-shrink grouting, separator skid base ring V-1101 started 15/May/2026",CIV-FDN-1106,exact,2026-05-15,civil,test
dpr_day_06.txt,2026-05-16,"Control building blockwork and roofing in progress, 92 of 145 m2 achieved",CIV-BLD-1161,exact,,civil,dev
dpr_day_06.txt,2026-05-16,"Set air receiver V-2301, utilities area (V-2301) under way at the work front",STA-SET-1215,exact,,static_equipment,test
dpr_day_06.txt,2026-05-16,"Crew deployed on Alignment check and coupling, compressor PK-2401 to receiver (PK-2401)",STA-MCH-1217,exact,,static_equipment,dev
dpr_day_06.txt,2026-05-16,"Internal floating roof assembly, the storage tank, 7 of 9 mt complete so far",STA-TNK-1235,exact,,static_equipment,train
dpr_day_06.txt,2026-05-16,"Tank shell erection, courses 1-3, progressing at the and roof, location as of 13/05/2026",STA-TNK-1234,near_miss,2026-05-13,static_equipment,train
dpr_day_06.txt,2026-05-16,"PK-2401 — Set instrument air compressors, package PK-2401 is done and signed off",STA-MCH-1216,exact,,static_equipment,dev
dpr_day_06.txt,2026-05-16,"Field welds, Unit 1 manifold spools, welds 1-12 held up, awaiting client RFI clearance",STA-WLD-1205,exact,,static_equipment,train
dpr_day_06.txt,2026-05-16,"Fit internals and demisters, the, Load portion only, balance still open",STA-INT-1213,near_miss,,static_equipment,train
dpr_day_06.txt,2026-05-16,"Install flare tip and molecular seal, the flare stack — completed on 5 May",STA-FLR-1223,exact,2026-05-05,static_equipment,train
dpr_day_06.txt,2026-05-16,"Install wellhead flowline risers, WHP-1101 and WHP-1102, 1 nos out of 2 complete so far, as of 2026-05-14",STA-SET-1206,exact,2026-05-14,static_equipment,test
dpr_day_06.txt,2026-05-16,"Earth grid and earthing pits, site-wide completed 19 May",EL-GRD-1378,exact,2026-05-19,electrical,test
dpr_day_06.txt,2026-05-16,"Fuel tanker delayed at Numaligarh, expected tomorrow",NO_MATCH,no_match,,,train
dpr_day_06.txt,2026-05-16,Additional cable route survey requested for future Unit 3 tie-in,NO_MATCH,no_match,,,dev
dpr_day_06.txt,2026-05-16,Emergency contact list updated on all notice boards,NO_MATCH,no_match,,,train
dpr_day_07.txt,2026-05-30,"Cable trench with precast covers, Unit 2 to substation in progress, 60 of 190 m achieved, as of 28 May. baaki kal karenge",CIV-UGS-1181,exact,2026-05-28,civil,train
dpr_day_07.txt,2026-05-30,"trench sand bedding and protection tiles, cable routes in progress, 282 of 400 m achieved",CIV-UGS-1182,exact,,civil,test
dpr_day_07.txt,2026-05-30,"Cable trench with precast covers, Unit 1 to substation in progress, 177 of 210 m achieved",CIV-UGS-1180,exact,,civil,train
dpr_day_07.txt,2026-05-30,control building blockwork and roofing — closed out this week,CIV-BLD-1161,exact,,civil,train
dpr_day_07.txt,2026-05-30,"Potable water line 2""-P-2303-C5B, control building started 28 May. material ka issue tha",PIP-ERC-1353,exact,2026-05-28,piping,train
dpr_day_07.txt,2026-05-30,"crew deployed on shell courses 1-2, tank tk-2101 (tk-2101)",STA-TNK-1231,exact,,static_equipment,train
dpr_day_07.txt,2026-05-30,"tank shell erection, courses 1-3, tk-2101 (tk-2101) delayed by 3 days, crane availability. kaam chalu hai",STA-TNK-1230,exact,,static_equipment,test
dpr_day_07.txt,2026-05-30,"crew deployed on shell course 3 and wind girder, tk-2101, tag tk-2101",STA-TNK-1232,exact,,static_equipment,test
dpr_day_07.txt,2026-05-30,"Alignment check, P-1401A/B couplings, tag P-1401A in progress, 1 nos out of 2 achieved. material ka issue tha",STA-MCH-1241,exact,,static_equipment,train
dpr_day_07.txt,2026-05-30,"Motor mounting and bolt torque, P-1401A/B (P-1401A) stopped, material shortage at store. kaam chalu hai",STA-MCH-1242,exact,,static_equipment,dev
dpr_day_07.txt,2026-05-30,"Set crude transfer the pumps and, 1 nos out of 2 complete so far",STA-MCH-1240,exact,,static_equipment,train
dpr_day_07.txt,2026-05-30,"alignment check and coupling, compressor pk-2401 to receiver, tag pk-2401 ongoing. labour kam tha aaj",STA-MCH-1217,exact,,static_equipment,train
dpr_day_07.txt,2026-05-30,"Internal floating roof assembly, the storage tank held up, awaiting client RFI clearance. kaam chalu hai",STA-TNK-1235,exact,,static_equipment,test
dpr_day_07.txt,2026-05-30,"area lighting poles and floodlights, wellhead u1/u2 closed out 27 may",EL-LTG-1380,exact,2026-05-27,electrical,test
dpr_day_07.txt,2026-05-30,"Earth grid and earthing pits, site-wide completed 2026-05-25",EL-GRD-1378,exact,2026-05-25,electrical,train
dpr_day_07.txt,2026-05-30,"Near miss reported: dropped spanner at the rack, no injury",NO_MATCH,no_match,,,train
dpr_day_07.txt,2026-05-30,Manpower histogram updated and circulated to the planning cell,NO_MATCH,no_match,,,dev
dpr_day_08.txt,2026-06-11,Work front opened for Control building blockwork and roofing on 10 Jun,CIV-BLD-1161,exact,2026-06-10,civil,dev
dpr_day_08.txt,2026-06-11,"Install tank dewatering lines 3""-P-2104-C5B held up, awaiting client RFI clearance",PIP-ERC-1343,exact,,piping,train
dpr_day_08.txt,2026-06-11,"Erect rack steel, Module 2 (Ch 40-80) — completed on 2026-06-15",PIP-ERC-1301,exact,2026-06-15,piping,train
dpr_day_08.txt,2026-06-11,"Erect rack steel, Module 2, multi-tier 1 0-40) portion only, balance still open",PIP-ERC-1300,near_miss,,piping,train
dpr_day_08.txt,2026-06-11,"Potable water the two inch line, control building in progress, 51 of 65 m achieved",PIP-ERC-1353,exact,,piping,train
dpr_day_08.txt,2026-06-11,"TK-2101 — Tank roof structure and fittings, TK-2101, 8 of 14 mt complete so far",STA-TNK-1233,exact,,static_equipment,train
dpr_day_08.txt,2026-06-11,"Rig and set vertical separator V-1101 on foundation, tag V-1101 — progress slow, 32% only",STA-SET-1201,exact,,static_equipment,train
dpr_day_08.txt,2026-06-11,"Set fuel gas skid, utilities plinth U1 ongoing",STA-SET-1207,exact,,static_equipment,train
dpr_day_08.txt,2026-06-11,"Receive and stage the separator vessel, transport from laydown completed 8 Jun",STA-SET-1200,exact,2026-06-08,static_equipment,train
dpr_day_08.txt,2026-06-11,"Work front opened for Plumb, alignment and bolt torque, the separator vessel on 11 Jun 2026",STA-SET-1202,exact,2026-06-11,static_equipment,train
dpr_day_08.txt,2026-06-11,"Tank nozzles and manways fitting, the storage tank and in progress, 10 nos out of 18 achieved",STA-TNK-1236,exact,,static_equipment,train
dpr_day_08.txt,2026-06-11,"Monorail and davit erection, separator platforms — 1 nos out of 1 done",STA-SET-1244,exact,,static_equipment,dev
dpr_day_08.txt,2026-06-11,Rig and set glycol contactor the separator vessel under way at the work front,STA-SET-1203,exact,,static_equipment,dev
dpr_day_08.txt,2026-06-11,"Tank shell erection, courses 1-3,, 1-2, portion only, balance still open",STA-TNK-1231,near_miss,,static_equipment,train
dpr_day_08.txt,2026-06-11,"Tank shell erection, courses 1-3, TK-2101, tag TK-2101, 39 of 46 mt complete so far, as of 10 Jun",STA-TNK-1230,exact,2026-06-10,static_equipment,train
dpr_day_08.txt,2026-06-11,"Crew deployed on Motor mounting and bolt torque, P-1401A/B (P-1401A)",STA-MCH-1242,exact,,static_equipment,train
dpr_day_08.txt,2026-06-11,"Shell course 3 and wind girder, TK-2101 (TK-2101) under way at the work front",STA-TNK-1232,exact,,static_equipment,train
dpr_day_08.txt,2026-06-11,"Install cable tray and risers, substation building completed 10/Jun/2026",EL-TRK-1370,exact,2026-06-10,electrical,test
dpr_day_08.txt,2026-06-11,"Area lighting poles and floodlights, wellhead U1/U2, 16 nos out of 22 complete so far",EL-LTG-1380,exact,,electrical,train
dpr_day_08.txt,2026-06-11,Store bin cards updated after physical verification,NO_MATCH,no_match,,,test
dpr_day_08.txt,2026-06-11,Diesel consumption reconciliation for the month completed,NO_MATCH,no_match,,,train
dpr_day_09.txt,2026-06-22,"Rack cross bracing and kicker supports, full run in progress, 5 nos out of 14 achieved",PIP-ERC-1303,exact,,piping,train
dpr_day_09.txt,2026-06-22,"Pipe rack erection, crude header, Unit 2 to tank farm ongoing",PIP-ERC-1304,exact,,piping,test
dpr_day_09.txt,2026-06-22,"Erect rack steel, Module 2, 3 80-110) portion only, balance still open",PIP-ERC-1302,near_miss,,piping,train
dpr_day_09.txt,2026-06-22,"Rack erection, Module 3 tier 1, flare header the eighteen inch line and utility lines, finished 24/Jun/2026, JMR raised",PIP-ERC-1305,exact,2026-06-24,piping,test
dpr_day_09.txt,2026-06-22,"Erect multi-tier rack steel, Module 1 (Ch 0-40) started this morning",PIP-ERC-1300,exact,,piping,train
dpr_day_09.txt,2026-06-22,"Erect rack steel, Module 2 (Ch 40-80) — 15 of 33 mt done",PIP-ERC-1301,exact,,piping,train
dpr_day_09.txt,2026-06-22,"Install tank dewatering lines the three inch line held up, awaiting client RFI clearance",PIP-ERC-1343,exact,,piping,train
dpr_day_09.txt,2026-06-22,"Set fuel gas skid, utilities plinth U1 — closed out this week",STA-SET-1207,exact,,static_equipment,test
dpr_day_09.txt,2026-06-22,"Tank nozzles and manways fitting, TK-2101 and TK-2102, 14 nos out of 18 complete so far",STA-TNK-1236,exact,,static_equipment,test
dpr_day_09.txt,2026-06-22,"Plumb, alignment and bolt torque, V-1101, tag V-1101, 1 nos out of 1 complete so far, as of 20 Jun",STA-SET-1202,exact,2026-06-20,static_equipment,dev
dpr_day_09.txt,2026-06-22,V-1201 — Rig and set glycol contactor V-1201 — completed on 15 Jun,STA-SET-1203,exact,2026-06-15,static_equipment,dev
dpr_day_09.txt,2026-06-22,"Tank roof structure and fittings, the storage tank — 7 of 14 mt done",STA-TNK-1233,exact,,static_equipment,train
dpr_day_09.txt,2026-06-22,Rig and set vertical the separator vessel on foundation closed out 11/Jun/2026,STA-SET-1201,exact,2026-06-11,static_equipment,train
dpr_day_09.txt,2026-06-22,"Monorail and davit erection, separator platforms is done and signed off",STA-SET-1244,exact,,static_equipment,dev
dpr_day_09.txt,2026-06-22,"Install cable tray and risers, substation building — completed on 11 Jun",EL-TRK-1370,exact,2026-06-11,electrical,train
dpr_day_09.txt,2026-06-22,"Install level transmitters transmitter to the level transmitter, separators in progress, 4 nos out of 6 achieved",INS-FIT-1392,exact,,instrumentation,test
dpr_day_09.txt,2026-06-22,Site flooded near the south fence after the Brahmaputra rose,NO_MATCH,no_match,,,test
dpr_day_09.txt,2026-06-22,Rebar cutting and bending yard relocated to the east side,NO_MATCH,no_match,,,train
dpr_day_10.txt,2026-07-06,"Chemical injection piping 1""-P-2501-A6A, skids to injection points closed out 4 Jul",PIP-ERC-1354,exact,2026-07-04,piping,train
dpr_day_10.txt,2026-07-06,"Erect rack steel, Module 2, 3 80-110) portion only, balance still open",PIP-ERC-1302,near_miss,,piping,train
dpr_day_10.txt,2026-07-06,"Rack erection, Module 3 tier 1, flare header the eighteen inch line and utility lines under way at the work front",PIP-ERC-1305,exact,,piping,train
dpr_day_10.txt,2026-07-06,"Rack cross bracing and kicker supports, full run, 9 nos out of 14 complete so far, as of 6 Jul 2026",PIP-ERC-1303,exact,2026-07-06,piping,dev
dpr_day_10.txt,2026-07-06,"Set chemical injection skids the unit and, wellhead U1/U2, finished 2026-07-02, JMR raised",STA-SET-1243,exact,2026-07-02,static_equipment,train
dpr_day_10.txt,2026-07-06,"Pull LV power cables, wellhead panel WHCP-2101 feeders, Unit 2, tag WHCP-2101 ongoing",EL-CBL-1377,exact,,electrical,train
dpr_day_10.txt,2026-07-06,"Install cable tray ladder 600 mm, rack tier 3 — 124 of 210 m done, as of today",EL-TRK-1360,exact,2026-07-06,electrical,dev
dpr_day_10.txt,2026-07-06,"Install cable tray 450 mm, rack tier 3, Unit 2 stretch — progress slow, 53% only",EL-TRK-1361,exact,,electrical,train
dpr_day_10.txt,2026-07-06,"Install instrument cable tray 300 mm, rack tier 2 started this morning",INS-TRK-1363,exact,,instrumentation,test
dpr_day_10.txt,2026-07-06,"PPE stock replenished, 120 helmets received",NO_MATCH,no_match,,,train
dpr_day_10.txt,2026-07-06,"Idle time recorded for the piling rig, awaiting client decision",NO_MATCH,no_match,,,train
dpr_day_10.txt,2026-07-06,Ground water table encountered higher than the soil report indicated,NO_MATCH,no_match,,,train
dpr_day_11.txt,2026-07-21,"Nitrogen line 3""-P-2302-A6A, package to header ongoing",PIP-ERC-1351,exact,,piping,dev
dpr_day_11.txt,2026-07-21,"Instrument air header the two inch line, rack to Unit 2, finished 2026-07-22, JMR raised",PIP-ERC-1350,exact,2026-07-22,piping,dev
dpr_day_11.txt,2026-07-21,"Chemical injection piping 1""-P-2501-A6A, skids to injection points, finished 07/07/2026, JMR raised",PIP-ERC-1354,exact,2026-07-07,piping,train
dpr_day_11.txt,2026-07-21,"CS-2501 — Set chemical injection skids CS-2501 and CS-2502, wellhead U1/U2 delayed by 2 days, crane availability",STA-SET-1243,exact,,static_equipment,test
dpr_day_11.txt,2026-07-21,"Set and terminate the transformer, 11/0.433 kV — 1 nos out of 1 done",EL-TRF-1372,exact,,electrical,train
dpr_day_11.txt,2026-07-21,"Install MCC panels and switchboard, substation room, finished 17 Jul, JMR raised",EL-SWB-1373,exact,2026-07-17,electrical,train
dpr_day_11.txt,2026-07-21,"Glanding and termination, LV panels, substation held up, awaiting client RFI clearance",EL-CBL-1382,exact,,electrical,dev
dpr_day_11.txt,2026-07-21,"Core termination and lacing, MCC-1 and MCC-2 completed 2026-08-05",EL-CBL-1384,exact,2026-08-05,electrical,train
dpr_day_11.txt,2026-07-21,"Emergency lighting and exit signage, control building — closed out this week",EL-LTG-1381,exact,,electrical,dev
dpr_day_11.txt,2026-07-21,"Pull LV power cables, pump motors P-1401A/B, tag P-1401A started this morning",EL-CBL-1376,exact,,electrical,test
dpr_day_11.txt,2026-07-21,"Crew deployed on Cable glanding, MCC-1 and MCC-2 feeders",EL-CBL-1383,exact,,electrical,train
dpr_day_11.txt,2026-07-21,"Pull MV cable 11 kV, substation to transformer T-1 — progress slow, 54% only",EL-CBL-1374,exact,,electrical,test
dpr_day_11.txt,2026-07-21,"Set and terminate transformer T-1, 11/0.433 kV — 1 nos out of 1 done",EL-TRF-1371,exact,,electrical,test
dpr_day_11.txt,2026-07-21,"Crew deployed on Pull MV cable 11 kV, substation to transformer T-2",EL-CBL-1375,exact,,electrical,train
dpr_day_11.txt,2026-07-21,"WHCP-2101 — Pull LV power cables, wellhead panel WHCP-2101 feeders, Unit 2 — closed out this week",EL-CBL-1377,exact,,electrical,train
dpr_day_11.txt,2026-07-21,"Install cable tray ladder 600 mm, rack tier 3 is done and signed off",EL-TRK-1360,exact,,electrical,test
dpr_day_11.txt,2026-07-21,"Install cable tray ladder 600 — this is the 3, Unit 2 stretch one, 66% done",EL-TRK-1361,near_miss,,electrical,train
dpr_day_11.txt,2026-07-21,"Install instrument cable tray 300 mm, rack tier 2 is done and signed off",INS-TRK-1363,exact,,instrumentation,train
dpr_day_11.txt,2026-07-21,Coating DFT gauge sent out for recalibration,NO_MATCH,no_match,,,test
dpr_day_11.txt,2026-07-21,"Waterlogging in the excavation, dewatering pumps deployed overnight",NO_MATCH,no_match,,,test
dpr_day_11.txt,2026-07-21,"Temporary diesel bowser stand fabricated at the laydown, unplanned scope",NO_MATCH,no_match,,,train
dpr_day_12.txt,2026-08-02,"Instrument air header 2""-P-2301-A6A, rack to Unit 2 completed 25 Jul",PIP-ERC-1350,exact,2026-07-25,piping,train
dpr_day_12.txt,2026-08-02,"Nitrogen line 3""-P-2302-A6A, package to header, finished 27 Jul 2026, JMR raised",PIP-ERC-1351,exact,2026-07-27,piping,test
dpr_day_12.txt,2026-08-02,"Cable glanding, MCC-1 and MCC-2 feeders under way at the work front",EL-CBL-1383,exact,,electrical,train
dpr_day_12.txt,2026-08-02,"Pull MV cable 11 kV, — this is the transformer one, 35% done",EL-CBL-1374,near_miss,,electrical,train
dpr_day_12.txt,2026-08-02,"Pull LV power cables, pump motors, 85 of 320 m complete so far",EL-CBL-1376,exact,,electrical,train
dpr_day_12.txt,2026-08-02,"Glanding and termination, LV panels, substation, finished 01/08/2026, JMR raised",EL-CBL-1382,exact,2026-08-01,electrical,train
dpr_day_12.txt,2026-08-02,"Emergency lighting and exit signage, control building taken up at site",EL-LTG-1381,exact,,electrical,train
dpr_day_12.txt,2026-08-02,"Core termination and lacing, MCC-1 and MCC-2 under way at the work front",EL-CBL-1384,exact,,electrical,train
dpr_day_12.txt,2026-08-02,"Set and terminate transformer T-1, 11/0.433 kV completed 31 Jul",EL-TRF-1371,exact,2026-07-31,electrical,train
dpr_day_12.txt,2026-08-02,"Set and terminate transformer T-2, 11/0.433 kV delayed by 2 days, crane availability",EL-TRF-1372,exact,,electrical,train
dpr_day_12.txt,2026-08-02,Site query raised on the foundation bolt projection detail,NO_MATCH,no_match,,,test
dpr_day_12.txt,2026-08-02,Night shift cancelled due to lighting tower breakdown,NO_MATCH,no_match,,,train
dpr_day_13.txt,2026-08-19,"Tank farm manifold the twelve inch line, inlet/outlet the storage tank — closed out this week",PIP-ERC-1340,exact,,piping,train
dpr_day_13.txt,2026-08-19,"Erect drain header 4""-P-1303-C5B, closed drain in progress, 12 of 36 m achieved",PIP-ERC-1334,exact,,piping,dev
dpr_day_13.txt,2026-08-19,"Erect flare header the eighteen inch line, manifold to KO drum — completed on 25 Aug",PIP-ERC-1330,exact,2026-08-25,piping,dev
dpr_day_13.txt,2026-08-19,"Erect the six inch line, fuel gas skid inlet, finished 18 Aug, JMR raised",PIP-ERC-1318,exact,2026-08-18,piping,dev
dpr_day_13.txt,2026-08-19,"Work front opened for Suction and discharge piping, the pumps to manifold on 28 Aug 2026",PIP-ERC-1341,exact,2026-08-28,piping,train
dpr_day_13.txt,2026-08-19,"Erect blowdown lines 6""-P-1302-A6A, wellhead SDVs is done and signed off",PIP-ERC-1333,exact,,piping,test
dpr_day_13.txt,2026-08-19,"Alloy weld and PMI, flare header, welds 20-31 — commenced 1 Sep 2026",PIP-WLD-1332,exact,2026-09-01,piping,train
dpr_day_13.txt,2026-08-19,"Core termination and lacing, MCC-1 and MCC-2 under way at the work front",EL-CBL-1384,exact,,electrical,train
dpr_day_13.txt,2026-08-19,"Set and terminate the transformer, progressing at the kV location as of 16 Aug",EL-TRF-1372,near_miss,2026-08-16,electrical,dev
dpr_day_13.txt,2026-08-19,"Set and terminate transformer T-1, 11/0.433 kV in progress, 1 nos out of 1 achieved",EL-TRF-1371,exact,,electrical,test
dpr_day_13.txt,2026-08-19,"Mobilised for Glanding and termination, LV panels, substation",EL-CBL-1382,exact,,electrical,train
dpr_day_13.txt,2026-08-19,"Cable glanding, MCC-1 and MCC-2 feeders, finished 2026-08-05, JMR raised",EL-CBL-1383,exact,2026-08-05,electrical,train
dpr_day_13.txt,2026-08-19,"Install junction boxes box to the junction box, field under way at the work front",INS-JBX-1395,exact,,instrumentation,test
dpr_day_13.txt,2026-08-19,"Pull home-run cables, JB-101 to JB-108 to control room FTA started 05/Sep/2026",INS-CBL-1397,exact,2026-09-05,instrumentation,test
dpr_day_13.txt,2026-08-19,Terminate field instruments at the junction box to under way at the work front,INS-TER-1398,exact,,instrumentation,dev
dpr_day_13.txt,2026-08-19,"Pull instrument cables, rack tier 2 to junction boxes JB-101 to JB-108 closed out 28 Aug",INS-CBL-1396,exact,2026-08-28,instrumentation,dev
dpr_day_13.txt,2026-08-19,Weld map updated for the revised isometric issue,NO_MATCH,no_match,,,train
dpr_day_13.txt,2026-08-19,Additional 40 m of boundary drain built on the north side at OIL request,NO_MATCH,no_match,,,train
dpr_day_14.txt,2026-08-27,"Erect 12""-P-2102-A1A, TK-2102 manifold tie-in — closed out this week",PIP-ERC-1342,exact,,piping,train
dpr_day_14.txt,2026-08-27,"Field welds and UT, tank farm manifold, welds 40-52 — commenced 17 Sep",PIP-WLD-1344,exact,2026-09-17,piping,train
dpr_day_14.txt,2026-08-27,"Erect line 8""-P-1004-A6A, glycol feed to contactor V-1201 under way at the work front",PIP-ERC-1317,exact,,piping,train
dpr_day_14.txt,2026-08-27,"Mobilised for Erect blowdown lines 6""-P-1302-A6A, wellhead SDVs",PIP-ERC-1333,exact,,piping,test
dpr_day_14.txt,2026-08-27,"Erect flare header the eighteen inch line, manifold to KO drum ongoing",PIP-ERC-1330,exact,,piping,dev
dpr_day_14.txt,2026-08-27,"Tank farm manifold the twelve inch line, inlet/outlet the storage tank, finished 10/09/2026, JMR raised",PIP-ERC-1340,exact,2026-09-10,piping,test
dpr_day_14.txt,2026-08-27,"Erect the six inch line, fuel gas skid inlet under way at the work front",PIP-ERC-1318,exact,,piping,train
dpr_day_14.txt,2026-08-27,"Erect drain header 4""-P-1303-C5B, closed drain held up, awaiting client RFI clearance",PIP-ERC-1334,exact,,piping,train
dpr_day_14.txt,2026-08-27,"Alloy weld and PMI, flare header, welds 20-31 — 3 nos out of 12 done",PIP-WLD-1332,exact,,piping,train
dpr_day_14.txt,2026-08-27,"Suction and discharge piping, pumps P-1401A/B to manifold, tag P-1401A stopped, material shortage at store",PIP-ERC-1341,exact,,piping,train
dpr_day_14.txt,2026-08-27,"Water fill and calibration strapping, the storage tank started 18 Sep",STA-DRY-1522,exact,2026-09-18,static_equipment,train
dpr_day_14.txt,2026-08-27,"Set and terminate the transformer, 11/0.433 kV under way at the work front",EL-TRF-1372,exact,,electrical,train
dpr_day_14.txt,2026-08-27,"Crew deployed on Pull MV cable 11 kV, substation to transformer T-2",EL-CBL-1375,exact,,electrical,train
dpr_day_14.txt,2026-08-27,"Core termination and lacing, the MCC and, finished 8 Aug, JMR raised",EL-CBL-1384,exact,2026-08-08,electrical,test
dpr_day_14.txt,2026-08-27,Terminate field instruments at JB-101 to JB-108 started this morning,INS-TER-1398,exact,,instrumentation,train
dpr_day_14.txt,2026-08-27,"Pull instrument cables, rack tier 2 to junction boxes JB-101 to JB-108 started 28 Aug",INS-CBL-1396,exact,2026-08-28,instrumentation,train
dpr_day_14.txt,2026-08-27,"Mobilised for Install junction boxes JB-101 to JB-108, field",INS-JBX-1395,exact,,instrumentation,test
dpr_day_14.txt,2026-08-27,"Pull home-run cables, the junction box to control room FTA in progress, 237 of 480 m achieved",INS-CBL-1397,exact,,instrumentation,train
dpr_day_14.txt,2026-08-27,"Client asked for a second wash bay, awaiting commercial approval",NO_MATCH,no_match,,,test
dpr_day_14.txt,2026-08-27,Method statement for tank erection resubmitted after comments,NO_MATCH,no_match,,,train
dpr_day_14.txt,2026-08-27,"Unplanned soil replacement below the store shed, 60 m3 removed",NO_MATCH,no_match,,,train
dpr_day_15.txt,2026-09-15,"Erect 12""-P-2102-A1A, TK-2102 manifold tie-in stopped, material shortage at store",PIP-ERC-1342,exact,,piping,test
dpr_day_15.txt,2026-09-15,"Alloy weld and PMI, flare header, welds 20-31 under way at the work front",PIP-WLD-1332,exact,,piping,train
dpr_day_15.txt,2026-09-15,"Erect the eight inch line, glycol feed to contactor the separator vessel completed 14 Sep. aaj shuru kiya",PIP-ERC-1317,exact,2026-09-14,piping,train
dpr_day_15.txt,2026-09-15,"tank farm manifold the twelve inch line, inlet/outlet the storage tank completed 2026-09-15. labour kam tha aaj",PIP-ERC-1340,exact,2026-09-15,piping,train
dpr_day_15.txt,2026-09-15,"Field welds and UT, tank farm manifold, welds 40-52, 6 nos out of 13 complete so far, as of 15/Sep/2026",PIP-WLD-1344,exact,2026-09-15,piping,train
dpr_day_15.txt,2026-09-15,"Suction and discharge piping, pumps P-1401A/B to manifold (P-1401A) stopped, material shortage at store. kaam chalu hai",PIP-ERC-1341,exact,,piping,dev
dpr_day_15.txt,2026-09-15,"TK-2102 — Water fill and calib strapping, TK-2102 held up, awaiting client RFI clearance. baaki kal karenge",STA-DRY-1522,exact,,static_equipment,train
dpr_day_15.txt,2026-09-15,"Pull home-run cables, the junction box to control room FTA started this morning. thoda delay hua",INS-CBL-1397,exact,,instrumentation,dev
dpr_day_15.txt,2026-09-15,"pull instrument cables, rack tier 2 to junction boxes jb-101 to jb-108 delayed by 5 days, crane availability. baaki kal karenge",INS-CBL-1396,exact,,instrumentation,dev
dpr_day_15.txt,2026-09-15,terminate field instrs at jb-101 to jb-108 closed out 15/sep/2026,INS-TER-1398,exact,2026-09-15,instrumentation,dev
dpr_day_15.txt,2026-09-15,Consumables inventory check carried out at the fabrication shed,NO_MATCH,no_match,,,train
dpr_day_15.txt,2026-09-15,"Crane operator on leave, replacement mobilised from Guwahati",NO_MATCH,no_match,,,train
dpr_day_15.txt,2026-09-15,Site coordination meeting minutes circulated to all agencies,NO_MATCH,no_match,,,dev
dpr_day_16.txt,2026-09-25,"Hydrotest, tank farm manifold and pump suction closed out 22 Sep 2026",PIP-HYT-1513,exact,2026-09-22,piping,dev
dpr_day_16.txt,2026-09-25,"Erect 12""-P-2102-A1A, TK-2102 manifold tie-in — completed on 17/Sep/2026",PIP-ERC-1342,exact,2026-09-17,piping,train
dpr_day_16.txt,2026-09-25,"12""-P-2101-A1A — Field welds and UT, tank farm manifold, welds 40-52 completed 19 Sep",PIP-WLD-1344,exact,2026-09-19,piping,train
dpr_day_16.txt,2026-09-25,"Tank farm manifold the twelve inch line, inlet/outlet the storage tank started this morning",PIP-ERC-1340,exact,,piping,train
dpr_day_16.txt,2026-09-25,"Erect line 8""-P-1004-A6A, glycol feed to contactor V-1201 ongoing",PIP-ERC-1317,exact,,piping,dev
dpr_day_16.txt,2026-09-25,"P-1401A — Motor bump test, pumps P-1401A/B, 1 nos out of 2 complete so far",STA-ROT-1523,exact,,static_equipment,train
dpr_day_16.txt,2026-09-25,"Set crude transfer the pumps, Performance run, portion only, balance still open",STA-ROT-1524,near_miss,,static_equipment,train
dpr_day_16.txt,2026-09-25,"Water fill and calibration strapping, TK-2102 (TK-2102) — commenced 22 Sep",STA-DRY-1522,exact,2026-09-22,static_equipment,train
dpr_day_16.txt,2026-09-25,"Insulation resistance and hi-pot tests, MV cables to the transformer and, 4 nos out of 6 complete so far",EL-ENS-1530,exact,,electrical,dev
dpr_day_16.txt,2026-09-25,"Protective relay setting and primary injection tests in progress, 5 nos out of 12 achieved",EL-ENS-1531,exact,,electrical,train
dpr_day_16.txt,2026-09-25,Terminate field instruments at JB-101 to JB-108 — 126 nos out of 168 done,INS-TER-1398,exact,,instrumentation,dev
dpr_day_16.txt,2026-09-25,"Mobilised for Mechanical Completion, Tank Farm and Utilities",HSE-MS-1502,exact,,hse,train
dpr_day_16.txt,2026-09-25,Weekly progress photo compilation submitted to the PMC,NO_MATCH,no_match,,,train
dpr_day_16.txt,2026-09-25,JMR for November progress billing submitted to OIL,NO_MATCH,no_match,,,dev
dpr_day_17.txt,2026-10-07,"Mobilised for Support fabrication and installation, the twenty four inch line",PIP-HLT-1314,exact,,piping,train
dpr_day_17.txt,2026-10-07,"Crew deployed on Erect line 10""-P-2002-A5A, test header Unit 2",PIP-ERC-1322,exact,,piping,train
dpr_day_17.txt,2026-10-07,"Shop fabrication, Unit 2 flowline manifolds in progress, 38 of 64 m achieved",PIP-FAB-1320,exact,,piping,dev
dpr_day_17.txt,2026-10-07,"Erect line 12""-P-1003-A5A, test separator loop completed 21 Oct",PIP-ERC-1316,exact,2026-10-21,piping,dev
dpr_day_17.txt,2026-10-07,"Work front opened for Shop fabrication, 24""-P-1001-A1A spools on today",PIP-FAB-1310,exact,2026-10-07,piping,dev
dpr_day_17.txt,2026-10-07,"Erect line 20""-P-2001-A1A, Unit 2 production header, finished 24 Oct 2026, JMR raised",PIP-ERC-1321,exact,2026-10-24,piping,train
dpr_day_17.txt,2026-10-07,"Erect Line 24""-P-1001-A1A, Unit 2 rack closed out 16 Oct",PIP-ERC-1311,exact,2026-10-16,piping,train
dpr_day_17.txt,2026-10-07,"Pipe supports and guides, Unit 2 rack stretch — completed on 26/Oct/2026",PIP-HLT-1325,exact,2026-10-26,piping,dev
dpr_day_17.txt,2026-10-07,"12""-P-2101-A1A — Hydrotest, tank farm manifold and pump suction delayed by 4 days, crane availability",PIP-HYT-1513,exact,,piping,test
dpr_day_17.txt,2026-10-07,"Work front opened for Water fill and settlement check, TK-2101 (TK-2101) on 6 Oct",STA-DRY-1521,exact,2026-10-06,static_equipment,train
dpr_day_17.txt,2026-10-07,"PK-2401 — Load test, compressor package PK-2401 started 14 Oct",STA-CMP-1525,exact,2026-10-14,static_equipment,train
dpr_day_17.txt,2026-10-07,"Water fill and calibration strapping, TK-2102 (TK-2102) under way at the work front",STA-DRY-1522,exact,,static_equipment,dev
dpr_day_17.txt,2026-10-07,Crew deployed on Substation energization,EL-ENS-1532,exact,,electrical,dev
dpr_day_17.txt,2026-10-07,"Insulation resistance and hi-pot tests, MV cables to T-1 and T-2 — completed on 2026-09-28",EL-ENS-1530,exact,2026-09-28,electrical,dev
dpr_day_17.txt,2026-10-07,"Protective relay setting and primary injection tests, 10 nos out of 12 complete so far",EL-ENS-1531,exact,,electrical,train
dpr_day_17.txt,2026-10-07,"Mechanical Completion, Tank Farm and Utilities in progress, about 60% complete",HSE-MS-1502,exact,,hse,train
dpr_day_17.txt,2026-10-07,Subcontractor invoice verification pending with commercial team,NO_MATCH,no_match,,,train
dpr_day_17.txt,2026-10-07,"Ambient temperature 39 C, work rescheduled to early morning",NO_MATCH,no_match,,,train
dpr_day_18.txt,2026-10-21,"Bolt torque and gasket joint assembly, Unit 2 manifold, finished 2 Nov, JMR raised",PIP-BLT-1324,exact,2026-11-02,piping,test
dpr_day_18.txt,2026-10-21,"Field weld and RT, Unit 2 header welds 19-34 closed out 30/Oct/2026",PIP-WLD-1323,exact,2026-10-30,piping,train
dpr_day_18.txt,2026-10-21,"Pneumatic leak test with nitrogen, flare header is done and signed off",PIP-HYT-1512,exact,,piping,train
dpr_day_18.txt,2026-10-21,"Erect crude header 24""-P-1001-A1A, tank farm approach, finished 31/10/2026, JMR raised",PIP-ERC-1312,exact,2026-10-31,piping,train
dpr_day_18.txt,2026-10-21,"Hydrotest package 2, Unit 2 — this is the lines sixteen and twelve one, 81% done",PIP-HYT-1510,near_miss,,piping,train
dpr_day_18.txt,2026-10-21,"Erect line 10""-P-2002-A5A, test header Unit 2 in progress, 26 of 31 m achieved, as of 21/10/2026",PIP-ERC-1322,exact,2026-10-21,piping,dev
dpr_day_18.txt,2026-10-21,"Erect the sixteen inch line,, twenty four 2 rack portion only, balance still open",PIP-ERC-1311,near_miss,,piping,train
dpr_day_18.txt,2026-10-21,"Erect line 12""-P-1003-A5A, test separator loop held up, awaiting client RFI clearance",PIP-ERC-1316,exact,,piping,test
dpr_day_18.txt,2026-10-21,"Erect the ten inch line, progressing at the twenty production location as of 19 Oct",PIP-ERC-1321,near_miss,2026-10-19,piping,train
dpr_day_18.txt,2026-10-21,"Support fabrication and installation, the twenty four inch line, 18 nos out of 22 complete so far",PIP-HLT-1314,exact,,piping,test
dpr_day_18.txt,2026-10-21,"Pipe supports and guides, Unit 2 rack stretch (20""-P-2001-A1A) completed",PIP-HLT-1325,exact,,piping,test
dpr_day_18.txt,2026-10-21,"Tightness and pressure test, separators V-1101 and V-1201, tag V-1101, 1 nos out of 2 complete so far",STA-PRS-1520,exact,,static_equipment,test
dpr_day_18.txt,2026-10-21,"Load test, compressor package PK-2401, tag PK-2401 closed out 15 Oct",STA-CMP-1525,exact,2026-10-15,static_equipment,dev
dpr_day_18.txt,2026-10-21,"Install conduits and flexible connections, Unit 1/2 equipment started 29 Oct",EL-TRK-1362,exact,2026-10-29,electrical,train
dpr_day_18.txt,2026-10-21,"Substation energization delayed by 3 days, crane availability",EL-ENS-1532,exact,,electrical,dev
dpr_day_18.txt,2026-10-21,Install temperature elements element to the temperature element — closed out this week,INS-FIT-1393,exact,,instrumentation,dev
dpr_day_18.txt,2026-10-21,"FE-1401 — Install flow meter elements FE-1401 to FE-1408, Unit 2 completed 2 Nov 2026",INS-FIT-1394,exact,2026-11-02,instrumentation,train
dpr_day_18.txt,2026-10-21,Mechanical Completion Unit 1 completed 31 Oct,HSE-MS-1500,exact,2026-10-31,hse,test
dpr_day_18.txt,2026-10-21,"NCR raised by the client on concrete cube results, under review",NO_MATCH,no_match,,,dev
dpr_day_18.txt,2026-10-21,Toolbox talk conducted on working at height for 42 workers,NO_MATCH,no_match,,,train
dpr_day_19.txt,2026-11-01,"Field weld and NDT, crude header rack welds 1-18, finished 5 Nov 2026, JMR raised",PIP-WLD-1313,exact,2026-11-05,piping,test
dpr_day_19.txt,2026-11-01,"Work front opened for Erect line 20""-P-2001-A1A, Unit 2 production header on 31 Oct 2026",PIP-ERC-1321,exact,2026-10-31,piping,train
dpr_day_19.txt,2026-11-01,"Work front opened for Erect Line 24""-P-1001-A1A, Unit 2 rack on 30 Oct 2026",PIP-ERC-1311,exact,2026-10-30,piping,train
dpr_day_19.txt,2026-11-01,"Erect the twenty inch line, progressing at the ten test location as of 29 Oct",PIP-ERC-1322,near_miss,2026-10-29,piping,test
dpr_day_19.txt,2026-11-01,"Erect the twelve inch line, test separator loop, finished 2026-10-24, JMR raised",PIP-ERC-1316,exact,2026-10-24,piping,train
dpr_day_19.txt,2026-11-01,"Hydrotest package 2, Unit 2, lines sixteen and twelve portion only, balance still open",PIP-HYT-1510,near_miss,,piping,dev
dpr_day_19.txt,2026-11-01,"Pneumatic leak test with nitrogen, flare header, 1 nos out of 2 complete so far, as of 31/10/2026",PIP-HYT-1512,exact,2026-10-31,piping,test
dpr_day_19.txt,2026-11-01,"Field weld and RT, Unit 2 header welds 19-34 under way at the work front",PIP-WLD-1323,exact,,piping,test
dpr_day_19.txt,2026-11-01,"Support fabrication and installation, line 24""-P-1001-A1A — progress slow, 35% only",PIP-HLT-1314,exact,,piping,test
dpr_day_19.txt,2026-11-01,"Bolt torque and gasket joint assembly, Unit 2 manifold closed out 2 Nov",PIP-BLT-1324,exact,2026-11-02,piping,test
dpr_day_19.txt,2026-11-01,"Erect crude header the twenty four inch line, tank farm approach, 17 of 36 m complete so far, as of 2026-10-31",PIP-ERC-1312,exact,2026-10-31,piping,dev
dpr_day_19.txt,2026-11-01,"20""-P-2001-A1A — Pipe supports and guides, Unit 2 rack stretch — completed on 29 Oct",PIP-HLT-1325,exact,2026-10-29,piping,dev
dpr_day_19.txt,2026-11-01,Flare pilot ignition and pilot line purge test (FST-1301) — completed on 05/Nov/2026,STA-FLS-1526,exact,2026-11-05,static_equipment,dev
dpr_day_19.txt,2026-11-01,"Tightness and pressure test, the separators vessel and under way at the work front",STA-PRS-1520,exact,,static_equipment,train
dpr_day_19.txt,2026-11-01,"Install conduits and flexible connections, Unit 1/2 equipment, 11 nos out of 38 complete so far",EL-TRK-1362,exact,,electrical,train
dpr_day_19.txt,2026-11-01,"TE-1301 — Install temperature elements TE-1301 to TE-1312, 10 nos out of 12 complete so far, as of 1 Nov",INS-FIT-1393,exact,2026-11-01,instrumentation,train
dpr_day_19.txt,2026-11-01,"FE-1401 — Install flow meter elements FE-1401 to FE-1408, Unit 2 — 6 nos out of 8 done",INS-FIT-1394,exact,,instrumentation,test
dpr_day_19.txt,2026-11-01,Mechanical Completion Unit 1 is done and signed off,HSE-MS-1500,exact,,hse,test
dpr_day_19.txt,2026-11-01,"Extra crash barrier at the tanker turning circle, quoted separately",NO_MATCH,no_match,,,dev
dpr_day_19.txt,2026-11-01,As-built markup received from the survey team for checking,NO_MATCH,no_match,,,train
dpr_day_19.txt,2026-11-01,"Mock fire drill conducted at the temporary office, 3 minutes response",NO_MATCH,no_match,,,train
dpr_day_20.txt,2026-11-17,"Flush, dry and reinstate, test packs 1-3 taken up at site",PIP-FLS-1514,exact,,piping,dev
dpr_day_20.txt,2026-11-17,"Air blowing and drying, instrument air header taken up at site",PIP-DRY-1515,exact,,piping,train
dpr_day_20.txt,2026-11-17,"Hydrotest package 1, Unit 1, 2, 2 header twenty portion only, balance still open",PIP-HYT-1511,near_miss,,piping,train
dpr_day_20.txt,2026-11-17,"Field weld and NDT, crude header rack welds 1-18 in progress, 12 nos out of 18 achieved",PIP-WLD-1313,exact,,piping,train
dpr_day_20.txt,2026-11-17,"Erect crude header the twenty four inch line, tank farm approach in progress, 23 of 36 m achieved",PIP-ERC-1312,exact,,piping,train
dpr_day_20.txt,2026-11-17,"Tightness and pressure test, separators V-1101 and V-1201, tag V-1101 held up, awaiting client RFI clearance",STA-PRS-1520,exact,,static_equipment,dev
dpr_day_20.txt,2026-11-17,FST-1301 — Flare pilot ignition and pilot line purge test ongoing,STA-FLS-1526,exact,,static_equipment,test
dpr_day_20.txt,2026-11-17,"Loop check, Unit 2 loops to the unit in progress, 19 nos out of 22 achieved",INS-CHK-1407,exact,,instrumentation,train
dpr_day_20.txt,2026-11-17,"Revalidation of loop checks, post hydrotest — 55 nos out of 66 done",INS-CHK-1540,exact,,instrumentation,train
dpr_day_20.txt,2026-11-17,"Install ESD valve solenoids and actuation hook-up, blowdown headers 6""-P-1302-A6A completed 2026-11-18",INS-IMP-1399,exact,2026-11-18,instrumentation,train
dpr_day_20.txt,2026-11-17,"Loop check, tank farm and utilities loops started 16/11/2026",INS-CHK-1408,exact,2026-11-16,instrumentation,train
dpr_day_20.txt,2026-11-17,"Install flow meter elements FE-1401 to FE-1408, Unit 2, tag FE-1401, finished 05/Nov/2026, JMR raised",INS-FIT-1394,exact,2026-11-05,instrumentation,test
dpr_day_20.txt,2026-11-17,"PCB consent and factory inspectorate compliance walkthrough in progress, about 42% complete",HSE-REG-1546,exact,,hse,test
dpr_day_20.txt,2026-11-17,As-built markup verification and red-line transfer is done and signed off,HSE-DOC-1551,exact,,hse,train
dpr_day_20.txt,2026-11-17,"PESO statutory inspection, flare system and pressure vessels V-1101/V-1201/V-2101 closed out 9 Nov",HSE-REG-1545,exact,2026-11-09,hse,dev
dpr_day_20.txt,2026-11-17,"PESO statutory inspection, tanks the storage tank and ongoing",HSE-REG-1544,exact,,hse,train
dpr_day_20.txt,2026-11-17,Mechanical Completion Unit 2 — completed on 9 Nov,HSE-MS-1501,exact,2026-11-09,hse,train
dpr_day_20.txt,2026-11-17,Heat stress advisory issued to all supervisors,NO_MATCH,no_match,,,train
dpr_day_20.txt,2026-11-17,Third party inspection agency mobilised for weld review,NO_MATCH,no_match,,,train
dpr_day_20.txt,2026-11-17,Permit audit carried out by the client HSE officer,NO_MATCH,no_match,,,train
dpr_day_21.txt,2026-11-30,"Install restriction orifice spools and sampling connections, Unit 1 in progress, 2 nos out of 6 achieved",PIP-INS-1319,exact,,piping,train
dpr_day_21.txt,2026-11-30,"Erect line 16""-P-1002-A1A, gas service, Unit 1 manifold, 45 of 54 m complete so far, as of 28 Nov",PIP-ERC-1315,exact,2026-11-28,piping,train
dpr_day_21.txt,2026-11-30,"PT-1101 — Install pressure transmitters PT-1101 to PT-1114, Unit 1 in progress, 5 nos out of 14 achieved, as of 28 Nov",INS-FIT-1391,exact,2026-11-28,instrumentation,train
dpr_day_21.txt,2026-11-30,"Install fire and gas detectors, wellhead and manifold, 11 nos out of 32 complete so far, as of 28 Nov",INS-FIT-1400,exact,2026-11-28,instrumentation,train
dpr_day_21.txt,2026-11-30,"Crew deployed on Install instrument air tubing stubs and manifolds, takeoffs from 2""-P-2301-A6A",INS-IMP-1390,exact,,instrumentation,dev
dpr_day_21.txt,2026-11-30,"Install ESD valve solenoids and actuation hook-up, blowdown headers 6""-P-1302-A6A, 5 nos out of 10 complete so far",INS-IMP-1399,exact,,instrumentation,train
dpr_day_21.txt,2026-11-30,"Compilation of handover dossiers and O&M manuals held up, awaiting client RFI clearance",HSE-DOC-1552,exact,,hse,test
dpr_day_21.txt,2026-11-30,As-built markup verification and red-line transfer completed 25/11/2026,HSE-DOC-1551,exact,2026-11-25,hse,train
dpr_day_21.txt,2026-11-30,"Scaffolding material returned to the hire company, 8 loads",NO_MATCH,no_match,,,train
dpr_day_21.txt,2026-11-30,Material test certificates for the imported valves under verification,NO_MATCH,no_match,,,dev
dpr_day_22.txt,2026-12-17,"Install restriction orifice spools and sampling connections, Unit 1 completed",PIP-INS-1319,exact,,piping,test
dpr_day_22.txt,2026-12-17,"Erect line 16""-P-1002-A1A, gas service, Unit 1 manifold in progress, 33 of 54 m achieved. thoda delay hua",PIP-ERC-1315,exact,,piping,train
dpr_day_22.txt,2026-12-17,"72-hour integrated reliability run, process train — completed on 5 Jan",STA-RUN-1527,exact,2027-01-05,static_equipment,dev
dpr_day_22.txt,2026-12-17,"Fire and gas detection system function test — progress slow, 42% only",INS-CMS-1541,exact,,instrumentation,dev
dpr_day_22.txt,2026-12-17,"Calibrate transmitters and switches, workshop bench — completed on 12 Dec 2026",INS-CAL-1405,exact,2026-12-12,instrumentation,dev
dpr_day_22.txt,2026-12-17,"Loop check, Unit 1 loops L-1101 to L-1128 closed out 16 Dec. thoda delay hua",INS-CHK-1406,exact,2026-12-16,instrumentation,dev
dpr_day_22.txt,2026-12-17,"Crew deployed on Cause and effect testing, ESD shutdown matrix",INS-CHK-1409,exact,,instrumentation,train
dpr_day_22.txt,2026-12-17,"Integrated ESD and blowdown function test stopped, material shortage at store. baaki kal karenge",INS-CHK-1542,exact,,instrumentation,train
dpr_day_22.txt,2026-12-17,work front opened for instr loops certified (rfsi) on 20 dec 2026. aaj shuru kiya,INS-MS-1543,exact,2026-12-20,instrumentation,train
dpr_day_22.txt,2026-12-17,"install pressure transmitters pt-1101 to pt-1114, unit 1 (pt-1101) closed out 4 dec 2026",INS-FIT-1391,exact,2026-12-04,instrumentation,train
dpr_day_22.txt,2026-12-17,"Install ESD valve solenoids and actuation hook-up, blowdown headers 6""-P-1302-A6A taken up at site",INS-IMP-1399,exact,,instrumentation,test
dpr_day_22.txt,2026-12-17,"Install instrument air tubing stubs and manifolds, takeoffs from the two inch line — completed on 2 Dec",INS-IMP-1390,exact,2026-12-02,instrumentation,train
dpr_day_22.txt,2026-12-17,"Install fire and gas detectors, wellhead and manifold in progress, 24 nos out of 32 achieved. material ka issue tha",INS-FIT-1400,exact,,instrumentation,train
dpr_day_22.txt,2026-12-17,"pre-startup safety review (pssr) walkthrough, finished 2026-12-22, jmr raised",HSE-PSC-1550,exact,2026-12-22,hse,train
dpr_day_22.txt,2026-12-17,"Operations training and familiarization, OIL staff completed. baaki kal karenge",HSE-TRN-1553,exact,,hse,train
dpr_day_22.txt,2026-12-17,rfsu unit 1 taken up at site,HSE-HDO-1554,exact,,hse,train
dpr_day_22.txt,2026-12-17,"Compilation of handover dossiers and O&M manuals delayed by 5 days, crane availability",HSE-DOC-1552,exact,,hse,train
dpr_day_22.txt,2026-12-17,"As-built markup verification and red-line transfer stopped, material shortage at store. aaj shuru kiya",HSE-DOC-1551,exact,,hse,train
dpr_day_22.txt,2026-12-17,Client comments on the P&ID revision under incorporation,NO_MATCH,no_match,,,dev
dpr_day_22.txt,2026-12-17,"Access road washed out after overnight rain, grading needed",NO_MATCH,no_match,,,dev
dpr_day_22.txt,2026-12-17,"Snake sighting reported near the tank farm, area cordoned",NO_MATCH,no_match,,,train
dpr_day_23.txt,2026-12-27,"Erect the twenty four inch, gas service, 1 manifold portion only, balance still open",PIP-ERC-1315,near_miss,,piping,train
dpr_day_23.txt,2026-12-27,"Install restriction orifice spools and sampling connections, Unit 1 stopped, material shortage at store",PIP-INS-1319,exact,,piping,dev
dpr_day_23.txt,2026-12-27,"72-hour integrated reliability run, process train — commenced 2027-01-05",STA-RUN-1527,exact,2027-01-05,static_equipment,dev
dpr_day_23.txt,2026-12-27,"Cause and effect testing, ESD shutdown matrix started this morning",INS-CHK-1409,exact,,instrumentation,test
dpr_day_23.txt,2026-12-27,"Install instrument air tubing stubs and manifolds, takeoffs from 2""-P-2301-A6A in progress, 22 nos out of 28 achieved",INS-IMP-1390,exact,,instrumentation,train
dpr_day_23.txt,2026-12-27,"Install pressure transmitters transmitter to the pressure transmitter, Unit 1, finished 4 Dec, JMR raised",INS-FIT-1391,exact,2026-12-04,instrumentation,train
dpr_day_23.txt,2026-12-27,"Fire and gas detection system function test in progress, 10 nos out of 32 achieved",INS-CMS-1541,exact,,instrumentation,train
dpr_day_23.txt,2026-12-27,Instrument loops certified (RFSI) started 24 Dec,INS-MS-1543,exact,2026-12-24,instrumentation,train
dpr_day_23.txt,2026-12-27,"Loop check, Unit 2 loops progressing at the 1 location as of 27/Dec/2026",INS-CHK-1406,near_miss,2026-12-27,instrumentation,train
dpr_day_23.txt,2026-12-27,"Install ESD valve solenoids and actuation hook-up, blowdown headers 6""-P-1302-A6A — 6 nos out of 10 done",INS-IMP-1399,exact,,instrumentation,train
dpr_day_23.txt,2026-12-27,"Install fire and gas detectors, wellhead and manifold completed 2026-12-04",INS-FIT-1400,exact,2026-12-04,instrumentation,test
dpr_day_23.txt,2026-12-27,Crew deployed on Integrated ESD and blowdown function test,INS-CHK-1542,exact,,instrumentation,train
dpr_day_23.txt,2026-12-27,"Crew deployed on Calibrate transmitters and switches, workshop bench",INS-CAL-1405,exact,,instrumentation,train
dpr_day_23.txt,2026-12-27,"RFSU Unit 1 in progress, about 77% complete, as of 2026-12-26",HSE-HDO-1554,exact,2026-12-26,hse,test
dpr_day_23.txt,2026-12-27,"Compilation of handover dossiers and O&M manuals in progress, about 56% complete",HSE-DOC-1552,exact,,hse,train
dpr_day_23.txt,2026-12-27,"As-built markup verification and red-line transfer in progress, about 63% complete",HSE-DOC-1551,exact,,hse,train
dpr_day_23.txt,2026-12-27,Pre-startup safety review (PSSR) walkthrough — completed on 24 Dec,HSE-PSC-1550,exact,2026-12-24,hse,train
dpr_day_23.txt,2026-12-27,"Operations training and familiarization, OIL staff, 14 nos out of 24 complete so far",HSE-TRN-1553,exact,,hse,test
dpr_day_23.txt,2026-12-27,Transporter detention charges under discussion with logistics,NO_MATCH,no_match,,,train
dpr_day_23.txt,2026-12-27,Fog delayed the morning shift start by two hours,NO_MATCH,no_match,,,train
dpr_day_24.txt,2027-01-11,"Install restriction orifice spools and sampling connections, Unit 1 — closed out this week",PIP-INS-1319,exact,,piping,train
dpr_day_24.txt,2027-01-11,"Erect the twenty four inch, gas service, 1 manifold portion only, balance still open",PIP-ERC-1315,near_miss,,piping,train
dpr_day_24.txt,2027-01-11,"First crude transfer to TK-2101 — progress slow, 37% only",STA-MS-1556,exact,,static_equipment,test
dpr_day_24.txt,2027-01-11,"72-hour integrated reliability run, process train completed 08/Jan/2027",STA-RUN-1527,exact,2027-01-08,static_equipment,train
dpr_day_24.txt,2027-01-11,"Cause and effect testing, ESD shutdown matrix held up, awaiting client RFI clearance",INS-CHK-1409,exact,,instrumentation,train
dpr_day_24.txt,2027-01-11,"Install fire and gas detectors, wellhead and manifold completed 04/12/2026",INS-FIT-1400,exact,2026-12-04,instrumentation,train
dpr_day_24.txt,2027-01-11,"Install instrument air tubing stubs and manifolds, takeoffs from the two inch line ongoing",INS-IMP-1390,exact,,instrumentation,train
dpr_day_24.txt,2027-01-11,"Install pressure transmitters PT-1101 to PT-1114, Unit 1 (PT-1101) — 10 nos out of 14 done, as of 10/Jan/2027",INS-FIT-1391,exact,2027-01-10,instrumentation,train
dpr_day_24.txt,2027-01-11,"Calibrate transmitters and switches, workshop bench completed 12 Dec 2026",INS-CAL-1405,exact,2026-12-12,instrumentation,train
dpr_day_24.txt,2027-01-11,Crew deployed on Integrated ESD and blowdown function test,INS-CHK-1542,exact,,instrumentation,train
dpr_day_24.txt,2027-01-11,Fire and gas detection system function test started this morning,INS-CMS-1541,exact,,instrumentation,test
dpr_day_24.txt,2027-01-11,"Crew deployed on Loop check, Unit 1 loops L-1101 to L-1128",INS-CHK-1406,exact,,instrumentation,test
dpr_day_24.txt,2027-01-11,Instrument loops certified (RFSI) started yesterday,INS-MS-1543,exact,2027-01-10,instrumentation,train
dpr_day_24.txt,2027-01-11,RFSU Unit 2 closed out 2027-02-04,HSE-HDO-1555,exact,2027-02-04,hse,train
dpr_day_24.txt,2027-01-11,Provisional handover to Operations — completed on 27 Feb,HSE-HDO-1557,exact,2027-02-27,hse,dev
dpr_day_24.txt,2027-01-11,"Operations training and familiarization, OIL staff started 11 Jan 2027",HSE-TRN-1553,exact,2027-01-11,hse,train
dpr_day_24.txt,2027-01-11,RFSU Unit 2 progressing at the 1 location as of 10/01/2027,HSE-HDO-1554,near_miss,2027-01-10,hse,test
dpr_day_24.txt,2027-01-11,Pre-startup safety review (PSSR) walkthrough taken up at site,HSE-PSC-1550,exact,,hse,test
dpr_day_24.txt,2027-01-11,Welder qualification tests conducted for four new welders,NO_MATCH,no_match,,,test
dpr_day_24.txt,2027-01-11,Vendor representative for the compressor arrives next Tuesday,NO_MATCH,no_match,,,dev
dpr_day_24.txt,2027-01-11,Housekeeping drive carried out across all work fronts,NO_MATCH,no_match,,,train
dpr_day_25.txt,2027-01-24,"72-hour integrated reliability run, process train — 1 nos out of 1 done",STA-RUN-1527,exact,,static_equipment,train
dpr_day_25.txt,2027-01-24,"First crude transfer to TK-2101 held up, awaiting client RFI clearance",STA-MS-1556,exact,,static_equipment,test
dpr_day_25.txt,2027-01-24,"Install fire and gas detectors, wellhead and manifold, 9 nos out of 32 complete so far",INS-FIT-1400,exact,,instrumentation,test
dpr_day_25.txt,2027-01-24,"Loop check, Unit 1 loops L-1101 to L-1128 in progress, 12 nos out of 28 achieved",INS-CHK-1406,exact,,instrumentation,train
dpr_day_25.txt,2027-01-24,Fire and gas detection system function test — closed out this week,INS-CMS-1541,exact,,instrumentation,train
dpr_day_25.txt,2027-01-24,"Install instrument air tubing stubs and manifolds, takeoffs from 2""-P-2301-A6A — completed on 2 Dec",INS-IMP-1390,exact,2026-12-02,instrumentation,train
dpr_day_25.txt,2027-01-24,Integrated ESD and blowdown function test completed 2027-01-03,INS-CHK-1542,exact,2027-01-03,instrumentation,train
dpr_day_25.txt,2027-01-24,"Cause and effect testing, ESD shutdown matrix closed out 29/Dec/2026",INS-CHK-1409,exact,2026-12-29,instrumentation,train
dpr_day_25.txt,2027-01-24,Work front opened for Instrument loops certified (RFSI) on 22 Jan,INS-MS-1543,exact,2027-01-22,instrumentation,train
dpr_day_25.txt,2027-01-24,"Install pressure transmitters PT-1101 to PT-1114, Unit 1, tag PT-1101 delayed by 5 days, crane availability",INS-FIT-1391,exact,,instrumentation,train
dpr_day_25.txt,2027-01-24,"Calibrate transmitters and switches, workshop bench, 32 nos out of 60 complete so far",INS-CAL-1405,exact,,instrumentation,test
dpr_day_25.txt,2027-01-24,"Punchlist closure, category A and B items stopped, material shortage at store",HSE-PUN-1558,exact,,hse,train
dpr_day_25.txt,2027-01-24,As-built drawing submission and document close-out to OIL — completed on 03/Mar/2027,HSE-DOC-1559,exact,2027-03-03,hse,train
dpr_day_25.txt,2027-01-24,"Provisional handover to Operations, finished 27 Feb, JMR raised",HSE-HDO-1557,exact,2027-02-27,hse,dev
dpr_day_25.txt,2027-01-24,"Operations training and familiarization, OIL staff is done and signed off",HSE-TRN-1553,exact,,hse,train
dpr_day_25.txt,2027-01-24,"Pre-startup safety review (PSSR) walkthrough in progress, 1 nos out of 1 achieved",HSE-PSC-1550,exact,,hse,train
dpr_day_25.txt,2027-01-24,RFSU Unit 2 completed 2027-02-04,HSE-HDO-1555,exact,2027-02-04,hse,dev
dpr_day_25.txt,2027-01-24,"RFSU Unit 2 — this is the 1 one, 58% done",HSE-HDO-1554,near_miss,,hse,train
dpr_day_25.txt,2027-01-24,"Rework of the guardhouse plinth after client comment, VO pending",NO_MATCH,no_match,,,train
dpr_day_25.txt,2027-01-24,Site ambulance serviced and returned to standby,NO_MATCH,no_match,,,train
dpr_day_26.txt,2027-02-05,"72-hour integrated reliability run, process train — progress slow, 34% only",STA-RUN-1527,exact,,static_equipment,train
dpr_day_26.txt,2027-02-05,"Instrument loops certified (RFSI) in progress, about 74% complete. labour kam tha aaj",INS-MS-1543,exact,,instrumentation,test
dpr_day_26.txt,2027-02-05,"Loop check, Unit 2 loops, 1 portion only, balance still open",INS-CHK-1406,near_miss,,instrumentation,train
dpr_day_26.txt,2027-02-05,"Cause and effect testing, ESD shutdown matrix — completed on 29 Dec 2026",INS-CHK-1409,exact,2026-12-29,instrumentation,train
dpr_day_26.txt,2027-02-05,"calibrate transmitters and switches, workshop bench — 37 nos out of 60 done",INS-CAL-1405,exact,,instrumentation,dev
dpr_day_26.txt,2027-02-05,"crew deployed on install pressure transmitters pt-1101 to pt-1114, unit 1, tag pt-1101",INS-FIT-1391,exact,,instrumentation,dev
dpr_day_26.txt,2027-02-05,"install fire and gas detectors, wellhead and manifold — closed out this week",INS-FIT-1400,exact,,instrumentation,dev
dpr_day_26.txt,2027-02-05,"Fire and gas detection system function test stopped, material shortage at store. aaj shuru kiya",INS-CMS-1541,exact,,instrumentation,dev
dpr_day_26.txt,2027-02-05,integrated esd and blowdown function test completed 3 jan,INS-CHK-1542,exact,2027-01-03,instrumentation,test
dpr_day_26.txt,2027-02-05,"install instrument air tubing stubs and manifolds, takeoffs from the two inch line in progress, 15 nos out of 28 achieved. baaki kal karenge",INS-IMP-1390,exact,,instrumentation,train
dpr_day_26.txt,2027-02-05,As-built drawing submission and document close-out to OIL — completed on 3 Mar,HSE-DOC-1559,exact,2027-03-03,hse,test
dpr_day_26.txt,2027-02-05,"Operations training and familiarization, OIL staff held up, awaiting client RFI clearance. labour kam tha aaj",HSE-TRN-1553,exact,,hse,train
dpr_day_26.txt,2027-02-05,"Punchlist closure, category A and B items in progress, 25 nos out of 38 achieved, as of 5 Feb",HSE-PUN-1558,exact,2027-02-05,hse,test
dpr_day_26.txt,2027-02-05,"Provisional handover to Operations in progress, about 63% complete, as of 2027-02-03",HSE-HDO-1557,exact,2027-02-03,hse,dev
dpr_day_26.txt,2027-02-05,"RFSU Unit 2, 1 portion only, balance still open",HSE-HDO-1554,near_miss,,hse,train
dpr_day_26.txt,2027-02-05,Pre-startup safety review (PSSR) walkthrough — completed on 24/12/2026,HSE-PSC-1550,exact,2026-12-24,hse,test
dpr_day_26.txt,2027-02-05,"RFSU Unit 1 — this is the 2 one, 20% done",HSE-HDO-1555,near_miss,,hse,dev
dpr_day_26.txt,2027-02-05,"High wind warning issued, crane operations suspended",NO_MATCH,no_match,,,test
dpr_day_26.txt,2027-02-05,"Client requested additional bollards near the gatehouse, not in contract scope",NO_MATCH,no_match,,,train
dpr_day_27.txt,2027-02-19,"Crew deployed on 72-hour integrated reliability run, process train",STA-RUN-1527,exact,,static_equipment,train
dpr_day_27.txt,2027-02-19,First crude transfer to the storage tank — closed out this week,STA-MS-1556,exact,,static_equipment,train
dpr_day_27.txt,2027-02-19,"Loop check, Unit 2 loops progressing at the 1 location as of 2027-02-18",INS-CHK-1406,near_miss,2027-02-18,instrumentation,train
dpr_day_27.txt,2027-02-19,Crew deployed on Integrated ESD and blowdown function test,INS-CHK-1542,exact,,instrumentation,train
dpr_day_27.txt,2027-02-19,"Instrument loops certified (RFSI) in progress, about 64% complete, as of 17 Feb",INS-MS-1543,exact,2027-02-17,instrumentation,train
dpr_day_27.txt,2027-02-19,"Calibrate transmitters and switches, workshop bench closed out 12/12/2026",INS-CAL-1405,exact,2026-12-12,instrumentation,train
dpr_day_27.txt,2027-02-19,"PT-1101 — Install pressure transmitters PT-1101 to PT-1114, Unit 1 — closed out this week",INS-FIT-1391,exact,,instrumentation,test
dpr_day_27.txt,2027-02-19,"Fire and gas detection system function test, 20 nos out of 32 complete so far, as of 2027-02-18",INS-CMS-1541,exact,2027-02-18,instrumentation,test
dpr_day_27.txt,2027-02-19,"Cause and effect testing, ESD shutdown matrix — 11 nos out of 14 done",INS-CHK-1409,exact,,instrumentation,train
dpr_day_27.txt,2027-02-19,"Install instrument air tubing stubs and manifolds, takeoffs from the two inch line closed out 02/12/2026",INS-IMP-1390,exact,2026-12-02,instrumentation,train
dpr_day_27.txt,2027-02-19,"Install fire and gas detectors, wellhead and manifold completed 4 Dec",INS-FIT-1400,exact,2026-12-04,instrumentation,train
dpr_day_27.txt,2027-02-19,Crew deployed on As-built drawing submission and document close-out to OIL,HSE-DOC-1559,exact,,hse,train
dpr_day_27.txt,2027-02-19,"Punchlist closure, category A and B items completed",HSE-PUN-1558,exact,,hse,train
dpr_day_27.txt,2027-02-19,Provisional handover to Operations ongoing,HSE-HDO-1557,exact,,hse,train
dpr_day_27.txt,2027-02-19,Pre-startup safety review (PSSR) walkthrough started 19/02/2027,HSE-PSC-1550,exact,2027-02-19,hse,train
dpr_day_27.txt,2027-02-19,RFSU Unit 2 completed 4 Feb,HSE-HDO-1555,exact,2027-02-04,hse,test
dpr_day_27.txt,2027-02-19,"Operations training and familiarization, OIL staff ongoing",HSE-TRN-1553,exact,,hse,train
dpr_day_27.txt,2027-02-19,"RFSU Unit 2 — this is the 1 one, 82% done",HSE-HDO-1554,near_miss,,hse,train
dpr_day_27.txt,2027-02-19,Concrete mix design approval received from the consultant,NO_MATCH,no_match,,,train
dpr_day_27.txt,2027-02-19,"Two 40-ton trailers arrived at the gate, unloading tomorrow morning",NO_MATCH,no_match,,,dev
dpr_day_27.txt,2027-02-19,Weighbridge calibration certificate received from the vendor,NO_MATCH,no_match,,,train
dpr_day_28.txt,2027-03-06,First crude transfer to TK-2101 — completed on 22/Feb/2027,STA-MS-1556,exact,2027-02-22,static_equipment,train
dpr_day_28.txt,2027-03-06,"72-hour integrated reliability run, process train closed out 8 Jan",STA-RUN-1527,exact,2027-01-08,static_equipment,test
dpr_day_28.txt,2027-03-06,"Cause and effect testing, ESD shutdown matrix, finished 29 Dec, JMR raised",INS-CHK-1409,exact,2026-12-29,instrumentation,train
dpr_day_28.txt,2027-03-06,Integrated ESD and blowdown function test — commenced 03/Mar/2027,INS-CHK-1542,exact,2027-03-03,instrumentation,train
dpr_day_28.txt,2027-03-06,Work front opened for Instrument loops certified (RFSI) on 2027-03-06,INS-MS-1543,exact,2027-03-06,instrumentation,test
dpr_day_28.txt,2027-03-06,"Loop check, Unit 1 loops L-1101 to L-1128 under way at the work front",INS-CHK-1406,exact,,instrumentation,train
dpr_day_28.txt,2027-03-06,"Calibrate transmitters and switches, workshop bench, 37 nos out of 60 complete so far",INS-CAL-1405,exact,,instrumentation,train
dpr_day_28.txt,2027-03-06,"Crew deployed on Install fire and gas detectors, wellhead and manifold",INS-FIT-1400,exact,,instrumentation,dev
dpr_day_28.txt,2027-03-06,"Install instrument air tubing stubs and manifolds, takeoffs from 2""-P-2301-A6A closed out 02/12/2026",INS-IMP-1390,exact,2026-12-02,instrumentation,train
dpr_day_28.txt,2027-03-06,"Install pressure transmitters PT-1101 to PT-1114, Unit 1 (PT-1101) — progress slow, 30% only",INS-FIT-1391,exact,,instrumentation,train
dpr_day_28.txt,2027-03-06,Fire and gas detection system function test started 3 Mar,INS-CMS-1541,exact,2027-03-03,instrumentation,dev
dpr_day_28.txt,2027-03-06,RFSU Unit 1 started 2027-03-03,HSE-HDO-1554,exact,2027-03-03,hse,dev
dpr_day_28.txt,2027-03-06,"As-built drawing submission and document close-out to OIL delayed by 2 days, crane availability",HSE-DOC-1559,exact,,hse,dev
dpr_day_28.txt,2027-03-06,Pre-startup safety review (PSSR) walkthrough closed out 2026-12-24,HSE-PSC-1550,exact,2026-12-24,hse,train
dpr_day_28.txt,2027-03-06,"Operations training and familiarization, OIL staff — commenced 5 Mar",HSE-TRN-1553,exact,2027-03-05,hse,train
dpr_day_28.txt,2027-03-06,"Punchlist closure, category A and B items completed 01/Mar/2027",HSE-PUN-1558,exact,2027-03-01,hse,dev
dpr_day_28.txt,2027-03-06,Provisional handover to Operations closed out 27 Feb 2027,HSE-HDO-1557,exact,2027-02-27,hse,test
dpr_day_28.txt,2027-03-06,"RFSU Unit 1 — this is the 2 one, 50% done",HSE-HDO-1555,near_miss,,hse,train
dpr_day_28.txt,2027-03-06,"Near miss reported: dropped spanner at the rack, no injury",NO_MATCH,no_match,,,train
dpr_day_28.txt,2027-03-06,"Rework of the guardhouse plinth after client comment, VO pending",NO_MATCH,no_match,,,train
dpr_day_29.txt,2027-03-12,"Precast drain construction, Unit 1 wellhead periphery completed 15 Apr",CIV-DRA-1014,exact,2026-04-15,civil,train
dpr_day_29.txt,2027-03-12,"Culvert placement at road crossing, Unit 1 approach closed out 21 Apr",CIV-DRA-1015,exact,2026-04-21,civil,test
dpr_day_29.txt,2027-03-12,Excavation for foundations V-1101/V-1201 and plinths WHP-1101/WHP-1102 — commenced 11 Mar,CIV-EXC-1100,exact,2027-03-11,civil,train
dpr_day_29.txt,2027-03-12,"Excavation for foundations the separator vessel and the wellhead control panel, Unit 2, 390 of 580 m3 complete so far",CIV-EXC-1115,exact,,civil,train
dpr_day_29.txt,2027-03-12,"Anchor bolt template survey and setting, the separator vessel, 7 nos out of 16 complete so far, as of 12/Mar/2027",CIV-FDN-1108,exact,2027-03-12,civil,dev
dpr_day_29.txt,2027-03-12,"Foundation for wellhead control panel, Unit 2 — commenced 11 Mar",CIV-FDN-1116,exact,2027-03-11,civil,test
dpr_day_29.txt,2027-03-12,"Grouting, the separator vessel skid, 1 of 1 m3 complete so far",CIV-FDN-1119,exact,,civil,train
dpr_day_29.txt,2027-03-12,"Isolated foundations, manifold block valves the unit to in progress, 17 of 42 m3 achieved, as of 11 Mar 2027",CIV-FDN-1125,exact,2027-03-11,civil,train
dpr_day_29.txt,2027-03-12,"Flare stack foundation and guy anchor blocks, the flare stack — commenced 10 Mar",CIV-FDN-1126,exact,2027-03-10,civil,train
dpr_day_29.txt,2027-03-12,"Sleeper and column footings, pipe rack Module 1 — completed on 24/04/2026",CIV-FDN-1165,exact,2026-04-24,civil,train
dpr_day_29.txt,2027-03-12,"Firewater underground tie-ins and hydrant branches, ring main the ten inch line taken up at site",PIP-ERC-1352,exact,,piping,train
dpr_day_29.txt,2027-03-12,"Oily water sewer the six inch line, tank farm to the oily water sewer completed",PIP-UGS-1155,exact,,piping,train
dpr_day_29.txt,2027-03-12,"Hydrotest firewater main the ten inch line, Manifold to Unit 1 section, finished 14/Apr/2026, JMR raised",PIP-UGS-1172,exact,2026-04-14,piping,train
dpr_day_29.txt,2027-03-12,"Hydrotest firewater main the ten inch line, Unit 1 to Unit 2 section delayed by 3 days, crane availability",PIP-UGS-1173,exact,,piping,dev
dpr_day_29.txt,2027-03-12,"Erect flare stack FST-1301, guys tensioned (FST-1301), 1 nos out of 1 complete so far, as of 11/03/2027",STA-FLR-1221,exact,2027-03-11,static_equipment,train
civil_progress.xlsx,2027-03-12,Control building blockwork and roofing — completed 2026-06-01,CIV-BLD-1161,exact,2026-06-01,civil,train
civil_progress.xlsx,2027-03-12,"Cut and fill to formation level, well pad Unit 2 — completed 21/Mar/2026",CIV-EXC-1004,exact,2026-03-21,civil,test
civil_progress.xlsx,2027-03-12,"Excavate unsuitable material, Unit 1 pad — completed 2026-03-23",CIV-EXC-1005,exact,2026-03-23,civil,train
civil_progress.xlsx,2027-03-12,"Bulk excavation, Unit 2 wellhead cellar — completed 2026-03-31",CIV-EXC-1020,exact,2026-03-31,civil,train
civil_progress.xlsx,2027-03-12,"Excavation for flare pit and burn area, manifold south — completed 28/Mar/2026",CIV-EXC-1030,exact,2026-03-28,civil,train
civil_progress.xlsx,2027-03-12,"Rock breaking and muck disposal, flare stack base FST-1301",CIV-EXC-1031,exact,,civil,dev
civil_progress.xlsx,2027-03-12,"Approach road widening, OIL main gate to site (Ch 0-400) — completed 2026-03-20",CIV-EXC-1049,exact,2026-03-20,civil,test
civil_progress.xlsx,2027-03-12,"Shuttering and concreting M25, separator foundation V-1101 [V-1101] — completed 2026-05-04",CIV-FDN-1103,exact,2026-05-04,civil,train
civil_progress.xlsx,2027-03-12,"7-day wet cure, separator foundation V-1101 [V-1101] — completed 2026-05-11",CIV-FDN-1104,exact,2026-05-11,civil,train
civil_progress.xlsx,2027-03-12,"Wellhead plinth concreting, WHP-1101 and WHP-1102 — completed 2026-04-30",CIV-FDN-1110,exact,2026-04-30,civil,train
civil_progress.xlsx,2027-03-12,"Separator foundation, reinforcement and pour, V-2101 [V-2101] — completed 23/Apr/2026",CIV-FDN-1117,exact,2026-04-23,civil,dev
civil_progress.xlsx,2027-03-12,"Ring wall foundation, storage tank TK-2101 — completed 2026-04-22",CIV-FDN-1150,exact,2026-04-22,civil,test
civil_progress.xlsx,2027-03-12,"Dyke wall construction, tank farm bund — completed 30/Apr/2026",CIV-FDN-1154,exact,2026-04-30,civil,dev
civil_progress.xlsx,2027-03-12,"Transformer plinths and cable trenches, T-1 and T-2 — completed 2026-05-16",CIV-FDN-1162,exact,2026-05-16,civil,test
civil_progress.xlsx,2027-03-12,"Sleeper and column footings, pipe rack Module 1 — completed 24/Apr/2026",CIV-FDN-1165,exact,2026-04-24,civil,train
civil_progress.xlsx,2027-03-12,"Sleeper and column footings, pipe rack Module 2 — completed 01/05/2026",CIV-FDN-1166,exact,2026-05-01,civil,dev
civil_progress.xlsx,2027-03-12,"Sleeper and column footings, pipe rack Module 3 — completed 07/May/2026",CIV-FDN-1167,exact,2026-05-07,civil,test
civil_progress.xlsx,2027-03-12,"Place and compact selected fill, Unit 1 pad — completed 31/03/2026",CIV-FIL-1006,exact,2026-03-31,civil,test
civil_progress.xlsx,2027-03-12,"Proof roll and level survey, Unit 1 pad formation — completed 01/04/2026",CIV-FIL-1007,exact,2026-04-01,civil,train
civil_progress.xlsx,2027-03-12,"Chain-link fencing with posts, site perimeter — commenced 30/03/2026",CIV-FNC-1032,exact,2026-03-30,civil,train
civil_progress.xlsx,2027-03-12,"Gate installation, main and emergency exits — completed 18/Apr/2026",CIV-FNC-1033,exact,2026-04-18,civil,train
civil_progress.xlsx,2027-03-12,"Sub-grade preparation, internal access road Unit 1 — completed 2026-04-10",CIV-RDS-1010,exact,2026-04-10,civil,train
civil_progress.xlsx,2027-03-12,"Lay and compact WMM course, road U1 Ch 160-320 — completed 2026-04-22",CIV-RDS-1013,exact,2026-04-22,civil,test
civil_progress.xlsx,2027-03-12,"Topographic survey and grid establishment, well-site boundary — completed 07/03/2026",CIV-SRV-1001,exact,2026-03-07,civil,test
civil_progress.xlsx,2027-03-12,"Clearing and grubbing, well pad and approach road — completed 17/03/2026",CIV-SRV-1002,exact,2026-03-17,civil,train
civil_progress.xlsx,2027-03-12,"Bench marking and centre-line offsets, all areas — completed 12/Mar/2026",CIV-YRD-1054,exact,2026-03-12,civil,train
piping_progress.xlsx,2027-03-12,"Air blowing and drying, instrument air header — completed 11/11/2026",PIP-DRY-1515,exact,2026-11-11,piping,train
piping_progress.xlsx,2027-03-12,"Erect rack steel, Module 2 (Ch 40-80) — completed 20/06/2026",PIP-ERC-1301,exact,2026-06-20,piping,train
piping_progress.xlsx,2027-03-12,"Rack erection, Module 3 tier 1, flare header 18""-P-1301-B7A and utilit — completed 27/Jun/2026",PIP-ERC-1305,exact,2026-06-27,piping,dev
piping_progress.xlsx,2027-03-12,"Erect Line 24""-P-1001-A1A, Unit 2 rack — completed 2026-10-22",PIP-ERC-1311,exact,2026-10-22,piping,dev
piping_progress.xlsx,2027-03-12,"Erect line 16""-P-1002-A1A, gas service, Unit 1 manifold — completed 28/11/2026",PIP-ERC-1315,exact,2026-11-28,piping,train
piping_progress.xlsx,2027-03-12,"Erect line 12""-P-1003-A5A, test separator loop — completed 2026-10-24",PIP-ERC-1316,exact,2026-10-24,piping,train
piping_progress.xlsx,2027-03-12,"Erect flare header 18""-P-1301-B7A, manifold to KO drum — completed 01/09/2026",PIP-ERC-1330,exact,2026-09-01,piping,test
piping_progress.xlsx,2027-03-12,"Erect blowdown lines 6""-P-1302-A6A, wellhead SDVs — completed 2026-09-01",PIP-ERC-1333,exact,2026-09-01,piping,train
piping_progress.xlsx,2027-03-12,"Erect drain header 4""-P-1303-C5B, closed drain — completed 01/09/2026",PIP-ERC-1334,exact,2026-09-01,piping,train
piping_progress.xlsx,2027-03-12,"Suction and discharge piping, pumps P-1401A/B to manifold — completed 03/09/2026",PIP-ERC-1341,exact,2026-09-03,piping,train
piping_progress.xlsx,2027-03-12,"Install tank dewatering lines 3""-P-2104-C5B — completed 15/Jun/2026",PIP-ERC-1343,exact,2026-06-15,piping,train
piping_progress.xlsx,2027-03-12,"Shop fabrication, 24""-P-1001-A1A spools — completed 13/Oct/2026",PIP-FAB-1310,exact,2026-10-13,piping,train
piping_progress.xlsx,2027-03-12,"Flush, dry and reinstate, test packs 1-3 — completed 15/Nov/2026",PIP-FLS-1514,exact,2026-11-15,piping,test
piping_progress.xlsx,2027-03-12,"Pipe supports and guides, Unit 2 rack stretch [20""-P-2001-A1A] — completed 2026-10-29",PIP-HLT-1325,exact,2026-10-29,piping,test
piping_progress.xlsx,2027-03-12,"Hydrotest package 2, Unit 2 header 20""-P-2001-A1A — completed 12/11/2026",PIP-HYT-1511,exact,2026-11-12,piping,test
piping_progress.xlsx,2027-03-12,"Pneumatic leak test with nitrogen, flare header",PIP-HYT-1512,exact,,piping,train
piping_progress.xlsx,2027-03-12,"Install restriction orifice spools and sampling connections, Unit 1 — completed 28/11/2026",PIP-INS-1319,exact,2026-11-28,piping,train
piping_progress.xlsx,2027-03-12,"Chamber and catch pit construction, OWS outfall — completed 2026-04-23",PIP-UGS-1156,exact,2026-04-23,piping,test
piping_progress.xlsx,2027-03-12,"Trenching for firewater ring main 10""-P-1602-B1A, Unit 1 and manifold — completed 16/Apr/2026",PIP-UGS-1170,exact,2026-04-16,piping,train
piping_progress.xlsx,2027-03-12,"Hydrotest firewater main 10""-P-1602-B1A, Manifold to Unit 1 section — completed 2026-04-14",PIP-UGS-1172,exact,2026-04-14,piping,train
piping_progress.xlsx,2027-03-12,"Hydrotest firewater main 10""-P-1602-B1A, Unit 1 to Unit 2 section — completed 16/04/2026",PIP-UGS-1173,exact,2026-04-16,piping,train
piping_progress.xlsx,2027-03-12,"Backfill and compaction, firewater trench 10""-P-1602-B1A — completed 2026-04-21",PIP-UGS-1174,exact,2026-04-21,piping,train
piping_progress.xlsx,2027-03-12,"Firewater hydrant and monitor bases, ring main 10""-P-1602-B1A — completed 2026-04-17",PIP-UGS-1175,exact,2026-04-17,piping,train
piping_progress.xlsx,2027-03-12,"Field weld and NDT, crude header rack welds 1-18 — completed 2026-11-09",PIP-WLD-1313,exact,2026-11-09,piping,test
piping_progress.xlsx,2027-03-12,"Alloy weld and PMI, flare header, welds 20-31",PIP-WLD-1332,exact,,piping,dev
piping_progress.xlsx,2027-03-12,"Field welds and UT, tank farm manifold, welds 40-52 [12""-P-2101-A1A] — completed 19/Sep/2026",PIP-WLD-1344,exact,2026-09-19,piping,train
equipment_progress.xlsx,2027-03-12,"Load test, compressor package PK-2401 — completed 15/10/2026",STA-CMP-1525,exact,2026-10-15,static_equipment,train
equipment_progress.xlsx,2027-03-12,"Erect flare stack FST-1301, guys tensioned — completed 02/05/2026",STA-FLR-1221,exact,2026-05-02,static_equipment,train
equipment_progress.xlsx,2027-03-12,Set flare knockout drum V-1401 [V-1401] — completed 23/Apr/2026,STA-FLR-1222,exact,2026-04-23,static_equipment,train
equipment_progress.xlsx,2027-03-12,Install flare tip ignition panel and pilot lines [FST-1301] — completed 2026-05-06,STA-FLR-1224,exact,2026-05-06,static_equipment,train
equipment_progress.xlsx,2027-03-12,Flare pilot ignition and pilot line purge test [FST-1301] — completed 05/Nov/2026,STA-FLS-1526,exact,2026-11-05,static_equipment,train
equipment_progress.xlsx,2027-03-12,"Fit internals and demisters, V-2201 — completed 05/May/2026",STA-INT-1214,exact,2026-05-05,static_equipment,train
equipment_progress.xlsx,2027-03-12,"Set instrument air compressors, package PK-2401 — completed 2026-05-15",STA-MCH-1216,exact,2026-05-15,static_equipment,test
equipment_progress.xlsx,2027-03-12,"Alignment check and coupling, compressor PK-2401 to receiver — completed 19/May/2026",STA-MCH-1217,exact,2026-05-19,static_equipment,train
equipment_progress.xlsx,2027-03-12,Set crude transfer pumps P-1401A and P-1401B [P-1401A] — completed 28/05/2026,STA-MCH-1240,exact,2026-05-28,static_equipment,test
equipment_progress.xlsx,2027-03-12,"Alignment check, P-1401A/B couplings — completed 2026-05-29",STA-MCH-1241,exact,2026-05-29,static_equipment,test
equipment_progress.xlsx,2027-03-12,"Motor bump test, pumps P-1401A/B [P-1401A] — completed 2026-09-25",STA-ROT-1523,exact,2026-09-25,static_equipment,dev
equipment_progress.xlsx,2027-03-12,"Performance run, crude transfer pumps P-1401A/B — completed 2026-09-28",STA-ROT-1524,exact,2026-09-28,static_equipment,test
equipment_progress.xlsx,2027-03-12,"72-hour integrated reliability run, process train — completed 08/01/2027",STA-RUN-1527,exact,2027-01-08,static_equipment,train
equipment_progress.xlsx,2027-03-12,Rig and set glycol contactor V-1201 — completed 15/Jun/2026,STA-SET-1203,exact,2026-06-15,static_equipment,train
equipment_progress.xlsx,2027-03-12,"Set production manifold header assemblies, Unit 1, 16""-P-1002-A1A tie- — completed 09/May/2026",STA-SET-1204,exact,2026-05-09,static_equipment,test
equipment_progress.xlsx,2027-03-12,"Set fuel gas skid, utilities plinth U1",STA-SET-1207,exact,,static_equipment,dev
equipment_progress.xlsx,2027-03-12,"Set test separator V-2201, Unit 2 [V-2201] — completed 01/05/2026",STA-SET-1211,exact,2026-05-01,static_equipment,train
equipment_progress.xlsx,2027-03-12,"Set wellhead control panel skid WHCP-2101, Unit 2 [WHCP-2101] — completed 24/04/2026",STA-SET-1212,exact,2026-04-24,static_equipment,dev
equipment_progress.xlsx,2027-03-12,"Set chemical injection skids CS-2501 and CS-2502, wellhead U1/U2 [CS-2501] — completed 2026-07-02",STA-SET-1243,exact,2026-07-02,static_equipment,train
equipment_progress.xlsx,2027-03-12,"Monorail and davit erection, separator platforms — completed 16/Jun/2026",STA-SET-1244,exact,2026-06-16,static_equipment,train
equipment_progress.xlsx,2027-03-12,"Tank shell erection, courses 1-3, TK-2101 [TK-2101] — completed 05/06/2026",STA-TNK-1230,exact,2026-06-05,static_equipment,train
equipment_progress.xlsx,2027-03-12,"Shell course 3 and wind girder, TK-2101 [TK-2101] — completed 2026-06-04",STA-TNK-1232,exact,2026-06-04,static_equipment,train
equipment_progress.xlsx,2027-03-12,"Tank roof structure and fittings, TK-2101 [TK-2101] — completed 12/06/2026",STA-TNK-1233,exact,2026-06-12,static_equipment,train
equipment_progress.xlsx,2027-03-12,"Internal floating roof assembly, TK-2102 — completed 21/May/2026",STA-TNK-1235,exact,2026-05-21,static_equipment,test
equipment_progress.xlsx,2027-03-12,"Tank nozzles and manways fitting, TK-2101 and TK-2102 — completed 11/06/2026",STA-TNK-1236,exact,2026-06-11,static_equipment,train
equipment_progress.xlsx,2027-03-12,"Field welds, Unit 1 manifold spools, welds 1-12 — completed 11/05/2026",STA-WLD-1205,exact,2026-05-11,static_equipment,train
eni_progress.xlsx,2027-03-12,"Pull MV cable 11 kV, substation to transformer T-1 — commenced 2026-08-03",EL-CBL-1374,exact,2026-08-03,electrical,train
eni_progress.xlsx,2027-03-12,"Pull MV cable 11 kV, substation to transformer T-2 — completed 2026-08-11",EL-CBL-1375,exact,2026-08-11,electrical,dev
eni_progress.xlsx,2027-03-12,"Pull LV power cables, pump motors P-1401A/B [P-1401A] — completed 30/Jul/2026",EL-CBL-1376,exact,2026-07-30,electrical,test
eni_progress.xlsx,2027-03-12,"Pull LV power cables, wellhead panel WHCP-2101 feeders, Unit 2 — completed 11/07/2026",EL-CBL-1377,exact,2026-07-11,electrical,train
eni_progress.xlsx,2027-03-12,"Cable glanding, MCC-1 and MCC-2 feeders — completed 05/08/2026",EL-CBL-1383,exact,2026-08-05,electrical,test
eni_progress.xlsx,2027-03-12,"Core termination and lacing, MCC-1 and MCC-2 — completed 08/Aug/2026",EL-CBL-1384,exact,2026-08-08,electrical,dev
eni_progress.xlsx,2027-03-12,"Insulation resistance and hi-pot tests, MV cables to T-1 and T-2 — completed 28/09/2026",EL-ENS-1530,exact,2026-09-28,electrical,test
eni_progress.xlsx,2027-03-12,Protective relay setting and primary injection tests — completed 02/Oct/2026,EL-ENS-1531,exact,2026-10-02,electrical,train
eni_progress.xlsx,2027-03-12,"Earth grid and earthing pits, site-wide — completed 27/05/2026",EL-GRD-1378,exact,2026-05-27,electrical,train
eni_progress.xlsx,2027-03-12,"Lightning mast and down conductors, flare area — completed 07/May/2026",EL-GRD-1379,exact,2026-05-07,electrical,train
eni_progress.xlsx,2027-03-12,"Emergency lighting and exit signage, control building — completed 2026-07-21",EL-LTG-1381,exact,2026-07-21,electrical,train
eni_progress.xlsx,2027-03-12,"Install MCC panels and switchboard, substation room — completed 17/Jul/2026",EL-SWB-1373,exact,2026-07-17,electrical,train
eni_progress.xlsx,2027-03-12,"Install cable tray 450 mm, rack tier 3, Unit 2 stretch — completed 07/Jul/2026",EL-TRK-1361,exact,2026-07-07,electrical,dev
eni_progress.xlsx,2027-03-12,"Install cable tray and risers, substation building — completed 2026-06-11",EL-TRK-1370,exact,2026-06-11,electrical,dev
eni_progress.xlsx,2027-03-12,"Pull instrument cables, rack tier 2 to junction boxes JB-101 to JB-108 — completed 2026-09-03",INS-CBL-1396,exact,2026-09-03,instrumentation,train
eni_progress.xlsx,2027-03-12,"Loop check, Unit 1 loops L-1101 to L-1128 — completed 19/Dec/2026",INS-CHK-1406,exact,2026-12-19,instrumentation,dev
eni_progress.xlsx,2027-03-12,"Loop check, tank farm and utilities loops — completed 16/Nov/2026",INS-CHK-1408,exact,2026-11-16,instrumentation,train
eni_progress.xlsx,2027-03-12,"Revalidation of loop checks, post hydrotest — completed 2026-11-17",INS-CHK-1540,exact,2026-11-17,instrumentation,dev
eni_progress.xlsx,2027-03-12,"Install pressure transmitters PT-1101 to PT-1114, Unit 1 [PT-1101] — completed 2026-12-04",INS-FIT-1391,exact,2026-12-04,instrumentation,test
eni_progress.xlsx,2027-03-12,"Install level transmitters LT-1201 to LT-1206, separators [LT-1201] — commenced 17/Jun/2026",INS-FIT-1392,exact,2026-06-17,instrumentation,train
eni_progress.xlsx,2027-03-12,Install temperature elements TE-1301 to TE-1312 — completed 03/Nov/2026,INS-FIT-1393,exact,2026-11-03,instrumentation,dev
eni_progress.xlsx,2027-03-12,"Install flow meter elements FE-1401 to FE-1408, Unit 2 [FE-1401] — completed 2026-11-05",INS-FIT-1394,exact,2026-11-05,instrumentation,dev
eni_progress.xlsx,2027-03-12,"Install fire and gas detectors, wellhead and manifold — completed 2026-12-04",INS-FIT-1400,exact,2026-12-04,instrumentation,train
eni_progress.xlsx,2027-03-12,"Install ESD valve solenoids and actuation hook-up, blowdown headers 6"" — completed 21/11/2026",INS-IMP-1399,exact,2026-11-21,instrumentation,train
eni_progress.xlsx,2027-03-12,"Install junction boxes JB-101 to JB-108, field — completed 27/Aug/2026",INS-JBX-1395,exact,2026-08-27,instrumentation,train
eni_progress.xlsx,2027-03-12,Terminate field instruments at JB-101 to JB-108 — completed 2026-09-18,INS-TER-1398,exact,2026-09-18,instrumentation,train
hse_progress.xlsx,2027-03-12,As-built markup verification and red-line transfer — completed 26/Nov/2026,HSE-DOC-1551,exact,2026-11-26,hse,dev
hse_progress.xlsx,2027-03-12,Compilation of handover dossiers and O&M manuals — completed 02/12/2026,HSE-DOC-1552,exact,2026-12-02,hse,train
hse_progress.xlsx,2027-03-12,As-built drawing submission and document close-out to OIL — completed 12/03/2027,HSE-DOC-1559,exact,2027-03-12,hse,test
hse_progress.xlsx,2027-03-12,RFSU Unit 1 — completed 2027-01-04,HSE-HDO-1554,exact,2027-01-04,hse,train
hse_progress.xlsx,2027-03-12,RFSU Unit 2 — completed 04/Feb/2027,HSE-HDO-1555,exact,2027-02-04,hse,train
hse_progress.xlsx,2027-03-12,Provisional handover to Operations — completed 27/02/2027,HSE-HDO-1557,exact,2027-02-27,hse,train
hse_progress.xlsx,2027-03-12,Mechanical Completion Unit 1 — completed 31/10/2026,HSE-MS-1500,exact,2026-10-31,hse,train
hse_progress.xlsx,2027-03-12,Mechanical Completion Unit 2 — completed 09/11/2026,HSE-MS-1501,exact,2026-11-09,hse,train
hse_progress.xlsx,2027-03-12,"Mechanical Completion, Tank Farm and Utilities — completed 21/09/2026",HSE-MS-1502,exact,2026-09-21,hse,dev
hse_progress.xlsx,2027-03-12,Pre-startup safety review (PSSR) walkthrough — completed 24/12/2026,HSE-PSC-1550,exact,2026-12-24,hse,train
hse_progress.xlsx,2027-03-12,"Punchlist closure, category A and B items — completed 05/03/2027",HSE-PUN-1558,exact,2027-03-05,hse,train
hse_progress.xlsx,2027-03-12,"PESO statutory inspection, tanks TK-2101 and TK-2102 — completed 12/11/2026",HSE-REG-1544,exact,2026-11-12,hse,train
hse_progress.xlsx,2027-03-12,"PESO statutory inspection, flare system and pressure vessels V-1101/V- — completed 09/Nov/2026",HSE-REG-1545,exact,2026-11-09,hse,train
hse_progress.xlsx,2027-03-12,PCB consent and factory inspectorate compliance walkthrough — completed 13/Nov/2026,HSE-REG-1546,exact,2026-11-13,hse,train
hse_progress.xlsx,2027-03-12,"Safety signage and barricading, phase 1 work fronts — completed 20/03/2026",HSE-SGN-1043,exact,2026-03-20,hse,test
hse_progress.xlsx,2027-03-12,Establish emergency muster points and wind socks — completed 26/03/2026,HSE-SGN-1044,exact,2026-03-26,hse,train
hse_progress.xlsx,2027-03-12,Erection of temporary site office and stores — completed 16/03/2026,HSE-TMP-1040,exact,2026-03-16,hse,test
hse_progress.xlsx,2027-03-12,Install temporary water supply and septic facility — completed 23/03/2026,HSE-TMP-1041,exact,2026-03-23,hse,train
hse_progress.xlsx,2027-03-12,Temporary power distribution boards and cabling — completed 23/03/2026,HSE-TMP-1042,exact,2026-03-23,hse,dev
hse_progress.xlsx,2027-03-12,Fabrication shed and pipe yard establishment — completed 17/03/2026,HSE-TMP-1053,exact,2026-03-17,hse,dev
hse_progress.xlsx,2027-03-12,"Operations training and familiarization, OIL staff — completed 2026-12-27",HSE-TRN-1553,exact,2026-12-27,hse,train
dpr_day_15.txt,2026-09-15,"Work front opened for Fencing, approach road stretch on 25 Apr",CIV-FNC-1052,exact,2026-04-25,civil,train
dpr_day_03.txt,2026-04-01,"Place and compact selected fill, Unit 1 pad — 572 of 1900 m3 done, as of 2026-03-30",CIV-FIL-1006,exact,2026-03-30,civil,test
dpr_day_03.txt,2026-04-01,"Shuttering and concreting M25, separator foundation vessel completed 04/05/2026",CIV-FDN-1103,exact,2026-05-04,civil,train
dpr_day_03.txt,2026-04-01,"Fencing, approach road stretch completed 27 Apr",CIV-FNC-1052,exact,2026-04-27,civil,test
dpr_day_04.txt,2026-04-20,"Field welds, Unit 1 manifold spools, welds 1-12, finished 8 May 2026, JMR raised",STA-WLD-1205,exact,2026-05-08,static_equipment,dev
dpr_day_12.txt,2026-08-02,"Chain-link fencing with posts, site perimeter, 334 of 850 m complete so far, as of 2026-04-12",CIV-FNC-1032,exact,2026-04-12,civil,train
dpr_day_03.txt,2026-04-01,"Ring wall foundation, storage tank TK-2102 (TK-2102) — commenced 2026-04-23",CIV-FDN-1152,exact,2026-04-23,civil,dev
dpr_day_06.txt,2026-05-16,"Crew deployed on Set air receiver the separator vessel, utilities area",STA-SET-1215,exact,,static_equipment,dev
dpr_day_16.txt,2026-09-25,"Excavate unsuitable material, Unit 1 pad — completed on 20 Mar 2026",CIV-EXC-1005,exact,2026-03-20,civil,dev
dpr_day_10.txt,2026-07-06,"Load and fit internals and demisters, the separator vessel — 1 nos out of 1 done, as of 2026-05-13",STA-INT-1213,exact,2026-05-13,static_equipment,test
dpr_day_28.txt,2027-03-06,"Anti-termite treatment and PCC blinding, Unit 2 pad completed 4 Apr",CIV-FLR-1021,exact,2026-04-04,civil,train
dpr_day_10.txt,2026-07-06,"Bulk excavation, Unit 2 wellhead cellar — closed out this week",CIV-EXC-1020,exact,,civil,train
dpr_day_02.txt,2026-03-22,"Topographic survey and grid establishment, well-site boundary in progress, 3427 of 4800 m2 achieved",CIV-SRV-1001,exact,,civil,train
dpr_day_16.txt,2026-09-25,"Flush, dry and reinstate, test packs 1-3 in progress, 10 nos out of 12 achieved",PIP-FLS-1514,exact,,piping,dev
dpr_day_09.txt,2026-06-22,"Chain-link fencing with posts, site perimeter under way at the work front",CIV-FNC-1032,exact,,civil,test
dpr_day_08.txt,2026-06-11,"Work front opened for Approach road widening, OIL main gate to site (Ch 0-400) on 18 Mar 2026",CIV-EXC-1049,exact,2026-03-18,civil,train
dpr_day_17.txt,2026-10-07,"Cut and fill to formation level, well pad Unit 1 ongoing",CIV-EXC-1003,exact,,civil,dev
dpr_day_22.txt,2026-12-17,Flare pilot ignition and pilot line purge test — closed out this week,STA-FLS-1526,exact,,static_equipment,train
dpr_day_17.txt,2026-10-07,"Chamber and catch pit construction, OWS outfall, finished 2026-04-20, JMR raised",PIP-UGS-1156,exact,2026-04-20,piping,train
dpr_day_19.txt,2026-11-01,"Tank nozzles and manways fitting, the storage tank and closed out 11 Jun",STA-TNK-1236,exact,2026-06-11,static_equipment,train
dpr_day_18.txt,2026-10-21,"Cut and fill to formation level, well pad Unit 1, finished 30 Mar, JMR raised",CIV-EXC-1003,exact,2026-03-30,civil,train
dpr_day_10.txt,2026-07-06,"Monorail and davit erection, separator platforms — 1 nos out of 1 done, as of yesterday",STA-SET-1244,exact,2026-06-15,static_equipment,train
dpr_day_20.txt,2026-11-17,"Monorail and davit erection, separator platforms — 1 nos out of 1 done",STA-SET-1244,exact,,static_equipment,dev
dpr_day_15.txt,2026-09-15,"Roadside drain slabs, approach road stopped, material shortage at store",CIV-DRA-1051,exact,,civil,train
dpr_day_15.txt,2026-09-15,"Tank shell erection, courses 1-3, the storage tank — closed out this week",STA-TNK-1230,exact,,static_equipment,dev
dpr_day_16.txt,2026-09-25,"Crew deployed on V-1101 — 7-day wet cure, separator foundation V-1101",CIV-FDN-1104,exact,,civil,train
dpr_day_13.txt,2026-08-19,"Chamber and catch pit construction, OWS outfall completed 20 Apr 2026",PIP-UGS-1156,exact,2026-04-20,piping,train
dpr_day_06.txt,2026-05-16,"Load and fit internals and demisters, the separator vessel — completed on 11/May/2026",STA-INT-1213,exact,2026-05-11,static_equipment,dev
dpr_day_27.txt,2027-02-19,"Sleeper and column footings, pipe rack Module 1 completed 2026-04-22",CIV-FDN-1165,exact,2026-04-22,civil,train
dpr_day_15.txt,2026-09-15,Work front opened for Control building blockwork and roofing on 2026-05-30,CIV-BLD-1161,exact,2026-05-30,civil,test
dpr_day_20.txt,2026-11-17,"Oil-water separator pit civil works, OWS-2201 (OWS-2201) closed out 13/04/2026",CIV-FDN-1153,exact,2026-04-13,civil,train
dpr_day_02.txt,2026-03-22,"Shell courses 1-2, the storage tank stopped, material shortage at store",STA-TNK-1231,exact,,static_equipment,train
dpr_day_02.txt,2026-03-22,"Grouting, the separator vessel base ring — completed on 4 May 2026",CIV-FDN-1109,exact,2026-05-04,civil,train
dpr_day_05.txt,2026-05-02,"Alignment check, P-1401A/B couplings (P-1401A) in progress, 1 nos out of 2 achieved",STA-MCH-1241,exact,,static_equipment,train
dpr_day_23.txt,2026-12-27,"Erect line 16""-P-1002-A1A, gas service, Unit 1 manifold in progress, 37 of 54 m achieved",PIP-ERC-1315,exact,,piping,dev
dpr_day_08.txt,2026-06-11,"Work front opened for Kerbing around wellhead cellars, Unit 1 on 4 May",CIV-FDN-1111,exact,2026-05-04,civil,train
dpr_day_27.txt,2027-02-19,"Field welds and UT, tank farm manifold, welds 40-52 — commenced 17 Sep",PIP-WLD-1344,exact,2026-09-17,piping,train
dpr_day_17.txt,2026-10-07,"Lay and compact WMM course, road U1 Ch 160-320 — closed out this week",CIV-RDS-1013,exact,,civil,test
dpr_day_08.txt,2026-06-11,"Water fill and calibration strapping, the storage tank — 433 of 1010 m3 done, as of 21 Sep",STA-DRY-1522,exact,2026-09-21,static_equipment,dev
dpr_day_07.txt,2026-05-30,"Work front opened for Transformer plinths and cable trenches, the transformer and on 2026-05-15",CIV-FDN-1162,exact,2026-05-15,civil,train
dpr_day_01.txt,2026-03-11,"Sleeper and column footings, pipe rack Module 1, finished 20 Apr, JMR raised",CIV-FDN-1165,exact,2026-04-20,civil,train
dpr_day_15.txt,2026-09-15,"Transformer plinths and cable trenches, the transformer and is done and signed off",CIV-FDN-1162,exact,,civil,train
dpr_day_09.txt,2026-06-22,"Place and compact selected fill, Unit 1 pad, 1612 of 1900 m3 complete so far, as of 29/03/2026",CIV-FIL-1006,exact,2026-03-29,civil,dev
dpr_day_22.txt,2026-12-17,"Erect 12""-P-2102-A1A, TK-2102 manifold tie-in — 19 of 33 m done",PIP-ERC-1342,exact,,piping,train
dpr_day_10.txt,2026-07-06,"Motor mounting and bolt torque, P-1401A/B, tag P-1401A ongoing",STA-MCH-1242,exact,,static_equipment,train
dpr_day_02.txt,2026-03-22,Rig and set vertical the separator vessel on foundation is done and signed off,STA-SET-1201,exact,,static_equipment,test
