source,source_date,raw_mention,activity_id,match_type,mention_date,discipline,split,near_miss_kind,missing_discriminator,confusable_with
dpr_day_01.txt,2026-03-11,"Work front opened for Roadside drain slabs, approach road on 14 Mar 2026",CIV-DRA-1051,exact,2026-03-14,civil,train,,,
dpr_day_01.txt,2026-03-11,"Clearing and grubbing, well pad and approach road completed 9 Mar",CIV-SRV-1002,exact,2026-03-09,civil,train,,,
dpr_day_01.txt,2026-03-11,"Approach road widening, OIL main gate to site (Ch 0-400) in progress, 246 of 400 lm achieved",CIV-EXC-1049,exact,,civil,dev,,,
dpr_day_01.txt,2026-03-11,"Work front opened for Bench marking and centre-line offsets, all areas on 2026-03-10",CIV-YRD-1054,exact,2026-03-10,civil,train,,,
dpr_day_01.txt,2026-03-11,"Topographic survey and grid establishment, well-site boundary — 3921 of 4800 m2 done",CIV-SRV-1001,exact,,civil,train,,,
dpr_day_01.txt,2026-03-11,"Cut and fill to formation level, well pad Unit 2 ongoing",CIV-EXC-1004,exact,,civil,train,,,
dpr_day_01.txt,2026-03-11,Erection of temporary site office and stores ongoing,HSE-TMP-1040,exact,,hse,dev,,,
dpr_day_01.txt,2026-03-11,Fabrication shed and pipe yard establishment started 12 Mar 2026,HSE-TMP-1053,exact,2026-03-12,hse,dev,,,
dpr_day_01.txt,2026-03-11,"Crew working on Set and terminate transformer, 11/0.433 kV, as of 8 Mar 2026",EL-TRF-1372,near_miss,2026-03-08,electrical,test,discriminator_omitted,1 / 2,EL-TRF-1371
dpr_day_01.txt,2026-03-11,"Progressed the V-1201 scope today, 76% complete",CIV-FDN-1107,near_miss,,civil,test,shared_tag,which activity on V-1201,CIV-FDN-1108|CIV-FDN-1109|STA-SET-1203
dpr_day_01.txt,2026-03-11,"TK-2102 — crew on site, progress steady, as of 8 Mar",STA-DRY-1522,near_miss,2026-03-08,static_equipment,train,shared_tag,which activity on TK-2102,CIV-FDN-1152|STA-TNK-1234|STA-TNK-1235
dpr_day_01.txt,2026-03-11,"18""-P-1301-B7A — crew on site, progress steady, as of 9 Mar",PIP-ERC-1330,near_miss,2026-03-09,piping,dev,shared_tag,"which activity on 18""-P-1301-B7A",PIP-HYT-1512
dpr_day_01.txt,2026-03-11,"20""-P-2001-A1A — crew on site, progress steady",PIP-ERC-1321,near_miss,,piping,train,shared_tag,"which activity on 20""-P-2001-A1A",PIP-HLT-1325
dpr_day_01.txt,2026-03-11,"Crew working on Mechanical Completion Unit 2, as of 10/03/2026",HSE-MS-1501,near_miss,2026-03-10,hse,dev,discriminator_omitted,1 / 2,HSE-MS-1500
dpr_day_01.txt,2026-03-11,"NCR raised by the client on concrete cube results, under review",NO_MATCH,no_match,,,train,,,
dpr_day_01.txt,2026-03-11,Night shift cancelled due to lighting tower breakdown,NO_MATCH,no_match,,,test,,,
dpr_day_01.txt,2026-03-11,"Snake sighting reported near the tank farm, area cordoned",NO_MATCH,no_match,,,test,,,
dpr_day_02.txt,2026-03-22,"BC course laying, approach road completed 23/03/2026",CIV-RDS-1050,exact,2026-03-23,civil,train,,,
dpr_day_02.txt,2026-03-22,"Cut and fill to formation level, well pad Unit 1 — progress slow, 55% only",CIV-EXC-1003,exact,,civil,train,,,
dpr_day_02.txt,2026-03-22,"Excavation for flare pit and burn area, manifold south, 336 of 720 m3 complete so far",CIV-EXC-1030,exact,,civil,train,,,
dpr_day_02.txt,2026-03-22,"Excavate unsuitable material, Unit 1 pad ongoing",CIV-EXC-1005,exact,,civil,train,,,
dpr_day_02.txt,2026-03-22,"Place and compact selected fill, Unit 1 pad completed 2026-03-25",CIV-FIL-1006,exact,2026-03-25,civil,train,,,
dpr_day_02.txt,2026-03-22,"Crusher fines laying, equipment laydown yard held up, awaiting client RFI clearance",CIV-YRD-1046,exact,,civil,train,,,
dpr_day_02.txt,2026-03-22,"Bulk excavation, Unit 2 wellhead cellar completed",CIV-EXC-1020,exact,,civil,train,,,
dpr_day_02.txt,2026-03-22,"Roadside drain slabs, approach road, 173 of 380 m complete so far",CIV-DRA-1051,exact,,civil,train,,,
dpr_day_02.txt,2026-03-22,"Approach road widening, OIL main gate to site (Ch 0-400) completed 20 Mar",CIV-EXC-1049,exact,2026-03-20,civil,dev,,,
dpr_day_02.txt,2026-03-22,"Clearing and grubbing, well pad and approach road in progress, 4435 of 6200 m2 achieved",CIV-SRV-1002,exact,,civil,train,,,
dpr_day_02.txt,2026-03-22,"Cut and fill to formation level, well pad Unit 2 stopped, material shortage at store",CIV-EXC-1004,exact,,civil,train,,,
dpr_day_02.txt,2026-03-22,"Bench marking and centre-line offsets, all areas ongoing",CIV-YRD-1054,exact,,civil,train,,,
dpr_day_02.txt,2026-03-22,"Temporary power distribution boards and cabling in progress, 1 nos out of 1 achieved, as of 22/Mar/2026",HSE-TMP-1042,exact,2026-03-22,hse,dev,,,
dpr_day_02.txt,2026-03-22,"Safety signage and barricading, phase 1 work fronts stopped, material shortage at store",HSE-SGN-1043,exact,,hse,test,,,
dpr_day_02.txt,2026-03-22,"Establish emergency muster points and wind socks in progress, 2 nos out of 4 achieved, as of 22/03/2026",HSE-SGN-1044,exact,2026-03-22,hse,dev,,,
dpr_day_02.txt,2026-03-22,Install temporary water supply and septic facility completed yesterday,HSE-TMP-1041,exact,2026-03-21,hse,test,,,
dpr_day_02.txt,2026-03-22,Fabrication shed and pipe yard establishment is done and signed off,HSE-TMP-1053,exact,,hse,dev,,,
dpr_day_02.txt,2026-03-22,Erection of temporary site office and stores closed out 16 Mar,HSE-TMP-1040,exact,2026-03-16,hse,dev,,,
dpr_day_02.txt,2026-03-22,"Work continuing on 10""-P-1602-B1A, about 32% done",PIP-UGS-1174,near_miss,,piping,test,shared_tag,"which activity on 10""-P-1602-B1A",PIP-UGS-1170|PIP-UGS-1171|PIP-UGS-1172|PIP-UGS-1173|PIP-UGS-1175|PIP-ERC-1352
dpr_day_02.txt,2026-03-22,"Erect rack steel, (Ch ) ongoing at site",PIP-ERC-1301,near_miss,,piping,train,discriminator_omitted,2 / 40 / 110 / 3,PIP-ERC-1302
dpr_day_02.txt,2026-03-22,"for firewater main and, balance to be completed next week",PIP-UGS-1170,near_miss,,piping,test,adjacent_sequence,1 / for / grp / joint / lay / manifold,PIP-UGS-1171|PIP-UGS-1172
dpr_day_02.txt,2026-03-22,"Crew working on Pull MV cable 11 kV, substation to transformer",EL-CBL-1375,near_miss,,electrical,test,discriminator_omitted,1 / 2,EL-CBL-1374
dpr_day_02.txt,2026-03-22,"Cut and fill to formation level, well, balance to be completed next week",CIV-EXC-1003,near_miss,,civil,train,discriminator_omitted,1 / 2,CIV-EXC-1004
dpr_day_02.txt,2026-03-22,"JB-101 — crew on site, progress steady",INS-TER-1398,near_miss,,instrumentation,dev,shared_tag,which activity on JB-101,INS-JBX-1395|INS-CBL-1396|INS-CBL-1397
dpr_day_02.txt,2026-03-22,"PPE stock replenished, 120 helmets received",NO_MATCH,no_match,,,train,,,
dpr_day_02.txt,2026-03-22,Third party inspection agency mobilised for weld review,NO_MATCH,no_match,,,train,,,
dpr_day_03.txt,2026-04-01,"Proof roll and level survey, Unit 1 pad formation completed 31 Mar 2026",CIV-FIL-1007,exact,2026-03-31,civil,test,,,
dpr_day_03.txt,2026-04-01,"Soil erosion protection jute matting, embankment slopes completed 28 Mar 2026",CIV-DRA-1055,exact,2026-03-28,civil,train,,,
dpr_day_03.txt,2026-04-01,"Anti-termite treatment and PCC blinding, Unit 2 pad is done and signed off",CIV-FLR-1021,exact,,civil,train,,,
dpr_day_03.txt,2026-04-01,"Sub-grade preparation, internal access road Unit 1, 243 of 320 lm complete so far",CIV-RDS-1010,exact,,civil,train,,,
dpr_day_03.txt,2026-04-01,"Rock breaking and muck disposal, flare stack base FST-1301 — closed out this week",CIV-EXC-1031,exact,,civil,test,,,
dpr_day_03.txt,2026-04-01,"Geotextile separation layer, Unit 2 pad started 3 Apr",CIV-FLR-1022,exact,2026-04-03,civil,train,,,
dpr_day_03.txt,2026-04-01,"Chain-link fencing with posts, site perimeter is done and signed off",CIV-FNC-1032,exact,,civil,train,,,
dpr_day_03.txt,2026-04-01,"Crusher fines laying, equipment laydown yard — completed on 27 Mar 2026",CIV-YRD-1046,exact,2026-03-27,civil,train,,,
dpr_day_03.txt,2026-04-01,"Bulk excavation, Unit 2 wellhead cellar — progress slow, 55% only",CIV-EXC-1020,exact,,civil,train,,,
dpr_day_03.txt,2026-04-01,"Roadside drain slabs, approach road ongoing",CIV-DRA-1051,exact,,civil,train,,,
dpr_day_03.txt,2026-04-01,"Approach road widening, OIL main gate to site (Ch 0-400) started 30 Mar",CIV-EXC-1049,exact,2026-03-30,civil,dev,,,
dpr_day_03.txt,2026-04-01,"Excavate unsuitable material, Unit 1 pad in progress, 416 of 850 m3 achieved",CIV-EXC-1005,exact,,civil,train,,,
dpr_day_03.txt,2026-04-01,"Work front opened for BC course laying, approach road on 31/Mar/2026",CIV-RDS-1050,exact,2026-03-31,civil,train,,,
dpr_day_03.txt,2026-04-01,"Excavation for flare pit and burn area, manifold south is done and signed off",CIV-EXC-1030,exact,,civil,train,,,
dpr_day_03.txt,2026-04-01,"Place and compact selected fill, Unit 1 pad stopped, material shortage at store",CIV-FIL-1006,exact,,civil,train,,,
dpr_day_03.txt,2026-04-01,"Cut and fill to formation level, well pad Unit 1 ongoing",CIV-EXC-1003,exact,,civil,train,,,
dpr_day_03.txt,2026-04-01,"Cut and fill to formation level, well pad Unit 2 taken up at site",CIV-EXC-1004,exact,,civil,train,,,
dpr_day_03.txt,2026-04-01,Establish emergency muster points and wind socks under way at the work front,HSE-SGN-1044,exact,,hse,dev,,,
dpr_day_03.txt,2026-04-01,"Safety signage and barricading, phase 1 work fronts closed out 2026-03-20",HSE-SGN-1043,exact,2026-03-20,hse,test,,,
dpr_day_03.txt,2026-04-01,Temporary power distribution boards and cabling — 1 nos out of 1 done,HSE-TMP-1042,exact,,hse,dev,,,
dpr_day_03.txt,2026-04-01,"Install temporary water supply and septic facility in progress, 1 nos out of 1 achieved, as of 2026-04-01",HSE-TMP-1041,exact,2026-04-01,hse,test,,,
dpr_day_03.txt,2026-04-01,firewater main to ongoing at site,PIP-UGS-1172,near_miss,,piping,test,adjacent_sequence,1 / for / grp / joint / lay / manifold,PIP-UGS-1170|PIP-UGS-1171
dpr_day_03.txt,2026-04-01,"Erect rack steel, Module, work in progress",PIP-ERC-1300,near_miss,,piping,train,adjacent_sequence,0 / 1 / 2 / 80 / multi / tier,PIP-ERC-1301
dpr_day_03.txt,2026-04-01,"Progressed the P-1401A scope today, 75% complete",STA-ROT-1524,near_miss,,static_equipment,test,shared_tag,which activity on P-1401A,STA-MCH-1240|STA-MCH-1241|STA-MCH-1242|PIP-ERC-1341|EL-CBL-1376|STA-ROT-1523
dpr_day_03.txt,2026-04-01,"Work continuing on V-1201, about 62% done",CIV-FDN-1108,near_miss,,civil,test,shared_tag,which activity on V-1201,CIV-FDN-1107|CIV-FDN-1109|STA-SET-1203
dpr_day_03.txt,2026-04-01,Anchor and flare stack ongoing at site,CIV-FDN-1127,near_miss,,civil,test,adjacent_sequence,blocks / bolts / foundation / guy / template,CIV-FDN-1126
dpr_day_03.txt,2026-04-01,"Heavy rainfall from 1400 hrs, all work fronts stopped for the day",NO_MATCH,no_match,,,train,,,
dpr_day_03.txt,2026-04-01,"Rework of the guardhouse plinth after client comment, VO pending",NO_MATCH,no_match,,,train,,,
dpr_day_04.txt,2026-04-20,"Separator foundation, reinforcement and pour, V-2101 — completed on 18/04/2026",CIV-FDN-1117,exact,2026-04-18,civil,dev,,,
dpr_day_04.txt,2026-04-20,Excavation for foundations V-1101/V-1201 and plinths WHP-1101/WHP-1102 ongoing,CIV-EXC-1100,exact,,civil,dev,,,
dpr_day_04.txt,2026-04-20,"Culvert placement at road crossing, Unit 1 approach in progress, 1 nos out of 2 achieved",CIV-DRA-1015,exact,,civil,test,,,
dpr_day_04.txt,2026-04-20,"Foundation for wellhead control panel, Unit 2 is done and signed off",CIV-FDN-1116,exact,,civil,train,,,
dpr_day_04.txt,2026-04-20,"Fencing, approach road stretch in progress, 205 of 420 m achieved, as of 19 Apr",CIV-FNC-1052,exact,2026-04-19,civil,test,,,
dpr_day_04.txt,2026-04-20,"Dyke wall construction, tank farm bund, 66 of 210 m3 complete so far",CIV-FDN-1154,exact,,civil,dev,,,
dpr_day_04.txt,2026-04-20,"Ring wall foundation, storage tank TK-2102 started 2026-04-18",CIV-FDN-1152,exact,2026-04-18,civil,train,,,
dpr_day_04.txt,2026-04-20,"Reinforcement fabrication and placement, separator foundation V-1101 closed out 23 Apr",CIV-FDN-1102,exact,2026-04-23,civil,dev,,,
dpr_day_04.txt,2026-04-20,"Ring wall foundation, storage tank TK-2101 — 72 of 120 m3 done, as of today",CIV-FDN-1150,exact,2026-04-20,civil,train,,,
dpr_day_04.txt,2026-04-20,"Sleeper and column footings, pipe rack Module 1 — completed on 20/Apr/2026",CIV-FDN-1165,exact,2026-04-20,civil,train,,,
dpr_day_04.txt,2026-04-20,"Wellhead plinth concreting, WHP-1101 and WHP-1102 closed out 2026-04-24",CIV-FDN-1110,exact,2026-04-24,civil,train,,,
dpr_day_04.txt,2026-04-20,"Granular sub-base and WMM laying, internal road Unit 1 ongoing",CIV-RDS-1011,exact,,civil,train,,,
dpr_day_04.txt,2026-04-20,"Lay and compact WMM course, road U1 Ch 160-320 in progress, 65 of 160 lm achieved",CIV-RDS-1013,exact,,civil,train,,,
dpr_day_04.txt,2026-04-20,"Flare stack foundation and guy anchor blocks, FST-1301 in progress, 13 of 38 m3 achieved",CIV-FDN-1126,exact,,civil,test,,,
dpr_day_04.txt,2026-04-20,"Annular plate leveling and grout bed, TK-2101 started 2026-04-22",CIV-FDN-1151,exact,2026-04-22,civil,train,,,
dpr_day_04.txt,2026-04-20,"Hydrotest firewater main the ten inch line, Unit 1 to Unit 2 section — completed on 16/04/2026",PIP-UGS-1173,exact,2026-04-16,piping,test,,,
dpr_day_04.txt,2026-04-20,"Lay and joint GRP firewater main 10""-P-1602-B1A in progress, 342 of 480 m achieved, as of 18 Apr 2026",PIP-UGS-1171,exact,2026-04-18,piping,test,,,
dpr_day_04.txt,2026-04-20,"Firewater hydrant and monitor bases, ring main the ten inch line in progress, 7 nos out of 8 achieved",PIP-UGS-1175,exact,,piping,test,,,
dpr_day_04.txt,2026-04-20,"Oily water sewer line 6""-P-2103-C5B, tank farm to OWS-2201 — 70 of 130 m done, as of 19 Apr",PIP-UGS-1155,exact,2026-04-19,piping,test,,,
dpr_day_04.txt,2026-04-20,"Chamber and catch pit construction, OWS outfall, finished 20 Apr, JMR raised",PIP-UGS-1156,exact,2026-04-20,piping,dev,,,
dpr_day_04.txt,2026-04-20,"Firewater underground tie-ins and hydrant branches, ring main 10""-P-1602-B1A — 6 nos out of 9 done",PIP-ERC-1352,exact,,piping,test,,,
dpr_day_04.txt,2026-04-20,"Shop assemble flare stack sections, FST-1301 — completed on 22 Apr",STA-FLR-1220,exact,2026-04-22,static_equipment,test,,,
dpr_day_04.txt,2026-04-20,"Set wellhead control panel skid, Unit 2 stopped, material shortage at store",STA-SET-1212,exact,,static_equipment,train,,,
dpr_day_04.txt,2026-04-20,"Team deployed on 10""-P-1602-B1A, balance to follow, as of 17/Apr/2026",PIP-UGS-1174,near_miss,2026-04-17,piping,test,shared_tag,"which activity on 10""-P-1602-B1A",PIP-UGS-1170|PIP-UGS-1171|PIP-UGS-1172|PIP-UGS-1173|PIP-UGS-1175|PIP-ERC-1352
dpr_day_04.txt,2026-04-20,"Progressed the 10""-P-1602-B1A scope today, 33% complete",PIP-ERC-1352,near_miss,,piping,test,shared_tag,"which activity on 10""-P-1602-B1A",PIP-UGS-1170|PIP-UGS-1171|PIP-UGS-1172|PIP-UGS-1173|PIP-UGS-1174|PIP-UGS-1175
dpr_day_04.txt,2026-04-20,"2, Unit 2 header 20""- -2001-A1A ongoing at site",PIP-HYT-1511,near_miss,,piping,train,discriminator_omitted,erect / line / production / hydrotest / package,PIP-ERC-1321
dpr_day_04.txt,2026-04-20,"Crew working on 7-day wet cure, foundation",CIV-FDN-1104,near_miss,,civil,dev,discriminator_omitted,1101 / separator / 2101,CIV-FDN-1118
dpr_day_04.txt,2026-04-20,"Progressed the V-1101 scope today, 72% complete, as of 19/04/2026",CIV-FDN-1103,near_miss,2026-04-19,civil,dev,shared_tag,which activity on V-1101,CIV-FDN-1102|CIV-FDN-1104|CIV-FDN-1105|CIV-FDN-1106|STA-SET-1200|STA-SET-1201|STA-SET-1202|STA-PRS-1520
dpr_day_04.txt,2026-04-20,"FST-1301 activity ongoing, no issues reported, as of 19 Apr 2026",STA-FLS-1526,near_miss,2026-04-19,static_equipment,test,shared_tag,which activity on FST-1301,CIV-FDN-1127|STA-FLR-1220|STA-FLR-1221|STA-FLR-1223|STA-FLR-1224|PIP-ERC-1331
dpr_day_04.txt,2026-04-20,"Client PMC walkdown carried out, observations noted in the log",NO_MATCH,no_match,,,test,,,
dpr_day_04.txt,2026-04-20,Store bin cards updated after physical verification,NO_MATCH,no_match,,,test,,,
dpr_day_05.txt,2026-05-02,"Mobilised for Sleeper and column footings, pipe rack Module 2",CIV-FDN-1166,exact,,civil,train,,,
dpr_day_05.txt,2026-05-02,"PCC blinding course, the separator vessel-1201 foundations, Unit 1 closed out 21 Apr",CIV-FDN-1101,exact,2026-04-21,civil,train,,,
dpr_day_05.txt,2026-05-02,"Grouting, V-1201 base ring in progress, 1 of 0.8 m3 achieved",CIV-FDN-1109,exact,,civil,test,,,
dpr_day_05.txt,2026-05-02,"Kerbing around wellhead cellars, Unit 1 under way at the work front",CIV-FDN-1111,exact,,civil,train,,,
dpr_day_05.txt,2026-05-02,"Work front opened for Grouting, the separator vessel skid on 2026-05-02",CIV-FDN-1119,exact,2026-05-02,civil,dev,,,
dpr_day_05.txt,2026-05-02,"Sleeper and column footings, pipe rack Module 3 completed 04/May/2026",CIV-FDN-1167,exact,2026-05-04,civil,train,,,
dpr_day_05.txt,2026-05-02,"7-day wet cure, V-2101 foundation closed out 2026-04-30",CIV-FDN-1118,exact,2026-04-30,civil,dev,,,
dpr_day_05.txt,2026-05-02,"Control building foundation and plinth, substation — completed on 6 May",CIV-FDN-1160,exact,2026-05-06,civil,test,,,
dpr_day_05.txt,2026-05-02,"Test separator plinth V-2201, Unit 2 under way at the work front",CIV-FDN-1120,exact,,civil,train,,,
dpr_day_05.txt,2026-05-02,"7-day wet cure, separator foundation vessel — commenced 2026-05-04",CIV-FDN-1104,exact,2026-05-04,civil,dev,,,
dpr_day_05.txt,2026-05-02,"Erect flare header riser, FST-1301 to tip stopped, material shortage at store",PIP-ERC-1331,exact,,piping,test,,,
dpr_day_05.txt,2026-05-02,"Set production manifold header assemblies, Unit 1, 16""-P-1002-A1A tie-ins started 05/May/2026",STA-SET-1204,exact,2026-05-05,static_equipment,test,,,
dpr_day_05.txt,2026-05-02,Set flare knockout drum the separator vessel closed out 23 Apr,STA-FLR-1222,exact,2026-04-23,static_equipment,train,,,
dpr_day_05.txt,2026-05-02,Rig and set separator V-2101 — closed out this week,STA-SET-1210,exact,,static_equipment,dev,,,
dpr_day_05.txt,2026-05-02,"Erect flare stack FST-1301, guys tensioned, 1 nos out of 1 complete so far",STA-FLR-1221,exact,,static_equipment,test,,,
dpr_day_05.txt,2026-05-02,"Fit internals and demisters, V-2201 — 1 nos out of 1 done",STA-INT-1214,exact,,static_equipment,train,,,
dpr_day_05.txt,2026-05-02,Install flare tip ignition panel and pilot lines (FST-1301) is done and signed off,STA-FLR-1224,exact,,static_equipment,test,,,
dpr_day_05.txt,2026-05-02,"Tank shell erection and roof, the storage tank, finished 2 May, JMR raised",STA-TNK-1234,exact,2026-05-02,static_equipment,train,,,
dpr_day_05.txt,2026-05-02,"Crew deployed on Install flare tip and molecular seal, FST-1301",STA-FLR-1223,exact,,static_equipment,test,,,
dpr_day_05.txt,2026-05-02,"Set test separator V-2201, Unit 2 — closed out this week",STA-SET-1211,exact,,static_equipment,train,,,
dpr_day_05.txt,2026-05-02,"Lightning mast and down conductors, flare area — progress slow, 33% only",EL-GRD-1379,exact,,electrical,test,,,
dpr_day_05.txt,2026-05-02,"Progressed the 24""-P-1001-A1A scope today, 70% complete",PIP-ERC-1312,near_miss,,piping,dev,shared_tag,"which activity on 24""-P-1001-A1A",PIP-FAB-1310|PIP-ERC-1311|PIP-HLT-1314
dpr_day_05.txt,2026-05-02,"Progressed the 18""-P-1301-B7A scope today, 84% complete",PIP-HYT-1512,near_miss,,piping,dev,shared_tag,"which activity on 18""-P-1301-B7A",PIP-ERC-1330
dpr_day_05.txt,2026-05-02,"Erect line header Unit, work in progress",PIP-ERC-1322,near_miss,,piping,test,adjacent_sequence,"10"" / 20"" / 2001 / 2002 / a1a / a5a",PIP-ERC-1321
dpr_day_05.txt,2026-05-02,"Progressed the TK-2102 scope today, 46% complete",STA-TNK-1235,near_miss,,static_equipment,train,shared_tag,which activity on TK-2102,CIV-FDN-1152|STA-TNK-1234|STA-DRY-1522
dpr_day_05.txt,2026-05-02,"Work continuing on V-1201, about 84% done",CIV-FDN-1109,near_miss,,civil,test,shared_tag,which activity on V-1201,CIV-FDN-1107|CIV-FDN-1108|STA-SET-1203
dpr_day_05.txt,2026-05-02,"Team deployed on V-2201, balance to follow",CIV-FDN-1120,near_miss,,civil,train,shared_tag,which activity on V-2201,STA-SET-1211|STA-INT-1214
dpr_day_05.txt,2026-05-02,Site query raised on the foundation bolt projection detail,NO_MATCH,no_match,,,train,,,
dpr_day_05.txt,2026-05-02,"Behavioural safety observation cards collected, 34 this week",NO_MATCH,no_match,,,dev,,,
dpr_day_06.txt,2026-05-16,"Anchor bolt setting, separator skid vessel, 7 nos out of 12 complete so far, as of 15 May",CIV-FDN-1105,exact,2026-05-15,civil,dev,,,
dpr_day_06.txt,2026-05-16,"Transformer plinths and cable trenches, the transformer and under way at the work front",CIV-FDN-1162,exact,,civil,test,,,
dpr_day_06.txt,2026-05-16,"Non-shrink grouting, separator skid base ring the separator vessel completed 2026-05-15",CIV-FDN-1106,exact,2026-05-15,civil,dev,,,
dpr_day_06.txt,2026-05-16,"Cable trench with precast covers, Unit 1 to substation in progress, 73 of 210 m achieved",CIV-UGS-1180,exact,,civil,test,,,
dpr_day_06.txt,2026-05-16,Work front opened for Control building blockwork and roofing on 19 May 2026,CIV-BLD-1161,exact,2026-05-19,civil,dev,,,
dpr_day_06.txt,2026-05-16,"Sleeper and column footings, pipe rack Module 3 — 47 of 68 m3 done",CIV-FDN-1167,exact,,civil,train,,,
dpr_day_06.txt,2026-05-16,"Shuttering and concreting M25, separator foundation V-1101 ongoing",CIV-FDN-1103,exact,,civil,dev,,,
dpr_day_06.txt,2026-05-16,"7-day wet cure, separator foundation V-1101 in progress, about 87% complete, as of today",CIV-FDN-1104,exact,2026-05-16,civil,dev,,,
dpr_day_06.txt,2026-05-16,"Field welds, Unit 1 manifold spools, welds 1-12 in progress, 3 nos out of 12 achieved",STA-WLD-1205,exact,,static_equipment,dev,,,
dpr_day_06.txt,2026-05-16,"Alignment check and coupling, compressor PK-2401 to receiver — 1 nos out of 1 done",STA-MCH-1217,exact,,static_equipment,test,,,
dpr_day_06.txt,2026-05-16,"Set air receiver V-2301, utilities area in progress, 1 nos out of 1 achieved",STA-SET-1215,exact,,static_equipment,train,,,
dpr_day_06.txt,2026-05-16,"Install wellhead flowline risers, WHP-1101 and WHP-1102, 1 nos out of 2 complete so far",STA-SET-1206,exact,,static_equipment,train,,,
dpr_day_06.txt,2026-05-16,"Set instrument air compressors, the compressor package — completed on 15 May",STA-MCH-1216,exact,2026-05-15,static_equipment,test,,,
dpr_day_06.txt,2026-05-16,"Load and fit internals and demisters, V-2101 stopped, material shortage at store",STA-INT-1213,exact,,static_equipment,dev,,,
dpr_day_06.txt,2026-05-16,"Internal floating roof assembly, TK-2102, finished 17 May 2026, JMR raised",STA-TNK-1235,exact,2026-05-17,static_equipment,train,,,
dpr_day_06.txt,2026-05-16,"FST-1301 — Install flare tip ignition panel and pilot lines, finished 6 May, JMR raised",STA-FLR-1224,exact,2026-05-06,static_equipment,test,,,
dpr_day_06.txt,2026-05-16,"Fit internals and demisters, V-2201 — 1 nos out of 1 done, as of today",STA-INT-1214,exact,2026-05-16,static_equipment,train,,,
dpr_day_06.txt,2026-05-16,"Set production manifold header assemblies, Unit 1, the sixteen inch line tie-ins delayed by 4 days, crane availability",STA-SET-1204,exact,,static_equipment,test,,,
dpr_day_06.txt,2026-05-16,"Tank shell erection and roof, TK-2102 — completed on 12 May",STA-TNK-1234,exact,2026-05-12,static_equipment,train,,,
dpr_day_06.txt,2026-05-16,"Earth grid and earthing pits, site-wide — 1595 of 2400 m done",EL-GRD-1378,exact,,electrical,train,,,
dpr_day_06.txt,2026-05-16,"TK-2101 — crew on site, progress steady",STA-TNK-1232,near_miss,,static_equipment,train,shared_tag,which activity on TK-2101,CIV-FDN-1150|CIV-FDN-1151|STA-TNK-1230|STA-TNK-1231|STA-TNK-1233|STA-DRY-1521
dpr_day_06.txt,2026-05-16,"V-2201 — crew on site, progress steady, as of 2026-05-15",STA-SET-1211,near_miss,2026-05-15,static_equipment,train,shared_tag,which activity on V-2201,CIV-FDN-1120|STA-INT-1214
dpr_day_06.txt,2026-05-16,"FST-1301 — crew on site, progress steady",STA-FLR-1223,near_miss,,static_equipment,test,shared_tag,which activity on FST-1301,CIV-FDN-1127|STA-FLR-1220|STA-FLR-1221|STA-FLR-1224|PIP-ERC-1331|STA-FLS-1526
dpr_day_06.txt,2026-05-16,"Work continuing on 10""-P-1602-B1A, about 34% done, as of 13 May",PIP-UGS-1173,near_miss,2026-05-13,piping,test,shared_tag,"which activity on 10""-P-1602-B1A",PIP-UGS-1170|PIP-UGS-1171|PIP-UGS-1172|PIP-UGS-1174|PIP-UGS-1175|PIP-ERC-1352
dpr_day_06.txt,2026-05-16,"Loop check, Unit loops to ongoing at site, as of today",INS-CHK-1407,near_miss,2026-05-16,instrumentation,dev,adjacent_sequence,1 / 1101 / 1128 / 2 / 2101 / 2122,INS-CHK-1406
dpr_day_06.txt,2026-05-16,"7-day wet cure, foundation, balance to be completed next week, as of 16 May",CIV-FDN-1118,near_miss,2026-05-16,civil,dev,discriminator_omitted,1101 / separator / 2101,CIV-FDN-1104
dpr_day_06.txt,2026-05-16,Toolbox talk conducted on working at height for 42 workers,NO_MATCH,no_match,,,train,,,
dpr_day_06.txt,2026-05-16,"Extra soak pit constructed for wash bay, variation order raised",NO_MATCH,no_match,,,train,,,
dpr_day_06.txt,2026-05-16,"Scaffolding material returned to the hire company, 8 loads",NO_MATCH,no_match,,,train,,,
dpr_day_07.txt,2026-05-30,"Cable trench with precast covers, Unit 2 to s/s, 157 of 190 m complete so far. baaki kal karenge",CIV-UGS-1181,exact,,civil,test,,,
dpr_day_07.txt,2026-05-30,"Work front opened for Trench sand bedding and protection tiles, cable routes on 29/May/2026",CIV-UGS-1182,exact,2026-05-29,civil,train,,,
dpr_day_07.txt,2026-05-30,"Control building blockwork and roofing, 45 of 145 m2 complete so far",CIV-BLD-1161,exact,,civil,dev,,,
dpr_day_07.txt,2026-05-30,"Cable trench with precast covers, Unit 1 to substation completed 26 May",CIV-UGS-1180,exact,2026-05-26,civil,test,,,
dpr_day_07.txt,2026-05-30,"potable water line 2""-p-2303-c5b, control building — completed on 28 may. baaki kal karenge",PIP-ERC-1353,exact,2026-05-28,piping,dev,,,
dpr_day_07.txt,2026-05-30,"alignment check, p-1401a/b couplings closed out 28 may",STA-MCH-1241,exact,2026-05-28,static_equipment,test,,,
dpr_day_07.txt,2026-05-30,Set crude transfer pumps P-1401A and P-1401B completed 28 May 2026. kaam chalu hai,STA-MCH-1240,exact,2026-05-28,static_equipment,test,,,
dpr_day_07.txt,2026-05-30,"Shell courses 1-2, the storage tank under way at the work front",STA-TNK-1231,exact,,static_equipment,train,,,
dpr_day_07.txt,2026-05-30,"Motor mounting and bolt torque, the pump held up, awaiting client RFI clearance",STA-MCH-1242,exact,,static_equipment,test,,,
dpr_day_07.txt,2026-05-30,"tank shell erection, courses 1-3, the storage tank, finished 28 may 2026, jmr raised",STA-TNK-1230,exact,2026-05-28,static_equipment,train,,,
dpr_day_07.txt,2026-05-30,"Shell course 3 and wind girder, the storage tank — completed on 31 May",STA-TNK-1232,exact,2026-05-31,static_equipment,train,,,
dpr_day_07.txt,2026-05-30,"Crew deployed on Internal floating roof assembly, TK-2102",STA-TNK-1235,exact,,static_equipment,train,,,
dpr_day_07.txt,2026-05-30,"alignment check and coupling, compressor pk-2401 to receiver held up, awaiting client rfi clearance",STA-MCH-1217,exact,,static_equipment,test,,,
dpr_day_07.txt,2026-05-30,"area lighting poles and floodlights, wellhead u1/u2 in progress, 6 nos out of 22 achieved",EL-LTG-1380,exact,,electrical,train,,,
dpr_day_07.txt,2026-05-30,"Earth grid and earthing pits, site-wide — 2001 of 2400 m done, as of 30/May/2026",EL-GRD-1378,exact,2026-05-30,electrical,train,,,
dpr_day_07.txt,2026-05-30,"Team deployed on TK-2101, balance to follow",STA-DRY-1521,near_miss,,static_equipment,train,shared_tag,which activity on TK-2101,CIV-FDN-1150|CIV-FDN-1151|STA-TNK-1230|STA-TNK-1231|STA-TNK-1232|STA-TNK-1233
dpr_day_07.txt,2026-05-30,"TK-2101 — crew on site, progress steady",STA-TNK-1230,near_miss,,static_equipment,train,shared_tag,which activity on TK-2101,CIV-FDN-1150|CIV-FDN-1151|STA-TNK-1231|STA-TNK-1232|STA-TNK-1233|STA-DRY-1521
dpr_day_07.txt,2026-05-30,"Team deployed on 2""-P-2301-A6A, balance to follow, as of 2026-05-28",PIP-DRY-1515,near_miss,2026-05-28,piping,test,shared_tag,"which activity on 2""-P-2301-A6A",PIP-ERC-1350
dpr_day_07.txt,2026-05-30,Erect line Unit header — 76% done,PIP-ERC-1321,near_miss,,piping,train,adjacent_sequence,"10"" / 20"" / 2001 / 2002 / a1a / a5a",PIP-ERC-1322
dpr_day_07.txt,2026-05-30,"TK-2102 activity ongoing, no issues reported",CIV-FDN-1152,near_miss,,civil,train,shared_tag,which activity on TK-2102,STA-TNK-1234|STA-TNK-1235|STA-DRY-1522
dpr_day_07.txt,2026-05-30,"TK-2101 — crew on site, progress steady, as of 29 May",CIV-FDN-1151,near_miss,2026-05-29,civil,train,shared_tag,which activity on TK-2101,CIV-FDN-1150|STA-TNK-1230|STA-TNK-1231|STA-TNK-1232|STA-TNK-1233|STA-DRY-1521
dpr_day_07.txt,2026-05-30,Welder qualification tests conducted for four new welders,NO_MATCH,no_match,,,train,,,
dpr_day_07.txt,2026-05-30,Additional 40 m of boundary drain built on the north side at OIL request,NO_MATCH,no_match,,,train,,,
dpr_day_07.txt,2026-05-30,Heat stress advisory issued to all supervisors,NO_MATCH,no_match,,,train,,,
dpr_day_08.txt,2026-06-11,"Control building blockwork and roofing — 93 of 145 m2 done, as of 10 Jun",CIV-BLD-1161,exact,2026-06-10,civil,dev,,,
dpr_day_08.txt,2026-06-11,"Work front opened for Install tank dewatering lines 3""-P-2104-C5B on 2026-06-12",PIP-ERC-1343,exact,2026-06-12,piping,train,,,
dpr_day_08.txt,2026-06-11,"Erect rack steel, Module 2 (Ch 40-80) completed 15 Jun",PIP-ERC-1301,exact,2026-06-15,piping,train,,,
dpr_day_08.txt,2026-06-11,"Erect multi-tier rack steel, Module 1 (Ch 0-40) — commenced 2026-06-08",PIP-ERC-1300,exact,2026-06-08,piping,train,,,
dpr_day_08.txt,2026-06-11,"Monorail and davit erection, separator platforms, finished 13/Jun/2026, JMR raised",STA-SET-1244,exact,2026-06-13,static_equipment,train,,,
dpr_day_08.txt,2026-06-11,"Tank nozzles and manways fitting, TK-2101 and TK-2102 — 11 nos out of 18 done",STA-TNK-1236,exact,,static_equipment,train,,,
dpr_day_08.txt,2026-06-11,"Tank roof structure and fittings, TK-2101 completed",STA-TNK-1233,exact,,static_equipment,train,,,
dpr_day_08.txt,2026-06-11,"Rig and set vertical the separator vessel on foundation, 1 nos out of 1 complete so far",STA-SET-1201,exact,,static_equipment,dev,,,
dpr_day_08.txt,2026-06-11,"Plumb, alignment and bolt torque, the separator vessel closed out 11/06/2026",STA-SET-1202,exact,2026-06-11,static_equipment,dev,,,
dpr_day_08.txt,2026-06-11,Rig and set glycol contactor V-1201 ongoing,STA-SET-1203,exact,,static_equipment,test,,,
dpr_day_08.txt,2026-06-11,"Receive and stage separator V-1101, transport from laydown — 1 nos out of 1 done, as of today",STA-SET-1200,exact,2026-06-11,static_equipment,dev,,,
dpr_day_08.txt,2026-06-11,"Mobilised for Set fuel gas skid, utilities plinth U1",STA-SET-1207,exact,,static_equipment,test,,,
dpr_day_08.txt,2026-06-11,"Shell courses 1-2, tank TK-2101 closed out 31/05/2026",STA-TNK-1231,exact,2026-05-31,static_equipment,train,,,
dpr_day_08.txt,2026-06-11,"Tank shell erection, courses 1-3, TK-2101 — completed on 5 Jun 2026",STA-TNK-1230,exact,2026-06-05,static_equipment,train,,,
dpr_day_08.txt,2026-06-11,"Install cable tray and risers, substation building closed out 11/06/2026",EL-TRK-1370,exact,2026-06-11,electrical,train,,,
dpr_day_08.txt,2026-06-11,"Area lighting poles and floodlights, wellhead U1/U2 in progress, 12 nos out of 22 achieved",EL-LTG-1380,exact,,electrical,train,,,
dpr_day_08.txt,2026-06-11,"Crew working on Erect flare header to, as of 08/Jun/2026",PIP-ERC-1330,near_miss,2026-06-08,piping,dev,adjacent_sequence,"18"" / b7a / drum / fst / ko / manifold",PIP-ERC-1331
dpr_day_08.txt,2026-06-11,"and firewater main, balance to be completed next week, as of 10 Jun 2026",PIP-UGS-1171,near_miss,2026-06-10,piping,test,adjacent_sequence,1 / for / grp / joint / lay / manifold,PIP-UGS-1170|PIP-UGS-1172
dpr_day_08.txt,2026-06-11,"Work continuing on TK-2102, about 69% done",STA-TNK-1234,near_miss,,static_equipment,train,shared_tag,which activity on TK-2102,CIV-FDN-1152|STA-TNK-1235|STA-DRY-1522
dpr_day_08.txt,2026-06-11,"Work continuing on TK-2101, about 53% done, as of 09/06/2026",STA-TNK-1233,near_miss,2026-06-09,static_equipment,train,shared_tag,which activity on TK-2101,CIV-FDN-1150|CIV-FDN-1151|STA-TNK-1230|STA-TNK-1231|STA-TNK-1232|STA-DRY-1521
dpr_day_08.txt,2026-06-11,"JB-101 activity ongoing, no issues reported, as of today",INS-JBX-1395,near_miss,2026-06-11,instrumentation,dev,shared_tag,which activity on JB-101,INS-CBL-1396|INS-CBL-1397|INS-TER-1398
dpr_day_08.txt,2026-06-11,"Extra hardstanding for the client vehicle park, not in the BOQ",NO_MATCH,no_match,,,train,,,
dpr_day_08.txt,2026-06-11,Radiography film review pending with the client inspector,NO_MATCH,no_match,,,dev,,,
dpr_day_09.txt,2026-06-22,"Erect rack steel, Module 3 (Ch 80-110) ongoing",PIP-ERC-1302,exact,,piping,train,,,
dpr_day_09.txt,2026-06-22,"Rack erection, Module 3 tier 1, flare header 18""-P-1301-B7A and utility lines closed out 24 Jun",PIP-ERC-1305,exact,2026-06-24,piping,dev,,,
dpr_day_09.txt,2026-06-22,"Rack cross bracing and kicker supports, full run completed 2026-06-26",PIP-ERC-1303,exact,2026-06-26,piping,test,,,
dpr_day_09.txt,2026-06-22,"Pipe rack erection, crude header, Unit 2 to tank farm in progress, 16 of 36 m achieved",PIP-ERC-1304,exact,,piping,test,,,
dpr_day_09.txt,2026-06-22,"Install tank dewatering lines 3""-P-2104-C5B, 6 of 22 m complete so far",PIP-ERC-1343,exact,,piping,train,,,
dpr_day_09.txt,2026-06-22,"Erect multi-tier rack steel, Module 1 (Ch 0-40) ongoing",PIP-ERC-1300,exact,,piping,train,,,
dpr_day_09.txt,2026-06-22,"Erect rack steel, Module 2 (Ch 40-80), 27 of 33 mt complete so far",PIP-ERC-1301,exact,,piping,train,,,
dpr_day_09.txt,2026-06-22,"Plumb, alignment and bolt torque, V-1101 — progress slow, 54% only",STA-SET-1202,exact,,static_equipment,dev,,,
dpr_day_09.txt,2026-06-22,"Crew deployed on Set fuel gas skid, utilities plinth U1",STA-SET-1207,exact,,static_equipment,test,,,
dpr_day_09.txt,2026-06-22,"Tank roof structure and fittings, TK-2101 started 20 Jun",STA-TNK-1233,exact,2026-06-20,static_equipment,train,,,
dpr_day_09.txt,2026-06-22,Work front opened for Rig and set vertical separator V-1101 on foundation on today,STA-SET-1201,exact,2026-06-22,static_equipment,dev,,,
dpr_day_09.txt,2026-06-22,"Monorail and davit erection, separator platforms — 1 nos out of 1 done",STA-SET-1244,exact,,static_equipment,train,,,
dpr_day_09.txt,2026-06-22,"Rig and set glycol contactor V-1201 held up, awaiting client RFI clearance",STA-SET-1203,exact,,static_equipment,test,,,
dpr_day_09.txt,2026-06-22,"Tank nozzles and manways fitting, the storage tank and delayed by 2 days, crane availability",STA-TNK-1236,exact,,static_equipment,train,,,
dpr_day_09.txt,2026-06-22,"Install cable tray and risers, substation building under way at the work front",EL-TRK-1370,exact,,electrical,train,,,
dpr_day_09.txt,2026-06-22,"Install level transmitters LT-1201 to LT-1206, separators in progress, 2 nos out of 6 achieved",INS-FIT-1392,exact,,instrumentation,test,,,
dpr_day_09.txt,2026-06-22,"Progressed the 2""-P-2301-A6A scope today, 78% complete",PIP-ERC-1350,near_miss,,piping,test,shared_tag,"which activity on 2""-P-2301-A6A",PIP-DRY-1515
dpr_day_09.txt,2026-06-22,"Crew working on Hydrotest firewater main 10""- -1602-B1A, Unit 1 to",PIP-UGS-1173,near_miss,,piping,test,discriminator_omitted,manifold / 2,PIP-UGS-1172
dpr_day_09.txt,2026-06-22,"Loop check, Unit loops to ongoing at site",INS-CHK-1406,near_miss,,instrumentation,dev,adjacent_sequence,1 / 1101 / 1128 / 2 / 2101 / 2122,INS-CHK-1407
dpr_day_09.txt,2026-06-22,"Work continuing on V-1101, about 34% done",CIV-FDN-1106,near_miss,,civil,dev,shared_tag,which activity on V-1101,CIV-FDN-1102|CIV-FDN-1103|CIV-FDN-1104|CIV-FDN-1105|STA-SET-1200|STA-SET-1201|STA-SET-1202|STA-PRS-1520
dpr_day_09.txt,2026-06-22,"Cable trench with precast covers, to substation — 25% done",CIV-UGS-1180,near_miss,,civil,test,discriminator_omitted,1 / 2,CIV-UGS-1181
dpr_day_09.txt,2026-06-22,Site coordination meeting minutes circulated to all agencies,NO_MATCH,no_match,,,train,,,
dpr_day_09.txt,2026-06-22,Diesel consumption reconciliation for the month completed,NO_MATCH,no_match,,,test,,,
dpr_day_10.txt,2026-07-06,"Chemical injection piping the 1 inch line, skids to injection points — closed out this week",PIP-ERC-1354,exact,,piping,test,,,
dpr_day_10.txt,2026-07-06,"Rack cross bracing and kicker supports, full run — completed on 30/Jun/2026",PIP-ERC-1303,exact,2026-06-30,piping,test,,,
dpr_day_10.txt,2026-07-06,"Rack erection, Module 3 tier 1, flare header 18""-P-1301-B7A and utility lines under way at the work front",PIP-ERC-1305,exact,,piping,dev,,,
dpr_day_10.txt,2026-07-06,"Mobilised for Erect rack steel, Module 3 (Ch 80-110)",PIP-ERC-1302,exact,,piping,train,,,
dpr_day_10.txt,2026-07-06,"Set chemical injection skids CS-2501 and CS-2502, wellhead U1/U2 stopped, material shortage at store",STA-SET-1243,exact,,static_equipment,train,,,
dpr_day_10.txt,2026-07-06,"Install cable tray ladder 600 mm, rack tier 3 completed 4 Jul",EL-TRK-1360,exact,2026-07-04,electrical,test,,,
dpr_day_10.txt,2026-07-06,"Pull LV power cables, wellhead panel WHCP-2101 feeders, Unit 2 — 197 of 260 m done",EL-CBL-1377,exact,,electrical,train,,,
dpr_day_10.txt,2026-07-06,"Install cable tray 450 mm, rack tier 3, Unit 2 stretch, finished 05/07/2026, JMR raised",EL-TRK-1361,exact,2026-07-05,electrical,train,,,
dpr_day_10.txt,2026-07-06,"Work front opened for Install instrument cable tray 300 mm, rack tier 2 on 6 Jul",INS-TRK-1363,exact,2026-07-06,instrumentation,test,,,
dpr_day_10.txt,2026-07-06,"V-2201 activity ongoing, no issues reported",CIV-FDN-1120,near_miss,,civil,train,shared_tag,which activity on V-2201,STA-SET-1211|STA-INT-1214
dpr_day_10.txt,2026-07-06,"Sleeper and column footings, pipe rack, work in progress",CIV-FDN-1167,near_miss,,civil,train,discriminator_omitted,1 / 2,CIV-FDN-1165|CIV-FDN-1166
dpr_day_10.txt,2026-07-06,"10""-P-1602-B1A activity ongoing, no issues reported",PIP-UGS-1171,near_miss,,piping,test,shared_tag,"which activity on 10""-P-1602-B1A",PIP-UGS-1170|PIP-UGS-1172|PIP-UGS-1173|PIP-UGS-1174|PIP-UGS-1175|PIP-ERC-1352
dpr_day_10.txt,2026-07-06,"Team deployed on 10""-P-1602-B1A, balance to follow, as of 3 Jul",PIP-UGS-1175,near_miss,2026-07-03,piping,test,shared_tag,"which activity on 10""-P-1602-B1A",PIP-UGS-1170|PIP-UGS-1171|PIP-UGS-1172|PIP-UGS-1173|PIP-UGS-1174|PIP-ERC-1352
dpr_day_10.txt,2026-07-06,"Progressed the TK-2102 scope today, 63% complete",STA-TNK-1235,near_miss,,static_equipment,train,shared_tag,which activity on TK-2102,CIV-FDN-1152|STA-TNK-1234|STA-DRY-1522
dpr_day_10.txt,2026-07-06,and fit internals and demisters — 28% done,STA-INT-1213,near_miss,,static_equipment,dev,discriminator_omitted,2101 / load / 2201,STA-INT-1214
dpr_day_10.txt,2026-07-06,Additional signage in Assamese requested by the district administration,NO_MATCH,no_match,,,train,,,
dpr_day_10.txt,2026-07-06,"Two 40-ton trailers arrived at the gate, unloading tomorrow morning",NO_MATCH,no_match,,,train,,,
dpr_day_11.txt,2026-07-21,"Nitrogen line 3""-P-2302-A6A, package to header taken up at site",PIP-ERC-1351,exact,,piping,dev,,,
dpr_day_11.txt,2026-07-21,"Chemical injection piping 1""-P-2501-A6A, skids to injection points — closed out this week",PIP-ERC-1354,exact,,piping,test,,,
dpr_day_11.txt,2026-07-21,"Instrument air header 2""-P-2301-A6A, rack to Unit 2 under way at the work front",PIP-ERC-1350,exact,,piping,test,,,
dpr_day_11.txt,2026-07-21,"Set chemical injection skids the unit and, wellhead U1/U2 closed out 2 Jul",STA-SET-1243,exact,2026-07-02,static_equipment,train,,,
dpr_day_11.txt,2026-07-21,"Pull LV power cables, pump motors P-1401A/B, finished 25 Jul 2026, JMR raised",EL-CBL-1376,exact,2026-07-25,electrical,test,,,
dpr_day_11.txt,2026-07-21,"Emergency lighting and exit signage, control building, 7 nos out of 14 complete so far",EL-LTG-1381,exact,,electrical,train,,,
dpr_day_11.txt,2026-07-21,"Glanding and termination, LV panels, substation, 41 nos out of 84 complete so far",EL-CBL-1382,exact,,electrical,test,,,
dpr_day_11.txt,2026-07-21,"Pull MV cable 11 kV, substation to the transformer, finished 03/08/2026, JMR raised",EL-CBL-1374,exact,2026-08-03,electrical,test,,,
dpr_day_11.txt,2026-07-21,"Mobilised for Set and terminate transformer T-1, 11/0.433 kV",EL-TRF-1371,exact,,electrical,test,,,
dpr_day_11.txt,2026-07-21,"Core termination and lacing, MCC-1 and MCC-2 — closed out this week",EL-CBL-1384,exact,,electrical,dev,,,
dpr_day_11.txt,2026-07-21,"Cable glanding, MCC-1 and MCC-2 feeders in progress, 27 nos out of 46 achieved, as of 2026-07-19",EL-CBL-1383,exact,2026-07-19,electrical,dev,,,
dpr_day_11.txt,2026-07-21,"Install MCC panels and switchboard, substation room — 2 nos out of 6 done, as of 19 Jul",EL-SWB-1373,exact,2026-07-19,electrical,test,,,
dpr_day_11.txt,2026-07-21,"Set and terminate the transformer, 11/0.433 kV taken up at site",EL-TRF-1372,exact,,electrical,test,,,
dpr_day_11.txt,2026-07-21,"Install cable tray 450 mm, rack tier 3, Unit 2 stretch — 55 of 140 m done",EL-TRK-1361,exact,,electrical,train,,,
dpr_day_11.txt,2026-07-21,"Install cable tray ladder 600 mm, rack tier 3 stopped, material shortage at store",EL-TRK-1360,exact,,electrical,test,,,
dpr_day_11.txt,2026-07-21,"Pull MV cable 11 kV, substation to the transformer in progress, 93 of 180 m achieved",EL-CBL-1375,exact,,electrical,test,,,
dpr_day_11.txt,2026-07-21,"Pull LV power cables, wellhead panel WHCP-2101 feeders, Unit 2 under way at the work front",EL-CBL-1377,exact,,electrical,train,,,
dpr_day_11.txt,2026-07-21,"Install instrument cable tray 300 mm, rack tier 2 in progress, 110 of 180 m achieved",INS-TRK-1363,exact,,instrumentation,test,,,
dpr_day_11.txt,2026-07-21,"TK-2101 activity ongoing, no issues reported",CIV-FDN-1150,near_miss,,civil,train,shared_tag,which activity on TK-2101,CIV-FDN-1151|STA-TNK-1230|STA-TNK-1231|STA-TNK-1232|STA-TNK-1233|STA-DRY-1521
dpr_day_11.txt,2026-07-21,"Team deployed on T-2, balance to follow, as of 20 Jul 2026",EL-CBL-1375,near_miss,2026-07-20,electrical,test,shared_tag,which activity on T-2,EL-TRF-1372
dpr_day_11.txt,2026-07-21,"Team deployed on JB-101, balance to follow",INS-CBL-1396,near_miss,,instrumentation,dev,shared_tag,which activity on JB-101,INS-JBX-1395|INS-CBL-1397|INS-TER-1398
dpr_day_11.txt,2026-07-21,"JB-101 — crew on site, progress steady",INS-JBX-1395,near_miss,,instrumentation,dev,shared_tag,which activity on JB-101,INS-CBL-1396|INS-CBL-1397|INS-TER-1398
dpr_day_11.txt,2026-07-21,"Crew working on Shell courses, tank TK-2101",STA-TNK-1231,near_miss,,static_equipment,train,discriminator_omitted,3 / erection / 2,STA-TNK-1230
dpr_day_11.txt,2026-07-21,"Work continuing on 10""-P-1602-B1A, about 25% done, as of 19 Jul",PIP-UGS-1170,near_miss,2026-07-19,piping,test,shared_tag,"which activity on 10""-P-1602-B1A",PIP-UGS-1171|PIP-UGS-1172|PIP-UGS-1173|PIP-UGS-1174|PIP-UGS-1175|PIP-ERC-1352
dpr_day_11.txt,2026-07-21,"Client requested additional bollards near the gatehouse, not in contract scope",NO_MATCH,no_match,,,test,,,
dpr_day_11.txt,2026-07-21,Consumables inventory check carried out at the fabrication shed,NO_MATCH,no_match,,,test,,,
dpr_day_12.txt,2026-08-02,"Instrument air header the two inch line, rack to Unit 2 in progress, 63 of 95 m achieved, as of 2026-08-01",PIP-ERC-1350,exact,2026-08-01,piping,test,,,
dpr_day_12.txt,2026-08-02,"Nitrogen line 3""-P-2302-A6A, package to header closed out 27 Jul 2026",PIP-ERC-1351,exact,2026-07-27,piping,dev,,,
dpr_day_12.txt,2026-08-02,"Core termination and lacing, MCC-1 and MCC-2 — 72 nos out of 92 done",EL-CBL-1384,exact,,electrical,dev,,,
dpr_day_12.txt,2026-08-02,"Glanding and termination, LV panels, substation — commenced 1 Aug",EL-CBL-1382,exact,2026-08-01,electrical,test,,,
dpr_day_12.txt,2026-08-02,"Cable glanding, MCC-1 and MCC-2 feeders held up, awaiting client RFI clearance",EL-CBL-1383,exact,,electrical,dev,,,
dpr_day_12.txt,2026-08-02,"Set and terminate transformer T-1, 11/0.433 kV closed out 30/07/2026",EL-TRF-1371,exact,2026-07-30,electrical,test,,,
dpr_day_12.txt,2026-08-02,"Pull LV power cables, pump motors under way at the work front",EL-CBL-1376,exact,,electrical,test,,,
dpr_day_12.txt,2026-08-02,"Emergency lighting and exit signage, control building — commenced 30 Jul",EL-LTG-1381,exact,2026-07-30,electrical,train,,,
dpr_day_12.txt,2026-08-02,"Set and terminate transformer T-2, 11/0.433 kV — 1 nos out of 1 done",EL-TRF-1372,exact,,electrical,test,,,
dpr_day_12.txt,2026-08-02,"Pull MV cable 11 kV, substation to transformer T-1 is done and signed off",EL-CBL-1374,exact,,electrical,test,,,
dpr_day_12.txt,2026-08-02,"Team deployed on V-1101, balance to follow",CIV-FDN-1102,near_miss,,civil,dev,shared_tag,which activity on V-1101,CIV-FDN-1103|CIV-FDN-1104|CIV-FDN-1105|CIV-FDN-1106|STA-SET-1200|STA-SET-1201|STA-SET-1202|STA-PRS-1520
dpr_day_12.txt,2026-08-02,"V-1101 — crew on site, progress steady, as of 2 Aug",CIV-FDN-1104,near_miss,2026-08-02,civil,dev,shared_tag,which activity on V-1101,CIV-FDN-1102|CIV-FDN-1103|CIV-FDN-1105|CIV-FDN-1106|STA-SET-1200|STA-SET-1201|STA-SET-1202|STA-PRS-1520
dpr_day_12.txt,2026-08-02,"Cut and fill to formation level, well, balance to be completed next week",CIV-EXC-1004,near_miss,,civil,train,discriminator_omitted,1 / 2,CIV-EXC-1003
dpr_day_12.txt,2026-08-02,"Progressed the V-2101 scope today, 84% complete",STA-SET-1210,near_miss,,static_equipment,dev,shared_tag,which activity on V-2101,CIV-FDN-1117|CIV-FDN-1118|CIV-FDN-1119|STA-INT-1213
dpr_day_12.txt,2026-08-02,"Team deployed on 24""-P-1001-A1A, balance to follow, as of 31 Jul",PIP-HLT-1314,near_miss,2026-07-31,piping,dev,shared_tag,"which activity on 24""-P-1001-A1A",PIP-FAB-1310|PIP-ERC-1311|PIP-ERC-1312
dpr_day_12.txt,2026-08-02,"Progressed the 20""-P-2001-A1A scope today, 53% complete",PIP-HLT-1325,near_miss,,piping,train,shared_tag,"which activity on 20""-P-2001-A1A",PIP-ERC-1321
dpr_day_12.txt,2026-08-02,"Safety harness inspection carried out, 4 units condemned",NO_MATCH,no_match,,,train,,,
dpr_day_12.txt,2026-08-02,"Temporary diesel bowser stand fabricated at the laydown, unplanned scope",NO_MATCH,no_match,,,dev,,,
dpr_day_12.txt,2026-08-02,Material test certificates for the imported valves under verification,NO_MATCH,no_match,,,train,,,
dpr_day_13.txt,2026-08-19,"Erect drain header 4""-P-1303-C5B, closed drain held up, awaiting client RFI clearance",PIP-ERC-1334,exact,,piping,train,,,
dpr_day_13.txt,2026-08-19,"Erect line 6""-P-1005-A6A, fuel gas skid inlet in progress, 6 of 18 m achieved",PIP-ERC-1318,exact,,piping,train,,,
dpr_day_13.txt,2026-08-19,"Erect blowdown lines 6""-P-1302-A6A, wellhead SDVs, 36 of 44 m complete so far, as of 19/Aug/2026",PIP-ERC-1333,exact,2026-08-19,piping,train,,,
dpr_day_13.txt,2026-08-19,"Tank farm manifold 12""-P-2101-A1A, inlet/outlet TK-2101 — 15 of 44 m done",PIP-ERC-1340,exact,,piping,dev,,,
dpr_day_13.txt,2026-08-19,"Suction and discharge piping, the pumps to manifold completed 28 Aug",PIP-ERC-1341,exact,2026-08-28,piping,test,,,
dpr_day_13.txt,2026-08-19,"Alloy weld and PMI, flare header, welds 20-31 in progress, 7 nos out of 12 achieved, as of 17 Aug",PIP-WLD-1332,exact,2026-08-17,piping,dev,,,
dpr_day_13.txt,2026-08-19,"Erect flare header 18""-P-1301-B7A, manifold to KO drum under way at the work front",PIP-ERC-1330,exact,,piping,dev,,,
dpr_day_13.txt,2026-08-19,"Glanding and termination, LV panels, substation, finished 7 Aug, JMR raised",EL-CBL-1382,exact,2026-08-07,electrical,test,,,
dpr_day_13.txt,2026-08-19,"Pull MV cable 11 kV, substation to the transformer in progress, 105 of 180 m achieved",EL-CBL-1375,exact,,electrical,test,,,
dpr_day_13.txt,2026-08-19,"Set and terminate the transformer, 11/0.433 kV — completed on 5 Aug",EL-TRF-1372,exact,2026-08-05,electrical,test,,,
dpr_day_13.txt,2026-08-19,"Cable glanding, the MCC and feeders, 34 nos out of 46 complete so far",EL-CBL-1383,exact,,electrical,dev,,,
dpr_day_13.txt,2026-08-19,"Core termination and lacing, the MCC and — progress slow, 47% only",EL-CBL-1384,exact,,electrical,dev,,,
dpr_day_13.txt,2026-08-19,"Crew deployed on Pull MV cable 11 kV, substation to transformer T-1",EL-CBL-1374,exact,,electrical,test,,,
dpr_day_13.txt,2026-08-19,"Set and terminate transformer T-1, 11/0.433 kV stopped, material shortage at store",EL-TRF-1371,exact,,electrical,test,,,
dpr_day_13.txt,2026-08-19,"Pull home-run cables, the junction box to control room FTA completed 5 Sep 2026",INS-CBL-1397,exact,2026-09-05,instrumentation,dev,,,
dpr_day_13.txt,2026-08-19,"Install junction boxes box to the junction box, field, finished 24 Aug, JMR raised",INS-JBX-1395,exact,2026-08-24,instrumentation,dev,,,
dpr_day_13.txt,2026-08-19,Terminate field instruments at JB-101 to JB-108 completed 10/09/2026,INS-TER-1398,exact,2026-09-10,instrumentation,dev,,,
dpr_day_13.txt,2026-08-19,"Pull instrument cables, rack tier 2 to junction boxes JB-101 to JB-108 is done and signed off",INS-CBL-1396,exact,,instrumentation,dev,,,
dpr_day_13.txt,2026-08-19,"Work continuing on P-1401A, about 66% done, as of 2026-08-18",STA-ROT-1523,near_miss,2026-08-18,static_equipment,test,shared_tag,which activity on P-1401A,STA-MCH-1240|STA-MCH-1241|STA-MCH-1242|PIP-ERC-1341|EL-CBL-1376|STA-ROT-1524
dpr_day_13.txt,2026-08-19,"V-1101 activity ongoing, no issues reported, as of 16/Aug/2026",STA-SET-1201,near_miss,2026-08-16,static_equipment,dev,shared_tag,which activity on V-1101,CIV-FDN-1102|CIV-FDN-1103|CIV-FDN-1104|CIV-FDN-1105|CIV-FDN-1106|STA-SET-1200|STA-SET-1202|STA-PRS-1520
dpr_day_13.txt,2026-08-19,"Team deployed on TK-2102, balance to follow, as of 17 Aug",STA-DRY-1522,near_miss,2026-08-17,static_equipment,train,shared_tag,which activity on TK-2102,CIV-FDN-1152|STA-TNK-1234|STA-TNK-1235
dpr_day_13.txt,2026-08-19,"10""-P-1602-B1A — crew on site, progress steady, as of 2026-08-17",PIP-UGS-1172,near_miss,2026-08-17,piping,test,shared_tag,"which activity on 10""-P-1602-B1A",PIP-UGS-1170|PIP-UGS-1171|PIP-UGS-1173|PIP-UGS-1174|PIP-UGS-1175|PIP-ERC-1352
dpr_day_13.txt,2026-08-19,"2""-P-2301-A6A — crew on site, progress steady",PIP-ERC-1350,near_miss,,piping,test,shared_tag,"which activity on 2""-P-2301-A6A",PIP-DRY-1515
dpr_day_13.txt,2026-08-19,"Install cable tray rack tier ongoing at site, as of yesterday",EL-TRK-1361,near_miss,2026-08-18,electrical,train,adjacent_sequence,2 / 450 / 600 / ladder / stretch / unit,EL-TRK-1360
dpr_day_13.txt,2026-08-19,Emergency contact list updated on all notice boards,NO_MATCH,no_match,,,train,,,
dpr_day_13.txt,2026-08-19,"Fuel tanker delayed at Numaligarh, expected tomorrow",NO_MATCH,no_match,,,dev,,,
dpr_day_14.txt,2026-08-27,"Crew deployed on Erect the eight inch line, glycol feed to contactor the separator vessel",PIP-ERC-1317,exact,,piping,train,,,
dpr_day_14.txt,2026-08-27,"12""-P-2101-A1A — Field welds and UT, tank farm manifold, welds 40-52, 6 nos out of 13 complete so far",PIP-WLD-1344,exact,,piping,dev,,,
dpr_day_14.txt,2026-08-27,"Erect the twelve inch line, the storage tank manifold tie-in delayed by 4 days, crane availability",PIP-ERC-1342,exact,,piping,train,,,
dpr_day_14.txt,2026-08-27,"Erect flare header the eighteen inch line, manifold to KO drum — 64 of 86 m done",PIP-ERC-1330,exact,,piping,dev,,,
dpr_day_14.txt,2026-08-27,"Erect the six inch line, fuel gas skid inlet in progress, 13 of 18 m achieved",PIP-ERC-1318,exact,,piping,train,,,
dpr_day_14.txt,2026-08-27,"Tank farm manifold 12""-P-2101-A1A, inlet/outlet TK-2101, finished 10 Sep, JMR raised",PIP-ERC-1340,exact,2026-09-10,piping,dev,,,
dpr_day_14.txt,2026-08-27,"Alloy weld and PMI, flare header, welds 20-31 ongoing",PIP-WLD-1332,exact,,piping,dev,,,
dpr_day_14.txt,2026-08-27,"Work front opened for Erect drain header 4""-P-1303-C5B, closed drain on 29/08/2026",PIP-ERC-1334,exact,2026-08-29,piping,train,,,
dpr_day_14.txt,2026-08-27,"Erect blowdown lines 6""-P-1302-A6A, wellhead SDVs in progress, 18 of 44 m achieved, as of 26/Aug/2026",PIP-ERC-1333,exact,2026-08-26,piping,train,,,
dpr_day_14.txt,2026-08-27,"Suction and discharge piping, pumps P-1401A/B to manifold — completed on 28 Aug",PIP-ERC-1341,exact,2026-08-28,piping,test,,,
dpr_day_14.txt,2026-08-27,"Water fill and calibration strapping, TK-2102 stopped, material shortage at store",STA-DRY-1522,exact,,static_equipment,train,,,
dpr_day_14.txt,2026-08-27,"Crew deployed on Set and terminate transformer T-2, 11/0.433 kV",EL-TRF-1372,exact,,electrical,test,,,
dpr_day_14.txt,2026-08-27,"Pull MV cable 11 kV, substation to transformer T-2 stopped, material shortage at store",EL-CBL-1375,exact,,electrical,test,,,
dpr_day_14.txt,2026-08-27,"Core termination and lacing, MCC-1 and MCC-2 completed 8 Aug",EL-CBL-1384,exact,2026-08-08,electrical,dev,,,
dpr_day_14.txt,2026-08-27,"Pull instrument cables, rack tier 2 to junction boxes box to the junction box in progress, 366 of 640 m achieved",INS-CBL-1396,exact,,instrumentation,dev,,,
dpr_day_14.txt,2026-08-27,"Install junction boxes JB-101 to JB-108, field, finished 27 Aug 2026, JMR raised",INS-JBX-1395,exact,2026-08-27,instrumentation,dev,,,
dpr_day_14.txt,2026-08-27,"Crew deployed on Pull home-run cables, JB-101 to JB-108 to control room FTA",INS-CBL-1397,exact,,instrumentation,dev,,,
dpr_day_14.txt,2026-08-27,"Terminate field instruments at JB-101 to JB-108, 62 nos out of 168 complete so far, as of 2026-08-26",INS-TER-1398,exact,2026-08-26,instrumentation,dev,,,
dpr_day_14.txt,2026-08-27,"Progressed the P-1401A scope today, 48% complete, as of 24/Aug/2026",STA-MCH-1240,near_miss,2026-08-24,static_equipment,test,shared_tag,which activity on P-1401A,STA-MCH-1241|STA-MCH-1242|PIP-ERC-1341|EL-CBL-1376|STA-ROT-1523|STA-ROT-1524
dpr_day_14.txt,2026-08-27,"Crew working on Pull MV cable 11 kV, substation to transformer",EL-CBL-1374,near_miss,,electrical,test,discriminator_omitted,1 / 2,EL-CBL-1375
dpr_day_14.txt,2026-08-27,"Team deployed on TK-2102, balance to follow",CIV-FDN-1152,near_miss,,civil,train,shared_tag,which activity on TK-2102,STA-TNK-1234|STA-TNK-1235|STA-DRY-1522
dpr_day_14.txt,2026-08-27,"Progressed the FST-1301 scope today, 80% complete",PIP-ERC-1331,near_miss,,piping,test,shared_tag,which activity on FST-1301,CIV-FDN-1127|STA-FLR-1220|STA-FLR-1221|STA-FLR-1223|STA-FLR-1224|STA-FLS-1526
dpr_day_14.txt,2026-08-27,"Progressed the JB-101 scope today, 43% complete, as of 25/08/2026",INS-TER-1398,near_miss,2026-08-25,instrumentation,dev,shared_tag,which activity on JB-101,INS-JBX-1395|INS-CBL-1396|INS-CBL-1397
dpr_day_14.txt,2026-08-27,"Crane operator on leave, replacement mobilised from Guwahati",NO_MATCH,no_match,,,dev,,,
dpr_day_14.txt,2026-08-27,Manpower histogram updated and circulated to the planning cell,NO_MATCH,no_match,,,test,,,
dpr_day_15.txt,2026-09-15,"alloy weld and pmi, flare header, welds 20-31, 7 nos out of 12 complete so far",PIP-WLD-1332,exact,,piping,dev,,,
dpr_day_15.txt,2026-09-15,"Tank farm manifold 12""-P-2101-A1A, inlet/outlet TK-2101, 13 of 44 m complete so far. thoda delay hua",PIP-ERC-1340,exact,,piping,dev,,,
dpr_day_15.txt,2026-09-15,"Suction and discharge piping, pumps P-1401A/B to manifold under way at the work front. baaki kal karenge",PIP-ERC-1341,exact,,piping,test,,,
dpr_day_15.txt,2026-09-15,"Erect line 8""-P-1004-A6A, glycol feed to contactor V-1201 ongoing. labour kam tha aaj",PIP-ERC-1317,exact,,piping,train,,,
dpr_day_15.txt,2026-09-15,"Erect 12""-P-2102-A1A, TK-2102 manifold tie-in completed 14 Sep. thoda delay hua",PIP-ERC-1342,exact,2026-09-14,piping,train,,,
dpr_day_15.txt,2026-09-15,"Field welds and UT, tank farm manifold, welds 40-52, tag 12""-P-2101-A1A, 7 nos out of 13 complete so far. baaki kal karenge",PIP-WLD-1344,exact,,piping,dev,,,
dpr_day_15.txt,2026-09-15,"Water fill and calibration strapping, TK-2102 — 423 of 1010 m3 done. material ka issue tha",STA-DRY-1522,exact,,static_equipment,train,,,
dpr_day_15.txt,2026-09-15,Crew deployed on Terminate field instruments at the junction box to,INS-TER-1398,exact,,instrumentation,dev,,,
dpr_day_15.txt,2026-09-15,"work front opened for pull home-run cables, jb-101 to jb-108 to control room fta on 12 sep 2026. aaj shuru kiya",INS-CBL-1397,exact,2026-09-12,instrumentation,dev,,,
dpr_day_15.txt,2026-09-15,"Pull instr cables, rack tier 2 to junction boxes box to the junction box — completed on 03/Sep/2026. aaj shuru kiya",INS-CBL-1396,exact,2026-09-03,instrumentation,dev,,,
dpr_day_15.txt,2026-09-15,"Team deployed on V-2101, balance to follow",CIV-FDN-1119,near_miss,,civil,dev,shared_tag,which activity on V-2101,CIV-FDN-1117|CIV-FDN-1118|STA-SET-1210|STA-INT-1213
dpr_day_15.txt,2026-09-15,"Ring wall foundation, storage tank ongoing at site",CIV-FDN-1150,near_miss,,civil,train,discriminator_omitted,2101 / 2102,CIV-FDN-1152
dpr_day_15.txt,2026-09-15,"Work continuing on V-1201, about 84% done",CIV-FDN-1109,near_miss,,civil,test,shared_tag,which activity on V-1201,CIV-FDN-1107|CIV-FDN-1108|STA-SET-1203
dpr_day_15.txt,2026-09-15,"Work continuing on TK-2101, about 55% done, as of 13 Sep",STA-TNK-1232,near_miss,2026-09-13,static_equipment,train,shared_tag,which activity on TK-2101,CIV-FDN-1150|CIV-FDN-1151|STA-TNK-1230|STA-TNK-1231|STA-TNK-1233|STA-DRY-1521
dpr_day_15.txt,2026-09-15,"Progressed the PK-2401 scope today, 71% complete, as of 12/Sep/2026",STA-MCH-1217,near_miss,2026-09-12,static_equipment,test,shared_tag,which activity on PK-2401,STA-MCH-1216|STA-CMP-1525
dpr_day_15.txt,2026-09-15,"V-1201 — crew on site, progress steady",STA-SET-1203,near_miss,,static_equipment,test,shared_tag,which activity on V-1201,CIV-FDN-1107|CIV-FDN-1108|CIV-FDN-1109
dpr_day_15.txt,2026-09-15,Client comments on the P&ID revision under incorporation,NO_MATCH,no_match,,,train,,,
dpr_day_15.txt,2026-09-15,"Ambient temperature 39 C, work rescheduled to early morning",NO_MATCH,no_match,,,train,,,
dpr_day_15.txt,2026-09-15,Method statement for tank erection resubmitted after comments,NO_MATCH,no_match,,,train,,,
dpr_day_16.txt,2026-09-25,"Hydrotest, tank farm manifold and pump suction (12""-P-2101-A1A) completed",PIP-HYT-1513,exact,,piping,dev,,,
dpr_day_16.txt,2026-09-25,"Tank farm manifold 12""-P-2101-A1A, inlet/outlet TK-2101 completed 15 Sep",PIP-ERC-1340,exact,2026-09-15,piping,dev,,,
dpr_day_16.txt,2026-09-25,"Erect 12""-P-2102-A1A, TK-2102 manifold tie-in — progress slow, 53% only",PIP-ERC-1342,exact,,piping,train,,,
dpr_day_16.txt,2026-09-25,"12""-P-2101-A1A — Field welds and UT, tank farm manifold, welds 40-52 in progress, 4 nos out of 13 achieved",PIP-WLD-1344,exact,,piping,dev,,,
dpr_day_16.txt,2026-09-25,"Erect the eight inch line, glycol feed to contactor the separator vessel — 7 of 26 m done",PIP-ERC-1317,exact,,piping,train,,,
dpr_day_16.txt,2026-09-25,"Motor bump test, the pumps, 1 nos out of 2 complete so far",STA-ROT-1523,exact,,static_equipment,test,,,
dpr_day_16.txt,2026-09-25,"Performance run, crude transfer the pumps closed out 27 Sep",STA-ROT-1524,exact,2026-09-27,static_equipment,test,,,
dpr_day_16.txt,2026-09-25,"Water fill and calibration strapping, the storage tank in progress, 375 of 1010 m3 achieved",STA-DRY-1522,exact,,static_equipment,train,,,
dpr_day_16.txt,2026-09-25,Protective relay setting and primary injection tests completed 29/Sep/2026,EL-ENS-1531,exact,2026-09-29,electrical,train,,,
dpr_day_16.txt,2026-09-25,"Insulation resistance and hi-pot tests, MV cables to T-1 and T-2 — closed out this week",EL-ENS-1530,exact,,electrical,test,,,
dpr_day_16.txt,2026-09-25,"Terminate field instruments at JB-101 to JB-108, 77 nos out of 168 complete so far",INS-TER-1398,exact,,instrumentation,dev,,,
dpr_day_16.txt,2026-09-25,"Mechanical Completion, Tank Farm and Utilities in progress, about 87% complete",HSE-MS-1502,exact,,hse,dev,,,
dpr_day_16.txt,2026-09-25,"10""-P-1602-B1A — crew on site, progress steady",PIP-UGS-1170,near_miss,,piping,test,shared_tag,"which activity on 10""-P-1602-B1A",PIP-UGS-1171|PIP-UGS-1172|PIP-UGS-1173|PIP-UGS-1174|PIP-UGS-1175|PIP-ERC-1352
dpr_day_16.txt,2026-09-25,"Hydrotest firewater main 10""- -1602-B1A, to Unit 1, work in progress, as of 22 Sep",PIP-UGS-1172,near_miss,2026-09-22,piping,test,discriminator_omitted,manifold / 2,PIP-UGS-1173
dpr_day_16.txt,2026-09-25,"Progressed the 24""-P-1001-A1A scope today, 62% complete, as of 23/09/2026",PIP-ERC-1311,near_miss,2026-09-23,piping,dev,shared_tag,"which activity on 24""-P-1001-A1A",PIP-FAB-1310|PIP-ERC-1312|PIP-HLT-1314
dpr_day_16.txt,2026-09-25,"Progressed the 2""-P-2301-A6A scope today, 39% complete",PIP-DRY-1515,near_miss,,piping,test,shared_tag,"which activity on 2""-P-2301-A6A",PIP-ERC-1350
dpr_day_16.txt,2026-09-25,"12""-P-2101-A1A — crew on site, progress steady, as of 25/09/2026",PIP-HYT-1513,near_miss,2026-09-25,piping,dev,shared_tag,"which activity on 12""-P-2101-A1A",PIP-ERC-1340|PIP-WLD-1344
dpr_day_16.txt,2026-09-25,"Progressed the P-1401A scope today, 26% complete",STA-MCH-1241,near_miss,,static_equipment,test,shared_tag,which activity on P-1401A,STA-MCH-1240|STA-MCH-1242|PIP-ERC-1341|EL-CBL-1376|STA-ROT-1523|STA-ROT-1524
dpr_day_16.txt,2026-09-25,"Access road washed out after overnight rain, grading needed",NO_MATCH,no_match,,,train,,,
dpr_day_16.txt,2026-09-25,"Unplanned soil replacement below the store shed, 60 m3 removed",NO_MATCH,no_match,,,dev,,,
dpr_day_16.txt,2026-09-25,Fog delayed the morning shift start by two hours,NO_MATCH,no_match,,,train,,,
dpr_day_17.txt,2026-10-07,"Erect the twelve inch line, test separator loop taken up at site",PIP-ERC-1316,exact,,piping,train,,,
dpr_day_17.txt,2026-10-07,"Shop fabrication, 24""-P-1001-A1A spools started 6 Oct 2026",PIP-FAB-1310,exact,2026-10-06,piping,dev,,,
dpr_day_17.txt,2026-10-07,"Shop fabrication, Unit 2 flowline manifolds stopped, material shortage at store",PIP-FAB-1320,exact,,piping,train,,,
dpr_day_17.txt,2026-10-07,"Hydrotest, tank farm manifold and pump suction, tag 12""-P-2101-A1A closed out 23/Sep/2026",PIP-HYT-1513,exact,2026-09-23,piping,dev,,,
dpr_day_17.txt,2026-10-07,"Crew deployed on Erect line 10""-P-2002-A5A, test header Unit 2",PIP-ERC-1322,exact,,piping,test,,,
dpr_day_17.txt,2026-10-07,"Erect Line 24""-P-1001-A1A, Unit 2 rack, finished 16/Oct/2026, JMR raised",PIP-ERC-1311,exact,2026-10-16,piping,dev,,,
dpr_day_17.txt,2026-10-07,"Support fabrication and installation, the twenty four inch line delayed by 5 days, crane availability",PIP-HLT-1314,exact,,piping,dev,,,
dpr_day_17.txt,2026-10-07,"Erect line 20""-P-2001-A1A, Unit 2 production header — commenced 24 Oct",PIP-ERC-1321,exact,2026-10-24,piping,train,,,
dpr_day_17.txt,2026-10-07,"Pipe supports and guides, Unit 2 rack stretch — 11 nos out of 19 done",PIP-HLT-1325,exact,,piping,train,,,
dpr_day_17.txt,2026-10-07,"Load test, compressor package PK-2401 in progress, 1 nos out of 1 achieved",STA-CMP-1525,exact,,static_equipment,test,,,
dpr_day_17.txt,2026-10-07,"Water fill and calibration strapping, TK-2102 in progress, 525 of 1010 m3 achieved",STA-DRY-1522,exact,,static_equipment,train,,,
dpr_day_17.txt,2026-10-07,"Mobilised for Water fill and settlement check, TK-2101",STA-DRY-1521,exact,,static_equipment,train,,,
dpr_day_17.txt,2026-10-07,"Motor bump test, pumps P-1401A/B — progress slow, 30% only",STA-ROT-1523,exact,,static_equipment,test,,,
dpr_day_17.txt,2026-10-07,"Performance run, crude transfer the pumps in progress, 1 nos out of 2 achieved",STA-ROT-1524,exact,,static_equipment,test,,,
dpr_day_17.txt,2026-10-07,"Substation energization in progress, about 31% complete, as of 5 Oct 2026",EL-ENS-1532,exact,2026-10-05,electrical,test,,,
dpr_day_17.txt,2026-10-07,"Insulation resistance and hi-pot tests, MV cables to the transformer and under way at the work front",EL-ENS-1530,exact,,electrical,test,,,
dpr_day_17.txt,2026-10-07,Protective relay setting and primary injection tests — completed on 2 Oct,EL-ENS-1531,exact,2026-10-02,electrical,train,,,
dpr_day_17.txt,2026-10-07,"Mechanical Completion, Tank Farm and Utilities — closed out this week",HSE-MS-1502,exact,,hse,dev,,,
dpr_day_17.txt,2026-10-07,"JB-101 — crew on site, progress steady",INS-CBL-1397,near_miss,,instrumentation,dev,shared_tag,which activity on JB-101,INS-JBX-1395|INS-CBL-1396|INS-TER-1398
dpr_day_17.txt,2026-10-07,"T-2 activity ongoing, no issues reported",EL-TRF-1372,near_miss,,electrical,test,shared_tag,which activity on T-2,EL-CBL-1375
dpr_day_17.txt,2026-10-07,"T-2 — crew on site, progress steady",EL-TRF-1372,near_miss,,electrical,test,shared_tag,which activity on T-2,EL-CBL-1375
dpr_day_17.txt,2026-10-07,"V-2201 — crew on site, progress steady, as of 5 Oct",STA-SET-1211,near_miss,2026-10-05,static_equipment,train,shared_tag,which activity on V-2201,CIV-FDN-1120|STA-INT-1214
dpr_day_17.txt,2026-10-07,"Team deployed on WHCP-2101, balance to follow, as of 05/10/2026",STA-SET-1212,near_miss,2026-10-05,static_equipment,train,shared_tag,which activity on WHCP-2101,CIV-FDN-1116|EL-CBL-1377
dpr_day_17.txt,2026-10-07,"Team deployed on V-1201, balance to follow, as of 4 Oct 2026",CIV-FDN-1108,near_miss,2026-10-04,civil,test,shared_tag,which activity on V-1201,CIV-FDN-1107|CIV-FDN-1109|STA-SET-1203
dpr_day_17.txt,2026-10-07,Vendor representative for the compressor arrives next Tuesday,NO_MATCH,no_match,,,dev,,,
dpr_day_17.txt,2026-10-07,Material reconciliation meeting held with the client store,NO_MATCH,no_match,,,train,,,
dpr_day_17.txt,2026-10-07,"Provision of an extra fire extinguisher rack at the workshop, VO raised",NO_MATCH,no_match,,,test,,,
dpr_day_18.txt,2026-10-21,"Mobilised for Field weld and RT, Unit 2 header welds 19-34",PIP-WLD-1323,exact,,piping,dev,,,
dpr_day_18.txt,2026-10-21,"Bolt torque and gasket joint assembly, Unit 2 manifold — closed out this week",PIP-BLT-1324,exact,,piping,dev,,,
dpr_day_18.txt,2026-10-21,"Hydrotest package 1, Unit 1 lines the sixteen inch line and the twelve inch line — progress slow, 54% only",PIP-HYT-1510,exact,,piping,dev,,,
dpr_day_18.txt,2026-10-21,"Mobilised for Erect line 20""-P-2001-A1A, Unit 2 production header",PIP-ERC-1321,exact,,piping,train,,,
dpr_day_18.txt,2026-10-21,"20""-P-2001-A1A — Pipe supports and guides, Unit 2 rack stretch — 7 nos out of 19 done, as of 2026-10-21",PIP-HLT-1325,exact,2026-10-21,piping,train,,,
dpr_day_18.txt,2026-10-21,"Pneumatic leak test with nitrogen, flare header, tag 18""-P-1301-B7A — completed on 2 Nov",PIP-HYT-1512,exact,2026-11-02,piping,dev,,,
dpr_day_18.txt,2026-10-21,"Erect Line 24""-P-1001-A1A, Unit 2 rack completed 18/10/2026",PIP-ERC-1311,exact,2026-10-18,piping,dev,,,
dpr_day_18.txt,2026-10-21,"Erect line 12""-P-1003-A5A, test separator loop — closed out this week",PIP-ERC-1316,exact,,piping,train,,,
dpr_day_18.txt,2026-10-21,"Erect line 10""-P-2002-A5A, test header Unit 2 closed out 26 Oct",PIP-ERC-1322,exact,2026-10-26,piping,test,,,
dpr_day_18.txt,2026-10-21,"Erect crude header 24""-P-1001-A1A, tank farm approach, finished 31 Oct 2026, JMR raised",PIP-ERC-1312,exact,2026-10-31,piping,dev,,,
dpr_day_18.txt,2026-10-21,"Support fabrication and installation, line 24""-P-1001-A1A, finished 19 Oct, JMR raised",PIP-HLT-1314,exact,2026-10-19,piping,dev,,,
dpr_day_18.txt,2026-10-21,"Tightness and pressure test, separators V-1101 and V-1201, 1 nos out of 2 complete so far",STA-PRS-1520,exact,,static_equipment,train,,,
dpr_day_18.txt,2026-10-21,"Load test, compressor package under way at the work front",STA-CMP-1525,exact,,static_equipment,test,,,
dpr_day_18.txt,2026-10-21,"Install conduits and flexible connections, Unit 1/2 equipment, 16 nos out of 38 complete so far",EL-TRK-1362,exact,,electrical,train,,,
dpr_day_18.txt,2026-10-21,"Substation energization in progress, about 50% complete, as of 21 Oct",EL-ENS-1532,exact,2026-10-21,electrical,test,,,
dpr_day_18.txt,2026-10-21,Install temperature elements element to the temperature element — 10 nos out of 12 done,INS-FIT-1393,exact,,instrumentation,train,,,
dpr_day_18.txt,2026-10-21,"Install flow meter elements FE-1401 to FE-1408, Unit 2 held up, awaiting client RFI clearance",INS-FIT-1394,exact,,instrumentation,dev,,,
dpr_day_18.txt,2026-10-21,Work front opened for Mechanical Completion Unit 1 on 2026-10-31,HSE-MS-1500,exact,2026-10-31,hse,dev,,,
dpr_day_18.txt,2026-10-21,"Progressed the TK-2101 scope today, 75% complete",STA-TNK-1231,near_miss,,static_equipment,train,shared_tag,which activity on TK-2101,CIV-FDN-1150|CIV-FDN-1151|STA-TNK-1230|STA-TNK-1232|STA-TNK-1233|STA-DRY-1521
dpr_day_18.txt,2026-10-21,"Team deployed on TK-2101, balance to follow",STA-TNK-1233,near_miss,,static_equipment,train,shared_tag,which activity on TK-2101,CIV-FDN-1150|CIV-FDN-1151|STA-TNK-1230|STA-TNK-1231|STA-TNK-1232|STA-DRY-1521
dpr_day_18.txt,2026-10-21,"Work continuing on V-2101, about 53% done, as of 19 Oct",STA-INT-1213,near_miss,2026-10-19,static_equipment,dev,shared_tag,which activity on V-2101,CIV-FDN-1117|CIV-FDN-1118|CIV-FDN-1119|STA-SET-1210
dpr_day_18.txt,2026-10-21,"V-1101 — crew on site, progress steady, as of 20/Oct/2026",CIV-FDN-1106,near_miss,2026-10-20,civil,dev,shared_tag,which activity on V-1101,CIV-FDN-1102|CIV-FDN-1103|CIV-FDN-1104|CIV-FDN-1105|STA-SET-1200|STA-SET-1201|STA-SET-1202|STA-PRS-1520
dpr_day_18.txt,2026-10-21,"Cable trench with precast covers, to substation, work in progress",CIV-UGS-1181,near_miss,,civil,test,discriminator_omitted,1 / 2,CIV-UGS-1180
dpr_day_18.txt,2026-10-21,Additional cable route survey requested for future Unit 3 tie-in,NO_MATCH,no_match,,,dev,,,
dpr_day_18.txt,2026-10-21,Alcohol breathalyser checks carried out at the main gate,NO_MATCH,no_match,,,train,,,
dpr_day_18.txt,2026-10-21,"Near miss reported: dropped spanner at the rack, no injury",NO_MATCH,no_match,,,dev,,,
dpr_day_19.txt,2026-11-01,"Field weld and NDT, crude header rack welds 1-18 is done and signed off",PIP-WLD-1313,exact,,piping,train,,,
dpr_day_19.txt,2026-11-01,"Pneumatic leak test with nitrogen, flare header, tag 18""-P-1301-B7A — completed on 02/Nov/2026",PIP-HYT-1512,exact,2026-11-02,piping,dev,,,
dpr_day_19.txt,2026-11-01,"Hydrotest package 1, Unit 1 lines 16""-P-1002-A1A and 12""-P-1003-A5A held up, awaiting client RFI clearance",PIP-HYT-1510,exact,,piping,dev,,,
dpr_day_19.txt,2026-11-01,"Erect crude header 24""-P-1001-A1A, tank farm approach started 31/10/2026",PIP-ERC-1312,exact,2026-10-31,piping,dev,,,
dpr_day_19.txt,2026-11-01,"Field weld and RT, Unit 2 header welds 19-34 under way at the work front",PIP-WLD-1323,exact,,piping,dev,,,
dpr_day_19.txt,2026-11-01,"Support fabrication and installation, line 24""-P-1001-A1A — closed out this week",PIP-HLT-1314,exact,,piping,dev,,,
dpr_day_19.txt,2026-11-01,"Erect line 20""-P-2001-A1A, Unit 2 production header stopped, material shortage at store",PIP-ERC-1321,exact,,piping,train,,,
dpr_day_19.txt,2026-11-01,"Erect the ten inch line, test header Unit 2 — commenced 30/10/2026",PIP-ERC-1322,exact,2026-10-30,piping,test,,,
dpr_day_19.txt,2026-11-01,"Bolt torque and gasket joint assembly, Unit 2 manifold in progress, 15 nos out of 48 achieved",PIP-BLT-1324,exact,,piping,dev,,,
dpr_day_19.txt,2026-11-01,"Erect line 12""-P-1003-A5A, test separator loop — completed on 24/Oct/2026",PIP-ERC-1316,exact,2026-10-24,piping,train,,,
dpr_day_19.txt,2026-11-01,"Erect Line 24""-P-1001-A1A, Unit 2 rack closed out 22 Oct",PIP-ERC-1311,exact,2026-10-22,piping,dev,,,
dpr_day_19.txt,2026-11-01,"Pipe supports and guides, Unit 2 rack stretch (20""-P-2001-A1A), 11 nos out of 19 complete so far",PIP-HLT-1325,exact,,piping,train,,,
dpr_day_19.txt,2026-11-01,Flare pilot ignition and pilot line purge test — completed on 5 Nov 2026,STA-FLS-1526,exact,2026-11-05,static_equipment,test,,,
dpr_day_19.txt,2026-11-01,"Tightness and pressure test, separators V-1101 and V-1201 held up, awaiting client RFI clearance",STA-PRS-1520,exact,,static_equipment,train,,,
dpr_day_19.txt,2026-11-01,"Install conduits and flexible connections, Unit 1/2 equipment under way at the work front",EL-TRK-1362,exact,,electrical,train,,,
dpr_day_19.txt,2026-11-01,Install temperature elements TE-1301 to TE-1312 started 2026-10-30,INS-FIT-1393,exact,2026-10-30,instrumentation,train,,,
dpr_day_19.txt,2026-11-01,"Install flow meter elements to the flow meter, Unit 2 in progress, 4 nos out of 8 achieved",INS-FIT-1394,exact,,instrumentation,dev,,,
dpr_day_19.txt,2026-11-01,"Mechanical Completion Unit 1 — progress slow, 56% only",HSE-MS-1500,exact,,hse,dev,,,
dpr_day_19.txt,2026-11-01,"Progressed the 20""-P-2001-A1A scope today, 59% complete",PIP-HLT-1325,near_miss,,piping,train,shared_tag,"which activity on 20""-P-2001-A1A",PIP-ERC-1321
dpr_day_19.txt,2026-11-01,"Progressed the 10""-P-1602-B1A scope today, 81% complete",PIP-UGS-1173,near_miss,,piping,test,shared_tag,"which activity on 10""-P-1602-B1A",PIP-UGS-1170|PIP-UGS-1171|PIP-UGS-1172|PIP-UGS-1174|PIP-UGS-1175|PIP-ERC-1352
dpr_day_19.txt,2026-11-01,"Work continuing on 20""-P-2001-A1A, about 80% done",PIP-ERC-1321,near_miss,,piping,train,shared_tag,"which activity on 20""-P-2001-A1A",PIP-HLT-1325
dpr_day_19.txt,2026-11-01,"Work continuing on V-2101, about 20% done, as of 2026-10-29",CIV-FDN-1118,near_miss,2026-10-29,civil,dev,shared_tag,which activity on V-2101,CIV-FDN-1117|CIV-FDN-1119|STA-SET-1210|STA-INT-1213
dpr_day_19.txt,2026-11-01,"Set and terminate transformer, 11/0.433 kV ongoing at site, as of 30/10/2026",EL-TRF-1371,near_miss,2026-10-30,electrical,test,discriminator_omitted,1 / 2,EL-TRF-1372
dpr_day_19.txt,2026-11-01,Permit audit carried out by the client HSE officer,NO_MATCH,no_match,,,train,,,
dpr_day_19.txt,2026-11-01,Ground water table encountered higher than the soil report indicated,NO_MATCH,no_match,,,test,,,
dpr_day_19.txt,2026-11-01,"Mock fire drill conducted at the temporary office, 3 minutes response",NO_MATCH,no_match,,,train,,,
dpr_day_20.txt,2026-11-17,"Flush, dry and reinstate, test packs 1-3 completed",PIP-FLS-1514,exact,,piping,train,,,
dpr_day_20.txt,2026-11-17,"Hydrotest package 2, Unit 2 header the twenty inch line — 2 nos out of 3 done",PIP-HYT-1511,exact,,piping,train,,,
dpr_day_20.txt,2026-11-17,"Air blowing and drying, instrument air header in progress, 1 nos out of 1 achieved",PIP-DRY-1515,exact,,piping,test,,,
dpr_day_20.txt,2026-11-17,"Erect crude header 24""-P-1001-A1A, tank farm approach delayed by 3 days, crane availability",PIP-ERC-1312,exact,,piping,dev,,,
dpr_day_20.txt,2026-11-17,"Field weld and NDT, crude header rack welds 1-18, finished 09/11/2026, JMR raised",PIP-WLD-1313,exact,2026-11-09,piping,train,,,
dpr_day_20.txt,2026-11-17,"Tightness and pressure test, separators V-1101 and V-1201 completed",STA-PRS-1520,exact,,static_equipment,train,,,
dpr_day_20.txt,2026-11-17,"Flare pilot ignition and pilot line purge test (FST-1301), 1 nos out of 1 complete so far",STA-FLS-1526,exact,,static_equipment,test,,,
dpr_day_20.txt,2026-11-17,"Install ESD valve solenoids and actuation hook-up, blowdown headers the six inch line — progress slow, 55% only",INS-IMP-1399,exact,,instrumentation,train,,,
dpr_day_20.txt,2026-11-17,"Loop check, tank farm and utilities loops in progress, 6 nos out of 16 achieved",INS-CHK-1408,exact,,instrumentation,train,,,
dpr_day_20.txt,2026-11-17,"Revalidation of loop checks, post hydrotest in progress, 49 nos out of 66 achieved",INS-CHK-1540,exact,,instrumentation,dev,,,
dpr_day_20.txt,2026-11-17,"Install flow meter elements FE-1401 to FE-1408, Unit 2, finished 5 Nov, JMR raised",INS-FIT-1394,exact,2026-11-05,instrumentation,dev,,,
dpr_day_20.txt,2026-11-17,"Loop check, Unit 2 loops to the unit — progress slow, 43% only",INS-CHK-1407,exact,,instrumentation,dev,,,
dpr_day_20.txt,2026-11-17,"PESO statutory inspection, flare system and pressure vessels V-1101/V-1201/V-2101, finished 2026-11-09, JMR raised",HSE-REG-1545,exact,2026-11-09,hse,test,,,
dpr_day_20.txt,2026-11-17,As-built markup verification and red-line transfer under way at the work front,HSE-DOC-1551,exact,,hse,dev,,,
dpr_day_20.txt,2026-11-17,PCB consent and factory inspectorate compliance walkthrough under way at the work front,HSE-REG-1546,exact,,hse,test,,,
dpr_day_20.txt,2026-11-17,"PESO statutory inspection, tanks TK-2101 and TK-2102 completed 12 Nov",HSE-REG-1544,exact,2026-11-12,hse,train,,,
dpr_day_20.txt,2026-11-17,Mechanical Completion Unit 2 taken up at site,HSE-MS-1501,exact,,hse,dev,,,
dpr_day_20.txt,2026-11-17,"FST-1301 — crew on site, progress steady, as of 15 Nov",CIV-FDN-1127,near_miss,2026-11-15,civil,test,shared_tag,which activity on FST-1301,STA-FLR-1220|STA-FLR-1221|STA-FLR-1223|STA-FLR-1224|PIP-ERC-1331|STA-FLS-1526
dpr_day_20.txt,2026-11-17,"Lay and compact WMM, road U1 — 21% done",CIV-RDS-1013,near_miss,,civil,train,discriminator_omitted,0 / 320,CIV-RDS-1012
dpr_day_20.txt,2026-11-17,"Crew working on and internal road Unit, as of 17 Nov",CIV-RDS-1011,near_miss,2026-11-17,civil,train,adjacent_sequence,access / and / base / grade / granular / laying,CIV-RDS-1010
dpr_day_20.txt,2026-11-17,"internal road Unit — 61% done, as of 17/Nov/2026",CIV-RDS-1010,near_miss,2026-11-17,civil,train,adjacent_sequence,access / and / base / grade / granular / laying,CIV-RDS-1011
dpr_day_20.txt,2026-11-17,"Work continuing on WHCP-2101, about 80% done",EL-CBL-1377,near_miss,,electrical,train,shared_tag,which activity on WHCP-2101,CIV-FDN-1116|STA-SET-1212
dpr_day_20.txt,2026-11-17,"Team deployed on V-1101, balance to follow",STA-SET-1200,near_miss,,static_equipment,dev,shared_tag,which activity on V-1101,CIV-FDN-1102|CIV-FDN-1103|CIV-FDN-1104|CIV-FDN-1105|CIV-FDN-1106|STA-SET-1201|STA-SET-1202|STA-PRS-1520
dpr_day_20.txt,2026-11-17,Site flooded near the south fence after the Brahmaputra rose,NO_MATCH,no_match,,,dev,,,
dpr_day_20.txt,2026-11-17,Housekeeping drive carried out across all work fronts,NO_MATCH,no_match,,,train,,,
dpr_day_21.txt,2026-11-30,"Install restriction orifice spools and sampling connections, Unit 1 closed out 27/Nov/2026",PIP-INS-1319,exact,2026-11-27,piping,train,,,
dpr_day_21.txt,2026-11-30,"Erect line 16""-P-1002-A1A, gas service, Unit 1 manifold in progress, 30 of 54 m achieved, as of 29 Nov",PIP-ERC-1315,exact,2026-11-29,piping,test,,,
dpr_day_21.txt,2026-11-30,"Install fire and gas detectors, wellhead and manifold held up, awaiting client RFI clearance",INS-FIT-1400,exact,,instrumentation,train,,,
dpr_day_21.txt,2026-11-30,"Install instrument air tubing stubs and manifolds, takeoffs from the two inch line completed",INS-IMP-1390,exact,,instrumentation,test,,,
dpr_day_21.txt,2026-11-30,"Install pressure transmitters transmitter to the pressure transmitter, Unit 1 — completed on 2026-11-30",INS-FIT-1391,exact,2026-11-30,instrumentation,train,,,
dpr_day_21.txt,2026-11-30,"Install ESD valve solenoids and actuation hook-up, blowdown headers the six inch line, 7 nos out of 10 complete so far",INS-IMP-1399,exact,,instrumentation,train,,,
dpr_day_21.txt,2026-11-30,Compilation of handover dossiers and O&M manuals taken up at site,HSE-DOC-1552,exact,,hse,train,,,
dpr_day_21.txt,2026-11-30,As-built markup verification and red-line transfer — completed on 26/11/2026,HSE-DOC-1551,exact,2026-11-26,hse,dev,,,
dpr_day_21.txt,2026-11-30,"Team deployed on JB-101, balance to follow, as of 28 Nov",INS-CBL-1397,near_miss,2026-11-28,instrumentation,dev,shared_tag,which activity on JB-101,INS-JBX-1395|INS-CBL-1396|INS-TER-1398
dpr_day_21.txt,2026-11-30,"JB-101 — crew on site, progress steady",INS-CBL-1396,near_miss,,instrumentation,dev,shared_tag,which activity on JB-101,INS-JBX-1395|INS-CBL-1397|INS-TER-1398
dpr_day_21.txt,2026-11-30,"Team deployed on V-1101, balance to follow",STA-SET-1202,near_miss,,static_equipment,dev,shared_tag,which activity on V-1101,CIV-FDN-1102|CIV-FDN-1103|CIV-FDN-1104|CIV-FDN-1105|CIV-FDN-1106|STA-SET-1200|STA-SET-1201|STA-PRS-1520
dpr_day_21.txt,2026-11-30,"Work continuing on TK-2102, about 20% done",STA-TNK-1234,near_miss,,static_equipment,train,shared_tag,which activity on TK-2102,CIV-FDN-1152|STA-TNK-1235|STA-DRY-1522
dpr_day_21.txt,2026-11-30,"Progressed the PK-2401 scope today, 74% complete, as of 29 Nov",STA-CMP-1525,near_miss,2026-11-29,static_equipment,test,shared_tag,which activity on PK-2401,STA-MCH-1216|STA-MCH-1217
dpr_day_21.txt,2026-11-30,"Sleeper and column footings, pipe rack ongoing at site, as of 27/Nov/2026",CIV-FDN-1166,near_miss,2026-11-27,civil,train,discriminator_omitted,1 / 2,CIV-FDN-1165|CIV-FDN-1167
dpr_day_21.txt,2026-11-30,Subcontractor invoice verification pending with commercial team,NO_MATCH,no_match,,,dev,,,
dpr_day_21.txt,2026-11-30,"Idle time recorded for the piling rig, awaiting client decision",NO_MATCH,no_match,,,train,,,
dpr_day_22.txt,2026-12-17,"erect the sixteen inch line, gas service, unit 1 manifold held up, awaiting client rfi clearance. material ka issue tha",PIP-ERC-1315,exact,,piping,test,,,
dpr_day_22.txt,2026-12-17,"Install restriction orifice spools and sampling connections, Unit 1 ongoing",PIP-INS-1319,exact,,piping,train,,,
dpr_day_22.txt,2026-12-17,"72-hour integrated reliability run, process train stopped, material shortage at store",STA-RUN-1527,exact,,static_equipment,dev,,,
dpr_day_22.txt,2026-12-17,"Cause and effect testing, ESD shutdown matrix — completed on 21 Dec",INS-CHK-1409,exact,2026-12-21,instrumentation,train,,,
dpr_day_22.txt,2026-12-17,mobilised for integrated esd and blowdown function test,INS-CHK-1542,exact,,instrumentation,dev,,,
dpr_day_22.txt,2026-12-17,Fire and gas detection system function test — completed on 11 Dec. material ka issue tha,INS-CMS-1541,exact,2026-12-11,instrumentation,dev,,,
dpr_day_22.txt,2026-12-17,"Instrument loops certified (RFSI) in progress, about 48% complete. material ka issue tha",INS-MS-1543,exact,,instrumentation,dev,,,
dpr_day_22.txt,2026-12-17,"Calibrate transmitters and switches, workshop bench, 40 nos out of 60 complete so far",INS-CAL-1405,exact,,instrumentation,test,,,
dpr_day_22.txt,2026-12-17,"Install fire and gas detectors, wellhead and manifold taken up at site. aaj shuru kiya",INS-FIT-1400,exact,,instrumentation,train,,,
dpr_day_22.txt,2026-12-17,"Loop check, Unit 1 loops L-1101 to L-1128 is done and signed off",INS-CHK-1406,exact,,instrumentation,dev,,,
dpr_day_22.txt,2026-12-17,"Install instrument air tubing stubs and manifolds, takeoffs from the two inch line started 14 Dec. thoda delay hua",INS-IMP-1390,exact,2026-12-14,instrumentation,test,,,
dpr_day_22.txt,2026-12-17,"Install pressure transmitters PT-1101 to PT-1114, Unit 1 ongoing",INS-FIT-1391,exact,,instrumentation,train,,,
dpr_day_22.txt,2026-12-17,"Install ESD valve solenoids and actuation hook-up, blowdown headers the six inch line — completed on 21 Nov",INS-IMP-1399,exact,2026-11-21,instrumentation,train,,,
dpr_day_22.txt,2026-12-17,"Operations training and familiarization, OIL staff — closed out this week. aaj shuru kiya",HSE-TRN-1553,exact,,hse,train,,,
dpr_day_22.txt,2026-12-17,Pre-startup safety review (PSSR) walkthrough is done and signed off,HSE-PSC-1550,exact,,hse,test,,,
dpr_day_22.txt,2026-12-17,RFSU Unit 1 completed. kaam chalu hai,HSE-HDO-1554,exact,,hse,dev,,,
dpr_day_22.txt,2026-12-17,Compilation of handover dossiers and O&M manuals closed out 2026-12-02,HSE-DOC-1552,exact,2026-12-02,hse,train,,,
dpr_day_22.txt,2026-12-17,As-built markup verification and red-line transfer taken up at site. kaam chalu hai,HSE-DOC-1551,exact,,hse,dev,,,
dpr_day_22.txt,2026-12-17,"Team deployed on TK-2101, balance to follow",CIV-FDN-1150,near_miss,,civil,train,shared_tag,which activity on TK-2101,CIV-FDN-1151|STA-TNK-1230|STA-TNK-1231|STA-TNK-1232|STA-TNK-1233|STA-DRY-1521
dpr_day_22.txt,2026-12-17,"V-1101 activity ongoing, no issues reported",CIV-FDN-1104,near_miss,,civil,dev,shared_tag,which activity on V-1101,CIV-FDN-1102|CIV-FDN-1103|CIV-FDN-1105|CIV-FDN-1106|STA-SET-1200|STA-SET-1201|STA-SET-1202|STA-PRS-1520
dpr_day_22.txt,2026-12-17,"Progressed the V-1101 scope today, 65% complete",CIV-FDN-1105,near_miss,,civil,dev,shared_tag,which activity on V-1101,CIV-FDN-1102|CIV-FDN-1103|CIV-FDN-1104|CIV-FDN-1106|STA-SET-1200|STA-SET-1201|STA-SET-1202|STA-PRS-1520
dpr_day_22.txt,2026-12-17,"Fit internals and demisters, work in progress",STA-INT-1214,near_miss,,static_equipment,train,discriminator_omitted,2101 / load / 2201,STA-INT-1213
dpr_day_22.txt,2026-12-17,"T-2 activity ongoing, no issues reported",EL-CBL-1375,near_miss,,electrical,test,shared_tag,which activity on T-2,EL-TRF-1372
dpr_day_22.txt,2026-12-17,"Waterlogging in the excavation, dewatering pumps deployed overnight",NO_MATCH,no_match,,,train,,,
dpr_day_22.txt,2026-12-17,Site ambulance serviced and returned to standby,NO_MATCH,no_match,,,train,,,
dpr_day_22.txt,2026-12-17,"Extra crash barrier at the tanker turning circle, quoted separately",NO_MATCH,no_match,,,dev,,,
dpr_day_23.txt,2026-12-27,"Install restriction orifice spools and sampling connections, Unit 1 — completed on 28/11/2026",PIP-INS-1319,exact,2026-11-28,piping,train,,,
dpr_day_23.txt,2026-12-27,"Erect the sixteen inch line, gas service, Unit 1 manifold completed 28/11/2026",PIP-ERC-1315,exact,2026-11-28,piping,test,,,
dpr_day_23.txt,2026-12-27,"72-hour integrated reliability run, process train — closed out this week",STA-RUN-1527,exact,,static_equipment,dev,,,
dpr_day_23.txt,2026-12-27,"Install pressure transmitters PT-1101 to PT-1114, Unit 1 — closed out this week",INS-FIT-1391,exact,,instrumentation,train,,,
dpr_day_23.txt,2026-12-27,Integrated ESD and blowdown function test ongoing,INS-CHK-1542,exact,,instrumentation,dev,,,
dpr_day_23.txt,2026-12-27,"Cause and effect testing, ESD shutdown matrix delayed by 3 days, crane availability",INS-CHK-1409,exact,,instrumentation,train,,,
dpr_day_23.txt,2026-12-27,"Calibrate transmitters and switches, workshop bench completed 12/12/2026",INS-CAL-1405,exact,2026-12-12,instrumentation,test,,,
dpr_day_23.txt,2026-12-27,"Install instrument air tubing stubs and manifolds, takeoffs from the two inch line stopped, material shortage at store",INS-IMP-1390,exact,,instrumentation,test,,,
dpr_day_23.txt,2026-12-27,"Instrument loops certified (RFSI) in progress, about 31% complete, as of 27 Dec",INS-MS-1543,exact,2026-12-27,instrumentation,dev,,,
dpr_day_23.txt,2026-12-27,Fire and gas detection system function test — 21 nos out of 32 done,INS-CMS-1541,exact,,instrumentation,dev,,,
dpr_day_23.txt,2026-12-27,"Install fire and gas detectors, wellhead and manifold completed",INS-FIT-1400,exact,,instrumentation,train,,,
dpr_day_23.txt,2026-12-27,"Install ESD valve solenoids and actuation hook-up, blowdown headers the six inch line completed 21 Nov 2026",INS-IMP-1399,exact,2026-11-21,instrumentation,train,,,
dpr_day_23.txt,2026-12-27,"Loop check, Unit 1 loops L-1101 to L-1128 completed",INS-CHK-1406,exact,,instrumentation,dev,,,
dpr_day_23.txt,2026-12-27,"Pre-startup safety review (PSSR) walkthrough held up, awaiting client RFI clearance",HSE-PSC-1550,exact,,hse,test,,,
dpr_day_23.txt,2026-12-27,Compilation of handover dossiers and O&M manuals completed 2 Dec 2026,HSE-DOC-1552,exact,2026-12-02,hse,train,,,
dpr_day_23.txt,2026-12-27,As-built markup verification and red-line transfer ongoing,HSE-DOC-1551,exact,,hse,dev,,,
dpr_day_23.txt,2026-12-27,"RFSU Unit 1 in progress, about 67% complete",HSE-HDO-1554,exact,,hse,dev,,,
dpr_day_23.txt,2026-12-27,"Operations training and familiarization, OIL staff, finished 27 Dec, JMR raised",HSE-TRN-1553,exact,2026-12-27,hse,train,,,
dpr_day_23.txt,2026-12-27,"Work continuing on P-1401A, about 26% done, as of 2026-12-26",PIP-ERC-1341,near_miss,2026-12-26,piping,test,shared_tag,which activity on P-1401A,STA-MCH-1240|STA-MCH-1241|STA-MCH-1242|EL-CBL-1376|STA-ROT-1523|STA-ROT-1524
dpr_day_23.txt,2026-12-27,"20""- -2001-A1A, Unit 2 header, balance to be completed next week",PIP-ERC-1321,near_miss,,piping,train,discriminator_omitted,erect / line / production / hydrotest / package,PIP-HYT-1511
dpr_day_23.txt,2026-12-27,"Install cable tray rack tier, work in progress",EL-TRK-1360,near_miss,,electrical,test,adjacent_sequence,2 / 450 / 600 / ladder / stretch / unit,EL-TRK-1361
dpr_day_23.txt,2026-12-27,"Progressed the V-1101 scope today, 56% complete, as of 26/Dec/2026",STA-PRS-1520,near_miss,2026-12-26,static_equipment,train,shared_tag,which activity on V-1101,CIV-FDN-1102|CIV-FDN-1103|CIV-FDN-1104|CIV-FDN-1105|CIV-FDN-1106|STA-SET-1200|STA-SET-1201|STA-SET-1202
dpr_day_23.txt,2026-12-27,"TK-2101 activity ongoing, no issues reported, as of 27 Dec",STA-DRY-1521,near_miss,2026-12-27,static_equipment,train,shared_tag,which activity on TK-2101,CIV-FDN-1150|CIV-FDN-1151|STA-TNK-1230|STA-TNK-1231|STA-TNK-1232|STA-TNK-1233
dpr_day_23.txt,2026-12-27,"Progressed the V-1101 scope today, 48% complete, as of 24/12/2026",CIV-FDN-1105,near_miss,2026-12-24,civil,dev,shared_tag,which activity on V-1101,CIV-FDN-1102|CIV-FDN-1103|CIV-FDN-1104|CIV-FDN-1106|STA-SET-1200|STA-SET-1201|STA-SET-1202|STA-PRS-1520
dpr_day_23.txt,2026-12-27,JMR for November progress billing submitted to OIL,NO_MATCH,no_match,,,train,,,
dpr_day_23.txt,2026-12-27,Transporter detention charges under discussion with logistics,NO_MATCH,no_match,,,test,,,
dpr_day_24.txt,2027-01-11,"Install restriction orifice spools and sampling connections, Unit 1, 4 nos out of 6 complete so far",PIP-INS-1319,exact,,piping,train,,,
dpr_day_24.txt,2027-01-11,"Erect line 16""-P-1002-A1A, gas service, Unit 1 manifold held up, awaiting client RFI clearance",PIP-ERC-1315,exact,,piping,test,,,
dpr_day_24.txt,2027-01-11,"First crude transfer to TK-2101 stopped, material shortage at store",STA-MS-1556,exact,,static_equipment,train,,,
dpr_day_24.txt,2027-01-11,"72-hour integrated reliability run, process train completed 2027-01-08",STA-RUN-1527,exact,2027-01-08,static_equipment,dev,,,
dpr_day_24.txt,2027-01-11,"Install instrument air tubing stubs and manifolds, takeoffs from 2""-P-2301-A6A closed out 2 Dec",INS-IMP-1390,exact,2026-12-02,instrumentation,test,,,
dpr_day_24.txt,2027-01-11,Work front opened for Instrument loops certified (RFSI) on 11 Jan,INS-MS-1543,exact,2027-01-11,instrumentation,dev,,,
dpr_day_24.txt,2027-01-11,Fire and gas detection system function test — 8 nos out of 32 done,INS-CMS-1541,exact,,instrumentation,dev,,,
dpr_day_24.txt,2027-01-11,"Install pressure transmitters PT-1101 to PT-1114, Unit 1 in progress, 4 nos out of 14 achieved",INS-FIT-1391,exact,,instrumentation,train,,,
dpr_day_24.txt,2027-01-11,Integrated ESD and blowdown function test completed,INS-CHK-1542,exact,,instrumentation,dev,,,
dpr_day_24.txt,2027-01-11,"Loop check, Unit 1 loops to the unit started 11/Jan/2027",INS-CHK-1406,exact,2027-01-11,instrumentation,dev,,,
dpr_day_24.txt,2027-01-11,"Calibrate transmitters and switches, workshop bench ongoing",INS-CAL-1405,exact,,instrumentation,test,,,
dpr_day_24.txt,2027-01-11,"Cause and effect testing, ESD shutdown matrix closed out 29 Dec",INS-CHK-1409,exact,2026-12-29,instrumentation,train,,,
dpr_day_24.txt,2027-01-11,"Install fire and gas detectors, wellhead and manifold, 14 nos out of 32 complete so far",INS-FIT-1400,exact,,instrumentation,train,,,
dpr_day_24.txt,2027-01-11,Provisional handover to Operations closed out 27 Feb 2027,HSE-HDO-1557,exact,2027-02-27,hse,dev,,,
dpr_day_24.txt,2027-01-11,RFSU Unit 2 — completed on 4 Feb,HSE-HDO-1555,exact,2027-02-04,hse,dev,,,
dpr_day_24.txt,2027-01-11,RFSU Unit 1 completed 04/01/2027,HSE-HDO-1554,exact,2027-01-04,hse,dev,,,
dpr_day_24.txt,2027-01-11,Pre-startup safety review (PSSR) walkthrough is done and signed off,HSE-PSC-1550,exact,,hse,test,,,
dpr_day_24.txt,2027-01-11,"Crew deployed on Operations training and familiarization, OIL staff",HSE-TRN-1553,exact,,hse,train,,,
dpr_day_24.txt,2027-01-11,"V-1101 — crew on site, progress steady, as of 8 Jan 2027",STA-SET-1200,near_miss,2027-01-08,static_equipment,dev,shared_tag,which activity on V-1101,CIV-FDN-1102|CIV-FDN-1103|CIV-FDN-1104|CIV-FDN-1105|CIV-FDN-1106|STA-SET-1201|STA-SET-1202|STA-PRS-1520
dpr_day_24.txt,2027-01-11,"Progressed the TK-2101 scope today, 22% complete, as of 9 Jan",STA-TNK-1230,near_miss,2027-01-09,static_equipment,train,shared_tag,which activity on TK-2101,CIV-FDN-1150|CIV-FDN-1151|STA-TNK-1231|STA-TNK-1232|STA-TNK-1233|STA-DRY-1521
dpr_day_24.txt,2027-01-11,"TK-2101 — crew on site, progress steady",STA-TNK-1231,near_miss,,static_equipment,train,shared_tag,which activity on TK-2101,CIV-FDN-1150|CIV-FDN-1151|STA-TNK-1230|STA-TNK-1232|STA-TNK-1233|STA-DRY-1521
dpr_day_24.txt,2027-01-11,"Crew working on Erect rack steel, (Ch ), as of 8 Jan 2027",PIP-ERC-1302,near_miss,2027-01-08,piping,train,discriminator_omitted,2 / 40 / 110 / 3,PIP-ERC-1301
dpr_day_24.txt,2027-01-11,"12""-P-2101-A1A activity ongoing, no issues reported, as of 8 Jan",PIP-WLD-1344,near_miss,2027-01-08,piping,dev,shared_tag,"which activity on 12""-P-2101-A1A",PIP-ERC-1340|PIP-HYT-1513
dpr_day_24.txt,2027-01-11,"Team deployed on 10""-P-1602-B1A, balance to follow, as of 08/01/2027",PIP-ERC-1352,near_miss,2027-01-08,piping,test,shared_tag,"which activity on 10""-P-1602-B1A",PIP-UGS-1170|PIP-UGS-1171|PIP-UGS-1172|PIP-UGS-1173|PIP-UGS-1174|PIP-UGS-1175
dpr_day_24.txt,2027-01-11,As-built markup received from the survey team for checking,NO_MATCH,no_match,,,train,,,
dpr_day_24.txt,2027-01-11,"Client asked for a second wash bay, awaiting commercial approval",NO_MATCH,no_match,,,train,,,
dpr_day_24.txt,2027-01-11,Concrete mix design approval received from the consultant,NO_MATCH,no_match,,,train,,,
dpr_day_25.txt,2027-01-24,"72-hour integrated reliability run, process train completed",STA-RUN-1527,exact,,static_equipment,dev,,,
dpr_day_25.txt,2027-01-24,"Loop check, Unit 1 loops L-1101 to L-1128 held up, awaiting client RFI clearance",INS-CHK-1406,exact,,instrumentation,dev,,,
dpr_day_25.txt,2027-01-24,Instrument loops certified (RFSI) started 24/01/2027,INS-MS-1543,exact,2027-01-24,instrumentation,dev,,,
dpr_day_25.txt,2027-01-24,"Cause and effect testing, ESD shutdown matrix ongoing",INS-CHK-1409,exact,,instrumentation,train,,,
dpr_day_25.txt,2027-01-24,"Install instrument air tubing stubs and manifolds, takeoffs from the two inch line in progress, 22 nos out of 28 achieved, as of 24 Jan 2027",INS-IMP-1390,exact,2027-01-24,instrumentation,test,,,
dpr_day_25.txt,2027-01-24,"Install fire and gas detectors, wellhead and manifold — completed on 2026-12-04",INS-FIT-1400,exact,2026-12-04,instrumentation,train,,,
dpr_day_25.txt,2027-01-24,Fire and gas detection system function test — completed on 11/Dec/2026,INS-CMS-1541,exact,2026-12-11,instrumentation,dev,,,
dpr_day_25.txt,2027-01-24,"Crew deployed on Install pressure transmitters PT-1101 to PT-1114, Unit 1",INS-FIT-1391,exact,,instrumentation,train,,,
dpr_day_25.txt,2027-01-24,Integrated ESD and blowdown function test under way at the work front,INS-CHK-1542,exact,,instrumentation,dev,,,
dpr_day_25.txt,2027-01-24,"Punchlist closure, category A and B items taken up at site",HSE-PUN-1558,exact,,hse,test,,,
dpr_day_25.txt,2027-01-24,"As-built drawing submission and document close-out to OIL in progress, about 71% complete",HSE-DOC-1559,exact,,hse,train,,,
dpr_day_25.txt,2027-01-24,"RFSU Unit 1 in progress, about 69% complete, as of 22/01/2027",HSE-HDO-1554,exact,2027-01-22,hse,dev,,,
dpr_day_25.txt,2027-01-24,Work front opened for RFSU Unit 2 on 4 Feb,HSE-HDO-1555,exact,2027-02-04,hse,dev,,,
dpr_day_25.txt,2027-01-24,"Pre-startup safety review (PSSR) walkthrough — 1 nos out of 1 done, as of 22 Jan",HSE-PSC-1550,exact,2027-01-22,hse,test,,,
dpr_day_25.txt,2027-01-24,"Operations training and familiarization, OIL staff taken up at site",HSE-TRN-1553,exact,,hse,train,,,
dpr_day_25.txt,2027-01-24,"Provisional handover to Operations, finished 27 Feb, JMR raised",HSE-HDO-1557,exact,2027-02-27,hse,dev,,,
dpr_day_25.txt,2027-01-24,"Work continuing on 10""-P-1602-B1A, about 89% done",PIP-UGS-1171,near_miss,,piping,test,shared_tag,"which activity on 10""-P-1602-B1A",PIP-UGS-1170|PIP-UGS-1172|PIP-UGS-1173|PIP-UGS-1174|PIP-UGS-1175|PIP-ERC-1352
dpr_day_25.txt,2027-01-24,"Team deployed on 24""-P-1001-A1A, balance to follow, as of 21 Jan",PIP-FAB-1310,near_miss,2027-01-21,piping,dev,shared_tag,"which activity on 24""-P-1001-A1A",PIP-ERC-1311|PIP-ERC-1312|PIP-HLT-1314
dpr_day_25.txt,2027-01-24,"Work continuing on 10""-P-1602-B1A, about 59% done, as of yesterday",PIP-UGS-1175,near_miss,2027-01-23,piping,test,shared_tag,"which activity on 10""-P-1602-B1A",PIP-UGS-1170|PIP-UGS-1171|PIP-UGS-1172|PIP-UGS-1173|PIP-UGS-1174|PIP-ERC-1352
dpr_day_25.txt,2027-01-24,"FST-1301 activity ongoing, no issues reported, as of 24 Jan",STA-FLR-1224,near_miss,2027-01-24,static_equipment,test,shared_tag,which activity on FST-1301,CIV-FDN-1127|STA-FLR-1220|STA-FLR-1221|STA-FLR-1223|PIP-ERC-1331|STA-FLS-1526
dpr_day_25.txt,2027-01-24,"PK-2401 — crew on site, progress steady",STA-MCH-1216,near_miss,,static_equipment,test,shared_tag,which activity on PK-2401,STA-MCH-1217|STA-CMP-1525
dpr_day_25.txt,2027-01-24,"Team deployed on T-1, balance to follow, as of 21 Jan",EL-CBL-1374,near_miss,2027-01-21,electrical,test,shared_tag,which activity on T-1,EL-TRF-1371
dpr_day_25.txt,2027-01-24,First aid administered for a minor hand laceration at the fab shed,NO_MATCH,no_match,,,train,,,
dpr_day_25.txt,2027-01-24,"High wind warning issued, crane operations suspended",NO_MATCH,no_match,,,train,,,
dpr_day_26.txt,2027-02-05,"72-hour integrated reliability run, process train completed 08/jan/2027",STA-RUN-1527,exact,2027-01-08,static_equipment,dev,,,
dpr_day_26.txt,2027-02-05,Work front opened for First crude transfer to the storage tank on 22/02/2027. thoda delay hua,STA-MS-1556,exact,2027-02-22,static_equipment,train,,,
dpr_day_26.txt,2027-02-05,"Install fire and gas detectors, wellhead and manifold — completed on 4 Dec. baaki kal karenge",INS-FIT-1400,exact,2026-12-04,instrumentation,train,,,
dpr_day_26.txt,2027-02-05,"install pressure transmitters pt-1101 to pt-1114, unit 1, 4 nos out of 14 complete so far",INS-FIT-1391,exact,,instrumentation,train,,,
dpr_day_26.txt,2027-02-05,"loop check, unit 1 loops l-1101 to l-1128 — completed on 19/12/2026",INS-CHK-1406,exact,2026-12-19,instrumentation,dev,,,
dpr_day_26.txt,2027-02-05,"Install instrument air tubing stubs and manifolds, takeoffs from 2""-P-2301-A6A in progress, 20 nos out of 28 achieved, as of 3 Feb",INS-IMP-1390,exact,2027-02-03,instrumentation,test,,,
dpr_day_26.txt,2027-02-05,"Fire and gas detection system function test in progress, 15 nos out of 32 achieved",INS-CMS-1541,exact,,instrumentation,dev,,,
dpr_day_26.txt,2027-02-05,"instr loops certified (RFSI) in progress, about 45% complete, as of 03/Feb/2027",INS-MS-1543,exact,2027-02-03,instrumentation,dev,,,
dpr_day_26.txt,2027-02-05,"cause and effect testing, esd shutdown matrix in progress, 8 nos out of 14 achieved",INS-CHK-1409,exact,,instrumentation,train,,,
dpr_day_26.txt,2027-02-05,"Calibrate transmitters and switches, workshop bench — 23 nos out of 60 done",INS-CAL-1405,exact,,instrumentation,test,,,
dpr_day_26.txt,2027-02-05,integrated esd and blowdown function test completed 03/01/2027. material ka issue tha,INS-CHK-1542,exact,2027-01-03,instrumentation,dev,,,
dpr_day_26.txt,2027-02-05,Pre-startup safety review (PSSR) walkthrough — commenced yesterday,HSE-PSC-1550,exact,2027-02-04,hse,test,,,
dpr_day_26.txt,2027-02-05,"RFSU Unit 1 — progress slow, 64% only",HSE-HDO-1554,exact,,hse,dev,,,
dpr_day_26.txt,2027-02-05,"RFSU Unit 2, finished 04/02/2027, JMR raised. material ka issue tha",HSE-HDO-1555,exact,2027-02-04,hse,dev,,,
dpr_day_26.txt,2027-02-05,"operations training and familiarization, oil staff held up, awaiting client rfi clearance",HSE-TRN-1553,exact,,hse,train,,,
dpr_day_26.txt,2027-02-05,"As-built drawing submission and document close-out to OIL in progress, about 86% complete, as of 5 Feb 2027. labour kam tha aaj",HSE-DOC-1559,exact,2027-02-05,hse,train,,,
dpr_day_26.txt,2027-02-05,"Punchlist closure, category A and B items — closed out this week. baaki kal karenge",HSE-PUN-1558,exact,,hse,test,,,
dpr_day_26.txt,2027-02-05,"Provisional handover to Operations in progress, about 70% complete, as of 3 Feb. baaki kal karenge",HSE-HDO-1557,exact,2027-02-03,hse,dev,,,
dpr_day_26.txt,2027-02-05,"Work continuing on T-1, about 30% done",EL-TRF-1371,near_miss,,electrical,test,shared_tag,which activity on T-1,EL-CBL-1374
dpr_day_26.txt,2027-02-05,"Progressed the V-1101 scope today, 60% complete, as of yesterday",CIV-FDN-1103,near_miss,2027-02-04,civil,dev,shared_tag,which activity on V-1101,CIV-FDN-1102|CIV-FDN-1104|CIV-FDN-1105|CIV-FDN-1106|STA-SET-1200|STA-SET-1201|STA-SET-1202|STA-PRS-1520
dpr_day_26.txt,2027-02-05,"Sleeper and column footings, pipe rack, work in progress",CIV-FDN-1165,near_miss,,civil,train,discriminator_omitted,1 / 2,CIV-FDN-1166|CIV-FDN-1167
dpr_day_26.txt,2027-02-05,"Flare stack and anchor ongoing at site, as of 03/02/2027",CIV-FDN-1126,near_miss,2027-02-03,civil,test,adjacent_sequence,blocks / bolts / foundation / guy / template,CIV-FDN-1127
dpr_day_26.txt,2027-02-05,"FST-1301 activity ongoing, no issues reported, as of 05/Feb/2027",STA-FLR-1221,near_miss,2027-02-05,static_equipment,test,shared_tag,which activity on FST-1301,CIV-FDN-1127|STA-FLR-1220|STA-FLR-1223|STA-FLR-1224|PIP-ERC-1331|STA-FLS-1526
dpr_day_26.txt,2027-02-05,"Erect rack steel, Module — 53% done, as of 2 Feb",PIP-ERC-1301,near_miss,2027-02-02,piping,train,adjacent_sequence,0 / 1 / 2 / 80 / multi / tier,PIP-ERC-1300
dpr_day_26.txt,2027-02-05,Coating DFT gauge sent out for recalibration,NO_MATCH,no_match,,,test,,,
dpr_day_26.txt,2027-02-05,Weekly progress photo compilation submitted to the PMC,NO_MATCH,no_match,,,train,,,
dpr_day_26.txt,2027-02-05,Rebar cutting and bending yard relocated to the east side,NO_MATCH,no_match,,,test,,,
dpr_day_27.txt,2027-02-19,"72-hour integrated reliability run, process train completed 08/Jan/2027",STA-RUN-1527,exact,2027-01-08,static_equipment,dev,,,
dpr_day_27.txt,2027-02-19,First crude transfer to TK-2101 — completed on 22/Feb/2027,STA-MS-1556,exact,2027-02-22,static_equipment,train,,,
dpr_day_27.txt,2027-02-19,"Loop check, Unit 1 loops L-1101 to L-1128 — 16 nos out of 28 done, as of yesterday",INS-CHK-1406,exact,2027-02-18,instrumentation,dev,,,
dpr_day_27.txt,2027-02-19,"Install pressure transmitters PT-1101 to PT-1114, Unit 1, 8 nos out of 14 complete so far",INS-FIT-1391,exact,,instrumentation,train,,,
dpr_day_27.txt,2027-02-19,"Crew deployed on Install instrument air tubing stubs and manifolds, takeoffs from the two inch line",INS-IMP-1390,exact,,instrumentation,test,,,
dpr_day_27.txt,2027-02-19,"Calibrate transmitters and switches, workshop bench is done and signed off",INS-CAL-1405,exact,,instrumentation,test,,,
dpr_day_27.txt,2027-02-19,"Install fire and gas detectors, wellhead and manifold — closed out this week",INS-FIT-1400,exact,,instrumentation,train,,,
dpr_day_27.txt,2027-02-19,"Instrument loops certified (RFSI) delayed by 2 days, crane availability",INS-MS-1543,exact,,instrumentation,dev,,,
dpr_day_27.txt,2027-02-19,"Cause and effect testing, ESD shutdown matrix, 8 nos out of 14 complete so far",INS-CHK-1409,exact,,instrumentation,train,,,
dpr_day_27.txt,2027-02-19,Fire and gas detection system function test is done and signed off,INS-CMS-1541,exact,,instrumentation,dev,,,
dpr_day_27.txt,2027-02-19,"Punchlist closure, category A and B items — 19 nos out of 38 done",HSE-PUN-1558,exact,,hse,test,,,
dpr_day_27.txt,2027-02-19,Mobilised for RFSU Unit 2,HSE-HDO-1555,exact,,hse,dev,,,
dpr_day_27.txt,2027-02-19,"RFSU Unit 1 — progress slow, 36% only",HSE-HDO-1554,exact,,hse,dev,,,
dpr_day_27.txt,2027-02-19,"As-built drawing submission and document close-out to OIL held up, awaiting client RFI clearance",HSE-DOC-1559,exact,,hse,train,,,
dpr_day_27.txt,2027-02-19,"Provisional handover to Operations in progress, about 44% complete",HSE-HDO-1557,exact,,hse,dev,,,
dpr_day_27.txt,2027-02-19,"Pre-startup safety review (PSSR) walkthrough, 1 nos out of 1 complete so far",HSE-PSC-1550,exact,,hse,test,,,
dpr_day_27.txt,2027-02-19,"Work continuing on P-1401A, about 89% done, as of 17 Feb",STA-MCH-1242,near_miss,2027-02-17,static_equipment,test,shared_tag,which activity on P-1401A,STA-MCH-1240|STA-MCH-1241|PIP-ERC-1341|EL-CBL-1376|STA-ROT-1523|STA-ROT-1524
dpr_day_27.txt,2027-02-19,"Lay and compact WMM, road U1, work in progress",CIV-RDS-1012,near_miss,,civil,dev,discriminator_omitted,0 / 320,CIV-RDS-1013
dpr_day_27.txt,2027-02-19,"WHCP-2101 activity ongoing, no issues reported, as of 19/Feb/2027",CIV-FDN-1116,near_miss,2027-02-19,civil,train,shared_tag,which activity on WHCP-2101,STA-SET-1212|EL-CBL-1377
dpr_day_27.txt,2027-02-19,"P-1401A — crew on site, progress steady",EL-CBL-1376,near_miss,,electrical,test,shared_tag,which activity on P-1401A,STA-MCH-1240|STA-MCH-1241|STA-MCH-1242|PIP-ERC-1341|STA-ROT-1523|STA-ROT-1524
dpr_day_27.txt,2027-02-19,"Work continuing on 10""-P-1602-B1A, about 31% done",PIP-UGS-1172,near_miss,,piping,test,shared_tag,"which activity on 10""-P-1602-B1A",PIP-UGS-1170|PIP-UGS-1171|PIP-UGS-1173|PIP-UGS-1174|PIP-UGS-1175|PIP-ERC-1352
dpr_day_27.txt,2027-02-19,Weighbridge calibration certificate received from the vendor,NO_MATCH,no_match,,,dev,,,
dpr_day_27.txt,2027-02-19,Weld map updated for the revised isometric issue,NO_MATCH,no_match,,,train,,,
dpr_day_27.txt,2027-02-19,Site coordination meeting minutes circulated to all agencies,NO_MATCH,no_match,,,train,,,
dpr_day_28.txt,2027-03-06,"Work front opened for 72-hour integrated reliability run, process train on 3 Mar",STA-RUN-1527,exact,2027-03-03,static_equipment,dev,,,
dpr_day_28.txt,2027-03-06,First crude transfer to TK-2101 ongoing,STA-MS-1556,exact,,static_equipment,train,,,
dpr_day_28.txt,2027-03-06,"Integrated ESD and blowdown function test — progress slow, 54% only",INS-CHK-1542,exact,,instrumentation,dev,,,
dpr_day_28.txt,2027-03-06,Instrument loops certified (RFSI) under way at the work front,INS-MS-1543,exact,,instrumentation,dev,,,
dpr_day_28.txt,2027-03-06,"Cause and effect testing, ESD shutdown matrix — commenced 05/Mar/2027",INS-CHK-1409,exact,2027-03-05,instrumentation,train,,,
dpr_day_28.txt,2027-03-06,"Mobilised for Install pressure transmitters PT-1101 to PT-1114, Unit 1",INS-FIT-1391,exact,,instrumentation,train,,,
dpr_day_28.txt,2027-03-06,"Install fire and gas detectors, wellhead and manifold — completed on 2026-12-04",INS-FIT-1400,exact,2026-12-04,instrumentation,train,,,
dpr_day_28.txt,2027-03-06,"Calibrate transmitters and switches, workshop bench taken up at site",INS-CAL-1405,exact,,instrumentation,test,,,
dpr_day_28.txt,2027-03-06,"Install instrument air tubing stubs and manifolds, takeoffs from 2""-P-2301-A6A — commenced 3 Mar 2027",INS-IMP-1390,exact,2027-03-03,instrumentation,test,,,
dpr_day_28.txt,2027-03-06,"Loop check, Unit 1 loops L-1101 to L-1128 closed out 19 Dec 2026",INS-CHK-1406,exact,2026-12-19,instrumentation,dev,,,
dpr_day_28.txt,2027-03-06,"Fire and gas detection system function test, finished 2026-12-11, JMR raised",INS-CMS-1541,exact,2026-12-11,instrumentation,dev,,,
dpr_day_28.txt,2027-03-06,Crew deployed on RFSU Unit 2,HSE-HDO-1555,exact,,hse,dev,,,
dpr_day_28.txt,2027-03-06,"Punchlist closure, category A and B items stopped, material shortage at store",HSE-PUN-1558,exact,,hse,test,,,
dpr_day_28.txt,2027-03-06,"Operations training and familiarization, OIL staff in progress, 14 nos out of 24 achieved",HSE-TRN-1553,exact,,hse,train,,,
dpr_day_28.txt,2027-03-06,Provisional handover to Operations closed out 27/02/2027,HSE-HDO-1557,exact,2027-02-27,hse,dev,,,
dpr_day_28.txt,2027-03-06,RFSU Unit 1 closed out 2027-01-04,HSE-HDO-1554,exact,2027-01-04,hse,dev,,,
dpr_day_28.txt,2027-03-06,Pre-startup safety review (PSSR) walkthrough — commenced 2027-03-05,HSE-PSC-1550,exact,2027-03-05,hse,test,,,
dpr_day_28.txt,2027-03-06,"As-built drawing submission and document close-out to OIL, finished 03/03/2027, JMR raised",HSE-DOC-1559,exact,2027-03-03,hse,train,,,
dpr_day_28.txt,2027-03-06,"Team deployed on 12""-P-2101-A1A, balance to follow",PIP-ERC-1340,near_miss,,piping,dev,shared_tag,"which activity on 12""-P-2101-A1A",PIP-WLD-1344|PIP-HYT-1513
dpr_day_28.txt,2027-03-06,"Work continuing on V-2101, about 76% done, as of 4 Mar",CIV-FDN-1117,near_miss,2027-03-04,civil,dev,shared_tag,which activity on V-2101,CIV-FDN-1118|CIV-FDN-1119|STA-SET-1210|STA-INT-1213
dpr_day_28.txt,2027-03-06,"Progressed the V-1201 scope today, 51% complete, as of yesterday",CIV-FDN-1107,near_miss,2027-03-05,civil,test,shared_tag,which activity on V-1201,CIV-FDN-1108|CIV-FDN-1109|STA-SET-1203
dpr_day_28.txt,2027-03-06,"Progressed the V-1201 scope today, 78% complete, as of 05/Mar/2027",STA-SET-1203,near_miss,2027-03-05,static_equipment,test,shared_tag,which activity on V-1201,CIV-FDN-1107|CIV-FDN-1108|CIV-FDN-1109
dpr_day_28.txt,2027-03-06,"Tank shell, courses, TK-2101, work in progress, as of 5 Mar",STA-TNK-1230,near_miss,2027-03-05,static_equipment,train,discriminator_omitted,3 / erection / 2,STA-TNK-1231
dpr_day_28.txt,2027-03-06,"FST-1301 — crew on site, progress steady, as of 03/Mar/2027",STA-FLR-1220,near_miss,2027-03-03,static_equipment,test,shared_tag,which activity on FST-1301,CIV-FDN-1127|STA-FLR-1221|STA-FLR-1223|STA-FLR-1224|PIP-ERC-1331|STA-FLS-1526
dpr_day_28.txt,2027-03-06,Subcontractor invoice verification pending with commercial team,NO_MATCH,no_match,,,dev,,,
dpr_day_28.txt,2027-03-06,"Heavy rainfall from 1400 hrs, all work fronts stopped for the day",NO_MATCH,no_match,,,train,,,
dpr_day_28.txt,2027-03-06,Heat stress advisory issued to all supervisors,NO_MATCH,no_match,,,train,,,
dpr_day_29.txt,2027-03-12,"Precast drain construction, Unit 1 wellhead periphery, finished 15/Apr/2026, JMR raised",CIV-DRA-1014,exact,2026-04-15,civil,train,,,
dpr_day_29.txt,2027-03-12,"Excavation for foundations the separator vessel and the wellhead control panel, Unit 2 in progress, 218 of 580 m3 achieved",CIV-EXC-1115,exact,,civil,train,,,
dpr_day_29.txt,2027-03-12,"Isolated foundations, manifold block valves the unit to, 18 of 42 m3 complete so far, as of 12 Mar 2027",CIV-FDN-1125,exact,2027-03-12,civil,train,,,
dpr_day_29.txt,2027-03-12,"Oil-water separator pit civil works, the oily water sewer closed out 18 Apr 2026",CIV-FDN-1153,exact,2026-04-18,civil,train,,,
dpr_day_29.txt,2027-03-12,"Gate installation, main and emergency exits completed 2026-04-18",CIV-FNC-1033,exact,2026-04-18,civil,train,,,
civil_progress.xlsx,2027-03-12,Control building blockwork and roofing — completed 2026-06-01,CIV-BLD-1161,exact,2026-06-01,civil,dev,,,
civil_progress.xlsx,2027-03-12,"Precast drain construction, Unit 1 wellhead periphery — completed 15/04/2026",CIV-DRA-1014,exact,2026-04-15,civil,train,,,
civil_progress.xlsx,2027-03-12,"Roadside drain slabs, approach road",CIV-DRA-1051,exact,,civil,train,,,
civil_progress.xlsx,2027-03-12,"Cut and fill to formation level, well pad Unit 1 — completed 31/03/2026",CIV-EXC-1003,exact,2026-03-31,civil,train,,,
civil_progress.xlsx,2027-03-12,"Bulk excavation, Unit 2 wellhead cellar — commenced 23/03/2026",CIV-EXC-1020,exact,2026-03-23,civil,train,,,
civil_progress.xlsx,2027-03-12,"Rock breaking and muck disposal, flare stack base FST-1301 — completed 03/04/2026",CIV-EXC-1031,exact,2026-04-03,civil,test,,,
civil_progress.xlsx,2027-03-12,"Excavation for foundations V-2101 and WHCP-2101, Unit 2 — completed 2026-04-14",CIV-EXC-1115,exact,2026-04-14,civil,train,,,
civil_progress.xlsx,2027-03-12,"Non-shrink grouting, separator skid base ring V-1101 — completed 16/May/2026",CIV-FDN-1106,exact,2026-05-16,civil,dev,,,
civil_progress.xlsx,2027-03-12,"Anchor bolt template survey and setting, V-1201 — completed 25/04/2026",CIV-FDN-1108,exact,2026-04-25,civil,test,,,
civil_progress.xlsx,2027-03-12,"7-day wet cure, V-2101 foundation — completed 30/Apr/2026",CIV-FDN-1118,exact,2026-04-30,civil,dev,,,
civil_progress.xlsx,2027-03-12,"Flare stack foundation and guy anchor blocks, FST-1301 — completed 11/04/2026",CIV-FDN-1126,exact,2026-04-11,civil,test,,,
civil_progress.xlsx,2027-03-12,"Anchor bolts and template, flare stack FST-1301 — completed 11/Apr/2026",CIV-FDN-1127,exact,2026-04-11,civil,test,,,
civil_progress.xlsx,2027-03-12,"Ring wall foundation, storage tank TK-2102 — completed 25/Apr/2026",CIV-FDN-1152,exact,2026-04-25,civil,train,,,
civil_progress.xlsx,2027-03-12,"Oil-water separator pit civil works, OWS-2201 — completed 2026-04-18",CIV-FDN-1153,exact,2026-04-18,civil,train,,,
civil_progress.xlsx,2027-03-12,"Dyke wall construction, tank farm bund — completed 30/Apr/2026",CIV-FDN-1154,exact,2026-04-30,civil,dev,,,
civil_progress.xlsx,2027-03-12,"Sleeper and column footings, pipe rack Module 3 — completed 07/May/2026",CIV-FDN-1167,exact,2026-05-07,civil,train,,,
civil_progress.xlsx,2027-03-12,"Anti-termite treatment and PCC blinding, Unit 2 pad — commenced 2026-04-02",CIV-FLR-1021,exact,2026-04-02,civil,train,,,
civil_progress.xlsx,2027-03-12,"Fencing, approach road stretch — completed 2026-04-27",CIV-FNC-1052,exact,2026-04-27,civil,test,,,
civil_progress.xlsx,2027-03-12,"Lay and compact WMM course, road U1 Ch 0-160",CIV-RDS-1012,exact,,civil,dev,,,
civil_progress.xlsx,2027-03-12,"Lay and compact WMM course, road U1 Ch 160-320 — completed 22/Apr/2026",CIV-RDS-1013,exact,2026-04-22,civil,train,,,
civil_progress.xlsx,2027-03-12,"BC course laying, approach road — completed 27/03/2026",CIV-RDS-1050,exact,2026-03-27,civil,train,,,
civil_progress.xlsx,2027-03-12,"Topographic survey and grid establishment, well-site boundary — completed 07/03/2026",CIV-SRV-1001,exact,2026-03-07,civil,train,,,
civil_progress.xlsx,2027-03-12,"Cable trench with precast covers, Unit 2 to substation — completed 2026-05-28",CIV-UGS-1181,exact,2026-05-28,civil,test,,,
civil_progress.xlsx,2027-03-12,"Trench sand bedding and protection tiles, cable routes — completed 2026-05-27",CIV-UGS-1182,exact,2026-05-27,civil,train,,,
civil_progress.xlsx,2027-03-12,"Crusher fines laying, equipment laydown yard — completed 27/Mar/2026",CIV-YRD-1046,exact,2026-03-27,civil,train,,,
civil_progress.xlsx,2027-03-12,"Bench marking and centre-line offsets, all areas — completed 2026-03-12",CIV-YRD-1054,exact,2026-03-12,civil,train,,,
piping_progress.xlsx,2027-03-12,"Bolt torque and gasket joint assembly, Unit 2 manifold — completed 2026-11-04",PIP-BLT-1324,exact,2026-11-04,piping,dev,,,
piping_progress.xlsx,2027-03-12,"Erect rack steel, Module 2 (Ch 40-80)",PIP-ERC-1301,exact,,piping,train,,,
piping_progress.xlsx,2027-03-12,"Erect rack steel, Module 3 (Ch 80-110) — completed 26/06/2026",PIP-ERC-1302,exact,2026-06-26,piping,train,,,
piping_progress.xlsx,2027-03-12,"Pipe rack erection, crude header, Unit 2 to tank farm — completed 23/06/2026",PIP-ERC-1304,exact,2026-06-23,piping,test,,,
piping_progress.xlsx,2027-03-12,"Erect Line 24""-P-1001-A1A, Unit 2 rack — completed 2026-10-22",PIP-ERC-1311,exact,2026-10-22,piping,dev,,,
piping_progress.xlsx,2027-03-12,"Erect crude header 24""-P-1001-A1A, tank farm approach — completed 05/Nov/2026",PIP-ERC-1312,exact,2026-11-05,piping,dev,,,
piping_progress.xlsx,2027-03-12,"Erect line 16""-P-1002-A1A, gas service, Unit 1 manifold — completed 28/11/2026",PIP-ERC-1315,exact,2026-11-28,piping,test,,,
piping_progress.xlsx,2027-03-12,"Erect line 12""-P-1003-A5A, test separator loop — completed 24/10/2026",PIP-ERC-1316,exact,2026-10-24,piping,train,,,
piping_progress.xlsx,2027-03-12,"Erect line 8""-P-1004-A6A, glycol feed to contactor V-1201 — completed 16/09/2026",PIP-ERC-1317,exact,2026-09-16,piping,train,,,
piping_progress.xlsx,2027-03-12,"Erect line 10""-P-2002-A5A, test header Unit 2 — completed 29/10/2026",PIP-ERC-1322,exact,2026-10-29,piping,test,,,
piping_progress.xlsx,2027-03-12,"Erect flare header 18""-P-1301-B7A, manifold to KO drum — completed 01/09/2026",PIP-ERC-1330,exact,2026-09-01,piping,dev,,,
piping_progress.xlsx,2027-03-12,"Erect flare header riser, FST-1301 to tip — completed 06/05/2026",PIP-ERC-1331,exact,2026-05-06,piping,test,,,
piping_progress.xlsx,2027-03-12,"Nitrogen line 3""-P-2302-A6A, package to header — completed 27/07/2026",PIP-ERC-1351,exact,2026-07-27,piping,dev,,,
piping_progress.xlsx,2027-03-12,"Chemical injection piping 1""-P-2501-A6A, skids to injection points — completed 07/Jul/2026",PIP-ERC-1354,exact,2026-07-07,piping,test,,,
piping_progress.xlsx,2027-03-12,"Shop fabrication, 24""-P-1001-A1A spools — completed 13/Oct/2026",PIP-FAB-1310,exact,2026-10-13,piping,dev,,,
piping_progress.xlsx,2027-03-12,"Flush, dry and reinstate, test packs 1-3 — completed 15/11/2026",PIP-FLS-1514,exact,2026-11-15,piping,train,,,
piping_progress.xlsx,2027-03-12,"Hydrotest package 1, Unit 1 lines 16""-P-1002-A1A and 12""-P-1003-A5A — completed 03/11/2026",PIP-HYT-1510,exact,2026-11-03,piping,dev,,,
piping_progress.xlsx,2027-03-12,"Hydrotest package 2, Unit 2 header 20""-P-2001-A1A — completed 12/11/2026",PIP-HYT-1511,exact,2026-11-12,piping,train,,,
piping_progress.xlsx,2027-03-12,"Pneumatic leak test with nitrogen, flare header — completed 03/11/2026",PIP-HYT-1512,exact,2026-11-03,piping,dev,,,
piping_progress.xlsx,2027-03-12,"Trenching for firewater ring main 10""-P-1602-B1A, Unit 1 and manifold — completed 2026-04-16",PIP-UGS-1170,exact,2026-04-16,piping,test,,,
piping_progress.xlsx,2027-03-12,"Lay and joint GRP firewater main 10""-P-1602-B1A — completed 2026-04-17",PIP-UGS-1171,exact,2026-04-17,piping,test,,,
piping_progress.xlsx,2027-03-12,"Hydrotest firewater main 10""-P-1602-B1A, Manifold to Unit 1 section — commenced 2026-04-13",PIP-UGS-1172,exact,2026-04-13,piping,test,,,
piping_progress.xlsx,2027-03-12,"Firewater hydrant and monitor bases, ring main 10""-P-1602-B1A — completed 17/04/2026",PIP-UGS-1175,exact,2026-04-17,piping,test,,,
piping_progress.xlsx,2027-03-12,"Field weld and NDT, crude header rack welds 1-18 — completed 09/11/2026",PIP-WLD-1313,exact,2026-11-09,piping,train,,,
piping_progress.xlsx,2027-03-12,"Field weld and RT, Unit 2 header welds 19-34 — completed 2026-11-02",PIP-WLD-1323,exact,2026-11-02,piping,dev,,,
piping_progress.xlsx,2027-03-12,"Field welds and UT, tank farm manifold, welds 40-52 [12""-P-2101-A1A] — completed 19/Sep/2026",PIP-WLD-1344,exact,2026-09-19,piping,dev,,,
equipment_progress.xlsx,2027-03-12,"Water fill and settlement check, TK-2101 — completed 05/Oct/2026",STA-DRY-1521,exact,2026-10-05,static_equipment,train,,,
equipment_progress.xlsx,2027-03-12,"Water fill and calibration strapping, TK-2102 — completed 2026-09-23",STA-DRY-1522,exact,2026-09-23,static_equipment,train,,,
equipment_progress.xlsx,2027-03-12,"Shop assemble flare stack sections, FST-1301 — completed 2026-04-28",STA-FLR-1220,exact,2026-04-28,static_equipment,test,,,
equipment_progress.xlsx,2027-03-12,"Erect flare stack FST-1301, guys tensioned — completed 2026-05-02",STA-FLR-1221,exact,2026-05-02,static_equipment,test,,,
equipment_progress.xlsx,2027-03-12,Set flare knockout drum V-1401 — completed 2026-04-23,STA-FLR-1222,exact,2026-04-23,static_equipment,train,,,
equipment_progress.xlsx,2027-03-12,"Install flare tip and molecular seal, FST-1301 — completed 05/05/2026",STA-FLR-1223,exact,2026-05-05,static_equipment,test,,,
equipment_progress.xlsx,2027-03-12,Flare pilot ignition and pilot line purge test [FST-1301] — completed 2026-11-05,STA-FLS-1526,exact,2026-11-05,static_equipment,test,,,
equipment_progress.xlsx,2027-03-12,"Load and fit internals and demisters, V-2101 — completed 13/05/2026",STA-INT-1213,exact,2026-05-13,static_equipment,dev,,,
equipment_progress.xlsx,2027-03-12,Set crude transfer pumps P-1401A and P-1401B — completed 28/05/2026,STA-MCH-1240,exact,2026-05-28,static_equipment,test,,,
equipment_progress.xlsx,2027-03-12,"Alignment check, P-1401A/B couplings — completed 2026-05-29",STA-MCH-1241,exact,2026-05-29,static_equipment,test,,,
equipment_progress.xlsx,2027-03-12,"Motor mounting and bolt torque, P-1401A/B — completed 30/05/2026",STA-MCH-1242,exact,2026-05-30,static_equipment,test,,,
equipment_progress.xlsx,2027-03-12,First crude transfer to TK-2101 — completed 2027-02-22,STA-MS-1556,exact,2027-02-22,static_equipment,train,,,
equipment_progress.xlsx,2027-03-12,"Tightness and pressure test, separators V-1101 and V-1201 — completed 05/11/2026",STA-PRS-1520,exact,2026-11-05,static_equipment,train,,,
equipment_progress.xlsx,2027-03-12,"Performance run, crude transfer pumps P-1401A/B — completed 28/Sep/2026",STA-ROT-1524,exact,2026-09-28,static_equipment,test,,,
equipment_progress.xlsx,2027-03-12,"Receive and stage separator V-1101, transport from laydown — completed 08/06/2026",STA-SET-1200,exact,2026-06-08,static_equipment,dev,,,
equipment_progress.xlsx,2027-03-12,"Plumb, alignment and bolt torque, V-1101 — completed 2026-06-11",STA-SET-1202,exact,2026-06-11,static_equipment,dev,,,
equipment_progress.xlsx,2027-03-12,Rig and set glycol contactor V-1201 — completed 2026-06-15,STA-SET-1203,exact,2026-06-15,static_equipment,test,,,
equipment_progress.xlsx,2027-03-12,"Set production manifold header assemblies, Unit 1, 16""-P-1002-A1A tie- — completed 09/05/2026",STA-SET-1204,exact,2026-05-09,static_equipment,test,,,
equipment_progress.xlsx,2027-03-12,"Set fuel gas skid, utilities plinth U1 — completed 16/06/2026",STA-SET-1207,exact,2026-06-16,static_equipment,test,,,
equipment_progress.xlsx,2027-03-12,"Set test separator V-2201, Unit 2 — completed 2026-05-01",STA-SET-1211,exact,2026-05-01,static_equipment,train,,,
equipment_progress.xlsx,2027-03-12,"Monorail and davit erection, separator platforms — completed 2026-06-16",STA-SET-1244,exact,2026-06-16,static_equipment,train,,,
equipment_progress.xlsx,2027-03-12,"Tank shell erection, courses 1-3, TK-2101 — completed 2026-06-05",STA-TNK-1230,exact,2026-06-05,static_equipment,train,,,
equipment_progress.xlsx,2027-03-12,"Shell courses 1-2, tank TK-2101 — completed 31/05/2026",STA-TNK-1231,exact,2026-05-31,static_equipment,train,,,
equipment_progress.xlsx,2027-03-12,"Internal floating roof assembly, TK-2102 — completed 21/May/2026",STA-TNK-1235,exact,2026-05-21,static_equipment,train,,,
equipment_progress.xlsx,2027-03-12,"Tank nozzles and manways fitting, TK-2101 and TK-2102 — commenced 09/06/2026",STA-TNK-1236,exact,2026-06-09,static_equipment,train,,,
equipment_progress.xlsx,2027-03-12,"Field welds, Unit 1 manifold spools, welds 1-12 — completed 11/May/2026",STA-WLD-1205,exact,2026-05-11,static_equipment,dev,,,
eni_progress.xlsx,2027-03-12,"Pull MV cable 11 kV, substation to transformer T-1 — completed 06/Aug/2026",EL-CBL-1374,exact,2026-08-06,electrical,test,,,
eni_progress.xlsx,2027-03-12,"Pull MV cable 11 kV, substation to transformer T-2",EL-CBL-1375,exact,,electrical,test,,,
eni_progress.xlsx,2027-03-12,"Pull LV power cables, wellhead panel WHCP-2101 feeders, Unit 2 — completed 2026-07-11",EL-CBL-1377,exact,2026-07-11,electrical,train,,,
eni_progress.xlsx,2027-03-12,"Glanding and termination, LV panels, substation — completed 07/08/2026",EL-CBL-1382,exact,2026-08-07,electrical,test,,,
eni_progress.xlsx,2027-03-12,"Cable glanding, MCC-1 and MCC-2 feeders",EL-CBL-1383,exact,,electrical,dev,,,
eni_progress.xlsx,2027-03-12,"Core termination and lacing, MCC-1 and MCC-2 — completed 08/Aug/2026",EL-CBL-1384,exact,2026-08-08,electrical,dev,,,
eni_progress.xlsx,2027-03-12,"Insulation resistance and hi-pot tests, MV cables to T-1 and T-2 — completed 2026-09-28",EL-ENS-1530,exact,2026-09-28,electrical,test,,,
eni_progress.xlsx,2027-03-12,Protective relay setting and primary injection tests — completed 02/Oct/2026,EL-ENS-1531,exact,2026-10-02,electrical,train,,,
eni_progress.xlsx,2027-03-12,Substation energization — completed 12/Oct/2026,EL-ENS-1532,exact,2026-10-12,electrical,test,,,
eni_progress.xlsx,2027-03-12,"Earth grid and earthing pits, site-wide — completed 2026-05-27",EL-GRD-1378,exact,2026-05-27,electrical,train,,,
eni_progress.xlsx,2027-03-12,"Install MCC panels and switchboard, substation room — completed 17/07/2026",EL-SWB-1373,exact,2026-07-17,electrical,test,,,
eni_progress.xlsx,2027-03-12,"Set and terminate transformer T-2, 11/0.433 kV — completed 05/08/2026",EL-TRF-1372,exact,2026-08-05,electrical,test,,,
eni_progress.xlsx,2027-03-12,"Install cable tray ladder 600 mm, rack tier 3 — completed 2026-07-07",EL-TRK-1360,exact,2026-07-07,electrical,test,,,
eni_progress.xlsx,2027-03-12,"Install cable tray 450 mm, rack tier 3, Unit 2 stretch — completed 2026-07-07",EL-TRK-1361,exact,2026-07-07,electrical,train,,,
eni_progress.xlsx,2027-03-12,"Install conduits and flexible connections, Unit 1/2 equipment — completed 2026-11-02",EL-TRK-1362,exact,2026-11-02,electrical,train,,,
eni_progress.xlsx,2027-03-12,"Pull instrument cables, rack tier 2 to junction boxes JB-101 to JB-108 — completed 03/Sep/2026",INS-CBL-1396,exact,2026-09-03,instrumentation,dev,,,
eni_progress.xlsx,2027-03-12,"Loop check, Unit 1 loops L-1101 to L-1128 — completed 19/12/2026",INS-CHK-1406,exact,2026-12-19,instrumentation,dev,,,
eni_progress.xlsx,2027-03-12,"Loop check, Unit 2 loops L-2101 to L-2122 — completed 11/Nov/2026",INS-CHK-1407,exact,2026-11-11,instrumentation,dev,,,
eni_progress.xlsx,2027-03-12,"Loop check, tank farm and utilities loops",INS-CHK-1408,exact,,instrumentation,train,,,
eni_progress.xlsx,2027-03-12,Integrated ESD and blowdown function test — completed 2027-01-03,INS-CHK-1542,exact,2027-01-03,instrumentation,dev,,,
eni_progress.xlsx,2027-03-12,"Install level transmitters LT-1201 to LT-1206, separators — completed 20/Jun/2026",INS-FIT-1392,exact,2026-06-20,instrumentation,test,,,
eni_progress.xlsx,2027-03-12,Install temperature elements TE-1301 to TE-1312,INS-FIT-1393,exact,,instrumentation,train,,,
eni_progress.xlsx,2027-03-12,"Install flow meter elements FE-1401 to FE-1408, Unit 2 — completed 05/11/2026",INS-FIT-1394,exact,2026-11-05,instrumentation,dev,,,
eni_progress.xlsx,2027-03-12,"Install junction boxes JB-101 to JB-108, field — completed 27/08/2026",INS-JBX-1395,exact,2026-08-27,instrumentation,dev,,,
eni_progress.xlsx,2027-03-12,Terminate field instruments at JB-101 to JB-108 — completed 18/Sep/2026,INS-TER-1398,exact,2026-09-18,instrumentation,dev,,,
eni_progress.xlsx,2027-03-12,"Install instrument cable tray 300 mm, rack tier 2 — completed 10/Jul/2026",INS-TRK-1363,exact,2026-07-10,instrumentation,test,,,
hse_progress.xlsx,2027-03-12,As-built markup verification and red-line transfer — completed 2026-11-26,HSE-DOC-1551,exact,2026-11-26,hse,dev,,,
hse_progress.xlsx,2027-03-12,Compilation of handover dossiers and O&M manuals — completed 02/Dec/2026,HSE-DOC-1552,exact,2026-12-02,hse,train,,,
hse_progress.xlsx,2027-03-12,As-built drawing submission and document close-out to OIL — completed 12/Mar/2027,HSE-DOC-1559,exact,2027-03-12,hse,train,,,
hse_progress.xlsx,2027-03-12,RFSU Unit 1 — completed 2027-01-04,HSE-HDO-1554,exact,2027-01-04,hse,dev,,,
hse_progress.xlsx,2027-03-12,RFSU Unit 2 — completed 04/Feb/2027,HSE-HDO-1555,exact,2027-02-04,hse,dev,,,
hse_progress.xlsx,2027-03-12,Provisional handover to Operations — completed 27/Feb/2027,HSE-HDO-1557,exact,2027-02-27,hse,dev,,,
hse_progress.xlsx,2027-03-12,Mechanical Completion Unit 1 — completed 2026-10-31,HSE-MS-1500,exact,2026-10-31,hse,dev,,,
hse_progress.xlsx,2027-03-12,Mechanical Completion Unit 2 — completed 2026-11-09,HSE-MS-1501,exact,2026-11-09,hse,dev,,,
hse_progress.xlsx,2027-03-12,"Mechanical Completion, Tank Farm and Utilities — completed 21/09/2026",HSE-MS-1502,exact,2026-09-21,hse,dev,,,
hse_progress.xlsx,2027-03-12,Pre-startup safety review (PSSR) walkthrough — completed 24/12/2026,HSE-PSC-1550,exact,2026-12-24,hse,test,,,
hse_progress.xlsx,2027-03-12,"Punchlist closure, category A and B items — completed 05/Mar/2027",HSE-PUN-1558,exact,2027-03-05,hse,test,,,
hse_progress.xlsx,2027-03-12,"PESO statutory inspection, tanks TK-2101 and TK-2102 — completed 12/11/2026",HSE-REG-1544,exact,2026-11-12,hse,train,,,
hse_progress.xlsx,2027-03-12,"PESO statutory inspection, flare system and pressure vessels V-1101/V- — completed 09/11/2026",HSE-REG-1545,exact,2026-11-09,hse,test,,,
hse_progress.xlsx,2027-03-12,PCB consent and factory inspectorate compliance walkthrough — completed 13/Nov/2026,HSE-REG-1546,exact,2026-11-13,hse,test,,,
hse_progress.xlsx,2027-03-12,"Safety signage and barricading, phase 1 work fronts — completed 20/Mar/2026",HSE-SGN-1043,exact,2026-03-20,hse,test,,,
hse_progress.xlsx,2027-03-12,Establish emergency muster points and wind socks — completed 26/Mar/2026,HSE-SGN-1044,exact,2026-03-26,hse,dev,,,
hse_progress.xlsx,2027-03-12,Erection of temporary site office and stores — completed 16/Mar/2026,HSE-TMP-1040,exact,2026-03-16,hse,dev,,,
hse_progress.xlsx,2027-03-12,Install temporary water supply and septic facility — completed 23/03/2026,HSE-TMP-1041,exact,2026-03-23,hse,test,,,
hse_progress.xlsx,2027-03-12,Temporary power distribution boards and cabling — completed 2026-03-23,HSE-TMP-1042,exact,2026-03-23,hse,dev,,,
hse_progress.xlsx,2027-03-12,Fabrication shed and pipe yard establishment — completed 2026-03-17,HSE-TMP-1053,exact,2026-03-17,hse,dev,,,
hse_progress.xlsx,2027-03-12,"Operations training and familiarization, OIL staff — completed 27/12/2026",HSE-TRN-1553,exact,2026-12-27,hse,train,,,
