record_id,source_row,accident_type,factor_path,factor_name,value_index,classification_value,data_origin,is_real,source_artifact_id,annotation_origin,verification_status
162549.015,1,struck-by,working_circumstances/construction_trade,construction_trade,1,earthwork,real,True,sha256:9dc64febec01c93d775dd15a7f2cddb8c9d0ed710f8764fae1e6c52960606e85,source_published_annotation,source_published_annotation_unreviewed
162549.015,1,struck-by,consequences/severity,severity,1,fatality,real,True,sha256:9dc64febec01c93d775dd15a7f2cddb8c9d0ed710f8764fae1e6c52960606e85,source_published_annotation,source_published_annotation_unreviewed
162549.015,1,struck-by,accident_type,accident_type,1,struck-by,real,True,sha256:9dc64febec01c93d775dd15a7f2cddb8c9d0ed710f8764fae1e6c52960606e85,source_published_annotation,source_published_annotation_unreviewed
162301.015,2,caught-in/between,working_circumstances/construction_trade,construction_trade,1,equipment,real,True,sha256:9dc64febec01c93d775dd15a7f2cddb8c9d0ed710f8764fae1e6c52960606e85,source_published_annotation,source_published_annotation_unreviewed
162301.015,2,caught-in/between,consequences/severity,severity,1,fatality,real,True,sha256:9dc64febec01c93d775dd15a7f2cddb8c9d0ed710f8764fae1e6c52960606e85,source_published_annotation,source_published_annotation_unreviewed
162301.015,2,caught-in/between,accident_type,accident_type,1,caught-in/between,real,True,sha256:9dc64febec01c93d775dd15a7f2cddb8c9d0ed710f8764fae1e6c52960606e85,source_published_annotation,source_published_annotation_unreviewed
161286.015,3,fall,working_circumstances/construction_trade,construction_trade,1,thermal and moisture protection,real,True,sha256:9dc64febec01c93d775dd15a7f2cddb8c9d0ed710f8764fae1e6c52960606e85,source_published_annotation,source_published_annotation_unreviewed
161286.015,3,fall,consequences/severity,severity,1,fatality,real,True,sha256:9dc64febec01c93d775dd15a7f2cddb8c9d0ed710f8764fae1e6c52960606e85,source_published_annotation,source_published_annotation_unreviewed
161286.015,3,fall,accident_type,accident_type,1,fall,real,True,sha256:9dc64febec01c93d775dd15a7f2cddb8c9d0ed710f8764fae1e6c52960606e85,source_published_annotation,source_published_annotation_unreviewed
160487.015,4,struck-by,working_circumstances/construction_trade,construction_trade,1,thermal and moisture protection,real,True,sha256:9dc64febec01c93d775dd15a7f2cddb8c9d0ed710f8764fae1e6c52960606e85,source_published_annotation,source_published_annotation_unreviewed
160487.015,4,struck-by,consequences/severity,severity,1,fatality,real,True,sha256:9dc64febec01c93d775dd15a7f2cddb8c9d0ed710f8764fae1e6c52960606e85,source_published_annotation,source_published_annotation_unreviewed
160487.015,4,struck-by,accident_type,accident_type,1,struck-by,real,True,sha256:9dc64febec01c93d775dd15a7f2cddb8c9d0ed710f8764fae1e6c52960606e85,source_published_annotation,source_published_annotation_unreviewed
160149.015,5,fall,working_circumstances/construction_trade,construction_trade,1,thermal and moisture protection,real,True,sha256:9dc64febec01c93d775dd15a7f2cddb8c9d0ed710f8764fae1e6c52960606e85,source_published_annotation,source_published_annotation_unreviewed
160149.015,5,fall,consequences/severity,severity,1,fatality,real,True,sha256:9dc64febec01c93d775dd15a7f2cddb8c9d0ed710f8764fae1e6c52960606e85,source_published_annotation,source_published_annotation_unreviewed
160149.015,5,fall,accident_type,accident_type,1,fall,real,True,sha256:9dc64febec01c93d775dd15a7f2cddb8c9d0ed710f8764fae1e6c52960606e85,source_published_annotation,source_published_annotation_unreviewed
160045.015,6,fall,working_circumstances/construction_trade,construction_trade,1,existing conditions,real,True,sha256:9dc64febec01c93d775dd15a7f2cddb8c9d0ed710f8764fae1e6c52960606e85,source_published_annotation,source_published_annotation_unreviewed
160045.015,6,fall,consequences/severity,severity,1,fatality,real,True,sha256:9dc64febec01c93d775dd15a7f2cddb8c9d0ed710f8764fae1e6c52960606e85,source_published_annotation,source_published_annotation_unreviewed
160045.015,6,fall,accident_type,accident_type,1,fall,real,True,sha256:9dc64febec01c93d775dd15a7f2cddb8c9d0ed710f8764fae1e6c52960606e85,source_published_annotation,source_published_annotation_unreviewed
159955.015,7,struck-by,working_circumstances/construction_trade,construction_trade,1,exterior improvements,real,True,sha256:9dc64febec01c93d775dd15a7f2cddb8c9d0ed710f8764fae1e6c52960606e85,source_published_annotation,source_published_annotation_unreviewed
159955.015,7,struck-by,consequences/severity,severity,1,fatality,real,True,sha256:9dc64febec01c93d775dd15a7f2cddb8c9d0ed710f8764fae1e6c52960606e85,source_published_annotation,source_published_annotation_unreviewed
159955.015,7,struck-by,accident_type,accident_type,1,struck-by,real,True,sha256:9dc64febec01c93d775dd15a7f2cddb8c9d0ed710f8764fae1e6c52960606e85,source_published_annotation,source_published_annotation_unreviewed
160027.015,8,electrocution,working_circumstances/construction_trade,construction_trade,1,electrical,real,True,sha256:9dc64febec01c93d775dd15a7f2cddb8c9d0ed710f8764fae1e6c52960606e85,source_published_annotation,source_published_annotation_unreviewed
160027.015,8,electrocution,consequences/severity,severity,1,fatality,real,True,sha256:9dc64febec01c93d775dd15a7f2cddb8c9d0ed710f8764fae1e6c52960606e85,source_published_annotation,source_published_annotation_unreviewed
160027.015,8,electrocution,accident_type,accident_type,1,electrocution,real,True,sha256:9dc64febec01c93d775dd15a7f2cddb8c9d0ed710f8764fae1e6c52960606e85,source_published_annotation,source_published_annotation_unreviewed
159883.015,9,fall,working_circumstances/construction_trade,construction_trade,1,"wood, plastics, and composites",real,True,sha256:9dc64febec01c93d775dd15a7f2cddb8c9d0ed710f8764fae1e6c52960606e85,source_published_annotation,source_published_annotation_unreviewed
159883.015,9,fall,consequences/severity,severity,1,fatality,real,True,sha256:9dc64febec01c93d775dd15a7f2cddb8c9d0ed710f8764fae1e6c52960606e85,source_published_annotation,source_published_annotation_unreviewed
159883.015,9,fall,accident_type,accident_type,1,fall,real,True,sha256:9dc64febec01c93d775dd15a7f2cddb8c9d0ed710f8764fae1e6c52960606e85,source_published_annotation,source_published_annotation_unreviewed
159608.015,10,fall,working_circumstances/construction_trade,construction_trade,1,"wood, plastics, and composites",real,True,sha256:9dc64febec01c93d775dd15a7f2cddb8c9d0ed710f8764fae1e6c52960606e85,source_published_annotation,source_published_annotation_unreviewed
159608.015,10,fall,consequences/severity,severity,1,fatality,real,True,sha256:9dc64febec01c93d775dd15a7f2cddb8c9d0ed710f8764fae1e6c52960606e85,source_published_annotation,source_published_annotation_unreviewed
159608.015,10,fall,accident_type,accident_type,1,fall,real,True,sha256:9dc64febec01c93d775dd15a7f2cddb8c9d0ed710f8764fae1e6c52960606e85,source_published_annotation,source_published_annotation_unreviewed
159425.015,11,fall,working_circumstances/construction_trade,construction_trade,1,thermal and moisture protection,real,True,sha256:9dc64febec01c93d775dd15a7f2cddb8c9d0ed710f8764fae1e6c52960606e85,source_published_annotation,source_published_annotation_unreviewed
159425.015,11,fall,consequences/severity,severity,1,fatality,real,True,sha256:9dc64febec01c93d775dd15a7f2cddb8c9d0ed710f8764fae1e6c52960606e85,source_published_annotation,source_published_annotation_unreviewed
159425.015,11,fall,accident_type,accident_type,1,fall,real,True,sha256:9dc64febec01c93d775dd15a7f2cddb8c9d0ed710f8764fae1e6c52960606e85,source_published_annotation,source_published_annotation_unreviewed
159868.015,12,fall,working_circumstances/construction_trade,construction_trade,1,thermal and moisture protection,real,True,sha256:9dc64febec01c93d775dd15a7f2cddb8c9d0ed710f8764fae1e6c52960606e85,source_published_annotation,source_published_annotation_unreviewed
159868.015,12,fall,consequences/severity,severity,1,fatality,real,True,sha256:9dc64febec01c93d775dd15a7f2cddb8c9d0ed710f8764fae1e6c52960606e85,source_published_annotation,source_published_annotation_unreviewed
159868.015,12,fall,accident_type,accident_type,1,fall,real,True,sha256:9dc64febec01c93d775dd15a7f2cddb8c9d0ed710f8764fae1e6c52960606e85,source_published_annotation,source_published_annotation_unreviewed
159624.015,13,fall,working_circumstances/construction_trade,construction_trade,1,electrical,real,True,sha256:9dc64febec01c93d775dd15a7f2cddb8c9d0ed710f8764fae1e6c52960606e85,source_published_annotation,source_published_annotation_unreviewed
159624.015,13,fall,consequences/severity,severity,1,fatality,real,True,sha256:9dc64febec01c93d775dd15a7f2cddb8c9d0ed710f8764fae1e6c52960606e85,source_published_annotation,source_published_annotation_unreviewed
159624.015,13,fall,accident_type,accident_type,1,fall,real,True,sha256:9dc64febec01c93d775dd15a7f2cddb8c9d0ed710f8764fae1e6c52960606e85,source_published_annotation,source_published_annotation_unreviewed
163016.015,14,fall,working_circumstances/construction_trade,construction_trade,1,thermal and moisture protection,real,True,sha256:9dc64febec01c93d775dd15a7f2cddb8c9d0ed710f8764fae1e6c52960606e85,source_published_annotation,source_published_annotation_unreviewed
163016.015,14,fall,consequences/severity,severity,1,fatality,real,True,sha256:9dc64febec01c93d775dd15a7f2cddb8c9d0ed710f8764fae1e6c52960606e85,source_published_annotation,source_published_annotation_unreviewed
163016.015,14,fall,accident_type,accident_type,1,fall,real,True,sha256:9dc64febec01c93d775dd15a7f2cddb8c9d0ed710f8764fae1e6c52960606e85,source_published_annotation,source_published_annotation_unreviewed
158794.015,15,fall,working_circumstances/construction_trade,construction_trade,1,thermal and moisture protection,real,True,sha256:9dc64febec01c93d775dd15a7f2cddb8c9d0ed710f8764fae1e6c52960606e85,source_published_annotation,source_published_annotation_unreviewed
158794.015,15,fall,consequences/severity,severity,1,fatality,real,True,sha256:9dc64febec01c93d775dd15a7f2cddb8c9d0ed710f8764fae1e6c52960606e85,source_published_annotation,source_published_annotation_unreviewed
158794.015,15,fall,accident_type,accident_type,1,fall,real,True,sha256:9dc64febec01c93d775dd15a7f2cddb8c9d0ed710f8764fae1e6c52960606e85,source_published_annotation,source_published_annotation_unreviewed
158394.015,16,struck-by,working_circumstances/construction_trade,construction_trade,1,earthwork,real,True,sha256:9dc64febec01c93d775dd15a7f2cddb8c9d0ed710f8764fae1e6c52960606e85,source_published_annotation,source_published_annotation_unreviewed
158394.015,16,struck-by,consequences/severity,severity,1,fatality,real,True,sha256:9dc64febec01c93d775dd15a7f2cddb8c9d0ed710f8764fae1e6c52960606e85,source_published_annotation,source_published_annotation_unreviewed
158394.015,16,struck-by,accident_type,accident_type,1,struck-by,real,True,sha256:9dc64febec01c93d775dd15a7f2cddb8c9d0ed710f8764fae1e6c52960606e85,source_published_annotation,source_published_annotation_unreviewed
158358.015,17,electrocution,working_circumstances/construction_trade,construction_trade,1,thermal and moisture protection,real,True,sha256:9dc64febec01c93d775dd15a7f2cddb8c9d0ed710f8764fae1e6c52960606e85,source_published_annotation,source_published_annotation_unreviewed
158358.015,17,electrocution,consequences/severity,severity,1,fatality,real,True,sha256:9dc64febec01c93d775dd15a7f2cddb8c9d0ed710f8764fae1e6c52960606e85,source_published_annotation,source_published_annotation_unreviewed
158358.015,17,electrocution,accident_type,accident_type,1,electrocution,real,True,sha256:9dc64febec01c93d775dd15a7f2cddb8c9d0ed710f8764fae1e6c52960606e85,source_published_annotation,source_published_annotation_unreviewed
158303.015,18,fall,working_circumstances/construction_trade,construction_trade,1,thermal and moisture protection,real,True,sha256:9dc64febec01c93d775dd15a7f2cddb8c9d0ed710f8764fae1e6c52960606e85,source_published_annotation,source_published_annotation_unreviewed
158303.015,18,fall,consequences/severity,severity,1,fatality,real,True,sha256:9dc64febec01c93d775dd15a7f2cddb8c9d0ed710f8764fae1e6c52960606e85,source_published_annotation,source_published_annotation_unreviewed
158303.015,18,fall,accident_type,accident_type,1,fall,real,True,sha256:9dc64febec01c93d775dd15a7f2cddb8c9d0ed710f8764fae1e6c52960606e85,source_published_annotation,source_published_annotation_unreviewed
158712.015,19,fall,working_circumstances/construction_trade,construction_trade,1,thermal and moisture protection,real,True,sha256:9dc64febec01c93d775dd15a7f2cddb8c9d0ed710f8764fae1e6c52960606e85,source_published_annotation,source_published_annotation_unreviewed
158712.015,19,fall,consequences/severity,severity,1,fatality,real,True,sha256:9dc64febec01c93d775dd15a7f2cddb8c9d0ed710f8764fae1e6c52960606e85,source_published_annotation,source_published_annotation_unreviewed
158712.015,19,fall,accident_type,accident_type,1,fall,real,True,sha256:9dc64febec01c93d775dd15a7f2cddb8c9d0ed710f8764fae1e6c52960606e85,source_published_annotation,source_published_annotation_unreviewed
159494.015,20,caught-in/between,working_circumstances/construction_trade,construction_trade,1,"wood, plastics, and composites",real,True,sha256:9dc64febec01c93d775dd15a7f2cddb8c9d0ed710f8764fae1e6c52960606e85,source_published_annotation,source_published_annotation_unreviewed
159494.015,20,caught-in/between,consequences/severity,severity,1,fatality,real,True,sha256:9dc64febec01c93d775dd15a7f2cddb8c9d0ed710f8764fae1e6c52960606e85,source_published_annotation,source_published_annotation_unreviewed
159494.015,20,caught-in/between,accident_type,accident_type,1,caught-in/between,real,True,sha256:9dc64febec01c93d775dd15a7f2cddb8c9d0ed710f8764fae1e6c52960606e85,source_published_annotation,source_published_annotation_unreviewed
156653.015,21,caught-in/between,working_circumstances/construction_trade,construction_trade,1,utilities,real,True,sha256:9dc64febec01c93d775dd15a7f2cddb8c9d0ed710f8764fae1e6c52960606e85,source_published_annotation,source_published_annotation_unreviewed
156653.015,21,caught-in/between,consequences/severity,severity,1,fatality,real,True,sha256:9dc64febec01c93d775dd15a7f2cddb8c9d0ed710f8764fae1e6c52960606e85,source_published_annotation,source_published_annotation_unreviewed
156653.015,21,caught-in/between,accident_type,accident_type,1,caught-in/between,real,True,sha256:9dc64febec01c93d775dd15a7f2cddb8c9d0ed710f8764fae1e6c52960606e85,source_published_annotation,source_published_annotation_unreviewed
159610.015,22,fall,working_circumstances/construction_trade,construction_trade,1,thermal and moisture protection,real,True,sha256:9dc64febec01c93d775dd15a7f2cddb8c9d0ed710f8764fae1e6c52960606e85,source_published_annotation,source_published_annotation_unreviewed
159610.015,22,fall,consequences/severity,severity,1,fatality,real,True,sha256:9dc64febec01c93d775dd15a7f2cddb8c9d0ed710f8764fae1e6c52960606e85,source_published_annotation,source_published_annotation_unreviewed
159610.015,22,fall,accident_type,accident_type,1,fall,real,True,sha256:9dc64febec01c93d775dd15a7f2cddb8c9d0ed710f8764fae1e6c52960606e85,source_published_annotation,source_published_annotation_unreviewed
156320.015,23,fall,working_circumstances/construction_trade,construction_trade,1,thermal and moisture protection,real,True,sha256:9dc64febec01c93d775dd15a7f2cddb8c9d0ed710f8764fae1e6c52960606e85,source_published_annotation,source_published_annotation_unreviewed
156320.015,23,fall,consequences/severity,severity,1,fatality,real,True,sha256:9dc64febec01c93d775dd15a7f2cddb8c9d0ed710f8764fae1e6c52960606e85,source_published_annotation,source_published_annotation_unreviewed
156320.015,23,fall,accident_type,accident_type,1,fall,real,True,sha256:9dc64febec01c93d775dd15a7f2cddb8c9d0ed710f8764fae1e6c52960606e85,source_published_annotation,source_published_annotation_unreviewed
156278.015,24,fall,working_circumstances/construction_trade,construction_trade,1,thermal and moisture protection,real,True,sha256:9dc64febec01c93d775dd15a7f2cddb8c9d0ed710f8764fae1e6c52960606e85,source_published_annotation,source_published_annotation_unreviewed
156278.015,24,fall,consequences/severity,severity,1,fatality,real,True,sha256:9dc64febec01c93d775dd15a7f2cddb8c9d0ed710f8764fae1e6c52960606e85,source_published_annotation,source_published_annotation_unreviewed
156278.015,24,fall,accident_type,accident_type,1,fall,real,True,sha256:9dc64febec01c93d775dd15a7f2cddb8c9d0ed710f8764fae1e6c52960606e85,source_published_annotation,source_published_annotation_unreviewed
156179.015,25,fall,working_circumstances/construction_trade,construction_trade,1,thermal and moisture protection,real,True,sha256:9dc64febec01c93d775dd15a7f2cddb8c9d0ed710f8764fae1e6c52960606e85,source_published_annotation,source_published_annotation_unreviewed
156179.015,25,fall,consequences/severity,severity,1,fatality,real,True,sha256:9dc64febec01c93d775dd15a7f2cddb8c9d0ed710f8764fae1e6c52960606e85,source_published_annotation,source_published_annotation_unreviewed
156179.015,25,fall,accident_type,accident_type,1,fall,real,True,sha256:9dc64febec01c93d775dd15a7f2cddb8c9d0ed710f8764fae1e6c52960606e85,source_published_annotation,source_published_annotation_unreviewed
156009.015,26,fall,working_circumstances/construction_trade,construction_trade,1,"wood, plastics, and composites",real,True,sha256:9dc64febec01c93d775dd15a7f2cddb8c9d0ed710f8764fae1e6c52960606e85,source_published_annotation,source_published_annotation_unreviewed
156009.015,26,fall,consequences/severity,severity,1,fatality,real,True,sha256:9dc64febec01c93d775dd15a7f2cddb8c9d0ed710f8764fae1e6c52960606e85,source_published_annotation,source_published_annotation_unreviewed
156009.015,26,fall,accident_type,accident_type,1,fall,real,True,sha256:9dc64febec01c93d775dd15a7f2cddb8c9d0ed710f8764fae1e6c52960606e85,source_published_annotation,source_published_annotation_unreviewed
156209.015,27,fall,working_circumstances/construction_trade,construction_trade,1,general requirements,real,True,sha256:9dc64febec01c93d775dd15a7f2cddb8c9d0ed710f8764fae1e6c52960606e85,source_published_annotation,source_published_annotation_unreviewed
156209.015,27,fall,consequences/severity,severity,1,fatality,real,True,sha256:9dc64febec01c93d775dd15a7f2cddb8c9d0ed710f8764fae1e6c52960606e85,source_published_annotation,source_published_annotation_unreviewed
156209.015,27,fall,accident_type,accident_type,1,fall,real,True,sha256:9dc64febec01c93d775dd15a7f2cddb8c9d0ed710f8764fae1e6c52960606e85,source_published_annotation,source_published_annotation_unreviewed
155202.015,28,struck-by,working_circumstances/construction_trade,construction_trade,1,electrical,real,True,sha256:9dc64febec01c93d775dd15a7f2cddb8c9d0ed710f8764fae1e6c52960606e85,source_published_annotation,source_published_annotation_unreviewed
155202.015,28,struck-by,consequences/severity,severity,1,fatality,real,True,sha256:9dc64febec01c93d775dd15a7f2cddb8c9d0ed710f8764fae1e6c52960606e85,source_published_annotation,source_published_annotation_unreviewed
155202.015,28,struck-by,accident_type,accident_type,1,struck-by,real,True,sha256:9dc64febec01c93d775dd15a7f2cddb8c9d0ed710f8764fae1e6c52960606e85,source_published_annotation,source_published_annotation_unreviewed
155140.015,29,struck-by,working_circumstances/construction_trade,construction_trade,1,"wood, plastics, and composites",real,True,sha256:9dc64febec01c93d775dd15a7f2cddb8c9d0ed710f8764fae1e6c52960606e85,source_published_annotation,source_published_annotation_unreviewed
155140.015,29,struck-by,consequences/severity,severity,1,fatality,real,True,sha256:9dc64febec01c93d775dd15a7f2cddb8c9d0ed710f8764fae1e6c52960606e85,source_published_annotation,source_published_annotation_unreviewed
155140.015,29,struck-by,accident_type,accident_type,1,struck-by,real,True,sha256:9dc64febec01c93d775dd15a7f2cddb8c9d0ed710f8764fae1e6c52960606e85,source_published_annotation,source_published_annotation_unreviewed
157473.015,30,fall,working_circumstances/construction_trade,construction_trade,1,"wood, plastics, and composites",real,True,sha256:9dc64febec01c93d775dd15a7f2cddb8c9d0ed710f8764fae1e6c52960606e85,source_published_annotation,source_published_annotation_unreviewed
157473.015,30,fall,consequences/severity,severity,1,fatality,real,True,sha256:9dc64febec01c93d775dd15a7f2cddb8c9d0ed710f8764fae1e6c52960606e85,source_published_annotation,source_published_annotation_unreviewed
157473.015,30,fall,accident_type,accident_type,1,fall,real,True,sha256:9dc64febec01c93d775dd15a7f2cddb8c9d0ed710f8764fae1e6c52960606e85,source_published_annotation,source_published_annotation_unreviewed
154414.015,31,struck-by,working_circumstances/construction_trade,construction_trade,1,earthwork,real,True,sha256:9dc64febec01c93d775dd15a7f2cddb8c9d0ed710f8764fae1e6c52960606e85,source_published_annotation,source_published_annotation_unreviewed
154414.015,31,struck-by,consequences/severity,severity,1,fatality,real,True,sha256:9dc64febec01c93d775dd15a7f2cddb8c9d0ed710f8764fae1e6c52960606e85,source_published_annotation,source_published_annotation_unreviewed
154414.015,31,struck-by,accident_type,accident_type,1,struck-by,real,True,sha256:9dc64febec01c93d775dd15a7f2cddb8c9d0ed710f8764fae1e6c52960606e85,source_published_annotation,source_published_annotation_unreviewed
154440.015,32,fall,working_circumstances/construction_trade,construction_trade,1,thermal and moisture protection,real,True,sha256:9dc64febec01c93d775dd15a7f2cddb8c9d0ed710f8764fae1e6c52960606e85,source_published_annotation,source_published_annotation_unreviewed
154440.015,32,fall,consequences/severity,severity,1,fatality,real,True,sha256:9dc64febec01c93d775dd15a7f2cddb8c9d0ed710f8764fae1e6c52960606e85,source_published_annotation,source_published_annotation_unreviewed
154440.015,32,fall,accident_type,accident_type,1,fall,real,True,sha256:9dc64febec01c93d775dd15a7f2cddb8c9d0ed710f8764fae1e6c52960606e85,source_published_annotation,source_published_annotation_unreviewed
154458.015,33,fall,working_circumstances/construction_trade,construction_trade,1,thermal and moisture protection,real,True,sha256:9dc64febec01c93d775dd15a7f2cddb8c9d0ed710f8764fae1e6c52960606e85,source_published_annotation,source_published_annotation_unreviewed
154458.015,33,fall,consequences/severity,severity,1,fatality,real,True,sha256:9dc64febec01c93d775dd15a7f2cddb8c9d0ed710f8764fae1e6c52960606e85,source_published_annotation,source_published_annotation_unreviewed
154458.015,33,fall,accident_type,accident_type,1,fall,real,True,sha256:9dc64febec01c93d775dd15a7f2cddb8c9d0ed710f8764fae1e6c52960606e85,source_published_annotation,source_published_annotation_unreviewed
154295.015,34,fall,working_circumstances/construction_trade,construction_trade,1,finishes,real,True,sha256:9dc64febec01c93d775dd15a7f2cddb8c9d0ed710f8764fae1e6c52960606e85,source_published_annotation,source_published_annotation_unreviewed
154295.015,34,fall,consequences/severity,severity,1,fatality,real,True,sha256:9dc64febec01c93d775dd15a7f2cddb8c9d0ed710f8764fae1e6c52960606e85,source_published_annotation,source_published_annotation_unreviewed
154295.015,34,fall,accident_type,accident_type,1,fall,real,True,sha256:9dc64febec01c93d775dd15a7f2cddb8c9d0ed710f8764fae1e6c52960606e85,source_published_annotation,source_published_annotation_unreviewed
154245.015,35,caught-in/between,working_circumstances/construction_trade,construction_trade,1,existing conditions,real,True,sha256:9dc64febec01c93d775dd15a7f2cddb8c9d0ed710f8764fae1e6c52960606e85,source_published_annotation,source_published_annotation_unreviewed
154245.015,35,caught-in/between,consequences/severity,severity,1,fatality,real,True,sha256:9dc64febec01c93d775dd15a7f2cddb8c9d0ed710f8764fae1e6c52960606e85,source_published_annotation,source_published_annotation_unreviewed
154245.015,35,caught-in/between,accident_type,accident_type,1,caught-in/between,real,True,sha256:9dc64febec01c93d775dd15a7f2cddb8c9d0ed710f8764fae1e6c52960606e85,source_published_annotation,source_published_annotation_unreviewed
153239.015,36,fall,working_circumstances/construction_trade,construction_trade,1,"wood, plastics, and composites",real,True,sha256:9dc64febec01c93d775dd15a7f2cddb8c9d0ed710f8764fae1e6c52960606e85,source_published_annotation,source_published_annotation_unreviewed
153239.015,36,fall,consequences/severity,severity,1,fatality,real,True,sha256:9dc64febec01c93d775dd15a7f2cddb8c9d0ed710f8764fae1e6c52960606e85,source_published_annotation,source_published_annotation_unreviewed
153239.015,36,fall,accident_type,accident_type,1,fall,real,True,sha256:9dc64febec01c93d775dd15a7f2cddb8c9d0ed710f8764fae1e6c52960606e85,source_published_annotation,source_published_annotation_unreviewed
152042.015,37,struck-by,working_circumstances/construction_trade,construction_trade,1,earthwork,real,True,sha256:9dc64febec01c93d775dd15a7f2cddb8c9d0ed710f8764fae1e6c52960606e85,source_published_annotation,source_published_annotation_unreviewed
152042.015,37,struck-by,consequences/severity,severity,1,fatality,real,True,sha256:9dc64febec01c93d775dd15a7f2cddb8c9d0ed710f8764fae1e6c52960606e85,source_published_annotation,source_published_annotation_unreviewed
152042.015,37,struck-by,accident_type,accident_type,1,struck-by,real,True,sha256:9dc64febec01c93d775dd15a7f2cddb8c9d0ed710f8764fae1e6c52960606e85,source_published_annotation,source_published_annotation_unreviewed
151878.015,38,fall,working_circumstances/construction_trade,construction_trade,1,existing conditions,real,True,sha256:9dc64febec01c93d775dd15a7f2cddb8c9d0ed710f8764fae1e6c52960606e85,source_published_annotation,source_published_annotation_unreviewed
151878.015,38,fall,consequences/severity,severity,1,fatality,real,True,sha256:9dc64febec01c93d775dd15a7f2cddb8c9d0ed710f8764fae1e6c52960606e85,source_published_annotation,source_published_annotation_unreviewed
151878.015,38,fall,accident_type,accident_type,1,fall,real,True,sha256:9dc64febec01c93d775dd15a7f2cddb8c9d0ed710f8764fae1e6c52960606e85,source_published_annotation,source_published_annotation_unreviewed
150500.015,39,struck-by,working_circumstances/construction_trade,construction_trade,1,equipment,real,True,sha256:9dc64febec01c93d775dd15a7f2cddb8c9d0ed710f8764fae1e6c52960606e85,source_published_annotation,source_published_annotation_unreviewed
150500.015,39,struck-by,consequences/severity,severity,1,fatality,real,True,sha256:9dc64febec01c93d775dd15a7f2cddb8c9d0ed710f8764fae1e6c52960606e85,source_published_annotation,source_published_annotation_unreviewed
150500.015,39,struck-by,accident_type,accident_type,1,struck-by,real,True,sha256:9dc64febec01c93d775dd15a7f2cddb8c9d0ed710f8764fae1e6c52960606e85,source_published_annotation,source_published_annotation_unreviewed
150357.015,40,fall,working_circumstances/construction_trade,construction_trade,1,thermal and moisture protection,real,True,sha256:9dc64febec01c93d775dd15a7f2cddb8c9d0ed710f8764fae1e6c52960606e85,source_published_annotation,source_published_annotation_unreviewed
150357.015,40,fall,consequences/severity,severity,1,fatality,real,True,sha256:9dc64febec01c93d775dd15a7f2cddb8c9d0ed710f8764fae1e6c52960606e85,source_published_annotation,source_published_annotation_unreviewed
150357.015,40,fall,accident_type,accident_type,1,fall,real,True,sha256:9dc64febec01c93d775dd15a7f2cddb8c9d0ed710f8764fae1e6c52960606e85,source_published_annotation,source_published_annotation_unreviewed
150311.015,41,fall,working_circumstances/construction_trade,construction_trade,1,thermal and moisture protection,real,True,sha256:9dc64febec01c93d775dd15a7f2cddb8c9d0ed710f8764fae1e6c52960606e85,source_published_annotation,source_published_annotation_unreviewed
150311.015,41,fall,consequences/severity,severity,1,fatality,real,True,sha256:9dc64febec01c93d775dd15a7f2cddb8c9d0ed710f8764fae1e6c52960606e85,source_published_annotation,source_published_annotation_unreviewed
150311.015,41,fall,accident_type,accident_type,1,fall,real,True,sha256:9dc64febec01c93d775dd15a7f2cddb8c9d0ed710f8764fae1e6c52960606e85,source_published_annotation,source_published_annotation_unreviewed
150216.015,42,fall,working_circumstances/construction_trade,construction_trade,1,thermal and moisture protection,real,True,sha256:9dc64febec01c93d775dd15a7f2cddb8c9d0ed710f8764fae1e6c52960606e85,source_published_annotation,source_published_annotation_unreviewed
150216.015,42,fall,consequences/severity,severity,1,fatality,real,True,sha256:9dc64febec01c93d775dd15a7f2cddb8c9d0ed710f8764fae1e6c52960606e85,source_published_annotation,source_published_annotation_unreviewed
150216.015,42,fall,accident_type,accident_type,1,fall,real,True,sha256:9dc64febec01c93d775dd15a7f2cddb8c9d0ed710f8764fae1e6c52960606e85,source_published_annotation,source_published_annotation_unreviewed
150184.015,43,fall,working_circumstances/construction_trade,construction_trade,1,electrical,real,True,sha256:9dc64febec01c93d775dd15a7f2cddb8c9d0ed710f8764fae1e6c52960606e85,source_published_annotation,source_published_annotation_unreviewed
150184.015,43,fall,consequences/severity,severity,1,fatality,real,True,sha256:9dc64febec01c93d775dd15a7f2cddb8c9d0ed710f8764fae1e6c52960606e85,source_published_annotation,source_published_annotation_unreviewed
150184.015,43,fall,accident_type,accident_type,1,fall,real,True,sha256:9dc64febec01c93d775dd15a7f2cddb8c9d0ed710f8764fae1e6c52960606e85,source_published_annotation,source_published_annotation_unreviewed
149852.015,44,struck-by,working_circumstances/construction_trade,construction_trade,1,earthwork,real,True,sha256:9dc64febec01c93d775dd15a7f2cddb8c9d0ed710f8764fae1e6c52960606e85,source_published_annotation,source_published_annotation_unreviewed
149852.015,44,struck-by,consequences/severity,severity,1,fatality,real,True,sha256:9dc64febec01c93d775dd15a7f2cddb8c9d0ed710f8764fae1e6c52960606e85,source_published_annotation,source_published_annotation_unreviewed
149852.015,44,struck-by,accident_type,accident_type,1,struck-by,real,True,sha256:9dc64febec01c93d775dd15a7f2cddb8c9d0ed710f8764fae1e6c52960606e85,source_published_annotation,source_published_annotation_unreviewed
149558.015,45,struck-by,working_circumstances/construction_trade,construction_trade,1,general requirements,real,True,sha256:9dc64febec01c93d775dd15a7f2cddb8c9d0ed710f8764fae1e6c52960606e85,source_published_annotation,source_published_annotation_unreviewed
149558.015,45,struck-by,consequences/severity,severity,1,fatality,real,True,sha256:9dc64febec01c93d775dd15a7f2cddb8c9d0ed710f8764fae1e6c52960606e85,source_published_annotation,source_published_annotation_unreviewed
149558.015,45,struck-by,accident_type,accident_type,1,struck-by,real,True,sha256:9dc64febec01c93d775dd15a7f2cddb8c9d0ed710f8764fae1e6c52960606e85,source_published_annotation,source_published_annotation_unreviewed
149747.015,46,caught-in/between,working_circumstances/construction_trade,construction_trade,1,utilities,real,True,sha256:9dc64febec01c93d775dd15a7f2cddb8c9d0ed710f8764fae1e6c52960606e85,source_published_annotation,source_published_annotation_unreviewed
149747.015,46,caught-in/between,consequences/severity,severity,1,fatality,real,True,sha256:9dc64febec01c93d775dd15a7f2cddb8c9d0ed710f8764fae1e6c52960606e85,source_published_annotation,source_published_annotation_unreviewed
149747.015,46,caught-in/between,accident_type,accident_type,1,caught-in/between,real,True,sha256:9dc64febec01c93d775dd15a7f2cddb8c9d0ed710f8764fae1e6c52960606e85,source_published_annotation,source_published_annotation_unreviewed
149440.015,47,fall,working_circumstances/construction_trade,construction_trade,1,thermal and moisture protection,real,True,sha256:9dc64febec01c93d775dd15a7f2cddb8c9d0ed710f8764fae1e6c52960606e85,source_published_annotation,source_published_annotation_unreviewed
149440.015,47,fall,consequences/severity,severity,1,fatality,real,True,sha256:9dc64febec01c93d775dd15a7f2cddb8c9d0ed710f8764fae1e6c52960606e85,source_published_annotation,source_published_annotation_unreviewed
149440.015,47,fall,accident_type,accident_type,1,fall,real,True,sha256:9dc64febec01c93d775dd15a7f2cddb8c9d0ed710f8764fae1e6c52960606e85,source_published_annotation,source_published_annotation_unreviewed
149385.015,48,fall,working_circumstances/construction_trade,construction_trade,1,thermal and moisture protection,real,True,sha256:9dc64febec01c93d775dd15a7f2cddb8c9d0ed710f8764fae1e6c52960606e85,source_published_annotation,source_published_annotation_unreviewed
149385.015,48,fall,consequences/severity,severity,1,fatality,real,True,sha256:9dc64febec01c93d775dd15a7f2cddb8c9d0ed710f8764fae1e6c52960606e85,source_published_annotation,source_published_annotation_unreviewed
149385.015,48,fall,accident_type,accident_type,1,fall,real,True,sha256:9dc64febec01c93d775dd15a7f2cddb8c9d0ed710f8764fae1e6c52960606e85,source_published_annotation,source_published_annotation_unreviewed
148957.015,49,caught-in/between,working_circumstances/construction_trade,construction_trade,1,"wood, plastics, and composites",real,True,sha256:9dc64febec01c93d775dd15a7f2cddb8c9d0ed710f8764fae1e6c52960606e85,source_published_annotation,source_published_annotation_unreviewed
148957.015,49,caught-in/between,consequences/severity,severity,1,fatality,real,True,sha256:9dc64febec01c93d775dd15a7f2cddb8c9d0ed710f8764fae1e6c52960606e85,source_published_annotation,source_published_annotation_unreviewed
148957.015,49,caught-in/between,accident_type,accident_type,1,caught-in/between,real,True,sha256:9dc64febec01c93d775dd15a7f2cddb8c9d0ed710f8764fae1e6c52960606e85,source_published_annotation,source_published_annotation_unreviewed
149254.015,50,fall,working_circumstances/construction_trade,construction_trade,1,metals,real,True,sha256:9dc64febec01c93d775dd15a7f2cddb8c9d0ed710f8764fae1e6c52960606e85,source_published_annotation,source_published_annotation_unreviewed
149254.015,50,fall,consequences/severity,severity,1,fatality,real,True,sha256:9dc64febec01c93d775dd15a7f2cddb8c9d0ed710f8764fae1e6c52960606e85,source_published_annotation,source_published_annotation_unreviewed
149254.015,50,fall,accident_type,accident_type,1,fall,real,True,sha256:9dc64febec01c93d775dd15a7f2cddb8c9d0ed710f8764fae1e6c52960606e85,source_published_annotation,source_published_annotation_unreviewed
149240.015,51,fall,working_circumstances/construction_trade,construction_trade,1,thermal and moisture protection,real,True,sha256:9dc64febec01c93d775dd15a7f2cddb8c9d0ed710f8764fae1e6c52960606e85,source_published_annotation,source_published_annotation_unreviewed
149240.015,51,fall,consequences/severity,severity,1,fatality,real,True,sha256:9dc64febec01c93d775dd15a7f2cddb8c9d0ed710f8764fae1e6c52960606e85,source_published_annotation,source_published_annotation_unreviewed
149240.015,51,fall,accident_type,accident_type,1,fall,real,True,sha256:9dc64febec01c93d775dd15a7f2cddb8c9d0ed710f8764fae1e6c52960606e85,source_published_annotation,source_published_annotation_unreviewed
148468.015,52,caught-in/between,working_circumstances/construction_trade,construction_trade,1,general requirements,real,True,sha256:9dc64febec01c93d775dd15a7f2cddb8c9d0ed710f8764fae1e6c52960606e85,source_published_annotation,source_published_annotation_unreviewed
148468.015,52,caught-in/between,consequences/severity,severity,1,fatality,real,True,sha256:9dc64febec01c93d775dd15a7f2cddb8c9d0ed710f8764fae1e6c52960606e85,source_published_annotation,source_published_annotation_unreviewed
148468.015,52,caught-in/between,accident_type,accident_type,1,caught-in/between,real,True,sha256:9dc64febec01c93d775dd15a7f2cddb8c9d0ed710f8764fae1e6c52960606e85,source_published_annotation,source_published_annotation_unreviewed
147592.015,53,caught-in/between,working_circumstances/construction_trade,construction_trade,1,utilities,real,True,sha256:9dc64febec01c93d775dd15a7f2cddb8c9d0ed710f8764fae1e6c52960606e85,source_published_annotation,source_published_annotation_unreviewed
147592.015,53,caught-in/between,consequences/severity,severity,1,fatality,real,True,sha256:9dc64febec01c93d775dd15a7f2cddb8c9d0ed710f8764fae1e6c52960606e85,source_published_annotation,source_published_annotation_unreviewed
147592.015,53,caught-in/between,accident_type,accident_type,1,caught-in/between,real,True,sha256:9dc64febec01c93d775dd15a7f2cddb8c9d0ed710f8764fae1e6c52960606e85,source_published_annotation,source_published_annotation_unreviewed
147505.015,54,fall,working_circumstances/construction_trade,construction_trade,1,openings,real,True,sha256:9dc64febec01c93d775dd15a7f2cddb8c9d0ed710f8764fae1e6c52960606e85,source_published_annotation,source_published_annotation_unreviewed
147505.015,54,fall,consequences/severity,severity,1,fatality,real,True,sha256:9dc64febec01c93d775dd15a7f2cddb8c9d0ed710f8764fae1e6c52960606e85,source_published_annotation,source_published_annotation_unreviewed
147505.015,54,fall,accident_type,accident_type,1,fall,real,True,sha256:9dc64febec01c93d775dd15a7f2cddb8c9d0ed710f8764fae1e6c52960606e85,source_published_annotation,source_published_annotation_unreviewed
147565.015,55,fall,working_circumstances/construction_trade,construction_trade,1,special construction,real,True,sha256:9dc64febec01c93d775dd15a7f2cddb8c9d0ed710f8764fae1e6c52960606e85,source_published_annotation,source_published_annotation_unreviewed
147565.015,55,fall,consequences/severity,severity,1,fatality,real,True,sha256:9dc64febec01c93d775dd15a7f2cddb8c9d0ed710f8764fae1e6c52960606e85,source_published_annotation,source_published_annotation_unreviewed
147565.015,55,fall,accident_type,accident_type,1,fall,real,True,sha256:9dc64febec01c93d775dd15a7f2cddb8c9d0ed710f8764fae1e6c52960606e85,source_published_annotation,source_published_annotation_unreviewed
147333.015,56,fall,working_circumstances/construction_trade,construction_trade,1,thermal and moisture protection,real,True,sha256:9dc64febec01c93d775dd15a7f2cddb8c9d0ed710f8764fae1e6c52960606e85,source_published_annotation,source_published_annotation_unreviewed
147333.015,56,fall,consequences/severity,severity,1,fatality,real,True,sha256:9dc64febec01c93d775dd15a7f2cddb8c9d0ed710f8764fae1e6c52960606e85,source_published_annotation,source_published_annotation_unreviewed
147333.015,56,fall,accident_type,accident_type,1,fall,real,True,sha256:9dc64febec01c93d775dd15a7f2cddb8c9d0ed710f8764fae1e6c52960606e85,source_published_annotation,source_published_annotation_unreviewed
148017.015,57,fall,working_circumstances/construction_trade,construction_trade,1,masonry,real,True,sha256:9dc64febec01c93d775dd15a7f2cddb8c9d0ed710f8764fae1e6c52960606e85,source_published_annotation,source_published_annotation_unreviewed
148017.015,57,fall,consequences/severity,severity,1,fatality,real,True,sha256:9dc64febec01c93d775dd15a7f2cddb8c9d0ed710f8764fae1e6c52960606e85,source_published_annotation,source_published_annotation_unreviewed
148017.015,57,fall,accident_type,accident_type,1,fall,real,True,sha256:9dc64febec01c93d775dd15a7f2cddb8c9d0ed710f8764fae1e6c52960606e85,source_published_annotation,source_published_annotation_unreviewed
151545.015,58,fall,working_circumstances/construction_trade,construction_trade,1,thermal and moisture protection,real,True,sha256:9dc64febec01c93d775dd15a7f2cddb8c9d0ed710f8764fae1e6c52960606e85,source_published_annotation,source_published_annotation_unreviewed
151545.015,58,fall,consequences/severity,severity,1,fatality,real,True,sha256:9dc64febec01c93d775dd15a7f2cddb8c9d0ed710f8764fae1e6c52960606e85,source_published_annotation,source_published_annotation_unreviewed
151545.015,58,fall,accident_type,accident_type,1,fall,real,True,sha256:9dc64febec01c93d775dd15a7f2cddb8c9d0ed710f8764fae1e6c52960606e85,source_published_annotation,source_published_annotation_unreviewed
147171.015,59,electrocution,working_circumstances/construction_trade,construction_trade,1,electrical,real,True,sha256:9dc64febec01c93d775dd15a7f2cddb8c9d0ed710f8764fae1e6c52960606e85,source_published_annotation,source_published_annotation_unreviewed
147171.015,59,electrocution,consequences/severity,severity,1,fatality,real,True,sha256:9dc64febec01c93d775dd15a7f2cddb8c9d0ed710f8764fae1e6c52960606e85,source_published_annotation,source_published_annotation_unreviewed
147171.015,59,electrocution,accident_type,accident_type,1,electrocution,real,True,sha256:9dc64febec01c93d775dd15a7f2cddb8c9d0ed710f8764fae1e6c52960606e85,source_published_annotation,source_published_annotation_unreviewed
146994.015,60,caught-in/between,working_circumstances/construction_trade,construction_trade,1,existing conditions,real,True,sha256:9dc64febec01c93d775dd15a7f2cddb8c9d0ed710f8764fae1e6c52960606e85,source_published_annotation,source_published_annotation_unreviewed
146994.015,60,caught-in/between,consequences/severity,severity,1,fatality,real,True,sha256:9dc64febec01c93d775dd15a7f2cddb8c9d0ed710f8764fae1e6c52960606e85,source_published_annotation,source_published_annotation_unreviewed
146994.015,60,caught-in/between,accident_type,accident_type,1,caught-in/between,real,True,sha256:9dc64febec01c93d775dd15a7f2cddb8c9d0ed710f8764fae1e6c52960606e85,source_published_annotation,source_published_annotation_unreviewed
146990.015,61,caught-in/between,working_circumstances/construction_trade,construction_trade,1,existing conditions,real,True,sha256:9dc64febec01c93d775dd15a7f2cddb8c9d0ed710f8764fae1e6c52960606e85,source_published_annotation,source_published_annotation_unreviewed
146990.015,61,caught-in/between,consequences/severity,severity,1,fatality,real,True,sha256:9dc64febec01c93d775dd15a7f2cddb8c9d0ed710f8764fae1e6c52960606e85,source_published_annotation,source_published_annotation_unreviewed
146990.015,61,caught-in/between,accident_type,accident_type,1,caught-in/between,real,True,sha256:9dc64febec01c93d775dd15a7f2cddb8c9d0ed710f8764fae1e6c52960606e85,source_published_annotation,source_published_annotation_unreviewed
146878.015,62,fall,working_circumstances/construction_trade,construction_trade,1,exterior improvements,real,True,sha256:9dc64febec01c93d775dd15a7f2cddb8c9d0ed710f8764fae1e6c52960606e85,source_published_annotation,source_published_annotation_unreviewed
146878.015,62,fall,consequences/severity,severity,1,fatality,real,True,sha256:9dc64febec01c93d775dd15a7f2cddb8c9d0ed710f8764fae1e6c52960606e85,source_published_annotation,source_published_annotation_unreviewed
146878.015,62,fall,accident_type,accident_type,1,fall,real,True,sha256:9dc64febec01c93d775dd15a7f2cddb8c9d0ed710f8764fae1e6c52960606e85,source_published_annotation,source_published_annotation_unreviewed
146367.015,63,fall,working_circumstances/construction_trade,construction_trade,1,masonry,real,True,sha256:9dc64febec01c93d775dd15a7f2cddb8c9d0ed710f8764fae1e6c52960606e85,source_published_annotation,source_published_annotation_unreviewed
146367.015,63,fall,consequences/severity,severity,1,fatality,real,True,sha256:9dc64febec01c93d775dd15a7f2cddb8c9d0ed710f8764fae1e6c52960606e85,source_published_annotation,source_published_annotation_unreviewed
146367.015,63,fall,accident_type,accident_type,1,fall,real,True,sha256:9dc64febec01c93d775dd15a7f2cddb8c9d0ed710f8764fae1e6c52960606e85,source_published_annotation,source_published_annotation_unreviewed
146201.015,64,fall,working_circumstances/construction_trade,construction_trade,1,thermal and moisture protection,real,True,sha256:9dc64febec01c93d775dd15a7f2cddb8c9d0ed710f8764fae1e6c52960606e85,source_published_annotation,source_published_annotation_unreviewed
146201.015,64,fall,consequences/severity,severity,1,fatality,real,True,sha256:9dc64febec01c93d775dd15a7f2cddb8c9d0ed710f8764fae1e6c52960606e85,source_published_annotation,source_published_annotation_unreviewed
146201.015,64,fall,accident_type,accident_type,1,fall,real,True,sha256:9dc64febec01c93d775dd15a7f2cddb8c9d0ed710f8764fae1e6c52960606e85,source_published_annotation,source_published_annotation_unreviewed
145608.015,65,struck-by,working_circumstances/construction_trade,construction_trade,1,"wood, plastics, and composites",real,True,sha256:9dc64febec01c93d775dd15a7f2cddb8c9d0ed710f8764fae1e6c52960606e85,source_published_annotation,source_published_annotation_unreviewed
145608.015,65,struck-by,consequences/severity,severity,1,fatality,real,True,sha256:9dc64febec01c93d775dd15a7f2cddb8c9d0ed710f8764fae1e6c52960606e85,source_published_annotation,source_published_annotation_unreviewed
145608.015,65,struck-by,accident_type,accident_type,1,struck-by,real,True,sha256:9dc64febec01c93d775dd15a7f2cddb8c9d0ed710f8764fae1e6c52960606e85,source_published_annotation,source_published_annotation_unreviewed
154882.015,66,caught-in/between,working_circumstances/construction_trade,construction_trade,1,earthwork,real,True,sha256:9dc64febec01c93d775dd15a7f2cddb8c9d0ed710f8764fae1e6c52960606e85,source_published_annotation,source_published_annotation_unreviewed
154882.015,66,caught-in/between,consequences/severity,severity,1,fatality,real,True,sha256:9dc64febec01c93d775dd15a7f2cddb8c9d0ed710f8764fae1e6c52960606e85,source_published_annotation,source_published_annotation_unreviewed
154882.015,66,caught-in/between,accident_type,accident_type,1,caught-in/between,real,True,sha256:9dc64febec01c93d775dd15a7f2cddb8c9d0ed710f8764fae1e6c52960606e85,source_published_annotation,source_published_annotation_unreviewed
145407.015,67,electrocution,working_circumstances/construction_trade,construction_trade,1,earthwork,real,True,sha256:9dc64febec01c93d775dd15a7f2cddb8c9d0ed710f8764fae1e6c52960606e85,source_published_annotation,source_published_annotation_unreviewed
145407.015,67,electrocution,consequences/severity,severity,1,fatality,real,True,sha256:9dc64febec01c93d775dd15a7f2cddb8c9d0ed710f8764fae1e6c52960606e85,source_published_annotation,source_published_annotation_unreviewed
145407.015,67,electrocution,accident_type,accident_type,1,electrocution,real,True,sha256:9dc64febec01c93d775dd15a7f2cddb8c9d0ed710f8764fae1e6c52960606e85,source_published_annotation,source_published_annotation_unreviewed
149963.015,68,fall,working_circumstances/construction_trade,construction_trade,1,thermal and moisture protection,real,True,sha256:9dc64febec01c93d775dd15a7f2cddb8c9d0ed710f8764fae1e6c52960606e85,source_published_annotation,source_published_annotation_unreviewed
149963.015,68,fall,consequences/severity,severity,1,fatality,real,True,sha256:9dc64febec01c93d775dd15a7f2cddb8c9d0ed710f8764fae1e6c52960606e85,source_published_annotation,source_published_annotation_unreviewed
149963.015,68,fall,accident_type,accident_type,1,fall,real,True,sha256:9dc64febec01c93d775dd15a7f2cddb8c9d0ed710f8764fae1e6c52960606e85,source_published_annotation,source_published_annotation_unreviewed
144709.015,69,fall,working_circumstances/construction_trade,construction_trade,1,finishes,real,True,sha256:9dc64febec01c93d775dd15a7f2cddb8c9d0ed710f8764fae1e6c52960606e85,source_published_annotation,source_published_annotation_unreviewed
144709.015,69,fall,consequences/severity,severity,1,fatality,real,True,sha256:9dc64febec01c93d775dd15a7f2cddb8c9d0ed710f8764fae1e6c52960606e85,source_published_annotation,source_published_annotation_unreviewed
144709.015,69,fall,accident_type,accident_type,1,fall,real,True,sha256:9dc64febec01c93d775dd15a7f2cddb8c9d0ed710f8764fae1e6c52960606e85,source_published_annotation,source_published_annotation_unreviewed
144560.015,70,caught-in/between,working_circumstances/construction_trade,construction_trade,1,"wood, plastics, and composites",real,True,sha256:9dc64febec01c93d775dd15a7f2cddb8c9d0ed710f8764fae1e6c52960606e85,source_published_annotation,source_published_annotation_unreviewed
144560.015,70,caught-in/between,consequences/severity,severity,1,non hospitalized injury,real,True,sha256:9dc64febec01c93d775dd15a7f2cddb8c9d0ed710f8764fae1e6c52960606e85,source_published_annotation,source_published_annotation_unreviewed
144560.015,70,caught-in/between,accident_type,accident_type,1,caught-in/between,real,True,sha256:9dc64febec01c93d775dd15a7f2cddb8c9d0ed710f8764fae1e6c52960606e85,source_published_annotation,source_published_annotation_unreviewed
148310.015,71,fall,working_circumstances/construction_trade,construction_trade,1,"heating, ventilating, and air conditioning (hvac)",real,True,sha256:9dc64febec01c93d775dd15a7f2cddb8c9d0ed710f8764fae1e6c52960606e85,source_published_annotation,source_published_annotation_unreviewed
148310.015,71,fall,consequences/severity,severity,1,hospitalized injury,real,True,sha256:9dc64febec01c93d775dd15a7f2cddb8c9d0ed710f8764fae1e6c52960606e85,source_published_annotation,source_published_annotation_unreviewed
148310.015,71,fall,accident_type,accident_type,1,fall,real,True,sha256:9dc64febec01c93d775dd15a7f2cddb8c9d0ed710f8764fae1e6c52960606e85,source_published_annotation,source_published_annotation_unreviewed
143445.015,72,fall,working_circumstances/construction_trade,construction_trade,1,existing conditions,real,True,sha256:9dc64febec01c93d775dd15a7f2cddb8c9d0ed710f8764fae1e6c52960606e85,source_published_annotation,source_published_annotation_unreviewed
143445.015,72,fall,consequences/severity,severity,1,hospitalized injury,real,True,sha256:9dc64febec01c93d775dd15a7f2cddb8c9d0ed710f8764fae1e6c52960606e85,source_published_annotation,source_published_annotation_unreviewed
143445.015,72,fall,accident_type,accident_type,1,fall,real,True,sha256:9dc64febec01c93d775dd15a7f2cddb8c9d0ed710f8764fae1e6c52960606e85,source_published_annotation,source_published_annotation_unreviewed
146090.015,73,fall,working_circumstances/construction_trade,construction_trade,1,thermal and moisture protection,real,True,sha256:9dc64febec01c93d775dd15a7f2cddb8c9d0ed710f8764fae1e6c52960606e85,source_published_annotation,source_published_annotation_unreviewed
146090.015,73,fall,consequences/severity,severity,1,hospitalized injury,real,True,sha256:9dc64febec01c93d775dd15a7f2cddb8c9d0ed710f8764fae1e6c52960606e85,source_published_annotation,source_published_annotation_unreviewed
146090.015,73,fall,accident_type,accident_type,1,fall,real,True,sha256:9dc64febec01c93d775dd15a7f2cddb8c9d0ed710f8764fae1e6c52960606e85,source_published_annotation,source_published_annotation_unreviewed
142927.015,74,fall,working_circumstances/construction_trade,construction_trade,1,"heating, ventilating, and air conditioning (hvac)",real,True,sha256:9dc64febec01c93d775dd15a7f2cddb8c9d0ed710f8764fae1e6c52960606e85,source_published_annotation,source_published_annotation_unreviewed
142927.015,74,fall,consequences/severity,severity,1,hospitalized injury,real,True,sha256:9dc64febec01c93d775dd15a7f2cddb8c9d0ed710f8764fae1e6c52960606e85,source_published_annotation,source_published_annotation_unreviewed
142927.015,74,fall,accident_type,accident_type,1,fall,real,True,sha256:9dc64febec01c93d775dd15a7f2cddb8c9d0ed710f8764fae1e6c52960606e85,source_published_annotation,source_published_annotation_unreviewed
141184.015,75,fall,working_circumstances/construction_trade,construction_trade,1,existing conditions,real,True,sha256:9dc64febec01c93d775dd15a7f2cddb8c9d0ed710f8764fae1e6c52960606e85,source_published_annotation,source_published_annotation_unreviewed
141184.015,75,fall,consequences/severity,severity,1,hospitalized injury,real,True,sha256:9dc64febec01c93d775dd15a7f2cddb8c9d0ed710f8764fae1e6c52960606e85,source_published_annotation,source_published_annotation_unreviewed
141184.015,75,fall,accident_type,accident_type,1,fall,real,True,sha256:9dc64febec01c93d775dd15a7f2cddb8c9d0ed710f8764fae1e6c52960606e85,source_published_annotation,source_published_annotation_unreviewed
144951.015,76,struck-by,working_circumstances/construction_trade,construction_trade,1,general requirements,real,True,sha256:9dc64febec01c93d775dd15a7f2cddb8c9d0ed710f8764fae1e6c52960606e85,source_published_annotation,source_published_annotation_unreviewed
144951.015,76,struck-by,consequences/severity,severity,1,hospitalized injury,real,True,sha256:9dc64febec01c93d775dd15a7f2cddb8c9d0ed710f8764fae1e6c52960606e85,source_published_annotation,source_published_annotation_unreviewed
144951.015,76,struck-by,accident_type,accident_type,1,struck-by,real,True,sha256:9dc64febec01c93d775dd15a7f2cddb8c9d0ed710f8764fae1e6c52960606e85,source_published_annotation,source_published_annotation_unreviewed
140649.015,77,caught-in/between,working_circumstances/construction_trade,construction_trade,1,"wood, plastics, and composites",real,True,sha256:9dc64febec01c93d775dd15a7f2cddb8c9d0ed710f8764fae1e6c52960606e85,source_published_annotation,source_published_annotation_unreviewed
140649.015,77,caught-in/between,consequences/severity,severity,1,hospitalized injury,real,True,sha256:9dc64febec01c93d775dd15a7f2cddb8c9d0ed710f8764fae1e6c52960606e85,source_published_annotation,source_published_annotation_unreviewed
140649.015,77,caught-in/between,accident_type,accident_type,1,caught-in/between,real,True,sha256:9dc64febec01c93d775dd15a7f2cddb8c9d0ed710f8764fae1e6c52960606e85,source_published_annotation,source_published_annotation_unreviewed
134425.015,78,caught-in/between,working_circumstances/construction_trade,construction_trade,1,equipment,real,True,sha256:9dc64febec01c93d775dd15a7f2cddb8c9d0ed710f8764fae1e6c52960606e85,source_published_annotation,source_published_annotation_unreviewed
134425.015,78,caught-in/between,consequences/severity,severity,1,fatality,real,True,sha256:9dc64febec01c93d775dd15a7f2cddb8c9d0ed710f8764fae1e6c52960606e85,source_published_annotation,source_published_annotation_unreviewed
134425.015,78,caught-in/between,accident_type,accident_type,1,caught-in/between,real,True,sha256:9dc64febec01c93d775dd15a7f2cddb8c9d0ed710f8764fae1e6c52960606e85,source_published_annotation,source_published_annotation_unreviewed
134400.015,79,fall,working_circumstances/construction_trade,construction_trade,1,electrical,real,True,sha256:9dc64febec01c93d775dd15a7f2cddb8c9d0ed710f8764fae1e6c52960606e85,source_published_annotation,source_published_annotation_unreviewed
134400.015,79,fall,consequences/severity,severity,1,fatality,real,True,sha256:9dc64febec01c93d775dd15a7f2cddb8c9d0ed710f8764fae1e6c52960606e85,source_published_annotation,source_published_annotation_unreviewed
134400.015,79,fall,accident_type,accident_type,1,fall,real,True,sha256:9dc64febec01c93d775dd15a7f2cddb8c9d0ed710f8764fae1e6c52960606e85,source_published_annotation,source_published_annotation_unreviewed
134332.015,80,struck-by,working_circumstances/construction_trade,construction_trade,1,equipment,real,True,sha256:9dc64febec01c93d775dd15a7f2cddb8c9d0ed710f8764fae1e6c52960606e85,source_published_annotation,source_published_annotation_unreviewed
134332.015,80,struck-by,consequences/severity,severity,1,fatality,real,True,sha256:9dc64febec01c93d775dd15a7f2cddb8c9d0ed710f8764fae1e6c52960606e85,source_published_annotation,source_published_annotation_unreviewed
134332.015,80,struck-by,accident_type,accident_type,1,struck-by,real,True,sha256:9dc64febec01c93d775dd15a7f2cddb8c9d0ed710f8764fae1e6c52960606e85,source_published_annotation,source_published_annotation_unreviewed
134177.015,81,fall,working_circumstances/construction_trade,construction_trade,1,electrical,real,True,sha256:9dc64febec01c93d775dd15a7f2cddb8c9d0ed710f8764fae1e6c52960606e85,source_published_annotation,source_published_annotation_unreviewed
134177.015,81,fall,consequences/severity,severity,1,fatality,real,True,sha256:9dc64febec01c93d775dd15a7f2cddb8c9d0ed710f8764fae1e6c52960606e85,source_published_annotation,source_published_annotation_unreviewed
134177.015,81,fall,accident_type,accident_type,1,fall,real,True,sha256:9dc64febec01c93d775dd15a7f2cddb8c9d0ed710f8764fae1e6c52960606e85,source_published_annotation,source_published_annotation_unreviewed
134864.015,82,caught-in/between,working_circumstances/construction_trade,construction_trade,1,finishes,real,True,sha256:9dc64febec01c93d775dd15a7f2cddb8c9d0ed710f8764fae1e6c52960606e85,source_published_annotation,source_published_annotation_unreviewed
134864.015,82,caught-in/between,consequences/severity,severity,1,non hospitalized injury,real,True,sha256:9dc64febec01c93d775dd15a7f2cddb8c9d0ed710f8764fae1e6c52960606e85,source_published_annotation,source_published_annotation_unreviewed
134864.015,82,caught-in/between,accident_type,accident_type,1,caught-in/between,real,True,sha256:9dc64febec01c93d775dd15a7f2cddb8c9d0ed710f8764fae1e6c52960606e85,source_published_annotation,source_published_annotation_unreviewed
133255.015,83,fall,working_circumstances/construction_trade,construction_trade,1,thermal and moisture protection,real,True,sha256:9dc64febec01c93d775dd15a7f2cddb8c9d0ed710f8764fae1e6c52960606e85,source_published_annotation,source_published_annotation_unreviewed
133255.015,83,fall,consequences/severity,severity,1,fatality,real,True,sha256:9dc64febec01c93d775dd15a7f2cddb8c9d0ed710f8764fae1e6c52960606e85,source_published_annotation,source_published_annotation_unreviewed
133255.015,83,fall,accident_type,accident_type,1,fall,real,True,sha256:9dc64febec01c93d775dd15a7f2cddb8c9d0ed710f8764fae1e6c52960606e85,source_published_annotation,source_published_annotation_unreviewed
133719.015,84,caught-in/between,working_circumstances/construction_trade,construction_trade,1,concrete,real,True,sha256:9dc64febec01c93d775dd15a7f2cddb8c9d0ed710f8764fae1e6c52960606e85,source_published_annotation,source_published_annotation_unreviewed
133719.015,84,caught-in/between,consequences/severity,severity,1,hospitalized injury,real,True,sha256:9dc64febec01c93d775dd15a7f2cddb8c9d0ed710f8764fae1e6c52960606e85,source_published_annotation,source_published_annotation_unreviewed
133719.015,84,caught-in/between,accident_type,accident_type,1,caught-in/between,real,True,sha256:9dc64febec01c93d775dd15a7f2cddb8c9d0ed710f8764fae1e6c52960606e85,source_published_annotation,source_published_annotation_unreviewed
133484.015,85,electrocution,working_circumstances/construction_trade,construction_trade,1,existing conditions,real,True,sha256:9dc64febec01c93d775dd15a7f2cddb8c9d0ed710f8764fae1e6c52960606e85,source_published_annotation,source_published_annotation_unreviewed
133484.015,85,electrocution,consequences/severity,severity,1,hospitalized injury,real,True,sha256:9dc64febec01c93d775dd15a7f2cddb8c9d0ed710f8764fae1e6c52960606e85,source_published_annotation,source_published_annotation_unreviewed
133484.015,85,electrocution,accident_type,accident_type,1,electrocution,real,True,sha256:9dc64febec01c93d775dd15a7f2cddb8c9d0ed710f8764fae1e6c52960606e85,source_published_annotation,source_published_annotation_unreviewed
135483.015,86,fall,working_circumstances/construction_trade,construction_trade,1,"wood, plastics, and composites",real,True,sha256:9dc64febec01c93d775dd15a7f2cddb8c9d0ed710f8764fae1e6c52960606e85,source_published_annotation,source_published_annotation_unreviewed
135483.015,86,fall,consequences/severity,severity,1,hospitalized injury,real,True,sha256:9dc64febec01c93d775dd15a7f2cddb8c9d0ed710f8764fae1e6c52960606e85,source_published_annotation,source_published_annotation_unreviewed
135483.015,86,fall,accident_type,accident_type,1,fall,real,True,sha256:9dc64febec01c93d775dd15a7f2cddb8c9d0ed710f8764fae1e6c52960606e85,source_published_annotation,source_published_annotation_unreviewed
132912.015,87,fall,working_circumstances/construction_trade,construction_trade,1,electrical,real,True,sha256:9dc64febec01c93d775dd15a7f2cddb8c9d0ed710f8764fae1e6c52960606e85,source_published_annotation,source_published_annotation_unreviewed
132912.015,87,fall,consequences/severity,severity,1,hospitalized injury,real,True,sha256:9dc64febec01c93d775dd15a7f2cddb8c9d0ed710f8764fae1e6c52960606e85,source_published_annotation,source_published_annotation_unreviewed
132912.015,87,fall,accident_type,accident_type,1,fall,real,True,sha256:9dc64febec01c93d775dd15a7f2cddb8c9d0ed710f8764fae1e6c52960606e85,source_published_annotation,source_published_annotation_unreviewed
132982.015,88,fall,working_circumstances/construction_trade,construction_trade,1,thermal and moisture protection,real,True,sha256:9dc64febec01c93d775dd15a7f2cddb8c9d0ed710f8764fae1e6c52960606e85,source_published_annotation,source_published_annotation_unreviewed
132982.015,88,fall,consequences/severity,severity,1,hospitalized injury,real,True,sha256:9dc64febec01c93d775dd15a7f2cddb8c9d0ed710f8764fae1e6c52960606e85,source_published_annotation,source_published_annotation_unreviewed
132982.015,88,fall,accident_type,accident_type,1,fall,real,True,sha256:9dc64febec01c93d775dd15a7f2cddb8c9d0ed710f8764fae1e6c52960606e85,source_published_annotation,source_published_annotation_unreviewed
134951.015,89,fall,working_circumstances/construction_trade,construction_trade,1,electrical,real,True,sha256:9dc64febec01c93d775dd15a7f2cddb8c9d0ed710f8764fae1e6c52960606e85,source_published_annotation,source_published_annotation_unreviewed
134951.015,89,fall,consequences/severity,severity,1,hospitalized injury,real,True,sha256:9dc64febec01c93d775dd15a7f2cddb8c9d0ed710f8764fae1e6c52960606e85,source_published_annotation,source_published_annotation_unreviewed
134951.015,89,fall,accident_type,accident_type,1,fall,real,True,sha256:9dc64febec01c93d775dd15a7f2cddb8c9d0ed710f8764fae1e6c52960606e85,source_published_annotation,source_published_annotation_unreviewed
134371.015,90,caught-in/between,working_circumstances/construction_trade,construction_trade,1,"heating, ventilating, and air conditioning (hvac)",real,True,sha256:9dc64febec01c93d775dd15a7f2cddb8c9d0ed710f8764fae1e6c52960606e85,source_published_annotation,source_published_annotation_unreviewed
134371.015,90,caught-in/between,consequences/severity,severity,1,hospitalized injury,real,True,sha256:9dc64febec01c93d775dd15a7f2cddb8c9d0ed710f8764fae1e6c52960606e85,source_published_annotation,source_published_annotation_unreviewed
134371.015,90,caught-in/between,accident_type,accident_type,1,caught-in/between,real,True,sha256:9dc64febec01c93d775dd15a7f2cddb8c9d0ed710f8764fae1e6c52960606e85,source_published_annotation,source_published_annotation_unreviewed
137283.015,91,caught-in/between,working_circumstances/construction_trade,construction_trade,1,general requirements,real,True,sha256:9dc64febec01c93d775dd15a7f2cddb8c9d0ed710f8764fae1e6c52960606e85,source_published_annotation,source_published_annotation_unreviewed
137283.015,91,caught-in/between,consequences/severity,severity,1,hospitalized injury,real,True,sha256:9dc64febec01c93d775dd15a7f2cddb8c9d0ed710f8764fae1e6c52960606e85,source_published_annotation,source_published_annotation_unreviewed
137283.015,91,caught-in/between,accident_type,accident_type,1,caught-in/between,real,True,sha256:9dc64febec01c93d775dd15a7f2cddb8c9d0ed710f8764fae1e6c52960606e85,source_published_annotation,source_published_annotation_unreviewed
134541.015,92,fall,working_circumstances/construction_trade,construction_trade,1,finishes,real,True,sha256:9dc64febec01c93d775dd15a7f2cddb8c9d0ed710f8764fae1e6c52960606e85,source_published_annotation,source_published_annotation_unreviewed
134541.015,92,fall,consequences/severity,severity,1,hospitalized injury,real,True,sha256:9dc64febec01c93d775dd15a7f2cddb8c9d0ed710f8764fae1e6c52960606e85,source_published_annotation,source_published_annotation_unreviewed
134541.015,92,fall,accident_type,accident_type,1,fall,real,True,sha256:9dc64febec01c93d775dd15a7f2cddb8c9d0ed710f8764fae1e6c52960606e85,source_published_annotation,source_published_annotation_unreviewed
135830.015,93,fall,working_circumstances/construction_trade,construction_trade,1,electrical,real,True,sha256:9dc64febec01c93d775dd15a7f2cddb8c9d0ed710f8764fae1e6c52960606e85,source_published_annotation,source_published_annotation_unreviewed
135830.015,93,fall,consequences/severity,severity,1,hospitalized injury,real,True,sha256:9dc64febec01c93d775dd15a7f2cddb8c9d0ed710f8764fae1e6c52960606e85,source_published_annotation,source_published_annotation_unreviewed
135830.015,93,fall,accident_type,accident_type,1,fall,real,True,sha256:9dc64febec01c93d775dd15a7f2cddb8c9d0ed710f8764fae1e6c52960606e85,source_published_annotation,source_published_annotation_unreviewed
136005.015,94,struck-by,working_circumstances/construction_trade,construction_trade,1,existing conditions,real,True,sha256:9dc64febec01c93d775dd15a7f2cddb8c9d0ed710f8764fae1e6c52960606e85,source_published_annotation,source_published_annotation_unreviewed
136005.015,94,struck-by,consequences/severity,severity,1,hospitalized injury,real,True,sha256:9dc64febec01c93d775dd15a7f2cddb8c9d0ed710f8764fae1e6c52960606e85,source_published_annotation,source_published_annotation_unreviewed
136005.015,94,struck-by,accident_type,accident_type,1,struck-by,real,True,sha256:9dc64febec01c93d775dd15a7f2cddb8c9d0ed710f8764fae1e6c52960606e85,source_published_annotation,source_published_annotation_unreviewed
132686.015,95,caught-in/between,working_circumstances/construction_trade,construction_trade,1,metals,real,True,sha256:9dc64febec01c93d775dd15a7f2cddb8c9d0ed710f8764fae1e6c52960606e85,source_published_annotation,source_published_annotation_unreviewed
132686.015,95,caught-in/between,consequences/severity,severity,1,fatality,real,True,sha256:9dc64febec01c93d775dd15a7f2cddb8c9d0ed710f8764fae1e6c52960606e85,source_published_annotation,source_published_annotation_unreviewed
132686.015,95,caught-in/between,accident_type,accident_type,1,caught-in/between,real,True,sha256:9dc64febec01c93d775dd15a7f2cddb8c9d0ed710f8764fae1e6c52960606e85,source_published_annotation,source_published_annotation_unreviewed
133129.015,96,caught-in/between,working_circumstances/construction_trade,construction_trade,1,"wood, plastics, and composites",real,True,sha256:9dc64febec01c93d775dd15a7f2cddb8c9d0ed710f8764fae1e6c52960606e85,source_published_annotation,source_published_annotation_unreviewed
133129.015,96,caught-in/between,consequences/severity,severity,1,hospitalized injury,real,True,sha256:9dc64febec01c93d775dd15a7f2cddb8c9d0ed710f8764fae1e6c52960606e85,source_published_annotation,source_published_annotation_unreviewed
133129.015,96,caught-in/between,accident_type,accident_type,1,caught-in/between,real,True,sha256:9dc64febec01c93d775dd15a7f2cddb8c9d0ed710f8764fae1e6c52960606e85,source_published_annotation,source_published_annotation_unreviewed
132690.015,97,fall,working_circumstances/construction_trade,construction_trade,1,plumbing,real,True,sha256:9dc64febec01c93d775dd15a7f2cddb8c9d0ed710f8764fae1e6c52960606e85,source_published_annotation,source_published_annotation_unreviewed
132690.015,97,fall,consequences/severity,severity,1,hospitalized injury,real,True,sha256:9dc64febec01c93d775dd15a7f2cddb8c9d0ed710f8764fae1e6c52960606e85,source_published_annotation,source_published_annotation_unreviewed
132690.015,97,fall,accident_type,accident_type,1,fall,real,True,sha256:9dc64febec01c93d775dd15a7f2cddb8c9d0ed710f8764fae1e6c52960606e85,source_published_annotation,source_published_annotation_unreviewed
135171.015,98,fall,working_circumstances/construction_trade,construction_trade,1,"heating, ventilating, and air conditioning (hvac)",real,True,sha256:9dc64febec01c93d775dd15a7f2cddb8c9d0ed710f8764fae1e6c52960606e85,source_published_annotation,source_published_annotation_unreviewed
135171.015,98,fall,consequences/severity,severity,1,non hospitalized injury,real,True,sha256:9dc64febec01c93d775dd15a7f2cddb8c9d0ed710f8764fae1e6c52960606e85,source_published_annotation,source_published_annotation_unreviewed
135171.015,98,fall,accident_type,accident_type,1,fall,real,True,sha256:9dc64febec01c93d775dd15a7f2cddb8c9d0ed710f8764fae1e6c52960606e85,source_published_annotation,source_published_annotation_unreviewed
133233.015,99,fall,working_circumstances/construction_trade,construction_trade,1,electrical,real,True,sha256:9dc64febec01c93d775dd15a7f2cddb8c9d0ed710f8764fae1e6c52960606e85,source_published_annotation,source_published_annotation_unreviewed
133233.015,99,fall,consequences/severity,severity,1,hospitalized injury,real,True,sha256:9dc64febec01c93d775dd15a7f2cddb8c9d0ed710f8764fae1e6c52960606e85,source_published_annotation,source_published_annotation_unreviewed
133233.015,99,fall,accident_type,accident_type,1,fall,real,True,sha256:9dc64febec01c93d775dd15a7f2cddb8c9d0ed710f8764fae1e6c52960606e85,source_published_annotation,source_published_annotation_unreviewed
132508.015,100,struck-by,working_circumstances/construction_trade,construction_trade,1,existing conditions,real,True,sha256:9dc64febec01c93d775dd15a7f2cddb8c9d0ed710f8764fae1e6c52960606e85,source_published_annotation,source_published_annotation_unreviewed
132508.015,100,struck-by,consequences/severity,severity,1,fatality,real,True,sha256:9dc64febec01c93d775dd15a7f2cddb8c9d0ed710f8764fae1e6c52960606e85,source_published_annotation,source_published_annotation_unreviewed
132508.015,100,struck-by,accident_type,accident_type,1,struck-by,real,True,sha256:9dc64febec01c93d775dd15a7f2cddb8c9d0ed710f8764fae1e6c52960606e85,source_published_annotation,source_published_annotation_unreviewed
133746.015,101,fall,working_circumstances/construction_trade,construction_trade,1,finishes,real,True,sha256:9dc64febec01c93d775dd15a7f2cddb8c9d0ed710f8764fae1e6c52960606e85,source_published_annotation,source_published_annotation_unreviewed
133746.015,101,fall,consequences/severity,severity,1,hospitalized injury,real,True,sha256:9dc64febec01c93d775dd15a7f2cddb8c9d0ed710f8764fae1e6c52960606e85,source_published_annotation,source_published_annotation_unreviewed
133746.015,101,fall,accident_type,accident_type,1,fall,real,True,sha256:9dc64febec01c93d775dd15a7f2cddb8c9d0ed710f8764fae1e6c52960606e85,source_published_annotation,source_published_annotation_unreviewed
136974.015,102,caught-in/between,working_circumstances/construction_trade,construction_trade,1,thermal and moisture protection,real,True,sha256:9dc64febec01c93d775dd15a7f2cddb8c9d0ed710f8764fae1e6c52960606e85,source_published_annotation,source_published_annotation_unreviewed
136974.015,102,caught-in/between,consequences/severity,severity,1,hospitalized injury,real,True,sha256:9dc64febec01c93d775dd15a7f2cddb8c9d0ed710f8764fae1e6c52960606e85,source_published_annotation,source_published_annotation_unreviewed
136974.015,102,caught-in/between,accident_type,accident_type,1,caught-in/between,real,True,sha256:9dc64febec01c93d775dd15a7f2cddb8c9d0ed710f8764fae1e6c52960606e85,source_published_annotation,source_published_annotation_unreviewed
133560.015,103,caught-in/between,working_circumstances/construction_trade,construction_trade,1,plumbing,real,True,sha256:9dc64febec01c93d775dd15a7f2cddb8c9d0ed710f8764fae1e6c52960606e85,source_published_annotation,source_published_annotation_unreviewed
133560.015,103,caught-in/between,consequences/severity,severity,1,non hospitalized injury,real,True,sha256:9dc64febec01c93d775dd15a7f2cddb8c9d0ed710f8764fae1e6c52960606e85,source_published_annotation,source_published_annotation_unreviewed
133560.015,103,caught-in/between,accident_type,accident_type,1,caught-in/between,real,True,sha256:9dc64febec01c93d775dd15a7f2cddb8c9d0ed710f8764fae1e6c52960606e85,source_published_annotation,source_published_annotation_unreviewed
132604.015,104,fall,working_circumstances/construction_trade,construction_trade,1,electrical,real,True,sha256:9dc64febec01c93d775dd15a7f2cddb8c9d0ed710f8764fae1e6c52960606e85,source_published_annotation,source_published_annotation_unreviewed
132604.015,104,fall,consequences/severity,severity,1,hospitalized injury,real,True,sha256:9dc64febec01c93d775dd15a7f2cddb8c9d0ed710f8764fae1e6c52960606e85,source_published_annotation,source_published_annotation_unreviewed
132604.015,104,fall,accident_type,accident_type,1,fall,real,True,sha256:9dc64febec01c93d775dd15a7f2cddb8c9d0ed710f8764fae1e6c52960606e85,source_published_annotation,source_published_annotation_unreviewed
132487.015,105,caught-in/between,working_circumstances/construction_trade,construction_trade,1,earthwork,real,True,sha256:9dc64febec01c93d775dd15a7f2cddb8c9d0ed710f8764fae1e6c52960606e85,source_published_annotation,source_published_annotation_unreviewed
132487.015,105,caught-in/between,consequences/severity,severity,1,hospitalized injury,real,True,sha256:9dc64febec01c93d775dd15a7f2cddb8c9d0ed710f8764fae1e6c52960606e85,source_published_annotation,source_published_annotation_unreviewed
132487.015,105,caught-in/between,accident_type,accident_type,1,caught-in/between,real,True,sha256:9dc64febec01c93d775dd15a7f2cddb8c9d0ed710f8764fae1e6c52960606e85,source_published_annotation,source_published_annotation_unreviewed
132638.015,106,fall,working_circumstances/construction_trade,construction_trade,1,"wood, plastics, and composites",real,True,sha256:9dc64febec01c93d775dd15a7f2cddb8c9d0ed710f8764fae1e6c52960606e85,source_published_annotation,source_published_annotation_unreviewed
132638.015,106,fall,consequences/severity,severity,1,hospitalized injury,real,True,sha256:9dc64febec01c93d775dd15a7f2cddb8c9d0ed710f8764fae1e6c52960606e85,source_published_annotation,source_published_annotation_unreviewed
132638.015,106,fall,accident_type,accident_type,1,fall,real,True,sha256:9dc64febec01c93d775dd15a7f2cddb8c9d0ed710f8764fae1e6c52960606e85,source_published_annotation,source_published_annotation_unreviewed
132464.015,107,caught-in/between,working_circumstances/construction_trade,construction_trade,1,earthwork,real,True,sha256:9dc64febec01c93d775dd15a7f2cddb8c9d0ed710f8764fae1e6c52960606e85,source_published_annotation,source_published_annotation_unreviewed
132464.015,107,caught-in/between,consequences/severity,severity,1,fatality,real,True,sha256:9dc64febec01c93d775dd15a7f2cddb8c9d0ed710f8764fae1e6c52960606e85,source_published_annotation,source_published_annotation_unreviewed
132464.015,107,caught-in/between,accident_type,accident_type,1,caught-in/between,real,True,sha256:9dc64febec01c93d775dd15a7f2cddb8c9d0ed710f8764fae1e6c52960606e85,source_published_annotation,source_published_annotation_unreviewed
137791.015,108,fall,working_circumstances/construction_trade,construction_trade,1,thermal and moisture protection,real,True,sha256:9dc64febec01c93d775dd15a7f2cddb8c9d0ed710f8764fae1e6c52960606e85,source_published_annotation,source_published_annotation_unreviewed
137791.015,108,fall,consequences/severity,severity,1,hospitalized injury,real,True,sha256:9dc64febec01c93d775dd15a7f2cddb8c9d0ed710f8764fae1e6c52960606e85,source_published_annotation,source_published_annotation_unreviewed
137791.015,108,fall,accident_type,accident_type,1,fall,real,True,sha256:9dc64febec01c93d775dd15a7f2cddb8c9d0ed710f8764fae1e6c52960606e85,source_published_annotation,source_published_annotation_unreviewed
134148.015,109,fall,working_circumstances/construction_trade,construction_trade,1,thermal and moisture protection,real,True,sha256:9dc64febec01c93d775dd15a7f2cddb8c9d0ed710f8764fae1e6c52960606e85,source_published_annotation,source_published_annotation_unreviewed
134148.015,109,fall,consequences/severity,severity,1,hospitalized injury,real,True,sha256:9dc64febec01c93d775dd15a7f2cddb8c9d0ed710f8764fae1e6c52960606e85,source_published_annotation,source_published_annotation_unreviewed
134148.015,109,fall,accident_type,accident_type,1,fall,real,True,sha256:9dc64febec01c93d775dd15a7f2cddb8c9d0ed710f8764fae1e6c52960606e85,source_published_annotation,source_published_annotation_unreviewed
134788.015,110,fall,working_circumstances/construction_trade,construction_trade,1,equipment,real,True,sha256:9dc64febec01c93d775dd15a7f2cddb8c9d0ed710f8764fae1e6c52960606e85,source_published_annotation,source_published_annotation_unreviewed
134788.015,110,fall,consequences/severity,severity,1,hospitalized injury,real,True,sha256:9dc64febec01c93d775dd15a7f2cddb8c9d0ed710f8764fae1e6c52960606e85,source_published_annotation,source_published_annotation_unreviewed
134788.015,110,fall,accident_type,accident_type,1,fall,real,True,sha256:9dc64febec01c93d775dd15a7f2cddb8c9d0ed710f8764fae1e6c52960606e85,source_published_annotation,source_published_annotation_unreviewed
132222.015,111,fall,working_circumstances/construction_trade,construction_trade,1,masonry,real,True,sha256:9dc64febec01c93d775dd15a7f2cddb8c9d0ed710f8764fae1e6c52960606e85,source_published_annotation,source_published_annotation_unreviewed
132222.015,111,fall,consequences/severity,severity,1,fatality,real,True,sha256:9dc64febec01c93d775dd15a7f2cddb8c9d0ed710f8764fae1e6c52960606e85,source_published_annotation,source_published_annotation_unreviewed
132222.015,111,fall,accident_type,accident_type,1,fall,real,True,sha256:9dc64febec01c93d775dd15a7f2cddb8c9d0ed710f8764fae1e6c52960606e85,source_published_annotation,source_published_annotation_unreviewed
132584.015,112,caught-in/between,working_circumstances/construction_trade,construction_trade,1,metals,real,True,sha256:9dc64febec01c93d775dd15a7f2cddb8c9d0ed710f8764fae1e6c52960606e85,source_published_annotation,source_published_annotation_unreviewed
132584.015,112,caught-in/between,consequences/severity,severity,1,hospitalized injury,real,True,sha256:9dc64febec01c93d775dd15a7f2cddb8c9d0ed710f8764fae1e6c52960606e85,source_published_annotation,source_published_annotation_unreviewed
132584.015,112,caught-in/between,accident_type,accident_type,1,caught-in/between,real,True,sha256:9dc64febec01c93d775dd15a7f2cddb8c9d0ed710f8764fae1e6c52960606e85,source_published_annotation,source_published_annotation_unreviewed
134574.015,113,fall,working_circumstances/construction_trade,construction_trade,1,"wood, plastics, and composites",real,True,sha256:9dc64febec01c93d775dd15a7f2cddb8c9d0ed710f8764fae1e6c52960606e85,source_published_annotation,source_published_annotation_unreviewed
134574.015,113,fall,consequences/severity,severity,1,hospitalized injury,real,True,sha256:9dc64febec01c93d775dd15a7f2cddb8c9d0ed710f8764fae1e6c52960606e85,source_published_annotation,source_published_annotation_unreviewed
134574.015,113,fall,accident_type,accident_type,1,fall,real,True,sha256:9dc64febec01c93d775dd15a7f2cddb8c9d0ed710f8764fae1e6c52960606e85,source_published_annotation,source_published_annotation_unreviewed
136634.015,114,fall,working_circumstances/construction_trade,construction_trade,1,"wood, plastics, and composites",real,True,sha256:9dc64febec01c93d775dd15a7f2cddb8c9d0ed710f8764fae1e6c52960606e85,source_published_annotation,source_published_annotation_unreviewed
136634.015,114,fall,consequences/severity,severity,1,hospitalized injury,real,True,sha256:9dc64febec01c93d775dd15a7f2cddb8c9d0ed710f8764fae1e6c52960606e85,source_published_annotation,source_published_annotation_unreviewed
136634.015,114,fall,accident_type,accident_type,1,fall,real,True,sha256:9dc64febec01c93d775dd15a7f2cddb8c9d0ed710f8764fae1e6c52960606e85,source_published_annotation,source_published_annotation_unreviewed
137529.015,115,caught-in/between,working_circumstances/construction_trade,construction_trade,1,general requirements,real,True,sha256:9dc64febec01c93d775dd15a7f2cddb8c9d0ed710f8764fae1e6c52960606e85,source_published_annotation,source_published_annotation_unreviewed
137529.015,115,caught-in/between,consequences/severity,severity,1,hospitalized injury,real,True,sha256:9dc64febec01c93d775dd15a7f2cddb8c9d0ed710f8764fae1e6c52960606e85,source_published_annotation,source_published_annotation_unreviewed
137529.015,115,caught-in/between,accident_type,accident_type,1,caught-in/between,real,True,sha256:9dc64febec01c93d775dd15a7f2cddb8c9d0ed710f8764fae1e6c52960606e85,source_published_annotation,source_published_annotation_unreviewed
132211.015,116,fall,working_circumstances/construction_trade,construction_trade,1,existing conditions,real,True,sha256:9dc64febec01c93d775dd15a7f2cddb8c9d0ed710f8764fae1e6c52960606e85,source_published_annotation,source_published_annotation_unreviewed
132211.015,116,fall,consequences/severity,severity,1,fatality,real,True,sha256:9dc64febec01c93d775dd15a7f2cddb8c9d0ed710f8764fae1e6c52960606e85,source_published_annotation,source_published_annotation_unreviewed
132211.015,116,fall,accident_type,accident_type,1,fall,real,True,sha256:9dc64febec01c93d775dd15a7f2cddb8c9d0ed710f8764fae1e6c52960606e85,source_published_annotation,source_published_annotation_unreviewed
133158.015,117,fall,working_circumstances/construction_trade,construction_trade,1,thermal and moisture protection,real,True,sha256:9dc64febec01c93d775dd15a7f2cddb8c9d0ed710f8764fae1e6c52960606e85,source_published_annotation,source_published_annotation_unreviewed
133158.015,117,fall,consequences/severity,severity,1,hospitalized injury,real,True,sha256:9dc64febec01c93d775dd15a7f2cddb8c9d0ed710f8764fae1e6c52960606e85,source_published_annotation,source_published_annotation_unreviewed
133158.015,117,fall,accident_type,accident_type,1,fall,real,True,sha256:9dc64febec01c93d775dd15a7f2cddb8c9d0ed710f8764fae1e6c52960606e85,source_published_annotation,source_published_annotation_unreviewed
132085.015,118,fall,working_circumstances/construction_trade,construction_trade,1,"wood, plastics, and composites",real,True,sha256:9dc64febec01c93d775dd15a7f2cddb8c9d0ed710f8764fae1e6c52960606e85,source_published_annotation,source_published_annotation_unreviewed
132085.015,118,fall,consequences/severity,severity,1,fatality,real,True,sha256:9dc64febec01c93d775dd15a7f2cddb8c9d0ed710f8764fae1e6c52960606e85,source_published_annotation,source_published_annotation_unreviewed
132085.015,118,fall,accident_type,accident_type,1,fall,real,True,sha256:9dc64febec01c93d775dd15a7f2cddb8c9d0ed710f8764fae1e6c52960606e85,source_published_annotation,source_published_annotation_unreviewed
132127.015,119,caught-in/between,working_circumstances/construction_trade,construction_trade,1,utilities,real,True,sha256:9dc64febec01c93d775dd15a7f2cddb8c9d0ed710f8764fae1e6c52960606e85,source_published_annotation,source_published_annotation_unreviewed
132127.015,119,caught-in/between,consequences/severity,severity,1,fatality,real,True,sha256:9dc64febec01c93d775dd15a7f2cddb8c9d0ed710f8764fae1e6c52960606e85,source_published_annotation,source_published_annotation_unreviewed
132127.015,119,caught-in/between,accident_type,accident_type,1,caught-in/between,real,True,sha256:9dc64febec01c93d775dd15a7f2cddb8c9d0ed710f8764fae1e6c52960606e85,source_published_annotation,source_published_annotation_unreviewed
132001.015,120,caught-in/between,working_circumstances/construction_trade,construction_trade,1,concrete,real,True,sha256:9dc64febec01c93d775dd15a7f2cddb8c9d0ed710f8764fae1e6c52960606e85,source_published_annotation,source_published_annotation_unreviewed
132001.015,120,caught-in/between,consequences/severity,severity,1,fatality,real,True,sha256:9dc64febec01c93d775dd15a7f2cddb8c9d0ed710f8764fae1e6c52960606e85,source_published_annotation,source_published_annotation_unreviewed
132001.015,120,caught-in/between,accident_type,accident_type,1,caught-in/between,real,True,sha256:9dc64febec01c93d775dd15a7f2cddb8c9d0ed710f8764fae1e6c52960606e85,source_published_annotation,source_published_annotation_unreviewed
131952.015,121,fall,working_circumstances/construction_trade,construction_trade,1,thermal and moisture protection,real,True,sha256:9dc64febec01c93d775dd15a7f2cddb8c9d0ed710f8764fae1e6c52960606e85,source_published_annotation,source_published_annotation_unreviewed
131952.015,121,fall,consequences/severity,severity,1,fatality,real,True,sha256:9dc64febec01c93d775dd15a7f2cddb8c9d0ed710f8764fae1e6c52960606e85,source_published_annotation,source_published_annotation_unreviewed
131952.015,121,fall,accident_type,accident_type,1,fall,real,True,sha256:9dc64febec01c93d775dd15a7f2cddb8c9d0ed710f8764fae1e6c52960606e85,source_published_annotation,source_published_annotation_unreviewed
131938.015,122,fall,working_circumstances/construction_trade,construction_trade,1,thermal and moisture protection,real,True,sha256:9dc64febec01c93d775dd15a7f2cddb8c9d0ed710f8764fae1e6c52960606e85,source_published_annotation,source_published_annotation_unreviewed
131938.015,122,fall,consequences/severity,severity,1,fatality,real,True,sha256:9dc64febec01c93d775dd15a7f2cddb8c9d0ed710f8764fae1e6c52960606e85,source_published_annotation,source_published_annotation_unreviewed
131938.015,122,fall,accident_type,accident_type,1,fall,real,True,sha256:9dc64febec01c93d775dd15a7f2cddb8c9d0ed710f8764fae1e6c52960606e85,source_published_annotation,source_published_annotation_unreviewed
131852.015,123,caught-in/between,working_circumstances/construction_trade,construction_trade,1,general requirements,real,True,sha256:9dc64febec01c93d775dd15a7f2cddb8c9d0ed710f8764fae1e6c52960606e85,source_published_annotation,source_published_annotation_unreviewed
131852.015,123,caught-in/between,consequences/severity,severity,1,fatality,real,True,sha256:9dc64febec01c93d775dd15a7f2cddb8c9d0ed710f8764fae1e6c52960606e85,source_published_annotation,source_published_annotation_unreviewed
131852.015,123,caught-in/between,accident_type,accident_type,1,caught-in/between,real,True,sha256:9dc64febec01c93d775dd15a7f2cddb8c9d0ed710f8764fae1e6c52960606e85,source_published_annotation,source_published_annotation_unreviewed
131877.015,124,caught-in/between,working_circumstances/construction_trade,construction_trade,1,earthwork,real,True,sha256:9dc64febec01c93d775dd15a7f2cddb8c9d0ed710f8764fae1e6c52960606e85,source_published_annotation,source_published_annotation_unreviewed
131877.015,124,caught-in/between,consequences/severity,severity,1,fatality,real,True,sha256:9dc64febec01c93d775dd15a7f2cddb8c9d0ed710f8764fae1e6c52960606e85,source_published_annotation,source_published_annotation_unreviewed
131877.015,124,caught-in/between,accident_type,accident_type,1,caught-in/between,real,True,sha256:9dc64febec01c93d775dd15a7f2cddb8c9d0ed710f8764fae1e6c52960606e85,source_published_annotation,source_published_annotation_unreviewed
137355.015,125,caught-in/between,working_circumstances/construction_trade,construction_trade,1,metals,real,True,sha256:9dc64febec01c93d775dd15a7f2cddb8c9d0ed710f8764fae1e6c52960606e85,source_published_annotation,source_published_annotation_unreviewed
137355.015,125,caught-in/between,consequences/severity,severity,1,fatality,real,True,sha256:9dc64febec01c93d775dd15a7f2cddb8c9d0ed710f8764fae1e6c52960606e85,source_published_annotation,source_published_annotation_unreviewed
137355.015,125,caught-in/between,accident_type,accident_type,1,caught-in/between,real,True,sha256:9dc64febec01c93d775dd15a7f2cddb8c9d0ed710f8764fae1e6c52960606e85,source_published_annotation,source_published_annotation_unreviewed
131774.015,126,fall,working_circumstances/construction_trade,construction_trade,1,general requirements,real,True,sha256:9dc64febec01c93d775dd15a7f2cddb8c9d0ed710f8764fae1e6c52960606e85,source_published_annotation,source_published_annotation_unreviewed
131774.015,126,fall,consequences/severity,severity,1,fatality,real,True,sha256:9dc64febec01c93d775dd15a7f2cddb8c9d0ed710f8764fae1e6c52960606e85,source_published_annotation,source_published_annotation_unreviewed
131774.015,126,fall,accident_type,accident_type,1,fall,real,True,sha256:9dc64febec01c93d775dd15a7f2cddb8c9d0ed710f8764fae1e6c52960606e85,source_published_annotation,source_published_annotation_unreviewed
132065.015,127,fall,working_circumstances/construction_trade,construction_trade,1,metals,real,True,sha256:9dc64febec01c93d775dd15a7f2cddb8c9d0ed710f8764fae1e6c52960606e85,source_published_annotation,source_published_annotation_unreviewed
132065.015,127,fall,consequences/severity,severity,1,fatality,real,True,sha256:9dc64febec01c93d775dd15a7f2cddb8c9d0ed710f8764fae1e6c52960606e85,source_published_annotation,source_published_annotation_unreviewed
132065.015,127,fall,accident_type,accident_type,1,fall,real,True,sha256:9dc64febec01c93d775dd15a7f2cddb8c9d0ed710f8764fae1e6c52960606e85,source_published_annotation,source_published_annotation_unreviewed
132213.015,128,fall,working_circumstances/construction_trade,construction_trade,1,"wood, plastics, and composites",real,True,sha256:9dc64febec01c93d775dd15a7f2cddb8c9d0ed710f8764fae1e6c52960606e85,source_published_annotation,source_published_annotation_unreviewed
132213.015,128,fall,consequences/severity,severity,1,fatality,real,True,sha256:9dc64febec01c93d775dd15a7f2cddb8c9d0ed710f8764fae1e6c52960606e85,source_published_annotation,source_published_annotation_unreviewed
132213.015,128,fall,accident_type,accident_type,1,fall,real,True,sha256:9dc64febec01c93d775dd15a7f2cddb8c9d0ed710f8764fae1e6c52960606e85,source_published_annotation,source_published_annotation_unreviewed
131579.015,129,caught-in/between,working_circumstances/construction_trade,construction_trade,1,general requirements,real,True,sha256:9dc64febec01c93d775dd15a7f2cddb8c9d0ed710f8764fae1e6c52960606e85,source_published_annotation,source_published_annotation_unreviewed
131579.015,129,caught-in/between,consequences/severity,severity,1,fatality,real,True,sha256:9dc64febec01c93d775dd15a7f2cddb8c9d0ed710f8764fae1e6c52960606e85,source_published_annotation,source_published_annotation_unreviewed
131579.015,129,caught-in/between,accident_type,accident_type,1,caught-in/between,real,True,sha256:9dc64febec01c93d775dd15a7f2cddb8c9d0ed710f8764fae1e6c52960606e85,source_published_annotation,source_published_annotation_unreviewed
131600.015,130,fall,working_circumstances/construction_trade,construction_trade,1,thermal and moisture protection,real,True,sha256:9dc64febec01c93d775dd15a7f2cddb8c9d0ed710f8764fae1e6c52960606e85,source_published_annotation,source_published_annotation_unreviewed
131600.015,130,fall,consequences/severity,severity,1,fatality,real,True,sha256:9dc64febec01c93d775dd15a7f2cddb8c9d0ed710f8764fae1e6c52960606e85,source_published_annotation,source_published_annotation_unreviewed
131600.015,130,fall,accident_type,accident_type,1,fall,real,True,sha256:9dc64febec01c93d775dd15a7f2cddb8c9d0ed710f8764fae1e6c52960606e85,source_published_annotation,source_published_annotation_unreviewed
131583.015,131,fall,working_circumstances/construction_trade,construction_trade,1,metals,real,True,sha256:9dc64febec01c93d775dd15a7f2cddb8c9d0ed710f8764fae1e6c52960606e85,source_published_annotation,source_published_annotation_unreviewed
131583.015,131,fall,consequences/severity,severity,1,fatality,real,True,sha256:9dc64febec01c93d775dd15a7f2cddb8c9d0ed710f8764fae1e6c52960606e85,source_published_annotation,source_published_annotation_unreviewed
131583.015,131,fall,accident_type,accident_type,1,fall,real,True,sha256:9dc64febec01c93d775dd15a7f2cddb8c9d0ed710f8764fae1e6c52960606e85,source_published_annotation,source_published_annotation_unreviewed
131555.015,132,struck-by,working_circumstances/construction_trade,construction_trade,1,finishes,real,True,sha256:9dc64febec01c93d775dd15a7f2cddb8c9d0ed710f8764fae1e6c52960606e85,source_published_annotation,source_published_annotation_unreviewed
131555.015,132,struck-by,accident_type,accident_type,1,struck-by,real,True,sha256:9dc64febec01c93d775dd15a7f2cddb8c9d0ed710f8764fae1e6c52960606e85,source_published_annotation,source_published_annotation_unreviewed
131516.015,133,electrocution,working_circumstances/construction_trade,construction_trade,1,thermal and moisture protection,real,True,sha256:9dc64febec01c93d775dd15a7f2cddb8c9d0ed710f8764fae1e6c52960606e85,source_published_annotation,source_published_annotation_unreviewed
131516.015,133,electrocution,consequences/severity,severity,1,fatality,real,True,sha256:9dc64febec01c93d775dd15a7f2cddb8c9d0ed710f8764fae1e6c52960606e85,source_published_annotation,source_published_annotation_unreviewed
131516.015,133,electrocution,accident_type,accident_type,1,electrocution,real,True,sha256:9dc64febec01c93d775dd15a7f2cddb8c9d0ed710f8764fae1e6c52960606e85,source_published_annotation,source_published_annotation_unreviewed
131652.015,134,fall,working_circumstances/construction_trade,construction_trade,1,"wood, plastics, and composites",real,True,sha256:9dc64febec01c93d775dd15a7f2cddb8c9d0ed710f8764fae1e6c52960606e85,source_published_annotation,source_published_annotation_unreviewed
131652.015,134,fall,consequences/severity,severity,1,fatality,real,True,sha256:9dc64febec01c93d775dd15a7f2cddb8c9d0ed710f8764fae1e6c52960606e85,source_published_annotation,source_published_annotation_unreviewed
131652.015,134,fall,accident_type,accident_type,1,fall,real,True,sha256:9dc64febec01c93d775dd15a7f2cddb8c9d0ed710f8764fae1e6c52960606e85,source_published_annotation,source_published_annotation_unreviewed
131347.015,135,fall,working_circumstances/construction_trade,construction_trade,1,existing conditions,real,True,sha256:9dc64febec01c93d775dd15a7f2cddb8c9d0ed710f8764fae1e6c52960606e85,source_published_annotation,source_published_annotation_unreviewed
131347.015,135,fall,consequences/severity,severity,1,fatality,real,True,sha256:9dc64febec01c93d775dd15a7f2cddb8c9d0ed710f8764fae1e6c52960606e85,source_published_annotation,source_published_annotation_unreviewed
131347.015,135,fall,accident_type,accident_type,1,fall,real,True,sha256:9dc64febec01c93d775dd15a7f2cddb8c9d0ed710f8764fae1e6c52960606e85,source_published_annotation,source_published_annotation_unreviewed
131306.015,136,fall,working_circumstances/construction_trade,construction_trade,1,general requirements,real,True,sha256:9dc64febec01c93d775dd15a7f2cddb8c9d0ed710f8764fae1e6c52960606e85,source_published_annotation,source_published_annotation_unreviewed
131306.015,136,fall,consequences/severity,severity,1,fatality,real,True,sha256:9dc64febec01c93d775dd15a7f2cddb8c9d0ed710f8764fae1e6c52960606e85,source_published_annotation,source_published_annotation_unreviewed
131306.015,136,fall,accident_type,accident_type,1,fall,real,True,sha256:9dc64febec01c93d775dd15a7f2cddb8c9d0ed710f8764fae1e6c52960606e85,source_published_annotation,source_published_annotation_unreviewed
131307.015,137,struck-by,working_circumstances/construction_trade,construction_trade,1,earthwork,real,True,sha256:9dc64febec01c93d775dd15a7f2cddb8c9d0ed710f8764fae1e6c52960606e85,source_published_annotation,source_published_annotation_unreviewed
131307.015,137,struck-by,consequences/severity,severity,1,fatality,real,True,sha256:9dc64febec01c93d775dd15a7f2cddb8c9d0ed710f8764fae1e6c52960606e85,source_published_annotation,source_published_annotation_unreviewed
131307.015,137,struck-by,accident_type,accident_type,1,struck-by,real,True,sha256:9dc64febec01c93d775dd15a7f2cddb8c9d0ed710f8764fae1e6c52960606e85,source_published_annotation,source_published_annotation_unreviewed
131283.015,138,fall,working_circumstances/construction_trade,construction_trade,1,special construction,real,True,sha256:9dc64febec01c93d775dd15a7f2cddb8c9d0ed710f8764fae1e6c52960606e85,source_published_annotation,source_published_annotation_unreviewed
131283.015,138,fall,consequences/severity,severity,1,fatality,real,True,sha256:9dc64febec01c93d775dd15a7f2cddb8c9d0ed710f8764fae1e6c52960606e85,source_published_annotation,source_published_annotation_unreviewed
131283.015,138,fall,accident_type,accident_type,1,fall,real,True,sha256:9dc64febec01c93d775dd15a7f2cddb8c9d0ed710f8764fae1e6c52960606e85,source_published_annotation,source_published_annotation_unreviewed
131215.015,139,fall,working_circumstances/construction_trade,construction_trade,1,general requirements,real,True,sha256:9dc64febec01c93d775dd15a7f2cddb8c9d0ed710f8764fae1e6c52960606e85,source_published_annotation,source_published_annotation_unreviewed
131215.015,139,fall,consequences/severity,severity,1,fatality,real,True,sha256:9dc64febec01c93d775dd15a7f2cddb8c9d0ed710f8764fae1e6c52960606e85,source_published_annotation,source_published_annotation_unreviewed
131215.015,139,fall,accident_type,accident_type,1,fall,real,True,sha256:9dc64febec01c93d775dd15a7f2cddb8c9d0ed710f8764fae1e6c52960606e85,source_published_annotation,source_published_annotation_unreviewed
131238.015,140,caught-in/between,working_circumstances/construction_trade,construction_trade,1,general requirements,real,True,sha256:9dc64febec01c93d775dd15a7f2cddb8c9d0ed710f8764fae1e6c52960606e85,source_published_annotation,source_published_annotation_unreviewed
131238.015,140,caught-in/between,consequences/severity,severity,1,fatality,real,True,sha256:9dc64febec01c93d775dd15a7f2cddb8c9d0ed710f8764fae1e6c52960606e85,source_published_annotation,source_published_annotation_unreviewed
131238.015,140,caught-in/between,accident_type,accident_type,1,caught-in/between,real,True,sha256:9dc64febec01c93d775dd15a7f2cddb8c9d0ed710f8764fae1e6c52960606e85,source_published_annotation,source_published_annotation_unreviewed
131220.015,141,struck-by,working_circumstances/construction_trade,construction_trade,1,exterior improvements,real,True,sha256:9dc64febec01c93d775dd15a7f2cddb8c9d0ed710f8764fae1e6c52960606e85,source_published_annotation,source_published_annotation_unreviewed
131220.015,141,struck-by,consequences/severity,severity,1,fatality,real,True,sha256:9dc64febec01c93d775dd15a7f2cddb8c9d0ed710f8764fae1e6c52960606e85,source_published_annotation,source_published_annotation_unreviewed
131220.015,141,struck-by,accident_type,accident_type,1,struck-by,real,True,sha256:9dc64febec01c93d775dd15a7f2cddb8c9d0ed710f8764fae1e6c52960606e85,source_published_annotation,source_published_annotation_unreviewed
131186.015,142,struck-by,working_circumstances/construction_trade,construction_trade,1,general requirements,real,True,sha256:9dc64febec01c93d775dd15a7f2cddb8c9d0ed710f8764fae1e6c52960606e85,source_published_annotation,source_published_annotation_unreviewed
131186.015,142,struck-by,consequences/severity,severity,1,fatality,real,True,sha256:9dc64febec01c93d775dd15a7f2cddb8c9d0ed710f8764fae1e6c52960606e85,source_published_annotation,source_published_annotation_unreviewed
131186.015,142,struck-by,accident_type,accident_type,1,struck-by,real,True,sha256:9dc64febec01c93d775dd15a7f2cddb8c9d0ed710f8764fae1e6c52960606e85,source_published_annotation,source_published_annotation_unreviewed
131065.015,143,fall,working_circumstances/construction_trade,construction_trade,1,electrical,real,True,sha256:9dc64febec01c93d775dd15a7f2cddb8c9d0ed710f8764fae1e6c52960606e85,source_published_annotation,source_published_annotation_unreviewed
131065.015,143,fall,consequences/severity,severity,1,fatality,real,True,sha256:9dc64febec01c93d775dd15a7f2cddb8c9d0ed710f8764fae1e6c52960606e85,source_published_annotation,source_published_annotation_unreviewed
131065.015,143,fall,accident_type,accident_type,1,fall,real,True,sha256:9dc64febec01c93d775dd15a7f2cddb8c9d0ed710f8764fae1e6c52960606e85,source_published_annotation,source_published_annotation_unreviewed
131165.015,144,caught-in/between,working_circumstances/construction_trade,construction_trade,1,"heating, ventilating, and air conditioning (hvac)",real,True,sha256:9dc64febec01c93d775dd15a7f2cddb8c9d0ed710f8764fae1e6c52960606e85,source_published_annotation,source_published_annotation_unreviewed
131165.015,144,caught-in/between,consequences/severity,severity,1,fatality,real,True,sha256:9dc64febec01c93d775dd15a7f2cddb8c9d0ed710f8764fae1e6c52960606e85,source_published_annotation,source_published_annotation_unreviewed
131165.015,144,caught-in/between,accident_type,accident_type,1,caught-in/between,real,True,sha256:9dc64febec01c93d775dd15a7f2cddb8c9d0ed710f8764fae1e6c52960606e85,source_published_annotation,source_published_annotation_unreviewed
131038.015,145,fall,working_circumstances/construction_trade,construction_trade,1,thermal and moisture protection,real,True,sha256:9dc64febec01c93d775dd15a7f2cddb8c9d0ed710f8764fae1e6c52960606e85,source_published_annotation,source_published_annotation_unreviewed
131038.015,145,fall,consequences/severity,severity,1,fatality,real,True,sha256:9dc64febec01c93d775dd15a7f2cddb8c9d0ed710f8764fae1e6c52960606e85,source_published_annotation,source_published_annotation_unreviewed
131038.015,145,fall,accident_type,accident_type,1,fall,real,True,sha256:9dc64febec01c93d775dd15a7f2cddb8c9d0ed710f8764fae1e6c52960606e85,source_published_annotation,source_published_annotation_unreviewed
130995.015,146,fall,working_circumstances/construction_trade,construction_trade,1,thermal and moisture protection,real,True,sha256:9dc64febec01c93d775dd15a7f2cddb8c9d0ed710f8764fae1e6c52960606e85,source_published_annotation,source_published_annotation_unreviewed
130995.015,146,fall,consequences/severity,severity,1,fatality,real,True,sha256:9dc64febec01c93d775dd15a7f2cddb8c9d0ed710f8764fae1e6c52960606e85,source_published_annotation,source_published_annotation_unreviewed
130995.015,146,fall,accident_type,accident_type,1,fall,real,True,sha256:9dc64febec01c93d775dd15a7f2cddb8c9d0ed710f8764fae1e6c52960606e85,source_published_annotation,source_published_annotation_unreviewed
132286.015,147,electrocution,working_circumstances/construction_trade,construction_trade,1,finishes,real,True,sha256:9dc64febec01c93d775dd15a7f2cddb8c9d0ed710f8764fae1e6c52960606e85,source_published_annotation,source_published_annotation_unreviewed
132286.015,147,electrocution,consequences/severity,severity,1,fatality,real,True,sha256:9dc64febec01c93d775dd15a7f2cddb8c9d0ed710f8764fae1e6c52960606e85,source_published_annotation,source_published_annotation_unreviewed
132286.015,147,electrocution,accident_type,accident_type,1,electrocution,real,True,sha256:9dc64febec01c93d775dd15a7f2cddb8c9d0ed710f8764fae1e6c52960606e85,source_published_annotation,source_published_annotation_unreviewed
130978.015,148,fall,working_circumstances/construction_trade,construction_trade,1,thermal and moisture protection,real,True,sha256:9dc64febec01c93d775dd15a7f2cddb8c9d0ed710f8764fae1e6c52960606e85,source_published_annotation,source_published_annotation_unreviewed
130978.015,148,fall,consequences/severity,severity,1,fatality,real,True,sha256:9dc64febec01c93d775dd15a7f2cddb8c9d0ed710f8764fae1e6c52960606e85,source_published_annotation,source_published_annotation_unreviewed
130978.015,148,fall,accident_type,accident_type,1,fall,real,True,sha256:9dc64febec01c93d775dd15a7f2cddb8c9d0ed710f8764fae1e6c52960606e85,source_published_annotation,source_published_annotation_unreviewed
130910.015,149,fall,working_circumstances/construction_trade,construction_trade,1,electrical,real,True,sha256:9dc64febec01c93d775dd15a7f2cddb8c9d0ed710f8764fae1e6c52960606e85,source_published_annotation,source_published_annotation_unreviewed
130910.015,149,fall,consequences/severity,severity,1,fatality,real,True,sha256:9dc64febec01c93d775dd15a7f2cddb8c9d0ed710f8764fae1e6c52960606e85,source_published_annotation,source_published_annotation_unreviewed
130910.015,149,fall,accident_type,accident_type,1,fall,real,True,sha256:9dc64febec01c93d775dd15a7f2cddb8c9d0ed710f8764fae1e6c52960606e85,source_published_annotation,source_published_annotation_unreviewed
130895.015,150,fall,working_circumstances/construction_trade,construction_trade,1,"wood, plastics, and composites",real,True,sha256:9dc64febec01c93d775dd15a7f2cddb8c9d0ed710f8764fae1e6c52960606e85,source_published_annotation,source_published_annotation_unreviewed
130895.015,150,fall,consequences/severity,severity,1,fatality,real,True,sha256:9dc64febec01c93d775dd15a7f2cddb8c9d0ed710f8764fae1e6c52960606e85,source_published_annotation,source_published_annotation_unreviewed
130895.015,150,fall,accident_type,accident_type,1,fall,real,True,sha256:9dc64febec01c93d775dd15a7f2cddb8c9d0ed710f8764fae1e6c52960606e85,source_published_annotation,source_published_annotation_unreviewed
130838.015,151,struck-by,working_circumstances/construction_trade,construction_trade,1,exterior improvements,real,True,sha256:9dc64febec01c93d775dd15a7f2cddb8c9d0ed710f8764fae1e6c52960606e85,source_published_annotation,source_published_annotation_unreviewed
130838.015,151,struck-by,consequences/severity,severity,1,fatality,real,True,sha256:9dc64febec01c93d775dd15a7f2cddb8c9d0ed710f8764fae1e6c52960606e85,source_published_annotation,source_published_annotation_unreviewed
130838.015,151,struck-by,accident_type,accident_type,1,struck-by,real,True,sha256:9dc64febec01c93d775dd15a7f2cddb8c9d0ed710f8764fae1e6c52960606e85,source_published_annotation,source_published_annotation_unreviewed
130523.015,152,fall,working_circumstances/construction_trade,construction_trade,1,electrical,real,True,sha256:9dc64febec01c93d775dd15a7f2cddb8c9d0ed710f8764fae1e6c52960606e85,source_published_annotation,source_published_annotation_unreviewed
130523.015,152,fall,consequences/severity,severity,1,fatality,real,True,sha256:9dc64febec01c93d775dd15a7f2cddb8c9d0ed710f8764fae1e6c52960606e85,source_published_annotation,source_published_annotation_unreviewed
130523.015,152,fall,accident_type,accident_type,1,fall,real,True,sha256:9dc64febec01c93d775dd15a7f2cddb8c9d0ed710f8764fae1e6c52960606e85,source_published_annotation,source_published_annotation_unreviewed
130447.015,153,struck-by,working_circumstances/construction_trade,construction_trade,1,earthwork,real,True,sha256:9dc64febec01c93d775dd15a7f2cddb8c9d0ed710f8764fae1e6c52960606e85,source_published_annotation,source_published_annotation_unreviewed
130447.015,153,struck-by,consequences/severity,severity,1,fatality,real,True,sha256:9dc64febec01c93d775dd15a7f2cddb8c9d0ed710f8764fae1e6c52960606e85,source_published_annotation,source_published_annotation_unreviewed
130447.015,153,struck-by,accident_type,accident_type,1,struck-by,real,True,sha256:9dc64febec01c93d775dd15a7f2cddb8c9d0ed710f8764fae1e6c52960606e85,source_published_annotation,source_published_annotation_unreviewed
130277.015,154,electrocution,working_circumstances/construction_trade,construction_trade,1,general requirements,real,True,sha256:9dc64febec01c93d775dd15a7f2cddb8c9d0ed710f8764fae1e6c52960606e85,source_published_annotation,source_published_annotation_unreviewed
130277.015,154,electrocution,consequences/severity,severity,1,fatality,real,True,sha256:9dc64febec01c93d775dd15a7f2cddb8c9d0ed710f8764fae1e6c52960606e85,source_published_annotation,source_published_annotation_unreviewed
130277.015,154,electrocution,accident_type,accident_type,1,electrocution,real,True,sha256:9dc64febec01c93d775dd15a7f2cddb8c9d0ed710f8764fae1e6c52960606e85,source_published_annotation,source_published_annotation_unreviewed
130278.015,155,fall,working_circumstances/construction_trade,construction_trade,1,electrical,real,True,sha256:9dc64febec01c93d775dd15a7f2cddb8c9d0ed710f8764fae1e6c52960606e85,source_published_annotation,source_published_annotation_unreviewed
130278.015,155,fall,consequences/severity,severity,1,fatality,real,True,sha256:9dc64febec01c93d775dd15a7f2cddb8c9d0ed710f8764fae1e6c52960606e85,source_published_annotation,source_published_annotation_unreviewed
130278.015,155,fall,accident_type,accident_type,1,fall,real,True,sha256:9dc64febec01c93d775dd15a7f2cddb8c9d0ed710f8764fae1e6c52960606e85,source_published_annotation,source_published_annotation_unreviewed
130353.015,156,struck-by,working_circumstances/construction_trade,construction_trade,1,exterior improvements,real,True,sha256:9dc64febec01c93d775dd15a7f2cddb8c9d0ed710f8764fae1e6c52960606e85,source_published_annotation,source_published_annotation_unreviewed
130353.015,156,struck-by,consequences/severity,severity,1,fatality,real,True,sha256:9dc64febec01c93d775dd15a7f2cddb8c9d0ed710f8764fae1e6c52960606e85,source_published_annotation,source_published_annotation_unreviewed
130353.015,156,struck-by,accident_type,accident_type,1,struck-by,real,True,sha256:9dc64febec01c93d775dd15a7f2cddb8c9d0ed710f8764fae1e6c52960606e85,source_published_annotation,source_published_annotation_unreviewed
130325.015,157,fall,working_circumstances/construction_trade,construction_trade,1,thermal and moisture protection,real,True,sha256:9dc64febec01c93d775dd15a7f2cddb8c9d0ed710f8764fae1e6c52960606e85,source_published_annotation,source_published_annotation_unreviewed
130325.015,157,fall,consequences/severity,severity,1,fatality,real,True,sha256:9dc64febec01c93d775dd15a7f2cddb8c9d0ed710f8764fae1e6c52960606e85,source_published_annotation,source_published_annotation_unreviewed
130325.015,157,fall,accident_type,accident_type,1,fall,real,True,sha256:9dc64febec01c93d775dd15a7f2cddb8c9d0ed710f8764fae1e6c52960606e85,source_published_annotation,source_published_annotation_unreviewed
130136.015,158,fall,working_circumstances/construction_trade,construction_trade,1,"wood, plastics, and composites",real,True,sha256:9dc64febec01c93d775dd15a7f2cddb8c9d0ed710f8764fae1e6c52960606e85,source_published_annotation,source_published_annotation_unreviewed
130136.015,158,fall,consequences/severity,severity,1,fatality,real,True,sha256:9dc64febec01c93d775dd15a7f2cddb8c9d0ed710f8764fae1e6c52960606e85,source_published_annotation,source_published_annotation_unreviewed
130136.015,158,fall,accident_type,accident_type,1,fall,real,True,sha256:9dc64febec01c93d775dd15a7f2cddb8c9d0ed710f8764fae1e6c52960606e85,source_published_annotation,source_published_annotation_unreviewed
130123.015,159,fall,working_circumstances/construction_trade,construction_trade,1,concrete,real,True,sha256:9dc64febec01c93d775dd15a7f2cddb8c9d0ed710f8764fae1e6c52960606e85,source_published_annotation,source_published_annotation_unreviewed
130123.015,159,fall,consequences/severity,severity,1,fatality,real,True,sha256:9dc64febec01c93d775dd15a7f2cddb8c9d0ed710f8764fae1e6c52960606e85,source_published_annotation,source_published_annotation_unreviewed
130123.015,159,fall,accident_type,accident_type,1,fall,real,True,sha256:9dc64febec01c93d775dd15a7f2cddb8c9d0ed710f8764fae1e6c52960606e85,source_published_annotation,source_published_annotation_unreviewed
130263.015,160,fall,working_circumstances/construction_trade,construction_trade,1,concrete,real,True,sha256:9dc64febec01c93d775dd15a7f2cddb8c9d0ed710f8764fae1e6c52960606e85,source_published_annotation,source_published_annotation_unreviewed
130263.015,160,fall,consequences/severity,severity,1,fatality,real,True,sha256:9dc64febec01c93d775dd15a7f2cddb8c9d0ed710f8764fae1e6c52960606e85,source_published_annotation,source_published_annotation_unreviewed
130263.015,160,fall,accident_type,accident_type,1,fall,real,True,sha256:9dc64febec01c93d775dd15a7f2cddb8c9d0ed710f8764fae1e6c52960606e85,source_published_annotation,source_published_annotation_unreviewed
130071.015,161,caught-in/between,working_circumstances/construction_trade,construction_trade,1,earthwork,real,True,sha256:9dc64febec01c93d775dd15a7f2cddb8c9d0ed710f8764fae1e6c52960606e85,source_published_annotation,source_published_annotation_unreviewed
130071.015,161,caught-in/between,consequences/severity,severity,1,fatality,real,True,sha256:9dc64febec01c93d775dd15a7f2cddb8c9d0ed710f8764fae1e6c52960606e85,source_published_annotation,source_published_annotation_unreviewed
130071.015,161,caught-in/between,accident_type,accident_type,1,caught-in/between,real,True,sha256:9dc64febec01c93d775dd15a7f2cddb8c9d0ed710f8764fae1e6c52960606e85,source_published_annotation,source_published_annotation_unreviewed
130219.015,162,electrocution,working_circumstances/construction_trade,construction_trade,1,"heating, ventilating, and air conditioning (hvac)",real,True,sha256:9dc64febec01c93d775dd15a7f2cddb8c9d0ed710f8764fae1e6c52960606e85,source_published_annotation,source_published_annotation_unreviewed
130219.015,162,electrocution,consequences/severity,severity,1,fatality,real,True,sha256:9dc64febec01c93d775dd15a7f2cddb8c9d0ed710f8764fae1e6c52960606e85,source_published_annotation,source_published_annotation_unreviewed
130219.015,162,electrocution,accident_type,accident_type,1,electrocution,real,True,sha256:9dc64febec01c93d775dd15a7f2cddb8c9d0ed710f8764fae1e6c52960606e85,source_published_annotation,source_published_annotation_unreviewed
129969.015,163,fall,working_circumstances/construction_trade,construction_trade,1,thermal and moisture protection,real,True,sha256:9dc64febec01c93d775dd15a7f2cddb8c9d0ed710f8764fae1e6c52960606e85,source_published_annotation,source_published_annotation_unreviewed
129969.015,163,fall,consequences/severity,severity,1,fatality,real,True,sha256:9dc64febec01c93d775dd15a7f2cddb8c9d0ed710f8764fae1e6c52960606e85,source_published_annotation,source_published_annotation_unreviewed
129969.015,163,fall,accident_type,accident_type,1,fall,real,True,sha256:9dc64febec01c93d775dd15a7f2cddb8c9d0ed710f8764fae1e6c52960606e85,source_published_annotation,source_published_annotation_unreviewed
129978.015,164,caught-in/between,working_circumstances/construction_trade,construction_trade,1,equipment,real,True,sha256:9dc64febec01c93d775dd15a7f2cddb8c9d0ed710f8764fae1e6c52960606e85,source_published_annotation,source_published_annotation_unreviewed
129978.015,164,caught-in/between,consequences/severity,severity,1,hospitalized injury,real,True,sha256:9dc64febec01c93d775dd15a7f2cddb8c9d0ed710f8764fae1e6c52960606e85,source_published_annotation,source_published_annotation_unreviewed
129978.015,164,caught-in/between,accident_type,accident_type,1,caught-in/between,real,True,sha256:9dc64febec01c93d775dd15a7f2cddb8c9d0ed710f8764fae1e6c52960606e85,source_published_annotation,source_published_annotation_unreviewed
129704.015,165,fall,working_circumstances/construction_trade,construction_trade,1,thermal and moisture protection,real,True,sha256:9dc64febec01c93d775dd15a7f2cddb8c9d0ed710f8764fae1e6c52960606e85,source_published_annotation,source_published_annotation_unreviewed
129704.015,165,fall,consequences/severity,severity,1,fatality,real,True,sha256:9dc64febec01c93d775dd15a7f2cddb8c9d0ed710f8764fae1e6c52960606e85,source_published_annotation,source_published_annotation_unreviewed
129704.015,165,fall,accident_type,accident_type,1,fall,real,True,sha256:9dc64febec01c93d775dd15a7f2cddb8c9d0ed710f8764fae1e6c52960606e85,source_published_annotation,source_published_annotation_unreviewed
129212.015,166,electrocution,working_circumstances/construction_trade,construction_trade,1,general requirements,real,True,sha256:9dc64febec01c93d775dd15a7f2cddb8c9d0ed710f8764fae1e6c52960606e85,source_published_annotation,source_published_annotation_unreviewed
129212.015,166,electrocution,consequences/severity,severity,1,hospitalized injury,real,True,sha256:9dc64febec01c93d775dd15a7f2cddb8c9d0ed710f8764fae1e6c52960606e85,source_published_annotation,source_published_annotation_unreviewed
129212.015,166,electrocution,accident_type,accident_type,1,electrocution,real,True,sha256:9dc64febec01c93d775dd15a7f2cddb8c9d0ed710f8764fae1e6c52960606e85,source_published_annotation,source_published_annotation_unreviewed
130435.015,167,fall,working_circumstances/construction_trade,construction_trade,1,electrical,real,True,sha256:9dc64febec01c93d775dd15a7f2cddb8c9d0ed710f8764fae1e6c52960606e85,source_published_annotation,source_published_annotation_unreviewed
130435.015,167,fall,consequences/severity,severity,1,hospitalized injury,real,True,sha256:9dc64febec01c93d775dd15a7f2cddb8c9d0ed710f8764fae1e6c52960606e85,source_published_annotation,source_published_annotation_unreviewed
130435.015,167,fall,accident_type,accident_type,1,fall,real,True,sha256:9dc64febec01c93d775dd15a7f2cddb8c9d0ed710f8764fae1e6c52960606e85,source_published_annotation,source_published_annotation_unreviewed
130315.015,168,electrocution,working_circumstances/construction_trade,construction_trade,1,electrical,real,True,sha256:9dc64febec01c93d775dd15a7f2cddb8c9d0ed710f8764fae1e6c52960606e85,source_published_annotation,source_published_annotation_unreviewed
130315.015,168,electrocution,consequences/severity,severity,1,fatality,real,True,sha256:9dc64febec01c93d775dd15a7f2cddb8c9d0ed710f8764fae1e6c52960606e85,source_published_annotation,source_published_annotation_unreviewed
130315.015,168,electrocution,accident_type,accident_type,1,electrocution,real,True,sha256:9dc64febec01c93d775dd15a7f2cddb8c9d0ed710f8764fae1e6c52960606e85,source_published_annotation,source_published_annotation_unreviewed
135760.015,169,fall,working_circumstances/construction_trade,construction_trade,1,existing conditions,real,True,sha256:9dc64febec01c93d775dd15a7f2cddb8c9d0ed710f8764fae1e6c52960606e85,source_published_annotation,source_published_annotation_unreviewed
135760.015,169,fall,consequences/severity,severity,1,hospitalized injury,real,True,sha256:9dc64febec01c93d775dd15a7f2cddb8c9d0ed710f8764fae1e6c52960606e85,source_published_annotation,source_published_annotation_unreviewed
135760.015,169,fall,accident_type,accident_type,1,fall,real,True,sha256:9dc64febec01c93d775dd15a7f2cddb8c9d0ed710f8764fae1e6c52960606e85,source_published_annotation,source_published_annotation_unreviewed
129008.015,170,struck-by,working_circumstances/construction_trade,construction_trade,1,exterior improvements,real,True,sha256:9dc64febec01c93d775dd15a7f2cddb8c9d0ed710f8764fae1e6c52960606e85,source_published_annotation,source_published_annotation_unreviewed
129008.015,170,struck-by,consequences/severity,severity,1,fatality,real,True,sha256:9dc64febec01c93d775dd15a7f2cddb8c9d0ed710f8764fae1e6c52960606e85,source_published_annotation,source_published_annotation_unreviewed
129008.015,170,struck-by,accident_type,accident_type,1,struck-by,real,True,sha256:9dc64febec01c93d775dd15a7f2cddb8c9d0ed710f8764fae1e6c52960606e85,source_published_annotation,source_published_annotation_unreviewed
128954.015,171,caught-in/between,working_circumstances/construction_trade,construction_trade,1,concrete,real,True,sha256:9dc64febec01c93d775dd15a7f2cddb8c9d0ed710f8764fae1e6c52960606e85,source_published_annotation,source_published_annotation_unreviewed
128954.015,171,caught-in/between,consequences/severity,severity,1,fatality,real,True,sha256:9dc64febec01c93d775dd15a7f2cddb8c9d0ed710f8764fae1e6c52960606e85,source_published_annotation,source_published_annotation_unreviewed
128954.015,171,caught-in/between,accident_type,accident_type,1,caught-in/between,real,True,sha256:9dc64febec01c93d775dd15a7f2cddb8c9d0ed710f8764fae1e6c52960606e85,source_published_annotation,source_published_annotation_unreviewed
128841.015,172,fall,working_circumstances/construction_trade,construction_trade,1,existing conditions,real,True,sha256:9dc64febec01c93d775dd15a7f2cddb8c9d0ed710f8764fae1e6c52960606e85,source_published_annotation,source_published_annotation_unreviewed
128841.015,172,fall,consequences/severity,severity,1,fatality,real,True,sha256:9dc64febec01c93d775dd15a7f2cddb8c9d0ed710f8764fae1e6c52960606e85,source_published_annotation,source_published_annotation_unreviewed
128841.015,172,fall,accident_type,accident_type,1,fall,real,True,sha256:9dc64febec01c93d775dd15a7f2cddb8c9d0ed710f8764fae1e6c52960606e85,source_published_annotation,source_published_annotation_unreviewed
128765.015,173,caught-in/between,working_circumstances/construction_trade,construction_trade,1,utilities,real,True,sha256:9dc64febec01c93d775dd15a7f2cddb8c9d0ed710f8764fae1e6c52960606e85,source_published_annotation,source_published_annotation_unreviewed
128765.015,173,caught-in/between,consequences/severity,severity,1,fatality,real,True,sha256:9dc64febec01c93d775dd15a7f2cddb8c9d0ed710f8764fae1e6c52960606e85,source_published_annotation,source_published_annotation_unreviewed
128765.015,173,caught-in/between,accident_type,accident_type,1,caught-in/between,real,True,sha256:9dc64febec01c93d775dd15a7f2cddb8c9d0ed710f8764fae1e6c52960606e85,source_published_annotation,source_published_annotation_unreviewed
128697.015,174,electrocution,working_circumstances/construction_trade,construction_trade,1,electrical,real,True,sha256:9dc64febec01c93d775dd15a7f2cddb8c9d0ed710f8764fae1e6c52960606e85,source_published_annotation,source_published_annotation_unreviewed
128697.015,174,electrocution,consequences/severity,severity,1,fatality,real,True,sha256:9dc64febec01c93d775dd15a7f2cddb8c9d0ed710f8764fae1e6c52960606e85,source_published_annotation,source_published_annotation_unreviewed
128697.015,174,electrocution,accident_type,accident_type,1,electrocution,real,True,sha256:9dc64febec01c93d775dd15a7f2cddb8c9d0ed710f8764fae1e6c52960606e85,source_published_annotation,source_published_annotation_unreviewed
128749.015,175,fall,working_circumstances/construction_trade,construction_trade,1,finishes,real,True,sha256:9dc64febec01c93d775dd15a7f2cddb8c9d0ed710f8764fae1e6c52960606e85,source_published_annotation,source_published_annotation_unreviewed
128749.015,175,fall,consequences/severity,severity,1,fatality,real,True,sha256:9dc64febec01c93d775dd15a7f2cddb8c9d0ed710f8764fae1e6c52960606e85,source_published_annotation,source_published_annotation_unreviewed
128749.015,175,fall,accident_type,accident_type,1,fall,real,True,sha256:9dc64febec01c93d775dd15a7f2cddb8c9d0ed710f8764fae1e6c52960606e85,source_published_annotation,source_published_annotation_unreviewed
128515.015,176,struck-by,working_circumstances/construction_trade,construction_trade,1,general requirements,real,True,sha256:9dc64febec01c93d775dd15a7f2cddb8c9d0ed710f8764fae1e6c52960606e85,source_published_annotation,source_published_annotation_unreviewed
128515.015,176,struck-by,consequences/severity,severity,1,fatality,real,True,sha256:9dc64febec01c93d775dd15a7f2cddb8c9d0ed710f8764fae1e6c52960606e85,source_published_annotation,source_published_annotation_unreviewed
128515.015,176,struck-by,accident_type,accident_type,1,struck-by,real,True,sha256:9dc64febec01c93d775dd15a7f2cddb8c9d0ed710f8764fae1e6c52960606e85,source_published_annotation,source_published_annotation_unreviewed
128692.015,177,fall,working_circumstances/construction_trade,construction_trade,1,plumbing,real,True,sha256:9dc64febec01c93d775dd15a7f2cddb8c9d0ed710f8764fae1e6c52960606e85,source_published_annotation,source_published_annotation_unreviewed
128692.015,177,fall,consequences/severity,severity,1,fatality,real,True,sha256:9dc64febec01c93d775dd15a7f2cddb8c9d0ed710f8764fae1e6c52960606e85,source_published_annotation,source_published_annotation_unreviewed
128692.015,177,fall,accident_type,accident_type,1,fall,real,True,sha256:9dc64febec01c93d775dd15a7f2cddb8c9d0ed710f8764fae1e6c52960606e85,source_published_annotation,source_published_annotation_unreviewed
128438.015,178,fall,working_circumstances/construction_trade,construction_trade,1,"wood, plastics, and composites",real,True,sha256:9dc64febec01c93d775dd15a7f2cddb8c9d0ed710f8764fae1e6c52960606e85,source_published_annotation,source_published_annotation_unreviewed
128438.015,178,fall,consequences/severity,severity,1,fatality,real,True,sha256:9dc64febec01c93d775dd15a7f2cddb8c9d0ed710f8764fae1e6c52960606e85,source_published_annotation,source_published_annotation_unreviewed
128438.015,178,fall,accident_type,accident_type,1,fall,real,True,sha256:9dc64febec01c93d775dd15a7f2cddb8c9d0ed710f8764fae1e6c52960606e85,source_published_annotation,source_published_annotation_unreviewed
128467.015,179,struck-by,working_circumstances/construction_trade,construction_trade,1,metals,real,True,sha256:9dc64febec01c93d775dd15a7f2cddb8c9d0ed710f8764fae1e6c52960606e85,source_published_annotation,source_published_annotation_unreviewed
128467.015,179,struck-by,consequences/severity,severity,1,fatality,real,True,sha256:9dc64febec01c93d775dd15a7f2cddb8c9d0ed710f8764fae1e6c52960606e85,source_published_annotation,source_published_annotation_unreviewed
128467.015,179,struck-by,accident_type,accident_type,1,struck-by,real,True,sha256:9dc64febec01c93d775dd15a7f2cddb8c9d0ed710f8764fae1e6c52960606e85,source_published_annotation,source_published_annotation_unreviewed
128475.015,180,struck-by,working_circumstances/construction_trade,construction_trade,1,earthwork,real,True,sha256:9dc64febec01c93d775dd15a7f2cddb8c9d0ed710f8764fae1e6c52960606e85,source_published_annotation,source_published_annotation_unreviewed
128475.015,180,struck-by,consequences/severity,severity,1,fatality,real,True,sha256:9dc64febec01c93d775dd15a7f2cddb8c9d0ed710f8764fae1e6c52960606e85,source_published_annotation,source_published_annotation_unreviewed
128475.015,180,struck-by,accident_type,accident_type,1,struck-by,real,True,sha256:9dc64febec01c93d775dd15a7f2cddb8c9d0ed710f8764fae1e6c52960606e85,source_published_annotation,source_published_annotation_unreviewed
128339.015,181,fall,working_circumstances/construction_trade,construction_trade,1,thermal and moisture protection,real,True,sha256:9dc64febec01c93d775dd15a7f2cddb8c9d0ed710f8764fae1e6c52960606e85,source_published_annotation,source_published_annotation_unreviewed
128339.015,181,fall,consequences/severity,severity,1,fatality,real,True,sha256:9dc64febec01c93d775dd15a7f2cddb8c9d0ed710f8764fae1e6c52960606e85,source_published_annotation,source_published_annotation_unreviewed
128339.015,181,fall,accident_type,accident_type,1,fall,real,True,sha256:9dc64febec01c93d775dd15a7f2cddb8c9d0ed710f8764fae1e6c52960606e85,source_published_annotation,source_published_annotation_unreviewed
128305.015,182,fall,working_circumstances/construction_trade,construction_trade,1,thermal and moisture protection,real,True,sha256:9dc64febec01c93d775dd15a7f2cddb8c9d0ed710f8764fae1e6c52960606e85,source_published_annotation,source_published_annotation_unreviewed
128305.015,182,fall,consequences/severity,severity,1,hospitalized injury,real,True,sha256:9dc64febec01c93d775dd15a7f2cddb8c9d0ed710f8764fae1e6c52960606e85,source_published_annotation,source_published_annotation_unreviewed
128305.015,182,fall,accident_type,accident_type,1,fall,real,True,sha256:9dc64febec01c93d775dd15a7f2cddb8c9d0ed710f8764fae1e6c52960606e85,source_published_annotation,source_published_annotation_unreviewed
133823.015,183,fall,working_circumstances/construction_trade,construction_trade,1,finishes,real,True,sha256:9dc64febec01c93d775dd15a7f2cddb8c9d0ed710f8764fae1e6c52960606e85,source_published_annotation,source_published_annotation_unreviewed
133823.015,183,fall,consequences/severity,severity,1,fatality,real,True,sha256:9dc64febec01c93d775dd15a7f2cddb8c9d0ed710f8764fae1e6c52960606e85,source_published_annotation,source_published_annotation_unreviewed
133823.015,183,fall,accident_type,accident_type,1,fall,real,True,sha256:9dc64febec01c93d775dd15a7f2cddb8c9d0ed710f8764fae1e6c52960606e85,source_published_annotation,source_published_annotation_unreviewed
127729.015,184,struck-by,working_circumstances/construction_trade,construction_trade,1,finishes,real,True,sha256:9dc64febec01c93d775dd15a7f2cddb8c9d0ed710f8764fae1e6c52960606e85,source_published_annotation,source_published_annotation_unreviewed
127729.015,184,struck-by,consequences/severity,severity,1,fatality,real,True,sha256:9dc64febec01c93d775dd15a7f2cddb8c9d0ed710f8764fae1e6c52960606e85,source_published_annotation,source_published_annotation_unreviewed
127729.015,184,struck-by,accident_type,accident_type,1,struck-by,real,True,sha256:9dc64febec01c93d775dd15a7f2cddb8c9d0ed710f8764fae1e6c52960606e85,source_published_annotation,source_published_annotation_unreviewed
127679.015,185,struck-by,working_circumstances/construction_trade,construction_trade,1,earthwork,real,True,sha256:9dc64febec01c93d775dd15a7f2cddb8c9d0ed710f8764fae1e6c52960606e85,source_published_annotation,source_published_annotation_unreviewed
127679.015,185,struck-by,consequences/severity,severity,1,fatality,real,True,sha256:9dc64febec01c93d775dd15a7f2cddb8c9d0ed710f8764fae1e6c52960606e85,source_published_annotation,source_published_annotation_unreviewed
127679.015,185,struck-by,accident_type,accident_type,1,struck-by,real,True,sha256:9dc64febec01c93d775dd15a7f2cddb8c9d0ed710f8764fae1e6c52960606e85,source_published_annotation,source_published_annotation_unreviewed
127636.015,186,fall,working_circumstances/construction_trade,construction_trade,1,thermal and moisture protection,real,True,sha256:9dc64febec01c93d775dd15a7f2cddb8c9d0ed710f8764fae1e6c52960606e85,source_published_annotation,source_published_annotation_unreviewed
127636.015,186,fall,consequences/severity,severity,1,fatality,real,True,sha256:9dc64febec01c93d775dd15a7f2cddb8c9d0ed710f8764fae1e6c52960606e85,source_published_annotation,source_published_annotation_unreviewed
127636.015,186,fall,accident_type,accident_type,1,fall,real,True,sha256:9dc64febec01c93d775dd15a7f2cddb8c9d0ed710f8764fae1e6c52960606e85,source_published_annotation,source_published_annotation_unreviewed
127705.015,187,electrocution,working_circumstances/construction_trade,construction_trade,1,thermal and moisture protection,real,True,sha256:9dc64febec01c93d775dd15a7f2cddb8c9d0ed710f8764fae1e6c52960606e85,source_published_annotation,source_published_annotation_unreviewed
127705.015,187,electrocution,consequences/severity,severity,1,fatality,real,True,sha256:9dc64febec01c93d775dd15a7f2cddb8c9d0ed710f8764fae1e6c52960606e85,source_published_annotation,source_published_annotation_unreviewed
127705.015,187,electrocution,accident_type,accident_type,1,electrocution,real,True,sha256:9dc64febec01c93d775dd15a7f2cddb8c9d0ed710f8764fae1e6c52960606e85,source_published_annotation,source_published_annotation_unreviewed
127808.015,188,fall,working_circumstances/construction_trade,construction_trade,1,general requirements,real,True,sha256:9dc64febec01c93d775dd15a7f2cddb8c9d0ed710f8764fae1e6c52960606e85,source_published_annotation,source_published_annotation_unreviewed
127808.015,188,fall,consequences/severity,severity,1,fatality,real,True,sha256:9dc64febec01c93d775dd15a7f2cddb8c9d0ed710f8764fae1e6c52960606e85,source_published_annotation,source_published_annotation_unreviewed
127808.015,188,fall,accident_type,accident_type,1,fall,real,True,sha256:9dc64febec01c93d775dd15a7f2cddb8c9d0ed710f8764fae1e6c52960606e85,source_published_annotation,source_published_annotation_unreviewed
127539.015,189,fall,working_circumstances/construction_trade,construction_trade,1,"wood, plastics, and composites",real,True,sha256:9dc64febec01c93d775dd15a7f2cddb8c9d0ed710f8764fae1e6c52960606e85,source_published_annotation,source_published_annotation_unreviewed
127539.015,189,fall,consequences/severity,severity,1,fatality,real,True,sha256:9dc64febec01c93d775dd15a7f2cddb8c9d0ed710f8764fae1e6c52960606e85,source_published_annotation,source_published_annotation_unreviewed
127539.015,189,fall,accident_type,accident_type,1,fall,real,True,sha256:9dc64febec01c93d775dd15a7f2cddb8c9d0ed710f8764fae1e6c52960606e85,source_published_annotation,source_published_annotation_unreviewed
131205.015,190,fall,working_circumstances/construction_trade,construction_trade,1,thermal and moisture protection,real,True,sha256:9dc64febec01c93d775dd15a7f2cddb8c9d0ed710f8764fae1e6c52960606e85,source_published_annotation,source_published_annotation_unreviewed
131205.015,190,fall,consequences/severity,severity,1,fatality,real,True,sha256:9dc64febec01c93d775dd15a7f2cddb8c9d0ed710f8764fae1e6c52960606e85,source_published_annotation,source_published_annotation_unreviewed
131205.015,190,fall,accident_type,accident_type,1,fall,real,True,sha256:9dc64febec01c93d775dd15a7f2cddb8c9d0ed710f8764fae1e6c52960606e85,source_published_annotation,source_published_annotation_unreviewed
127319.015,191,struck-by,working_circumstances/construction_trade,construction_trade,1,utilities,real,True,sha256:9dc64febec01c93d775dd15a7f2cddb8c9d0ed710f8764fae1e6c52960606e85,source_published_annotation,source_published_annotation_unreviewed
127319.015,191,struck-by,consequences/severity,severity,1,fatality,real,True,sha256:9dc64febec01c93d775dd15a7f2cddb8c9d0ed710f8764fae1e6c52960606e85,source_published_annotation,source_published_annotation_unreviewed
127319.015,191,struck-by,accident_type,accident_type,1,struck-by,real,True,sha256:9dc64febec01c93d775dd15a7f2cddb8c9d0ed710f8764fae1e6c52960606e85,source_published_annotation,source_published_annotation_unreviewed
127375.015,192,struck-by,working_circumstances/construction_trade,construction_trade,1,electrical,real,True,sha256:9dc64febec01c93d775dd15a7f2cddb8c9d0ed710f8764fae1e6c52960606e85,source_published_annotation,source_published_annotation_unreviewed
127375.015,192,struck-by,consequences/severity,severity,1,fatality,real,True,sha256:9dc64febec01c93d775dd15a7f2cddb8c9d0ed710f8764fae1e6c52960606e85,source_published_annotation,source_published_annotation_unreviewed
127375.015,192,struck-by,accident_type,accident_type,1,struck-by,real,True,sha256:9dc64febec01c93d775dd15a7f2cddb8c9d0ed710f8764fae1e6c52960606e85,source_published_annotation,source_published_annotation_unreviewed
127370.015,193,fall,working_circumstances/construction_trade,construction_trade,1,thermal and moisture protection,real,True,sha256:9dc64febec01c93d775dd15a7f2cddb8c9d0ed710f8764fae1e6c52960606e85,source_published_annotation,source_published_annotation_unreviewed
127370.015,193,fall,consequences/severity,severity,1,fatality,real,True,sha256:9dc64febec01c93d775dd15a7f2cddb8c9d0ed710f8764fae1e6c52960606e85,source_published_annotation,source_published_annotation_unreviewed
127370.015,193,fall,accident_type,accident_type,1,fall,real,True,sha256:9dc64febec01c93d775dd15a7f2cddb8c9d0ed710f8764fae1e6c52960606e85,source_published_annotation,source_published_annotation_unreviewed
127277.015,194,fall,working_circumstances/construction_trade,construction_trade,1,thermal and moisture protection,real,True,sha256:9dc64febec01c93d775dd15a7f2cddb8c9d0ed710f8764fae1e6c52960606e85,source_published_annotation,source_published_annotation_unreviewed
127277.015,194,fall,consequences/severity,severity,1,fatality,real,True,sha256:9dc64febec01c93d775dd15a7f2cddb8c9d0ed710f8764fae1e6c52960606e85,source_published_annotation,source_published_annotation_unreviewed
127277.015,194,fall,accident_type,accident_type,1,fall,real,True,sha256:9dc64febec01c93d775dd15a7f2cddb8c9d0ed710f8764fae1e6c52960606e85,source_published_annotation,source_published_annotation_unreviewed
126612.015,195,struck-by,working_circumstances/construction_trade,construction_trade,1,general requirements,real,True,sha256:9dc64febec01c93d775dd15a7f2cddb8c9d0ed710f8764fae1e6c52960606e85,source_published_annotation,source_published_annotation_unreviewed
126612.015,195,struck-by,consequences/severity,severity,1,fatality,real,True,sha256:9dc64febec01c93d775dd15a7f2cddb8c9d0ed710f8764fae1e6c52960606e85,source_published_annotation,source_published_annotation_unreviewed
126612.015,195,struck-by,accident_type,accident_type,1,struck-by,real,True,sha256:9dc64febec01c93d775dd15a7f2cddb8c9d0ed710f8764fae1e6c52960606e85,source_published_annotation,source_published_annotation_unreviewed
130848.015,196,fall,working_circumstances/construction_trade,construction_trade,1,finishes,real,True,sha256:9dc64febec01c93d775dd15a7f2cddb8c9d0ed710f8764fae1e6c52960606e85,source_published_annotation,source_published_annotation_unreviewed
130848.015,196,fall,consequences/severity,severity,1,fatality,real,True,sha256:9dc64febec01c93d775dd15a7f2cddb8c9d0ed710f8764fae1e6c52960606e85,source_published_annotation,source_published_annotation_unreviewed
130848.015,196,fall,accident_type,accident_type,1,fall,real,True,sha256:9dc64febec01c93d775dd15a7f2cddb8c9d0ed710f8764fae1e6c52960606e85,source_published_annotation,source_published_annotation_unreviewed
126660.015,197,struck-by,working_circumstances/construction_trade,construction_trade,1,earthwork,real,True,sha256:9dc64febec01c93d775dd15a7f2cddb8c9d0ed710f8764fae1e6c52960606e85,source_published_annotation,source_published_annotation_unreviewed
126660.015,197,struck-by,consequences/severity,severity,1,fatality,real,True,sha256:9dc64febec01c93d775dd15a7f2cddb8c9d0ed710f8764fae1e6c52960606e85,source_published_annotation,source_published_annotation_unreviewed
126660.015,197,struck-by,accident_type,accident_type,1,struck-by,real,True,sha256:9dc64febec01c93d775dd15a7f2cddb8c9d0ed710f8764fae1e6c52960606e85,source_published_annotation,source_published_annotation_unreviewed
125915.015,198,fall,working_circumstances/construction_trade,construction_trade,1,thermal and moisture protection,real,True,sha256:9dc64febec01c93d775dd15a7f2cddb8c9d0ed710f8764fae1e6c52960606e85,source_published_annotation,source_published_annotation_unreviewed
125915.015,198,fall,consequences/severity,severity,1,hospitalized injury,real,True,sha256:9dc64febec01c93d775dd15a7f2cddb8c9d0ed710f8764fae1e6c52960606e85,source_published_annotation,source_published_annotation_unreviewed
125915.015,198,fall,accident_type,accident_type,1,fall,real,True,sha256:9dc64febec01c93d775dd15a7f2cddb8c9d0ed710f8764fae1e6c52960606e85,source_published_annotation,source_published_annotation_unreviewed
126615.015,199,electrocution,working_circumstances/construction_trade,construction_trade,1,openings,real,True,sha256:9dc64febec01c93d775dd15a7f2cddb8c9d0ed710f8764fae1e6c52960606e85,source_published_annotation,source_published_annotation_unreviewed
126615.015,199,electrocution,consequences/severity,severity,1,hospitalized injury,real,True,sha256:9dc64febec01c93d775dd15a7f2cddb8c9d0ed710f8764fae1e6c52960606e85,source_published_annotation,source_published_annotation_unreviewed
126615.015,199,electrocution,accident_type,accident_type,1,electrocution,real,True,sha256:9dc64febec01c93d775dd15a7f2cddb8c9d0ed710f8764fae1e6c52960606e85,source_published_annotation,source_published_annotation_unreviewed
125424.015,200,electrocution,working_circumstances/construction_trade,construction_trade,1,electrical,real,True,sha256:9dc64febec01c93d775dd15a7f2cddb8c9d0ed710f8764fae1e6c52960606e85,source_published_annotation,source_published_annotation_unreviewed
125424.015,200,electrocution,consequences/severity,severity,1,hospitalized injury,real,True,sha256:9dc64febec01c93d775dd15a7f2cddb8c9d0ed710f8764fae1e6c52960606e85,source_published_annotation,source_published_annotation_unreviewed
125424.015,200,electrocution,accident_type,accident_type,1,electrocution,real,True,sha256:9dc64febec01c93d775dd15a7f2cddb8c9d0ed710f8764fae1e6c52960606e85,source_published_annotation,source_published_annotation_unreviewed
126971.015,201,fall,working_circumstances/construction_trade,construction_trade,1,thermal and moisture protection,real,True,sha256:9dc64febec01c93d775dd15a7f2cddb8c9d0ed710f8764fae1e6c52960606e85,source_published_annotation,source_published_annotation_unreviewed
126971.015,201,fall,consequences/severity,severity,1,hospitalized injury,real,True,sha256:9dc64febec01c93d775dd15a7f2cddb8c9d0ed710f8764fae1e6c52960606e85,source_published_annotation,source_published_annotation_unreviewed
126971.015,201,fall,accident_type,accident_type,1,fall,real,True,sha256:9dc64febec01c93d775dd15a7f2cddb8c9d0ed710f8764fae1e6c52960606e85,source_published_annotation,source_published_annotation_unreviewed
125354.015,202,fall,working_circumstances/construction_trade,construction_trade,1,thermal and moisture protection,real,True,sha256:9dc64febec01c93d775dd15a7f2cddb8c9d0ed710f8764fae1e6c52960606e85,source_published_annotation,source_published_annotation_unreviewed
125354.015,202,fall,consequences/severity,severity,1,fatality,real,True,sha256:9dc64febec01c93d775dd15a7f2cddb8c9d0ed710f8764fae1e6c52960606e85,source_published_annotation,source_published_annotation_unreviewed
125354.015,202,fall,accident_type,accident_type,1,fall,real,True,sha256:9dc64febec01c93d775dd15a7f2cddb8c9d0ed710f8764fae1e6c52960606e85,source_published_annotation,source_published_annotation_unreviewed
125314.015,203,caught-in/between,working_circumstances/construction_trade,construction_trade,1,earthwork,real,True,sha256:9dc64febec01c93d775dd15a7f2cddb8c9d0ed710f8764fae1e6c52960606e85,source_published_annotation,source_published_annotation_unreviewed
125314.015,203,caught-in/between,consequences/severity,severity,1,fatality,real,True,sha256:9dc64febec01c93d775dd15a7f2cddb8c9d0ed710f8764fae1e6c52960606e85,source_published_annotation,source_published_annotation_unreviewed
125314.015,203,caught-in/between,accident_type,accident_type,1,caught-in/between,real,True,sha256:9dc64febec01c93d775dd15a7f2cddb8c9d0ed710f8764fae1e6c52960606e85,source_published_annotation,source_published_annotation_unreviewed
125113.015,204,electrocution,working_circumstances/construction_trade,construction_trade,1,thermal and moisture protection,real,True,sha256:9dc64febec01c93d775dd15a7f2cddb8c9d0ed710f8764fae1e6c52960606e85,source_published_annotation,source_published_annotation_unreviewed
125113.015,204,electrocution,consequences/severity,severity,1,fatality,real,True,sha256:9dc64febec01c93d775dd15a7f2cddb8c9d0ed710f8764fae1e6c52960606e85,source_published_annotation,source_published_annotation_unreviewed
125113.015,204,electrocution,accident_type,accident_type,1,electrocution,real,True,sha256:9dc64febec01c93d775dd15a7f2cddb8c9d0ed710f8764fae1e6c52960606e85,source_published_annotation,source_published_annotation_unreviewed
125037.015,205,struck-by,working_circumstances/construction_trade,construction_trade,1,general requirements,real,True,sha256:9dc64febec01c93d775dd15a7f2cddb8c9d0ed710f8764fae1e6c52960606e85,source_published_annotation,source_published_annotation_unreviewed
125037.015,205,struck-by,consequences/severity,severity,1,fatality,real,True,sha256:9dc64febec01c93d775dd15a7f2cddb8c9d0ed710f8764fae1e6c52960606e85,source_published_annotation,source_published_annotation_unreviewed
125037.015,205,struck-by,accident_type,accident_type,1,struck-by,real,True,sha256:9dc64febec01c93d775dd15a7f2cddb8c9d0ed710f8764fae1e6c52960606e85,source_published_annotation,source_published_annotation_unreviewed
130503.015,206,struck-by,working_circumstances/construction_trade,construction_trade,1,finishes,real,True,sha256:9dc64febec01c93d775dd15a7f2cddb8c9d0ed710f8764fae1e6c52960606e85,source_published_annotation,source_published_annotation_unreviewed
130503.015,206,struck-by,consequences/severity,severity,1,hospitalized injury,real,True,sha256:9dc64febec01c93d775dd15a7f2cddb8c9d0ed710f8764fae1e6c52960606e85,source_published_annotation,source_published_annotation_unreviewed
130503.015,206,struck-by,accident_type,accident_type,1,struck-by,real,True,sha256:9dc64febec01c93d775dd15a7f2cddb8c9d0ed710f8764fae1e6c52960606e85,source_published_annotation,source_published_annotation_unreviewed
125857.015,207,electrocution,working_circumstances/construction_trade,construction_trade,1,finishes,real,True,sha256:9dc64febec01c93d775dd15a7f2cddb8c9d0ed710f8764fae1e6c52960606e85,source_published_annotation,source_published_annotation_unreviewed
125857.015,207,electrocution,consequences/severity,severity,1,fatality,real,True,sha256:9dc64febec01c93d775dd15a7f2cddb8c9d0ed710f8764fae1e6c52960606e85,source_published_annotation,source_published_annotation_unreviewed
125857.015,207,electrocution,accident_type,accident_type,1,electrocution,real,True,sha256:9dc64febec01c93d775dd15a7f2cddb8c9d0ed710f8764fae1e6c52960606e85,source_published_annotation,source_published_annotation_unreviewed
124897.015,208,caught-in/between,working_circumstances/construction_trade,construction_trade,1,utilities,real,True,sha256:9dc64febec01c93d775dd15a7f2cddb8c9d0ed710f8764fae1e6c52960606e85,source_published_annotation,source_published_annotation_unreviewed
124897.015,208,caught-in/between,consequences/severity,severity,1,fatality,real,True,sha256:9dc64febec01c93d775dd15a7f2cddb8c9d0ed710f8764fae1e6c52960606e85,source_published_annotation,source_published_annotation_unreviewed
124897.015,208,caught-in/between,accident_type,accident_type,1,caught-in/between,real,True,sha256:9dc64febec01c93d775dd15a7f2cddb8c9d0ed710f8764fae1e6c52960606e85,source_published_annotation,source_published_annotation_unreviewed
124377.015,209,caught-in/between,working_circumstances/construction_trade,construction_trade,1,general requirements,real,True,sha256:9dc64febec01c93d775dd15a7f2cddb8c9d0ed710f8764fae1e6c52960606e85,source_published_annotation,source_published_annotation_unreviewed
124377.015,209,caught-in/between,consequences/severity,severity,1,non hospitalized injury,real,True,sha256:9dc64febec01c93d775dd15a7f2cddb8c9d0ed710f8764fae1e6c52960606e85,source_published_annotation,source_published_annotation_unreviewed
124377.015,209,caught-in/between,accident_type,accident_type,1,caught-in/between,real,True,sha256:9dc64febec01c93d775dd15a7f2cddb8c9d0ed710f8764fae1e6c52960606e85,source_published_annotation,source_published_annotation_unreviewed
125651.015,210,struck-by,working_circumstances/construction_trade,construction_trade,1,metals,real,True,sha256:9dc64febec01c93d775dd15a7f2cddb8c9d0ed710f8764fae1e6c52960606e85,source_published_annotation,source_published_annotation_unreviewed
125651.015,210,struck-by,consequences/severity,severity,1,non hospitalized injury,real,True,sha256:9dc64febec01c93d775dd15a7f2cddb8c9d0ed710f8764fae1e6c52960606e85,source_published_annotation,source_published_annotation_unreviewed
125651.015,210,struck-by,accident_type,accident_type,1,struck-by,real,True,sha256:9dc64febec01c93d775dd15a7f2cddb8c9d0ed710f8764fae1e6c52960606e85,source_published_annotation,source_published_annotation_unreviewed
124436.015,211,caught-in/between,working_circumstances/construction_trade,construction_trade,1,"wood, plastics, and composites",real,True,sha256:9dc64febec01c93d775dd15a7f2cddb8c9d0ed710f8764fae1e6c52960606e85,source_published_annotation,source_published_annotation_unreviewed
124436.015,211,caught-in/between,consequences/severity,severity,1,hospitalized injury,real,True,sha256:9dc64febec01c93d775dd15a7f2cddb8c9d0ed710f8764fae1e6c52960606e85,source_published_annotation,source_published_annotation_unreviewed
124436.015,211,caught-in/between,accident_type,accident_type,1,caught-in/between,real,True,sha256:9dc64febec01c93d775dd15a7f2cddb8c9d0ed710f8764fae1e6c52960606e85,source_published_annotation,source_published_annotation_unreviewed
125237.015,212,caught-in/between,working_circumstances/construction_trade,construction_trade,1,"wood, plastics, and composites",real,True,sha256:9dc64febec01c93d775dd15a7f2cddb8c9d0ed710f8764fae1e6c52960606e85,source_published_annotation,source_published_annotation_unreviewed
125237.015,212,caught-in/between,consequences/severity,severity,1,hospitalized injury,real,True,sha256:9dc64febec01c93d775dd15a7f2cddb8c9d0ed710f8764fae1e6c52960606e85,source_published_annotation,source_published_annotation_unreviewed
125237.015,212,caught-in/between,accident_type,accident_type,1,caught-in/between,real,True,sha256:9dc64febec01c93d775dd15a7f2cddb8c9d0ed710f8764fae1e6c52960606e85,source_published_annotation,source_published_annotation_unreviewed
123698.015,213,caught-in/between,working_circumstances/construction_trade,construction_trade,1,existing conditions,real,True,sha256:9dc64febec01c93d775dd15a7f2cddb8c9d0ed710f8764fae1e6c52960606e85,source_published_annotation,source_published_annotation_unreviewed
123698.015,213,caught-in/between,consequences/severity,severity,1,non hospitalized injury,real,True,sha256:9dc64febec01c93d775dd15a7f2cddb8c9d0ed710f8764fae1e6c52960606e85,source_published_annotation,source_published_annotation_unreviewed
123698.015,213,caught-in/between,accident_type,accident_type,1,caught-in/between,real,True,sha256:9dc64febec01c93d775dd15a7f2cddb8c9d0ed710f8764fae1e6c52960606e85,source_published_annotation,source_published_annotation_unreviewed
123551.015,214,caught-in/between,working_circumstances/construction_trade,construction_trade,1,utilities,real,True,sha256:9dc64febec01c93d775dd15a7f2cddb8c9d0ed710f8764fae1e6c52960606e85,source_published_annotation,source_published_annotation_unreviewed
123551.015,214,caught-in/between,consequences/severity,severity,1,hospitalized injury,real,True,sha256:9dc64febec01c93d775dd15a7f2cddb8c9d0ed710f8764fae1e6c52960606e85,source_published_annotation,source_published_annotation_unreviewed
123551.015,214,caught-in/between,accident_type,accident_type,1,caught-in/between,real,True,sha256:9dc64febec01c93d775dd15a7f2cddb8c9d0ed710f8764fae1e6c52960606e85,source_published_annotation,source_published_annotation_unreviewed
123234.015,215,struck-by,working_circumstances/construction_trade,construction_trade,1,general requirements,real,True,sha256:9dc64febec01c93d775dd15a7f2cddb8c9d0ed710f8764fae1e6c52960606e85,source_published_annotation,source_published_annotation_unreviewed
123234.015,215,struck-by,consequences/severity,severity,1,fatality,real,True,sha256:9dc64febec01c93d775dd15a7f2cddb8c9d0ed710f8764fae1e6c52960606e85,source_published_annotation,source_published_annotation_unreviewed
123234.015,215,struck-by,accident_type,accident_type,1,struck-by,real,True,sha256:9dc64febec01c93d775dd15a7f2cddb8c9d0ed710f8764fae1e6c52960606e85,source_published_annotation,source_published_annotation_unreviewed
123235.015,216,electrocution,working_circumstances/construction_trade,construction_trade,1,utilities,real,True,sha256:9dc64febec01c93d775dd15a7f2cddb8c9d0ed710f8764fae1e6c52960606e85,source_published_annotation,source_published_annotation_unreviewed
123235.015,216,electrocution,consequences/severity,severity,1,fatality,real,True,sha256:9dc64febec01c93d775dd15a7f2cddb8c9d0ed710f8764fae1e6c52960606e85,source_published_annotation,source_published_annotation_unreviewed
123235.015,216,electrocution,accident_type,accident_type,1,electrocution,real,True,sha256:9dc64febec01c93d775dd15a7f2cddb8c9d0ed710f8764fae1e6c52960606e85,source_published_annotation,source_published_annotation_unreviewed
126255.015,217,caught-in/between,working_circumstances/construction_trade,construction_trade,1,openings,real,True,sha256:9dc64febec01c93d775dd15a7f2cddb8c9d0ed710f8764fae1e6c52960606e85,source_published_annotation,source_published_annotation_unreviewed
126255.015,217,caught-in/between,consequences/severity,severity,1,hospitalized injury,real,True,sha256:9dc64febec01c93d775dd15a7f2cddb8c9d0ed710f8764fae1e6c52960606e85,source_published_annotation,source_published_annotation_unreviewed
126255.015,217,caught-in/between,accident_type,accident_type,1,caught-in/between,real,True,sha256:9dc64febec01c93d775dd15a7f2cddb8c9d0ed710f8764fae1e6c52960606e85,source_published_annotation,source_published_annotation_unreviewed
123826.015,218,fall,working_circumstances/construction_trade,construction_trade,1,finishes,real,True,sha256:9dc64febec01c93d775dd15a7f2cddb8c9d0ed710f8764fae1e6c52960606e85,source_published_annotation,source_published_annotation_unreviewed
123826.015,218,fall,consequences/severity,severity,1,non hospitalized injury,real,True,sha256:9dc64febec01c93d775dd15a7f2cddb8c9d0ed710f8764fae1e6c52960606e85,source_published_annotation,source_published_annotation_unreviewed
123826.015,218,fall,accident_type,accident_type,1,fall,real,True,sha256:9dc64febec01c93d775dd15a7f2cddb8c9d0ed710f8764fae1e6c52960606e85,source_published_annotation,source_published_annotation_unreviewed
123726.015,219,caught-in/between,working_circumstances/construction_trade,construction_trade,1,equipment,real,True,sha256:9dc64febec01c93d775dd15a7f2cddb8c9d0ed710f8764fae1e6c52960606e85,source_published_annotation,source_published_annotation_unreviewed
123726.015,219,caught-in/between,consequences/severity,severity,1,fatality,real,True,sha256:9dc64febec01c93d775dd15a7f2cddb8c9d0ed710f8764fae1e6c52960606e85,source_published_annotation,source_published_annotation_unreviewed
123726.015,219,caught-in/between,accident_type,accident_type,1,caught-in/between,real,True,sha256:9dc64febec01c93d775dd15a7f2cddb8c9d0ed710f8764fae1e6c52960606e85,source_published_annotation,source_published_annotation_unreviewed
126979.015,220,struck-by,working_circumstances/construction_trade,construction_trade,1,general requirements,real,True,sha256:9dc64febec01c93d775dd15a7f2cddb8c9d0ed710f8764fae1e6c52960606e85,source_published_annotation,source_published_annotation_unreviewed
126979.015,220,struck-by,consequences/severity,severity,1,hospitalized injury,real,True,sha256:9dc64febec01c93d775dd15a7f2cddb8c9d0ed710f8764fae1e6c52960606e85,source_published_annotation,source_published_annotation_unreviewed
126979.015,220,struck-by,accident_type,accident_type,1,struck-by,real,True,sha256:9dc64febec01c93d775dd15a7f2cddb8c9d0ed710f8764fae1e6c52960606e85,source_published_annotation,source_published_annotation_unreviewed
123872.015,221,caught-in/between,working_circumstances/construction_trade,construction_trade,1,exterior improvements,real,True,sha256:9dc64febec01c93d775dd15a7f2cddb8c9d0ed710f8764fae1e6c52960606e85,source_published_annotation,source_published_annotation_unreviewed
123872.015,221,caught-in/between,consequences/severity,severity,1,non hospitalized injury,real,True,sha256:9dc64febec01c93d775dd15a7f2cddb8c9d0ed710f8764fae1e6c52960606e85,source_published_annotation,source_published_annotation_unreviewed
123872.015,221,caught-in/between,accident_type,accident_type,1,caught-in/between,real,True,sha256:9dc64febec01c93d775dd15a7f2cddb8c9d0ed710f8764fae1e6c52960606e85,source_published_annotation,source_published_annotation_unreviewed
122294.015,222,electrocution,working_circumstances/construction_trade,construction_trade,1,electrical,real,True,sha256:9dc64febec01c93d775dd15a7f2cddb8c9d0ed710f8764fae1e6c52960606e85,source_published_annotation,source_published_annotation_unreviewed
122294.015,222,electrocution,consequences/severity,severity,1,fatality,real,True,sha256:9dc64febec01c93d775dd15a7f2cddb8c9d0ed710f8764fae1e6c52960606e85,source_published_annotation,source_published_annotation_unreviewed
122294.015,222,electrocution,accident_type,accident_type,1,electrocution,real,True,sha256:9dc64febec01c93d775dd15a7f2cddb8c9d0ed710f8764fae1e6c52960606e85,source_published_annotation,source_published_annotation_unreviewed
122108.015,223,caught-in/between,working_circumstances/construction_trade,construction_trade,1,general requirements,real,True,sha256:9dc64febec01c93d775dd15a7f2cddb8c9d0ed710f8764fae1e6c52960606e85,source_published_annotation,source_published_annotation_unreviewed
122108.015,223,caught-in/between,consequences/severity,severity,1,hospitalized injury,real,True,sha256:9dc64febec01c93d775dd15a7f2cddb8c9d0ed710f8764fae1e6c52960606e85,source_published_annotation,source_published_annotation_unreviewed
122108.015,223,caught-in/between,accident_type,accident_type,1,caught-in/between,real,True,sha256:9dc64febec01c93d775dd15a7f2cddb8c9d0ed710f8764fae1e6c52960606e85,source_published_annotation,source_published_annotation_unreviewed
122216.015,224,struck-by,working_circumstances/construction_trade,construction_trade,1,metals,real,True,sha256:9dc64febec01c93d775dd15a7f2cddb8c9d0ed710f8764fae1e6c52960606e85,source_published_annotation,source_published_annotation_unreviewed
122216.015,224,struck-by,consequences/severity,severity,1,hospitalized injury,real,True,sha256:9dc64febec01c93d775dd15a7f2cddb8c9d0ed710f8764fae1e6c52960606e85,source_published_annotation,source_published_annotation_unreviewed
122216.015,224,struck-by,accident_type,accident_type,1,struck-by,real,True,sha256:9dc64febec01c93d775dd15a7f2cddb8c9d0ed710f8764fae1e6c52960606e85,source_published_annotation,source_published_annotation_unreviewed
125828.015,225,caught-in/between,working_circumstances/construction_trade,construction_trade,1,finishes,real,True,sha256:9dc64febec01c93d775dd15a7f2cddb8c9d0ed710f8764fae1e6c52960606e85,source_published_annotation,source_published_annotation_unreviewed
125828.015,225,caught-in/between,consequences/severity,severity,1,hospitalized injury,real,True,sha256:9dc64febec01c93d775dd15a7f2cddb8c9d0ed710f8764fae1e6c52960606e85,source_published_annotation,source_published_annotation_unreviewed
125828.015,225,caught-in/between,accident_type,accident_type,1,caught-in/between,real,True,sha256:9dc64febec01c93d775dd15a7f2cddb8c9d0ed710f8764fae1e6c52960606e85,source_published_annotation,source_published_annotation_unreviewed
122833.015,226,caught-in/between,working_circumstances/construction_trade,construction_trade,1,exterior improvements,real,True,sha256:9dc64febec01c93d775dd15a7f2cddb8c9d0ed710f8764fae1e6c52960606e85,source_published_annotation,source_published_annotation_unreviewed
122833.015,226,caught-in/between,consequences/severity,severity,1,hospitalized injury,real,True,sha256:9dc64febec01c93d775dd15a7f2cddb8c9d0ed710f8764fae1e6c52960606e85,source_published_annotation,source_published_annotation_unreviewed
122833.015,226,caught-in/between,accident_type,accident_type,1,caught-in/between,real,True,sha256:9dc64febec01c93d775dd15a7f2cddb8c9d0ed710f8764fae1e6c52960606e85,source_published_annotation,source_published_annotation_unreviewed
125370.015,227,struck-by,working_circumstances/construction_trade,construction_trade,1,"wood, plastics, and composites",real,True,sha256:9dc64febec01c93d775dd15a7f2cddb8c9d0ed710f8764fae1e6c52960606e85,source_published_annotation,source_published_annotation_unreviewed
125370.015,227,struck-by,accident_type,accident_type,1,struck-by,real,True,sha256:9dc64febec01c93d775dd15a7f2cddb8c9d0ed710f8764fae1e6c52960606e85,source_published_annotation,source_published_annotation_unreviewed
126745.015,228,caught-in/between,working_circumstances/construction_trade,construction_trade,1,earthwork,real,True,sha256:9dc64febec01c93d775dd15a7f2cddb8c9d0ed710f8764fae1e6c52960606e85,source_published_annotation,source_published_annotation_unreviewed
126745.015,228,caught-in/between,consequences/severity,severity,1,hospitalized injury,real,True,sha256:9dc64febec01c93d775dd15a7f2cddb8c9d0ed710f8764fae1e6c52960606e85,source_published_annotation,source_published_annotation_unreviewed
126745.015,228,caught-in/between,accident_type,accident_type,1,caught-in/between,real,True,sha256:9dc64febec01c93d775dd15a7f2cddb8c9d0ed710f8764fae1e6c52960606e85,source_published_annotation,source_published_annotation_unreviewed
121680.015,229,caught-in/between,working_circumstances/construction_trade,construction_trade,1,utilities,real,True,sha256:9dc64febec01c93d775dd15a7f2cddb8c9d0ed710f8764fae1e6c52960606e85,source_published_annotation,source_published_annotation_unreviewed
121680.015,229,caught-in/between,consequences/severity,severity,1,hospitalized injury,real,True,sha256:9dc64febec01c93d775dd15a7f2cddb8c9d0ed710f8764fae1e6c52960606e85,source_published_annotation,source_published_annotation_unreviewed
121680.015,229,caught-in/between,accident_type,accident_type,1,caught-in/between,real,True,sha256:9dc64febec01c93d775dd15a7f2cddb8c9d0ed710f8764fae1e6c52960606e85,source_published_annotation,source_published_annotation_unreviewed
125407.015,230,struck-by,working_circumstances/construction_trade,construction_trade,1,"wood, plastics, and composites",real,True,sha256:9dc64febec01c93d775dd15a7f2cddb8c9d0ed710f8764fae1e6c52960606e85,source_published_annotation,source_published_annotation_unreviewed
125407.015,230,struck-by,consequences/severity,severity,1,hospitalized injury,real,True,sha256:9dc64febec01c93d775dd15a7f2cddb8c9d0ed710f8764fae1e6c52960606e85,source_published_annotation,source_published_annotation_unreviewed
125407.015,230,struck-by,accident_type,accident_type,1,struck-by,real,True,sha256:9dc64febec01c93d775dd15a7f2cddb8c9d0ed710f8764fae1e6c52960606e85,source_published_annotation,source_published_annotation_unreviewed
125941.015,231,struck-by,working_circumstances/construction_trade,construction_trade,1,concrete,real,True,sha256:9dc64febec01c93d775dd15a7f2cddb8c9d0ed710f8764fae1e6c52960606e85,source_published_annotation,source_published_annotation_unreviewed
125941.015,231,struck-by,consequences/severity,severity,1,hospitalized injury,real,True,sha256:9dc64febec01c93d775dd15a7f2cddb8c9d0ed710f8764fae1e6c52960606e85,source_published_annotation,source_published_annotation_unreviewed
125941.015,231,struck-by,accident_type,accident_type,1,struck-by,real,True,sha256:9dc64febec01c93d775dd15a7f2cddb8c9d0ed710f8764fae1e6c52960606e85,source_published_annotation,source_published_annotation_unreviewed
125381.015,232,caught-in/between,working_circumstances/construction_trade,construction_trade,1,"wood, plastics, and composites",real,True,sha256:9dc64febec01c93d775dd15a7f2cddb8c9d0ed710f8764fae1e6c52960606e85,source_published_annotation,source_published_annotation_unreviewed
125381.015,232,caught-in/between,consequences/severity,severity,1,hospitalized injury,real,True,sha256:9dc64febec01c93d775dd15a7f2cddb8c9d0ed710f8764fae1e6c52960606e85,source_published_annotation,source_published_annotation_unreviewed
125381.015,232,caught-in/between,accident_type,accident_type,1,caught-in/between,real,True,sha256:9dc64febec01c93d775dd15a7f2cddb8c9d0ed710f8764fae1e6c52960606e85,source_published_annotation,source_published_annotation_unreviewed
121135.015,233,struck-by,working_circumstances/construction_trade,construction_trade,1,"wood, plastics, and composites",real,True,sha256:9dc64febec01c93d775dd15a7f2cddb8c9d0ed710f8764fae1e6c52960606e85,source_published_annotation,source_published_annotation_unreviewed
121135.015,233,struck-by,consequences/severity,severity,1,hospitalized injury,real,True,sha256:9dc64febec01c93d775dd15a7f2cddb8c9d0ed710f8764fae1e6c52960606e85,source_published_annotation,source_published_annotation_unreviewed
121135.015,233,struck-by,accident_type,accident_type,1,struck-by,real,True,sha256:9dc64febec01c93d775dd15a7f2cddb8c9d0ed710f8764fae1e6c52960606e85,source_published_annotation,source_published_annotation_unreviewed
121564.015,234,caught-in/between,working_circumstances/construction_trade,construction_trade,1,finishes,real,True,sha256:9dc64febec01c93d775dd15a7f2cddb8c9d0ed710f8764fae1e6c52960606e85,source_published_annotation,source_published_annotation_unreviewed
121564.015,234,caught-in/between,consequences/severity,severity,1,hospitalized injury,real,True,sha256:9dc64febec01c93d775dd15a7f2cddb8c9d0ed710f8764fae1e6c52960606e85,source_published_annotation,source_published_annotation_unreviewed
121564.015,234,caught-in/between,accident_type,accident_type,1,caught-in/between,real,True,sha256:9dc64febec01c93d775dd15a7f2cddb8c9d0ed710f8764fae1e6c52960606e85,source_published_annotation,source_published_annotation_unreviewed
121365.015,235,caught-in/between,working_circumstances/construction_trade,construction_trade,1,concrete,real,True,sha256:9dc64febec01c93d775dd15a7f2cddb8c9d0ed710f8764fae1e6c52960606e85,source_published_annotation,source_published_annotation_unreviewed
121365.015,235,caught-in/between,consequences/severity,severity,1,hospitalized injury,real,True,sha256:9dc64febec01c93d775dd15a7f2cddb8c9d0ed710f8764fae1e6c52960606e85,source_published_annotation,source_published_annotation_unreviewed
121365.015,235,caught-in/between,accident_type,accident_type,1,caught-in/between,real,True,sha256:9dc64febec01c93d775dd15a7f2cddb8c9d0ed710f8764fae1e6c52960606e85,source_published_annotation,source_published_annotation_unreviewed
121278.015,236,struck-by,working_circumstances/construction_trade,construction_trade,1,utilities,real,True,sha256:9dc64febec01c93d775dd15a7f2cddb8c9d0ed710f8764fae1e6c52960606e85,source_published_annotation,source_published_annotation_unreviewed
121278.015,236,struck-by,consequences/severity,severity,1,hospitalized injury,real,True,sha256:9dc64febec01c93d775dd15a7f2cddb8c9d0ed710f8764fae1e6c52960606e85,source_published_annotation,source_published_annotation_unreviewed
121278.015,236,struck-by,accident_type,accident_type,1,struck-by,real,True,sha256:9dc64febec01c93d775dd15a7f2cddb8c9d0ed710f8764fae1e6c52960606e85,source_published_annotation,source_published_annotation_unreviewed
120592.015,237,struck-by,working_circumstances/construction_trade,construction_trade,1,equipment,real,True,sha256:9dc64febec01c93d775dd15a7f2cddb8c9d0ed710f8764fae1e6c52960606e85,source_published_annotation,source_published_annotation_unreviewed
120592.015,237,struck-by,consequences/severity,severity,1,fatality,real,True,sha256:9dc64febec01c93d775dd15a7f2cddb8c9d0ed710f8764fae1e6c52960606e85,source_published_annotation,source_published_annotation_unreviewed
120592.015,237,struck-by,accident_type,accident_type,1,struck-by,real,True,sha256:9dc64febec01c93d775dd15a7f2cddb8c9d0ed710f8764fae1e6c52960606e85,source_published_annotation,source_published_annotation_unreviewed
120728.015,238,caught-in/between,working_circumstances/construction_trade,construction_trade,1,"wood, plastics, and composites",real,True,sha256:9dc64febec01c93d775dd15a7f2cddb8c9d0ed710f8764fae1e6c52960606e85,source_published_annotation,source_published_annotation_unreviewed
120728.015,238,caught-in/between,consequences/severity,severity,1,hospitalized injury,real,True,sha256:9dc64febec01c93d775dd15a7f2cddb8c9d0ed710f8764fae1e6c52960606e85,source_published_annotation,source_published_annotation_unreviewed
120728.015,238,caught-in/between,accident_type,accident_type,1,caught-in/between,real,True,sha256:9dc64febec01c93d775dd15a7f2cddb8c9d0ed710f8764fae1e6c52960606e85,source_published_annotation,source_published_annotation_unreviewed
120424.015,239,electrocution,working_circumstances/construction_trade,construction_trade,1,concrete,real,True,sha256:9dc64febec01c93d775dd15a7f2cddb8c9d0ed710f8764fae1e6c52960606e85,source_published_annotation,source_published_annotation_unreviewed
120424.015,239,electrocution,consequences/severity,severity,1,fatality,real,True,sha256:9dc64febec01c93d775dd15a7f2cddb8c9d0ed710f8764fae1e6c52960606e85,source_published_annotation,source_published_annotation_unreviewed
120424.015,239,electrocution,accident_type,accident_type,1,electrocution,real,True,sha256:9dc64febec01c93d775dd15a7f2cddb8c9d0ed710f8764fae1e6c52960606e85,source_published_annotation,source_published_annotation_unreviewed
120425.015,240,electrocution,working_circumstances/construction_trade,construction_trade,1,thermal and moisture protection,real,True,sha256:9dc64febec01c93d775dd15a7f2cddb8c9d0ed710f8764fae1e6c52960606e85,source_published_annotation,source_published_annotation_unreviewed
120425.015,240,electrocution,consequences/severity,severity,1,fatality,real,True,sha256:9dc64febec01c93d775dd15a7f2cddb8c9d0ed710f8764fae1e6c52960606e85,source_published_annotation,source_published_annotation_unreviewed
120425.015,240,electrocution,accident_type,accident_type,1,electrocution,real,True,sha256:9dc64febec01c93d775dd15a7f2cddb8c9d0ed710f8764fae1e6c52960606e85,source_published_annotation,source_published_annotation_unreviewed
119942.015,241,caught-in/between,working_circumstances/construction_trade,construction_trade,1,utilities,real,True,sha256:9dc64febec01c93d775dd15a7f2cddb8c9d0ed710f8764fae1e6c52960606e85,source_published_annotation,source_published_annotation_unreviewed
119942.015,241,caught-in/between,consequences/severity,severity,1,hospitalized injury,real,True,sha256:9dc64febec01c93d775dd15a7f2cddb8c9d0ed710f8764fae1e6c52960606e85,source_published_annotation,source_published_annotation_unreviewed
119942.015,241,caught-in/between,accident_type,accident_type,1,caught-in/between,real,True,sha256:9dc64febec01c93d775dd15a7f2cddb8c9d0ed710f8764fae1e6c52960606e85,source_published_annotation,source_published_annotation_unreviewed
119641.015,242,caught-in/between,working_circumstances/construction_trade,construction_trade,1,earthwork,real,True,sha256:9dc64febec01c93d775dd15a7f2cddb8c9d0ed710f8764fae1e6c52960606e85,source_published_annotation,source_published_annotation_unreviewed
119641.015,242,caught-in/between,consequences/severity,severity,1,hospitalized injury,real,True,sha256:9dc64febec01c93d775dd15a7f2cddb8c9d0ed710f8764fae1e6c52960606e85,source_published_annotation,source_published_annotation_unreviewed
119641.015,242,caught-in/between,accident_type,accident_type,1,caught-in/between,real,True,sha256:9dc64febec01c93d775dd15a7f2cddb8c9d0ed710f8764fae1e6c52960606e85,source_published_annotation,source_published_annotation_unreviewed
124340.015,243,struck-by,working_circumstances/construction_trade,construction_trade,1,concrete,real,True,sha256:9dc64febec01c93d775dd15a7f2cddb8c9d0ed710f8764fae1e6c52960606e85,source_published_annotation,source_published_annotation_unreviewed
124340.015,243,struck-by,consequences/severity,severity,1,hospitalized injury,real,True,sha256:9dc64febec01c93d775dd15a7f2cddb8c9d0ed710f8764fae1e6c52960606e85,source_published_annotation,source_published_annotation_unreviewed
124340.015,243,struck-by,accident_type,accident_type,1,struck-by,real,True,sha256:9dc64febec01c93d775dd15a7f2cddb8c9d0ed710f8764fae1e6c52960606e85,source_published_annotation,source_published_annotation_unreviewed
124254.015,244,electrocution,working_circumstances/construction_trade,construction_trade,1,electrical,real,True,sha256:9dc64febec01c93d775dd15a7f2cddb8c9d0ed710f8764fae1e6c52960606e85,source_published_annotation,source_published_annotation_unreviewed
124254.015,244,electrocution,consequences/severity,severity,1,hospitalized injury,real,True,sha256:9dc64febec01c93d775dd15a7f2cddb8c9d0ed710f8764fae1e6c52960606e85,source_published_annotation,source_published_annotation_unreviewed
124254.015,244,electrocution,accident_type,accident_type,1,electrocution,real,True,sha256:9dc64febec01c93d775dd15a7f2cddb8c9d0ed710f8764fae1e6c52960606e85,source_published_annotation,source_published_annotation_unreviewed
123365.015,245,caught-in/between,working_circumstances/construction_trade,construction_trade,1,utilities,real,True,sha256:9dc64febec01c93d775dd15a7f2cddb8c9d0ed710f8764fae1e6c52960606e85,source_published_annotation,source_published_annotation_unreviewed
123365.015,245,caught-in/between,consequences/severity,severity,1,non hospitalized injury,real,True,sha256:9dc64febec01c93d775dd15a7f2cddb8c9d0ed710f8764fae1e6c52960606e85,source_published_annotation,source_published_annotation_unreviewed
123365.015,245,caught-in/between,accident_type,accident_type,1,caught-in/between,real,True,sha256:9dc64febec01c93d775dd15a7f2cddb8c9d0ed710f8764fae1e6c52960606e85,source_published_annotation,source_published_annotation_unreviewed
120430.015,246,electrocution,working_circumstances/construction_trade,construction_trade,1,electrical,real,True,sha256:9dc64febec01c93d775dd15a7f2cddb8c9d0ed710f8764fae1e6c52960606e85,source_published_annotation,source_published_annotation_unreviewed
120430.015,246,electrocution,consequences/severity,severity,1,fatality,real,True,sha256:9dc64febec01c93d775dd15a7f2cddb8c9d0ed710f8764fae1e6c52960606e85,source_published_annotation,source_published_annotation_unreviewed
120430.015,246,electrocution,accident_type,accident_type,1,electrocution,real,True,sha256:9dc64febec01c93d775dd15a7f2cddb8c9d0ed710f8764fae1e6c52960606e85,source_published_annotation,source_published_annotation_unreviewed
122062.015,247,struck-by,working_circumstances/construction_trade,construction_trade,1,"wood, plastics, and composites",real,True,sha256:9dc64febec01c93d775dd15a7f2cddb8c9d0ed710f8764fae1e6c52960606e85,source_published_annotation,source_published_annotation_unreviewed
122062.015,247,struck-by,consequences/severity,severity,1,hospitalized injury,real,True,sha256:9dc64febec01c93d775dd15a7f2cddb8c9d0ed710f8764fae1e6c52960606e85,source_published_annotation,source_published_annotation_unreviewed
122062.015,247,struck-by,accident_type,accident_type,1,struck-by,real,True,sha256:9dc64febec01c93d775dd15a7f2cddb8c9d0ed710f8764fae1e6c52960606e85,source_published_annotation,source_published_annotation_unreviewed
118959.015,248,caught-in/between,working_circumstances/construction_trade,construction_trade,1,utilities,real,True,sha256:9dc64febec01c93d775dd15a7f2cddb8c9d0ed710f8764fae1e6c52960606e85,source_published_annotation,source_published_annotation_unreviewed
118959.015,248,caught-in/between,consequences/severity,severity,1,hospitalized injury,real,True,sha256:9dc64febec01c93d775dd15a7f2cddb8c9d0ed710f8764fae1e6c52960606e85,source_published_annotation,source_published_annotation_unreviewed
118959.015,248,caught-in/between,accident_type,accident_type,1,caught-in/between,real,True,sha256:9dc64febec01c93d775dd15a7f2cddb8c9d0ed710f8764fae1e6c52960606e85,source_published_annotation,source_published_annotation_unreviewed
119244.015,249,struck-by,working_circumstances/construction_trade,construction_trade,1,concrete,real,True,sha256:9dc64febec01c93d775dd15a7f2cddb8c9d0ed710f8764fae1e6c52960606e85,source_published_annotation,source_published_annotation_unreviewed
119244.015,249,struck-by,consequences/severity,severity,1,hospitalized injury,real,True,sha256:9dc64febec01c93d775dd15a7f2cddb8c9d0ed710f8764fae1e6c52960606e85,source_published_annotation,source_published_annotation_unreviewed
119244.015,249,struck-by,accident_type,accident_type,1,struck-by,real,True,sha256:9dc64febec01c93d775dd15a7f2cddb8c9d0ed710f8764fae1e6c52960606e85,source_published_annotation,source_published_annotation_unreviewed
119120.015,250,struck-by,working_circumstances/construction_trade,construction_trade,1,exterior improvements,real,True,sha256:9dc64febec01c93d775dd15a7f2cddb8c9d0ed710f8764fae1e6c52960606e85,source_published_annotation,source_published_annotation_unreviewed
119120.015,250,struck-by,consequences/severity,severity,1,hospitalized injury,real,True,sha256:9dc64febec01c93d775dd15a7f2cddb8c9d0ed710f8764fae1e6c52960606e85,source_published_annotation,source_published_annotation_unreviewed
119120.015,250,struck-by,accident_type,accident_type,1,struck-by,real,True,sha256:9dc64febec01c93d775dd15a7f2cddb8c9d0ed710f8764fae1e6c52960606e85,source_published_annotation,source_published_annotation_unreviewed
118857.015,251,struck-by,working_circumstances/construction_trade,construction_trade,1,thermal and moisture protection,real,True,sha256:9dc64febec01c93d775dd15a7f2cddb8c9d0ed710f8764fae1e6c52960606e85,source_published_annotation,source_published_annotation_unreviewed
118857.015,251,struck-by,consequences/severity,severity,1,fatality,real,True,sha256:9dc64febec01c93d775dd15a7f2cddb8c9d0ed710f8764fae1e6c52960606e85,source_published_annotation,source_published_annotation_unreviewed
118857.015,251,struck-by,accident_type,accident_type,1,struck-by,real,True,sha256:9dc64febec01c93d775dd15a7f2cddb8c9d0ed710f8764fae1e6c52960606e85,source_published_annotation,source_published_annotation_unreviewed
118894.015,252,struck-by,working_circumstances/construction_trade,construction_trade,1,"wood, plastics, and composites",real,True,sha256:9dc64febec01c93d775dd15a7f2cddb8c9d0ed710f8764fae1e6c52960606e85,source_published_annotation,source_published_annotation_unreviewed
118894.015,252,struck-by,consequences/severity,severity,1,hospitalized injury,real,True,sha256:9dc64febec01c93d775dd15a7f2cddb8c9d0ed710f8764fae1e6c52960606e85,source_published_annotation,source_published_annotation_unreviewed
118894.015,252,struck-by,accident_type,accident_type,1,struck-by,real,True,sha256:9dc64febec01c93d775dd15a7f2cddb8c9d0ed710f8764fae1e6c52960606e85,source_published_annotation,source_published_annotation_unreviewed
118873.015,253,electrocution,working_circumstances/construction_trade,construction_trade,1,electrical,real,True,sha256:9dc64febec01c93d775dd15a7f2cddb8c9d0ed710f8764fae1e6c52960606e85,source_published_annotation,source_published_annotation_unreviewed
118873.015,253,electrocution,consequences/severity,severity,1,hospitalized injury,real,True,sha256:9dc64febec01c93d775dd15a7f2cddb8c9d0ed710f8764fae1e6c52960606e85,source_published_annotation,source_published_annotation_unreviewed
118873.015,253,electrocution,accident_type,accident_type,1,electrocution,real,True,sha256:9dc64febec01c93d775dd15a7f2cddb8c9d0ed710f8764fae1e6c52960606e85,source_published_annotation,source_published_annotation_unreviewed
118590.015,254,electrocution,working_circumstances/construction_trade,construction_trade,1,exterior improvements,real,True,sha256:9dc64febec01c93d775dd15a7f2cddb8c9d0ed710f8764fae1e6c52960606e85,source_published_annotation,source_published_annotation_unreviewed
118590.015,254,electrocution,consequences/severity,severity,1,fatality,real,True,sha256:9dc64febec01c93d775dd15a7f2cddb8c9d0ed710f8764fae1e6c52960606e85,source_published_annotation,source_published_annotation_unreviewed
118590.015,254,electrocution,accident_type,accident_type,1,electrocution,real,True,sha256:9dc64febec01c93d775dd15a7f2cddb8c9d0ed710f8764fae1e6c52960606e85,source_published_annotation,source_published_annotation_unreviewed
118623.015,255,electrocution,working_circumstances/construction_trade,construction_trade,1,electrical,real,True,sha256:9dc64febec01c93d775dd15a7f2cddb8c9d0ed710f8764fae1e6c52960606e85,source_published_annotation,source_published_annotation_unreviewed
118623.015,255,electrocution,consequences/severity,severity,1,fatality,real,True,sha256:9dc64febec01c93d775dd15a7f2cddb8c9d0ed710f8764fae1e6c52960606e85,source_published_annotation,source_published_annotation_unreviewed
118623.015,255,electrocution,accident_type,accident_type,1,electrocution,real,True,sha256:9dc64febec01c93d775dd15a7f2cddb8c9d0ed710f8764fae1e6c52960606e85,source_published_annotation,source_published_annotation_unreviewed
118869.015,256,struck-by,working_circumstances/construction_trade,construction_trade,1,"wood, plastics, and composites",real,True,sha256:9dc64febec01c93d775dd15a7f2cddb8c9d0ed710f8764fae1e6c52960606e85,source_published_annotation,source_published_annotation_unreviewed
118869.015,256,struck-by,consequences/severity,severity,1,fatality,real,True,sha256:9dc64febec01c93d775dd15a7f2cddb8c9d0ed710f8764fae1e6c52960606e85,source_published_annotation,source_published_annotation_unreviewed
118869.015,256,struck-by,accident_type,accident_type,1,struck-by,real,True,sha256:9dc64febec01c93d775dd15a7f2cddb8c9d0ed710f8764fae1e6c52960606e85,source_published_annotation,source_published_annotation_unreviewed
118621.015,257,struck-by,working_circumstances/construction_trade,construction_trade,1,earthwork,real,True,sha256:9dc64febec01c93d775dd15a7f2cddb8c9d0ed710f8764fae1e6c52960606e85,source_published_annotation,source_published_annotation_unreviewed
118621.015,257,struck-by,consequences/severity,severity,1,fatality,real,True,sha256:9dc64febec01c93d775dd15a7f2cddb8c9d0ed710f8764fae1e6c52960606e85,source_published_annotation,source_published_annotation_unreviewed
118621.015,257,struck-by,accident_type,accident_type,1,struck-by,real,True,sha256:9dc64febec01c93d775dd15a7f2cddb8c9d0ed710f8764fae1e6c52960606e85,source_published_annotation,source_published_annotation_unreviewed
117915.015,258,struck-by,working_circumstances/construction_trade,construction_trade,1,special construction,real,True,sha256:9dc64febec01c93d775dd15a7f2cddb8c9d0ed710f8764fae1e6c52960606e85,source_published_annotation,source_published_annotation_unreviewed
117915.015,258,struck-by,consequences/severity,severity,1,fatality,real,True,sha256:9dc64febec01c93d775dd15a7f2cddb8c9d0ed710f8764fae1e6c52960606e85,source_published_annotation,source_published_annotation_unreviewed
117915.015,258,struck-by,accident_type,accident_type,1,struck-by,real,True,sha256:9dc64febec01c93d775dd15a7f2cddb8c9d0ed710f8764fae1e6c52960606e85,source_published_annotation,source_published_annotation_unreviewed
117799.015,259,struck-by,working_circumstances/construction_trade,construction_trade,1,utilities,real,True,sha256:9dc64febec01c93d775dd15a7f2cddb8c9d0ed710f8764fae1e6c52960606e85,source_published_annotation,source_published_annotation_unreviewed
117799.015,259,struck-by,consequences/severity,severity,1,hospitalized injury,real,True,sha256:9dc64febec01c93d775dd15a7f2cddb8c9d0ed710f8764fae1e6c52960606e85,source_published_annotation,source_published_annotation_unreviewed
117799.015,259,struck-by,accident_type,accident_type,1,struck-by,real,True,sha256:9dc64febec01c93d775dd15a7f2cddb8c9d0ed710f8764fae1e6c52960606e85,source_published_annotation,source_published_annotation_unreviewed
117789.015,260,electrocution,working_circumstances/construction_trade,construction_trade,1,electrical,real,True,sha256:9dc64febec01c93d775dd15a7f2cddb8c9d0ed710f8764fae1e6c52960606e85,source_published_annotation,source_published_annotation_unreviewed
117789.015,260,electrocution,consequences/severity,severity,1,hospitalized injury,real,True,sha256:9dc64febec01c93d775dd15a7f2cddb8c9d0ed710f8764fae1e6c52960606e85,source_published_annotation,source_published_annotation_unreviewed
117789.015,260,electrocution,accident_type,accident_type,1,electrocution,real,True,sha256:9dc64febec01c93d775dd15a7f2cddb8c9d0ed710f8764fae1e6c52960606e85,source_published_annotation,source_published_annotation_unreviewed
121312.015,261,struck-by,working_circumstances/construction_trade,construction_trade,1,thermal and moisture protection,real,True,sha256:9dc64febec01c93d775dd15a7f2cddb8c9d0ed710f8764fae1e6c52960606e85,source_published_annotation,source_published_annotation_unreviewed
121312.015,261,struck-by,consequences/severity,severity,1,hospitalized injury,real,True,sha256:9dc64febec01c93d775dd15a7f2cddb8c9d0ed710f8764fae1e6c52960606e85,source_published_annotation,source_published_annotation_unreviewed
121312.015,261,struck-by,accident_type,accident_type,1,struck-by,real,True,sha256:9dc64febec01c93d775dd15a7f2cddb8c9d0ed710f8764fae1e6c52960606e85,source_published_annotation,source_published_annotation_unreviewed
117429.015,262,electrocution,working_circumstances/construction_trade,construction_trade,1,utilities,real,True,sha256:9dc64febec01c93d775dd15a7f2cddb8c9d0ed710f8764fae1e6c52960606e85,source_published_annotation,source_published_annotation_unreviewed
117429.015,262,electrocution,consequences/severity,severity,1,hospitalized injury,real,True,sha256:9dc64febec01c93d775dd15a7f2cddb8c9d0ed710f8764fae1e6c52960606e85,source_published_annotation,source_published_annotation_unreviewed
117429.015,262,electrocution,accident_type,accident_type,1,electrocution,real,True,sha256:9dc64febec01c93d775dd15a7f2cddb8c9d0ed710f8764fae1e6c52960606e85,source_published_annotation,source_published_annotation_unreviewed
117191.015,263,electrocution,working_circumstances/construction_trade,construction_trade,1,electrical,real,True,sha256:9dc64febec01c93d775dd15a7f2cddb8c9d0ed710f8764fae1e6c52960606e85,source_published_annotation,source_published_annotation_unreviewed
117191.015,263,electrocution,consequences/severity,severity,1,fatality,real,True,sha256:9dc64febec01c93d775dd15a7f2cddb8c9d0ed710f8764fae1e6c52960606e85,source_published_annotation,source_published_annotation_unreviewed
117191.015,263,electrocution,accident_type,accident_type,1,electrocution,real,True,sha256:9dc64febec01c93d775dd15a7f2cddb8c9d0ed710f8764fae1e6c52960606e85,source_published_annotation,source_published_annotation_unreviewed
117574.015,264,struck-by,working_circumstances/construction_trade,construction_trade,1,exterior improvements,real,True,sha256:9dc64febec01c93d775dd15a7f2cddb8c9d0ed710f8764fae1e6c52960606e85,source_published_annotation,source_published_annotation_unreviewed
117574.015,264,struck-by,consequences/severity,severity,1,hospitalized injury,real,True,sha256:9dc64febec01c93d775dd15a7f2cddb8c9d0ed710f8764fae1e6c52960606e85,source_published_annotation,source_published_annotation_unreviewed
117574.015,264,struck-by,accident_type,accident_type,1,struck-by,real,True,sha256:9dc64febec01c93d775dd15a7f2cddb8c9d0ed710f8764fae1e6c52960606e85,source_published_annotation,source_published_annotation_unreviewed
120362.015,265,electrocution,working_circumstances/construction_trade,construction_trade,1,thermal and moisture protection,real,True,sha256:9dc64febec01c93d775dd15a7f2cddb8c9d0ed710f8764fae1e6c52960606e85,source_published_annotation,source_published_annotation_unreviewed
120362.015,265,electrocution,consequences/severity,severity,1,hospitalized injury,real,True,sha256:9dc64febec01c93d775dd15a7f2cddb8c9d0ed710f8764fae1e6c52960606e85,source_published_annotation,source_published_annotation_unreviewed
120362.015,265,electrocution,accident_type,accident_type,1,electrocution,real,True,sha256:9dc64febec01c93d775dd15a7f2cddb8c9d0ed710f8764fae1e6c52960606e85,source_published_annotation,source_published_annotation_unreviewed
117060.015,266,struck-by,working_circumstances/construction_trade,construction_trade,1,exterior improvements,real,True,sha256:9dc64febec01c93d775dd15a7f2cddb8c9d0ed710f8764fae1e6c52960606e85,source_published_annotation,source_published_annotation_unreviewed
117060.015,266,struck-by,consequences/severity,severity,1,hospitalized injury,real,True,sha256:9dc64febec01c93d775dd15a7f2cddb8c9d0ed710f8764fae1e6c52960606e85,source_published_annotation,source_published_annotation_unreviewed
117060.015,266,struck-by,accident_type,accident_type,1,struck-by,real,True,sha256:9dc64febec01c93d775dd15a7f2cddb8c9d0ed710f8764fae1e6c52960606e85,source_published_annotation,source_published_annotation_unreviewed
116744.015,267,electrocution,working_circumstances/construction_trade,construction_trade,1,electrical,real,True,sha256:9dc64febec01c93d775dd15a7f2cddb8c9d0ed710f8764fae1e6c52960606e85,source_published_annotation,source_published_annotation_unreviewed
116744.015,267,electrocution,consequences/severity,severity,1,fatality,real,True,sha256:9dc64febec01c93d775dd15a7f2cddb8c9d0ed710f8764fae1e6c52960606e85,source_published_annotation,source_published_annotation_unreviewed
116744.015,267,electrocution,accident_type,accident_type,1,electrocution,real,True,sha256:9dc64febec01c93d775dd15a7f2cddb8c9d0ed710f8764fae1e6c52960606e85,source_published_annotation,source_published_annotation_unreviewed
121644.015,268,electrocution,working_circumstances/construction_trade,construction_trade,1,electrical,real,True,sha256:9dc64febec01c93d775dd15a7f2cddb8c9d0ed710f8764fae1e6c52960606e85,source_published_annotation,source_published_annotation_unreviewed
121644.015,268,electrocution,consequences/severity,severity,1,hospitalized injury,real,True,sha256:9dc64febec01c93d775dd15a7f2cddb8c9d0ed710f8764fae1e6c52960606e85,source_published_annotation,source_published_annotation_unreviewed
121644.015,268,electrocution,accident_type,accident_type,1,electrocution,real,True,sha256:9dc64febec01c93d775dd15a7f2cddb8c9d0ed710f8764fae1e6c52960606e85,source_published_annotation,source_published_annotation_unreviewed
116832.015,269,electrocution,working_circumstances/construction_trade,construction_trade,1,electrical,real,True,sha256:9dc64febec01c93d775dd15a7f2cddb8c9d0ed710f8764fae1e6c52960606e85,source_published_annotation,source_published_annotation_unreviewed
116832.015,269,electrocution,consequences/severity,severity,1,hospitalized injury,real,True,sha256:9dc64febec01c93d775dd15a7f2cddb8c9d0ed710f8764fae1e6c52960606e85,source_published_annotation,source_published_annotation_unreviewed
116832.015,269,electrocution,accident_type,accident_type,1,electrocution,real,True,sha256:9dc64febec01c93d775dd15a7f2cddb8c9d0ed710f8764fae1e6c52960606e85,source_published_annotation,source_published_annotation_unreviewed
117430.015,270,struck-by,working_circumstances/construction_trade,construction_trade,1,exterior improvements,real,True,sha256:9dc64febec01c93d775dd15a7f2cddb8c9d0ed710f8764fae1e6c52960606e85,source_published_annotation,source_published_annotation_unreviewed
117430.015,270,struck-by,consequences/severity,severity,1,hospitalized injury,real,True,sha256:9dc64febec01c93d775dd15a7f2cddb8c9d0ed710f8764fae1e6c52960606e85,source_published_annotation,source_published_annotation_unreviewed
117430.015,270,struck-by,accident_type,accident_type,1,struck-by,real,True,sha256:9dc64febec01c93d775dd15a7f2cddb8c9d0ed710f8764fae1e6c52960606e85,source_published_annotation,source_published_annotation_unreviewed
117029.015,271,struck-by,working_circumstances/construction_trade,construction_trade,1,plumbing,real,True,sha256:9dc64febec01c93d775dd15a7f2cddb8c9d0ed710f8764fae1e6c52960606e85,source_published_annotation,source_published_annotation_unreviewed
117029.015,271,struck-by,consequences/severity,severity,1,hospitalized injury,real,True,sha256:9dc64febec01c93d775dd15a7f2cddb8c9d0ed710f8764fae1e6c52960606e85,source_published_annotation,source_published_annotation_unreviewed
117029.015,271,struck-by,accident_type,accident_type,1,struck-by,real,True,sha256:9dc64febec01c93d775dd15a7f2cddb8c9d0ed710f8764fae1e6c52960606e85,source_published_annotation,source_published_annotation_unreviewed
120287.015,272,struck-by,working_circumstances/construction_trade,construction_trade,1,plumbing,real,True,sha256:9dc64febec01c93d775dd15a7f2cddb8c9d0ed710f8764fae1e6c52960606e85,source_published_annotation,source_published_annotation_unreviewed
120287.015,272,struck-by,consequences/severity,severity,1,hospitalized injury,real,True,sha256:9dc64febec01c93d775dd15a7f2cddb8c9d0ed710f8764fae1e6c52960606e85,source_published_annotation,source_published_annotation_unreviewed
120287.015,272,struck-by,accident_type,accident_type,1,struck-by,real,True,sha256:9dc64febec01c93d775dd15a7f2cddb8c9d0ed710f8764fae1e6c52960606e85,source_published_annotation,source_published_annotation_unreviewed
121637.015,273,struck-by,working_circumstances/construction_trade,construction_trade,1,metals,real,True,sha256:9dc64febec01c93d775dd15a7f2cddb8c9d0ed710f8764fae1e6c52960606e85,source_published_annotation,source_published_annotation_unreviewed
121637.015,273,struck-by,consequences/severity,severity,1,hospitalized injury,real,True,sha256:9dc64febec01c93d775dd15a7f2cddb8c9d0ed710f8764fae1e6c52960606e85,source_published_annotation,source_published_annotation_unreviewed
121637.015,273,struck-by,accident_type,accident_type,1,struck-by,real,True,sha256:9dc64febec01c93d775dd15a7f2cddb8c9d0ed710f8764fae1e6c52960606e85,source_published_annotation,source_published_annotation_unreviewed
116346.015,274,struck-by,working_circumstances/construction_trade,construction_trade,1,exterior improvements,real,True,sha256:9dc64febec01c93d775dd15a7f2cddb8c9d0ed710f8764fae1e6c52960606e85,source_published_annotation,source_published_annotation_unreviewed
116346.015,274,struck-by,consequences/severity,severity,1,fatality,real,True,sha256:9dc64febec01c93d775dd15a7f2cddb8c9d0ed710f8764fae1e6c52960606e85,source_published_annotation,source_published_annotation_unreviewed
116346.015,274,struck-by,accident_type,accident_type,1,struck-by,real,True,sha256:9dc64febec01c93d775dd15a7f2cddb8c9d0ed710f8764fae1e6c52960606e85,source_published_annotation,source_published_annotation_unreviewed
117233.015,275,struck-by,working_circumstances/construction_trade,construction_trade,1,metals,real,True,sha256:9dc64febec01c93d775dd15a7f2cddb8c9d0ed710f8764fae1e6c52960606e85,source_published_annotation,source_published_annotation_unreviewed
117233.015,275,struck-by,consequences/severity,severity,1,fatality,real,True,sha256:9dc64febec01c93d775dd15a7f2cddb8c9d0ed710f8764fae1e6c52960606e85,source_published_annotation,source_published_annotation_unreviewed
117233.015,275,struck-by,accident_type,accident_type,1,struck-by,real,True,sha256:9dc64febec01c93d775dd15a7f2cddb8c9d0ed710f8764fae1e6c52960606e85,source_published_annotation,source_published_annotation_unreviewed
116122.015,276,struck-by,working_circumstances/construction_trade,construction_trade,1,earthwork,real,True,sha256:9dc64febec01c93d775dd15a7f2cddb8c9d0ed710f8764fae1e6c52960606e85,source_published_annotation,source_published_annotation_unreviewed
116122.015,276,struck-by,consequences/severity,severity,1,fatality,real,True,sha256:9dc64febec01c93d775dd15a7f2cddb8c9d0ed710f8764fae1e6c52960606e85,source_published_annotation,source_published_annotation_unreviewed
116122.015,276,struck-by,accident_type,accident_type,1,struck-by,real,True,sha256:9dc64febec01c93d775dd15a7f2cddb8c9d0ed710f8764fae1e6c52960606e85,source_published_annotation,source_published_annotation_unreviewed
115739.015,277,electrocution,working_circumstances/construction_trade,construction_trade,1,electrical,real,True,sha256:9dc64febec01c93d775dd15a7f2cddb8c9d0ed710f8764fae1e6c52960606e85,source_published_annotation,source_published_annotation_unreviewed
115739.015,277,electrocution,consequences/severity,severity,1,hospitalized injury,real,True,sha256:9dc64febec01c93d775dd15a7f2cddb8c9d0ed710f8764fae1e6c52960606e85,source_published_annotation,source_published_annotation_unreviewed
115739.015,277,electrocution,accident_type,accident_type,1,electrocution,real,True,sha256:9dc64febec01c93d775dd15a7f2cddb8c9d0ed710f8764fae1e6c52960606e85,source_published_annotation,source_published_annotation_unreviewed
114588.015,278,struck-by,working_circumstances/construction_trade,construction_trade,1,finishes,real,True,sha256:9dc64febec01c93d775dd15a7f2cddb8c9d0ed710f8764fae1e6c52960606e85,source_published_annotation,source_published_annotation_unreviewed
114588.015,278,struck-by,consequences/severity,severity,1,non hospitalized injury,real,True,sha256:9dc64febec01c93d775dd15a7f2cddb8c9d0ed710f8764fae1e6c52960606e85,source_published_annotation,source_published_annotation_unreviewed
114588.015,278,struck-by,accident_type,accident_type,1,struck-by,real,True,sha256:9dc64febec01c93d775dd15a7f2cddb8c9d0ed710f8764fae1e6c52960606e85,source_published_annotation,source_published_annotation_unreviewed
114328.015,279,electrocution,working_circumstances/construction_trade,construction_trade,1,electrical,real,True,sha256:9dc64febec01c93d775dd15a7f2cddb8c9d0ed710f8764fae1e6c52960606e85,source_published_annotation,source_published_annotation_unreviewed
114328.015,279,electrocution,consequences/severity,severity,1,fatality,real,True,sha256:9dc64febec01c93d775dd15a7f2cddb8c9d0ed710f8764fae1e6c52960606e85,source_published_annotation,source_published_annotation_unreviewed
114328.015,279,electrocution,accident_type,accident_type,1,electrocution,real,True,sha256:9dc64febec01c93d775dd15a7f2cddb8c9d0ed710f8764fae1e6c52960606e85,source_published_annotation,source_published_annotation_unreviewed
114557.015,280,electrocution,working_circumstances/construction_trade,construction_trade,1,electrical,real,True,sha256:9dc64febec01c93d775dd15a7f2cddb8c9d0ed710f8764fae1e6c52960606e85,source_published_annotation,source_published_annotation_unreviewed
114557.015,280,electrocution,consequences/severity,severity,1,hospitalized injury,real,True,sha256:9dc64febec01c93d775dd15a7f2cddb8c9d0ed710f8764fae1e6c52960606e85,source_published_annotation,source_published_annotation_unreviewed
114557.015,280,electrocution,accident_type,accident_type,1,electrocution,real,True,sha256:9dc64febec01c93d775dd15a7f2cddb8c9d0ed710f8764fae1e6c52960606e85,source_published_annotation,source_published_annotation_unreviewed
114510.015,281,electrocution,working_circumstances/construction_trade,construction_trade,1,electrical,real,True,sha256:9dc64febec01c93d775dd15a7f2cddb8c9d0ed710f8764fae1e6c52960606e85,source_published_annotation,source_published_annotation_unreviewed
114510.015,281,electrocution,consequences/severity,severity,1,hospitalized injury,real,True,sha256:9dc64febec01c93d775dd15a7f2cddb8c9d0ed710f8764fae1e6c52960606e85,source_published_annotation,source_published_annotation_unreviewed
114510.015,281,electrocution,accident_type,accident_type,1,electrocution,real,True,sha256:9dc64febec01c93d775dd15a7f2cddb8c9d0ed710f8764fae1e6c52960606e85,source_published_annotation,source_published_annotation_unreviewed
111441.015,282,electrocution,working_circumstances/construction_trade,construction_trade,1,thermal and moisture protection,real,True,sha256:9dc64febec01c93d775dd15a7f2cddb8c9d0ed710f8764fae1e6c52960606e85,source_published_annotation,source_published_annotation_unreviewed
111441.015,282,electrocution,consequences/severity,severity,1,hospitalized injury,real,True,sha256:9dc64febec01c93d775dd15a7f2cddb8c9d0ed710f8764fae1e6c52960606e85,source_published_annotation,source_published_annotation_unreviewed
111441.015,282,electrocution,accident_type,accident_type,1,electrocution,real,True,sha256:9dc64febec01c93d775dd15a7f2cddb8c9d0ed710f8764fae1e6c52960606e85,source_published_annotation,source_published_annotation_unreviewed
115601.015,283,electrocution,working_circumstances/construction_trade,construction_trade,1,electrical,real,True,sha256:9dc64febec01c93d775dd15a7f2cddb8c9d0ed710f8764fae1e6c52960606e85,source_published_annotation,source_published_annotation_unreviewed
115601.015,283,electrocution,accident_type,accident_type,1,electrocution,real,True,sha256:9dc64febec01c93d775dd15a7f2cddb8c9d0ed710f8764fae1e6c52960606e85,source_published_annotation,source_published_annotation_unreviewed
108989.015,284,fall,working_circumstances/construction_trade,construction_trade,1,"heating, ventilating, and air conditioning (hvac)",real,True,sha256:9dc64febec01c93d775dd15a7f2cddb8c9d0ed710f8764fae1e6c52960606e85,source_published_annotation,source_published_annotation_unreviewed
108989.015,284,fall,consequences/severity,severity,1,hospitalized injury,real,True,sha256:9dc64febec01c93d775dd15a7f2cddb8c9d0ed710f8764fae1e6c52960606e85,source_published_annotation,source_published_annotation_unreviewed
108989.015,284,fall,accident_type,accident_type,1,fall,real,True,sha256:9dc64febec01c93d775dd15a7f2cddb8c9d0ed710f8764fae1e6c52960606e85,source_published_annotation,source_published_annotation_unreviewed
113362.015,285,fall,working_circumstances/construction_trade,construction_trade,1,"wood, plastics, and composites",real,True,sha256:9dc64febec01c93d775dd15a7f2cddb8c9d0ed710f8764fae1e6c52960606e85,source_published_annotation,source_published_annotation_unreviewed
113362.015,285,fall,consequences/severity,severity,1,hospitalized injury,real,True,sha256:9dc64febec01c93d775dd15a7f2cddb8c9d0ed710f8764fae1e6c52960606e85,source_published_annotation,source_published_annotation_unreviewed
113362.015,285,fall,accident_type,accident_type,1,fall,real,True,sha256:9dc64febec01c93d775dd15a7f2cddb8c9d0ed710f8764fae1e6c52960606e85,source_published_annotation,source_published_annotation_unreviewed
115727.015,286,struck-by,working_circumstances/construction_trade,construction_trade,1,concrete,real,True,sha256:9dc64febec01c93d775dd15a7f2cddb8c9d0ed710f8764fae1e6c52960606e85,source_published_annotation,source_published_annotation_unreviewed
115727.015,286,struck-by,consequences/severity,severity,1,hospitalized injury,real,True,sha256:9dc64febec01c93d775dd15a7f2cddb8c9d0ed710f8764fae1e6c52960606e85,source_published_annotation,source_published_annotation_unreviewed
115727.015,286,struck-by,accident_type,accident_type,1,struck-by,real,True,sha256:9dc64febec01c93d775dd15a7f2cddb8c9d0ed710f8764fae1e6c52960606e85,source_published_annotation,source_published_annotation_unreviewed
108784.015,287,struck-by,working_circumstances/construction_trade,construction_trade,1,utilities,real,True,sha256:9dc64febec01c93d775dd15a7f2cddb8c9d0ed710f8764fae1e6c52960606e85,source_published_annotation,source_published_annotation_unreviewed
108784.015,287,struck-by,consequences/severity,severity,1,hospitalized injury,real,True,sha256:9dc64febec01c93d775dd15a7f2cddb8c9d0ed710f8764fae1e6c52960606e85,source_published_annotation,source_published_annotation_unreviewed
108784.015,287,struck-by,accident_type,accident_type,1,struck-by,real,True,sha256:9dc64febec01c93d775dd15a7f2cddb8c9d0ed710f8764fae1e6c52960606e85,source_published_annotation,source_published_annotation_unreviewed
108517.015,288,fall,working_circumstances/construction_trade,construction_trade,1,thermal and moisture protection,real,True,sha256:9dc64febec01c93d775dd15a7f2cddb8c9d0ed710f8764fae1e6c52960606e85,source_published_annotation,source_published_annotation_unreviewed
108517.015,288,fall,consequences/severity,severity,1,fatality,real,True,sha256:9dc64febec01c93d775dd15a7f2cddb8c9d0ed710f8764fae1e6c52960606e85,source_published_annotation,source_published_annotation_unreviewed
108517.015,288,fall,accident_type,accident_type,1,fall,real,True,sha256:9dc64febec01c93d775dd15a7f2cddb8c9d0ed710f8764fae1e6c52960606e85,source_published_annotation,source_published_annotation_unreviewed
109421.015,289,fall,working_circumstances/construction_trade,construction_trade,1,concrete,real,True,sha256:9dc64febec01c93d775dd15a7f2cddb8c9d0ed710f8764fae1e6c52960606e85,source_published_annotation,source_published_annotation_unreviewed
109421.015,289,fall,consequences/severity,severity,1,hospitalized injury,real,True,sha256:9dc64febec01c93d775dd15a7f2cddb8c9d0ed710f8764fae1e6c52960606e85,source_published_annotation,source_published_annotation_unreviewed
109421.015,289,fall,accident_type,accident_type,1,fall,real,True,sha256:9dc64febec01c93d775dd15a7f2cddb8c9d0ed710f8764fae1e6c52960606e85,source_published_annotation,source_published_annotation_unreviewed
108668.015,290,fall,working_circumstances/construction_trade,construction_trade,1,thermal and moisture protection,real,True,sha256:9dc64febec01c93d775dd15a7f2cddb8c9d0ed710f8764fae1e6c52960606e85,source_published_annotation,source_published_annotation_unreviewed
108668.015,290,fall,consequences/severity,severity,1,hospitalized injury,real,True,sha256:9dc64febec01c93d775dd15a7f2cddb8c9d0ed710f8764fae1e6c52960606e85,source_published_annotation,source_published_annotation_unreviewed
108668.015,290,fall,accident_type,accident_type,1,fall,real,True,sha256:9dc64febec01c93d775dd15a7f2cddb8c9d0ed710f8764fae1e6c52960606e85,source_published_annotation,source_published_annotation_unreviewed
108384.015,291,fall,working_circumstances/construction_trade,construction_trade,1,finishes,real,True,sha256:9dc64febec01c93d775dd15a7f2cddb8c9d0ed710f8764fae1e6c52960606e85,source_published_annotation,source_published_annotation_unreviewed
108384.015,291,fall,consequences/severity,severity,1,hospitalized injury,real,True,sha256:9dc64febec01c93d775dd15a7f2cddb8c9d0ed710f8764fae1e6c52960606e85,source_published_annotation,source_published_annotation_unreviewed
108384.015,291,fall,accident_type,accident_type,1,fall,real,True,sha256:9dc64febec01c93d775dd15a7f2cddb8c9d0ed710f8764fae1e6c52960606e85,source_published_annotation,source_published_annotation_unreviewed
108534.015,292,fall,working_circumstances/construction_trade,construction_trade,1,thermal and moisture protection,real,True,sha256:9dc64febec01c93d775dd15a7f2cddb8c9d0ed710f8764fae1e6c52960606e85,source_published_annotation,source_published_annotation_unreviewed
108534.015,292,fall,consequences/severity,severity,1,hospitalized injury,real,True,sha256:9dc64febec01c93d775dd15a7f2cddb8c9d0ed710f8764fae1e6c52960606e85,source_published_annotation,source_published_annotation_unreviewed
108534.015,292,fall,accident_type,accident_type,1,fall,real,True,sha256:9dc64febec01c93d775dd15a7f2cddb8c9d0ed710f8764fae1e6c52960606e85,source_published_annotation,source_published_annotation_unreviewed
113407.015,293,fall,working_circumstances/construction_trade,construction_trade,1,thermal and moisture protection,real,True,sha256:9dc64febec01c93d775dd15a7f2cddb8c9d0ed710f8764fae1e6c52960606e85,source_published_annotation,source_published_annotation_unreviewed
113407.015,293,fall,consequences/severity,severity,1,hospitalized injury,real,True,sha256:9dc64febec01c93d775dd15a7f2cddb8c9d0ed710f8764fae1e6c52960606e85,source_published_annotation,source_published_annotation_unreviewed
113407.015,293,fall,accident_type,accident_type,1,fall,real,True,sha256:9dc64febec01c93d775dd15a7f2cddb8c9d0ed710f8764fae1e6c52960606e85,source_published_annotation,source_published_annotation_unreviewed
109638.015,294,fall,working_circumstances/construction_trade,construction_trade,1,general requirements,real,True,sha256:9dc64febec01c93d775dd15a7f2cddb8c9d0ed710f8764fae1e6c52960606e85,source_published_annotation,source_published_annotation_unreviewed
109638.015,294,fall,consequences/severity,severity,1,hospitalized injury,real,True,sha256:9dc64febec01c93d775dd15a7f2cddb8c9d0ed710f8764fae1e6c52960606e85,source_published_annotation,source_published_annotation_unreviewed
109638.015,294,fall,accident_type,accident_type,1,fall,real,True,sha256:9dc64febec01c93d775dd15a7f2cddb8c9d0ed710f8764fae1e6c52960606e85,source_published_annotation,source_published_annotation_unreviewed
113325.015,295,fall,working_circumstances/construction_trade,construction_trade,1,finishes,real,True,sha256:9dc64febec01c93d775dd15a7f2cddb8c9d0ed710f8764fae1e6c52960606e85,source_published_annotation,source_published_annotation_unreviewed
113325.015,295,fall,consequences/severity,severity,1,hospitalized injury,real,True,sha256:9dc64febec01c93d775dd15a7f2cddb8c9d0ed710f8764fae1e6c52960606e85,source_published_annotation,source_published_annotation_unreviewed
113325.015,295,fall,accident_type,accident_type,1,fall,real,True,sha256:9dc64febec01c93d775dd15a7f2cddb8c9d0ed710f8764fae1e6c52960606e85,source_published_annotation,source_published_annotation_unreviewed
109412.015,296,fall,working_circumstances/construction_trade,construction_trade,1,general requirements,real,True,sha256:9dc64febec01c93d775dd15a7f2cddb8c9d0ed710f8764fae1e6c52960606e85,source_published_annotation,source_published_annotation_unreviewed
109412.015,296,fall,consequences/severity,severity,1,hospitalized injury,real,True,sha256:9dc64febec01c93d775dd15a7f2cddb8c9d0ed710f8764fae1e6c52960606e85,source_published_annotation,source_published_annotation_unreviewed
109412.015,296,fall,accident_type,accident_type,1,fall,real,True,sha256:9dc64febec01c93d775dd15a7f2cddb8c9d0ed710f8764fae1e6c52960606e85,source_published_annotation,source_published_annotation_unreviewed
108650.015,297,fall,working_circumstances/construction_trade,construction_trade,1,"wood, plastics, and composites",real,True,sha256:9dc64febec01c93d775dd15a7f2cddb8c9d0ed710f8764fae1e6c52960606e85,source_published_annotation,source_published_annotation_unreviewed
108650.015,297,fall,consequences/severity,severity,1,hospitalized injury,real,True,sha256:9dc64febec01c93d775dd15a7f2cddb8c9d0ed710f8764fae1e6c52960606e85,source_published_annotation,source_published_annotation_unreviewed
108650.015,297,fall,accident_type,accident_type,1,fall,real,True,sha256:9dc64febec01c93d775dd15a7f2cddb8c9d0ed710f8764fae1e6c52960606e85,source_published_annotation,source_published_annotation_unreviewed
112958.015,298,caught-in/between,working_circumstances/construction_trade,construction_trade,1,plumbing,real,True,sha256:9dc64febec01c93d775dd15a7f2cddb8c9d0ed710f8764fae1e6c52960606e85,source_published_annotation,source_published_annotation_unreviewed
112958.015,298,caught-in/between,consequences/severity,severity,1,hospitalized injury,real,True,sha256:9dc64febec01c93d775dd15a7f2cddb8c9d0ed710f8764fae1e6c52960606e85,source_published_annotation,source_published_annotation_unreviewed
112958.015,298,caught-in/between,accident_type,accident_type,1,caught-in/between,real,True,sha256:9dc64febec01c93d775dd15a7f2cddb8c9d0ed710f8764fae1e6c52960606e85,source_published_annotation,source_published_annotation_unreviewed
108109.015,299,fall,working_circumstances/construction_trade,construction_trade,1,"wood, plastics, and composites",real,True,sha256:9dc64febec01c93d775dd15a7f2cddb8c9d0ed710f8764fae1e6c52960606e85,source_published_annotation,source_published_annotation_unreviewed
108109.015,299,fall,consequences/severity,severity,1,hospitalized injury,real,True,sha256:9dc64febec01c93d775dd15a7f2cddb8c9d0ed710f8764fae1e6c52960606e85,source_published_annotation,source_published_annotation_unreviewed
108109.015,299,fall,accident_type,accident_type,1,fall,real,True,sha256:9dc64febec01c93d775dd15a7f2cddb8c9d0ed710f8764fae1e6c52960606e85,source_published_annotation,source_published_annotation_unreviewed
108128.015,300,fall,working_circumstances/construction_trade,construction_trade,1,masonry,real,True,sha256:9dc64febec01c93d775dd15a7f2cddb8c9d0ed710f8764fae1e6c52960606e85,source_published_annotation,source_published_annotation_unreviewed
108128.015,300,fall,consequences/severity,severity,1,fatality,real,True,sha256:9dc64febec01c93d775dd15a7f2cddb8c9d0ed710f8764fae1e6c52960606e85,source_published_annotation,source_published_annotation_unreviewed
108128.015,300,fall,accident_type,accident_type,1,fall,real,True,sha256:9dc64febec01c93d775dd15a7f2cddb8c9d0ed710f8764fae1e6c52960606e85,source_published_annotation,source_published_annotation_unreviewed
111539.015,301,caught-in/between,working_circumstances/construction_trade,construction_trade,1,metals,real,True,sha256:9dc64febec01c93d775dd15a7f2cddb8c9d0ed710f8764fae1e6c52960606e85,source_published_annotation,source_published_annotation_unreviewed
111539.015,301,caught-in/between,consequences/severity,severity,1,hospitalized injury,real,True,sha256:9dc64febec01c93d775dd15a7f2cddb8c9d0ed710f8764fae1e6c52960606e85,source_published_annotation,source_published_annotation_unreviewed
111539.015,301,caught-in/between,accident_type,accident_type,1,caught-in/between,real,True,sha256:9dc64febec01c93d775dd15a7f2cddb8c9d0ed710f8764fae1e6c52960606e85,source_published_annotation,source_published_annotation_unreviewed
108043.015,302,fall,working_circumstances/construction_trade,construction_trade,1,metals,real,True,sha256:9dc64febec01c93d775dd15a7f2cddb8c9d0ed710f8764fae1e6c52960606e85,source_published_annotation,source_published_annotation_unreviewed
108043.015,302,fall,consequences/severity,severity,1,hospitalized injury,real,True,sha256:9dc64febec01c93d775dd15a7f2cddb8c9d0ed710f8764fae1e6c52960606e85,source_published_annotation,source_published_annotation_unreviewed
108043.015,302,fall,accident_type,accident_type,1,fall,real,True,sha256:9dc64febec01c93d775dd15a7f2cddb8c9d0ed710f8764fae1e6c52960606e85,source_published_annotation,source_published_annotation_unreviewed
108024.015,303,caught-in/between,working_circumstances/construction_trade,construction_trade,1,general requirements,real,True,sha256:9dc64febec01c93d775dd15a7f2cddb8c9d0ed710f8764fae1e6c52960606e85,source_published_annotation,source_published_annotation_unreviewed
108024.015,303,caught-in/between,consequences/severity,severity,1,hospitalized injury,real,True,sha256:9dc64febec01c93d775dd15a7f2cddb8c9d0ed710f8764fae1e6c52960606e85,source_published_annotation,source_published_annotation_unreviewed
108024.015,303,caught-in/between,accident_type,accident_type,1,caught-in/between,real,True,sha256:9dc64febec01c93d775dd15a7f2cddb8c9d0ed710f8764fae1e6c52960606e85,source_published_annotation,source_published_annotation_unreviewed
108511.015,304,electrocution,working_circumstances/construction_trade,construction_trade,1,electrical,real,True,sha256:9dc64febec01c93d775dd15a7f2cddb8c9d0ed710f8764fae1e6c52960606e85,source_published_annotation,source_published_annotation_unreviewed
108511.015,304,electrocution,consequences/severity,severity,1,hospitalized injury,real,True,sha256:9dc64febec01c93d775dd15a7f2cddb8c9d0ed710f8764fae1e6c52960606e85,source_published_annotation,source_published_annotation_unreviewed
108511.015,304,electrocution,accident_type,accident_type,1,electrocution,real,True,sha256:9dc64febec01c93d775dd15a7f2cddb8c9d0ed710f8764fae1e6c52960606e85,source_published_annotation,source_published_annotation_unreviewed
112053.015,305,fall,working_circumstances/construction_trade,construction_trade,1,thermal and moisture protection,real,True,sha256:9dc64febec01c93d775dd15a7f2cddb8c9d0ed710f8764fae1e6c52960606e85,source_published_annotation,source_published_annotation_unreviewed
112053.015,305,fall,consequences/severity,severity,1,hospitalized injury,real,True,sha256:9dc64febec01c93d775dd15a7f2cddb8c9d0ed710f8764fae1e6c52960606e85,source_published_annotation,source_published_annotation_unreviewed
112053.015,305,fall,accident_type,accident_type,1,fall,real,True,sha256:9dc64febec01c93d775dd15a7f2cddb8c9d0ed710f8764fae1e6c52960606e85,source_published_annotation,source_published_annotation_unreviewed
108134.015,306,fall,working_circumstances/construction_trade,construction_trade,1,thermal and moisture protection,real,True,sha256:9dc64febec01c93d775dd15a7f2cddb8c9d0ed710f8764fae1e6c52960606e85,source_published_annotation,source_published_annotation_unreviewed
108134.015,306,fall,consequences/severity,severity,1,hospitalized injury,real,True,sha256:9dc64febec01c93d775dd15a7f2cddb8c9d0ed710f8764fae1e6c52960606e85,source_published_annotation,source_published_annotation_unreviewed
108134.015,306,fall,accident_type,accident_type,1,fall,real,True,sha256:9dc64febec01c93d775dd15a7f2cddb8c9d0ed710f8764fae1e6c52960606e85,source_published_annotation,source_published_annotation_unreviewed
108004.015,307,fall,working_circumstances/construction_trade,construction_trade,1,electrical,real,True,sha256:9dc64febec01c93d775dd15a7f2cddb8c9d0ed710f8764fae1e6c52960606e85,source_published_annotation,source_published_annotation_unreviewed
108004.015,307,fall,consequences/severity,severity,1,hospitalized injury,real,True,sha256:9dc64febec01c93d775dd15a7f2cddb8c9d0ed710f8764fae1e6c52960606e85,source_published_annotation,source_published_annotation_unreviewed
108004.015,307,fall,accident_type,accident_type,1,fall,real,True,sha256:9dc64febec01c93d775dd15a7f2cddb8c9d0ed710f8764fae1e6c52960606e85,source_published_annotation,source_published_annotation_unreviewed
110908.015,308,caught-in/between,working_circumstances/construction_trade,construction_trade,1,equipment,real,True,sha256:9dc64febec01c93d775dd15a7f2cddb8c9d0ed710f8764fae1e6c52960606e85,source_published_annotation,source_published_annotation_unreviewed
110908.015,308,caught-in/between,consequences/severity,severity,1,hospitalized injury,real,True,sha256:9dc64febec01c93d775dd15a7f2cddb8c9d0ed710f8764fae1e6c52960606e85,source_published_annotation,source_published_annotation_unreviewed
110908.015,308,caught-in/between,accident_type,accident_type,1,caught-in/between,real,True,sha256:9dc64febec01c93d775dd15a7f2cddb8c9d0ed710f8764fae1e6c52960606e85,source_published_annotation,source_published_annotation_unreviewed
110422.015,309,fall,working_circumstances/construction_trade,construction_trade,1,thermal and moisture protection,real,True,sha256:9dc64febec01c93d775dd15a7f2cddb8c9d0ed710f8764fae1e6c52960606e85,source_published_annotation,source_published_annotation_unreviewed
110422.015,309,fall,consequences/severity,severity,1,hospitalized injury,real,True,sha256:9dc64febec01c93d775dd15a7f2cddb8c9d0ed710f8764fae1e6c52960606e85,source_published_annotation,source_published_annotation_unreviewed
110422.015,309,fall,accident_type,accident_type,1,fall,real,True,sha256:9dc64febec01c93d775dd15a7f2cddb8c9d0ed710f8764fae1e6c52960606e85,source_published_annotation,source_published_annotation_unreviewed
109602.015,310,struck-by,working_circumstances/construction_trade,construction_trade,1,earthwork,real,True,sha256:9dc64febec01c93d775dd15a7f2cddb8c9d0ed710f8764fae1e6c52960606e85,source_published_annotation,source_published_annotation_unreviewed
109602.015,310,struck-by,consequences/severity,severity,1,hospitalized injury,real,True,sha256:9dc64febec01c93d775dd15a7f2cddb8c9d0ed710f8764fae1e6c52960606e85,source_published_annotation,source_published_annotation_unreviewed
109602.015,310,struck-by,accident_type,accident_type,1,struck-by,real,True,sha256:9dc64febec01c93d775dd15a7f2cddb8c9d0ed710f8764fae1e6c52960606e85,source_published_annotation,source_published_annotation_unreviewed
108067.015,311,fall,working_circumstances/construction_trade,construction_trade,1,concrete,real,True,sha256:9dc64febec01c93d775dd15a7f2cddb8c9d0ed710f8764fae1e6c52960606e85,source_published_annotation,source_published_annotation_unreviewed
108067.015,311,fall,consequences/severity,severity,1,hospitalized injury,real,True,sha256:9dc64febec01c93d775dd15a7f2cddb8c9d0ed710f8764fae1e6c52960606e85,source_published_annotation,source_published_annotation_unreviewed
108067.015,311,fall,accident_type,accident_type,1,fall,real,True,sha256:9dc64febec01c93d775dd15a7f2cddb8c9d0ed710f8764fae1e6c52960606e85,source_published_annotation,source_published_annotation_unreviewed
108012.015,312,electrocution,working_circumstances/construction_trade,construction_trade,1,concrete,real,True,sha256:9dc64febec01c93d775dd15a7f2cddb8c9d0ed710f8764fae1e6c52960606e85,source_published_annotation,source_published_annotation_unreviewed
108012.015,312,electrocution,consequences/severity,severity,1,hospitalized injury,real,True,sha256:9dc64febec01c93d775dd15a7f2cddb8c9d0ed710f8764fae1e6c52960606e85,source_published_annotation,source_published_annotation_unreviewed
108012.015,312,electrocution,accident_type,accident_type,1,electrocution,real,True,sha256:9dc64febec01c93d775dd15a7f2cddb8c9d0ed710f8764fae1e6c52960606e85,source_published_annotation,source_published_annotation_unreviewed
108136.015,313,fall,working_circumstances/construction_trade,construction_trade,1,thermal and moisture protection,real,True,sha256:9dc64febec01c93d775dd15a7f2cddb8c9d0ed710f8764fae1e6c52960606e85,source_published_annotation,source_published_annotation_unreviewed
108136.015,313,fall,consequences/severity,severity,1,hospitalized injury,real,True,sha256:9dc64febec01c93d775dd15a7f2cddb8c9d0ed710f8764fae1e6c52960606e85,source_published_annotation,source_published_annotation_unreviewed
108136.015,313,fall,accident_type,accident_type,1,fall,real,True,sha256:9dc64febec01c93d775dd15a7f2cddb8c9d0ed710f8764fae1e6c52960606e85,source_published_annotation,source_published_annotation_unreviewed
111424.015,314,fall,working_circumstances/construction_trade,construction_trade,1,"wood, plastics, and composites",real,True,sha256:9dc64febec01c93d775dd15a7f2cddb8c9d0ed710f8764fae1e6c52960606e85,source_published_annotation,source_published_annotation_unreviewed
111424.015,314,fall,consequences/severity,severity,1,hospitalized injury,real,True,sha256:9dc64febec01c93d775dd15a7f2cddb8c9d0ed710f8764fae1e6c52960606e85,source_published_annotation,source_published_annotation_unreviewed
111424.015,314,fall,accident_type,accident_type,1,fall,real,True,sha256:9dc64febec01c93d775dd15a7f2cddb8c9d0ed710f8764fae1e6c52960606e85,source_published_annotation,source_published_annotation_unreviewed
113277.015,315,struck-by,working_circumstances/construction_trade,construction_trade,1,earthwork,real,True,sha256:9dc64febec01c93d775dd15a7f2cddb8c9d0ed710f8764fae1e6c52960606e85,source_published_annotation,source_published_annotation_unreviewed
113277.015,315,struck-by,consequences/severity,severity,1,hospitalized injury,real,True,sha256:9dc64febec01c93d775dd15a7f2cddb8c9d0ed710f8764fae1e6c52960606e85,source_published_annotation,source_published_annotation_unreviewed
113277.015,315,struck-by,accident_type,accident_type,1,struck-by,real,True,sha256:9dc64febec01c93d775dd15a7f2cddb8c9d0ed710f8764fae1e6c52960606e85,source_published_annotation,source_published_annotation_unreviewed
112104.015,316,fall,working_circumstances/construction_trade,construction_trade,1,concrete,real,True,sha256:9dc64febec01c93d775dd15a7f2cddb8c9d0ed710f8764fae1e6c52960606e85,source_published_annotation,source_published_annotation_unreviewed
112104.015,316,fall,consequences/severity,severity,1,hospitalized injury,real,True,sha256:9dc64febec01c93d775dd15a7f2cddb8c9d0ed710f8764fae1e6c52960606e85,source_published_annotation,source_published_annotation_unreviewed
112104.015,316,fall,accident_type,accident_type,1,fall,real,True,sha256:9dc64febec01c93d775dd15a7f2cddb8c9d0ed710f8764fae1e6c52960606e85,source_published_annotation,source_published_annotation_unreviewed
107535.015,317,fall,working_circumstances/construction_trade,construction_trade,1,existing conditions,real,True,sha256:9dc64febec01c93d775dd15a7f2cddb8c9d0ed710f8764fae1e6c52960606e85,source_published_annotation,source_published_annotation_unreviewed
107535.015,317,fall,consequences/severity,severity,1,hospitalized injury,real,True,sha256:9dc64febec01c93d775dd15a7f2cddb8c9d0ed710f8764fae1e6c52960606e85,source_published_annotation,source_published_annotation_unreviewed
107535.015,317,fall,accident_type,accident_type,1,fall,real,True,sha256:9dc64febec01c93d775dd15a7f2cddb8c9d0ed710f8764fae1e6c52960606e85,source_published_annotation,source_published_annotation_unreviewed
108494.015,318,fall,working_circumstances/construction_trade,construction_trade,1,existing conditions,real,True,sha256:9dc64febec01c93d775dd15a7f2cddb8c9d0ed710f8764fae1e6c52960606e85,source_published_annotation,source_published_annotation_unreviewed
108494.015,318,fall,consequences/severity,severity,1,hospitalized injury,real,True,sha256:9dc64febec01c93d775dd15a7f2cddb8c9d0ed710f8764fae1e6c52960606e85,source_published_annotation,source_published_annotation_unreviewed
108494.015,318,fall,accident_type,accident_type,1,fall,real,True,sha256:9dc64febec01c93d775dd15a7f2cddb8c9d0ed710f8764fae1e6c52960606e85,source_published_annotation,source_published_annotation_unreviewed
107642.015,319,fall,working_circumstances/construction_trade,construction_trade,1,thermal and moisture protection,real,True,sha256:9dc64febec01c93d775dd15a7f2cddb8c9d0ed710f8764fae1e6c52960606e85,source_published_annotation,source_published_annotation_unreviewed
107642.015,319,fall,consequences/severity,severity,1,hospitalized injury,real,True,sha256:9dc64febec01c93d775dd15a7f2cddb8c9d0ed710f8764fae1e6c52960606e85,source_published_annotation,source_published_annotation_unreviewed
107642.015,319,fall,accident_type,accident_type,1,fall,real,True,sha256:9dc64febec01c93d775dd15a7f2cddb8c9d0ed710f8764fae1e6c52960606e85,source_published_annotation,source_published_annotation_unreviewed
111214.015,320,fall,consequences/severity,severity,1,hospitalized injury,real,True,sha256:9dc64febec01c93d775dd15a7f2cddb8c9d0ed710f8764fae1e6c52960606e85,source_published_annotation,source_published_annotation_unreviewed
111214.015,320,fall,accident_type,accident_type,1,fall,real,True,sha256:9dc64febec01c93d775dd15a7f2cddb8c9d0ed710f8764fae1e6c52960606e85,source_published_annotation,source_published_annotation_unreviewed
107268.015,321,electrocution,working_circumstances/construction_trade,construction_trade,1,"wood, plastics, and composites",real,True,sha256:9dc64febec01c93d775dd15a7f2cddb8c9d0ed710f8764fae1e6c52960606e85,source_published_annotation,source_published_annotation_unreviewed
107268.015,321,electrocution,consequences/severity,severity,1,fatality,real,True,sha256:9dc64febec01c93d775dd15a7f2cddb8c9d0ed710f8764fae1e6c52960606e85,source_published_annotation,source_published_annotation_unreviewed
107268.015,321,electrocution,accident_type,accident_type,1,electrocution,real,True,sha256:9dc64febec01c93d775dd15a7f2cddb8c9d0ed710f8764fae1e6c52960606e85,source_published_annotation,source_published_annotation_unreviewed
107460.015,322,fall,working_circumstances/construction_trade,construction_trade,1,concrete,real,True,sha256:9dc64febec01c93d775dd15a7f2cddb8c9d0ed710f8764fae1e6c52960606e85,source_published_annotation,source_published_annotation_unreviewed
107460.015,322,fall,consequences/severity,severity,1,hospitalized injury,real,True,sha256:9dc64febec01c93d775dd15a7f2cddb8c9d0ed710f8764fae1e6c52960606e85,source_published_annotation,source_published_annotation_unreviewed
107460.015,322,fall,accident_type,accident_type,1,fall,real,True,sha256:9dc64febec01c93d775dd15a7f2cddb8c9d0ed710f8764fae1e6c52960606e85,source_published_annotation,source_published_annotation_unreviewed
107542.015,323,electrocution,working_circumstances/construction_trade,construction_trade,1,electrical,real,True,sha256:9dc64febec01c93d775dd15a7f2cddb8c9d0ed710f8764fae1e6c52960606e85,source_published_annotation,source_published_annotation_unreviewed
107542.015,323,electrocution,consequences/severity,severity,1,hospitalized injury,real,True,sha256:9dc64febec01c93d775dd15a7f2cddb8c9d0ed710f8764fae1e6c52960606e85,source_published_annotation,source_published_annotation_unreviewed
107542.015,323,electrocution,accident_type,accident_type,1,electrocution,real,True,sha256:9dc64febec01c93d775dd15a7f2cddb8c9d0ed710f8764fae1e6c52960606e85,source_published_annotation,source_published_annotation_unreviewed
107437.015,324,fall,working_circumstances/construction_trade,construction_trade,1,thermal and moisture protection,real,True,sha256:9dc64febec01c93d775dd15a7f2cddb8c9d0ed710f8764fae1e6c52960606e85,source_published_annotation,source_published_annotation_unreviewed
107437.015,324,fall,consequences/severity,severity,1,hospitalized injury,real,True,sha256:9dc64febec01c93d775dd15a7f2cddb8c9d0ed710f8764fae1e6c52960606e85,source_published_annotation,source_published_annotation_unreviewed
107437.015,324,fall,accident_type,accident_type,1,fall,real,True,sha256:9dc64febec01c93d775dd15a7f2cddb8c9d0ed710f8764fae1e6c52960606e85,source_published_annotation,source_published_annotation_unreviewed
107064.015,325,struck-by,working_circumstances/construction_trade,construction_trade,1,metals,real,True,sha256:9dc64febec01c93d775dd15a7f2cddb8c9d0ed710f8764fae1e6c52960606e85,source_published_annotation,source_published_annotation_unreviewed
107064.015,325,struck-by,consequences/severity,severity,1,hospitalized injury,real,True,sha256:9dc64febec01c93d775dd15a7f2cddb8c9d0ed710f8764fae1e6c52960606e85,source_published_annotation,source_published_annotation_unreviewed
107064.015,325,struck-by,accident_type,accident_type,1,struck-by,real,True,sha256:9dc64febec01c93d775dd15a7f2cddb8c9d0ed710f8764fae1e6c52960606e85,source_published_annotation,source_published_annotation_unreviewed
107059.015,326,electrocution,working_circumstances/construction_trade,construction_trade,1,exterior improvements,real,True,sha256:9dc64febec01c93d775dd15a7f2cddb8c9d0ed710f8764fae1e6c52960606e85,source_published_annotation,source_published_annotation_unreviewed
107059.015,326,electrocution,consequences/severity,severity,1,hospitalized injury,real,True,sha256:9dc64febec01c93d775dd15a7f2cddb8c9d0ed710f8764fae1e6c52960606e85,source_published_annotation,source_published_annotation_unreviewed
107059.015,326,electrocution,accident_type,accident_type,1,electrocution,real,True,sha256:9dc64febec01c93d775dd15a7f2cddb8c9d0ed710f8764fae1e6c52960606e85,source_published_annotation,source_published_annotation_unreviewed
112132.015,327,fall,working_circumstances/construction_trade,construction_trade,1,metals,real,True,sha256:9dc64febec01c93d775dd15a7f2cddb8c9d0ed710f8764fae1e6c52960606e85,source_published_annotation,source_published_annotation_unreviewed
112132.015,327,fall,consequences/severity,severity,1,hospitalized injury,real,True,sha256:9dc64febec01c93d775dd15a7f2cddb8c9d0ed710f8764fae1e6c52960606e85,source_published_annotation,source_published_annotation_unreviewed
112132.015,327,fall,accident_type,accident_type,1,fall,real,True,sha256:9dc64febec01c93d775dd15a7f2cddb8c9d0ed710f8764fae1e6c52960606e85,source_published_annotation,source_published_annotation_unreviewed
108150.015,328,fall,working_circumstances/construction_trade,construction_trade,1,thermal and moisture protection,real,True,sha256:9dc64febec01c93d775dd15a7f2cddb8c9d0ed710f8764fae1e6c52960606e85,source_published_annotation,source_published_annotation_unreviewed
108150.015,328,fall,consequences/severity,severity,1,hospitalized injury,real,True,sha256:9dc64febec01c93d775dd15a7f2cddb8c9d0ed710f8764fae1e6c52960606e85,source_published_annotation,source_published_annotation_unreviewed
108150.015,328,fall,accident_type,accident_type,1,fall,real,True,sha256:9dc64febec01c93d775dd15a7f2cddb8c9d0ed710f8764fae1e6c52960606e85,source_published_annotation,source_published_annotation_unreviewed
106991.015,329,struck-by,working_circumstances/construction_trade,construction_trade,1,electrical,real,True,sha256:9dc64febec01c93d775dd15a7f2cddb8c9d0ed710f8764fae1e6c52960606e85,source_published_annotation,source_published_annotation_unreviewed
106991.015,329,struck-by,consequences/severity,severity,1,hospitalized injury,real,True,sha256:9dc64febec01c93d775dd15a7f2cddb8c9d0ed710f8764fae1e6c52960606e85,source_published_annotation,source_published_annotation_unreviewed
106991.015,329,struck-by,accident_type,accident_type,1,struck-by,real,True,sha256:9dc64febec01c93d775dd15a7f2cddb8c9d0ed710f8764fae1e6c52960606e85,source_published_annotation,source_published_annotation_unreviewed
107434.015,330,fall,working_circumstances/construction_trade,construction_trade,1,thermal and moisture protection,real,True,sha256:9dc64febec01c93d775dd15a7f2cddb8c9d0ed710f8764fae1e6c52960606e85,source_published_annotation,source_published_annotation_unreviewed
107434.015,330,fall,consequences/severity,severity,1,hospitalized injury,real,True,sha256:9dc64febec01c93d775dd15a7f2cddb8c9d0ed710f8764fae1e6c52960606e85,source_published_annotation,source_published_annotation_unreviewed
107434.015,330,fall,accident_type,accident_type,1,fall,real,True,sha256:9dc64febec01c93d775dd15a7f2cddb8c9d0ed710f8764fae1e6c52960606e85,source_published_annotation,source_published_annotation_unreviewed
109418.015,331,fall,working_circumstances/construction_trade,construction_trade,1,openings,real,True,sha256:9dc64febec01c93d775dd15a7f2cddb8c9d0ed710f8764fae1e6c52960606e85,source_published_annotation,source_published_annotation_unreviewed
109418.015,331,fall,consequences/severity,severity,1,hospitalized injury,real,True,sha256:9dc64febec01c93d775dd15a7f2cddb8c9d0ed710f8764fae1e6c52960606e85,source_published_annotation,source_published_annotation_unreviewed
109418.015,331,fall,accident_type,accident_type,1,fall,real,True,sha256:9dc64febec01c93d775dd15a7f2cddb8c9d0ed710f8764fae1e6c52960606e85,source_published_annotation,source_published_annotation_unreviewed
106888.015,332,electrocution,working_circumstances/construction_trade,construction_trade,1,thermal and moisture protection,real,True,sha256:9dc64febec01c93d775dd15a7f2cddb8c9d0ed710f8764fae1e6c52960606e85,source_published_annotation,source_published_annotation_unreviewed
106888.015,332,electrocution,consequences/severity,severity,1,hospitalized injury,real,True,sha256:9dc64febec01c93d775dd15a7f2cddb8c9d0ed710f8764fae1e6c52960606e85,source_published_annotation,source_published_annotation_unreviewed
106888.015,332,electrocution,accident_type,accident_type,1,electrocution,real,True,sha256:9dc64febec01c93d775dd15a7f2cddb8c9d0ed710f8764fae1e6c52960606e85,source_published_annotation,source_published_annotation_unreviewed
107590.015,333,fall,working_circumstances/construction_trade,construction_trade,1,finishes,real,True,sha256:9dc64febec01c93d775dd15a7f2cddb8c9d0ed710f8764fae1e6c52960606e85,source_published_annotation,source_published_annotation_unreviewed
107590.015,333,fall,consequences/severity,severity,1,non hospitalized injury,real,True,sha256:9dc64febec01c93d775dd15a7f2cddb8c9d0ed710f8764fae1e6c52960606e85,source_published_annotation,source_published_annotation_unreviewed
107590.015,333,fall,accident_type,accident_type,1,fall,real,True,sha256:9dc64febec01c93d775dd15a7f2cddb8c9d0ed710f8764fae1e6c52960606e85,source_published_annotation,source_published_annotation_unreviewed
106785.015,334,electrocution,working_circumstances/construction_trade,construction_trade,1,electrical,real,True,sha256:9dc64febec01c93d775dd15a7f2cddb8c9d0ed710f8764fae1e6c52960606e85,source_published_annotation,source_published_annotation_unreviewed
106785.015,334,electrocution,consequences/severity,severity,1,hospitalized injury,real,True,sha256:9dc64febec01c93d775dd15a7f2cddb8c9d0ed710f8764fae1e6c52960606e85,source_published_annotation,source_published_annotation_unreviewed
106785.015,334,electrocution,accident_type,accident_type,1,electrocution,real,True,sha256:9dc64febec01c93d775dd15a7f2cddb8c9d0ed710f8764fae1e6c52960606e85,source_published_annotation,source_published_annotation_unreviewed
106691.015,335,fall,working_circumstances/construction_trade,construction_trade,1,thermal and moisture protection,real,True,sha256:9dc64febec01c93d775dd15a7f2cddb8c9d0ed710f8764fae1e6c52960606e85,source_published_annotation,source_published_annotation_unreviewed
106691.015,335,fall,consequences/severity,severity,1,hospitalized injury,real,True,sha256:9dc64febec01c93d775dd15a7f2cddb8c9d0ed710f8764fae1e6c52960606e85,source_published_annotation,source_published_annotation_unreviewed
106691.015,335,fall,accident_type,accident_type,1,fall,real,True,sha256:9dc64febec01c93d775dd15a7f2cddb8c9d0ed710f8764fae1e6c52960606e85,source_published_annotation,source_published_annotation_unreviewed
106532.015,336,fall,working_circumstances/construction_trade,construction_trade,1,thermal and moisture protection,real,True,sha256:9dc64febec01c93d775dd15a7f2cddb8c9d0ed710f8764fae1e6c52960606e85,source_published_annotation,source_published_annotation_unreviewed
106532.015,336,fall,consequences/severity,severity,1,hospitalized injury,real,True,sha256:9dc64febec01c93d775dd15a7f2cddb8c9d0ed710f8764fae1e6c52960606e85,source_published_annotation,source_published_annotation_unreviewed
106532.015,336,fall,accident_type,accident_type,1,fall,real,True,sha256:9dc64febec01c93d775dd15a7f2cddb8c9d0ed710f8764fae1e6c52960606e85,source_published_annotation,source_published_annotation_unreviewed
111796.015,337,fall,working_circumstances/construction_trade,construction_trade,1,"heating, ventilating, and air conditioning (hvac)",real,True,sha256:9dc64febec01c93d775dd15a7f2cddb8c9d0ed710f8764fae1e6c52960606e85,source_published_annotation,source_published_annotation_unreviewed
111796.015,337,fall,consequences/severity,severity,1,hospitalized injury,real,True,sha256:9dc64febec01c93d775dd15a7f2cddb8c9d0ed710f8764fae1e6c52960606e85,source_published_annotation,source_published_annotation_unreviewed
111796.015,337,fall,accident_type,accident_type,1,fall,real,True,sha256:9dc64febec01c93d775dd15a7f2cddb8c9d0ed710f8764fae1e6c52960606e85,source_published_annotation,source_published_annotation_unreviewed
106852.015,338,struck-by,working_circumstances/construction_trade,construction_trade,1,exterior improvements,real,True,sha256:9dc64febec01c93d775dd15a7f2cddb8c9d0ed710f8764fae1e6c52960606e85,source_published_annotation,source_published_annotation_unreviewed
106852.015,338,struck-by,consequences/severity,severity,1,hospitalized injury,real,True,sha256:9dc64febec01c93d775dd15a7f2cddb8c9d0ed710f8764fae1e6c52960606e85,source_published_annotation,source_published_annotation_unreviewed
106852.015,338,struck-by,accident_type,accident_type,1,struck-by,real,True,sha256:9dc64febec01c93d775dd15a7f2cddb8c9d0ed710f8764fae1e6c52960606e85,source_published_annotation,source_published_annotation_unreviewed
106828.015,339,fall,working_circumstances/construction_trade,construction_trade,1,finishes,real,True,sha256:9dc64febec01c93d775dd15a7f2cddb8c9d0ed710f8764fae1e6c52960606e85,source_published_annotation,source_published_annotation_unreviewed
106828.015,339,fall,consequences/severity,severity,1,fatality,real,True,sha256:9dc64febec01c93d775dd15a7f2cddb8c9d0ed710f8764fae1e6c52960606e85,source_published_annotation,source_published_annotation_unreviewed
106828.015,339,fall,accident_type,accident_type,1,fall,real,True,sha256:9dc64febec01c93d775dd15a7f2cddb8c9d0ed710f8764fae1e6c52960606e85,source_published_annotation,source_published_annotation_unreviewed
106542.015,340,fall,working_circumstances/construction_trade,construction_trade,1,thermal and moisture protection,real,True,sha256:9dc64febec01c93d775dd15a7f2cddb8c9d0ed710f8764fae1e6c52960606e85,source_published_annotation,source_published_annotation_unreviewed
106542.015,340,fall,consequences/severity,severity,1,hospitalized injury,real,True,sha256:9dc64febec01c93d775dd15a7f2cddb8c9d0ed710f8764fae1e6c52960606e85,source_published_annotation,source_published_annotation_unreviewed
106542.015,340,fall,accident_type,accident_type,1,fall,real,True,sha256:9dc64febec01c93d775dd15a7f2cddb8c9d0ed710f8764fae1e6c52960606e85,source_published_annotation,source_published_annotation_unreviewed
106537.015,341,fall,working_circumstances/construction_trade,construction_trade,1,thermal and moisture protection,real,True,sha256:9dc64febec01c93d775dd15a7f2cddb8c9d0ed710f8764fae1e6c52960606e85,source_published_annotation,source_published_annotation_unreviewed
106537.015,341,fall,consequences/severity,severity,1,hospitalized injury,real,True,sha256:9dc64febec01c93d775dd15a7f2cddb8c9d0ed710f8764fae1e6c52960606e85,source_published_annotation,source_published_annotation_unreviewed
106537.015,341,fall,accident_type,accident_type,1,fall,real,True,sha256:9dc64febec01c93d775dd15a7f2cddb8c9d0ed710f8764fae1e6c52960606e85,source_published_annotation,source_published_annotation_unreviewed
106395.015,342,fall,working_circumstances/construction_trade,construction_trade,1,"wood, plastics, and composites",real,True,sha256:9dc64febec01c93d775dd15a7f2cddb8c9d0ed710f8764fae1e6c52960606e85,source_published_annotation,source_published_annotation_unreviewed
106395.015,342,fall,consequences/severity,severity,1,fatality,real,True,sha256:9dc64febec01c93d775dd15a7f2cddb8c9d0ed710f8764fae1e6c52960606e85,source_published_annotation,source_published_annotation_unreviewed
106395.015,342,fall,accident_type,accident_type,1,fall,real,True,sha256:9dc64febec01c93d775dd15a7f2cddb8c9d0ed710f8764fae1e6c52960606e85,source_published_annotation,source_published_annotation_unreviewed
106625.015,343,fall,working_circumstances/construction_trade,construction_trade,1,metals,real,True,sha256:9dc64febec01c93d775dd15a7f2cddb8c9d0ed710f8764fae1e6c52960606e85,source_published_annotation,source_published_annotation_unreviewed
106625.015,343,fall,consequences/severity,severity,1,hospitalized injury,real,True,sha256:9dc64febec01c93d775dd15a7f2cddb8c9d0ed710f8764fae1e6c52960606e85,source_published_annotation,source_published_annotation_unreviewed
106625.015,343,fall,accident_type,accident_type,1,fall,real,True,sha256:9dc64febec01c93d775dd15a7f2cddb8c9d0ed710f8764fae1e6c52960606e85,source_published_annotation,source_published_annotation_unreviewed
106529.015,344,fall,working_circumstances/construction_trade,construction_trade,1,thermal and moisture protection,real,True,sha256:9dc64febec01c93d775dd15a7f2cddb8c9d0ed710f8764fae1e6c52960606e85,source_published_annotation,source_published_annotation_unreviewed
106529.015,344,fall,consequences/severity,severity,1,hospitalized injury,real,True,sha256:9dc64febec01c93d775dd15a7f2cddb8c9d0ed710f8764fae1e6c52960606e85,source_published_annotation,source_published_annotation_unreviewed
106529.015,344,fall,accident_type,accident_type,1,fall,real,True,sha256:9dc64febec01c93d775dd15a7f2cddb8c9d0ed710f8764fae1e6c52960606e85,source_published_annotation,source_published_annotation_unreviewed
107374.015,345,fall,working_circumstances/construction_trade,construction_trade,1,"wood, plastics, and composites",real,True,sha256:9dc64febec01c93d775dd15a7f2cddb8c9d0ed710f8764fae1e6c52960606e85,source_published_annotation,source_published_annotation_unreviewed
107374.015,345,fall,consequences/severity,severity,1,hospitalized injury,real,True,sha256:9dc64febec01c93d775dd15a7f2cddb8c9d0ed710f8764fae1e6c52960606e85,source_published_annotation,source_published_annotation_unreviewed
107374.015,345,fall,accident_type,accident_type,1,fall,real,True,sha256:9dc64febec01c93d775dd15a7f2cddb8c9d0ed710f8764fae1e6c52960606e85,source_published_annotation,source_published_annotation_unreviewed
106457.015,346,electrocution,working_circumstances/construction_trade,construction_trade,1,electrical,real,True,sha256:9dc64febec01c93d775dd15a7f2cddb8c9d0ed710f8764fae1e6c52960606e85,source_published_annotation,source_published_annotation_unreviewed
106457.015,346,electrocution,consequences/severity,severity,1,hospitalized injury,real,True,sha256:9dc64febec01c93d775dd15a7f2cddb8c9d0ed710f8764fae1e6c52960606e85,source_published_annotation,source_published_annotation_unreviewed
106457.015,346,electrocution,accident_type,accident_type,1,electrocution,real,True,sha256:9dc64febec01c93d775dd15a7f2cddb8c9d0ed710f8764fae1e6c52960606e85,source_published_annotation,source_published_annotation_unreviewed
106271.015,347,fall,working_circumstances/construction_trade,construction_trade,1,thermal and moisture protection,real,True,sha256:9dc64febec01c93d775dd15a7f2cddb8c9d0ed710f8764fae1e6c52960606e85,source_published_annotation,source_published_annotation_unreviewed
106271.015,347,fall,consequences/severity,severity,1,hospitalized injury,real,True,sha256:9dc64febec01c93d775dd15a7f2cddb8c9d0ed710f8764fae1e6c52960606e85,source_published_annotation,source_published_annotation_unreviewed
106271.015,347,fall,accident_type,accident_type,1,fall,real,True,sha256:9dc64febec01c93d775dd15a7f2cddb8c9d0ed710f8764fae1e6c52960606e85,source_published_annotation,source_published_annotation_unreviewed
106791.015,348,fall,working_circumstances/construction_trade,construction_trade,1,openings,real,True,sha256:9dc64febec01c93d775dd15a7f2cddb8c9d0ed710f8764fae1e6c52960606e85,source_published_annotation,source_published_annotation_unreviewed
106791.015,348,fall,consequences/severity,severity,1,hospitalized injury,real,True,sha256:9dc64febec01c93d775dd15a7f2cddb8c9d0ed710f8764fae1e6c52960606e85,source_published_annotation,source_published_annotation_unreviewed
106791.015,348,fall,accident_type,accident_type,1,fall,real,True,sha256:9dc64febec01c93d775dd15a7f2cddb8c9d0ed710f8764fae1e6c52960606e85,source_published_annotation,source_published_annotation_unreviewed
109472.015,349,struck-by,working_circumstances/construction_trade,construction_trade,1,"heating, ventilating, and air conditioning (hvac)",real,True,sha256:9dc64febec01c93d775dd15a7f2cddb8c9d0ed710f8764fae1e6c52960606e85,source_published_annotation,source_published_annotation_unreviewed
109472.015,349,struck-by,consequences/severity,severity,1,hospitalized injury,real,True,sha256:9dc64febec01c93d775dd15a7f2cddb8c9d0ed710f8764fae1e6c52960606e85,source_published_annotation,source_published_annotation_unreviewed
109472.015,349,struck-by,accident_type,accident_type,1,struck-by,real,True,sha256:9dc64febec01c93d775dd15a7f2cddb8c9d0ed710f8764fae1e6c52960606e85,source_published_annotation,source_published_annotation_unreviewed
106331.015,350,fall,working_circumstances/construction_trade,construction_trade,1,thermal and moisture protection,real,True,sha256:9dc64febec01c93d775dd15a7f2cddb8c9d0ed710f8764fae1e6c52960606e85,source_published_annotation,source_published_annotation_unreviewed
106331.015,350,fall,consequences/severity,severity,1,hospitalized injury,real,True,sha256:9dc64febec01c93d775dd15a7f2cddb8c9d0ed710f8764fae1e6c52960606e85,source_published_annotation,source_published_annotation_unreviewed
106331.015,350,fall,accident_type,accident_type,1,fall,real,True,sha256:9dc64febec01c93d775dd15a7f2cddb8c9d0ed710f8764fae1e6c52960606e85,source_published_annotation,source_published_annotation_unreviewed
106290.015,351,electrocution,working_circumstances/construction_trade,construction_trade,1,electrical,real,True,sha256:9dc64febec01c93d775dd15a7f2cddb8c9d0ed710f8764fae1e6c52960606e85,source_published_annotation,source_published_annotation_unreviewed
106290.015,351,electrocution,consequences/severity,severity,1,hospitalized injury,real,True,sha256:9dc64febec01c93d775dd15a7f2cddb8c9d0ed710f8764fae1e6c52960606e85,source_published_annotation,source_published_annotation_unreviewed
106290.015,351,electrocution,accident_type,accident_type,1,electrocution,real,True,sha256:9dc64febec01c93d775dd15a7f2cddb8c9d0ed710f8764fae1e6c52960606e85,source_published_annotation,source_published_annotation_unreviewed
106174.015,352,fall,working_circumstances/construction_trade,construction_trade,1,thermal and moisture protection,real,True,sha256:9dc64febec01c93d775dd15a7f2cddb8c9d0ed710f8764fae1e6c52960606e85,source_published_annotation,source_published_annotation_unreviewed
106174.015,352,fall,consequences/severity,severity,1,fatality,real,True,sha256:9dc64febec01c93d775dd15a7f2cddb8c9d0ed710f8764fae1e6c52960606e85,source_published_annotation,source_published_annotation_unreviewed
106174.015,352,fall,accident_type,accident_type,1,fall,real,True,sha256:9dc64febec01c93d775dd15a7f2cddb8c9d0ed710f8764fae1e6c52960606e85,source_published_annotation,source_published_annotation_unreviewed
106097.015,353,fall,working_circumstances/construction_trade,construction_trade,1,thermal and moisture protection,real,True,sha256:9dc64febec01c93d775dd15a7f2cddb8c9d0ed710f8764fae1e6c52960606e85,source_published_annotation,source_published_annotation_unreviewed
106097.015,353,fall,consequences/severity,severity,1,hospitalized injury,real,True,sha256:9dc64febec01c93d775dd15a7f2cddb8c9d0ed710f8764fae1e6c52960606e85,source_published_annotation,source_published_annotation_unreviewed
106097.015,353,fall,accident_type,accident_type,1,fall,real,True,sha256:9dc64febec01c93d775dd15a7f2cddb8c9d0ed710f8764fae1e6c52960606e85,source_published_annotation,source_published_annotation_unreviewed
105536.015,354,fall,working_circumstances/construction_trade,construction_trade,1,finishes,real,True,sha256:9dc64febec01c93d775dd15a7f2cddb8c9d0ed710f8764fae1e6c52960606e85,source_published_annotation,source_published_annotation_unreviewed
105536.015,354,fall,consequences/severity,severity,1,hospitalized injury,real,True,sha256:9dc64febec01c93d775dd15a7f2cddb8c9d0ed710f8764fae1e6c52960606e85,source_published_annotation,source_published_annotation_unreviewed
105536.015,354,fall,accident_type,accident_type,1,fall,real,True,sha256:9dc64febec01c93d775dd15a7f2cddb8c9d0ed710f8764fae1e6c52960606e85,source_published_annotation,source_published_annotation_unreviewed
106093.015,355,electrocution,working_circumstances/construction_trade,construction_trade,1,electrical,real,True,sha256:9dc64febec01c93d775dd15a7f2cddb8c9d0ed710f8764fae1e6c52960606e85,source_published_annotation,source_published_annotation_unreviewed
106093.015,355,electrocution,consequences/severity,severity,1,fatality,real,True,sha256:9dc64febec01c93d775dd15a7f2cddb8c9d0ed710f8764fae1e6c52960606e85,source_published_annotation,source_published_annotation_unreviewed
106093.015,355,electrocution,accident_type,accident_type,1,electrocution,real,True,sha256:9dc64febec01c93d775dd15a7f2cddb8c9d0ed710f8764fae1e6c52960606e85,source_published_annotation,source_published_annotation_unreviewed
106558.015,356,fall,working_circumstances/construction_trade,construction_trade,1,"heating, ventilating, and air conditioning (hvac)",real,True,sha256:9dc64febec01c93d775dd15a7f2cddb8c9d0ed710f8764fae1e6c52960606e85,source_published_annotation,source_published_annotation_unreviewed
106558.015,356,fall,consequences/severity,severity,1,hospitalized injury,real,True,sha256:9dc64febec01c93d775dd15a7f2cddb8c9d0ed710f8764fae1e6c52960606e85,source_published_annotation,source_published_annotation_unreviewed
106558.015,356,fall,accident_type,accident_type,1,fall,real,True,sha256:9dc64febec01c93d775dd15a7f2cddb8c9d0ed710f8764fae1e6c52960606e85,source_published_annotation,source_published_annotation_unreviewed
105917.015,357,electrocution,working_circumstances/construction_trade,construction_trade,1,electrical,real,True,sha256:9dc64febec01c93d775dd15a7f2cddb8c9d0ed710f8764fae1e6c52960606e85,source_published_annotation,source_published_annotation_unreviewed
105917.015,357,electrocution,consequences/severity,severity,1,hospitalized injury,real,True,sha256:9dc64febec01c93d775dd15a7f2cddb8c9d0ed710f8764fae1e6c52960606e85,source_published_annotation,source_published_annotation_unreviewed
105917.015,357,electrocution,accident_type,accident_type,1,electrocution,real,True,sha256:9dc64febec01c93d775dd15a7f2cddb8c9d0ed710f8764fae1e6c52960606e85,source_published_annotation,source_published_annotation_unreviewed
106430.015,358,fall,working_circumstances/construction_trade,construction_trade,1,thermal and moisture protection,real,True,sha256:9dc64febec01c93d775dd15a7f2cddb8c9d0ed710f8764fae1e6c52960606e85,source_published_annotation,source_published_annotation_unreviewed
106430.015,358,fall,consequences/severity,severity,1,hospitalized injury,real,True,sha256:9dc64febec01c93d775dd15a7f2cddb8c9d0ed710f8764fae1e6c52960606e85,source_published_annotation,source_published_annotation_unreviewed
106430.015,358,fall,accident_type,accident_type,1,fall,real,True,sha256:9dc64febec01c93d775dd15a7f2cddb8c9d0ed710f8764fae1e6c52960606e85,source_published_annotation,source_published_annotation_unreviewed
105800.015,359,fall,working_circumstances/construction_trade,construction_trade,1,existing conditions,real,True,sha256:9dc64febec01c93d775dd15a7f2cddb8c9d0ed710f8764fae1e6c52960606e85,source_published_annotation,source_published_annotation_unreviewed
105800.015,359,fall,consequences/severity,severity,1,hospitalized injury,real,True,sha256:9dc64febec01c93d775dd15a7f2cddb8c9d0ed710f8764fae1e6c52960606e85,source_published_annotation,source_published_annotation_unreviewed
105800.015,359,fall,accident_type,accident_type,1,fall,real,True,sha256:9dc64febec01c93d775dd15a7f2cddb8c9d0ed710f8764fae1e6c52960606e85,source_published_annotation,source_published_annotation_unreviewed
108066.015,360,struck-by,working_circumstances/construction_trade,construction_trade,1,"wood, plastics, and composites",real,True,sha256:9dc64febec01c93d775dd15a7f2cddb8c9d0ed710f8764fae1e6c52960606e85,source_published_annotation,source_published_annotation_unreviewed
108066.015,360,struck-by,consequences/severity,severity,1,non hospitalized injury,real,True,sha256:9dc64febec01c93d775dd15a7f2cddb8c9d0ed710f8764fae1e6c52960606e85,source_published_annotation,source_published_annotation_unreviewed
108066.015,360,struck-by,accident_type,accident_type,1,struck-by,real,True,sha256:9dc64febec01c93d775dd15a7f2cddb8c9d0ed710f8764fae1e6c52960606e85,source_published_annotation,source_published_annotation_unreviewed
105879.015,361,fall,working_circumstances/construction_trade,construction_trade,1,finishes,real,True,sha256:9dc64febec01c93d775dd15a7f2cddb8c9d0ed710f8764fae1e6c52960606e85,source_published_annotation,source_published_annotation_unreviewed
105879.015,361,fall,consequences/severity,severity,1,hospitalized injury,real,True,sha256:9dc64febec01c93d775dd15a7f2cddb8c9d0ed710f8764fae1e6c52960606e85,source_published_annotation,source_published_annotation_unreviewed
105879.015,361,fall,accident_type,accident_type,1,fall,real,True,sha256:9dc64febec01c93d775dd15a7f2cddb8c9d0ed710f8764fae1e6c52960606e85,source_published_annotation,source_published_annotation_unreviewed
106017.015,362,fall,working_circumstances/construction_trade,construction_trade,1,finishes,real,True,sha256:9dc64febec01c93d775dd15a7f2cddb8c9d0ed710f8764fae1e6c52960606e85,source_published_annotation,source_published_annotation_unreviewed
106017.015,362,fall,consequences/severity,severity,1,hospitalized injury,real,True,sha256:9dc64febec01c93d775dd15a7f2cddb8c9d0ed710f8764fae1e6c52960606e85,source_published_annotation,source_published_annotation_unreviewed
106017.015,362,fall,accident_type,accident_type,1,fall,real,True,sha256:9dc64febec01c93d775dd15a7f2cddb8c9d0ed710f8764fae1e6c52960606e85,source_published_annotation,source_published_annotation_unreviewed
106211.015,363,struck-by,working_circumstances/construction_trade,construction_trade,1,finishes,real,True,sha256:9dc64febec01c93d775dd15a7f2cddb8c9d0ed710f8764fae1e6c52960606e85,source_published_annotation,source_published_annotation_unreviewed
106211.015,363,struck-by,consequences/severity,severity,1,non hospitalized injury,real,True,sha256:9dc64febec01c93d775dd15a7f2cddb8c9d0ed710f8764fae1e6c52960606e85,source_published_annotation,source_published_annotation_unreviewed
106211.015,363,struck-by,accident_type,accident_type,1,struck-by,real,True,sha256:9dc64febec01c93d775dd15a7f2cddb8c9d0ed710f8764fae1e6c52960606e85,source_published_annotation,source_published_annotation_unreviewed
106626.015,364,fall,working_circumstances/construction_trade,construction_trade,1,thermal and moisture protection,real,True,sha256:9dc64febec01c93d775dd15a7f2cddb8c9d0ed710f8764fae1e6c52960606e85,source_published_annotation,source_published_annotation_unreviewed
106626.015,364,fall,consequences/severity,severity,1,hospitalized injury,real,True,sha256:9dc64febec01c93d775dd15a7f2cddb8c9d0ed710f8764fae1e6c52960606e85,source_published_annotation,source_published_annotation_unreviewed
106626.015,364,fall,accident_type,accident_type,1,fall,real,True,sha256:9dc64febec01c93d775dd15a7f2cddb8c9d0ed710f8764fae1e6c52960606e85,source_published_annotation,source_published_annotation_unreviewed
106165.015,365,fall,working_circumstances/construction_trade,construction_trade,1,thermal and moisture protection,real,True,sha256:9dc64febec01c93d775dd15a7f2cddb8c9d0ed710f8764fae1e6c52960606e85,source_published_annotation,source_published_annotation_unreviewed
106165.015,365,fall,consequences/severity,severity,1,hospitalized injury,real,True,sha256:9dc64febec01c93d775dd15a7f2cddb8c9d0ed710f8764fae1e6c52960606e85,source_published_annotation,source_published_annotation_unreviewed
106165.015,365,fall,accident_type,accident_type,1,fall,real,True,sha256:9dc64febec01c93d775dd15a7f2cddb8c9d0ed710f8764fae1e6c52960606e85,source_published_annotation,source_published_annotation_unreviewed
105691.015,366,caught-in/between,working_circumstances/construction_trade,construction_trade,1,concrete,real,True,sha256:9dc64febec01c93d775dd15a7f2cddb8c9d0ed710f8764fae1e6c52960606e85,source_published_annotation,source_published_annotation_unreviewed
105691.015,366,caught-in/between,consequences/severity,severity,1,hospitalized injury,real,True,sha256:9dc64febec01c93d775dd15a7f2cddb8c9d0ed710f8764fae1e6c52960606e85,source_published_annotation,source_published_annotation_unreviewed
105691.015,366,caught-in/between,accident_type,accident_type,1,caught-in/between,real,True,sha256:9dc64febec01c93d775dd15a7f2cddb8c9d0ed710f8764fae1e6c52960606e85,source_published_annotation,source_published_annotation_unreviewed
107348.015,367,fall,working_circumstances/construction_trade,construction_trade,1,concrete,real,True,sha256:9dc64febec01c93d775dd15a7f2cddb8c9d0ed710f8764fae1e6c52960606e85,source_published_annotation,source_published_annotation_unreviewed
107348.015,367,fall,consequences/severity,severity,1,non hospitalized injury,real,True,sha256:9dc64febec01c93d775dd15a7f2cddb8c9d0ed710f8764fae1e6c52960606e85,source_published_annotation,source_published_annotation_unreviewed
107348.015,367,fall,accident_type,accident_type,1,fall,real,True,sha256:9dc64febec01c93d775dd15a7f2cddb8c9d0ed710f8764fae1e6c52960606e85,source_published_annotation,source_published_annotation_unreviewed
105918.015,368,fall,working_circumstances/construction_trade,construction_trade,1,thermal and moisture protection,real,True,sha256:9dc64febec01c93d775dd15a7f2cddb8c9d0ed710f8764fae1e6c52960606e85,source_published_annotation,source_published_annotation_unreviewed
105918.015,368,fall,consequences/severity,severity,1,hospitalized injury,real,True,sha256:9dc64febec01c93d775dd15a7f2cddb8c9d0ed710f8764fae1e6c52960606e85,source_published_annotation,source_published_annotation_unreviewed
105918.015,368,fall,accident_type,accident_type,1,fall,real,True,sha256:9dc64febec01c93d775dd15a7f2cddb8c9d0ed710f8764fae1e6c52960606e85,source_published_annotation,source_published_annotation_unreviewed
105784.015,369,struck-by,working_circumstances/construction_trade,construction_trade,1,"wood, plastics, and composites",real,True,sha256:9dc64febec01c93d775dd15a7f2cddb8c9d0ed710f8764fae1e6c52960606e85,source_published_annotation,source_published_annotation_unreviewed
105784.015,369,struck-by,consequences/severity,severity,1,hospitalized injury,real,True,sha256:9dc64febec01c93d775dd15a7f2cddb8c9d0ed710f8764fae1e6c52960606e85,source_published_annotation,source_published_annotation_unreviewed
105784.015,369,struck-by,accident_type,accident_type,1,struck-by,real,True,sha256:9dc64febec01c93d775dd15a7f2cddb8c9d0ed710f8764fae1e6c52960606e85,source_published_annotation,source_published_annotation_unreviewed
105640.015,370,electrocution,working_circumstances/construction_trade,construction_trade,1,"heating, ventilating, and air conditioning (hvac)",real,True,sha256:9dc64febec01c93d775dd15a7f2cddb8c9d0ed710f8764fae1e6c52960606e85,source_published_annotation,source_published_annotation_unreviewed
105640.015,370,electrocution,consequences/severity,severity,1,hospitalized injury,real,True,sha256:9dc64febec01c93d775dd15a7f2cddb8c9d0ed710f8764fae1e6c52960606e85,source_published_annotation,source_published_annotation_unreviewed
105640.015,370,electrocution,accident_type,accident_type,1,electrocution,real,True,sha256:9dc64febec01c93d775dd15a7f2cddb8c9d0ed710f8764fae1e6c52960606e85,source_published_annotation,source_published_annotation_unreviewed
105632.015,371,fall,working_circumstances/construction_trade,construction_trade,1,electrical,real,True,sha256:9dc64febec01c93d775dd15a7f2cddb8c9d0ed710f8764fae1e6c52960606e85,source_published_annotation,source_published_annotation_unreviewed
105632.015,371,fall,consequences/severity,severity,1,non hospitalized injury,real,True,sha256:9dc64febec01c93d775dd15a7f2cddb8c9d0ed710f8764fae1e6c52960606e85,source_published_annotation,source_published_annotation_unreviewed
105632.015,371,fall,accident_type,accident_type,1,fall,real,True,sha256:9dc64febec01c93d775dd15a7f2cddb8c9d0ed710f8764fae1e6c52960606e85,source_published_annotation,source_published_annotation_unreviewed
105665.015,372,fall,consequences/severity,severity,1,hospitalized injury,real,True,sha256:9dc64febec01c93d775dd15a7f2cddb8c9d0ed710f8764fae1e6c52960606e85,source_published_annotation,source_published_annotation_unreviewed
105665.015,372,fall,accident_type,accident_type,1,fall,real,True,sha256:9dc64febec01c93d775dd15a7f2cddb8c9d0ed710f8764fae1e6c52960606e85,source_published_annotation,source_published_annotation_unreviewed
107073.015,373,fall,working_circumstances/construction_trade,construction_trade,1,concrete,real,True,sha256:9dc64febec01c93d775dd15a7f2cddb8c9d0ed710f8764fae1e6c52960606e85,source_published_annotation,source_published_annotation_unreviewed
107073.015,373,fall,consequences/severity,severity,1,hospitalized injury,real,True,sha256:9dc64febec01c93d775dd15a7f2cddb8c9d0ed710f8764fae1e6c52960606e85,source_published_annotation,source_published_annotation_unreviewed
107073.015,373,fall,accident_type,accident_type,1,fall,real,True,sha256:9dc64febec01c93d775dd15a7f2cddb8c9d0ed710f8764fae1e6c52960606e85,source_published_annotation,source_published_annotation_unreviewed
105992.015,374,fall,working_circumstances/construction_trade,construction_trade,1,thermal and moisture protection,real,True,sha256:9dc64febec01c93d775dd15a7f2cddb8c9d0ed710f8764fae1e6c52960606e85,source_published_annotation,source_published_annotation_unreviewed
105992.015,374,fall,consequences/severity,severity,1,hospitalized injury,real,True,sha256:9dc64febec01c93d775dd15a7f2cddb8c9d0ed710f8764fae1e6c52960606e85,source_published_annotation,source_published_annotation_unreviewed
105992.015,374,fall,accident_type,accident_type,1,fall,real,True,sha256:9dc64febec01c93d775dd15a7f2cddb8c9d0ed710f8764fae1e6c52960606e85,source_published_annotation,source_published_annotation_unreviewed
109437.015,375,fall,working_circumstances/construction_trade,construction_trade,1,thermal and moisture protection,real,True,sha256:9dc64febec01c93d775dd15a7f2cddb8c9d0ed710f8764fae1e6c52960606e85,source_published_annotation,source_published_annotation_unreviewed
109437.015,375,fall,consequences/severity,severity,1,hospitalized injury,real,True,sha256:9dc64febec01c93d775dd15a7f2cddb8c9d0ed710f8764fae1e6c52960606e85,source_published_annotation,source_published_annotation_unreviewed
109437.015,375,fall,accident_type,accident_type,1,fall,real,True,sha256:9dc64febec01c93d775dd15a7f2cddb8c9d0ed710f8764fae1e6c52960606e85,source_published_annotation,source_published_annotation_unreviewed
129826.015,376,fall,working_circumstances/construction_trade,construction_trade,1,finishes,real,True,sha256:9dc64febec01c93d775dd15a7f2cddb8c9d0ed710f8764fae1e6c52960606e85,source_published_annotation,source_published_annotation_unreviewed
129826.015,376,fall,consequences/severity,severity,1,fatality,real,True,sha256:9dc64febec01c93d775dd15a7f2cddb8c9d0ed710f8764fae1e6c52960606e85,source_published_annotation,source_published_annotation_unreviewed
129826.015,376,fall,accident_type,accident_type,1,fall,real,True,sha256:9dc64febec01c93d775dd15a7f2cddb8c9d0ed710f8764fae1e6c52960606e85,source_published_annotation,source_published_annotation_unreviewed
107411.015,377,electrocution,working_circumstances/construction_trade,construction_trade,1,electrical,real,True,sha256:9dc64febec01c93d775dd15a7f2cddb8c9d0ed710f8764fae1e6c52960606e85,source_published_annotation,source_published_annotation_unreviewed
107411.015,377,electrocution,consequences/severity,severity,1,hospitalized injury,real,True,sha256:9dc64febec01c93d775dd15a7f2cddb8c9d0ed710f8764fae1e6c52960606e85,source_published_annotation,source_published_annotation_unreviewed
107411.015,377,electrocution,accident_type,accident_type,1,electrocution,real,True,sha256:9dc64febec01c93d775dd15a7f2cddb8c9d0ed710f8764fae1e6c52960606e85,source_published_annotation,source_published_annotation_unreviewed
105317.015,378,fall,working_circumstances/construction_trade,construction_trade,1,thermal and moisture protection,real,True,sha256:9dc64febec01c93d775dd15a7f2cddb8c9d0ed710f8764fae1e6c52960606e85,source_published_annotation,source_published_annotation_unreviewed
105317.015,378,fall,consequences/severity,severity,1,hospitalized injury,real,True,sha256:9dc64febec01c93d775dd15a7f2cddb8c9d0ed710f8764fae1e6c52960606e85,source_published_annotation,source_published_annotation_unreviewed
105317.015,378,fall,accident_type,accident_type,1,fall,real,True,sha256:9dc64febec01c93d775dd15a7f2cddb8c9d0ed710f8764fae1e6c52960606e85,source_published_annotation,source_published_annotation_unreviewed
105254.015,379,caught-in/between,working_circumstances/construction_trade,construction_trade,1,concrete,real,True,sha256:9dc64febec01c93d775dd15a7f2cddb8c9d0ed710f8764fae1e6c52960606e85,source_published_annotation,source_published_annotation_unreviewed
105254.015,379,caught-in/between,consequences/severity,severity,1,hospitalized injury,real,True,sha256:9dc64febec01c93d775dd15a7f2cddb8c9d0ed710f8764fae1e6c52960606e85,source_published_annotation,source_published_annotation_unreviewed
105254.015,379,caught-in/between,accident_type,accident_type,1,caught-in/between,real,True,sha256:9dc64febec01c93d775dd15a7f2cddb8c9d0ed710f8764fae1e6c52960606e85,source_published_annotation,source_published_annotation_unreviewed
105190.015,380,caught-in/between,working_circumstances/construction_trade,construction_trade,1,utilities,real,True,sha256:9dc64febec01c93d775dd15a7f2cddb8c9d0ed710f8764fae1e6c52960606e85,source_published_annotation,source_published_annotation_unreviewed
105190.015,380,caught-in/between,consequences/severity,severity,1,hospitalized injury,real,True,sha256:9dc64febec01c93d775dd15a7f2cddb8c9d0ed710f8764fae1e6c52960606e85,source_published_annotation,source_published_annotation_unreviewed
105190.015,380,caught-in/between,accident_type,accident_type,1,caught-in/between,real,True,sha256:9dc64febec01c93d775dd15a7f2cddb8c9d0ed710f8764fae1e6c52960606e85,source_published_annotation,source_published_annotation_unreviewed
105197.015,381,fall,working_circumstances/construction_trade,construction_trade,1,concrete,real,True,sha256:9dc64febec01c93d775dd15a7f2cddb8c9d0ed710f8764fae1e6c52960606e85,source_published_annotation,source_published_annotation_unreviewed
105197.015,381,fall,consequences/severity,severity,1,hospitalized injury,real,True,sha256:9dc64febec01c93d775dd15a7f2cddb8c9d0ed710f8764fae1e6c52960606e85,source_published_annotation,source_published_annotation_unreviewed
105197.015,381,fall,accident_type,accident_type,1,fall,real,True,sha256:9dc64febec01c93d775dd15a7f2cddb8c9d0ed710f8764fae1e6c52960606e85,source_published_annotation,source_published_annotation_unreviewed
110178.015,382,caught-in/between,working_circumstances/construction_trade,construction_trade,1,"heating, ventilating, and air conditioning (hvac)",real,True,sha256:9dc64febec01c93d775dd15a7f2cddb8c9d0ed710f8764fae1e6c52960606e85,source_published_annotation,source_published_annotation_unreviewed
110178.015,382,caught-in/between,consequences/severity,severity,1,hospitalized injury,real,True,sha256:9dc64febec01c93d775dd15a7f2cddb8c9d0ed710f8764fae1e6c52960606e85,source_published_annotation,source_published_annotation_unreviewed
110178.015,382,caught-in/between,accident_type,accident_type,1,caught-in/between,real,True,sha256:9dc64febec01c93d775dd15a7f2cddb8c9d0ed710f8764fae1e6c52960606e85,source_published_annotation,source_published_annotation_unreviewed
105869.015,383,struck-by,working_circumstances/construction_trade,construction_trade,1,finishes,real,True,sha256:9dc64febec01c93d775dd15a7f2cddb8c9d0ed710f8764fae1e6c52960606e85,source_published_annotation,source_published_annotation_unreviewed
105869.015,383,struck-by,consequences/severity,severity,1,hospitalized injury,real,True,sha256:9dc64febec01c93d775dd15a7f2cddb8c9d0ed710f8764fae1e6c52960606e85,source_published_annotation,source_published_annotation_unreviewed
105869.015,383,struck-by,accident_type,accident_type,1,struck-by,real,True,sha256:9dc64febec01c93d775dd15a7f2cddb8c9d0ed710f8764fae1e6c52960606e85,source_published_annotation,source_published_annotation_unreviewed
105014.015,384,fall,working_circumstances/construction_trade,construction_trade,1,thermal and moisture protection,real,True,sha256:9dc64febec01c93d775dd15a7f2cddb8c9d0ed710f8764fae1e6c52960606e85,source_published_annotation,source_published_annotation_unreviewed
105014.015,384,fall,consequences/severity,severity,1,hospitalized injury,real,True,sha256:9dc64febec01c93d775dd15a7f2cddb8c9d0ed710f8764fae1e6c52960606e85,source_published_annotation,source_published_annotation_unreviewed
105014.015,384,fall,accident_type,accident_type,1,fall,real,True,sha256:9dc64febec01c93d775dd15a7f2cddb8c9d0ed710f8764fae1e6c52960606e85,source_published_annotation,source_published_annotation_unreviewed
105040.015,385,fall,working_circumstances/construction_trade,construction_trade,1,electrical,real,True,sha256:9dc64febec01c93d775dd15a7f2cddb8c9d0ed710f8764fae1e6c52960606e85,source_published_annotation,source_published_annotation_unreviewed
105040.015,385,fall,consequences/severity,severity,1,hospitalized injury,real,True,sha256:9dc64febec01c93d775dd15a7f2cddb8c9d0ed710f8764fae1e6c52960606e85,source_published_annotation,source_published_annotation_unreviewed
105040.015,385,fall,accident_type,accident_type,1,fall,real,True,sha256:9dc64febec01c93d775dd15a7f2cddb8c9d0ed710f8764fae1e6c52960606e85,source_published_annotation,source_published_annotation_unreviewed
106289.015,386,electrocution,working_circumstances/construction_trade,construction_trade,1,electrical,real,True,sha256:9dc64febec01c93d775dd15a7f2cddb8c9d0ed710f8764fae1e6c52960606e85,source_published_annotation,source_published_annotation_unreviewed
106289.015,386,electrocution,consequences/severity,severity,1,hospitalized injury,real,True,sha256:9dc64febec01c93d775dd15a7f2cddb8c9d0ed710f8764fae1e6c52960606e85,source_published_annotation,source_published_annotation_unreviewed
106289.015,386,electrocution,accident_type,accident_type,1,electrocution,real,True,sha256:9dc64febec01c93d775dd15a7f2cddb8c9d0ed710f8764fae1e6c52960606e85,source_published_annotation,source_published_annotation_unreviewed
106181.015,387,fall,working_circumstances/construction_trade,construction_trade,1,"heating, ventilating, and air conditioning (hvac)",real,True,sha256:9dc64febec01c93d775dd15a7f2cddb8c9d0ed710f8764fae1e6c52960606e85,source_published_annotation,source_published_annotation_unreviewed
106181.015,387,fall,consequences/severity,severity,1,hospitalized injury,real,True,sha256:9dc64febec01c93d775dd15a7f2cddb8c9d0ed710f8764fae1e6c52960606e85,source_published_annotation,source_published_annotation_unreviewed
106181.015,387,fall,accident_type,accident_type,1,fall,real,True,sha256:9dc64febec01c93d775dd15a7f2cddb8c9d0ed710f8764fae1e6c52960606e85,source_published_annotation,source_published_annotation_unreviewed
104832.015,388,fall,working_circumstances/construction_trade,construction_trade,1,thermal and moisture protection,real,True,sha256:9dc64febec01c93d775dd15a7f2cddb8c9d0ed710f8764fae1e6c52960606e85,source_published_annotation,source_published_annotation_unreviewed
104832.015,388,fall,consequences/severity,severity,1,hospitalized injury,real,True,sha256:9dc64febec01c93d775dd15a7f2cddb8c9d0ed710f8764fae1e6c52960606e85,source_published_annotation,source_published_annotation_unreviewed
104832.015,388,fall,accident_type,accident_type,1,fall,real,True,sha256:9dc64febec01c93d775dd15a7f2cddb8c9d0ed710f8764fae1e6c52960606e85,source_published_annotation,source_published_annotation_unreviewed
105063.015,389,fall,working_circumstances/construction_trade,construction_trade,1,"wood, plastics, and composites",real,True,sha256:9dc64febec01c93d775dd15a7f2cddb8c9d0ed710f8764fae1e6c52960606e85,source_published_annotation,source_published_annotation_unreviewed
105063.015,389,fall,consequences/severity,severity,1,hospitalized injury,real,True,sha256:9dc64febec01c93d775dd15a7f2cddb8c9d0ed710f8764fae1e6c52960606e85,source_published_annotation,source_published_annotation_unreviewed
105063.015,389,fall,accident_type,accident_type,1,fall,real,True,sha256:9dc64febec01c93d775dd15a7f2cddb8c9d0ed710f8764fae1e6c52960606e85,source_published_annotation,source_published_annotation_unreviewed
104749.015,390,caught-in/between,working_circumstances/construction_trade,construction_trade,1,earthwork,real,True,sha256:9dc64febec01c93d775dd15a7f2cddb8c9d0ed710f8764fae1e6c52960606e85,source_published_annotation,source_published_annotation_unreviewed
104749.015,390,caught-in/between,consequences/severity,severity,1,hospitalized injury,real,True,sha256:9dc64febec01c93d775dd15a7f2cddb8c9d0ed710f8764fae1e6c52960606e85,source_published_annotation,source_published_annotation_unreviewed
104749.015,390,caught-in/between,accident_type,accident_type,1,caught-in/between,real,True,sha256:9dc64febec01c93d775dd15a7f2cddb8c9d0ed710f8764fae1e6c52960606e85,source_published_annotation,source_published_annotation_unreviewed
108476.015,391,fall,working_circumstances/construction_trade,construction_trade,1,masonry,real,True,sha256:9dc64febec01c93d775dd15a7f2cddb8c9d0ed710f8764fae1e6c52960606e85,source_published_annotation,source_published_annotation_unreviewed
108476.015,391,fall,consequences/severity,severity,1,hospitalized injury,real,True,sha256:9dc64febec01c93d775dd15a7f2cddb8c9d0ed710f8764fae1e6c52960606e85,source_published_annotation,source_published_annotation_unreviewed
108476.015,391,fall,accident_type,accident_type,1,fall,real,True,sha256:9dc64febec01c93d775dd15a7f2cddb8c9d0ed710f8764fae1e6c52960606e85,source_published_annotation,source_published_annotation_unreviewed
107240.015,392,fall,working_circumstances/construction_trade,construction_trade,1,general requirements,real,True,sha256:9dc64febec01c93d775dd15a7f2cddb8c9d0ed710f8764fae1e6c52960606e85,source_published_annotation,source_published_annotation_unreviewed
107240.015,392,fall,consequences/severity,severity,1,hospitalized injury,real,True,sha256:9dc64febec01c93d775dd15a7f2cddb8c9d0ed710f8764fae1e6c52960606e85,source_published_annotation,source_published_annotation_unreviewed
107240.015,392,fall,accident_type,accident_type,1,fall,real,True,sha256:9dc64febec01c93d775dd15a7f2cddb8c9d0ed710f8764fae1e6c52960606e85,source_published_annotation,source_published_annotation_unreviewed
109218.015,393,fall,working_circumstances/construction_trade,construction_trade,1,"wood, plastics, and composites",real,True,sha256:9dc64febec01c93d775dd15a7f2cddb8c9d0ed710f8764fae1e6c52960606e85,source_published_annotation,source_published_annotation_unreviewed
109218.015,393,fall,consequences/severity,severity,1,hospitalized injury,real,True,sha256:9dc64febec01c93d775dd15a7f2cddb8c9d0ed710f8764fae1e6c52960606e85,source_published_annotation,source_published_annotation_unreviewed
109218.015,393,fall,accident_type,accident_type,1,fall,real,True,sha256:9dc64febec01c93d775dd15a7f2cddb8c9d0ed710f8764fae1e6c52960606e85,source_published_annotation,source_published_annotation_unreviewed
105070.015,394,fall,working_circumstances/construction_trade,construction_trade,1,"wood, plastics, and composites",real,True,sha256:9dc64febec01c93d775dd15a7f2cddb8c9d0ed710f8764fae1e6c52960606e85,source_published_annotation,source_published_annotation_unreviewed
105070.015,394,fall,consequences/severity,severity,1,hospitalized injury,real,True,sha256:9dc64febec01c93d775dd15a7f2cddb8c9d0ed710f8764fae1e6c52960606e85,source_published_annotation,source_published_annotation_unreviewed
105070.015,394,fall,accident_type,accident_type,1,fall,real,True,sha256:9dc64febec01c93d775dd15a7f2cddb8c9d0ed710f8764fae1e6c52960606e85,source_published_annotation,source_published_annotation_unreviewed
105617.015,395,fall,working_circumstances/construction_trade,construction_trade,1,plumbing,real,True,sha256:9dc64febec01c93d775dd15a7f2cddb8c9d0ed710f8764fae1e6c52960606e85,source_published_annotation,source_published_annotation_unreviewed
105617.015,395,fall,consequences/severity,severity,1,hospitalized injury,real,True,sha256:9dc64febec01c93d775dd15a7f2cddb8c9d0ed710f8764fae1e6c52960606e85,source_published_annotation,source_published_annotation_unreviewed
105617.015,395,fall,accident_type,accident_type,1,fall,real,True,sha256:9dc64febec01c93d775dd15a7f2cddb8c9d0ed710f8764fae1e6c52960606e85,source_published_annotation,source_published_annotation_unreviewed
104489.015,396,fall,working_circumstances/construction_trade,construction_trade,1,thermal and moisture protection,real,True,sha256:9dc64febec01c93d775dd15a7f2cddb8c9d0ed710f8764fae1e6c52960606e85,source_published_annotation,source_published_annotation_unreviewed
104489.015,396,fall,consequences/severity,severity,1,hospitalized injury,real,True,sha256:9dc64febec01c93d775dd15a7f2cddb8c9d0ed710f8764fae1e6c52960606e85,source_published_annotation,source_published_annotation_unreviewed
104489.015,396,fall,accident_type,accident_type,1,fall,real,True,sha256:9dc64febec01c93d775dd15a7f2cddb8c9d0ed710f8764fae1e6c52960606e85,source_published_annotation,source_published_annotation_unreviewed
104466.015,397,struck-by,working_circumstances/construction_trade,construction_trade,1,earthwork,real,True,sha256:9dc64febec01c93d775dd15a7f2cddb8c9d0ed710f8764fae1e6c52960606e85,source_published_annotation,source_published_annotation_unreviewed
104466.015,397,struck-by,consequences/severity,severity,1,fatality,real,True,sha256:9dc64febec01c93d775dd15a7f2cddb8c9d0ed710f8764fae1e6c52960606e85,source_published_annotation,source_published_annotation_unreviewed
104466.015,397,struck-by,accident_type,accident_type,1,struck-by,real,True,sha256:9dc64febec01c93d775dd15a7f2cddb8c9d0ed710f8764fae1e6c52960606e85,source_published_annotation,source_published_annotation_unreviewed
104532.015,398,fall,working_circumstances/construction_trade,construction_trade,1,thermal and moisture protection,real,True,sha256:9dc64febec01c93d775dd15a7f2cddb8c9d0ed710f8764fae1e6c52960606e85,source_published_annotation,source_published_annotation_unreviewed
104532.015,398,fall,consequences/severity,severity,1,hospitalized injury,real,True,sha256:9dc64febec01c93d775dd15a7f2cddb8c9d0ed710f8764fae1e6c52960606e85,source_published_annotation,source_published_annotation_unreviewed
104532.015,398,fall,accident_type,accident_type,1,fall,real,True,sha256:9dc64febec01c93d775dd15a7f2cddb8c9d0ed710f8764fae1e6c52960606e85,source_published_annotation,source_published_annotation_unreviewed
104663.015,399,fall,working_circumstances/construction_trade,construction_trade,1,finishes,real,True,sha256:9dc64febec01c93d775dd15a7f2cddb8c9d0ed710f8764fae1e6c52960606e85,source_published_annotation,source_published_annotation_unreviewed
104663.015,399,fall,consequences/severity,severity,1,hospitalized injury,real,True,sha256:9dc64febec01c93d775dd15a7f2cddb8c9d0ed710f8764fae1e6c52960606e85,source_published_annotation,source_published_annotation_unreviewed
104663.015,399,fall,accident_type,accident_type,1,fall,real,True,sha256:9dc64febec01c93d775dd15a7f2cddb8c9d0ed710f8764fae1e6c52960606e85,source_published_annotation,source_published_annotation_unreviewed
104348.015,400,caught-in/between,working_circumstances/construction_trade,construction_trade,1,earthwork,real,True,sha256:9dc64febec01c93d775dd15a7f2cddb8c9d0ed710f8764fae1e6c52960606e85,source_published_annotation,source_published_annotation_unreviewed
104348.015,400,caught-in/between,consequences/severity,severity,1,fatality,real,True,sha256:9dc64febec01c93d775dd15a7f2cddb8c9d0ed710f8764fae1e6c52960606e85,source_published_annotation,source_published_annotation_unreviewed
104348.015,400,caught-in/between,accident_type,accident_type,1,caught-in/between,real,True,sha256:9dc64febec01c93d775dd15a7f2cddb8c9d0ed710f8764fae1e6c52960606e85,source_published_annotation,source_published_annotation_unreviewed
107118.015,401,fall,working_circumstances/construction_trade,construction_trade,1,finishes,real,True,sha256:9dc64febec01c93d775dd15a7f2cddb8c9d0ed710f8764fae1e6c52960606e85,source_published_annotation,source_published_annotation_unreviewed
107118.015,401,fall,consequences/severity,severity,1,hospitalized injury,real,True,sha256:9dc64febec01c93d775dd15a7f2cddb8c9d0ed710f8764fae1e6c52960606e85,source_published_annotation,source_published_annotation_unreviewed
107118.015,401,fall,accident_type,accident_type,1,fall,real,True,sha256:9dc64febec01c93d775dd15a7f2cddb8c9d0ed710f8764fae1e6c52960606e85,source_published_annotation,source_published_annotation_unreviewed
103964.015,402,fall,working_circumstances/construction_trade,construction_trade,1,general requirements,real,True,sha256:9dc64febec01c93d775dd15a7f2cddb8c9d0ed710f8764fae1e6c52960606e85,source_published_annotation,source_published_annotation_unreviewed
103964.015,402,fall,consequences/severity,severity,1,hospitalized injury,real,True,sha256:9dc64febec01c93d775dd15a7f2cddb8c9d0ed710f8764fae1e6c52960606e85,source_published_annotation,source_published_annotation_unreviewed
103964.015,402,fall,accident_type,accident_type,1,fall,real,True,sha256:9dc64febec01c93d775dd15a7f2cddb8c9d0ed710f8764fae1e6c52960606e85,source_published_annotation,source_published_annotation_unreviewed
105519.015,403,fall,working_circumstances/construction_trade,construction_trade,1,thermal and moisture protection,real,True,sha256:9dc64febec01c93d775dd15a7f2cddb8c9d0ed710f8764fae1e6c52960606e85,source_published_annotation,source_published_annotation_unreviewed
105519.015,403,fall,consequences/severity,severity,1,hospitalized injury,real,True,sha256:9dc64febec01c93d775dd15a7f2cddb8c9d0ed710f8764fae1e6c52960606e85,source_published_annotation,source_published_annotation_unreviewed
105519.015,403,fall,accident_type,accident_type,1,fall,real,True,sha256:9dc64febec01c93d775dd15a7f2cddb8c9d0ed710f8764fae1e6c52960606e85,source_published_annotation,source_published_annotation_unreviewed
103805.015,404,fall,working_circumstances/construction_trade,construction_trade,1,metals,real,True,sha256:9dc64febec01c93d775dd15a7f2cddb8c9d0ed710f8764fae1e6c52960606e85,source_published_annotation,source_published_annotation_unreviewed
103805.015,404,fall,consequences/severity,severity,1,hospitalized injury,real,True,sha256:9dc64febec01c93d775dd15a7f2cddb8c9d0ed710f8764fae1e6c52960606e85,source_published_annotation,source_published_annotation_unreviewed
103805.015,404,fall,accident_type,accident_type,1,fall,real,True,sha256:9dc64febec01c93d775dd15a7f2cddb8c9d0ed710f8764fae1e6c52960606e85,source_published_annotation,source_published_annotation_unreviewed
103910.015,405,fall,working_circumstances/construction_trade,construction_trade,1,"wood, plastics, and composites",real,True,sha256:9dc64febec01c93d775dd15a7f2cddb8c9d0ed710f8764fae1e6c52960606e85,source_published_annotation,source_published_annotation_unreviewed
103910.015,405,fall,consequences/severity,severity,1,hospitalized injury,real,True,sha256:9dc64febec01c93d775dd15a7f2cddb8c9d0ed710f8764fae1e6c52960606e85,source_published_annotation,source_published_annotation_unreviewed
103910.015,405,fall,accident_type,accident_type,1,fall,real,True,sha256:9dc64febec01c93d775dd15a7f2cddb8c9d0ed710f8764fae1e6c52960606e85,source_published_annotation,source_published_annotation_unreviewed
106455.015,406,fall,working_circumstances/construction_trade,construction_trade,1,thermal and moisture protection,real,True,sha256:9dc64febec01c93d775dd15a7f2cddb8c9d0ed710f8764fae1e6c52960606e85,source_published_annotation,source_published_annotation_unreviewed
106455.015,406,fall,consequences/severity,severity,1,fatality,real,True,sha256:9dc64febec01c93d775dd15a7f2cddb8c9d0ed710f8764fae1e6c52960606e85,source_published_annotation,source_published_annotation_unreviewed
106455.015,406,fall,accident_type,accident_type,1,fall,real,True,sha256:9dc64febec01c93d775dd15a7f2cddb8c9d0ed710f8764fae1e6c52960606e85,source_published_annotation,source_published_annotation_unreviewed
104948.015,407,fall,working_circumstances/construction_trade,construction_trade,1,"wood, plastics, and composites",real,True,sha256:9dc64febec01c93d775dd15a7f2cddb8c9d0ed710f8764fae1e6c52960606e85,source_published_annotation,source_published_annotation_unreviewed
104948.015,407,fall,consequences/severity,severity,1,hospitalized injury,real,True,sha256:9dc64febec01c93d775dd15a7f2cddb8c9d0ed710f8764fae1e6c52960606e85,source_published_annotation,source_published_annotation_unreviewed
104948.015,407,fall,accident_type,accident_type,1,fall,real,True,sha256:9dc64febec01c93d775dd15a7f2cddb8c9d0ed710f8764fae1e6c52960606e85,source_published_annotation,source_published_annotation_unreviewed
102907.015,408,fall,working_circumstances/construction_trade,construction_trade,1,finishes,real,True,sha256:9dc64febec01c93d775dd15a7f2cddb8c9d0ed710f8764fae1e6c52960606e85,source_published_annotation,source_published_annotation_unreviewed
102907.015,408,fall,consequences/severity,severity,1,hospitalized injury,real,True,sha256:9dc64febec01c93d775dd15a7f2cddb8c9d0ed710f8764fae1e6c52960606e85,source_published_annotation,source_published_annotation_unreviewed
102907.015,408,fall,accident_type,accident_type,1,fall,real,True,sha256:9dc64febec01c93d775dd15a7f2cddb8c9d0ed710f8764fae1e6c52960606e85,source_published_annotation,source_published_annotation_unreviewed
105671.015,409,fall,working_circumstances/construction_trade,construction_trade,1,general requirements,real,True,sha256:9dc64febec01c93d775dd15a7f2cddb8c9d0ed710f8764fae1e6c52960606e85,source_published_annotation,source_published_annotation_unreviewed
105671.015,409,fall,consequences/severity,severity,1,hospitalized injury,real,True,sha256:9dc64febec01c93d775dd15a7f2cddb8c9d0ed710f8764fae1e6c52960606e85,source_published_annotation,source_published_annotation_unreviewed
105671.015,409,fall,accident_type,accident_type,1,fall,real,True,sha256:9dc64febec01c93d775dd15a7f2cddb8c9d0ed710f8764fae1e6c52960606e85,source_published_annotation,source_published_annotation_unreviewed
103494.015,410,caught-in/between,working_circumstances/construction_trade,construction_trade,1,metals,real,True,sha256:9dc64febec01c93d775dd15a7f2cddb8c9d0ed710f8764fae1e6c52960606e85,source_published_annotation,source_published_annotation_unreviewed
103494.015,410,caught-in/between,consequences/severity,severity,1,hospitalized injury,real,True,sha256:9dc64febec01c93d775dd15a7f2cddb8c9d0ed710f8764fae1e6c52960606e85,source_published_annotation,source_published_annotation_unreviewed
103494.015,410,caught-in/between,accident_type,accident_type,1,caught-in/between,real,True,sha256:9dc64febec01c93d775dd15a7f2cddb8c9d0ed710f8764fae1e6c52960606e85,source_published_annotation,source_published_annotation_unreviewed
105587.015,411,fall,working_circumstances/construction_trade,construction_trade,1,"wood, plastics, and composites",real,True,sha256:9dc64febec01c93d775dd15a7f2cddb8c9d0ed710f8764fae1e6c52960606e85,source_published_annotation,source_published_annotation_unreviewed
105587.015,411,fall,consequences/severity,severity,1,hospitalized injury,real,True,sha256:9dc64febec01c93d775dd15a7f2cddb8c9d0ed710f8764fae1e6c52960606e85,source_published_annotation,source_published_annotation_unreviewed
105587.015,411,fall,accident_type,accident_type,1,fall,real,True,sha256:9dc64febec01c93d775dd15a7f2cddb8c9d0ed710f8764fae1e6c52960606e85,source_published_annotation,source_published_annotation_unreviewed
105132.015,412,fall,working_circumstances/construction_trade,construction_trade,1,thermal and moisture protection,real,True,sha256:9dc64febec01c93d775dd15a7f2cddb8c9d0ed710f8764fae1e6c52960606e85,source_published_annotation,source_published_annotation_unreviewed
105132.015,412,fall,consequences/severity,severity,1,hospitalized injury,real,True,sha256:9dc64febec01c93d775dd15a7f2cddb8c9d0ed710f8764fae1e6c52960606e85,source_published_annotation,source_published_annotation_unreviewed
105132.015,412,fall,accident_type,accident_type,1,fall,real,True,sha256:9dc64febec01c93d775dd15a7f2cddb8c9d0ed710f8764fae1e6c52960606e85,source_published_annotation,source_published_annotation_unreviewed
103240.015,413,caught-in/between,working_circumstances/construction_trade,construction_trade,1,utilities,real,True,sha256:9dc64febec01c93d775dd15a7f2cddb8c9d0ed710f8764fae1e6c52960606e85,source_published_annotation,source_published_annotation_unreviewed
103240.015,413,caught-in/between,consequences/severity,severity,1,hospitalized injury,real,True,sha256:9dc64febec01c93d775dd15a7f2cddb8c9d0ed710f8764fae1e6c52960606e85,source_published_annotation,source_published_annotation_unreviewed
103240.015,413,caught-in/between,accident_type,accident_type,1,caught-in/between,real,True,sha256:9dc64febec01c93d775dd15a7f2cddb8c9d0ed710f8764fae1e6c52960606e85,source_published_annotation,source_published_annotation_unreviewed
103140.015,414,electrocution,working_circumstances/construction_trade,construction_trade,1,electrical,real,True,sha256:9dc64febec01c93d775dd15a7f2cddb8c9d0ed710f8764fae1e6c52960606e85,source_published_annotation,source_published_annotation_unreviewed
103140.015,414,electrocution,consequences/severity,severity,1,hospitalized injury,real,True,sha256:9dc64febec01c93d775dd15a7f2cddb8c9d0ed710f8764fae1e6c52960606e85,source_published_annotation,source_published_annotation_unreviewed
103140.015,414,electrocution,accident_type,accident_type,1,electrocution,real,True,sha256:9dc64febec01c93d775dd15a7f2cddb8c9d0ed710f8764fae1e6c52960606e85,source_published_annotation,source_published_annotation_unreviewed
103300.015,415,struck-by,working_circumstances/construction_trade,construction_trade,1,earthwork,real,True,sha256:9dc64febec01c93d775dd15a7f2cddb8c9d0ed710f8764fae1e6c52960606e85,source_published_annotation,source_published_annotation_unreviewed
103300.015,415,struck-by,accident_type,accident_type,1,struck-by,real,True,sha256:9dc64febec01c93d775dd15a7f2cddb8c9d0ed710f8764fae1e6c52960606e85,source_published_annotation,source_published_annotation_unreviewed
103279.015,416,fall,working_circumstances/construction_trade,construction_trade,1,metals,real,True,sha256:9dc64febec01c93d775dd15a7f2cddb8c9d0ed710f8764fae1e6c52960606e85,source_published_annotation,source_published_annotation_unreviewed
103279.015,416,fall,consequences/severity,severity,1,hospitalized injury,real,True,sha256:9dc64febec01c93d775dd15a7f2cddb8c9d0ed710f8764fae1e6c52960606e85,source_published_annotation,source_published_annotation_unreviewed
103279.015,416,fall,accident_type,accident_type,1,fall,real,True,sha256:9dc64febec01c93d775dd15a7f2cddb8c9d0ed710f8764fae1e6c52960606e85,source_published_annotation,source_published_annotation_unreviewed
104503.015,417,electrocution,consequences/severity,severity,1,hospitalized injury,real,True,sha256:9dc64febec01c93d775dd15a7f2cddb8c9d0ed710f8764fae1e6c52960606e85,source_published_annotation,source_published_annotation_unreviewed
104503.015,417,electrocution,accident_type,accident_type,1,electrocution,real,True,sha256:9dc64febec01c93d775dd15a7f2cddb8c9d0ed710f8764fae1e6c52960606e85,source_published_annotation,source_published_annotation_unreviewed
105012.015,418,caught-in/between,working_circumstances/construction_trade,construction_trade,1,exterior improvements,real,True,sha256:9dc64febec01c93d775dd15a7f2cddb8c9d0ed710f8764fae1e6c52960606e85,source_published_annotation,source_published_annotation_unreviewed
105012.015,418,caught-in/between,consequences/severity,severity,1,non hospitalized injury,real,True,sha256:9dc64febec01c93d775dd15a7f2cddb8c9d0ed710f8764fae1e6c52960606e85,source_published_annotation,source_published_annotation_unreviewed
105012.015,418,caught-in/between,accident_type,accident_type,1,caught-in/between,real,True,sha256:9dc64febec01c93d775dd15a7f2cddb8c9d0ed710f8764fae1e6c52960606e85,source_published_annotation,source_published_annotation_unreviewed
103106.015,419,struck-by,working_circumstances/construction_trade,construction_trade,1,exterior improvements,real,True,sha256:9dc64febec01c93d775dd15a7f2cddb8c9d0ed710f8764fae1e6c52960606e85,source_published_annotation,source_published_annotation_unreviewed
103106.015,419,struck-by,consequences/severity,severity,1,hospitalized injury,real,True,sha256:9dc64febec01c93d775dd15a7f2cddb8c9d0ed710f8764fae1e6c52960606e85,source_published_annotation,source_published_annotation_unreviewed
103106.015,419,struck-by,accident_type,accident_type,1,struck-by,real,True,sha256:9dc64febec01c93d775dd15a7f2cddb8c9d0ed710f8764fae1e6c52960606e85,source_published_annotation,source_published_annotation_unreviewed
103055.015,420,fall,consequences/severity,severity,1,hospitalized injury,real,True,sha256:9dc64febec01c93d775dd15a7f2cddb8c9d0ed710f8764fae1e6c52960606e85,source_published_annotation,source_published_annotation_unreviewed
103055.015,420,fall,accident_type,accident_type,1,fall,real,True,sha256:9dc64febec01c93d775dd15a7f2cddb8c9d0ed710f8764fae1e6c52960606e85,source_published_annotation,source_published_annotation_unreviewed
102914.015,421,fall,working_circumstances/construction_trade,construction_trade,1,thermal and moisture protection,real,True,sha256:9dc64febec01c93d775dd15a7f2cddb8c9d0ed710f8764fae1e6c52960606e85,source_published_annotation,source_published_annotation_unreviewed
102914.015,421,fall,consequences/severity,severity,1,hospitalized injury,real,True,sha256:9dc64febec01c93d775dd15a7f2cddb8c9d0ed710f8764fae1e6c52960606e85,source_published_annotation,source_published_annotation_unreviewed
102914.015,421,fall,accident_type,accident_type,1,fall,real,True,sha256:9dc64febec01c93d775dd15a7f2cddb8c9d0ed710f8764fae1e6c52960606e85,source_published_annotation,source_published_annotation_unreviewed
105957.015,422,struck-by,working_circumstances/construction_trade,construction_trade,1,existing conditions,real,True,sha256:9dc64febec01c93d775dd15a7f2cddb8c9d0ed710f8764fae1e6c52960606e85,source_published_annotation,source_published_annotation_unreviewed
105957.015,422,struck-by,consequences/severity,severity,1,hospitalized injury,real,True,sha256:9dc64febec01c93d775dd15a7f2cddb8c9d0ed710f8764fae1e6c52960606e85,source_published_annotation,source_published_annotation_unreviewed
105957.015,422,struck-by,accident_type,accident_type,1,struck-by,real,True,sha256:9dc64febec01c93d775dd15a7f2cddb8c9d0ed710f8764fae1e6c52960606e85,source_published_annotation,source_published_annotation_unreviewed
107748.015,423,fall,working_circumstances/construction_trade,construction_trade,1,"wood, plastics, and composites",real,True,sha256:9dc64febec01c93d775dd15a7f2cddb8c9d0ed710f8764fae1e6c52960606e85,source_published_annotation,source_published_annotation_unreviewed
107748.015,423,fall,consequences/severity,severity,1,hospitalized injury,real,True,sha256:9dc64febec01c93d775dd15a7f2cddb8c9d0ed710f8764fae1e6c52960606e85,source_published_annotation,source_published_annotation_unreviewed
107748.015,423,fall,accident_type,accident_type,1,fall,real,True,sha256:9dc64febec01c93d775dd15a7f2cddb8c9d0ed710f8764fae1e6c52960606e85,source_published_annotation,source_published_annotation_unreviewed
105580.015,424,caught-in/between,working_circumstances/construction_trade,construction_trade,1,general requirements,real,True,sha256:9dc64febec01c93d775dd15a7f2cddb8c9d0ed710f8764fae1e6c52960606e85,source_published_annotation,source_published_annotation_unreviewed
105580.015,424,caught-in/between,consequences/severity,severity,1,non hospitalized injury,real,True,sha256:9dc64febec01c93d775dd15a7f2cddb8c9d0ed710f8764fae1e6c52960606e85,source_published_annotation,source_published_annotation_unreviewed
105580.015,424,caught-in/between,accident_type,accident_type,1,caught-in/between,real,True,sha256:9dc64febec01c93d775dd15a7f2cddb8c9d0ed710f8764fae1e6c52960606e85,source_published_annotation,source_published_annotation_unreviewed
107105.015,425,fall,working_circumstances/construction_trade,construction_trade,1,thermal and moisture protection,real,True,sha256:9dc64febec01c93d775dd15a7f2cddb8c9d0ed710f8764fae1e6c52960606e85,source_published_annotation,source_published_annotation_unreviewed
107105.015,425,fall,consequences/severity,severity,1,hospitalized injury,real,True,sha256:9dc64febec01c93d775dd15a7f2cddb8c9d0ed710f8764fae1e6c52960606e85,source_published_annotation,source_published_annotation_unreviewed
107105.015,425,fall,accident_type,accident_type,1,fall,real,True,sha256:9dc64febec01c93d775dd15a7f2cddb8c9d0ed710f8764fae1e6c52960606e85,source_published_annotation,source_published_annotation_unreviewed
105499.015,426,fall,working_circumstances/construction_trade,construction_trade,1,finishes,real,True,sha256:9dc64febec01c93d775dd15a7f2cddb8c9d0ed710f8764fae1e6c52960606e85,source_published_annotation,source_published_annotation_unreviewed
105499.015,426,fall,consequences/severity,severity,1,hospitalized injury,real,True,sha256:9dc64febec01c93d775dd15a7f2cddb8c9d0ed710f8764fae1e6c52960606e85,source_published_annotation,source_published_annotation_unreviewed
105499.015,426,fall,accident_type,accident_type,1,fall,real,True,sha256:9dc64febec01c93d775dd15a7f2cddb8c9d0ed710f8764fae1e6c52960606e85,source_published_annotation,source_published_annotation_unreviewed
104281.015,427,caught-in/between,working_circumstances/construction_trade,construction_trade,1,exterior improvements,real,True,sha256:9dc64febec01c93d775dd15a7f2cddb8c9d0ed710f8764fae1e6c52960606e85,source_published_annotation,source_published_annotation_unreviewed
104281.015,427,caught-in/between,consequences/severity,severity,1,hospitalized injury,real,True,sha256:9dc64febec01c93d775dd15a7f2cddb8c9d0ed710f8764fae1e6c52960606e85,source_published_annotation,source_published_annotation_unreviewed
104281.015,427,caught-in/between,accident_type,accident_type,1,caught-in/between,real,True,sha256:9dc64febec01c93d775dd15a7f2cddb8c9d0ed710f8764fae1e6c52960606e85,source_published_annotation,source_published_annotation_unreviewed
102855.015,428,fall,working_circumstances/construction_trade,construction_trade,1,thermal and moisture protection,real,True,sha256:9dc64febec01c93d775dd15a7f2cddb8c9d0ed710f8764fae1e6c52960606e85,source_published_annotation,source_published_annotation_unreviewed
102855.015,428,fall,consequences/severity,severity,1,hospitalized injury,real,True,sha256:9dc64febec01c93d775dd15a7f2cddb8c9d0ed710f8764fae1e6c52960606e85,source_published_annotation,source_published_annotation_unreviewed
102855.015,428,fall,accident_type,accident_type,1,fall,real,True,sha256:9dc64febec01c93d775dd15a7f2cddb8c9d0ed710f8764fae1e6c52960606e85,source_published_annotation,source_published_annotation_unreviewed
102560.015,429,struck-by,working_circumstances/construction_trade,construction_trade,1,equipment,real,True,sha256:9dc64febec01c93d775dd15a7f2cddb8c9d0ed710f8764fae1e6c52960606e85,source_published_annotation,source_published_annotation_unreviewed
102560.015,429,struck-by,consequences/severity,severity,1,hospitalized injury,real,True,sha256:9dc64febec01c93d775dd15a7f2cddb8c9d0ed710f8764fae1e6c52960606e85,source_published_annotation,source_published_annotation_unreviewed
102560.015,429,struck-by,accident_type,accident_type,1,struck-by,real,True,sha256:9dc64febec01c93d775dd15a7f2cddb8c9d0ed710f8764fae1e6c52960606e85,source_published_annotation,source_published_annotation_unreviewed
102501.015,430,caught-in/between,working_circumstances/construction_trade,construction_trade,1,concrete,real,True,sha256:9dc64febec01c93d775dd15a7f2cddb8c9d0ed710f8764fae1e6c52960606e85,source_published_annotation,source_published_annotation_unreviewed
102501.015,430,caught-in/between,consequences/severity,severity,1,non hospitalized injury,real,True,sha256:9dc64febec01c93d775dd15a7f2cddb8c9d0ed710f8764fae1e6c52960606e85,source_published_annotation,source_published_annotation_unreviewed
102501.015,430,caught-in/between,accident_type,accident_type,1,caught-in/between,real,True,sha256:9dc64febec01c93d775dd15a7f2cddb8c9d0ed710f8764fae1e6c52960606e85,source_published_annotation,source_published_annotation_unreviewed
102434.015,431,electrocution,working_circumstances/construction_trade,construction_trade,1,electrical,real,True,sha256:9dc64febec01c93d775dd15a7f2cddb8c9d0ed710f8764fae1e6c52960606e85,source_published_annotation,source_published_annotation_unreviewed
102434.015,431,electrocution,consequences/severity,severity,1,hospitalized injury,real,True,sha256:9dc64febec01c93d775dd15a7f2cddb8c9d0ed710f8764fae1e6c52960606e85,source_published_annotation,source_published_annotation_unreviewed
102434.015,431,electrocution,accident_type,accident_type,1,electrocution,real,True,sha256:9dc64febec01c93d775dd15a7f2cddb8c9d0ed710f8764fae1e6c52960606e85,source_published_annotation,source_published_annotation_unreviewed
102664.015,432,struck-by,working_circumstances/construction_trade,construction_trade,1,metals,real,True,sha256:9dc64febec01c93d775dd15a7f2cddb8c9d0ed710f8764fae1e6c52960606e85,source_published_annotation,source_published_annotation_unreviewed
102664.015,432,struck-by,consequences/severity,severity,1,hospitalized injury,real,True,sha256:9dc64febec01c93d775dd15a7f2cddb8c9d0ed710f8764fae1e6c52960606e85,source_published_annotation,source_published_annotation_unreviewed
102664.015,432,struck-by,accident_type,accident_type,1,struck-by,real,True,sha256:9dc64febec01c93d775dd15a7f2cddb8c9d0ed710f8764fae1e6c52960606e85,source_published_annotation,source_published_annotation_unreviewed
103598.015,433,caught-in/between,working_circumstances/construction_trade,construction_trade,1,earthwork,real,True,sha256:9dc64febec01c93d775dd15a7f2cddb8c9d0ed710f8764fae1e6c52960606e85,source_published_annotation,source_published_annotation_unreviewed
103598.015,433,caught-in/between,consequences/severity,severity,1,hospitalized injury,real,True,sha256:9dc64febec01c93d775dd15a7f2cddb8c9d0ed710f8764fae1e6c52960606e85,source_published_annotation,source_published_annotation_unreviewed
103598.015,433,caught-in/between,accident_type,accident_type,1,caught-in/between,real,True,sha256:9dc64febec01c93d775dd15a7f2cddb8c9d0ed710f8764fae1e6c52960606e85,source_published_annotation,source_published_annotation_unreviewed
102113.015,434,struck-by,working_circumstances/construction_trade,construction_trade,1,earthwork,real,True,sha256:9dc64febec01c93d775dd15a7f2cddb8c9d0ed710f8764fae1e6c52960606e85,source_published_annotation,source_published_annotation_unreviewed
102113.015,434,struck-by,consequences/severity,severity,1,hospitalized injury,real,True,sha256:9dc64febec01c93d775dd15a7f2cddb8c9d0ed710f8764fae1e6c52960606e85,source_published_annotation,source_published_annotation_unreviewed
102113.015,434,struck-by,accident_type,accident_type,1,struck-by,real,True,sha256:9dc64febec01c93d775dd15a7f2cddb8c9d0ed710f8764fae1e6c52960606e85,source_published_annotation,source_published_annotation_unreviewed
104811.015,435,electrocution,working_circumstances/construction_trade,construction_trade,1,electrical,real,True,sha256:9dc64febec01c93d775dd15a7f2cddb8c9d0ed710f8764fae1e6c52960606e85,source_published_annotation,source_published_annotation_unreviewed
104811.015,435,electrocution,consequences/severity,severity,1,hospitalized injury,real,True,sha256:9dc64febec01c93d775dd15a7f2cddb8c9d0ed710f8764fae1e6c52960606e85,source_published_annotation,source_published_annotation_unreviewed
104811.015,435,electrocution,accident_type,accident_type,1,electrocution,real,True,sha256:9dc64febec01c93d775dd15a7f2cddb8c9d0ed710f8764fae1e6c52960606e85,source_published_annotation,source_published_annotation_unreviewed
102015.015,436,caught-in/between,working_circumstances/construction_trade,construction_trade,1,concrete,real,True,sha256:9dc64febec01c93d775dd15a7f2cddb8c9d0ed710f8764fae1e6c52960606e85,source_published_annotation,source_published_annotation_unreviewed
102015.015,436,caught-in/between,consequences/severity,severity,1,hospitalized injury,real,True,sha256:9dc64febec01c93d775dd15a7f2cddb8c9d0ed710f8764fae1e6c52960606e85,source_published_annotation,source_published_annotation_unreviewed
102015.015,436,caught-in/between,accident_type,accident_type,1,caught-in/between,real,True,sha256:9dc64febec01c93d775dd15a7f2cddb8c9d0ed710f8764fae1e6c52960606e85,source_published_annotation,source_published_annotation_unreviewed
101619.015,437,struck-by,working_circumstances/construction_trade,construction_trade,1,"wood, plastics, and composites",real,True,sha256:9dc64febec01c93d775dd15a7f2cddb8c9d0ed710f8764fae1e6c52960606e85,source_published_annotation,source_published_annotation_unreviewed
101619.015,437,struck-by,consequences/severity,severity,1,hospitalized injury,real,True,sha256:9dc64febec01c93d775dd15a7f2cddb8c9d0ed710f8764fae1e6c52960606e85,source_published_annotation,source_published_annotation_unreviewed
101619.015,437,struck-by,accident_type,accident_type,1,struck-by,real,True,sha256:9dc64febec01c93d775dd15a7f2cddb8c9d0ed710f8764fae1e6c52960606e85,source_published_annotation,source_published_annotation_unreviewed
101609.015,438,struck-by,working_circumstances/construction_trade,construction_trade,1,concrete,real,True,sha256:9dc64febec01c93d775dd15a7f2cddb8c9d0ed710f8764fae1e6c52960606e85,source_published_annotation,source_published_annotation_unreviewed
101609.015,438,struck-by,consequences/severity,severity,1,hospitalized injury,real,True,sha256:9dc64febec01c93d775dd15a7f2cddb8c9d0ed710f8764fae1e6c52960606e85,source_published_annotation,source_published_annotation_unreviewed
101609.015,438,struck-by,accident_type,accident_type,1,struck-by,real,True,sha256:9dc64febec01c93d775dd15a7f2cddb8c9d0ed710f8764fae1e6c52960606e85,source_published_annotation,source_published_annotation_unreviewed
105633.015,439,struck-by,working_circumstances/construction_trade,construction_trade,1,metals,real,True,sha256:9dc64febec01c93d775dd15a7f2cddb8c9d0ed710f8764fae1e6c52960606e85,source_published_annotation,source_published_annotation_unreviewed
105633.015,439,struck-by,consequences/severity,severity,1,hospitalized injury,real,True,sha256:9dc64febec01c93d775dd15a7f2cddb8c9d0ed710f8764fae1e6c52960606e85,source_published_annotation,source_published_annotation_unreviewed
105633.015,439,struck-by,accident_type,accident_type,1,struck-by,real,True,sha256:9dc64febec01c93d775dd15a7f2cddb8c9d0ed710f8764fae1e6c52960606e85,source_published_annotation,source_published_annotation_unreviewed
101452.015,440,electrocution,working_circumstances/construction_trade,construction_trade,1,electrical,real,True,sha256:9dc64febec01c93d775dd15a7f2cddb8c9d0ed710f8764fae1e6c52960606e85,source_published_annotation,source_published_annotation_unreviewed
101452.015,440,electrocution,consequences/severity,severity,1,hospitalized injury,real,True,sha256:9dc64febec01c93d775dd15a7f2cddb8c9d0ed710f8764fae1e6c52960606e85,source_published_annotation,source_published_annotation_unreviewed
101452.015,440,electrocution,accident_type,accident_type,1,electrocution,real,True,sha256:9dc64febec01c93d775dd15a7f2cddb8c9d0ed710f8764fae1e6c52960606e85,source_published_annotation,source_published_annotation_unreviewed
100952.015,441,struck-by,working_circumstances/construction_trade,construction_trade,1,general requirements,real,True,sha256:9dc64febec01c93d775dd15a7f2cddb8c9d0ed710f8764fae1e6c52960606e85,source_published_annotation,source_published_annotation_unreviewed
100952.015,441,struck-by,consequences/severity,severity,1,hospitalized injury,real,True,sha256:9dc64febec01c93d775dd15a7f2cddb8c9d0ed710f8764fae1e6c52960606e85,source_published_annotation,source_published_annotation_unreviewed
100952.015,441,struck-by,accident_type,accident_type,1,struck-by,real,True,sha256:9dc64febec01c93d775dd15a7f2cddb8c9d0ed710f8764fae1e6c52960606e85,source_published_annotation,source_published_annotation_unreviewed
102109.015,442,caught-in/between,working_circumstances/construction_trade,construction_trade,1,concrete,real,True,sha256:9dc64febec01c93d775dd15a7f2cddb8c9d0ed710f8764fae1e6c52960606e85,source_published_annotation,source_published_annotation_unreviewed
102109.015,442,caught-in/between,consequences/severity,severity,1,hospitalized injury,real,True,sha256:9dc64febec01c93d775dd15a7f2cddb8c9d0ed710f8764fae1e6c52960606e85,source_published_annotation,source_published_annotation_unreviewed
102109.015,442,caught-in/between,accident_type,accident_type,1,caught-in/between,real,True,sha256:9dc64febec01c93d775dd15a7f2cddb8c9d0ed710f8764fae1e6c52960606e85,source_published_annotation,source_published_annotation_unreviewed
104229.015,443,struck-by,working_circumstances/construction_trade,construction_trade,1,special construction,real,True,sha256:9dc64febec01c93d775dd15a7f2cddb8c9d0ed710f8764fae1e6c52960606e85,source_published_annotation,source_published_annotation_unreviewed
104229.015,443,struck-by,consequences/severity,severity,1,hospitalized injury,real,True,sha256:9dc64febec01c93d775dd15a7f2cddb8c9d0ed710f8764fae1e6c52960606e85,source_published_annotation,source_published_annotation_unreviewed
104229.015,443,struck-by,accident_type,accident_type,1,struck-by,real,True,sha256:9dc64febec01c93d775dd15a7f2cddb8c9d0ed710f8764fae1e6c52960606e85,source_published_annotation,source_published_annotation_unreviewed
101232.015,444,struck-by,working_circumstances/construction_trade,construction_trade,1,equipment,real,True,sha256:9dc64febec01c93d775dd15a7f2cddb8c9d0ed710f8764fae1e6c52960606e85,source_published_annotation,source_published_annotation_unreviewed
101232.015,444,struck-by,consequences/severity,severity,1,non hospitalized injury,real,True,sha256:9dc64febec01c93d775dd15a7f2cddb8c9d0ed710f8764fae1e6c52960606e85,source_published_annotation,source_published_annotation_unreviewed
101232.015,444,struck-by,accident_type,accident_type,1,struck-by,real,True,sha256:9dc64febec01c93d775dd15a7f2cddb8c9d0ed710f8764fae1e6c52960606e85,source_published_annotation,source_published_annotation_unreviewed
104511.015,445,struck-by,working_circumstances/construction_trade,construction_trade,1,earthwork,real,True,sha256:9dc64febec01c93d775dd15a7f2cddb8c9d0ed710f8764fae1e6c52960606e85,source_published_annotation,source_published_annotation_unreviewed
104511.015,445,struck-by,consequences/severity,severity,1,hospitalized injury,real,True,sha256:9dc64febec01c93d775dd15a7f2cddb8c9d0ed710f8764fae1e6c52960606e85,source_published_annotation,source_published_annotation_unreviewed
104511.015,445,struck-by,accident_type,accident_type,1,struck-by,real,True,sha256:9dc64febec01c93d775dd15a7f2cddb8c9d0ed710f8764fae1e6c52960606e85,source_published_annotation,source_published_annotation_unreviewed
100453.015,446,caught-in/between,working_circumstances/construction_trade,construction_trade,1,equipment,real,True,sha256:9dc64febec01c93d775dd15a7f2cddb8c9d0ed710f8764fae1e6c52960606e85,source_published_annotation,source_published_annotation_unreviewed
100453.015,446,caught-in/between,consequences/severity,severity,1,hospitalized injury,real,True,sha256:9dc64febec01c93d775dd15a7f2cddb8c9d0ed710f8764fae1e6c52960606e85,source_published_annotation,source_published_annotation_unreviewed
100453.015,446,caught-in/between,accident_type,accident_type,1,caught-in/between,real,True,sha256:9dc64febec01c93d775dd15a7f2cddb8c9d0ed710f8764fae1e6c52960606e85,source_published_annotation,source_published_annotation_unreviewed
103174.015,447,struck-by,working_circumstances/construction_trade,construction_trade,1,"wood, plastics, and composites",real,True,sha256:9dc64febec01c93d775dd15a7f2cddb8c9d0ed710f8764fae1e6c52960606e85,source_published_annotation,source_published_annotation_unreviewed
103174.015,447,struck-by,consequences/severity,severity,1,hospitalized injury,real,True,sha256:9dc64febec01c93d775dd15a7f2cddb8c9d0ed710f8764fae1e6c52960606e85,source_published_annotation,source_published_annotation_unreviewed
103174.015,447,struck-by,accident_type,accident_type,1,struck-by,real,True,sha256:9dc64febec01c93d775dd15a7f2cddb8c9d0ed710f8764fae1e6c52960606e85,source_published_annotation,source_published_annotation_unreviewed
100053.015,448,struck-by,working_circumstances/construction_trade,construction_trade,1,utilities,real,True,sha256:9dc64febec01c93d775dd15a7f2cddb8c9d0ed710f8764fae1e6c52960606e85,source_published_annotation,source_published_annotation_unreviewed
100053.015,448,struck-by,consequences/severity,severity,1,non hospitalized injury,real,True,sha256:9dc64febec01c93d775dd15a7f2cddb8c9d0ed710f8764fae1e6c52960606e85,source_published_annotation,source_published_annotation_unreviewed
100053.015,448,struck-by,accident_type,accident_type,1,struck-by,real,True,sha256:9dc64febec01c93d775dd15a7f2cddb8c9d0ed710f8764fae1e6c52960606e85,source_published_annotation,source_published_annotation_unreviewed
101174.015,449,caught-in/between,working_circumstances/construction_trade,construction_trade,1,utilities,real,True,sha256:9dc64febec01c93d775dd15a7f2cddb8c9d0ed710f8764fae1e6c52960606e85,source_published_annotation,source_published_annotation_unreviewed
101174.015,449,caught-in/between,consequences/severity,severity,1,hospitalized injury,real,True,sha256:9dc64febec01c93d775dd15a7f2cddb8c9d0ed710f8764fae1e6c52960606e85,source_published_annotation,source_published_annotation_unreviewed
101174.015,449,caught-in/between,accident_type,accident_type,1,caught-in/between,real,True,sha256:9dc64febec01c93d775dd15a7f2cddb8c9d0ed710f8764fae1e6c52960606e85,source_published_annotation,source_published_annotation_unreviewed
103863.015,450,caught-in/between,working_circumstances/construction_trade,construction_trade,1,utilities,real,True,sha256:9dc64febec01c93d775dd15a7f2cddb8c9d0ed710f8764fae1e6c52960606e85,source_published_annotation,source_published_annotation_unreviewed
103863.015,450,caught-in/between,consequences/severity,severity,1,hospitalized injury,real,True,sha256:9dc64febec01c93d775dd15a7f2cddb8c9d0ed710f8764fae1e6c52960606e85,source_published_annotation,source_published_annotation_unreviewed
103863.015,450,caught-in/between,accident_type,accident_type,1,caught-in/between,real,True,sha256:9dc64febec01c93d775dd15a7f2cddb8c9d0ed710f8764fae1e6c52960606e85,source_published_annotation,source_published_annotation_unreviewed
100150.015,451,struck-by,working_circumstances/construction_trade,construction_trade,1,earthwork,real,True,sha256:9dc64febec01c93d775dd15a7f2cddb8c9d0ed710f8764fae1e6c52960606e85,source_published_annotation,source_published_annotation_unreviewed
100150.015,451,struck-by,consequences/severity,severity,1,fatality,real,True,sha256:9dc64febec01c93d775dd15a7f2cddb8c9d0ed710f8764fae1e6c52960606e85,source_published_annotation,source_published_annotation_unreviewed
100150.015,451,struck-by,accident_type,accident_type,1,struck-by,real,True,sha256:9dc64febec01c93d775dd15a7f2cddb8c9d0ed710f8764fae1e6c52960606e85,source_published_annotation,source_published_annotation_unreviewed
100195.015,452,caught-in/between,working_circumstances/construction_trade,construction_trade,1,"heating, ventilating, and air conditioning (hvac)",real,True,sha256:9dc64febec01c93d775dd15a7f2cddb8c9d0ed710f8764fae1e6c52960606e85,source_published_annotation,source_published_annotation_unreviewed
100195.015,452,caught-in/between,consequences/severity,severity,1,non hospitalized injury,real,True,sha256:9dc64febec01c93d775dd15a7f2cddb8c9d0ed710f8764fae1e6c52960606e85,source_published_annotation,source_published_annotation_unreviewed
100195.015,452,caught-in/between,accident_type,accident_type,1,caught-in/between,real,True,sha256:9dc64febec01c93d775dd15a7f2cddb8c9d0ed710f8764fae1e6c52960606e85,source_published_annotation,source_published_annotation_unreviewed
99979.015,453,caught-in/between,working_circumstances/construction_trade,construction_trade,1,metals,real,True,sha256:9dc64febec01c93d775dd15a7f2cddb8c9d0ed710f8764fae1e6c52960606e85,source_published_annotation,source_published_annotation_unreviewed
99979.015,453,caught-in/between,consequences/severity,severity,1,non hospitalized injury,real,True,sha256:9dc64febec01c93d775dd15a7f2cddb8c9d0ed710f8764fae1e6c52960606e85,source_published_annotation,source_published_annotation_unreviewed
99979.015,453,caught-in/between,accident_type,accident_type,1,caught-in/between,real,True,sha256:9dc64febec01c93d775dd15a7f2cddb8c9d0ed710f8764fae1e6c52960606e85,source_published_annotation,source_published_annotation_unreviewed
99937.015,454,caught-in/between,working_circumstances/construction_trade,construction_trade,1,special construction,real,True,sha256:9dc64febec01c93d775dd15a7f2cddb8c9d0ed710f8764fae1e6c52960606e85,source_published_annotation,source_published_annotation_unreviewed
99937.015,454,caught-in/between,consequences/severity,severity,1,hospitalized injury,real,True,sha256:9dc64febec01c93d775dd15a7f2cddb8c9d0ed710f8764fae1e6c52960606e85,source_published_annotation,source_published_annotation_unreviewed
99937.015,454,caught-in/between,accident_type,accident_type,1,caught-in/between,real,True,sha256:9dc64febec01c93d775dd15a7f2cddb8c9d0ed710f8764fae1e6c52960606e85,source_published_annotation,source_published_annotation_unreviewed
101130.015,455,caught-in/between,working_circumstances/construction_trade,construction_trade,1,earthwork,real,True,sha256:9dc64febec01c93d775dd15a7f2cddb8c9d0ed710f8764fae1e6c52960606e85,source_published_annotation,source_published_annotation_unreviewed
101130.015,455,caught-in/between,consequences/severity,severity,1,non hospitalized injury,real,True,sha256:9dc64febec01c93d775dd15a7f2cddb8c9d0ed710f8764fae1e6c52960606e85,source_published_annotation,source_published_annotation_unreviewed
101130.015,455,caught-in/between,accident_type,accident_type,1,caught-in/between,real,True,sha256:9dc64febec01c93d775dd15a7f2cddb8c9d0ed710f8764fae1e6c52960606e85,source_published_annotation,source_published_annotation_unreviewed
104327.015,456,electrocution,working_circumstances/construction_trade,construction_trade,1,electrical,real,True,sha256:9dc64febec01c93d775dd15a7f2cddb8c9d0ed710f8764fae1e6c52960606e85,source_published_annotation,source_published_annotation_unreviewed
104327.015,456,electrocution,consequences/severity,severity,1,hospitalized injury,real,True,sha256:9dc64febec01c93d775dd15a7f2cddb8c9d0ed710f8764fae1e6c52960606e85,source_published_annotation,source_published_annotation_unreviewed
104327.015,456,electrocution,accident_type,accident_type,1,electrocution,real,True,sha256:9dc64febec01c93d775dd15a7f2cddb8c9d0ed710f8764fae1e6c52960606e85,source_published_annotation,source_published_annotation_unreviewed
99517.015,457,struck-by,working_circumstances/construction_trade,construction_trade,1,general requirements,real,True,sha256:9dc64febec01c93d775dd15a7f2cddb8c9d0ed710f8764fae1e6c52960606e85,source_published_annotation,source_published_annotation_unreviewed
99517.015,457,struck-by,consequences/severity,severity,1,hospitalized injury,real,True,sha256:9dc64febec01c93d775dd15a7f2cddb8c9d0ed710f8764fae1e6c52960606e85,source_published_annotation,source_published_annotation_unreviewed
99517.015,457,struck-by,accident_type,accident_type,1,struck-by,real,True,sha256:9dc64febec01c93d775dd15a7f2cddb8c9d0ed710f8764fae1e6c52960606e85,source_published_annotation,source_published_annotation_unreviewed
99683.015,458,struck-by,working_circumstances/construction_trade,construction_trade,1,earthwork,real,True,sha256:9dc64febec01c93d775dd15a7f2cddb8c9d0ed710f8764fae1e6c52960606e85,source_published_annotation,source_published_annotation_unreviewed
99683.015,458,struck-by,consequences/severity,severity,1,hospitalized injury,real,True,sha256:9dc64febec01c93d775dd15a7f2cddb8c9d0ed710f8764fae1e6c52960606e85,source_published_annotation,source_published_annotation_unreviewed
99683.015,458,struck-by,accident_type,accident_type,1,struck-by,real,True,sha256:9dc64febec01c93d775dd15a7f2cddb8c9d0ed710f8764fae1e6c52960606e85,source_published_annotation,source_published_annotation_unreviewed
99215.015,459,caught-in/between,working_circumstances/construction_trade,construction_trade,1,earthwork,real,True,sha256:9dc64febec01c93d775dd15a7f2cddb8c9d0ed710f8764fae1e6c52960606e85,source_published_annotation,source_published_annotation_unreviewed
99215.015,459,caught-in/between,consequences/severity,severity,1,fatality,real,True,sha256:9dc64febec01c93d775dd15a7f2cddb8c9d0ed710f8764fae1e6c52960606e85,source_published_annotation,source_published_annotation_unreviewed
99215.015,459,caught-in/between,accident_type,accident_type,1,caught-in/between,real,True,sha256:9dc64febec01c93d775dd15a7f2cddb8c9d0ed710f8764fae1e6c52960606e85,source_published_annotation,source_published_annotation_unreviewed
100392.015,460,caught-in/between,working_circumstances/construction_trade,construction_trade,1,utilities,real,True,sha256:9dc64febec01c93d775dd15a7f2cddb8c9d0ed710f8764fae1e6c52960606e85,source_published_annotation,source_published_annotation_unreviewed
100392.015,460,caught-in/between,consequences/severity,severity,1,hospitalized injury,real,True,sha256:9dc64febec01c93d775dd15a7f2cddb8c9d0ed710f8764fae1e6c52960606e85,source_published_annotation,source_published_annotation_unreviewed
100392.015,460,caught-in/between,accident_type,accident_type,1,caught-in/between,real,True,sha256:9dc64febec01c93d775dd15a7f2cddb8c9d0ed710f8764fae1e6c52960606e85,source_published_annotation,source_published_annotation_unreviewed
99400.015,461,struck-by,working_circumstances/construction_trade,construction_trade,1,earthwork,real,True,sha256:9dc64febec01c93d775dd15a7f2cddb8c9d0ed710f8764fae1e6c52960606e85,source_published_annotation,source_published_annotation_unreviewed
99400.015,461,struck-by,consequences/severity,severity,1,hospitalized injury,real,True,sha256:9dc64febec01c93d775dd15a7f2cddb8c9d0ed710f8764fae1e6c52960606e85,source_published_annotation,source_published_annotation_unreviewed
99400.015,461,struck-by,accident_type,accident_type,1,struck-by,real,True,sha256:9dc64febec01c93d775dd15a7f2cddb8c9d0ed710f8764fae1e6c52960606e85,source_published_annotation,source_published_annotation_unreviewed
99641.015,462,caught-in/between,working_circumstances/construction_trade,construction_trade,1,utilities,real,True,sha256:9dc64febec01c93d775dd15a7f2cddb8c9d0ed710f8764fae1e6c52960606e85,source_published_annotation,source_published_annotation_unreviewed
99641.015,462,caught-in/between,consequences/severity,severity,1,hospitalized injury,real,True,sha256:9dc64febec01c93d775dd15a7f2cddb8c9d0ed710f8764fae1e6c52960606e85,source_published_annotation,source_published_annotation_unreviewed
99641.015,462,caught-in/between,accident_type,accident_type,1,caught-in/between,real,True,sha256:9dc64febec01c93d775dd15a7f2cddb8c9d0ed710f8764fae1e6c52960606e85,source_published_annotation,source_published_annotation_unreviewed
98373.015,463,caught-in/between,working_circumstances/construction_trade,construction_trade,1,earthwork,real,True,sha256:9dc64febec01c93d775dd15a7f2cddb8c9d0ed710f8764fae1e6c52960606e85,source_published_annotation,source_published_annotation_unreviewed
98373.015,463,caught-in/between,consequences/severity,severity,1,hospitalized injury,real,True,sha256:9dc64febec01c93d775dd15a7f2cddb8c9d0ed710f8764fae1e6c52960606e85,source_published_annotation,source_published_annotation_unreviewed
98373.015,463,caught-in/between,accident_type,accident_type,1,caught-in/between,real,True,sha256:9dc64febec01c93d775dd15a7f2cddb8c9d0ed710f8764fae1e6c52960606e85,source_published_annotation,source_published_annotation_unreviewed
99243.015,464,electrocution,working_circumstances/construction_trade,construction_trade,1,electrical,real,True,sha256:9dc64febec01c93d775dd15a7f2cddb8c9d0ed710f8764fae1e6c52960606e85,source_published_annotation,source_published_annotation_unreviewed
99243.015,464,electrocution,consequences/severity,severity,1,hospitalized injury,real,True,sha256:9dc64febec01c93d775dd15a7f2cddb8c9d0ed710f8764fae1e6c52960606e85,source_published_annotation,source_published_annotation_unreviewed
99243.015,464,electrocution,accident_type,accident_type,1,electrocution,real,True,sha256:9dc64febec01c93d775dd15a7f2cddb8c9d0ed710f8764fae1e6c52960606e85,source_published_annotation,source_published_annotation_unreviewed
98162.015,465,caught-in/between,working_circumstances/construction_trade,construction_trade,1,earthwork,real,True,sha256:9dc64febec01c93d775dd15a7f2cddb8c9d0ed710f8764fae1e6c52960606e85,source_published_annotation,source_published_annotation_unreviewed
98162.015,465,caught-in/between,consequences/severity,severity,1,non hospitalized injury,real,True,sha256:9dc64febec01c93d775dd15a7f2cddb8c9d0ed710f8764fae1e6c52960606e85,source_published_annotation,source_published_annotation_unreviewed
98162.015,465,caught-in/between,accident_type,accident_type,1,caught-in/between,real,True,sha256:9dc64febec01c93d775dd15a7f2cddb8c9d0ed710f8764fae1e6c52960606e85,source_published_annotation,source_published_annotation_unreviewed
98404.015,466,struck-by,working_circumstances/construction_trade,construction_trade,1,exterior improvements,real,True,sha256:9dc64febec01c93d775dd15a7f2cddb8c9d0ed710f8764fae1e6c52960606e85,source_published_annotation,source_published_annotation_unreviewed
98404.015,466,struck-by,consequences/severity,severity,1,non hospitalized injury,real,True,sha256:9dc64febec01c93d775dd15a7f2cddb8c9d0ed710f8764fae1e6c52960606e85,source_published_annotation,source_published_annotation_unreviewed
98404.015,466,struck-by,accident_type,accident_type,1,struck-by,real,True,sha256:9dc64febec01c93d775dd15a7f2cddb8c9d0ed710f8764fae1e6c52960606e85,source_published_annotation,source_published_annotation_unreviewed
97810.015,467,electrocution,working_circumstances/construction_trade,construction_trade,1,electrical,real,True,sha256:9dc64febec01c93d775dd15a7f2cddb8c9d0ed710f8764fae1e6c52960606e85,source_published_annotation,source_published_annotation_unreviewed
97810.015,467,electrocution,consequences/severity,severity,1,hospitalized injury,real,True,sha256:9dc64febec01c93d775dd15a7f2cddb8c9d0ed710f8764fae1e6c52960606e85,source_published_annotation,source_published_annotation_unreviewed
97810.015,467,electrocution,accident_type,accident_type,1,electrocution,real,True,sha256:9dc64febec01c93d775dd15a7f2cddb8c9d0ed710f8764fae1e6c52960606e85,source_published_annotation,source_published_annotation_unreviewed
101403.015,468,caught-in/between,working_circumstances/construction_trade,construction_trade,1,finishes,real,True,sha256:9dc64febec01c93d775dd15a7f2cddb8c9d0ed710f8764fae1e6c52960606e85,source_published_annotation,source_published_annotation_unreviewed
101403.015,468,caught-in/between,consequences/severity,severity,1,hospitalized injury,real,True,sha256:9dc64febec01c93d775dd15a7f2cddb8c9d0ed710f8764fae1e6c52960606e85,source_published_annotation,source_published_annotation_unreviewed
101403.015,468,caught-in/between,accident_type,accident_type,1,caught-in/between,real,True,sha256:9dc64febec01c93d775dd15a7f2cddb8c9d0ed710f8764fae1e6c52960606e85,source_published_annotation,source_published_annotation_unreviewed
97665.015,469,caught-in/between,working_circumstances/construction_trade,construction_trade,1,equipment,real,True,sha256:9dc64febec01c93d775dd15a7f2cddb8c9d0ed710f8764fae1e6c52960606e85,source_published_annotation,source_published_annotation_unreviewed
97665.015,469,caught-in/between,consequences/severity,severity,1,hospitalized injury,real,True,sha256:9dc64febec01c93d775dd15a7f2cddb8c9d0ed710f8764fae1e6c52960606e85,source_published_annotation,source_published_annotation_unreviewed
97665.015,469,caught-in/between,accident_type,accident_type,1,caught-in/between,real,True,sha256:9dc64febec01c93d775dd15a7f2cddb8c9d0ed710f8764fae1e6c52960606e85,source_published_annotation,source_published_annotation_unreviewed
97346.015,470,electrocution,working_circumstances/construction_trade,construction_trade,1,thermal and moisture protection,real,True,sha256:9dc64febec01c93d775dd15a7f2cddb8c9d0ed710f8764fae1e6c52960606e85,source_published_annotation,source_published_annotation_unreviewed
97346.015,470,electrocution,consequences/severity,severity,1,hospitalized injury,real,True,sha256:9dc64febec01c93d775dd15a7f2cddb8c9d0ed710f8764fae1e6c52960606e85,source_published_annotation,source_published_annotation_unreviewed
97346.015,470,electrocution,accident_type,accident_type,1,electrocution,real,True,sha256:9dc64febec01c93d775dd15a7f2cddb8c9d0ed710f8764fae1e6c52960606e85,source_published_annotation,source_published_annotation_unreviewed
101470.015,471,struck-by,working_circumstances/construction_trade,construction_trade,1,electrical,real,True,sha256:9dc64febec01c93d775dd15a7f2cddb8c9d0ed710f8764fae1e6c52960606e85,source_published_annotation,source_published_annotation_unreviewed
101470.015,471,struck-by,consequences/severity,severity,1,hospitalized injury,real,True,sha256:9dc64febec01c93d775dd15a7f2cddb8c9d0ed710f8764fae1e6c52960606e85,source_published_annotation,source_published_annotation_unreviewed
101470.015,471,struck-by,accident_type,accident_type,1,struck-by,real,True,sha256:9dc64febec01c93d775dd15a7f2cddb8c9d0ed710f8764fae1e6c52960606e85,source_published_annotation,source_published_annotation_unreviewed
102311.015,472,caught-in/between,working_circumstances/construction_trade,construction_trade,1,concrete,real,True,sha256:9dc64febec01c93d775dd15a7f2cddb8c9d0ed710f8764fae1e6c52960606e85,source_published_annotation,source_published_annotation_unreviewed
102311.015,472,caught-in/between,consequences/severity,severity,1,hospitalized injury,real,True,sha256:9dc64febec01c93d775dd15a7f2cddb8c9d0ed710f8764fae1e6c52960606e85,source_published_annotation,source_published_annotation_unreviewed
102311.015,472,caught-in/between,accident_type,accident_type,1,caught-in/between,real,True,sha256:9dc64febec01c93d775dd15a7f2cddb8c9d0ed710f8764fae1e6c52960606e85,source_published_annotation,source_published_annotation_unreviewed
97371.015,473,electrocution,working_circumstances/construction_trade,construction_trade,1,thermal and moisture protection,real,True,sha256:9dc64febec01c93d775dd15a7f2cddb8c9d0ed710f8764fae1e6c52960606e85,source_published_annotation,source_published_annotation_unreviewed
97371.015,473,electrocution,consequences/severity,severity,1,fatality,real,True,sha256:9dc64febec01c93d775dd15a7f2cddb8c9d0ed710f8764fae1e6c52960606e85,source_published_annotation,source_published_annotation_unreviewed
97371.015,473,electrocution,accident_type,accident_type,1,electrocution,real,True,sha256:9dc64febec01c93d775dd15a7f2cddb8c9d0ed710f8764fae1e6c52960606e85,source_published_annotation,source_published_annotation_unreviewed
98835.015,474,electrocution,working_circumstances/construction_trade,construction_trade,1,electrical,real,True,sha256:9dc64febec01c93d775dd15a7f2cddb8c9d0ed710f8764fae1e6c52960606e85,source_published_annotation,source_published_annotation_unreviewed
98835.015,474,electrocution,consequences/severity,severity,1,hospitalized injury,real,True,sha256:9dc64febec01c93d775dd15a7f2cddb8c9d0ed710f8764fae1e6c52960606e85,source_published_annotation,source_published_annotation_unreviewed
98835.015,474,electrocution,accident_type,accident_type,1,electrocution,real,True,sha256:9dc64febec01c93d775dd15a7f2cddb8c9d0ed710f8764fae1e6c52960606e85,source_published_annotation,source_published_annotation_unreviewed
101836.015,475,caught-in/between,working_circumstances/construction_trade,construction_trade,1,utilities,real,True,sha256:9dc64febec01c93d775dd15a7f2cddb8c9d0ed710f8764fae1e6c52960606e85,source_published_annotation,source_published_annotation_unreviewed
101836.015,475,caught-in/between,consequences/severity,severity,1,hospitalized injury,real,True,sha256:9dc64febec01c93d775dd15a7f2cddb8c9d0ed710f8764fae1e6c52960606e85,source_published_annotation,source_published_annotation_unreviewed
101836.015,475,caught-in/between,accident_type,accident_type,1,caught-in/between,real,True,sha256:9dc64febec01c93d775dd15a7f2cddb8c9d0ed710f8764fae1e6c52960606e85,source_published_annotation,source_published_annotation_unreviewed
97137.015,476,electrocution,consequences/severity,severity,1,hospitalized injury,real,True,sha256:9dc64febec01c93d775dd15a7f2cddb8c9d0ed710f8764fae1e6c52960606e85,source_published_annotation,source_published_annotation_unreviewed
97137.015,476,electrocution,accident_type,accident_type,1,electrocution,real,True,sha256:9dc64febec01c93d775dd15a7f2cddb8c9d0ed710f8764fae1e6c52960606e85,source_published_annotation,source_published_annotation_unreviewed
97024.015,477,electrocution,working_circumstances/construction_trade,construction_trade,1,concrete,real,True,sha256:9dc64febec01c93d775dd15a7f2cddb8c9d0ed710f8764fae1e6c52960606e85,source_published_annotation,source_published_annotation_unreviewed
97024.015,477,electrocution,consequences/severity,severity,1,fatality,real,True,sha256:9dc64febec01c93d775dd15a7f2cddb8c9d0ed710f8764fae1e6c52960606e85,source_published_annotation,source_published_annotation_unreviewed
97024.015,477,electrocution,accident_type,accident_type,1,electrocution,real,True,sha256:9dc64febec01c93d775dd15a7f2cddb8c9d0ed710f8764fae1e6c52960606e85,source_published_annotation,source_published_annotation_unreviewed
97123.015,478,caught-in/between,working_circumstances/construction_trade,construction_trade,1,electrical,real,True,sha256:9dc64febec01c93d775dd15a7f2cddb8c9d0ed710f8764fae1e6c52960606e85,source_published_annotation,source_published_annotation_unreviewed
97123.015,478,caught-in/between,consequences/severity,severity,1,non hospitalized injury,real,True,sha256:9dc64febec01c93d775dd15a7f2cddb8c9d0ed710f8764fae1e6c52960606e85,source_published_annotation,source_published_annotation_unreviewed
97123.015,478,caught-in/between,accident_type,accident_type,1,caught-in/between,real,True,sha256:9dc64febec01c93d775dd15a7f2cddb8c9d0ed710f8764fae1e6c52960606e85,source_published_annotation,source_published_annotation_unreviewed
99249.015,479,caught-in/between,working_circumstances/construction_trade,construction_trade,1,equipment,real,True,sha256:9dc64febec01c93d775dd15a7f2cddb8c9d0ed710f8764fae1e6c52960606e85,source_published_annotation,source_published_annotation_unreviewed
99249.015,479,caught-in/between,consequences/severity,severity,1,hospitalized injury,real,True,sha256:9dc64febec01c93d775dd15a7f2cddb8c9d0ed710f8764fae1e6c52960606e85,source_published_annotation,source_published_annotation_unreviewed
99249.015,479,caught-in/between,accident_type,accident_type,1,caught-in/between,real,True,sha256:9dc64febec01c93d775dd15a7f2cddb8c9d0ed710f8764fae1e6c52960606e85,source_published_annotation,source_published_annotation_unreviewed
101671.015,480,electrocution,working_circumstances/construction_trade,construction_trade,1,electrical,real,True,sha256:9dc64febec01c93d775dd15a7f2cddb8c9d0ed710f8764fae1e6c52960606e85,source_published_annotation,source_published_annotation_unreviewed
101671.015,480,electrocution,consequences/severity,severity,1,hospitalized injury,real,True,sha256:9dc64febec01c93d775dd15a7f2cddb8c9d0ed710f8764fae1e6c52960606e85,source_published_annotation,source_published_annotation_unreviewed
101671.015,480,electrocution,accident_type,accident_type,1,electrocution,real,True,sha256:9dc64febec01c93d775dd15a7f2cddb8c9d0ed710f8764fae1e6c52960606e85,source_published_annotation,source_published_annotation_unreviewed
96911.015,481,caught-in/between,working_circumstances/construction_trade,construction_trade,1,electrical,real,True,sha256:9dc64febec01c93d775dd15a7f2cddb8c9d0ed710f8764fae1e6c52960606e85,source_published_annotation,source_published_annotation_unreviewed
96911.015,481,caught-in/between,consequences/severity,severity,1,hospitalized injury,real,True,sha256:9dc64febec01c93d775dd15a7f2cddb8c9d0ed710f8764fae1e6c52960606e85,source_published_annotation,source_published_annotation_unreviewed
96911.015,481,caught-in/between,accident_type,accident_type,1,caught-in/between,real,True,sha256:9dc64febec01c93d775dd15a7f2cddb8c9d0ed710f8764fae1e6c52960606e85,source_published_annotation,source_published_annotation_unreviewed
96278.015,482,electrocution,working_circumstances/construction_trade,construction_trade,1,concrete,real,True,sha256:9dc64febec01c93d775dd15a7f2cddb8c9d0ed710f8764fae1e6c52960606e85,source_published_annotation,source_published_annotation_unreviewed
96278.015,482,electrocution,consequences/severity,severity,1,hospitalized injury,real,True,sha256:9dc64febec01c93d775dd15a7f2cddb8c9d0ed710f8764fae1e6c52960606e85,source_published_annotation,source_published_annotation_unreviewed
96278.015,482,electrocution,accident_type,accident_type,1,electrocution,real,True,sha256:9dc64febec01c93d775dd15a7f2cddb8c9d0ed710f8764fae1e6c52960606e85,source_published_annotation,source_published_annotation_unreviewed
96453.015,483,electrocution,working_circumstances/construction_trade,construction_trade,1,electrical,real,True,sha256:9dc64febec01c93d775dd15a7f2cddb8c9d0ed710f8764fae1e6c52960606e85,source_published_annotation,source_published_annotation_unreviewed
96453.015,483,electrocution,consequences/severity,severity,1,hospitalized injury,real,True,sha256:9dc64febec01c93d775dd15a7f2cddb8c9d0ed710f8764fae1e6c52960606e85,source_published_annotation,source_published_annotation_unreviewed
96453.015,483,electrocution,accident_type,accident_type,1,electrocution,real,True,sha256:9dc64febec01c93d775dd15a7f2cddb8c9d0ed710f8764fae1e6c52960606e85,source_published_annotation,source_published_annotation_unreviewed
97648.015,484,struck-by,working_circumstances/construction_trade,construction_trade,1,plumbing,real,True,sha256:9dc64febec01c93d775dd15a7f2cddb8c9d0ed710f8764fae1e6c52960606e85,source_published_annotation,source_published_annotation_unreviewed
97648.015,484,struck-by,consequences/severity,severity,1,hospitalized injury,real,True,sha256:9dc64febec01c93d775dd15a7f2cddb8c9d0ed710f8764fae1e6c52960606e85,source_published_annotation,source_published_annotation_unreviewed
97648.015,484,struck-by,accident_type,accident_type,1,struck-by,real,True,sha256:9dc64febec01c93d775dd15a7f2cddb8c9d0ed710f8764fae1e6c52960606e85,source_published_annotation,source_published_annotation_unreviewed
95671.015,485,electrocution,working_circumstances/construction_trade,construction_trade,1,electrical,real,True,sha256:9dc64febec01c93d775dd15a7f2cddb8c9d0ed710f8764fae1e6c52960606e85,source_published_annotation,source_published_annotation_unreviewed
95671.015,485,electrocution,consequences/severity,severity,1,hospitalized injury,real,True,sha256:9dc64febec01c93d775dd15a7f2cddb8c9d0ed710f8764fae1e6c52960606e85,source_published_annotation,source_published_annotation_unreviewed
95671.015,485,electrocution,accident_type,accident_type,1,electrocution,real,True,sha256:9dc64febec01c93d775dd15a7f2cddb8c9d0ed710f8764fae1e6c52960606e85,source_published_annotation,source_published_annotation_unreviewed
95757.015,486,struck-by,working_circumstances/construction_trade,construction_trade,1,concrete,real,True,sha256:9dc64febec01c93d775dd15a7f2cddb8c9d0ed710f8764fae1e6c52960606e85,source_published_annotation,source_published_annotation_unreviewed
95757.015,486,struck-by,consequences/severity,severity,1,hospitalized injury,real,True,sha256:9dc64febec01c93d775dd15a7f2cddb8c9d0ed710f8764fae1e6c52960606e85,source_published_annotation,source_published_annotation_unreviewed
95757.015,486,struck-by,accident_type,accident_type,1,struck-by,real,True,sha256:9dc64febec01c93d775dd15a7f2cddb8c9d0ed710f8764fae1e6c52960606e85,source_published_annotation,source_published_annotation_unreviewed
99803.015,487,caught-in/between,working_circumstances/construction_trade,construction_trade,1,general requirements,real,True,sha256:9dc64febec01c93d775dd15a7f2cddb8c9d0ed710f8764fae1e6c52960606e85,source_published_annotation,source_published_annotation_unreviewed
99803.015,487,caught-in/between,consequences/severity,severity,1,hospitalized injury,real,True,sha256:9dc64febec01c93d775dd15a7f2cddb8c9d0ed710f8764fae1e6c52960606e85,source_published_annotation,source_published_annotation_unreviewed
99803.015,487,caught-in/between,accident_type,accident_type,1,caught-in/between,real,True,sha256:9dc64febec01c93d775dd15a7f2cddb8c9d0ed710f8764fae1e6c52960606e85,source_published_annotation,source_published_annotation_unreviewed
95228.015,488,struck-by,consequences/severity,severity,1,hospitalized injury,real,True,sha256:9dc64febec01c93d775dd15a7f2cddb8c9d0ed710f8764fae1e6c52960606e85,source_published_annotation,source_published_annotation_unreviewed
95228.015,488,struck-by,accident_type,accident_type,1,struck-by,real,True,sha256:9dc64febec01c93d775dd15a7f2cddb8c9d0ed710f8764fae1e6c52960606e85,source_published_annotation,source_published_annotation_unreviewed
97507.015,489,electrocution,working_circumstances/construction_trade,construction_trade,1,electrical,real,True,sha256:9dc64febec01c93d775dd15a7f2cddb8c9d0ed710f8764fae1e6c52960606e85,source_published_annotation,source_published_annotation_unreviewed
97507.015,489,electrocution,consequences/severity,severity,1,hospitalized injury,real,True,sha256:9dc64febec01c93d775dd15a7f2cddb8c9d0ed710f8764fae1e6c52960606e85,source_published_annotation,source_published_annotation_unreviewed
97507.015,489,electrocution,accident_type,accident_type,1,electrocution,real,True,sha256:9dc64febec01c93d775dd15a7f2cddb8c9d0ed710f8764fae1e6c52960606e85,source_published_annotation,source_published_annotation_unreviewed
97550.015,490,electrocution,working_circumstances/construction_trade,construction_trade,1,existing conditions,real,True,sha256:9dc64febec01c93d775dd15a7f2cddb8c9d0ed710f8764fae1e6c52960606e85,source_published_annotation,source_published_annotation_unreviewed
97550.015,490,electrocution,consequences/severity,severity,1,non hospitalized injury,real,True,sha256:9dc64febec01c93d775dd15a7f2cddb8c9d0ed710f8764fae1e6c52960606e85,source_published_annotation,source_published_annotation_unreviewed
97550.015,490,electrocution,accident_type,accident_type,1,electrocution,real,True,sha256:9dc64febec01c93d775dd15a7f2cddb8c9d0ed710f8764fae1e6c52960606e85,source_published_annotation,source_published_annotation_unreviewed
95000.015,491,struck-by,working_circumstances/construction_trade,construction_trade,1,existing conditions,real,True,sha256:9dc64febec01c93d775dd15a7f2cddb8c9d0ed710f8764fae1e6c52960606e85,source_published_annotation,source_published_annotation_unreviewed
95000.015,491,struck-by,consequences/severity,severity,1,fatality,real,True,sha256:9dc64febec01c93d775dd15a7f2cddb8c9d0ed710f8764fae1e6c52960606e85,source_published_annotation,source_published_annotation_unreviewed
95000.015,491,struck-by,accident_type,accident_type,1,struck-by,real,True,sha256:9dc64febec01c93d775dd15a7f2cddb8c9d0ed710f8764fae1e6c52960606e85,source_published_annotation,source_published_annotation_unreviewed
94416.015,492,caught-in/between,working_circumstances/construction_trade,construction_trade,1,earthwork,real,True,sha256:9dc64febec01c93d775dd15a7f2cddb8c9d0ed710f8764fae1e6c52960606e85,source_published_annotation,source_published_annotation_unreviewed
94416.015,492,caught-in/between,consequences/severity,severity,1,fatality,real,True,sha256:9dc64febec01c93d775dd15a7f2cddb8c9d0ed710f8764fae1e6c52960606e85,source_published_annotation,source_published_annotation_unreviewed
94416.015,492,caught-in/between,accident_type,accident_type,1,caught-in/between,real,True,sha256:9dc64febec01c93d775dd15a7f2cddb8c9d0ed710f8764fae1e6c52960606e85,source_published_annotation,source_published_annotation_unreviewed
94138.015,493,struck-by,working_circumstances/construction_trade,construction_trade,1,earthwork,real,True,sha256:9dc64febec01c93d775dd15a7f2cddb8c9d0ed710f8764fae1e6c52960606e85,source_published_annotation,source_published_annotation_unreviewed
94138.015,493,struck-by,consequences/severity,severity,1,non hospitalized injury,real,True,sha256:9dc64febec01c93d775dd15a7f2cddb8c9d0ed710f8764fae1e6c52960606e85,source_published_annotation,source_published_annotation_unreviewed
94138.015,493,struck-by,accident_type,accident_type,1,struck-by,real,True,sha256:9dc64febec01c93d775dd15a7f2cddb8c9d0ed710f8764fae1e6c52960606e85,source_published_annotation,source_published_annotation_unreviewed
94988.015,494,struck-by,working_circumstances/construction_trade,construction_trade,1,exterior improvements,real,True,sha256:9dc64febec01c93d775dd15a7f2cddb8c9d0ed710f8764fae1e6c52960606e85,source_published_annotation,source_published_annotation_unreviewed
94988.015,494,struck-by,consequences/severity,severity,1,hospitalized injury,real,True,sha256:9dc64febec01c93d775dd15a7f2cddb8c9d0ed710f8764fae1e6c52960606e85,source_published_annotation,source_published_annotation_unreviewed
94988.015,494,struck-by,accident_type,accident_type,1,struck-by,real,True,sha256:9dc64febec01c93d775dd15a7f2cddb8c9d0ed710f8764fae1e6c52960606e85,source_published_annotation,source_published_annotation_unreviewed
93557.015,495,struck-by,working_circumstances/construction_trade,construction_trade,1,general requirements,real,True,sha256:9dc64febec01c93d775dd15a7f2cddb8c9d0ed710f8764fae1e6c52960606e85,source_published_annotation,source_published_annotation_unreviewed
93557.015,495,struck-by,consequences/severity,severity,1,fatality,real,True,sha256:9dc64febec01c93d775dd15a7f2cddb8c9d0ed710f8764fae1e6c52960606e85,source_published_annotation,source_published_annotation_unreviewed
93557.015,495,struck-by,accident_type,accident_type,1,struck-by,real,True,sha256:9dc64febec01c93d775dd15a7f2cddb8c9d0ed710f8764fae1e6c52960606e85,source_published_annotation,source_published_annotation_unreviewed
93292.015,496,struck-by,working_circumstances/construction_trade,construction_trade,1,general requirements,real,True,sha256:9dc64febec01c93d775dd15a7f2cddb8c9d0ed710f8764fae1e6c52960606e85,source_published_annotation,source_published_annotation_unreviewed
93292.015,496,struck-by,consequences/severity,severity,1,fatality,real,True,sha256:9dc64febec01c93d775dd15a7f2cddb8c9d0ed710f8764fae1e6c52960606e85,source_published_annotation,source_published_annotation_unreviewed
93292.015,496,struck-by,accident_type,accident_type,1,struck-by,real,True,sha256:9dc64febec01c93d775dd15a7f2cddb8c9d0ed710f8764fae1e6c52960606e85,source_published_annotation,source_published_annotation_unreviewed
93333.015,497,electrocution,working_circumstances/construction_trade,construction_trade,1,electrical,real,True,sha256:9dc64febec01c93d775dd15a7f2cddb8c9d0ed710f8764fae1e6c52960606e85,source_published_annotation,source_published_annotation_unreviewed
93333.015,497,electrocution,consequences/severity,severity,1,hospitalized injury,real,True,sha256:9dc64febec01c93d775dd15a7f2cddb8c9d0ed710f8764fae1e6c52960606e85,source_published_annotation,source_published_annotation_unreviewed
93333.015,497,electrocution,accident_type,accident_type,1,electrocution,real,True,sha256:9dc64febec01c93d775dd15a7f2cddb8c9d0ed710f8764fae1e6c52960606e85,source_published_annotation,source_published_annotation_unreviewed
94450.015,498,struck-by,working_circumstances/construction_trade,construction_trade,1,equipment,real,True,sha256:9dc64febec01c93d775dd15a7f2cddb8c9d0ed710f8764fae1e6c52960606e85,source_published_annotation,source_published_annotation_unreviewed
94450.015,498,struck-by,consequences/severity,severity,1,hospitalized injury,real,True,sha256:9dc64febec01c93d775dd15a7f2cddb8c9d0ed710f8764fae1e6c52960606e85,source_published_annotation,source_published_annotation_unreviewed
94450.015,498,struck-by,accident_type,accident_type,1,struck-by,real,True,sha256:9dc64febec01c93d775dd15a7f2cddb8c9d0ed710f8764fae1e6c52960606e85,source_published_annotation,source_published_annotation_unreviewed
92314.015,499,caught-in/between,working_circumstances/construction_trade,construction_trade,1,earthwork,real,True,sha256:9dc64febec01c93d775dd15a7f2cddb8c9d0ed710f8764fae1e6c52960606e85,source_published_annotation,source_published_annotation_unreviewed
92314.015,499,caught-in/between,consequences/severity,severity,1,fatality,real,True,sha256:9dc64febec01c93d775dd15a7f2cddb8c9d0ed710f8764fae1e6c52960606e85,source_published_annotation,source_published_annotation_unreviewed
92314.015,499,caught-in/between,accident_type,accident_type,1,caught-in/between,real,True,sha256:9dc64febec01c93d775dd15a7f2cddb8c9d0ed710f8764fae1e6c52960606e85,source_published_annotation,source_published_annotation_unreviewed
90735.015,500,caught-in/between,working_circumstances/construction_trade,construction_trade,1,equipment,real,True,sha256:9dc64febec01c93d775dd15a7f2cddb8c9d0ed710f8764fae1e6c52960606e85,source_published_annotation,source_published_annotation_unreviewed
90735.015,500,caught-in/between,consequences/severity,severity,1,fatality,real,True,sha256:9dc64febec01c93d775dd15a7f2cddb8c9d0ed710f8764fae1e6c52960606e85,source_published_annotation,source_published_annotation_unreviewed
90735.015,500,caught-in/between,accident_type,accident_type,1,caught-in/between,real,True,sha256:9dc64febec01c93d775dd15a7f2cddb8c9d0ed710f8764fae1e6c52960606e85,source_published_annotation,source_published_annotation_unreviewed
89137.015,501,caught-in/between,working_circumstances/construction_trade,construction_trade,1,existing conditions,real,True,sha256:9dc64febec01c93d775dd15a7f2cddb8c9d0ed710f8764fae1e6c52960606e85,source_published_annotation,source_published_annotation_unreviewed
89137.015,501,caught-in/between,consequences/severity,severity,1,fatality,real,True,sha256:9dc64febec01c93d775dd15a7f2cddb8c9d0ed710f8764fae1e6c52960606e85,source_published_annotation,source_published_annotation_unreviewed
89137.015,501,caught-in/between,accident_type,accident_type,1,caught-in/between,real,True,sha256:9dc64febec01c93d775dd15a7f2cddb8c9d0ed710f8764fae1e6c52960606e85,source_published_annotation,source_published_annotation_unreviewed
84978.015,502,struck-by,working_circumstances/construction_trade,construction_trade,1,earthwork,real,True,sha256:9dc64febec01c93d775dd15a7f2cddb8c9d0ed710f8764fae1e6c52960606e85,source_published_annotation,source_published_annotation_unreviewed
84978.015,502,struck-by,consequences/severity,severity,1,fatality,real,True,sha256:9dc64febec01c93d775dd15a7f2cddb8c9d0ed710f8764fae1e6c52960606e85,source_published_annotation,source_published_annotation_unreviewed
84978.015,502,struck-by,accident_type,accident_type,1,struck-by,real,True,sha256:9dc64febec01c93d775dd15a7f2cddb8c9d0ed710f8764fae1e6c52960606e85,source_published_annotation,source_published_annotation_unreviewed
84673.015,503,caught-in/between,working_circumstances/construction_trade,construction_trade,1,earthwork,real,True,sha256:9dc64febec01c93d775dd15a7f2cddb8c9d0ed710f8764fae1e6c52960606e85,source_published_annotation,source_published_annotation_unreviewed
84673.015,503,caught-in/between,consequences/severity,severity,1,fatality,real,True,sha256:9dc64febec01c93d775dd15a7f2cddb8c9d0ed710f8764fae1e6c52960606e85,source_published_annotation,source_published_annotation_unreviewed
84673.015,503,caught-in/between,accident_type,accident_type,1,caught-in/between,real,True,sha256:9dc64febec01c93d775dd15a7f2cddb8c9d0ed710f8764fae1e6c52960606e85,source_published_annotation,source_published_annotation_unreviewed
79900.015,504,electrocution,working_circumstances/construction_trade,construction_trade,1,"wood, plastics, and composites",real,True,sha256:9dc64febec01c93d775dd15a7f2cddb8c9d0ed710f8764fae1e6c52960606e85,source_published_annotation,source_published_annotation_unreviewed
79900.015,504,electrocution,consequences/severity,severity,1,fatality,real,True,sha256:9dc64febec01c93d775dd15a7f2cddb8c9d0ed710f8764fae1e6c52960606e85,source_published_annotation,source_published_annotation_unreviewed
79900.015,504,electrocution,accident_type,accident_type,1,electrocution,real,True,sha256:9dc64febec01c93d775dd15a7f2cddb8c9d0ed710f8764fae1e6c52960606e85,source_published_annotation,source_published_annotation_unreviewed
80583.015,505,struck-by,working_circumstances/construction_trade,construction_trade,1,metals,real,True,sha256:9dc64febec01c93d775dd15a7f2cddb8c9d0ed710f8764fae1e6c52960606e85,source_published_annotation,source_published_annotation_unreviewed
80583.015,505,struck-by,consequences/severity,severity,1,fatality,real,True,sha256:9dc64febec01c93d775dd15a7f2cddb8c9d0ed710f8764fae1e6c52960606e85,source_published_annotation,source_published_annotation_unreviewed
80583.015,505,struck-by,accident_type,accident_type,1,struck-by,real,True,sha256:9dc64febec01c93d775dd15a7f2cddb8c9d0ed710f8764fae1e6c52960606e85,source_published_annotation,source_published_annotation_unreviewed
77829.015,506,caught-in/between,working_circumstances/construction_trade,construction_trade,1,utilities,real,True,sha256:9dc64febec01c93d775dd15a7f2cddb8c9d0ed710f8764fae1e6c52960606e85,source_published_annotation,source_published_annotation_unreviewed
77829.015,506,caught-in/between,consequences/severity,severity,1,fatality,real,True,sha256:9dc64febec01c93d775dd15a7f2cddb8c9d0ed710f8764fae1e6c52960606e85,source_published_annotation,source_published_annotation_unreviewed
77829.015,506,caught-in/between,accident_type,accident_type,1,caught-in/between,real,True,sha256:9dc64febec01c93d775dd15a7f2cddb8c9d0ed710f8764fae1e6c52960606e85,source_published_annotation,source_published_annotation_unreviewed
77535.015,507,caught-in/between,working_circumstances/construction_trade,construction_trade,1,earthwork,real,True,sha256:9dc64febec01c93d775dd15a7f2cddb8c9d0ed710f8764fae1e6c52960606e85,source_published_annotation,source_published_annotation_unreviewed
77535.015,507,caught-in/between,consequences/severity,severity,1,fatality,real,True,sha256:9dc64febec01c93d775dd15a7f2cddb8c9d0ed710f8764fae1e6c52960606e85,source_published_annotation,source_published_annotation_unreviewed
77535.015,507,caught-in/between,accident_type,accident_type,1,caught-in/between,real,True,sha256:9dc64febec01c93d775dd15a7f2cddb8c9d0ed710f8764fae1e6c52960606e85,source_published_annotation,source_published_annotation_unreviewed
73937.015,508,caught-in/between,working_circumstances/construction_trade,construction_trade,1,metals,real,True,sha256:9dc64febec01c93d775dd15a7f2cddb8c9d0ed710f8764fae1e6c52960606e85,source_published_annotation,source_published_annotation_unreviewed
73937.015,508,caught-in/between,consequences/severity,severity,1,fatality,real,True,sha256:9dc64febec01c93d775dd15a7f2cddb8c9d0ed710f8764fae1e6c52960606e85,source_published_annotation,source_published_annotation_unreviewed
73937.015,508,caught-in/between,accident_type,accident_type,1,caught-in/between,real,True,sha256:9dc64febec01c93d775dd15a7f2cddb8c9d0ed710f8764fae1e6c52960606e85,source_published_annotation,source_published_annotation_unreviewed
70382.015,509,caught-in/between,working_circumstances/construction_trade,construction_trade,1,metals,real,True,sha256:9dc64febec01c93d775dd15a7f2cddb8c9d0ed710f8764fae1e6c52960606e85,source_published_annotation,source_published_annotation_unreviewed
70382.015,509,caught-in/between,consequences/severity,severity,1,fatality,real,True,sha256:9dc64febec01c93d775dd15a7f2cddb8c9d0ed710f8764fae1e6c52960606e85,source_published_annotation,source_published_annotation_unreviewed
70382.015,509,caught-in/between,accident_type,accident_type,1,caught-in/between,real,True,sha256:9dc64febec01c93d775dd15a7f2cddb8c9d0ed710f8764fae1e6c52960606e85,source_published_annotation,source_published_annotation_unreviewed
70037.015,510,struck-by,working_circumstances/construction_trade,construction_trade,1,finishes,real,True,sha256:9dc64febec01c93d775dd15a7f2cddb8c9d0ed710f8764fae1e6c52960606e85,source_published_annotation,source_published_annotation_unreviewed
70037.015,510,struck-by,consequences/severity,severity,1,fatality,real,True,sha256:9dc64febec01c93d775dd15a7f2cddb8c9d0ed710f8764fae1e6c52960606e85,source_published_annotation,source_published_annotation_unreviewed
70037.015,510,struck-by,accident_type,accident_type,1,struck-by,real,True,sha256:9dc64febec01c93d775dd15a7f2cddb8c9d0ed710f8764fae1e6c52960606e85,source_published_annotation,source_published_annotation_unreviewed
75911.015,511,caught-in/between,working_circumstances/construction_trade,construction_trade,1,concrete,real,True,sha256:9dc64febec01c93d775dd15a7f2cddb8c9d0ed710f8764fae1e6c52960606e85,source_published_annotation,source_published_annotation_unreviewed
75911.015,511,caught-in/between,consequences/severity,severity,1,hospitalized injury,real,True,sha256:9dc64febec01c93d775dd15a7f2cddb8c9d0ed710f8764fae1e6c52960606e85,source_published_annotation,source_published_annotation_unreviewed
75911.015,511,caught-in/between,accident_type,accident_type,1,caught-in/between,real,True,sha256:9dc64febec01c93d775dd15a7f2cddb8c9d0ed710f8764fae1e6c52960606e85,source_published_annotation,source_published_annotation_unreviewed
70180.015,512,struck-by,working_circumstances/construction_trade,construction_trade,1,concrete,real,True,sha256:9dc64febec01c93d775dd15a7f2cddb8c9d0ed710f8764fae1e6c52960606e85,source_published_annotation,source_published_annotation_unreviewed
70180.015,512,struck-by,consequences/severity,severity,1,hospitalized injury,real,True,sha256:9dc64febec01c93d775dd15a7f2cddb8c9d0ed710f8764fae1e6c52960606e85,source_published_annotation,source_published_annotation_unreviewed
70180.015,512,struck-by,accident_type,accident_type,1,struck-by,real,True,sha256:9dc64febec01c93d775dd15a7f2cddb8c9d0ed710f8764fae1e6c52960606e85,source_published_annotation,source_published_annotation_unreviewed
73705.015,513,electrocution,working_circumstances/construction_trade,construction_trade,1,electrical,real,True,sha256:9dc64febec01c93d775dd15a7f2cddb8c9d0ed710f8764fae1e6c52960606e85,source_published_annotation,source_published_annotation_unreviewed
73705.015,513,electrocution,consequences/severity,severity,1,hospitalized injury,real,True,sha256:9dc64febec01c93d775dd15a7f2cddb8c9d0ed710f8764fae1e6c52960606e85,source_published_annotation,source_published_annotation_unreviewed
73705.015,513,electrocution,accident_type,accident_type,1,electrocution,real,True,sha256:9dc64febec01c93d775dd15a7f2cddb8c9d0ed710f8764fae1e6c52960606e85,source_published_annotation,source_published_annotation_unreviewed
69297.015,514,caught-in/between,working_circumstances/construction_trade,construction_trade,1,equipment,real,True,sha256:9dc64febec01c93d775dd15a7f2cddb8c9d0ed710f8764fae1e6c52960606e85,source_published_annotation,source_published_annotation_unreviewed
69297.015,514,caught-in/between,consequences/severity,severity,1,fatality,real,True,sha256:9dc64febec01c93d775dd15a7f2cddb8c9d0ed710f8764fae1e6c52960606e85,source_published_annotation,source_published_annotation_unreviewed
69297.015,514,caught-in/between,accident_type,accident_type,1,caught-in/between,real,True,sha256:9dc64febec01c93d775dd15a7f2cddb8c9d0ed710f8764fae1e6c52960606e85,source_published_annotation,source_published_annotation_unreviewed
69363.015,515,struck-by,working_circumstances/construction_trade,construction_trade,1,utilities,real,True,sha256:9dc64febec01c93d775dd15a7f2cddb8c9d0ed710f8764fae1e6c52960606e85,source_published_annotation,source_published_annotation_unreviewed
69363.015,515,struck-by,consequences/severity,severity,1,fatality,real,True,sha256:9dc64febec01c93d775dd15a7f2cddb8c9d0ed710f8764fae1e6c52960606e85,source_published_annotation,source_published_annotation_unreviewed
69363.015,515,struck-by,accident_type,accident_type,1,struck-by,real,True,sha256:9dc64febec01c93d775dd15a7f2cddb8c9d0ed710f8764fae1e6c52960606e85,source_published_annotation,source_published_annotation_unreviewed
69016.015,516,caught-in/between,working_circumstances/construction_trade,construction_trade,1,"wood, plastics, and composites",real,True,sha256:9dc64febec01c93d775dd15a7f2cddb8c9d0ed710f8764fae1e6c52960606e85,source_published_annotation,source_published_annotation_unreviewed
69016.015,516,caught-in/between,consequences/severity,severity,1,fatality,real,True,sha256:9dc64febec01c93d775dd15a7f2cddb8c9d0ed710f8764fae1e6c52960606e85,source_published_annotation,source_published_annotation_unreviewed
69016.015,516,caught-in/between,accident_type,accident_type,1,caught-in/between,real,True,sha256:9dc64febec01c93d775dd15a7f2cddb8c9d0ed710f8764fae1e6c52960606e85,source_published_annotation,source_published_annotation_unreviewed
68869.015,517,struck-by,working_circumstances/construction_trade,construction_trade,1,exterior improvements,real,True,sha256:9dc64febec01c93d775dd15a7f2cddb8c9d0ed710f8764fae1e6c52960606e85,source_published_annotation,source_published_annotation_unreviewed
68869.015,517,struck-by,consequences/severity,severity,1,fatality,real,True,sha256:9dc64febec01c93d775dd15a7f2cddb8c9d0ed710f8764fae1e6c52960606e85,source_published_annotation,source_published_annotation_unreviewed
68869.015,517,struck-by,accident_type,accident_type,1,struck-by,real,True,sha256:9dc64febec01c93d775dd15a7f2cddb8c9d0ed710f8764fae1e6c52960606e85,source_published_annotation,source_published_annotation_unreviewed
68359.015,518,electrocution,working_circumstances/construction_trade,construction_trade,1,"heating, ventilating, and air conditioning (hvac)",real,True,sha256:9dc64febec01c93d775dd15a7f2cddb8c9d0ed710f8764fae1e6c52960606e85,source_published_annotation,source_published_annotation_unreviewed
68359.015,518,electrocution,consequences/severity,severity,1,fatality,real,True,sha256:9dc64febec01c93d775dd15a7f2cddb8c9d0ed710f8764fae1e6c52960606e85,source_published_annotation,source_published_annotation_unreviewed
68359.015,518,electrocution,accident_type,accident_type,1,electrocution,real,True,sha256:9dc64febec01c93d775dd15a7f2cddb8c9d0ed710f8764fae1e6c52960606e85,source_published_annotation,source_published_annotation_unreviewed
68342.015,519,caught-in/between,working_circumstances/construction_trade,construction_trade,1,earthwork,real,True,sha256:9dc64febec01c93d775dd15a7f2cddb8c9d0ed710f8764fae1e6c52960606e85,source_published_annotation,source_published_annotation_unreviewed
68342.015,519,caught-in/between,consequences/severity,severity,1,fatality,real,True,sha256:9dc64febec01c93d775dd15a7f2cddb8c9d0ed710f8764fae1e6c52960606e85,source_published_annotation,source_published_annotation_unreviewed
68342.015,519,caught-in/between,accident_type,accident_type,1,caught-in/between,real,True,sha256:9dc64febec01c93d775dd15a7f2cddb8c9d0ed710f8764fae1e6c52960606e85,source_published_annotation,source_published_annotation_unreviewed
64291.015,520,electrocution,working_circumstances/construction_trade,construction_trade,1,utilities,real,True,sha256:9dc64febec01c93d775dd15a7f2cddb8c9d0ed710f8764fae1e6c52960606e85,source_published_annotation,source_published_annotation_unreviewed
64291.015,520,electrocution,consequences/severity,severity,1,fatality,real,True,sha256:9dc64febec01c93d775dd15a7f2cddb8c9d0ed710f8764fae1e6c52960606e85,source_published_annotation,source_published_annotation_unreviewed
64291.015,520,electrocution,accident_type,accident_type,1,electrocution,real,True,sha256:9dc64febec01c93d775dd15a7f2cddb8c9d0ed710f8764fae1e6c52960606e85,source_published_annotation,source_published_annotation_unreviewed
54508.015,521,caught-in/between,working_circumstances/construction_trade,construction_trade,1,utilities,real,True,sha256:9dc64febec01c93d775dd15a7f2cddb8c9d0ed710f8764fae1e6c52960606e85,source_published_annotation,source_published_annotation_unreviewed
54508.015,521,caught-in/between,consequences/severity,severity,1,fatality,real,True,sha256:9dc64febec01c93d775dd15a7f2cddb8c9d0ed710f8764fae1e6c52960606e85,source_published_annotation,source_published_annotation_unreviewed
54508.015,521,caught-in/between,accident_type,accident_type,1,caught-in/between,real,True,sha256:9dc64febec01c93d775dd15a7f2cddb8c9d0ed710f8764fae1e6c52960606e85,source_published_annotation,source_published_annotation_unreviewed
52788.015,522,struck-by,working_circumstances/construction_trade,construction_trade,1,earthwork,real,True,sha256:9dc64febec01c93d775dd15a7f2cddb8c9d0ed710f8764fae1e6c52960606e85,source_published_annotation,source_published_annotation_unreviewed
52788.015,522,struck-by,consequences/severity,severity,1,fatality,real,True,sha256:9dc64febec01c93d775dd15a7f2cddb8c9d0ed710f8764fae1e6c52960606e85,source_published_annotation,source_published_annotation_unreviewed
52788.015,522,struck-by,accident_type,accident_type,1,struck-by,real,True,sha256:9dc64febec01c93d775dd15a7f2cddb8c9d0ed710f8764fae1e6c52960606e85,source_published_annotation,source_published_annotation_unreviewed
42679.015,523,caught-in/between,working_circumstances/construction_trade,construction_trade,1,utilities,real,True,sha256:9dc64febec01c93d775dd15a7f2cddb8c9d0ed710f8764fae1e6c52960606e85,source_published_annotation,source_published_annotation_unreviewed
42679.015,523,caught-in/between,consequences/severity,severity,1,fatality,real,True,sha256:9dc64febec01c93d775dd15a7f2cddb8c9d0ed710f8764fae1e6c52960606e85,source_published_annotation,source_published_annotation_unreviewed
42679.015,523,caught-in/between,accident_type,accident_type,1,caught-in/between,real,True,sha256:9dc64febec01c93d775dd15a7f2cddb8c9d0ed710f8764fae1e6c52960606e85,source_published_annotation,source_published_annotation_unreviewed
42539.015,524,electrocution,working_circumstances/construction_trade,construction_trade,1,utilities,real,True,sha256:9dc64febec01c93d775dd15a7f2cddb8c9d0ed710f8764fae1e6c52960606e85,source_published_annotation,source_published_annotation_unreviewed
42539.015,524,electrocution,consequences/severity,severity,1,fatality,real,True,sha256:9dc64febec01c93d775dd15a7f2cddb8c9d0ed710f8764fae1e6c52960606e85,source_published_annotation,source_published_annotation_unreviewed
42539.015,524,electrocution,accident_type,accident_type,1,electrocution,real,True,sha256:9dc64febec01c93d775dd15a7f2cddb8c9d0ed710f8764fae1e6c52960606e85,source_published_annotation,source_published_annotation_unreviewed
41140.015,525,electrocution,working_circumstances/construction_trade,construction_trade,1,finishes,real,True,sha256:9dc64febec01c93d775dd15a7f2cddb8c9d0ed710f8764fae1e6c52960606e85,source_published_annotation,source_published_annotation_unreviewed
41140.015,525,electrocution,consequences/severity,severity,1,fatality,real,True,sha256:9dc64febec01c93d775dd15a7f2cddb8c9d0ed710f8764fae1e6c52960606e85,source_published_annotation,source_published_annotation_unreviewed
41140.015,525,electrocution,accident_type,accident_type,1,electrocution,real,True,sha256:9dc64febec01c93d775dd15a7f2cddb8c9d0ed710f8764fae1e6c52960606e85,source_published_annotation,source_published_annotation_unreviewed
27615.015,526,caught-in/between,working_circumstances/construction_trade,construction_trade,1,earthwork,real,True,sha256:9dc64febec01c93d775dd15a7f2cddb8c9d0ed710f8764fae1e6c52960606e85,source_published_annotation,source_published_annotation_unreviewed
27615.015,526,caught-in/between,consequences/severity,severity,1,fatality,real,True,sha256:9dc64febec01c93d775dd15a7f2cddb8c9d0ed710f8764fae1e6c52960606e85,source_published_annotation,source_published_annotation_unreviewed
27615.015,526,caught-in/between,accident_type,accident_type,1,caught-in/between,real,True,sha256:9dc64febec01c93d775dd15a7f2cddb8c9d0ed710f8764fae1e6c52960606e85,source_published_annotation,source_published_annotation_unreviewed
25655.015,527,electrocution,working_circumstances/construction_trade,construction_trade,1,electrical,real,True,sha256:9dc64febec01c93d775dd15a7f2cddb8c9d0ed710f8764fae1e6c52960606e85,source_published_annotation,source_published_annotation_unreviewed
25655.015,527,electrocution,consequences/severity,severity,1,fatality,real,True,sha256:9dc64febec01c93d775dd15a7f2cddb8c9d0ed710f8764fae1e6c52960606e85,source_published_annotation,source_published_annotation_unreviewed
25655.015,527,electrocution,accident_type,accident_type,1,electrocution,real,True,sha256:9dc64febec01c93d775dd15a7f2cddb8c9d0ed710f8764fae1e6c52960606e85,source_published_annotation,source_published_annotation_unreviewed
17756.015,528,caught-in/between,working_circumstances/construction_trade,construction_trade,1,utilities,real,True,sha256:9dc64febec01c93d775dd15a7f2cddb8c9d0ed710f8764fae1e6c52960606e85,source_published_annotation,source_published_annotation_unreviewed
17756.015,528,caught-in/between,consequences/severity,severity,1,fatality,real,True,sha256:9dc64febec01c93d775dd15a7f2cddb8c9d0ed710f8764fae1e6c52960606e85,source_published_annotation,source_published_annotation_unreviewed
17756.015,528,caught-in/between,accident_type,accident_type,1,caught-in/between,real,True,sha256:9dc64febec01c93d775dd15a7f2cddb8c9d0ed710f8764fae1e6c52960606e85,source_published_annotation,source_published_annotation_unreviewed
4254.015,529,struck-by,working_circumstances/construction_trade,construction_trade,1,general requirements,real,True,sha256:9dc64febec01c93d775dd15a7f2cddb8c9d0ed710f8764fae1e6c52960606e85,source_published_annotation,source_published_annotation_unreviewed
4254.015,529,struck-by,consequences/severity,severity,1,fatality,real,True,sha256:9dc64febec01c93d775dd15a7f2cddb8c9d0ed710f8764fae1e6c52960606e85,source_published_annotation,source_published_annotation_unreviewed
4254.015,529,struck-by,accident_type,accident_type,1,struck-by,real,True,sha256:9dc64febec01c93d775dd15a7f2cddb8c9d0ed710f8764fae1e6c52960606e85,source_published_annotation,source_published_annotation_unreviewed
3830.015,530,caught-in/between,working_circumstances/construction_trade,construction_trade,1,earthwork,real,True,sha256:9dc64febec01c93d775dd15a7f2cddb8c9d0ed710f8764fae1e6c52960606e85,source_published_annotation,source_published_annotation_unreviewed
3830.015,530,caught-in/between,consequences/severity,severity,1,fatality,real,True,sha256:9dc64febec01c93d775dd15a7f2cddb8c9d0ed710f8764fae1e6c52960606e85,source_published_annotation,source_published_annotation_unreviewed
3830.015,530,caught-in/between,accident_type,accident_type,1,caught-in/between,real,True,sha256:9dc64febec01c93d775dd15a7f2cddb8c9d0ed710f8764fae1e6c52960606e85,source_published_annotation,source_published_annotation_unreviewed
