record_id,accident_type,narrative,data_origin,is_real,source_artifact_id,source_row,annotation_origin,verification_status
162549.015,struck-by,"Employee #1 was working for a site preparation contractor. Employee #1 was driving a semi-truck with a trailer filled with gravel after leaving a stone quarry. The semi-truck struck an embankment causing fatal injuries to employee #1. According to a report from the state highway patrol, two of the truck's brakes were not working at the time of the accident.",real,True,sha256:9dc64febec01c93d775dd15a7f2cddb8c9d0ed710f8764fae1e6c52960606e85,1,source_published_annotation,source_published_annotation_unreviewed
162301.015,caught-in/between,"Employee #1 was working for an elevator installation and maintenance contractor. Employee #1 was troubleshooting and performing maintenance on a two-story residential ADA elevator. The elevator was on the second floor at the time of the incident, and Employee#1 disengaged the safety interlock on the outer elevator door on the first floor while the elevator was on the second floor. Employee#1 propped the outer door open with a tool bag and entered the elevator pit. The outer door closed, while Employee #1 was in the elevator pit, trapping him in the elevator pit. The elevator activated and came down on Employee #1, causing his death from brain and other traumatic injuries.",real,True,sha256:9dc64febec01c93d775dd15a7f2cddb8c9d0ed710f8764fae1e6c52960606e85,2,source_published_annotation,source_published_annotation_unreviewed
161286.015,fall,An employee working as a roofer for a roofing contractor had traveled up a low slope roof that had 8-flush mounted skylights. The employee was not using a personal fall protection system and the skylights were not protected with either guardrails or covers. The employee was tasked with identifying leaking areas for resealing. The employee had taken a video and texted it to the property owner with his observations on the roof. There were no witnesses or video footage as to what the employee was actually doing at the time. The employee fell through the northeast skylight and was found on the concrete floor of the warehouse. The employee had died from blunt force trauma to the head.,real,True,sha256:9dc64febec01c93d775dd15a7f2cddb8c9d0ed710f8764fae1e6c52960606e85,3,source_published_annotation,source_published_annotation_unreviewed
160487.015,struck-by,"Employee #1 and Employee #2 were employed by a construction exterior finishing contractor. Employee #1 and Employee #2 were installing OSB exterior sheeting at the ground level of the residential structure. Lumber and OSB Sheathing were being unloaded from semi-trucks with a crane to the second level of the structure. The lumber and sheathing were rigged with nylon straps which became displaced causing the load to fall on the second level of the structure. The banding on the bundle of OSB broke allowing individual sheets of lumber to slide and fall to the ground below striking Employee #1 and Employee #2. Approximately, 40 sheets of OSB fell over 15 feet striking Employee #1 and Employee #2 working below. Employee #1 was fatally injured due to blunt force trauma to the head and neck. Employee #2 received multiple severe lacerations to both arms and was hospitalized.",real,True,sha256:9dc64febec01c93d775dd15a7f2cddb8c9d0ed710f8764fae1e6c52960606e85,4,source_published_annotation,source_published_annotation_unreviewed
160149.015,fall,An employee working as a roofer for a residential remodeler was working on the top of a detached garage replacing a roof. The employee was working with a crew that included two coworkers when he fell approximately 12 feet through a skylight opening. The employee was not wearing fall protection at the time of the fall and did not receive training on fall protection and the hazards associated with falls. The employee sustained a concussion and died as a result of his injuries,real,True,sha256:9dc64febec01c93d775dd15a7f2cddb8c9d0ed710f8764fae1e6c52960606e85,5,source_published_annotation,source_published_annotation_unreviewed
160045.015,fall,"Employee #1, a construction laborer, was operating a handheld concrete saw (14-inch blade) to cut the rebar located on the concrete floor being demolished. After the rebar was cut, chipping hammers were used to demolish the concrete floor, which would fall onto the first floor below. A concrete slab collapsed under Employee #1, falling 17 feet to the ground below. Employee #1 was tied off to a vertical metal beam using a lifeline with a rope grab, which was attached to his lanyard. His personal fall arrest system was not rigged such that he could not free fall more than 6 feet. Employee #1 was hospitalized and was taken off from life support and died due to a head injury.",real,True,sha256:9dc64febec01c93d775dd15a7f2cddb8c9d0ed710f8764fae1e6c52960606e85,6,source_published_annotation,source_published_annotation_unreviewed
159955.015,struck-by,An employee operating an air wand for a road paving and surfacing company was cleaning out road cracks with compressed air. The employee was standing in front of a Ford F250 Truck towing the compressor. Coworker #1 was working from the bed of the tow vehicle operating a heat torch connected to a propane tank. Coworker #2 was operating the truck and appeared to fall asleep when he inadvertently stepped on the gas pedal. Coworker #2 lost control of the truck and ran over the employee. Coworker #1 was not injured. The employee amputated his leg and sustained multiple fractures and died.,real,True,sha256:9dc64febec01c93d775dd15a7f2cddb8c9d0ed710f8764fae1e6c52960606e85,7,source_published_annotation,source_published_annotation_unreviewed
160027.015,electrocution,"An employee working as a power line worker for an electrical contractor had climbed up a wooden pole using a combination of a ladder and climbing spurs. Once on top, the employee covered the electrically charged wires with electric blankets and began to change out an existing cutout underground riser switch. The employee grabbed the upper piece of the riser and was attempting to connect the lower portion of the riser. The employee removed the electrical blanket from the riser to better feel the cable while he attempted to crimp the connection. At some point during this operation, the employee contacted the upper riser with his right shoulder and was electrocuted. The wiring was rated at 7,620 volts, which entered the employee's right scapula and exited his left medial thigh causing extensive burns around the neck and back as well as the left thigh. His left thigh was torn apart and the skin was ripped open approximately 6 to 8 inches. The employee died from his injuries.",real,True,sha256:9dc64febec01c93d775dd15a7f2cddb8c9d0ed710f8764fae1e6c52960606e85,8,source_published_annotation,source_published_annotation_unreviewed
159883.015,fall,An employee working as a carpenter for a construction contractor was working on a crew of with 5 coworkers setting 80-foot-long metal-connected wood trusses. The crew was working on a 250-foot by 80-foot new warehouse building constructed of masonry block walls. The employee worked with a coworker outside the building rigging trusses to fly in by crane. The bottom cords were approximately 20 feet above the concrete floor. The crew used either Genie 3232 or JCB S26 scissor lifts to access the elevated trusses for installation. The weather conditions were sunny and dry. The employee had set 21 trusses 4 feet apart from each other. The employee climbed out of a scissor lift and climbed onto one of the trusses without fall protection. He fell approximately 20 feet to a concrete surface below and died from head trauma.,real,True,sha256:9dc64febec01c93d775dd15a7f2cddb8c9d0ed710f8764fae1e6c52960606e85,9,source_published_annotation,source_published_annotation_unreviewed
159608.015,fall,An employee working as a construction laborer for a framing contractor was installing ceiling trusses on a multi-family residence. The employee was attaching a truss to an I-Beam. As he stepped on a truss it gave way causing employee to lose footing. The employee fell approximately 20 feet to lower ground level. The employee was wearing a Werner fall protection harness but was not tied to an anchor point. The employee died from head injuries from impact with the ground level.,real,True,sha256:9dc64febec01c93d775dd15a7f2cddb8c9d0ed710f8764fae1e6c52960606e85,10,source_published_annotation,source_published_annotation_unreviewed
159425.015,fall,"An employee, a 25-year-old Spanish speaking male construction laborer, was preparing and staging areas of the facility roof in preparation for demolition and replacement of metal roofing areas. This included walking along the roof area to deliver and move products and tools. While traversing along a structurally weakened area of the roof, the employee stepped onto and fell through the roof to the ground below. The particular area contained rusted and eroded metal sheet roofing between metal trusses. The height of the fall was approximately 17 feet. The employee sustained internal brain injuries, including swelling and bleeding. The employee was not able to survive the head trauma and ultimately died.",real,True,sha256:9dc64febec01c93d775dd15a7f2cddb8c9d0ed710f8764fae1e6c52960606e85,11,source_published_annotation,source_published_annotation_unreviewed
159868.015,fall,An employee working as a roofer for a roofing contractor was carrying tools and equipment up onto the roof of a residence. The employee was not wearing any fall protection equipment when he slipped off the roof. The employee landed head-first onto the ground and died from head trauma.,real,True,sha256:9dc64febec01c93d775dd15a7f2cddb8c9d0ed710f8764fae1e6c52960606e85,12,source_published_annotation,source_published_annotation_unreviewed
159624.015,fall,"An employee workings as an electrical installer for an electrical contractor was working on a roof installing solar panels. According to statements made by a coworker who was on the roof at the time of the incident, the employee was attaching the panels to their roof brackets using a drill/driver. The coworker stated that the employee was wearing a safety harness, but it was not attached to any of the fall protection lines in place on the roof. At point, the employee had disconnected without the coworker's knowledge. The employee yelled as he fell to the ground. The employee dies from multiple broken bones, spinal fractures, a collapsed lung and a ruptured aorta from impact with the pavement.",real,True,sha256:9dc64febec01c93d775dd15a7f2cddb8c9d0ed710f8764fae1e6c52960606e85,13,source_published_annotation,source_published_annotation_unreviewed
163016.015,fall,An employee working as a roofer for a roofing contractor was installing new shingles and flashing on a window awning on a 3rd story multi-family residential building. The roofer unhooked from his lanyard that was attached to an aerial lift and stepped out of the lift onto the awning. The awning collapsed and the roofer fell approximately 30 feet to the ground The employee died from multiple blunt force trauma injuries.,real,True,sha256:9dc64febec01c93d775dd15a7f2cddb8c9d0ed710f8764fae1e6c52960606e85,14,source_published_annotation,source_published_annotation_unreviewed
158794.015,fall,"Employee #1 and a coworker were working at a two-story residential home under construction. Employee #1 was working on the roof of the structure, at a height of approximately 20 feet, installing weatherproof paper sheets. The coworker was working on the interior of the structure on the second floor. Employee #1 fell from a height of approximately 20 feet to the ground while not utilizing fall protection and was killed. According to the North Carolina Department of Health and Human Services Office of the Chief Medical Examiner's report, Employee #1 sustained both internal and external injuries to the head, face, and extremities. Probable cause of death was ruled to be blunt force head injuries.",real,True,sha256:9dc64febec01c93d775dd15a7f2cddb8c9d0ed710f8764fae1e6c52960606e85,15,source_published_annotation,source_published_annotation_unreviewed
158394.015,struck-by,"An employee was working as a construction laborer for a site preparation contractor. The employee was instructed to install additional rod sections to the working end of a Vermeer D24 40 Series II horizontal directional drill. While the employee was installing the second of the four additional rod sections, Coworker #1, the foreman, started the drill before the crew had removed their pipe wrenches from the drill rod and cleared the area. In doing so, this caused the drill rod to rotate. This rotation led to one of the pipe wrenches striking the employee in the head. Coworker #2, who was located at the drill end, was uninjured. The employee sustained blunt force trauma to his head and was killed.",real,True,sha256:9dc64febec01c93d775dd15a7f2cddb8c9d0ed710f8764fae1e6c52960606e85,16,source_published_annotation,source_published_annotation_unreviewed
158358.015,electrocution,An employee working as a roofer for a roofing contractor was sitting under a tree. The employee was struck by lightning and killed due to electrocution.,real,True,sha256:9dc64febec01c93d775dd15a7f2cddb8c9d0ed710f8764fae1e6c52960606e85,17,source_published_annotation,source_published_annotation_unreviewed
158303.015,fall,"An employee working for a framing contractor was working on a scaffold installing siding. The employee was not wearing fall protection when he fell between 18 and 20 feet to the ground below. The employee lacerated his forehead and went in and out of consciousness while being transported to the hospital. The employee died from multiple blunt force trauma, including injuries to his head and chest.",real,True,sha256:9dc64febec01c93d775dd15a7f2cddb8c9d0ed710f8764fae1e6c52960606e85,18,source_published_annotation,source_published_annotation_unreviewed
158712.015,fall,"An employee was utilizing the top portion of a separated extension ladder placed on a tarp to access the roof of a residential home located in Andover, Minnesota, when he fell resulting in a fatal head injury. There were no witnesses to the incident. Weather did not play a role in the incident.",real,True,sha256:9dc64febec01c93d775dd15a7f2cddb8c9d0ed710f8764fae1e6c52960606e85,19,source_published_annotation,source_published_annotation_unreviewed
159494.015,caught-in/between,"Nine employees and a coworker were framing the second floor of a residential home under construction. Severe thunderstorm warning and tornado warning notifications from the National Weather Service for the area via cellular telephones were received by employees but were ignored. A severe thunderstorm producing hail, rain, and high winds quickly entered the area, so employees took shelter on the first floor of the unfinished home to escape the weather. While sheltered, the structure collapsed on top of the employees. Meteorologists with the National Weather Service (NWS) surveyed damage the following day from Huntsville to Willis, Texas, and publicly stated that they were confident that the damage was caused by a microburst not a tornado and that winds up to 80 miles per hour were recorded. Emergency responders were dispatched to the site and found the employees in the debris. Two employees were killed, and the remaining seven employees were injured and transported to the hospital for treatment.",real,True,sha256:9dc64febec01c93d775dd15a7f2cddb8c9d0ed710f8764fae1e6c52960606e85,20,source_published_annotation,source_published_annotation_unreviewed
156653.015,caught-in/between,"An employee working for a natural gas distribution company was operating a John Deere 35G excavator. The employee was working alongside a coworker who was operating a John Deere 60G excavator. The employee and coworker were working on a hillside moving pipe to be installed. The employee was operating the excavator on a roughly 16-degree grade with his tracks perpendicular to the pipe being moved. The employee was using his excavator to hold the piping off the ground so it wouldn't scrape. The coworker was pulling the pipe with his excavator when the boom arm of the employee's excavator reached its limit for the angle it could swing. After the employee couldn't swing the arm any further, the coworker still continued to pull the pipe. This caused the employee's excavator to tip and fall over onto the employee. The employee was killed when he was crushed by the excavator.",real,True,sha256:9dc64febec01c93d775dd15a7f2cddb8c9d0ed710f8764fae1e6c52960606e85,21,source_published_annotation,source_published_annotation_unreviewed
159610.015,fall,"An employee was installing ceramic roofing tiles alongside two coworkers on the roof a new construction three-story apartment building. The employee was wearing fall protection, specifically a harness, lanyard, and a rope secured to an anchor. However, the rope was not set properly to prevent falls more than six feet. The employee fell from the roof, striking the ground 40 feet below. The employee was killed.",real,True,sha256:9dc64febec01c93d775dd15a7f2cddb8c9d0ed710f8764fae1e6c52960606e85,22,source_published_annotation,source_published_annotation_unreviewed
156320.015,fall,An employee was installing a drip edge on a roof. The employee detached himself rom a wall-anchored lanyard and began to cross from the right side to the left side of the roof. The employee lost his left foot grip and fell from the 6th to the 2nd floor. The employee sustained a head fracture and was killed.,real,True,sha256:9dc64febec01c93d775dd15a7f2cddb8c9d0ed710f8764fae1e6c52960606e85,23,source_published_annotation,source_published_annotation_unreviewed
156278.015,fall,An employee working as a carpenter for a roofing contractor was putting a pole barn style roof on a block garage. The employee was on the roof walking on the purlin unrolling Tyvek paper. As the employee was walking between the purlin and a truss when the purlin snapped in half. This caused the employee to fall approximately 17 feet to the concrete surface below. No fall protection was being used at the time. The employee died from blunt force trauma and multiple spots of brain bleeding.,real,True,sha256:9dc64febec01c93d775dd15a7f2cddb8c9d0ed710f8764fae1e6c52960606e85,24,source_published_annotation,source_published_annotation_unreviewed
156179.015,fall,An employee working as a roofer for a steel erection contractor was preparing to install a roof panel. The employee was working from the roof and was not tied off. He died when he fell through an opening in the roof and made impact with the ground 27 feet below.,real,True,sha256:9dc64febec01c93d775dd15a7f2cddb8c9d0ed710f8764fae1e6c52960606e85,25,source_published_annotation,source_published_annotation_unreviewed
156009.015,fall,An employee working as a carpenter on a residential construction project was walking around the entrance to an elevator shaft to go to lunch. The employee fell to the bottom of the elevator shaft. There was only one rail blocking the elevator shaft as fall protection. It is unknown if the employee fell over or under the rail. The employee fractured his skull from impact with the concrete floor below and was killed. No other objects were found at the bottom of the elevator shaft that the employee could have fallen onto.,real,True,sha256:9dc64febec01c93d775dd15a7f2cddb8c9d0ed710f8764fae1e6c52960606e85,26,source_published_annotation,source_published_annotation_unreviewed
156209.015,fall,"An employee working as a carpenter for building contractor was affixing a platform for a second level scaffold to the scaffold frame. A witness stated that the employee was using a hammer and nails to attach the wooden scaffolding platform to the scaffold support when he fell through the opening between the scaffolding and the second story of the building. The witness stated the employee was not on the scaffold, but rather leaning out over it from the second level opening that led out to the second level supported wooden scaffold. There was an opening of 38 inches between the side of the building and the scaffold platform that the employee was attaching. He fell 14 feet to the concrete floor below. The Chief Medical Officer who signed the Death Certificate stated that the injuries were consistent with falling from a leaning out posture. All of the employee's ribs were broken, implying that he fell in a prone position, with his chest hitting the concrete. The employee died as a result of his injuries.",real,True,sha256:9dc64febec01c93d775dd15a7f2cddb8c9d0ed710f8764fae1e6c52960606e85,27,source_published_annotation,source_published_annotation_unreviewed
155202.015,struck-by,An employee working as an electrician for an electrical contractor was preparing to dismantle a radiator from a transformer by removing the connecting flange bolts. The employee was at ground level when the unsecured radiator dropped and fell onto the employee. The employee died from blunt force trauma injuries to his legs.,real,True,sha256:9dc64febec01c93d775dd15a7f2cddb8c9d0ed710f8764fae1e6c52960606e85,28,source_published_annotation,source_published_annotation_unreviewed
155140.015,struck-by,"An employee and coworkers were manually raising a wood frame into position for residential housing. A gust of wind caused workers on one side of the frame to lose control and the wooden frame fell toward the employee, who was on the other side, in the path of the falling frame. He was struck in the head as he tried to run, and the force of the falling frame caused fatal head and face injuries.",real,True,sha256:9dc64febec01c93d775dd15a7f2cddb8c9d0ed710f8764fae1e6c52960606e85,29,source_published_annotation,source_published_annotation_unreviewed
157473.015,fall,"An employee, not utilizing fall protection, fell from the third story level of new home construction, while in the process of standing an exterior wall. The employee fell onto crushed rock on the ground. The employee was killed.",real,True,sha256:9dc64febec01c93d775dd15a7f2cddb8c9d0ed710f8764fae1e6c52960606e85,30,source_published_annotation,source_published_annotation_unreviewed
154414.015,struck-by,"An employee working for a concrete construction company was operating a hydraulic push pier system to raise a residential home foundation. One corner of the foundation had settled, and the company was tasked with raising it back up using the hydraulic system. The employee had dug several trenches alongside the foundation and was attempting to install the first push pier into the ground in one trench. The trench he was working in was 7.5 feet deep. The bottom bracket of the push pier was not installed per the manufacturer's instructions. The bracket should have been flush against the bottom corner of the base of the foundation. Instead, it was placed 6 inches away from the foundation wall. This allowed the top of the push pier bracket to pivot towards the wall. As the employee applied hydraulic pressure to the hydraulic ram the shear bolt broke. This caused part of the push pier to fly off and strike the employee in the head. The employee sustained a fractured skull and brain bleed and died in hospital.",real,True,sha256:9dc64febec01c93d775dd15a7f2cddb8c9d0ed710f8764fae1e6c52960606e85,31,source_published_annotation,source_published_annotation_unreviewed
154440.015,fall,"An employee working as an installer for an insulation contractor was installing insulation while standing on a mobile scaffold. The scaffold had no guards on the top platform and no locked wheel casters. While reaching above himself, the mobile scaffold wheels rolled and slid from beneath the employee. The employee fell approximately 6-foot-8-inches to the concrete ground below landing on his back. The employee sustained lacerations and punctures to the back of his head and died.",real,True,sha256:9dc64febec01c93d775dd15a7f2cddb8c9d0ed710f8764fae1e6c52960606e85,32,source_published_annotation,source_published_annotation_unreviewed
154458.015,fall,"An employee working as a Roofer Helper for a building contractor was working on the roof of a commercial building without fall protection. The employee was walking when he kicked out an unsecured roof panel causing him to fall. He sustained head trauma in the 36-foot fall to the concrete surface, killing him.",real,True,sha256:9dc64febec01c93d775dd15a7f2cddb8c9d0ed710f8764fae1e6c52960606e85,33,source_published_annotation,source_published_annotation_unreviewed
154295.015,fall,An employee working for a painting contractor had positioned an extension ladder up against a roof facia/eve approximately 16 feet above the ground. The employee then climbed the ladder with a paint roller in his hand and was standing on the ladder approximately eleven feet above the ground. The employee was using the paint roller to paint the facia/roof eve on a two-story single-family residence which had been damaged by a hurricane. The employee was using a ladder owned by the homeowner which he found at the rear of the property. The ladder was missing the feet and the employee had set it up with the ladder base six feet from the base of the building in violation of the 4:1 rule. The employee also rested the ladder on a painted concrete surface which reduced the coefficient of friction of the concrete. The ladder slipped out from under the employee causing him to fall to the concrete ground below. The employee died from severe head injuries.,real,True,sha256:9dc64febec01c93d775dd15a7f2cddb8c9d0ed710f8764fae1e6c52960606e85,34,source_published_annotation,source_published_annotation_unreviewed
154245.015,caught-in/between,"An employee working as a supervisor for an environmental remediation contractor was removing asbestos containing siding material from a garage. The garage was built sometime around the 1940s or 1950s and was attached to a building built in the early 1900s. The employee was standing on a ladder working inside the garage, which had a heavy snow load on the roof. As the employee attempted to remove the siding from behind a 2-inch by 12-inch wooden beam which attached the garage roof to the house, the structural integrity of the roof was compromised. The roof collapsed and crushed the employee. The employee sustained a concussion and multiple broken bones and was killed.",real,True,sha256:9dc64febec01c93d775dd15a7f2cddb8c9d0ed710f8764fae1e6c52960606e85,35,source_published_annotation,source_published_annotation_unreviewed
153239.015,fall,An employee was asked to get the center measurement for a main center support beam that was to be placed for the two car garage. The general contractor turned away to go get a forklift and when he came back he saw the employee lying face up on the concrete slab foundation in a pool of blood and unresponsive. The 8-foot fiberglass stepladder was toppled over near the employee's feet and the metal spreader/locking arms were slightly folded up and not locked. The employee died due to a fractured skull.,real,True,sha256:9dc64febec01c93d775dd15a7f2cddb8c9d0ed710f8764fae1e6c52960606e85,36,source_published_annotation,source_published_annotation_unreviewed
152042.015,struck-by,"An employee was performing clean-up duties at the end of the day in the parking lot and work area where he and his crew were performing trenching work at a construction site. The foreman was moving a pile of dirt to a dump truck using a Caterpillar CAT 440 Backhoe when he struck, ran over, and then backed over the employee. The site foreman did not see the employee prior to running into him because he was not looking in the direction he was traveling and was looking toward the dump truck and the other crew members. The employee died due to his injuries.",real,True,sha256:9dc64febec01c93d775dd15a7f2cddb8c9d0ed710f8764fae1e6c52960606e85,37,source_published_annotation,source_published_annotation_unreviewed
151878.015,fall,"An employee was working as a tradesman for a construction company and was engaged in demolition and removal of an old roof. The employee and three coworkers were clearing the floors of debris from the prior day and waiting for the roof to dry before starting work on the roof. The employees went to work on the roof for a short period of time prior to lunch and then ate lunch together. The employee was the first one to go up to the roof after lunch and then the coworkers joined him on the roof. As the coworkers were getting ready to work, they heard a scream and then the employee disappeared from the roof. The coworkers looked thorough the opening on the roof and saw the employee on the ground below. The coworkers descended the access ladder and saw the employee in a pool of blood and called emergency services and their supervisor. The fall distance was approximately 18 feet. The employer provided and required employees to wear harnesses attached to a safety line. The employee was not wearing a harness at the time of the incident. The employee died from his injuries.",real,True,sha256:9dc64febec01c93d775dd15a7f2cddb8c9d0ed710f8764fae1e6c52960606e85,38,source_published_annotation,source_published_annotation_unreviewed
150500.015,struck-by,Employee #1 and Employee #2 were in their employer's equipment staging area preparing to begin work for the night. Employee#1 and Employee#2 entered the controlled work zone on the bridge and walked onto the train tracks prior to the tracks and trains being secured. A PATCO High Speedline Train came along and both Employee #1 and Employee #2 were struck by the train. Both employees incurred blunt force trauma and were killed.,real,True,sha256:9dc64febec01c93d775dd15a7f2cddb8c9d0ed710f8764fae1e6c52960606e85,39,source_published_annotation,source_published_annotation_unreviewed
150357.015,fall,An employee was working on a roofing crew covering fiberglass skylight panels with metal. The crew had to cover 12 skylights before installing a new thermoplastic polyolefin (TPO) roof ing system over an existing metal roof. The employee stepped onto one of the uncovered skylight panels and the panel gave way. The employee fell through the opening approximately 18 feet to the concrete floor below. He incurred head trauma and died four days later.,real,True,sha256:9dc64febec01c93d775dd15a7f2cddb8c9d0ed710f8764fae1e6c52960606e85,40,source_published_annotation,source_published_annotation_unreviewed
150311.015,fall,An employee and a coworker were installing soffit on a 20-foot metal scaffold platform. The 2-by-6 support lumber for the scaffold platform broke causing the scaffold platform to fall. The employee fell backwards over the side of the building approximately 20 feet to the ground. He died the next day at the hospital. There was no fall protection in use.,real,True,sha256:9dc64febec01c93d775dd15a7f2cddb8c9d0ed710f8764fae1e6c52960606e85,41,source_published_annotation,source_published_annotation_unreviewed
150216.015,fall,"An employee (Foreman) was working for a company constructing a travel trailer factory. The employee was working on a crew of 5 coworkers installing insulation and metal roofing on the building. The crew went down from the roof to have lunch. After lunch, they returned to the roof to continue the installation. The employee came up on the roof and was observed not wearing his harness. He then went to the north side of the building where he was working prior to lunch. He did not put on any fall protection equipment, then he bent over to stretch out the insulation prior installing the metal panel. He apparently overstepped and placed his foot onto the insulation as he was bending over. He then appeared to step to close or over the edge, lost his balance and fell forward onto the concrete floor 25 feet below. The employee died from blunt force trauma to the head when he hit face first onto the concrete floor.",real,True,sha256:9dc64febec01c93d775dd15a7f2cddb8c9d0ed710f8764fae1e6c52960606e85,42,source_published_annotation,source_published_annotation_unreviewed
150184.015,fall,An employee was installing a solar panel 22-feet above the ground when he fell from the roof. The employee was not wearing fall protection and died from head trauma and multiple fractures.,real,True,sha256:9dc64febec01c93d775dd15a7f2cddb8c9d0ed710f8764fae1e6c52960606e85,43,source_published_annotation,source_published_annotation_unreviewed
149852.015,struck-by,"An employee was part of a crew clearing a ditch alongside a road that was causing flooding in a field. Due to the position of the sun rising, the crew decided to wait until the sun was up higher in the sky since the work required traffic control on a rural road. The work crew consisting of the employee and Coworkers #1, #2 and #3 set up road signage to alert traffic to the pending work. While the employee was flagging traffic, Coworker #1 was operating a Gradall, Model XL4100, Serial 4150000118 excavator. The Gradall excavator has two cabs, with the upper cab used for driving the Gradall and working the excavator and the lower cab used to drive the Gradall while on the road. Coworker #1 was driving the Gradall from the lower cab and backing the vehicle down the edge of the road to the area where the ditch needed cleaning. Coworkers #2 and #3 were at the intersection approximately 100 feet away. As Coworker #1 was backing up the Gradall, he was watching out the mirror because the lower cab does not have a camera. Although the upper cab does have a camera, they are not in use while operating the Gradall from the lower cab. Coworker #1 did not see that the employee was behind the Gradall and felt a bump while he was backing up. When Coworker #1 stopped the Gradall and got out to see what the bump was from, he saw the employee under the Gradall. Coworker #1 started yelling and motioned for Coworker #2 and #3 to come over. The coworkers called 911 and the employer's office, and emergency services personnel took over the scene when they arrived. The employee was killed by multiple crushing injuries incurred when he was run over by the excavator.",real,True,sha256:9dc64febec01c93d775dd15a7f2cddb8c9d0ed710f8764fae1e6c52960606e85,44,source_published_annotation,source_published_annotation_unreviewed
149558.015,struck-by,"An employee was standing inside a closed electric gate trying to get the attention of a coworker who was outside the gate. Coworker #1 needed to be let in, but the gate required a code to open. Coworker #2 (the company owner) exited his white Chevrolet Colorado pickup truck and walked down to the gate to provide the code to the employee and Coworker #1. The truck began to roll down the driveway and struck the employee crushing and killing him. Coworker #2 had not put the truck into PARK prior to exiting the vehicle.",real,True,sha256:9dc64febec01c93d775dd15a7f2cddb8c9d0ed710f8764fae1e6c52960606e85,45,source_published_annotation,source_published_annotation_unreviewed
149747.015,caught-in/between,"An employee was on a crew performing water and sewer line installation for construction of a small private housing development. The sewer and water line installation project first began. At the time of the incident, the trench was approximately 18 feet deep, 18 feet long and 4 feet wide in Type C soil with two trench shields placed inside as a protective system. While the crew was working inside the trench, the trench collapsed and trapped the employee. The employee was asphyxiated when engulfed by the soil. A witness to the incident from a separate employer near the worksite stated that the upper trench shield was removed approximately 30 minutes before the trench collapse occurred.",real,True,sha256:9dc64febec01c93d775dd15a7f2cddb8c9d0ed710f8764fae1e6c52960606e85,46,source_published_annotation,source_published_annotation_unreviewed
149440.015,fall,An employee who was not wearing fall protection was working on a roof when he fell. The employee was killed due to head injuries in the 30 foot drop to the ground below.,real,True,sha256:9dc64febec01c93d775dd15a7f2cddb8c9d0ed710f8764fae1e6c52960606e85,47,source_published_annotation,source_published_annotation_unreviewed
149385.015,fall,An employee was evaluating the materials and tools needed to complete the installation of bird boxes on a roof. The employee stepped on a poorly nailed bird box board and fell 22 feet. The employee incurred blunt force trauma from impacting the ground below and was killed.,real,True,sha256:9dc64febec01c93d775dd15a7f2cddb8c9d0ed710f8764fae1e6c52960606e85,48,source_published_annotation,source_published_annotation_unreviewed
148957.015,caught-in/between,"Three employees were erecting and installing blocks on 45-foot long roof trusses for a new amenity building when one of the trusses was released too early by the crane operator before the employees were able to block it out. While trying to hold and upright the roof truss, the truss broke and the employees fell with the truss and another roof truss fell on top of the employees when one of them attempted to hold himself up with the installed truss. One employee landed face down on the concrete slab and the roof truss that had fallen and was killed.",real,True,sha256:9dc64febec01c93d775dd15a7f2cddb8c9d0ed710f8764fae1e6c52960606e85,49,source_published_annotation,source_published_annotation_unreviewed
149254.015,fall,"An employee was standing on the platform of a Baker's scaffold installing tracks along the wall for metal studs. The wheels on the scaffold were not locked. The employee, while standing on the platform, tried to scoot the scaffold. The employee fell off the scaffold and hit the concrete floor 6 feet below. In the fall, he brought the scaffold down on top of him. The employee incurred head/skull injuries and broken ribs and was killed.",real,True,sha256:9dc64febec01c93d775dd15a7f2cddb8c9d0ed710f8764fae1e6c52960606e85,50,source_published_annotation,source_published_annotation_unreviewed
149240.015,fall,"An employee (Owner) was working at the peak of a roof approximately 50 feet from the ground installing metal sheet roofing panels. The roof was covered with Tyvek material and was wet with heavy dew causing it to be slippery. A coworker heard a noise and turned to look just as the other employee began sliding down the roof. The employee slid down the roof into a narrow alleyway, struck the adjacent structure and then impacted with the ground. A coworker called EMS and they arrived at arrived and pronounced the employee dead at the scene. The employee was not wearing any fall protection.",real,True,sha256:9dc64febec01c93d775dd15a7f2cddb8c9d0ed710f8764fae1e6c52960606e85,51,source_published_annotation,source_published_annotation_unreviewed
148468.015,caught-in/between,"An employee was delivering a Bobcat, Model S630, Product #AHGL11923 compact skid steer loader to a residential construction site. The employee was the sole owner-operator of the towing company, and was hired by the company replacing a driveway to deliver equipment to the site. The employee was in the process of unloading the skid steer from the Hino 258 flatbed truck by attempting to reverse down the ramp and off the flatbed at the construction site. However, the employee was having difficulties reversing the skid steer down the ramp, as wire material was later found wrapped around the skid steer's rear left wheel that impeded the vehicle to move in reverse. The employee was troubleshooting and disconnecting the truck's winch. The employee reached through the rear of the bucket and lift arm to disconnect the chain hooks and removed one chain hook from the skid steer's front connection point. The employee reached to toggle the skid steer's joystick and lower the lift arm to reach the remaining chain hook to remove it. However, the employee toggled the wrong joystick and activated the lifting function for the bucket instead of the lifting function for the lift arm. The employee was later found pinned between the rear of the skid steer's bucket and left lift arm. The employee was killed by crushing injuries to the torso and head. There were no witnesses to the incident.",real,True,sha256:9dc64febec01c93d775dd15a7f2cddb8c9d0ed710f8764fae1e6c52960606e85,52,source_published_annotation,source_published_annotation_unreviewed
147592.015,caught-in/between,"Two employees working at an undeveloped housing community were digging a trench to accommodate a sewer line for future homesites. While digging the trench with an excavator, Employee #1 was in the trench performing work with a shovel. The trench was 8.5 feet in depth and 36 inches wide. The soil was determined as Type C soil. There were no protective measures in place. The trench walls collapsed and according to the coworker, Employee #1 ran towards the excavator in the opposite direction of an extension ladder that had been placed for access. Employee #1 was fully covered by soil resulting in Employee #1's death.",real,True,sha256:9dc64febec01c93d775dd15a7f2cddb8c9d0ed710f8764fae1e6c52960606e85,53,source_published_annotation,source_published_annotation_unreviewed
147505.015,fall,An employee was exchanging factory installed hinges with a different color hinge on apartment balcony doors. The balcony doors are less than 8 feet from the edge of each balcony. Some of the balconies did not offer workers protection from falls. The distance from next lowest level to the balconies edges were between 10-feet 8 7/8 inches and 42-feet 8 1/2 inches. The employee fell to hardened concrete below and died. The employee either fell from a balcony or committed suicide. The reason suicide is suspected is not included in the narrative.,real,True,sha256:9dc64febec01c93d775dd15a7f2cddb8c9d0ed710f8764fae1e6c52960606e85,54,source_published_annotation,source_published_annotation_unreviewed
147565.015,fall,An employee who worked as a Millwright was installing new vents on an existing grain bin. The bin eave height is 30 feet above the ground. The employee was working with coworker who was working on another part of the structure. The employee was not wearing a harness and only a rope tied around his waist for fall protection. The other employee heard a yell and then heard the employee strike the ground. There were no direct eyewitnesses to the fall. The employee fell off the top of the grain bin about 30 feet and died from multiple injuries.,real,True,sha256:9dc64febec01c93d775dd15a7f2cddb8c9d0ed710f8764fae1e6c52960606e85,55,source_published_annotation,source_published_annotation_unreviewed
147333.015,fall,"An employee had just removed a panel of roof sheathing from a rooftop when he stepped onto the underlying roof insulation and fell through the roof. The employee was not using fall protection and fell approximately 18 feet. As the employee fell, he struck a cabinet, shelving, and the concrete floor and was killed.",real,True,sha256:9dc64febec01c93d775dd15a7f2cddb8c9d0ed710f8764fae1e6c52960606e85,56,source_published_annotation,source_published_annotation_unreviewed
148017.015,fall,"An employee was working from a scaffold assisting a mason by ensuring he had the necessary materials to build a 25-foot concrete block wall. The employee fell from the scaffold through a gap in the wall and incurred blunt force trauma to his head and neck. The employee died from impact with the foundation concrete slab below. In the central area of the wall, there was an unprotected opening that measured approximately 12-foot wide by 12-foot 5-inches high. This created a gap of approximately 28-inches that was not guarded as the employee traversed the opening in the wall.",real,True,sha256:9dc64febec01c93d775dd15a7f2cddb8c9d0ed710f8764fae1e6c52960606e85,57,source_published_annotation,source_published_annotation_unreviewed
151545.015,fall,An employee was installing sheet metal roofing. A section of the new roof was not anchored and shifted when the employee stepped on it. The employee fell approximately 17 feet to the concrete slab below as a result. The employee incurred multiple blunt force trauma injuries and was killed on impact.,real,True,sha256:9dc64febec01c93d775dd15a7f2cddb8c9d0ed710f8764fae1e6c52960606e85,58,source_published_annotation,source_published_annotation_unreviewed
147171.015,electrocution,"An employee was installing a face plate for an electrical switch on the wall in a breakroom. The employee was installing an Insta-Hot on a 277 volt energized circuit using a non-insulted stripper cutter. The employee was shocked and burned both hands as a result. The employer had the employee transported to the hospital, where he later died.",real,True,sha256:9dc64febec01c93d775dd15a7f2cddb8c9d0ed710f8764fae1e6c52960606e85,59,source_published_annotation,source_published_annotation_unreviewed
146994.015,caught-in/between,An employee who worked as a Piperfitter was engaged in the demolition of 36-inch pipe section. The valve pipe separted from the wall during demolition of the pipe. The employee was working on a crew with three coworkers cutting the section of pipe. The goal was to lower the pipe to a metal cart using rigging. The employee was attempting to secure the pipe to the cart when an overhead valve pipe section fell onto the pipe. The falling section caused the pipe to push forward and pin the employee between the pipe and another pipe. The employer had failed to ensure the crew was clear of a load suspended aove them by slings. The employee incurred head injuries and was killed.,real,True,sha256:9dc64febec01c93d775dd15a7f2cddb8c9d0ed710f8764fae1e6c52960606e85,60,source_published_annotation,source_published_annotation_unreviewed
146990.015,caught-in/between,"An employee was removing structural supports from a garage. The building collapsed and fell on him. The employee broke his neck and was killed when the entire roof of the garage being demolished unexpectedly collapsed. A coworker was also injured. An engineering survey was not performed by a competent person prior to allowing garage demolition operations to begin. The walls and attic floor of the garage were not braced and the employee and coworkers were allowed inside the garage, after the wall sheathing, iron pipe supports and house connections had been removed or cut.",real,True,sha256:9dc64febec01c93d775dd15a7f2cddb8c9d0ed710f8764fae1e6c52960606e85,61,source_published_annotation,source_published_annotation_unreviewed
146878.015,fall,An employee was climbing onto a scaffold through a second story window in preparation to work on the scaffold when he fell from the scaffold to the ground. There was no railing or personal fall protection system in place on the scaffold. The employee suffered a crushed skull and spiral fracture in right leg and subsequently died from his injuries.,real,True,sha256:9dc64febec01c93d775dd15a7f2cddb8c9d0ed710f8764fae1e6c52960606e85,62,source_published_annotation,source_published_annotation_unreviewed
146367.015,fall,"An employee was raising scaffold outriggers while preparing to perform masonry work at a new residential building. The employee attempted to jump from the east area to the south area of the scaffold but fell 12 feet onto the concrete floor, landing headfirst. The employee sustained skull and finger fractures from the fall and was killed.",real,True,sha256:9dc64febec01c93d775dd15a7f2cddb8c9d0ed710f8764fae1e6c52960606e85,63,source_published_annotation,source_published_annotation_unreviewed
146201.015,fall,"An employee was standing on paneling that had been laid out on an engineered building. The employee was helping coworkers erect the building. The building being built was approximately 51,760 square feet. During the installation of the insulation on the roof, the weather had become become windy. The employee attempted to secure the insulation on the roof with the help of three coworkers. During this task, the employee took a step back and fell 25 feet to the concrete pad below. The employee went into cardiac arrest and died while being transported by Emergency Medical Services to the hospital.",real,True,sha256:9dc64febec01c93d775dd15a7f2cddb8c9d0ed710f8764fae1e6c52960606e85,64,source_published_annotation,source_published_annotation_unreviewed
145608.015,struck-by,"An employee was working with a crew of coworkers erecting interior walls within a building. The employee, a construction laborer, and three coworkers were framing, installing and bracing the walls of a residential building on the second level. The wall measured greater than 40 feet in length and about 8 feet in height and weighed an estimated 1,000 pounds to 2,000 pounds. The employer was using a crane with a tow strap sling attachment to assist the crew in lifting up the walls from a flat position to a vertical position. The sling had end loops attached to the wall with two 2 inch by 6 foot boards tacked with 3 inch framing nails. The boards were situated inside the end loops of the sling. While the wall was being stood upright by the the crew in order to be braced, a reported high gust of wind caused the wall tip over and strike the employee. The employee incurred severe blunt force trauma and was killed. The wall was partially braced and disconnected from the crane at the time it fell. The activities were taking place in high wind conditions and wind gusts of up to 40 miles per hour were reported. Weather and the high wind conditions were likely a factor to the event. The operation was not adjusted to address the effects of high winds.",real,True,sha256:9dc64febec01c93d775dd15a7f2cddb8c9d0ed710f8764fae1e6c52960606e85,65,source_published_annotation,source_published_annotation_unreviewed
154882.015,caught-in/between,An employee was digging in a approximately 10-foot deep trench with shovels and pick axes. The trench walls were unprotected and a wall collapsed on the employee. The employee was crushed and killed by the dirt and rocks.,real,True,sha256:9dc64febec01c93d775dd15a7f2cddb8c9d0ed710f8764fae1e6c52960606e85,66,source_published_annotation,source_published_annotation_unreviewed
145407.015,electrocution,"An employee dug a three-foot hole in the front of a house. The employee used a Bosch chipping hammer to dig under the house from the front to back in preparation for repairing the home's foundation. To improve visibility, the employee disconnected the hammer from the from an extension cord and plugged in a drop light. The drop light had multiple safety deficiencies that created an electrical hazard, such as a missing guard for the light bulb, cuts in the power cord, missing ground pin on the power cord, and a failed stress relief. The employee plugged the hammer into the electrical receptacle on the drop light and was electrocuted. The employee was transported to the hospital, where he later died.",real,True,sha256:9dc64febec01c93d775dd15a7f2cddb8c9d0ed710f8764fae1e6c52960606e85,67,source_published_annotation,source_published_annotation_unreviewed
149963.015,fall,An employee was operating an AGB Weatherproofing Technologies Scarfer Machine removing spray foam off the roof of a commercial building in preparation for repairs. The employee was walking backwards while pulling the scarfer machine when he tripped and fell onto a skylight. The skylight broke and the employee fell over 36 feet onto the tile floor of the first-floor hallway below. The employee was not wearing fall protection and the skylight was not covered or barricaded. The employee died from blunt force cephalo-cervical trauma.,real,True,sha256:9dc64febec01c93d775dd15a7f2cddb8c9d0ed710f8764fae1e6c52960606e85,68,source_published_annotation,source_published_annotation_unreviewed
144709.015,fall,"An employee who had been installing mesh on the ceiling of a second floor loft fell through an unprotected hole and was killed. The employee fell approximately 10 feet to the concrete floor below and died. The employee had been hospitalized for a fractured left cheek bone, left ribs, and left scapula. The Medical Examiner reported that the employee died due to a pulmonary embolism caused by deep venous thrombosis which was related to both the fall and a COVID-19 infection. Both the fall and the infection are associated with an increased risk of venous thrombosis. There was no evidence of COVID-19 related lung injury.",real,True,sha256:9dc64febec01c93d775dd15a7f2cddb8c9d0ed710f8764fae1e6c52960606e85,69,source_published_annotation,source_published_annotation_unreviewed
144560.015,caught-in/between,"An employee was working as a cabinet maker and bench carpenter for a firm that manufactured wood kitchen cabinets and countertops. He was operating a Powermatic model number 60HH jointer, with serial number 180160HH2648. The jointer was unguarded. The employee was cutting eight or nine pieces of wood. The last piece was a 1.5-inch by 3.5-inch (38-mm by 89-mm) piece of wood. As he was pushing the material over the blades, the middle finger on his left hand slipped off the material. It came into contact with a blade or the blades, and it was cut by the machine. The employee suffered the partial amputation of that finger. He was taken to a local hospital for treatment. He was not hospitalized. The employee notified the Division of the injury, and the employer notified the division of the injury. The Division arrived at the site to start the investigation.",real,True,sha256:9dc64febec01c93d775dd15a7f2cddb8c9d0ed710f8764fae1e6c52960606e85,70,source_published_annotation,source_published_annotation_unreviewed
148310.015,fall,"An employee was working at a new residential construction site inspecting/testing an HVAC unit in the attic. The employee was walking on the HVAC platform and fell through the platform after stepping on a piece of plywood that had been used to cover an opening. The plywood was not properly secured, and the employee fell 9 feet to the ground. The employee was working alone in the attic when the incident occurred. The employee fractured his vertebrae and ribs, requiring hospitalization.",real,True,sha256:9dc64febec01c93d775dd15a7f2cddb8c9d0ed710f8764fae1e6c52960606e85,71,source_published_annotation,source_published_annotation_unreviewed
143445.015,fall,"Employee #1, employed by a drywall and general construction company, was working from an elevated scissor lift to remove drywall during the demolition phase of a commercial building rehabilitation project. While working from the scissor lift, Employee #1 fell out of the scissor lift through the entrance/exit side which did not have guardrails installed approximately six feet to the concrete floor below. Employee #1 was transported to the hospital, admitted and treated for fractures to the arm and hip.",real,True,sha256:9dc64febec01c93d775dd15a7f2cddb8c9d0ed710f8764fae1e6c52960606e85,72,source_published_annotation,source_published_annotation_unreviewed
146090.015,fall,"An employee was in the process of installing reusable roof fall protection anchors on a two-story residence prior to beginning work on roofing construction activities. Due to slippery conditions, the employee slipped and fell 20 feet off the roof to the ground. The employee sustained contusions and injuries to his knee and spine, requiring hospitalization.",real,True,sha256:9dc64febec01c93d775dd15a7f2cddb8c9d0ed710f8764fae1e6c52960606e85,73,source_published_annotation,source_published_annotation_unreviewed
142927.015,fall,"An employee was working from the roof of a new commercial building while installing HVAC equipment for the construction project. While preparing to install a piece of equipment through the roof, the employee slipped on the icy roof material surface and fell 21 feet through the roof to the concrete floor. The employee suffered a shattered tibia and fibula above the ankle, requiring hospitalization.",real,True,sha256:9dc64febec01c93d775dd15a7f2cddb8c9d0ed710f8764fae1e6c52960606e85,74,source_published_annotation,source_published_annotation_unreviewed
141184.015,fall,"An employee was working as a construction laborer for a site preparation contractor. He was at a site demolishing a structure. He was taking up decking on a mezzanine. He was working 13 feet (4.0 meters) above a lower surface. The employee was wearing a harness, but he was not tied off to a point by a lanyard. He got too close to the edge and lost his balance. He fell to the concrete floor below his work area. He suffered fractures of the legs and feet. He was hospitalized.",real,True,sha256:9dc64febec01c93d775dd15a7f2cddb8c9d0ed710f8764fae1e6c52960606e85,75,source_published_annotation,source_published_annotation_unreviewed
144951.015,struck-by,"An employee was working with coworkers erecting a scaffold. The employee passed a SVP-10 (10 foot long vertical post) from the ground to coworkers on the scaffold. Once the SVP-10 reached the top, the coworkers grabbed the SVP-10 by the leg from the coupling pin. The pin was not secured properly to the leg and the SVP-10 fell approximately 30 feet. On the way down the SVP-10 struck a plywood wall protecting a crane. The SVP-10 was then deflected from the plywood, falling and bouncing on the ground and striking the employee in the upper body. The employee incurred head and shoulder fractures, punctures and lacerations, requiring hospitalization.",real,True,sha256:9dc64febec01c93d775dd15a7f2cddb8c9d0ed710f8764fae1e6c52960606e85,76,source_published_annotation,source_published_annotation_unreviewed
140649.015,caught-in/between,"An employee was performing interior carpentry during new construction of a multi-unit apartment complex. The employee was working as a helper cabinet installer with his coworker who was the primary cabinet installer as a two-man team. The employee was tasked by his coworker with cutting a bottom filler piece for the cabinet out of stock measuring 1 in wide by 16 in long. The coworker provided the employee with a Milwaukee table saw to perform the rip cut for lengthwise removal of an approximately 1/16 in strip. While feeding the stock into the table saw using the push stick in his left hand and his right hand to secure the stock against the fence, the employee's hand slipped forward and contacted the unguarded table saw blade. The employee sustained the complete amputation of his left pointer finger and lacerations to the tip of his middle finger and thumb of the same hand, requiring hospitalization.",real,True,sha256:9dc64febec01c93d775dd15a7f2cddb8c9d0ed710f8764fae1e6c52960606e85,77,source_published_annotation,source_published_annotation_unreviewed
134425.015,caught-in/between,"Employee #1 and Coworkers #1 and #2, employed by a company engaged in construction traffic control, were installing a traffic control sign. Employee #1 was standing on the road between two stopped trucks, one driven by Coworker #1 and the other driven by Coworker #2. Coworker #1's foot slipped off the truck's brake pedal and onto the accelerator pedal, which caused the truck he was operating to move forward. The truck struck Employee #1, who was pinned between the two trucks. Employee #1 sustained blunt force traumatic crushing injuries. Emergency medical services were called, and Employee #1 was transported to the hospital, where he was pronounced dead.",real,True,sha256:9dc64febec01c93d775dd15a7f2cddb8c9d0ed710f8764fae1e6c52960606e85,78,source_published_annotation,source_published_annotation_unreviewed
134400.015,fall,"Employee #1, employed by a tower construction company, was grinding and welding an additional half pipe to a transmission tower's existing braces. A device malfunctioned, and the employee was burned by the welding heat and flame. The employee fell, a fall height of 95 feet. Employee #1 sustained blunt force traumatic injuries and was killed.",real,True,sha256:9dc64febec01c93d775dd15a7f2cddb8c9d0ed710f8764fae1e6c52960606e85,79,source_published_annotation,source_published_annotation_unreviewed
134332.015,struck-by,Employee #1 was working as a flagger in a road construction zone. A dump truck delivering asphalt to the jobsite was backing the truck which was not equipped with a mechanical backing assist device nor was it under the direction of a spotter. The dump truck backed over the flagger causing fatal injuries.,real,True,sha256:9dc64febec01c93d775dd15a7f2cddb8c9d0ed710f8764fae1e6c52960606e85,80,source_published_annotation,source_published_annotation_unreviewed
134177.015,fall,"Employees #1 and #2 and a coworker, employed by a power and communication line construction company, were engaged in the construction of a power line tower. Employees #1 and #2 were working from a personnel basket hoisted by their coworker, a crane operator. They were installing the arms of a monopole. As they adjusted the bracket, the personnel basket, which was not properly secured to the crane boom, fell off the boom. Employees #1 and #2 fell with the personnel basket, a fall height of 150 feet. Employee #1 sustained blunt force trauma to the head and neck and was killed. Employee #2 was transported by emergency services to the hospital, where he was admitted for treatment of multiple injuries including multiple fractures and fluid in the lungs. The subsequent investigation of the equipment failure determined that the large retaining pin had not been inserted to keep the basket and jib attachment secured to to the jib adaptor and crane boom. In addition, no one had conducted visual inspections of the equipment.",real,True,sha256:9dc64febec01c93d775dd15a7f2cddb8c9d0ed710f8764fae1e6c52960606e85,81,source_published_annotation,source_published_annotation_unreviewed
134864.015,caught-in/between,"Employee #1, employed by a drywall contractor, was working at a commercial building construction project. He was operating a scissor lift and attempting to go through the door. He later reported that he misjudged his location. The employee's left ear was amputated. The employee required medical treatment for the amputation but was not hospitalized.",real,True,sha256:9dc64febec01c93d775dd15a7f2cddb8c9d0ed710f8764fae1e6c52960606e85,82,source_published_annotation,source_published_annotation_unreviewed
133255.015,fall,"Employee #1 was performing housekeeping on the roof of a commercial building as part of a roof repair project. He was walking from his work area to the roof hatch, a distance of approximately 125 feet. The steel deck had been removed to perform patching of both the standing seam panels and the insulation. In the area where patching was taking place, there were no covers, guardrails, or warning lines, and a controlled decking zone had not been established. The employee attempted to cross the purlin where the insulation was exposed, and his foot went through the insulation. He then fell 15 feet, striking a suspended ceiling and then landing on the concrete floor below. Emergency services transported the employee to the hospital, where he was admitted for treatment of a fractured lumbar vertebra.",real,True,sha256:9dc64febec01c93d775dd15a7f2cddb8c9d0ed710f8764fae1e6c52960606e85,83,source_published_annotation,source_published_annotation_unreviewed
133719.015,caught-in/between,Employee #1 was engaged in concrete forming work for a residence. He was toting steel foundation panels (forms) to erect poured foundation wall forms. The employee was using a VERT wall made of rebar as a ladder to exit the excavation when he slipped on the horizontal rebar and fell on an uncapped 12-inch vertical piece of rebar. The vertical rebar impaled the employee's right leg and buttocks. The employee was transported to the hospital and admitted for treatment of the impalement.,real,True,sha256:9dc64febec01c93d775dd15a7f2cddb8c9d0ed710f8764fae1e6c52960606e85,84,source_published_annotation,source_published_annotation_unreviewed
133484.015,electrocution,"Employee #1, employed by an electrical contractor, was engaged in demolition work at a commercial building. He removed wiring conduit that ran from the disconnect to the high and low voltage panels that had been de-energized. Then he used a Milwaukee M12 600 Cable Cutter to cut the live wire, although he had not been instructed to do so. The employee also did not test the cable prior to cutting it, later stating that he had left his tester in his vehicle. The employee received flash burns on the backs of both hands and his face. He was transported to the hospital and admitted for treatment of the flash burns.",real,True,sha256:9dc64febec01c93d775dd15a7f2cddb8c9d0ed710f8764fae1e6c52960606e85,85,source_published_annotation,source_published_annotation_unreviewed
135483.015,fall,"Employee #1, a carpenter employed by a remodeling company, was laying down plywood on the floor of a residence. He stood up and stepped back into an unprotected/unguarded opening in the floor. The employee fell to the lower level, a fall height of 9 feet. He was transported to the hospital and admitted for treatment of a concussion and a fractured right pinky finger.",real,True,sha256:9dc64febec01c93d775dd15a7f2cddb8c9d0ed710f8764fae1e6c52960606e85,86,source_published_annotation,source_published_annotation_unreviewed
132912.015,fall,"Employee #1, employed by an electrical contractor, was working at the construction of a new seven-story commercial building. He was using a 10-foot A-frame stepladder and spray painting a conduit pipe above him. The employee was exposed to the paint and paint fumes while using a face cover for COVID-19 protection but not against absorption of spray paint and fumes. The employee became lightheaded and dizzy. He fell to the concrete floor, a fall height of 5 feet. The employee was transported to the hospital and admitted for treatment of a fractured right ankle.",real,True,sha256:9dc64febec01c93d775dd15a7f2cddb8c9d0ed710f8764fae1e6c52960606e85,87,source_published_annotation,source_published_annotation_unreviewed
132982.015,fall,"Employee #1 and coworkers, employed by a roofing contractor, were spreading tarp on the roof of a residential structure at the end of the work day. The employees had removed their fall protection. Employee #1 was walking backward when he fell, a fall height of 9 inches. He was transported to the hospital and admitted for treatment of a fractured arm, fractures to both wrists, and back injuries.",real,True,sha256:9dc64febec01c93d775dd15a7f2cddb8c9d0ed710f8764fae1e6c52960606e85,88,source_published_annotation,source_published_annotation_unreviewed
134951.015,fall,"Employee #1, an apprentice lineman using a personal fall arrest system, was working from a wooden utility pole and installing travelers for a power line. He then began to climb down the pole to remove EPZ electrical grounds. The employee proceeded to belt around the top insulator. He installed a secondary fall restraint, then removed the primary fall restraint and leaned into the secondary restraint. The employee fell to the marshy ground, a fall height of approximately 55 feet, sustaining multiple traumatic injuries. The employee was transported to the hospital and admitted for treatment. His injuries included fractures and lacerations to the ribs and spleen, and multiple other traumatic injuries.",real,True,sha256:9dc64febec01c93d775dd15a7f2cddb8c9d0ed710f8764fae1e6c52960606e85,89,source_published_annotation,source_published_annotation_unreviewed
134371.015,caught-in/between,"Employee #1, employed by an HVAC contractor, was operating a Wysong Bending Roller machine to bend various sizes of metal hangers he was assigned to fabricate. He had made more than 90 of these hangers and was working on the last one when his hand became caught in the rollers as he fed in the flat stock. There was no guarding on the machine. The employee was able to hit the kick plate to stop the operation and the pneumatic air lever to raise the roller up and free his hand. The employee was transported to the hospital and admitted for treatment of four crushed and fractured fingers on his left hand.",real,True,sha256:9dc64febec01c93d775dd15a7f2cddb8c9d0ed710f8764fae1e6c52960606e85,90,source_published_annotation,source_published_annotation_unreviewed
137283.015,caught-in/between,"Employee #1 was operating a salt spreading machine. When the machine's screw auger jammed, he cleared the jam, and the screw auger resumed rotating. The employee was unable to totally remove his hand in time, and the rotating auger's blade amputated his thumb. The employee was transported to the hospital and admitted for treatment of the amputation.",real,True,sha256:9dc64febec01c93d775dd15a7f2cddb8c9d0ed710f8764fae1e6c52960606e85,91,source_published_annotation,source_published_annotation_unreviewed
134541.015,fall,"Employee #1 was working from a stepladder and doing paint touchup to the third floor stairway wall at a multifamily residential building. The temporary railings had been removed, and the iron railing contractor had not yet arrived to install permanent railings. The employee's stepladder began to tip over. The employee jumped down approximately 6 feet and landed in the hallway, then rolled and fell an additional 5 feet into the stairwell and onto the stairway. The employee was transported to the hospital, where he remained for 18 days. He required treatment for a fractured skull with multiple skull lacerations, and fractures to his right arm and multiple ribs. The investigation determined that the stepladder had been improperly placed upside down on a step of the stairway rather than in the correct upright position.",real,True,sha256:9dc64febec01c93d775dd15a7f2cddb8c9d0ed710f8764fae1e6c52960606e85,92,source_published_annotation,source_published_annotation_unreviewed
135830.015,fall,"Employee #1, employed by an electrical contractor, was installing two LED light fixtures from the ceiling of an auto service shop. He was working from the bucket of a Versa Lift aerial lift that was mounted on the back of a bucket truck. The employee was not using any form of fall protection. As he leaned against the bucket door, the door opened, and he fell to the concrete floor, a fall height of 12 to 15 feet. The employee was transported to the hospital and admitted for treatment of an open fracture of the left thighbone with an extreme rotation at the knee, and a severe laceration to the top of his head.",real,True,sha256:9dc64febec01c93d775dd15a7f2cddb8c9d0ed710f8764fae1e6c52960606e85,93,source_published_annotation,source_published_annotation_unreviewed
136005.015,struck-by,"Employee #1 and a coworker were performing demolition work at a three-story university building. Employee #1 was on the ground level at the end of a chute. He was using a Bobcat T650 Track Loader to collect the material being dropped down the chute and place the material in a container. The coworker on the second floor dropped a 5-foot concrete block down the chute, and it struck Employee #1 on the leg. Employee #1 was transported to the hospital and admitted for treatment of a leg fracture, lacerations, and contusions. The subsequent investigation determined that the discharge end of the chute had not been equipped with a substantial gate, and no one was directing operations at the chute discharge.",real,True,sha256:9dc64febec01c93d775dd15a7f2cddb8c9d0ed710f8764fae1e6c52960606e85,94,source_published_annotation,source_published_annotation_unreviewed
132686.015,caught-in/between,"Employee #1, employed by a power line construction company, was working from the personnel basket of a crane and erecting a steel transmission structure. The basket's hydraulic controls malfunctioned, causing the basket to pin and crush the employee against the structure. Employee #1 was killed.",real,True,sha256:9dc64febec01c93d775dd15a7f2cddb8c9d0ed710f8764fae1e6c52960606e85,95,source_published_annotation,source_published_annotation_unreviewed
133129.015,caught-in/between,"Employee #1, a forklift operator employed by a construction company, was working at the site of a new two-story residence. He had brought the trash box over to the back of the house and was standing on the ground picking up trash. A gust of wind snapped the cross braces holding up a 21-foot wide by 22-foot high top heavy back framed wall, causing the wall to collapse. The falling wall crushed Employee #1 between one of the wall's cross braces and the trash box. The employee was transported to the hospital and admitted for treatment of extensive injuries. These included fractures to both shoulders, both collarbones, and all ribs, and punctures to both lungs.",real,True,sha256:9dc64febec01c93d775dd15a7f2cddb8c9d0ed710f8764fae1e6c52960606e85,96,source_published_annotation,source_published_annotation_unreviewed
132690.015,fall,"Employee #1, a subcontractor for a property management company, was checking on a possible hot water leak in the enclosure area of a commercial building's dumpster site. The employee positioned his 12-foot stepladder against the wall for access. He drilled a hole in the wall at least 14 feet high to locate the possible leak as indicated by the black mold on the wall. The employee later stated that, as he climbed up and down the ladder, he may have stepped on greasy material or a green waste that stuck to his shoes. The employee slipped from the ladder and fell, a fall height of 10 feet, striking the edge of the dumpster. The employee was transported to the hospital and admitted for treatment of lung injuries and fractured ribs that required surgery.",real,True,sha256:9dc64febec01c93d775dd15a7f2cddb8c9d0ed710f8764fae1e6c52960606e85,97,source_published_annotation,source_published_annotation_unreviewed
135171.015,fall,"Employee #1 was tasked with troubleshooting an HVAC unit on the roof of a school. To access the work location, he used a 24-foot Werner extension ladder, Model D6224-2, that was set up when he arrived. As he was descending the ladder from the roof and through a roof hatch, the ladder unlatched. The employee rode the ladder down to the ground, where his right foot took most of the impact. The employee was transported to the hospital, treated for a right heel bone fracture, and released.",real,True,sha256:9dc64febec01c93d775dd15a7f2cddb8c9d0ed710f8764fae1e6c52960606e85,98,source_published_annotation,source_published_annotation_unreviewed
133233.015,fall,"Employee #1 and two coworkers, employed by a company in the solar energy field, were preparing to install new solar panels on the roof of a single-story residence. Employee #1, the crew leader, was directing the work and marking studs when he stepped back onto a canvas tarp that was hung in the corner where the main house and an addition connected at 90 degrees. The tarp was hung to provide shade to an air conditioning unit that was on the ground immediately below the tarp. Employee #1 fell through the tarp and struck the air conditioner before impacting the ground. Employee #1 was transported to the hospital and admitted for treatment of fractures to the collarbone and ribs. During the subsequent investigation, it was determined that the crew had not performed an initial hazard assessment and had not used fall protection.",real,True,sha256:9dc64febec01c93d775dd15a7f2cddb8c9d0ed710f8764fae1e6c52960606e85,99,source_published_annotation,source_published_annotation_unreviewed
132508.015,struck-by,"An Employee #1 and Employee #2 were performing cleanup operations in an abandoned building alongside 8 coworkers. Employee #1 and Employee #2 were in an abandoned elevator shaft pit trying to free the legs of a metal shelf that became caught on the wall of the building as it was being removed. The metal shelf was being removed with a skid-steer loader attached to a chain and hook which was being carried on a ramp. The ramp crossed over the elevator shaft pit acting as a bridge to the outside of the building leading to a dumpster. As Employee #1 and Employee #2 tried to reposition the metal shelf it began to lean towards the west side of the ramp toward the elevator shaft pit. Two large vertical unsecured platforms (which were assumed to be walls) that contained packing material and floors for future elevator cars sat inside the elevator shaft pit. None of the employees knew the large platforms were unsecured. Concerned that the metal shelf may fall into the pit, Coworker #1, Coworker #2 and Coworker #3 climbed onto the one of the platforms using a long metal bar for leverage in assisting the removing the large metal shelf. When they applied pressure on the platform, the platforms fell on both Employee #1 and Employee #2, crushing Employee #1 and killing him and injuring Employee #2. Employee #1 and Employee #2 were struck by two falling platforms, packing material and floors that fell into the pit. Employee #2 was treated and released at a local hospital.",real,True,sha256:9dc64febec01c93d775dd15a7f2cddb8c9d0ed710f8764fae1e6c52960606e85,100,source_published_annotation,source_published_annotation_unreviewed
133746.015,fall,"Employee #1, a painter/laborer employed by a painting contractor, was working alone on a scaffold at a multifamily residential building. The scaffold was missing a plank, which for unknown reasons had been removed and placed upright on that level of the scaffold. The employee was masking a window when he fell through the opening created by the missing plank, a fall height of 11.5 feet. The employee was transported to the hospital and admitted for treatment of multiple fractured ribs.",real,True,sha256:9dc64febec01c93d775dd15a7f2cddb8c9d0ed710f8764fae1e6c52960606e85,101,source_published_annotation,source_published_annotation_unreviewed
136974.015,caught-in/between,"Employee #1, a newly hired laborer employed by a waterproofing company, was engaged in waterproofing work at the construction site for two hotel/resort buildings. She was tasked with mixing concrete in 5-gallon buckets. The employee used a one-half-inch Dewalt Spade Handle Drill, Model DW130V, to mix the concrete. The drill was missing the side handle, and the employee was operating the drill while wearing gloves. The glove of her left hand became entangled in the chuck of the drill, and her pinky finger was partially amputated. The employee was transported to the hospital for treatment of the finger amputation and released without hospitalization.",real,True,sha256:9dc64febec01c93d775dd15a7f2cddb8c9d0ed710f8764fae1e6c52960606e85,102,source_published_annotation,source_published_annotation_unreviewed
133560.015,caught-in/between,"Employee #1 was using a VE460 Roll Grooving Tool to groove a piece of 10 inches by 2 feet steel pipe. With his foot still on the activation pedal, he reached his hands into the machine to check the groove. He inadvertently pressed the foot pedal with his hands in the machine, and the fourth finger on his left hand was amputated. The employee received medical treatment for the amputation but was not hospitalized.",real,True,sha256:9dc64febec01c93d775dd15a7f2cddb8c9d0ed710f8764fae1e6c52960606e85,103,source_published_annotation,source_published_annotation_unreviewed
132604.015,fall,"Employee #1, employed by a construction company, was working at the site of a new four-story multifamily residential building. He was installing an electrical light fixture above the door on an unguarded balcony when he fell, a fall height of 34 feet. The employee had not been using fall protection. The employee was transported to the hospital and admitted for treatment of injuries that included a punctured lung and multiple fractures.",real,True,sha256:9dc64febec01c93d775dd15a7f2cddb8c9d0ed710f8764fae1e6c52960606e85,104,source_published_annotation,source_published_annotation_unreviewed
132487.015,caught-in/between,"Employee #1 and three coworkers were engaged in a training session on how to attach a disc blade assembly (dirt tiller) to a John Deere tractor. This was occurring during site preparation work for a multifamily residential structure. During the demonstration, while Employee #1 was standing in the pinch point of the tractor and the excavator, he directed a coworker operating the tractor to begin backing up. The equipment operator let off the clutch too quickly, the tractor jumped back, and Employee #1 was pushed back and pinned between the tractor and the excavator. Employee #1 was transported to the hospital and admitted to treat a collapsed lung, a fractured shoulder and multiple ribs, and a fractured skull with brain swelling.",real,True,sha256:9dc64febec01c93d775dd15a7f2cddb8c9d0ed710f8764fae1e6c52960606e85,105,source_published_annotation,source_published_annotation_unreviewed
132638.015,fall,"Employee #1 and a coworker were working at height and preparing to install a framed wall for a three-story multifamily residential structure. Both were wearing fall protection, but there was excess slack in their lifelines. The coworker lost his balance, and both employees fell into an unguarded stairwell. Employee #1 fell 15 feet and struck a landing. He required hospitalization for injuries that included fractures to four ribs, a thumb, a foot, and part of his face. The coworker also fell, but from a different anchor point, and his fall arrest system caught him. He struck the ground but with reduced force, and he did not sustain injuries.",real,True,sha256:9dc64febec01c93d775dd15a7f2cddb8c9d0ed710f8764fae1e6c52960606e85,106,source_published_annotation,source_published_annotation_unreviewed
132464.015,caught-in/between,"Employee #1 was working in front of a 100 foot by 10 foot concrete retaining wall with Employee #2, Employee #3, Employee #4 and Employee #5. The wall collapsed on top of the employees. Employee #1 was killed and Employee #2, Employee #3 and Employee #4 were hospitalized. Employee #5 was injured and treated and released at the hospital. The employer placed approximately 210 tons of backfill against the newly constructed retaining wall without determining that the structure was capable of supporting the load.",real,True,sha256:9dc64febec01c93d775dd15a7f2cddb8c9d0ed710f8764fae1e6c52960606e85,107,source_published_annotation,source_published_annotation_unreviewed
137791.015,fall,"Employee #1, employed by a roofing contractor, was cleaning debris from roof tops at a condominium complex. He was using a 30-pound gasoline-operated blower. He was cleaning the roof of the single-story community center, which featured a convex, unguarded skylight that measured 53 inches by 101 inches. The area around the skylight was narrow and limited. As the employee moved around the skylight to perform his cleaning task, he fell through it and onto the carpeted floor below, a fall height of 13 feet. The employee was transported to the hospital and admitted for treatment of a fractured left arm that required surgery. The investigation determined there had been no place for the employee to tie-off on the roof top area, and no site specific evaluation and safety measures had been taken to prevent a fall.",real,True,sha256:9dc64febec01c93d775dd15a7f2cddb8c9d0ed710f8764fae1e6c52960606e85,108,source_published_annotation,source_published_annotation_unreviewed
134148.015,fall,"Employee #1, employed by a roofing contractor, was installing composite shingles on the second story roof of a residential structure. At the end of his work shift, as he was cleaning up debris, he disconnected his fall protection to walk from his work area across the roof to a ladder. As he was crossing the roof, the employee fell and struck the bottom of a newly constructed, empty swimming pool, a fall height of 24.6 feet. Emergency services transported the employee to the hospital, where he was admitted for treatment of multiple injuries, including fractures to an arm, wrist, and ribs, and fluid that required draining from his head.",real,True,sha256:9dc64febec01c93d775dd15a7f2cddb8c9d0ed710f8764fae1e6c52960606e85,109,source_published_annotation,source_published_annotation_unreviewed
134788.015,fall,"Employee #1, an elevator technician, was working in a building's elevator pit. He was installing new cables on service elevator number 3 while standing on a Werner ladder, Model No. D6224-3. The ladder was leaning against a metal screening in the hoist way. The employee, who was not using fall protection, fell from the ladder, hit his head on the counterweight assembly, and then struck his head against the concrete floor. The employee was transported to the hospital and admitted for treatment of a lacerations to his scalp and left shin, a rib fracture, and fractures to the spine.",real,True,sha256:9dc64febec01c93d775dd15a7f2cddb8c9d0ed710f8764fae1e6c52960606e85,110,source_published_annotation,source_published_annotation_unreviewed
132222.015,fall,"Employee #1 and coworkers, employed by a masonry contractor, were doing masonry repairs/maintenance at a one-story commercial building. Employee #1 was working from a scaffold and power washing the exterior. As he worked from the scaffold's saddle side attachment, he fell, a fall height of 5 feet, and struck the concrete floor. The employee was transported to the hospital for treatment of head, right arm, and right leg injuries. He died at the hospital a few days later. During the investigation, it was determined that neither the project foreman nor the employees had been trained in the hazards and proper installation of scaffolds.",real,True,sha256:9dc64febec01c93d775dd15a7f2cddb8c9d0ed710f8764fae1e6c52960606e85,111,source_published_annotation,source_published_annotation_unreviewed
132584.015,caught-in/between,"Employee #1 was operating a gutter machine. He was mechanically feeding via spool assembly/loading coil a 24 gauge, 7-inch wide metal gutter coil into the 7-inch facia roll forming gutter machine. A miss feed occurred, and the coil became jammed. The employee, without first deenergizing the machine, attempted to slide open the guard in order to trouble shoot and clear the jam. As he was sliding the guard, his gloved right pinky finger made contact with a rotating sprocket/chain mechanism. The finger was partially amputated. The employee was transported to a medical care center, admitted, and treated for the partial amputation.",real,True,sha256:9dc64febec01c93d775dd15a7f2cddb8c9d0ed710f8764fae1e6c52960606e85,112,source_published_annotation,source_published_annotation_unreviewed
134574.015,fall,"Employee #1 and a coworker, employed by a construction contractor, were installing trusses for a new one-story commercial building. The trusses collapsed, later determined to have been caused by inadequate bracing. Employee #1, who was not using fall protection, fell and sustained head injuries and fractures to multiple fingers. Employee #1 required hospitalization for his injuries. The coworker, who was using fall protection, also fell. However, his fall was broken, and he was suspended from his lanyard.",real,True,sha256:9dc64febec01c93d775dd15a7f2cddb8c9d0ed710f8764fae1e6c52960606e85,113,source_published_annotation,source_published_annotation_unreviewed
136634.015,fall,"Employee #1, employed by a construction company, was engaged in exterior carpentry work for a new four-story multifamily residential structure. He was using a pneumatic nail gun to secure plywood to wood joists. The employee grabbed on to the corner of the building, lost his balance, rolled over the edge of the structure, and fell 20 feet to an elevated concrete deck. The employee was wearing fall protection equipment, but there was excess slack in the lifeline, and the system failed to protect him. The employee was transported to the hospital, admitted, and treated for an ankle sprain.",real,True,sha256:9dc64febec01c93d775dd15a7f2cddb8c9d0ed710f8764fae1e6c52960606e85,114,source_published_annotation,source_published_annotation_unreviewed
137529.015,caught-in/between,"Employee #1, a field technician/truck operator employed by a remodeling company, was trying to drive a one-ton truck out of the employer's parking lot. The truck was used to transport specialized equipment and material necessary for restoration services needing particular care and attention by the operator, who must have received refresher or load specific training or instructions, where the operation of emergency/parking brakes and familiarity with the truck's transmission operation were paramount. The employee had not received this training. The operator started the engine and engaged the transmission to drive position. The truck did not move, because the parking/emergency brake was engaged. He could not figure out how to disengage the parking brake, so he exited the cab and tried to release the brake while standing on the ground. The driver side door was still open. The employee released the parking brake, and the truck started to move forward slowly. The driver, still standing on the ground, tried to move the transmission lever to the parking position, but the transmission lever stuck in the reverse position, causing the truck to reverse and move backward. The moving truck's open door crushed the operator against an adjacent Conex box (container). The employee was transported to the hospital and admitted for treatment of outer body bruises, spleen damage, and leg sprains.",real,True,sha256:9dc64febec01c93d775dd15a7f2cddb8c9d0ed710f8764fae1e6c52960606e85,115,source_published_annotation,source_published_annotation_unreviewed
132211.015,fall,"Employee #1 and coworkers, employed by a construction company, were engaged in the demolition of a commercial building. The four employees had worked as pipe layers (trenching and excavation work) in the past and did not have the background to understand the hazards and means of protection when working at heights. They were working from the building's trusses and using chain saws to cut out the rafters. No employee had been provided fall protection or PPE to protect them from the hazards of operating chain saws. The crew later stated they were not trained on fall protection, and the employer was unable to provide proof of fall protection training for his employees. As they were chain sawing the rafters connected to the trusses, the roof collapsed. Employee #1 and the others fell, a fall height of approximately 15 feet. Employee #1 died at the scene. Three employees were transported to the hospital, one for treatment of a fractured leg, the others for contusions.",real,True,sha256:9dc64febec01c93d775dd15a7f2cddb8c9d0ed710f8764fae1e6c52960606e85,116,source_published_annotation,source_published_annotation_unreviewed
133158.015,fall,"Employee #1 was working on the roof of a new residential structure. In an attempt to untangle his fall protection, he disconnected from it. The employee fell from roof, a fall height of 21 feet, and struck the frozen ground. He was transported to the hospital, admitted, and treated for a compound fracture to the right leg.",real,True,sha256:9dc64febec01c93d775dd15a7f2cddb8c9d0ed710f8764fae1e6c52960606e85,117,source_published_annotation,source_published_annotation_unreviewed
132085.015,fall,"Employee #1, employed by a construction company, was engaged in carpentry work at the site of a new three-story residence. He was standing at the unprotected leading edge of an elevated floor deck and holding an 8-foot by 4-foot plywood sheet when a wind gust caught the plywood. Employee #1 lost his footing and fell, a fall height of 20 feet. He struck his head on a concrete column lying on the ground and sustained blunt force traumatic injuries. Employee #1 was killed.",real,True,sha256:9dc64febec01c93d775dd15a7f2cddb8c9d0ed710f8764fae1e6c52960606e85,118,source_published_annotation,source_published_annotation_unreviewed
132127.015,caught-in/between,"Employee #1 and coworkers, employed by a city, were working in an excavation at a sewer/water treatment plant and repairing a broken underground water main. Employee #1, the foreman, was directing the work, operating a backhoe, and working in the excavation. The excavation measured approximately 14 feet long by 14 feet wide and was 8 feet deep. The width at the bottom of the excavation was approximately 4 feet. The pipe being repaired was a 12-inch water main, and the break was located approximately 1 to 2 feet from the excavation's north wall, which was near vertical and unshored. The water main had been leaking for several hours, and the north wall consisted of a saturated mix of clay and sand. According to later statements from coworkers, the foreman had approximately ten minutes of work left to complete the repair when the north wall broke off and fell on top of him, pinning him face down in the mud. The pump in use to control the flow of water became clogged in the collapse, and the excavation quickly filled up with water. Coworkers estimated that the foreman was submerged for approximately 10 minutes before emergency medical services arrived on scene. Employee #1, the foreman, was killed in the excavation cave-in.",real,True,sha256:9dc64febec01c93d775dd15a7f2cddb8c9d0ed710f8764fae1e6c52960606e85,119,source_published_annotation,source_published_annotation_unreviewed
132001.015,caught-in/between,"Employees #1 and #2, day laborers employed by a painting and masonry contractor, were repairing a retaining wall at a job site. They were working on the base of the retaining wall in preparation for a concrete pour. The two employees had not been trained by the owner of the company on the hazards of working on a retaining wall, and the owner did not have knowledge or experience with retaining walls or excavations. Employees #1 and #2 were using a Bosch Electric Grinder (SN 021024766) and a Bosch Electric Drill Hammer 8"" pick to dig and clear needed space for a new footing support on the left side of the wall. No support system was used to protect the employees during the excavation process, and no underpinning plan was used. Both the left and right sides of the wall had been undermined by run off rainfall and/or snowfall for several months including days prior to the incident. The retaining wall suddenly collapsed on the two employees. Employee #1 sustained blunt force crushing injuries and was killed. Employee #2 was hospitalized with critical injuries.",real,True,sha256:9dc64febec01c93d775dd15a7f2cddb8c9d0ed710f8764fae1e6c52960606e85,120,source_published_annotation,source_published_annotation_unreviewed
131952.015,fall,"Employee #1 was engaged in roofing work for a new four-story multifamily residential structure. Surface conditions on the roof were icy. According to a supervisor's subsequent statement, the employee, in order to move his work location, had disengaged his fall protection rope from one anchor point with the intent to tie off to another anchor. Before he could reattach his fall protection system, the employee slipped on the icy roof and fell, a fall height of approximately 44 feet. Employee #1 sustained blunt force traumatic injuries and was killed.",real,True,sha256:9dc64febec01c93d775dd15a7f2cddb8c9d0ed710f8764fae1e6c52960606e85,121,source_published_annotation,source_published_annotation_unreviewed
131938.015,fall,"Employee #1 and a coworker, employed by a roofing contractor, were assigned to evaluate the condition of a commercial building's roof and make simple repairs, as needed, in preparation for the building's sale. They were on the roof when Employee #1 stepped onto a skylight that was flush with the roof deck. The skylight failed to support Employee #1 and collapsed, sending Employee #1 falling to the concrete surface, a fall height of 21 feet. Emergency services transported Employee #1 to the hospital, where he was admitted for treatment of blunt force traumatic head and chest injuries. Employee #1 died at the hospital.",real,True,sha256:9dc64febec01c93d775dd15a7f2cddb8c9d0ed710f8764fae1e6c52960606e85,122,source_published_annotation,source_published_annotation_unreviewed
131852.015,caught-in/between,An employee raised the arms of a OmniQuip Compact Technologies skid steer in order to attempt to replace the cover over the battery terminals. He mistakenly pressed the foot control and the arm assembly came down on the employee. The arm assembly pinned the employee against the front housing of the skid steer and killed him.,real,True,sha256:9dc64febec01c93d775dd15a7f2cddb8c9d0ed710f8764fae1e6c52960606e85,123,source_published_annotation,source_published_annotation_unreviewed
131877.015,caught-in/between,"Employee #1 and a coworker, employed by a construction company, were engaged in site preparation for a planned multifamily residential structure. The coworker was operating an excavator and digging a trench where a sewer pipe was being removed. Employee #1 was spotting for his coworker. For no apparent reason, Employee #1 entered the trench, which was not protected from collapse. His coworker subsequently stated that he told Employee #1 to get out of the trench. As Employee #1 moved toward a ladder to exit the trench, a trench wall collapsed. Employee #1 was buried in approximately 8 feet of dirt. It took approximately 20 minutes for his coworker and others to extricate Employee #1 from the trench. CPR was performed unsuccessfully. Employee #1 was killed by asphyxia.",real,True,sha256:9dc64febec01c93d775dd15a7f2cddb8c9d0ed710f8764fae1e6c52960606e85,124,source_published_annotation,source_published_annotation_unreviewed
137355.015,caught-in/between,"Employee #1, an iron worker apprentice employed by a steel erection company, and a jobsite coworker who was operating a crane, were engaged in steel erection during construction of a new two-story commercial building. Employee #1 was preparing to connect one end of a rod - which would act as a diagonal brace - to the bottom corner of the two-story metal frame. The rod was suspended from the crane's cable. The crane operator inadvertently came into contact with the crane controls, and the cable and attached rod were jerked upward. Employee #1 was pinned between the rod and the metal frame/column he was leaning against. Employee #1 sustained blunt force traumatic crushing injuries and was killed.",real,True,sha256:9dc64febec01c93d775dd15a7f2cddb8c9d0ed710f8764fae1e6c52960606e85,125,source_published_annotation,source_published_annotation_unreviewed
131774.015,fall,"Employee #1 and coworkers, employed by a home builder, were working at a multiemployer project, the construction of a one-story residential structure. Employee #1, who was preparing to end his shift, was conducting housekeeping activities. He walked toward coworkers who were cutting oriented strand board (OSB). As the final cut was being made, Employee #1 stepped onto the excess board over the porch area and fell, a fall height of 11 feet. Employee #1, who was not using fall protection, struck the concrete surface. He sustained blunt force traumatic injuries and was killed.",real,True,sha256:9dc64febec01c93d775dd15a7f2cddb8c9d0ed710f8764fae1e6c52960606e85,126,source_published_annotation,source_published_annotation_unreviewed
132065.015,fall,"Employee #1 and coworkers, employed by a construction company, were engaged in installing roof decking for a new three-story concrete commercial building. Employee #1 was sitting on a riding anchor cart that was used for fall protection and preparing to fasten joist corners to secure a decking panel and pin the decking lap seam. A coworker was operating a ""Mex-Master"" modified articulating lift with a hydraulic component to raise a new decking panel. The hydraulics on the lift failed to make a clean release, causing a joist to deflect. As coworkers applied tension to the joist in an attempt to move it into the proper position, a 5-inch gap appeared between the newly placed decks that compromised the decking's structural integrity. Employee #1 had been 60 feet away, but he apparently drove the anchor cart over to the area where the problem was. The decking gave way, and Employee #1 and the anchor cart fell 41 feet. Emergency services transported Employee #1 to the hospital for treatment of traumatic head and neck injuries and a fractured leg. He died at the hospital six days later.",real,True,sha256:9dc64febec01c93d775dd15a7f2cddb8c9d0ed710f8764fae1e6c52960606e85,127,source_published_annotation,source_published_annotation_unreviewed
132213.015,fall,"Employee #1, employed by a residential remodeler, was removing wood strips from the exterior of a mobile home. He was working from a ladder he had placed on the corner of the structure, with neither ladder rail resting on the structure and thus not properly supported. Employee #1 fell, a fall height of 5 feet, and struck his head on the pavement. Employee #1 sustained blunt force traumatic injury to the head and was killed.",real,True,sha256:9dc64febec01c93d775dd15a7f2cddb8c9d0ed710f8764fae1e6c52960606e85,128,source_published_annotation,source_published_annotation_unreviewed
131579.015,caught-in/between,"Employee #1, employed by a construction company, was assigned to clean hatch openings and covers on a derrick boat, so that the hatch openings could be closed and sealed after the Load Line Certification Inspection was completed. There were no witnesses to this incident, but according to subsequent investigation, Employee #1 was believed to have been removing silicon caulking and sweeping debris away from the port side hatch openings and covers, near the main deck edge and approximately one-third of the vessel length from the bow. Employee #1 was found by the superintendent. When found, he was unresponsive in 40 degree Fahrenheit water below the deck area and between the tires protecting the derrick boat's hull and the shore wall. He was not wearing a personal flotation device when found. the county medical examiner had not determined cause of death, although the preliminary examination suggested that Employee #1 had not drowned, no significant injuries were observed, and hypothermia had not been ruled out. Being immersed in 40 degree Fahrenheit water for an unknown time period is believed to have contributed to his death.",real,True,sha256:9dc64febec01c93d775dd15a7f2cddb8c9d0ed710f8764fae1e6c52960606e85,129,source_published_annotation,source_published_annotation_unreviewed
131600.015,fall,"Employee #1, employed by a roofing company, was on the roof of a three-story multifamily residential structure and retrieving a cell phone during a rehabilitation project. The roof was icy. Employee #1 lost traction on the icy surface and fell, a fall height of 28 feet. Employee #1 was killed.",real,True,sha256:9dc64febec01c93d775dd15a7f2cddb8c9d0ed710f8764fae1e6c52960606e85,130,source_published_annotation,source_published_annotation_unreviewed
131583.015,fall,"Employee #1, employed by a construction company, was installing a platform and staircase for emergency access/egress at a commercial building. He was working from an extension ladder leaned against a 6-inch wide vertical steel column, with the two rails not supported equally and no single support attachment. Employee #1 was drilling holes under the surface of the horizontal steel platform when the drill became caught and hung up, which caused the drill to spin. The spinning drill struck the employee in the head and knocked him off the ladder. The employee fell, a fall height of 10 feet, and struck the concrete surface. The employee was transported to the hospital and admitted for treatment of blunt force traumatic head injuries. Employee #1 died at the hospital.",real,True,sha256:9dc64febec01c93d775dd15a7f2cddb8c9d0ed710f8764fae1e6c52960606e85,131,source_published_annotation,source_published_annotation_unreviewed
131555.015,struck-by,"Employee #1 and three coworkers, employed by a company subcontracted to do painting for a new casino, were tasked with priming and painting the electronic gate at the loading dock. Each leaf of the gate measured approximately 24 feet by 9 feet and weighed approximately 3,000 pounds. However, the gate was not complete, and it was missing the safety controls, including the motor (Heavy Duty SL-175 DC Slide Gate Operator) and chain that would prevent it from being pulled past the wheel guide end point. The employer did not conduct an inspection of the loading dock gate prior to the gate being pulled out for painting and priming. In preparation for painting, the four employees pulled out the gate. When the gate overextended past the wheel guide end point, it began to wobble. The employees lost control of the gate, which fell, striking and crushing Employee #1.",real,True,sha256:9dc64febec01c93d775dd15a7f2cddb8c9d0ed710f8764fae1e6c52960606e85,132,source_published_annotation,source_published_annotation_unreviewed
131516.015,electrocution,"Employees #1 and #2 and coworkers, employed by a roofing and siding company, were working at the construction site of a new two-story residence. Employees #1 and #2 were repositioning a pump jack scaffold from the back of the house to another location. According to a coworker who witnessed the event, the two employees were in the process of laying down parallel to the house a 36-foot Alum-A-Pole, part of the scaffold system, when they appeared to lose control of the pole as a gust of wind came around the house's corner. The pole toppled onto energized overhead power lines 8 to 10 feet away, and electrical current flowed through the pole to the employees. Employee #1 was electrocuted. Employee #2 was transported to the hospital for treatment of electric shock injuries.",real,True,sha256:9dc64febec01c93d775dd15a7f2cddb8c9d0ed710f8764fae1e6c52960606e85,133,source_published_annotation,source_published_annotation_unreviewed
131652.015,fall,"Employee #1, employed by a construction company, was working at a multiemployer construction project, the renovation of a multifamily residential building. The employee was tasked with replacing a section of plywood at the roof's eave. A lull material handler was being used to lift a box made on the job to the roof to deliver supplies to employees. The box was not properly secured to the lull, and when the employee stepped into the box to retrieve the plywood, the box fell off the lull's forks, causing the employee to fall. Employee #1 fell a height of 20 feet 4 inches. He sustained multiple blunt force traumatic injuries and was killed.",real,True,sha256:9dc64febec01c93d775dd15a7f2cddb8c9d0ed710f8764fae1e6c52960606e85,134,source_published_annotation,source_published_annotation_unreviewed
131347.015,fall,"Employee #1, employed by a demolition and concrete contractor, was working at the site of a one-story plus basement multifamily apartment building that was being demolished. The employee was collecting lumber and trash to throw into an approximately 12-foot deep excavation where the concrete foundation and basement walls had been removed, exposing bare earth walls. The employee was working from a concrete and metal stairway. The stairway's support legs had been undermined at the edge of the excavation when a concrete wall had been removed. The stairway collapsed into the excavation, and the employee fell, a fall height of 10 feet, and struck his head and back on concrete debris at the bottom of the excavation. Emergency services transported the employee to the hospital, where he was admitted and treated for multiple injuries including a traumatic head injury and a severed spine. Employee #1 died at the hospital.",real,True,sha256:9dc64febec01c93d775dd15a7f2cddb8c9d0ed710f8764fae1e6c52960606e85,135,source_published_annotation,source_published_annotation_unreviewed
131306.015,fall,"Employee #1 and coworkers, employed by a scaffold company, were dismantling a five-level stair tower scaffold at the construction site for a new commercial building. They were on the scaffold's fifth level, where guardrails had been removed as part of the dismantling process. Employee #1 fell, a fall height of 54 feet. Emergency services transported the employee to the hospital, where he was declared dead. The subsequent investigation determined that the employer had a 100% tie-off policy for employees working at 6 feet or higher. Employee #1 had been wearing a full body harness and double self-retracting lanyards attached to the harness. Employee #1, for unknown reason, had apparently removed his lanyards from an anchor point and thus was unprotected when he fell.",real,True,sha256:9dc64febec01c93d775dd15a7f2cddb8c9d0ed710f8764fae1e6c52960606e85,136,source_published_annotation,source_published_annotation_unreviewed
131307.015,struck-by,"Employee #1, a Laborer employed by a small construction company and a coworker, the company's owner, were building a new single family home. Employee #1 and the owner, the only persons at the site, were in the process of moving precast concrete blocks into position to make a level pad for the excavator to sit on. According to the owner's subsequent statement, he was in the excavator and operating it to move the concrete blocks, which each measured 6 feet by 3 feet by 2 feet and weighed approximately 5,400 pounds, while Employee #1 was rigging up the blocks. Neither was wearing head protection. According to the owner, he became distracted and inadvertently hit the excavator's swing lever, causing the excavator's arm to swing. The excavator's bucket, attached to the end of the arm, struck Employee #1's chest. Employee #1 sustained blunt force crushing injuries to his chest and was killed.",real,True,sha256:9dc64febec01c93d775dd15a7f2cddb8c9d0ed710f8764fae1e6c52960606e85,137,source_published_annotation,source_published_annotation_unreviewed
131283.015,fall,"Employee #1, employed by a construction company, was the crane operator for a crew installing a swimming pool in a residence's backyard. Employee #1 and coworkers were setting up the crane when Employee #1, for unknown reasons, exited the crane's cab onto the crane's platform. The cab was positioned on the platform, which did not have guardrails. As Employee #1 was getting back into the cab, he fell and struck his head on the pavement. Employee #1 was transported to the hospital, where he was admitted for treatment of head injuries, including a possible fractured skull. He died at the hospital a week later.",real,True,sha256:9dc64febec01c93d775dd15a7f2cddb8c9d0ed710f8764fae1e6c52960606e85,138,source_published_annotation,source_published_annotation_unreviewed
131215.015,fall,"Employee #1, employed by a construction company, was working at a multi-employer job site, a new eight-story commercial building. He was working from an open-edged, unguarded outrigger platform on the seventh floor and had just finished loading a skip container with debris when the employee fell to the fourth floor, a fall height of 30 feet. Employee #1 sustained blunt force traumatic injuries and was killed.",real,True,sha256:9dc64febec01c93d775dd15a7f2cddb8c9d0ed710f8764fae1e6c52960606e85,139,source_published_annotation,source_published_annotation_unreviewed
131238.015,caught-in/between,"Employee #1, a truck driver employed by a pipeline construction company, was performing maintenance on a tractor trailer at the employer's facility. The truck's wheels were not chocked. He was working under the truck and bleeding the brake air line system when the truck rolled forward 30 feet down a slope, pinning and crushing him under the rear tires of the trailer. Employee #1 was killed.",real,True,sha256:9dc64febec01c93d775dd15a7f2cddb8c9d0ed710f8764fae1e6c52960606e85,140,source_published_annotation,source_published_annotation_unreviewed
131220.015,struck-by,"Employee #1, employed by a road construction company, was surveying a highway gore for lane striping. He had left the highway work zone, driven in a company vehicle two miles south, and stepped onto the highway to paint spots in support of the striping operation. No visual or physical barriers protected the employee. As he worked, he was struck by an oncoming heavy duty truck moving at high speed. The employee sustained multiple system traumatic injuries and was killed.",real,True,sha256:9dc64febec01c93d775dd15a7f2cddb8c9d0ed710f8764fae1e6c52960606e85,141,source_published_annotation,source_published_annotation_unreviewed
131186.015,struck-by,"Employee #1, employed by a road paving company, was adding air to the right rear tire of a front end loader. The air gauge or other tool used to measure air pressure failed to indicate when the optimum tire pressure had been achieved. The tire over-inflated and exploded, striking the employee. Employee #1 sustained blunt force traumatic injuries to multiple internal organs and was killed.",real,True,sha256:9dc64febec01c93d775dd15a7f2cddb8c9d0ed710f8764fae1e6c52960606e85,142,source_published_annotation,source_published_annotation_unreviewed
131065.015,fall,"Employee #1 and a coworker, employed by an electrical contractor, were working from a Manitex Personnel Basket, Model Number 6001232-002, Serial Number 262087, that was attached to a Manitex Boom Crane. The basket was side loaded with a Honda motor, which created an uneven load. The employees were installing new electrical lines at a power substation. The coworker later reported hearing a pop while the basket was stationary, and the basket swung out from underneath the employees and fell. The coworker, who was tied off to the crane boom, was left hanging. Employee #1, who was wearing a harness that may or may not have been tied off, fell while inside the basket, a fall height of 125 feet. Employee #1 sustained blunt force traumatic head injuries and was killed.",real,True,sha256:9dc64febec01c93d775dd15a7f2cddb8c9d0ed710f8764fae1e6c52960606e85,143,source_published_annotation,source_published_annotation_unreviewed
131165.015,caught-in/between,"Employee #1 and a coworker, employed by an HVAC company, were repairing a steam piping system leak in the mechanical room of a medical care campus building. The employees did not utilize a lockout and/or tagout device. Following the repair, as the steam line was being re-energized, a threaded drip cap at the bottom of the vertical steam pipe riser apparently failed. The room immediately filled with pressurized steam. The interior door was in the closed position, and the employees were unable to exit the room. Employee #1 was killed.",real,True,sha256:9dc64febec01c93d775dd15a7f2cddb8c9d0ed710f8764fae1e6c52960606e85,144,source_published_annotation,source_published_annotation_unreviewed
131038.015,fall,"Employee #1 and coworkers, employed by a roofing contractor, were working on the roof of a school during a roof replacement. Employee #1 was tasked with picking up roofing debris and adjusting the warning lines that, along with a safety monitor, were the only means of fall protection. The employees were not using personal fall protection systems. As he worked, Employee #1 fell through a roof opening over an atrium, a fall height of 30 feet. Employee #1 sustained multiple blunt force traumatic injuries and was killed. The subsequent investigation determined that the roof opening had not been protected by a cover or guardrail system. The only protection was a warning line around the opening.",real,True,sha256:9dc64febec01c93d775dd15a7f2cddb8c9d0ed710f8764fae1e6c52960606e85,145,source_published_annotation,source_published_annotation_unreviewed
130995.015,fall,"Employee #1 and a coworker, employed by a roofing contractor, were working on the roof of a warehouse as part of a four-building roof repair project that included replacing, repairing, covering, and weatherproofing skylights that had become brittle and were leaking. Employee #1 and the coworker were preparing the roof for the removal and replacement of an old skylight. The skylight consisted of an approximately 4 feet by 10 feet sheet of corrugated translucent fiberglass that was flush with the roof sections, with no surrounding protection. As Employee #1 walked across the roof to attend to a work task, he stepped onto the brittle fiberglass skylight. The skylight broke and collapsed, and Employee #1 fell through the hole to the concrete warehouse floor. Employee #1 sustained blunt force traumatic injuries and was killed.",real,True,sha256:9dc64febec01c93d775dd15a7f2cddb8c9d0ed710f8764fae1e6c52960606e85,146,source_published_annotation,source_published_annotation_unreviewed
132286.015,electrocution,"Employees #1 and #2, a father and son painting crew employed by a painting contractor, were engaged in exterior painting at a church. They were attempting to move their aluminum ladder when it became caught by the wind and displaced. The ladder struck an electrical service line, and both employees sustained severe electric shock. The father was killed by electrocution at the scene. The son was taken to the hospital, where he died.",real,True,sha256:9dc64febec01c93d775dd15a7f2cddb8c9d0ed710f8764fae1e6c52960606e85,147,source_published_annotation,source_published_annotation_unreviewed
130978.015,fall,"Employee #1, employed by a roofing contractor, was engaged in roofing rehabilitation work at a commercial building. The employee, who was not using any form of fall protection, fell from the roof, a fall height of 20 feet, and struck his head on the concrete surface. Employee #1 was killed.",real,True,sha256:9dc64febec01c93d775dd15a7f2cddb8c9d0ed710f8764fae1e6c52960606e85,148,source_published_annotation,source_published_annotation_unreviewed
130910.015,fall,"Employee #1, Coworker #1, and other coworkers, employed by an electrical contractor, were engaged in electrical wiring installation work at a multi-employer construction project, a new commercial building. Employee #1, the crew foreman, was directing an installation crew in bay five while Coworker #1 was doing clean-up work on a lower level. Employee #1, wearing a full body harness but not tied to a self-retracting lanyard or a lifeline, stepped on an uncovered draft vent opening in the walking surface. He fell through the opening, a fall height of 52 feet, and struck Coworker #1 and the concrete floor on the lower level. Employee #1 and Coworker #1 were transported to the hospital. Employee #1 died at the hospital. Coworker #1 was hospitalized for treatment of injuries.",real,True,sha256:9dc64febec01c93d775dd15a7f2cddb8c9d0ed710f8764fae1e6c52960606e85,149,source_published_annotation,source_published_annotation_unreviewed
130895.015,fall,"Employee #1 and a coworker, employed by a construction company, were working at a new five-story multifamily residential building, a multi-employer construction project. They were installing OSB (oriented strand board) engineered wood panels to the exterior of the building. Employee #1 was working inside the building on the fourth level, taking measurements and making cuts in 4 by 8 foot sheets of OSB. His coworker was outside of the building in an aerial lift. Employee #1 was passing the sheets of OSB to the coworker in the aerial lift through wall openings and over guardrails. Employee #1 removed the top rail of a guardrail that had been installed in the doorway leading to a landing for an unfinished stairway on the fourth level of the building. The landing had been blocked off by a mid rail and top rail to prevent access to the landing, which was approximately 5 feet wide and had an unprotected side that measured approximately 8 feet 7.5 inches in length. As Employee #1 attempted to pick up the OSB sheet and pass it out of the window opening in the landing area, he lost his balance and fell backward over the unprotected side of the landing. He fell to the basement's concrete floor below, a fall height of 42 feet 7.5 inches. As he fell, he struck and broke diagonal 2 by 4 wood bracing that had been installed to keep walls plumb in the unfinished stairway. Employee #1 sustained a head injury and additional injuries to his arms and legs. Emergency medical personnel transported Employee #1 to the hospital, where he died later that day.",real,True,sha256:9dc64febec01c93d775dd15a7f2cddb8c9d0ed710f8764fae1e6c52960606e85,150,source_published_annotation,source_published_annotation_unreviewed
130838.015,struck-by,"Employee #1 and Coworkers #1, #2, and #3, employed by a road construction company, were working together as a traffic control crew and removing traffic control barrels from a highway work zone at the end of the workday paving operation. The work zone consisted of two closed lanes on the left half of a four-lane southbound highway. Employee #1 and Coworker #1 were on the road surface within the traffic control area and handing barrels up to Coworker #2, who was standing on the rear bed of a stake body truck with rear attached attenuator. The stake body truck was driven by Coworker #4. A box truck, whose driver later stated he had fallen asleep, crossed from the far right southbound lane and struck the attenuator on the rear of the stake body truck. The force of the impact pushed the rear of the box truck in the direction of Employee #1 and Coworker #1 working from the road surface. Employee #1 was struck. He sustained massive blunt force internal injuries and was killed.",real,True,sha256:9dc64febec01c93d775dd15a7f2cddb8c9d0ed710f8764fae1e6c52960606e85,151,source_published_annotation,source_published_annotation_unreviewed
130523.015,fall,"Employee #1, employed by a communication tower construction company, was inside a 1,500-foot tower and replacing the last of 18 guy wires. He was attempting to position the bridge socket to the end of the guy wire. The employee attached himself to the guy wire socket using a synthetic rope fed through the overhead block and back down to the guy wire. The guy wire slipped from the choker and pulled Employee #1 up the tower until the synthetic rope failed and severed. Employee #1 fell, a fall height of 100 feet. He struck communication tower structural members and sustained severe trauma to his head and throat. Employee #1 was killed. The subsequent investigation showed that the employee's body harness was on, but neither pelican clip showed lanyard deployment.",real,True,sha256:9dc64febec01c93d775dd15a7f2cddb8c9d0ed710f8764fae1e6c52960606e85,152,source_published_annotation,source_published_annotation_unreviewed
130447.015,struck-by,"Employee #1, employed by a site preparation construction company, was operating an excavator to fell a 40-foot oak tree. He was working alone and in proximity to overhead power lines. He had received no instructions specific to this assignment. As the tree fell, rather than falling away from the excavator, it fell in the direction of the equipment. The tree hit the top of the excavator cab. Employee #1 was fatally crushed.",real,True,sha256:9dc64febec01c93d775dd15a7f2cddb8c9d0ed710f8764fae1e6c52960606e85,153,source_published_annotation,source_published_annotation_unreviewed
130277.015,electrocution,"Employees #1 and #2, employed by a siding company, were erecting a pump jack scaffold at a single-family residence in preparation for installation work. The outdoor winds exceeded 17 miles per hour with even stronger gusts. As they erected a 24-foot scaffold pole support adjacent to the house, the pole made contact with a live and uninsulated 7,200-volt primary power line that ran parallel to the house. The power line was approximately 23 feet 8 inches above the ground and approximately 12 feet away from the house. Employee #1 was electrocuted. Employee #2 sustained electric shock injuries that required hospitalization and treatment.",real,True,sha256:9dc64febec01c93d775dd15a7f2cddb8c9d0ed710f8764fae1e6c52960606e85,154,source_published_annotation,source_published_annotation_unreviewed
130278.015,fall,"Employee #1, employed by a power and communication line construction company, was using an extension ladder at a job site. The rung locks on the fly section of the ladder failed, and the employee fell, a fall height of approximately 5 feet. Employee #1 sustained a traumatic head injury and was killed. During the subsequent investigation, the corporate risk manager stated that the extension ladder was defective and did not belong to the company.",real,True,sha256:9dc64febec01c93d775dd15a7f2cddb8c9d0ed710f8764fae1e6c52960606e85,155,source_published_annotation,source_published_annotation_unreviewed
130353.015,struck-by,"Employee #1 and a coworker, employed by a road construction company, were working on a noisy highway paving project where employees and equipment were in close proximity. Employee #1, a new and untrained employee, was acting as a traffic control spotter for the first time. He was spotting belly dump trucks coming into the work zone with loads of crushed concrete road base. The coworker was operating a road grader. Employee #1 had his back turned to the road grader when the grader struck and ran over Employee #1. Employee #1 was killed.",real,True,sha256:9dc64febec01c93d775dd15a7f2cddb8c9d0ed710f8764fae1e6c52960606e85,156,source_published_annotation,source_published_annotation_unreviewed
130325.015,fall,"Employee #1, employed by a construction company, was working at a multi-employer construction project for a new residential structure. He was using a SkyTrak Rough Terrain Forklift with a homemade platform basket and installing exterior siding. The platform basket had no side rails, and the employee was not using a personal fall arrest system. The employee walked backward on the platform and fell from the unguarded right side, a fall height of 17 feet. He hit his head on a concrete patio. Emergency services transported the employee to the hospital, where he died of fall-related injuries two weeks later.",real,True,sha256:9dc64febec01c93d775dd15a7f2cddb8c9d0ed710f8764fae1e6c52960606e85,157,source_published_annotation,source_published_annotation_unreviewed
130136.015,fall,"Employee #1, employed by a woodworking contractor, was working at a multi-employer construction project, a five-story multifamily residential structure. He was using a 4-foot A-frame stepladder and a pneumatic nail gun to install a lapboard ceiling. The ladder was set up next to an unstable and unsecured table. The employee was standing on top of the ladder and reaching out to install the boards over the table area. The employee lost his balance and fell. The table fell over, its top came loose, and the employee landed on top of one of the iron braces affixed to the table, the brace now sticking up in the air. Employee #1 sustained internal injuries to his abdominal area and was killed.",real,True,sha256:9dc64febec01c93d775dd15a7f2cddb8c9d0ed710f8764fae1e6c52960606e85,158,source_published_annotation,source_published_annotation_unreviewed
130123.015,fall,"Employees #1, #2, and #3, employed by a precast concrete and structural steel company, were installing precast concrete stairs for a new 15-story commercial building, a multi-employer construction project. They were on the 13th and 14th floors and adjusting the stairs for proper elevation. The employees were using a 20-foot webbed sling and two 3-ton chain hoists. The stairs below the 13th floor had been installed, including necessary welding. The stairs on the 13th and 14th floors were not yet welded or secured. The employees were in the process of adjusting the stairs for proper elevation when the 14th floor staircase collapsed and hit the 13th floor. This caused all of the stairs directly below to collapse as well. The three employees, who were tied off to the staircases, were pulled down with the collapsing concrete, which had a total weight of approximately 75,000 pounds. The employees and concrete fell down the staircase shaft, a fall height of approximately 150 feet. Employees #1, #2, and #3 were all killed.",real,True,sha256:9dc64febec01c93d775dd15a7f2cddb8c9d0ed710f8764fae1e6c52960606e85,159,source_published_annotation,source_published_annotation_unreviewed
130263.015,fall,"Employee #1, employed by a construction company, was engaged in the construction of a new building. He was dismantling a steel DOKA concrete forming panel. Without first ensuring that the forming panel was connected to the tower crane and thus secured, the employee removed all structural t-bolts holding the forming panel upright . The forming panel broke loose from the concrete and fell to the ground. Employee #1, whose fall protection was attached to the forming panel, fell 19 feet and struck his head against the concrete surface. Employee #1 sustained blunt force traumatic injuries and was killed.",real,True,sha256:9dc64febec01c93d775dd15a7f2cddb8c9d0ed710f8764fae1e6c52960606e85,160,source_published_annotation,source_published_annotation_unreviewed
130071.015,caught-in/between,"Employee #1, employed by a construction company, was working at a multi-employer construction project, a new development of residential townhouses. He had been working in a trench that lacked shoring and a trench box. As he walked out of the trench, the trench collapsed. Employee #1 was caught in the cave-in of sand and road base material. He sustained crushing injuries to his abdomen and lower body and was killed.",real,True,sha256:9dc64febec01c93d775dd15a7f2cddb8c9d0ed710f8764fae1e6c52960606e85,161,source_published_annotation,source_published_annotation_unreviewed
130219.015,electrocution,"Employee #1, employed by a residential remodeling company, was removing ducting from the attic of a house. The employee made contact with an energized electrical junction box and was electrocuted.",real,True,sha256:9dc64febec01c93d775dd15a7f2cddb8c9d0ed710f8764fae1e6c52960606e85,162,source_published_annotation,source_published_annotation_unreviewed
129969.015,fall,"Employee #1, employed by a painting contractor, was working at a one-story residential structure. He was standing on a ladder and applying caulk when he lost balance, fell, and struck his head against the brick patio, a fall height of 18 feet. Employee #1 was killed. Investigation revealed the employee was using the wrong equipment and, to reach the area being caulked, had to over extend his body away from the ladder when he lost balance and fell.",real,True,sha256:9dc64febec01c93d775dd15a7f2cddb8c9d0ed710f8764fae1e6c52960606e85,163,source_published_annotation,source_published_annotation_unreviewed
129978.015,caught-in/between,"An employee was working for an electrical and other wiring installation contractor. He was an operating engineer. He and a coworker were performing some minor maintenance on the day of the incident. As the coworker was washing a truck, the employee was fixing the cable on an Elliott Equipment Company model 40142 truck-mounted crane. The crane deck where the employee was working was 75 in. (1.91 meters) above the ground. The employee had extended the boom and had run out the cable on the winch. He was ready to rewind the load line. He asked his coworker to run the controls while he (the employee) used a hammer and a prybar to get the cable to wind correctly. The coworker started by operating the winch. The employee told the coworker to start retracting the boom as well. The coworker was retracting the boom when the employee yelled at him to stop and then to re-extend the boom. The coworker left the cab, and the employee told him that he needed to go to the hospital. A third worker asked the employee what he got into. The employee told him that he had slipped and that his hand had entered an open portal on the boom. Another account said that the employee was resting his hand in an area where the telescoping crane boom moved. In any event, the employee's hand was struck when the boom was being retracted. The retracting boom hit his fingers, amputating the middle, ring, and small fingers on his left hand. The employee was hospitalized. Neither the employee nor the coworker were certified crane operators. The corker was a blaster, and the employee was an equipment operator but not a crane operator. Both had been trained on how to operate the basic controls and how to perform minor maintenance. The operator's manual was in the cab of the crane.",real,True,sha256:9dc64febec01c93d775dd15a7f2cddb8c9d0ed710f8764fae1e6c52960606e85,164,source_published_annotation,source_published_annotation_unreviewed
129704.015,fall,"Employee #1 and coworkers, employed by a roofing contractor, were replacing the entire roofing system of a one-story commercial building. The initial work involved removing the surface roofing material, the skylights, and the underlying plywood sheets, thereby creating openings in the roof and a leading edge. The employees, after finishing lunch, were returning to work and the next process, which was to replace the old plywood sheets. Employee #1, who did not put on a personal fall protection system before returning to the leading edge area, fell through the opening in the roof, a fall height of 28 feet, and struck his head on the concrete floor. Employee #1 sustained a fractured skull and was killed.",real,True,sha256:9dc64febec01c93d775dd15a7f2cddb8c9d0ed710f8764fae1e6c52960606e85,165,source_published_annotation,source_published_annotation_unreviewed
129212.015,electrocution,"An employee was working for a roofing contractor. He was a roofer. The firm's workers were at a construction project on a commercial building. The firm was working at an automotive dealership that sold new and used cars. It was raining. The employee was operating a Skyjack model number SJ61T aerial lift. He was wearing a hardhat, a harness, a lanyard, and safety glasses. There was an overhead power line next to the roof. It had not been deenergized or grounded. One account suggested that the lines were energized at somewhere between 200 kilovolts (kV) to 350K kV. The employee was bringing down trash from the roof to throw into a dumpster. He was lowering the lift's arm from the 30-foot (9.1-meter) roof and swung it over to the dumpster, located under the power lines. By one account, the lift struck an energized conductor. An electric current arced from the phase conductor and entered the employee's right wrist. By another account, the employee struck the line and received electrical burns to his face and hands. In any event, the employee suffered an electric shock and electrical burns. He was hospitalized. There was no spotter on the ground directing the employee while he was operating near the lines. When fully extended, the boom height was 61 feet (18.6 meters). The operator's manual stated that the lift was not insulated and that personnel should maintain a safe approach distance from power lines. It referenced the distance, the ANSI standard, and the OSHA standard. The manual provided a chart for safe approach distance by voltage in the electrical lines. The chart showed a safe approach distance of 20 feet (6.1 meters) for lines energized at 200 kV to 350 kV.",real,True,sha256:9dc64febec01c93d775dd15a7f2cddb8c9d0ed710f8764fae1e6c52960606e85,166,source_published_annotation,source_published_annotation_unreviewed
130435.015,fall,"An employee was working for an internet service provider. He installed and repaired equipment. In this incident, he was working as a field technician. He was working on radio relay receivers and transmitters located above the top of a silo. To access the equipment, the employee had climbed up a set of stairs on a fixed ladder with a cage. The ladder and cage were over 35 feet (10.7 meters) tall. The employee was working at an elevation. He was walking toward a taller relay device to adjust it manually. The employee needed to cross the ladder opening in order to reach a platform to get to the relay. The relay was on the left side of the ladder opening, and the employee was on the right side of the opening. The employee was looking at his cellphone, and he walked into the ladder opening and fell. The employee fell onto a catwalk below the fixed ladder that he had ascended to reach the platform. He suffered a full-thickness laceration to his left inner upper arm, and lacerations near his left wrist and the right side of his chin. He was hospitalized. Drugs were found at the area where the employee stayed after he descended the silo stairs while waiting for emergency services.",real,True,sha256:9dc64febec01c93d775dd15a7f2cddb8c9d0ed710f8764fae1e6c52960606e85,167,source_published_annotation,source_published_annotation_unreviewed
130315.015,electrocution,"Employee #1, employed by an electrical services company, was working at a medical center. He was on a stepladder and removing fluorescent lighting fixtures in preparation for installing LED lighting fixtures. The employee had not been properly trained in hazardous electrical work, and power to the fixtures had not been turned off. Employee #1 experienced an electric shock which burned his fingers. He fell from the ladder and struck his head on the floor. The employee was killed.",real,True,sha256:9dc64febec01c93d775dd15a7f2cddb8c9d0ed710f8764fae1e6c52960606e85,168,source_published_annotation,source_published_annotation_unreviewed
135760.015,fall,"An employee was doing asbestos abatement work. He was seriously injured when a large piece of stucco broke off the wall, striking the employee/ladder and causing the employee to fall to the ground below. It was determined that the use of a ladder by the employee, rather than a scaffold or other work-positioning device, contributed to the accident and the extent of the injuries sustained by the employee. The employee was admitted to a local hospital, where he was treated for over 24 hours. The employee suffered a severe head injury, fractured ribs and an injury to his back.",real,True,sha256:9dc64febec01c93d775dd15a7f2cddb8c9d0ed710f8764fae1e6c52960606e85,169,source_published_annotation,source_published_annotation_unreviewed
129008.015,struck-by,"An employee was working for a state department of transportation. She was operating a 2009 Superior Broom model DT80CT road sweeper at a highway construction project on a state highway. She parked the road sweeper on a pullout and turned it off. She parked the sweeper backward on a 5 percent grade, with the front higher than the rear. She set the parking brake at seven clicks instead of ten clicks (which would have been fully engaged) and did not place the wheel chocks. She was talking with a coworker, who was using a fire hose connected to a water tank truck and cleaning a sand trap. The sweeper began to roll backward down the incline. It struck the employee, missed the coworker, hit and bent four steel delineator posts, crossed the highway, and came to a stop only when it crashed into the side of the mountain on the other side. The employee was killed.",real,True,sha256:9dc64febec01c93d775dd15a7f2cddb8c9d0ed710f8764fae1e6c52960606e85,170,source_published_annotation,source_published_annotation_unreviewed
128954.015,caught-in/between,"Employee #1 and a coworker, employed by a concrete construction company, were working at a multi-employer project, the construction of a hospital building. They were in the process of lifting and repositioning a pre-cast concrete column form, designated north side panel, using a tower crane operated by the coworker. Employee #1, the crew foreman, was tied off to another concrete form, designated west side panel. The two forms had been connected by pins, and all the pins but one had been removed. The one pin inadvertently remaining continued to connect the two panels. As the crane lifted the north panel approximately 3 inches to adjust its position, the remaining connecting pin broke free, which caused the west panel to twist and fall with Employee #1 still tied to it. The panel fell on top of Employee #1, and Employee #1 was crushed between the panel and a generator. Employee #1 initially tried to talk and get up, but later that day he died from the crushing injuries.",real,True,sha256:9dc64febec01c93d775dd15a7f2cddb8c9d0ed710f8764fae1e6c52960606e85,171,source_published_annotation,source_published_annotation_unreviewed
128841.015,fall,"Employee #1 and a coworker, employed by a construction company, were working at a four-story multifamily residential construction project. They was dismantling framing around a bathroom floor opening as a result of design plan changes. Employee #1, who was wearing a hardhat but no fall protection, fell through the unsecured 3-foot by 3-foot floor opening, a fall height of 10 feet, and struck his head on the stairs below the opening. He sustained blunt force traumatic head injuries. Employee #1 was transported to the hospital, where he was pronounced dead.",real,True,sha256:9dc64febec01c93d775dd15a7f2cddb8c9d0ed710f8764fae1e6c52960606e85,172,source_published_annotation,source_published_annotation_unreviewed
128765.015,caught-in/between,"An employee was working as a construction laborer for a landscaping service. He and some coworkers were working in an excavation. They were installing 150-millimeter (6-inch) drain line for an underground utilities project. The excavation had been dug by their foreman, who operated the equipment. The excavation was approximately 8.2 meters (27 feet) in length by 3.7 meters (12 feet) in depth. The angle of repose was approximately 88 to 90 degrees on the north, south, and east sides. Soil conditions consisted of sand mixed with clay and some gravel, with previously excavated material, consisting of varying levels of sand and clay, mixed in at different depths. Fissures developed in the excavation walls as the depth of the excavation increased. The workers did not immediately report the hazardous condition of the excavation walls, as none of them recognized the hazard associated with changing soil conditions. No accident prevention program had been developed or coordinated with the workers. The foreman and equipment operator was working at the jobsite and was in direct and plain view of the workers exposed to the excavation collapse hazard. The near-vertical walls collapsed onto the employee. He suffered multiple severe injuries, and he was asphyxiated by being buried under excavated materials. He was killed. At one place, the account says that he was hospitalized, so he might have died after being removed from the collapse.",real,True,sha256:9dc64febec01c93d775dd15a7f2cddb8c9d0ed710f8764fae1e6c52960606e85,173,source_published_annotation,source_published_annotation_unreviewed
128697.015,electrocution,"Employee #1, employed by an electrical services company, was working from a boom truck's basket and replacing fluorescent lights with LED light sets on an outdoor commercial sign. The basket, which lacked electrical insulation, was too close to an overhead power line. Employee #1 made contact with the power line and was exposed to 7,200 volts of electricity. He was killed by electrocution.",real,True,sha256:9dc64febec01c93d775dd15a7f2cddb8c9d0ed710f8764fae1e6c52960606e85,174,source_published_annotation,source_published_annotation_unreviewed
128749.015,fall,"Employee #1, employed by a painting company, was performing maintenance painting to the ceiling of a warehouse bay. He was working from a JLG 600AJ Aerial Lift without fall protection and operating spray-painting equipment when he fell, a fall height of 30 feet, and struck the concrete floor. Employee #1 sustained head and body blunt force traumatic injuries and was killed.",real,True,sha256:9dc64febec01c93d775dd15a7f2cddb8c9d0ed710f8764fae1e6c52960606e85,175,source_published_annotation,source_published_annotation_unreviewed
128515.015,struck-by,"An employee was working for a firm that constructed highways, streets, and bridges. He was the operator of a combination PS-2700 Power Paver and CMI PS3202 two-track belt placer/spreader. At the time, two maintenance workers were servicing the hydraulic system of the PS-2700 Power Paver's conveyer belt. They were working on the PS-2700 Power Paver's CMI PS3202 concrete conveyor assembly. They had taken the conveyer assembly out of service in an elevated position, because one of its two hydraulic cylinder pistons was displaced from the knuckle attachment. The two maintenance workers were actuating the piston rod into its extended position so that they could temporarily weld the piston to the knuckle case. The maintenance workers could then lower the conveyor belt to the ground, replace the hydraulic cylinders, and return the machine to service. As one maintenance worker was actuating the hydraulic piston, the machine operator was walking next the elevated conveyer belt. As the employee walked under the elevated conveyor system, the hydraulic system failed, and the belt assembly fell unexpectedly. The employee was struck by the falling equipment and was trapped between the belt assembly and the ground. The area around the machine was not marked, and the employee was wearing a high visibility vest. He sustained multiple crushing injuries, and he was killed.",real,True,sha256:9dc64febec01c93d775dd15a7f2cddb8c9d0ed710f8764fae1e6c52960606e85,176,source_published_annotation,source_published_annotation_unreviewed
128692.015,fall,"Employee #1, employed by a plumbing company and subcontracted by a construction company, was performing pipe fitting work at a large steel commercial building that was under construction. He was working from a scissor lift without fall protection and installing a valve when he fell, a fall height of 20 feet, and struck the gravel surface. Employee #1 sustained blunt force traumatic injuries and was killed.",real,True,sha256:9dc64febec01c93d775dd15a7f2cddb8c9d0ed710f8764fae1e6c52960606e85,177,source_published_annotation,source_published_annotation_unreviewed
128438.015,fall,"Employee #1, employed by a construction company, was erecting the framework for a two-story residential structure. The employee, who had no fall protection, was working from the unguarded first floor deck when he fell off the edge. Employee #1 was killed.",real,True,sha256:9dc64febec01c93d775dd15a7f2cddb8c9d0ed710f8764fae1e6c52960606e85,178,source_published_annotation,source_published_annotation_unreviewed
128467.015,struck-by,"Employee #1 and coworkers, a crew employed by a structural steel construction company, were working at a multi-employer construction project, a four-story commercial building. Employee #1 was directing the crew while they set up a jib crane. A storm with lightning was approaching, so three blasts on an alert horn alerted the employees to shut everything down, get off the building, and take cover. Employee #1 approached the crane operator to alert him. An oiler was working at the top of the crane boom to set up the jib. Someone yelled up to the oiler to tell him not to pull the pin. Apparently the oiler misheard and thought he was being instructed to pull the pin, which he proceeded to do. The jib, weighing 6,600 pounds, fell and struck Employee #1. Employee #1 was killed.",real,True,sha256:9dc64febec01c93d775dd15a7f2cddb8c9d0ed710f8764fae1e6c52960606e85,179,source_published_annotation,source_published_annotation_unreviewed
128475.015,struck-by,"Employee #1 and a coworker, employed by a road construction company, were working on a road project. As Employee #1 walked in the middle of the street to access a piece of equipment, the coworker, who was operating a CAT 259D skid loader and backing up while dragging rocks from a pile at the north end of the street, ran over Employee #1. Employee #1 sustained crushing injuries and was killed. Investigation determined that the required back-up alarm was not working.",real,True,sha256:9dc64febec01c93d775dd15a7f2cddb8c9d0ed710f8764fae1e6c52960606e85,180,source_published_annotation,source_published_annotation_unreviewed
128339.015,fall,"Employee #1, the owner of a roofing company, was on the roof of a four-story residence and inspecting the re-roofing work his employees were doing. The owner, who was not using fall protection, fell from the roof, a fall height of approximately 30 feet. The owner sustained blunt force traumatic injuries and was killed.",real,True,sha256:9dc64febec01c93d775dd15a7f2cddb8c9d0ed710f8764fae1e6c52960606e85,181,source_published_annotation,source_published_annotation_unreviewed
128305.015,fall,"An employee was reroofing a 3/12 pitch roof. The employee fell from the pitched roof, approximately 12 feet. No fall protection systems were being utilized while working on the roof. The employee sustained a concussion and fractures to the head and neck and was admitted and treated at the hospital.",real,True,sha256:9dc64febec01c93d775dd15a7f2cddb8c9d0ed710f8764fae1e6c52960606e85,182,source_published_annotation,source_published_annotation_unreviewed
133823.015,fall,"Employee #1, employed by a painting company, was working at a residence. He was working from a ladder jack scaffold with no personal fall protection and scraping paint from the rear of the residence. As he reached out at the end of the scaffold, he lost his footing and fell, a fall height of 12 feet. The employee held onto his scraper as he fell. When the employee hit the ground, the scraper was in a straight up position. Employee #1's throat was impaled by the scraper. The employee was killed.",real,True,sha256:9dc64febec01c93d775dd15a7f2cddb8c9d0ed710f8764fae1e6c52960606e85,183,source_published_annotation,source_published_annotation_unreviewed
127729.015,struck-by,"Employee #1 and a coworker, employed by a commercial surfacing company, were working in an enclosed area on the outside lane of a two-lane highway. They were abrasive blasting old paint beneath a bridge. Jersey-style concrete barriers 2.75 feet high were set up along the edge of the highway work zone. The highway's posted speed limit was 70 mph. After leaving the work zone to take a water break, the two employees began returning to their work area, walking inside and parallel to the concrete barriers. A boom truck drove by. The truck's boom leaf with clam shell bucket was swinging freely and crossed over the concrete barrier. The coworker was able to jump away from the swinging boom leaf. He yelled to warn Employee #1, but Employee #1 was unable to move out of the way. The boom leaf's bucket struck Employee #1 between his ribs and waist. Employee #1 sustained blunt force traumatic injuries and was killed.",real,True,sha256:9dc64febec01c93d775dd15a7f2cddb8c9d0ed710f8764fae1e6c52960606e85,184,source_published_annotation,source_published_annotation_unreviewed
127679.015,struck-by,"Employee #1 and three coworkers, employed by a construction company, were doing excavation work in a landfill excavation shaft at a depth of approximately 35 to 40 feet. Two of the coworkers were operating excavators, while Employee #1 and the third coworker were installing liner plate. The operator of the excavator that had a bucket attached inadvertently hit the excavator's swing control. The bucket, which was approximately 5 feet from the ground, swung and struck Employee #1. Employee #1's skull was fractured, and he was killed.",real,True,sha256:9dc64febec01c93d775dd15a7f2cddb8c9d0ed710f8764fae1e6c52960606e85,185,source_published_annotation,source_published_annotation_unreviewed
127636.015,fall,"Employee #1 and a coworker, employed by a construction company, were removing steel roof panels from the flat roof of a three-story manufacturing building in preparation for installing a new roof. The roof panels measured approximately 1.5 feet wide by 25 feet long. The removal process entailed walking on an aluminum scaffold pick rather than the unsuitable work surface of the roof panels. The two employees were required to use a fall protection system of self-retracting lifelines attached to metal roof swivel anchors, Part Number 390RSA-01, with shock-absorbing lanyards and harnesses, which were provided by the employer. However, when the employees returned to the roof after a lunch break, they did not attach their harnesses to the lifelines. As they lifted a roof panel, one employee at each end of the panel, a gust of wind blew the steel panel onto the employees' legs. Employee #1 lost his balance and fell from the scaffold pick, a total fall height of 35 feet. Employee #1 sustained multiple fractures and blunt force trauma and was killed by the fall.",real,True,sha256:9dc64febec01c93d775dd15a7f2cddb8c9d0ed710f8764fae1e6c52960606e85,186,source_published_annotation,source_published_annotation_unreviewed
127705.015,electrocution,"Employee #1, employed by a roofing company, was attempting to leave the roof of a commercial building when he was struck by lightning. The employee was killed.",real,True,sha256:9dc64febec01c93d775dd15a7f2cddb8c9d0ed710f8764fae1e6c52960606e85,187,source_published_annotation,source_published_annotation_unreviewed
127808.015,fall,"Employee #1, a general laborer employed by a construction company, was clearing debris on the second floor of a three-story townhouse being constructed. The employee fell through an open stairwell that was ineffectively covered by an unsecured sheet of plywood. The employee fell 11 feet and struck the concrete surface of the first floor. He sustained multiple injuries, including a fractured skull with intracranial hemorrhaging, fractured ribs, and a collapsed lung. Employee #1 was killed.",real,True,sha256:9dc64febec01c93d775dd15a7f2cddb8c9d0ed710f8764fae1e6c52960606e85,188,source_published_annotation,source_published_annotation_unreviewed
127539.015,fall,"Employee #1, employed by a construction company, was engaged in the construction of a building at a farm. He was working from the roof's wood trusses and installing 2 by 4 wood purlins when he fell, a fall height of 20 to 22 feet, and struck the concrete floor. Employee #1 was not using any form of fall protection. He was transported to the hospital, where he began receiving treatment for head and back injuries. Employee #1 died at the hospital.",real,True,sha256:9dc64febec01c93d775dd15a7f2cddb8c9d0ed710f8764fae1e6c52960606e85,189,source_published_annotation,source_published_annotation_unreviewed
131205.015,fall,"Employee #1, employed by a roofing contractor, was engaged in roofing repair work at a three-story residence. He was attempting to climb a ladder that was set up improperly, with the ladder's feet sitting on previously removed roofing debris and the ladder braced against a ladder pick. The ladder slipped on the debris, and the employee fell, first landing face down on the porch roof, then rolling off the porch roof and falling into bushes. The employee, who fell a total of 22 feet and sustained a severe cervical spine injury, was killed.",real,True,sha256:9dc64febec01c93d775dd15a7f2cddb8c9d0ed710f8764fae1e6c52960606e85,190,source_published_annotation,source_published_annotation_unreviewed
127319.015,struck-by,"Employee #1, an engineering intern employed by a power line construction company, was inspecting a wood utility pole to determine whether power lines had been transferred from an old pole. The employee was wearing a high visibility vest and positioned on an emergency shoulder approximately 6 feet back from the driving lane. He began walking back to his personal vehicle, a 2019 Dodge Charger equipped with a safety strobe that was flashing yellow. There was no safe work zone established. The driver of a Toyota Highlander, who failed to notice Employee #1, pulled his vehicle off the road, reportedly to check for car problems. The driver struck Employee #1 and dragged him 25 yards along the shoulder. Employee #1 was killed.",real,True,sha256:9dc64febec01c93d775dd15a7f2cddb8c9d0ed710f8764fae1e6c52960606e85,191,source_published_annotation,source_published_annotation_unreviewed
127375.015,struck-by,"Employees #1, #2, #3, and #4, employed by a construction company in the fiber optic communications field, were engaged in an installation of fiber optic lines. They were on the sidewalk next to a public road when a vehicle driven by a drunk driver crossed the median, jumped the curb, and struck the four employees. Employee #1 was killed. Employees #2, #3, and #4 was hospitalized for treatment of their injuries.",real,True,sha256:9dc64febec01c93d775dd15a7f2cddb8c9d0ed710f8764fae1e6c52960606e85,192,source_published_annotation,source_published_annotation_unreviewed
127370.015,fall,"Employee #1, employed by a roofing company, was engaged in roofing work at the site of a one-story residential structure. He was using a personal fall protection system. After removing his fall protection harness and descending from the roof to take a lunch break, he returned to the roof to continue working. Before he could put his harness back on, he tripped over a toeboard and fell, a fall height of 10 feet. Employee #1 sustained a fractured skull and was killed.",real,True,sha256:9dc64febec01c93d775dd15a7f2cddb8c9d0ed710f8764fae1e6c52960606e85,193,source_published_annotation,source_published_annotation_unreviewed
127277.015,fall,"Employee #1, employed by a siding company, was working with a coworker and installing exterior siding for a new multifamily residential structure. They were working from a second floor deck when the guardrail failed. Employee #1, who was not using personal fall protection, fell and was killed.",real,True,sha256:9dc64febec01c93d775dd15a7f2cddb8c9d0ed710f8764fae1e6c52960606e85,194,source_published_annotation,source_published_annotation_unreviewed
126612.015,struck-by,"Employee #1 and a coworker, employed by a construction company, were working inside the work zone of a bridge construction project. Employee #1 was operating a backpack air blower to clear debris on the bridge. An oncoming vehicle driven by a drunk driver knocked down traffic control barrels, entered the work zone, and struck Employee #1. Employee #1 sustained multiple traumatic injuries and was killed.",real,True,sha256:9dc64febec01c93d775dd15a7f2cddb8c9d0ed710f8764fae1e6c52960606e85,195,source_published_annotation,source_published_annotation_unreviewed
130848.015,fall,"Employee #1, employed by a painting company, was painting the exterior of a two-story residence as part of a multiemployer construction project. He was working from a 20-foot extension ladder that was not properly secured when the ladder shifted and fell. Employee #1 fell with the ladder, a fall height of 18 feet, and struck his head on the cement sidewalk. Employee #1 was killed.",real,True,sha256:9dc64febec01c93d775dd15a7f2cddb8c9d0ed710f8764fae1e6c52960606e85,196,source_published_annotation,source_published_annotation_unreviewed
126660.015,struck-by,"Employee #1 and a Coworker, employed by a construction company, were working at a heavy construction project. Employee #1, wishing to speak with his coworker, drove a Polaris General 1000 ATV and parked it 10 to 15 feet from a moving Hitachi ZX350LC-6N excavator being operated by the coworker. The coworker was unable to stop the excavator due to a spray can that had become jammed behind the left travel lever and accelerator pedal. The excavator struck and ran over the ATV's driver side. Employee #1 sustained crushing injuries and was killed.",real,True,sha256:9dc64febec01c93d775dd15a7f2cddb8c9d0ed710f8764fae1e6c52960606e85,197,source_published_annotation,source_published_annotation_unreviewed
125915.015,fall,"Employee #1 was working for a roofing contractor. Employee #1 was installing shingles on a single-story residence while using his fall protection harness, however he did not attach the lanyard. Employee #1 slipped and fell approximately 9 feet to the ground. Employee #1 suffered a head contusion and was hospitalized.",real,True,sha256:9dc64febec01c93d775dd15a7f2cddb8c9d0ed710f8764fae1e6c52960606e85,198,source_published_annotation,source_published_annotation_unreviewed
126615.015,electrocution,"An employee was removing a window at a residence. While removing a window from about 30 feet above ground (3 floors up from ground), the lift got close to the FPL wire and it surged. The employee was electrocuted. The employee sustained various injuries, including a leg amputation. The employee was hospitalized. The lift was too close to the FPL wire which caused it to surge.",real,True,sha256:9dc64febec01c93d775dd15a7f2cddb8c9d0ed710f8764fae1e6c52960606e85,199,source_published_annotation,source_published_annotation_unreviewed
125424.015,electrocution,"An employee, working for an electrical contractor, was installing parallel electrical lines on a 120/240 circuit to upgrade the power to a commercial building. The employer did not ensure power was shut off, instead instructing employees to work on an energized line. The employee was not wearing personal protective equipment including a face shield and connected electrical wires faze to faze causing an arc flash. The employee was hospitalized and treated for electrical arc flash burns to the face.",real,True,sha256:9dc64febec01c93d775dd15a7f2cddb8c9d0ed710f8764fae1e6c52960606e85,200,source_published_annotation,source_published_annotation_unreviewed
126971.015,fall,"An employee, working for a rain gutter contractor, was installing flashing for a gutter installation on the first-floor roof of a two-story residential structure. The employee was not using personal fall protection, lost footing and balance, and fell approximately 10.5 feet to the ground. The employee was hospitalized and treated for a fractured ankle.",real,True,sha256:9dc64febec01c93d775dd15a7f2cddb8c9d0ed710f8764fae1e6c52960606e85,201,source_published_annotation,source_published_annotation_unreviewed
125354.015,fall,"Employee #1, employed by a roofing company, was handling roofing insulation sheets on the roof of a four-story commercial building. He was close to the edge and outside of the warning line when he fell, a fall height of 60 feet. A witness reported that a gust of wind blew Employee #1 off the roof. Employee #1, who sustained traumatic injuries, including to his head, face, and neck, was killed.",real,True,sha256:9dc64febec01c93d775dd15a7f2cddb8c9d0ed710f8764fae1e6c52960606e85,202,source_published_annotation,source_published_annotation_unreviewed
125314.015,caught-in/between,"Employee #1 and a Coworker, employed by a construction company, were engaged in digging a trench for a pipeline. Employee #1 was standing on the conveyor of a shut down Wolfe Man 8000 Trencher and was cleaning dirt from the machine. The coworker, who was the machine operator, caught his shirt on the machine's power lever. The coworker moved and inadvertently pulled the lever to the on position. The wheel of the trencher began to rotate, and Employee #1 was pulled into the wheel and crushed. Employee #1 was killed.",real,True,sha256:9dc64febec01c93d775dd15a7f2cddb8c9d0ed710f8764fae1e6c52960606e85,203,source_published_annotation,source_published_annotation_unreviewed
125113.015,electrocution,"Employee #1 and a coworker, employed by a waterproofing company, were installing waterproofing material under the gutter of a one-story commercial building. They were working from a scissor lift approximately 20 feet above the paved surface. As the work was finishing, the coworker, who was operating the lift, inadvertently backed up the lift instead of lowering it. Employee #1 came into contact with a power line carrying 18,00 volts of electricity. Employee #1 was electrocuted.",real,True,sha256:9dc64febec01c93d775dd15a7f2cddb8c9d0ed710f8764fae1e6c52960606e85,204,source_published_annotation,source_published_annotation_unreviewed
125037.015,struck-by,"Employee #1, a construction flagger, was conducting traffic control during a maintenance and repair project. At this time, an impaired driver drove their vehicle through the work zone and accidentally struck Employee #1, currently working on foot, within the construction site. Afterwards, Employee #1 then sustained blunt force trauma and other severe injuries and was killed.",real,True,sha256:9dc64febec01c93d775dd15a7f2cddb8c9d0ed710f8764fae1e6c52960606e85,205,source_published_annotation,source_published_annotation_unreviewed
130503.015,struck-by,"An employee, a delivery driver, was making a delivery of drywall sheets to the job site. The employee was using a drywall cart to deliver sheets of drywall to the construction location inside the building. The drywall cart had 5 bundles of 10 drywall sheets each on it. The employee was pushing it down a hallway with a coworker, when the load became unbalanced and started to fall over. The product fell off the cart and struck the employee's leg. The load was not secured on the cart, which was the reason that it fell over and struck the employee. The employee had a fractured right leg and was hospitalized.",real,True,sha256:9dc64febec01c93d775dd15a7f2cddb8c9d0ed710f8764fae1e6c52960606e85,206,source_published_annotation,source_published_annotation_unreviewed
125857.015,electrocution,"Employee #1, employed by a construction company, was painting the exterior of an existing two-story multifamily residential structure. As he moved an aluminum extension ladder away from the structure, the wind caught the ladder, and the ladder made contact with a nearby primary electrical power line. Electric current flowed through the ladder to the employee, who sustained an electric shock. Emergency services transported the employee to the hospital, where he was admitted and treatment was begun. Employee #1 died from his injuries.",real,True,sha256:9dc64febec01c93d775dd15a7f2cddb8c9d0ed710f8764fae1e6c52960606e85,207,source_published_annotation,source_published_annotation_unreviewed
124897.015,caught-in/between,"Employee #1 and coworkers, employed by a construction company, were working at the intersection of two roads that had been closed off. Their assignment was to install a 42-inch corrugated plastic pipe approximately 24 feet below the surface. Employee #1 was working at the bottom of the trench and assisting the excavator operator to locate a 6-inch iron water service line that was 90 to 100 years old. A loader was being used to haul and place into the trench loose #53 stone for backfill, and dump trucks were removing spoil material. The old water main pipe broke, and the loose stone backfill on the backside of the excavation gave way and flowed into the trench, filling it with approximately 7 feet of the stone backfill. Employee #1 was caught and engulfed in the stone. A coworker went into the excavation in an attempt to rescue Employee #1 but was not successful. Employee #1 was killed.",real,True,sha256:9dc64febec01c93d775dd15a7f2cddb8c9d0ed710f8764fae1e6c52960606e85,208,source_published_annotation,source_published_annotation_unreviewed
124377.015,caught-in/between,"An employee was unloading material (shingles) at a new construction job site, while replacing a forklift attachment in a truck with a crane. The employee got his left hand into a pinch point, while trying to release a crane hook on the delivery vehicle. The employee suffered a partial amputation of the left middle and ring fingers. The crane and hook, which was spring-loaded, held too much tension and snapped back in the track. The employee was treated without hospitalization.",real,True,sha256:9dc64febec01c93d775dd15a7f2cddb8c9d0ed710f8764fae1e6c52960606e85,209,source_published_annotation,source_published_annotation_unreviewed
125651.015,struck-by,"An employee, working for a contracting company erecting steel at a power plant, was guiding an 18-foot I-beam that was elevated 5 feet and attached by a magnet to the hoisting mechanism of a dedicated pile driver. When the I-beam was being hoisted, the bolt attached to the U-bolt holding the strap/magnet to the hoisting mechanism became disengaged causing the strap/magnet to disconnect from the hoisting mechanism and the I-beam fell to the ground striking the employee's foot. The employee wore safety boots without a metatarsal guard, causing fractures to the right foot in several places. The employee was treated without hospitalization.",real,True,sha256:9dc64febec01c93d775dd15a7f2cddb8c9d0ed710f8764fae1e6c52960606e85,210,source_published_annotation,source_published_annotation_unreviewed
124436.015,caught-in/between,"An employee, working for a framing and carpentry company, was assembling prefabricated walls for use by the construction industry. The employee was operating a compound miter saw that was secured to a table. The employee was in the process of making small blocks of wood from a 4""x6"" board. The employee did not have a power saw large enough for the board being cut and the left hand was cut by the miter saw blade. The employee was hospitalized and treated for amputation of the left-hand index and middle fingers.",real,True,sha256:9dc64febec01c93d775dd15a7f2cddb8c9d0ed710f8764fae1e6c52960606e85,211,source_published_annotation,source_published_annotation_unreviewed
125237.015,caught-in/between,"Employee #1 and Employee #2 were performing framing activities on the fourth floor of an apartment building. Employee #1 and Employee #2 were standing up a full sheathed 12 ?-foot wide by 18 ?-foot long wooden exterior wall. The nails securing the base failed and the bottom section of the wall kicked out, the wall fell down, and Employee #1 and Employee #2 were crushed and trapped under the wall. Employee #1 sustained a compound fracture to his right leg and Employee # 2 fractured their vertebrae. Employee #1 and Employee #2 sustained multiple lacerations and contusions to their backs and legs, and both were hospitalized.",real,True,sha256:9dc64febec01c93d775dd15a7f2cddb8c9d0ed710f8764fae1e6c52960606e85,212,source_published_annotation,source_published_annotation_unreviewed
123698.015,caught-in/between,"Employee #1 and a coworker were engaged in the demolition of a building. Employee #1 was loading steel doors into the dozer bucket attachment of the CAT 252B skid loader operated by the coworker, so the doors could be moved into the dumpster. Employee signaled the operator to lift the bucket. Instead, the operator closed the clamp on the bucket. Employee #1's hand was pinched between the bucket and the steel door, and the end of the middle finger was amputated. Employee #1 received medical treatment but was not hospitalized.",real,True,sha256:9dc64febec01c93d775dd15a7f2cddb8c9d0ed710f8764fae1e6c52960606e85,213,source_published_annotation,source_published_annotation_unreviewed
123551.015,caught-in/between,", an employee was working in an unprotected trench laying power lines when the trench collapsed on him. The employee was hospitalized to treat fractures to both his tibia and fibula.",real,True,sha256:9dc64febec01c93d775dd15a7f2cddb8c9d0ed710f8764fae1e6c52960606e85,214,source_published_annotation,source_published_annotation_unreviewed
123234.015,struck-by,"Employee #1, employed by a construction company, was directing traffic as his coworkers installed a pipe below a road. He was working without wearing high-visibility clothing or using a stop/go paddle, and warning signage was not in place. A motor vehicle struck the employee. He was killed by the impact.",real,True,sha256:9dc64febec01c93d775dd15a7f2cddb8c9d0ed710f8764fae1e6c52960606e85,215,source_published_annotation,source_published_annotation_unreviewed
123235.015,electrocution,"Employee #1, employed by a utility company, was replacing a utility pole. An insulator on the pole failed, resulting in an electric arc. The electric current travelled through Employee #1, who was electrocuted.",real,True,sha256:9dc64febec01c93d775dd15a7f2cddb8c9d0ed710f8764fae1e6c52960606e85,216,source_published_annotation,source_published_annotation_unreviewed
126255.015,caught-in/between,An employee working as a glazier glass contractor was installing glass panels on a residential elevator shaft. The employee was working from the top of the elevator car. The pendant switch operating the elevator malfunctioned and allowed the elevator to keep traveling upward with the employee still on top. The employee was crushed between the car and shaft ceiling. The employee fractured his pelvis and spine and was hospitalized.,real,True,sha256:9dc64febec01c93d775dd15a7f2cddb8c9d0ed710f8764fae1e6c52960606e85,217,source_published_annotation,source_published_annotation_unreviewed
123826.015,fall,An employee was working as a construction laborer applying stucco for a residential construction contractor. The employee was attempting to climb a scaffold at a residential construction site. The scaffolding pulled away from the building causing the employee to fall to the ground below. The scaffold had been improperly built and the employee sustained head injuries. The employee was treated by the fire department onsite and was not transported to a hospital or clinic. The narrative indicates that the employee could not be contacted for a statement and therefore no additional details were available regarding his injuries.,real,True,sha256:9dc64febec01c93d775dd15a7f2cddb8c9d0ed710f8764fae1e6c52960606e85,218,source_published_annotation,source_published_annotation_unreviewed
123726.015,caught-in/between,"Employee #1, employed by a demolition and construction company, was working at the company's facility. He was instructed to pick up two packages being delivered to the front gate by a delivery driver. He entered the cab of a LULL forklift and proceeded toward the gate. While operating the forklift, Employee #1 leaned out of the cab and inadvertently hit the operating controls of the boom lift. The boom lift descended, and the employee became entrapped between the cab and the boom lift. The delivery driver attempted unsuccessfully to lift the boom lift off Employee #1. Emergency services arrived and extricated Employee #1 approximately 45 minutes later. Employee #1 died at the job site.",real,True,sha256:9dc64febec01c93d775dd15a7f2cddb8c9d0ed710f8764fae1e6c52960606e85,219,source_published_annotation,source_published_annotation_unreviewed
126979.015,struck-by,"An employee was performing flagging activities while a coworker was operating a Gradall rough terrain forklift (Model: 554D-10). As the coworker turned out onto the road with the forklift, they struck the employee in the feet and legs, causing him to fall. The coworker stopped the forklift to offer aid to the employee. Factors that contributed to the accident were that the employee did not have training from the employer on flagging tasks, the forklift operator was not current on reevaluation certification, and the time of day was twilight making road conditions harder to see. The employee fractured the right leg and left foot, resulting in hospitalization.",real,True,sha256:9dc64febec01c93d775dd15a7f2cddb8c9d0ed710f8764fae1e6c52960606e85,220,source_published_annotation,source_published_annotation_unreviewed
123872.015,caught-in/between,"An employee was operating a left screed extender on an asphalt paver. The employee's hand was resting on the left remote-control box, and he accidentally bumped the control, causing the extender to extend. The employee's left pinky became caught between the extender and a concrete wall. The employee sustained a partial left pinky amputation at the first knuckle and was treated without hospitalization.",real,True,sha256:9dc64febec01c93d775dd15a7f2cddb8c9d0ed710f8764fae1e6c52960606e85,221,source_published_annotation,source_published_annotation_unreviewed
122294.015,electrocution,"Employees #1 and #2, employed by a railroad, were doing maintenance work in a power plant yard. Employee #1 was working from a ladder and changing fuses on a transformer. He was wearing fire resistant gloves but not rubber gloves. Employee #2, who was wearing a fire resistant coat, was on the ground and holding the ladder. The transformer exploded. Employee #1 was severely burned and electrocuted. Employee #2, whose coat was burned, was transported to the hospital for evaluation. Employee #2, who was not injured, was released without hospitalization.",real,True,sha256:9dc64febec01c93d775dd15a7f2cddb8c9d0ed710f8764fae1e6c52960606e85,222,source_published_annotation,source_published_annotation_unreviewed
122108.015,caught-in/between,"An employee was working for a plumbing, heating, and air conditioning contractor. He was a concrete and terrazzo finisher. He was cleaning the paddles of a concrete mixer by pouring water into it from a 5-gallon (18.9-liter) bucket. The mixer was attached to a Kubota Model SVL 95-2S track loader, with serial number 427072J01820. The mixer was used regularly or almost every day, and all employees cleaned it. The employee's left foot was resting on the mixer's discharge port gate. The gate's opening was 6 in. wide, 6 in. long, and about 3 in. deep (150 mm wide, 150 mm long, and about 75 mm deep). As the employee was dumping the last bucket of water into the mixer, his foot slid into the port. His foot became caught in the mixer paddles, and all five toes of his left foot were amputated. He was hospitalized. During an inspection, it was learned that employees were taught by both the firm's owner and the firm's lead trainer to clean the mixer with the exhaust gate open. Doing so allowed dirty water to drain from the mixer as clean water was poured in, despite the hazards associated with cleaning the mixer while the port is open. The firm's owner, in an interview, said that he had been cleaning the mixer that way since he acquired it and that he never told the employees not to put any part of their bodies in the open gate port while the mixer was running.",real,True,sha256:9dc64febec01c93d775dd15a7f2cddb8c9d0ed710f8764fae1e6c52960606e85,223,source_published_annotation,source_published_annotation_unreviewed
122216.015,struck-by,"An employee was working as a structural metal worker for a structural steel and precast concrete contractor. He was erecting structural steel on a project of new work on or an addition to a hotel. The employee was part of a group of iron workers. They were working in the building's basement. A 30-foot tall (9.1-meter-tall), 14- or 14.5-inch-wide (356- or 368-mm-wide) column had been placed on a column pad. It was secured with three 1-1/2-inch (1.5-inch, or 38-mm) anchor bolts. There had been a fourth anchor bolt, but it had been broken off. Of the remaining anchor bolts, one had been cut off and rewelded in the field. The iron workers were connecting a horizontal beam to the freestanding column, which was held to the pad by only the three bolts. As the workers lowered the beam it got stuck and would not slide down in place. They began to pull the beam out to get a better angle for putting the beam into place. As they pulled the beam out, the column bolts broke off from the pad. The employee was straddling an adjacent beam, connecting the column to a support brace. The column fell into the beam that the employee was straddling. The column struck the employee's leg as it slid across the beam. The employee was knocked off the beam. His leg was struck either by the column or the beam as the column or beam fell past him. His femur was fractured. He was hospitalized. There were no guys or bracing in place (such as outlined in 1926.755(a)(4)) to keep the column erect and/or stabilized. The column was not adequately supported while the beam was being set in place. The violation was noted on or.",real,True,sha256:9dc64febec01c93d775dd15a7f2cddb8c9d0ed710f8764fae1e6c52960606e85,224,source_published_annotation,source_published_annotation_unreviewed
125828.015,caught-in/between,"Two employees were working for a framing and drywall contractor. They were working at a multi-employer site. They were carpenters, part of a project of new work on or an addition to a six-story building, a hotel. They were installing bracing on the underside of a roof section that was suspended in the air from a crane. The roof section was 32 feet, 3 inches wide and 32 feet, 3 inches long (9.8 meters by 9.8 meters). It weighed 10,000 lbs. (4,500 kg). Four landscape timbers were being used as the rigging to lift the roof section. The landscape timbers had been run along the top chord of cold steel formed metal trusses, with no rigging securely holding the roof section in place. The landscape timbers had not been inspected. The load had not been rigged by a qualified rigger. The landscape timbers broke under the weight of the roof section, and the roof section fell from the crane. The roof section crushed the two employees They suffered fractures in the pelvis, legs, feet, and vertebrae. They were hospitalized. Investigation number 125828 brought up four entities, each with its own inspection number. Brevard Framing and Drywall, LLC had inspection number 1447010. PINKERTON & LAWS OF FLORIDA INC. had inspection number 1447025. Spinning Crane Works LLC had inspection number 1447030. AGUILA CONTRACTOR, LLC had inspection number 1472292. This account was based on the details for Brevard Framing and Drywall, LLC.",real,True,sha256:9dc64febec01c93d775dd15a7f2cddb8c9d0ed710f8764fae1e6c52960606e85,225,source_published_annotation,source_published_annotation_unreviewed
122833.015,caught-in/between,"Employee #1 was a construction laborer on the night crew, working as a fulltime employee for this employer. Employee #1 was standing alongside and under the G&Z paving machine, working in his required position when the paving machine is in operation and moving. Employee #1 was directly engaged in the operation of operating controls and levers to distribute the concrete from the ground to side to side. Employee #1 was on a crew laying down a stretch of lean base coat concrete (LBC), and the G&Z machine in this configuration runs faster than the other configurations. When the machine is set up in LBC mode, it runs approximately 15 feet/minute. The G&Z slip paving machine was operating without one of the mechanical drive guards in place. The employer took it off and had been running it this way for a while. Employee #1 was aware the guard was removed and questioned his supervisor but continued his duties. Employee #1 sustained an amputation to his big toe on the right foot. Employee #1 was hospitalized.",real,True,sha256:9dc64febec01c93d775dd15a7f2cddb8c9d0ed710f8764fae1e6c52960606e85,226,source_published_annotation,source_published_annotation_unreviewed
125370.015,struck-by,"An employee working as a carpenter for a residential remodeler was working on a residential construction site. The employer has only 1 to 2 employees. The employee was repairing side panels on the south side of a house on a narrow walkway. A scaffold had been erected in the walkway, which was approximately three feet wide. The employee was using a nail gun when he stood up with his finger on the trigger. The employee inadvertently hit the trigger causing the nail gun to eject a nail into his left leg. The employee was experienced using nail guns. He was treated at the hospital and released on the same day.",real,True,sha256:9dc64febec01c93d775dd15a7f2cddb8c9d0ed710f8764fae1e6c52960606e85,227,source_published_annotation,source_published_annotation_unreviewed
126745.015,caught-in/between,"An employee was working as a construction laborer for a landscaping architectural service. He was moving a wheelbarrow full of dirt. He lost his balance and fell onto a steel rebar. The rebar was capped with a cap that was not approved, designed, or intended for protection from impalement. The cap broke. Employee was punctured and impaled in his groin. He was hospitalized.",real,True,sha256:9dc64febec01c93d775dd15a7f2cddb8c9d0ed710f8764fae1e6c52960606e85,228,source_published_annotation,source_published_annotation_unreviewed
121680.015,caught-in/between,An employee working as a City Sewage Treatment Plant Operator was installing 8-inch PVC sewer line in a trench. A trench box was available since the trench was approximately 6 feet deep but it was not being used. The sidewall of the trench collapsed on the employee striking the employee and crushing him. The employee fractures all the ribs and sustained injuries to his lung on the right side of his body and was hospitalized.,real,True,sha256:9dc64febec01c93d775dd15a7f2cddb8c9d0ed710f8764fae1e6c52960606e85,229,source_published_annotation,source_published_annotation_unreviewed
125407.015,struck-by,"An employee working as a construction laborer for a water and sewer pipeline contractor was operating a SkilSaw Model SPT77W worm drive circular saw. The employee was using the saw to cut wedges from a 2-inch by 4-inch board. The employee had worked for the employer for approximately 8 years at the time. The employee is the foreman for the crew that included himself and five coworkers, three of which were laborers and two who were superintendents directing work at the site. The employee was kneeling while holding the board with one hand and the saw with his other hand. He was cutting his third wedge when the saw kicked back and struck his left hand. The employee stated that the board was approximately 1.5 feet long at the time and that he was using a couple pieces of the lumber to lean the work piece on while cutting the wedges. The employee had not secured the wood to a stable platform. The employee sustained fractures, contusions and lacerations to his hand and fingers and was hospitalized.",real,True,sha256:9dc64febec01c93d775dd15a7f2cddb8c9d0ed710f8764fae1e6c52960606e85,230,source_published_annotation,source_published_annotation_unreviewed
125941.015,struck-by,"An employee was working as a construction laborer for a structural steel and concrete contractor. The employee was working with a coworker using a powered industrial vehicle (PIV) to pull a rebar cage off a truck. The employee was holding a tag line for the suspended load. The cage became lodged and as they tried to dislodge the load and it broke free. The load was unbalanced, unbraced and not secured causing it to land on the employee. The employee was struck in the head and does not recall what happened. The employee was taken to the hospital via ambulance. He was admitted that day and was released. The employee self-reported that he sustained head trauma and a fractured right foot and toe. The information collected in the narrative is from a third-party information.",real,True,sha256:9dc64febec01c93d775dd15a7f2cddb8c9d0ed710f8764fae1e6c52960606e85,231,source_published_annotation,source_published_annotation_unreviewed
125381.015,caught-in/between,"An employee was performing framing and cutting work on a new residential construction project. The employee was using a Skilsaw portable powered circular hand saw (model SPT77WML). He was cutting the end of an installed floor joist with one hand on his saw that was positioned on his knee directly. The saw kicked back, and the employee sustained a laceration on his right knee. He was hospitalized.",real,True,sha256:9dc64febec01c93d775dd15a7f2cddb8c9d0ed710f8764fae1e6c52960606e85,232,source_published_annotation,source_published_annotation_unreviewed
121135.015,struck-by,An employee working as a carpenter apprentice for a residential building contractor was working on exterior siding. The employee inadvertently activated the trigger of a nail gun while removing it from her tool belt. The employee then accidentally hit her right foot causing the gun to shoot a nail into her foot. The employee was hospitalized to treat a puncture wound to her foot.,real,True,sha256:9dc64febec01c93d775dd15a7f2cddb8c9d0ed710f8764fae1e6c52960606e85,233,source_published_annotation,source_published_annotation_unreviewed
121564.015,caught-in/between,"An employee working as a laborer for a flooring contractor was using a DeWalt Model #DWE7480 10-inch table saw to cut flooring. The table saw was unguarded and while he was cutting the flooring his hand slipped and came in contact with the blade. The employee partially amputated a finger, requiring hospitalization.",real,True,sha256:9dc64febec01c93d775dd15a7f2cddb8c9d0ed710f8764fae1e6c52960606e85,234,source_published_annotation,source_published_annotation_unreviewed
121365.015,caught-in/between,An employee working for a structural concrete contractor was using a Hilti TE 50 hammer drill on a concrete surface. The drill had a broken chuck causing the employee to catch his left hand between the drill bit and chuck. The employee amputated his pinky finger and was hospitalized.,real,True,sha256:9dc64febec01c93d775dd15a7f2cddb8c9d0ed710f8764fae1e6c52960606e85,235,source_published_annotation,source_published_annotation_unreviewed
121278.015,struck-by,"An employee working as a laborer for an oil and gas pipeline construction contractor was reassembling a manhole cover. The employee was using a DeWalt DWE 4 1/2"" angle grinder with no guard installed and no current ring test. A cup flew off the grinder striking the employee in the hand and knee. The employee broke a finger and sustained an abrasion on his knee, requiring hospitalization.",real,True,sha256:9dc64febec01c93d775dd15a7f2cddb8c9d0ed710f8764fae1e6c52960606e85,236,source_published_annotation,source_published_annotation_unreviewed
120592.015,struck-by,"Employee #1 was driving a BOBCAT, a utility vehicle used to pick up product during a commercial construction project, and inadvertently drove the BOBCAT directly into a parked trailer bed. As a result, Employee #1 sustained blunt force trauma injuries from contact with the parked trailer bed and was killed.",real,True,sha256:9dc64febec01c93d775dd15a7f2cddb8c9d0ed710f8764fae1e6c52960606e85,237,source_published_annotation,source_published_annotation_unreviewed
120728.015,caught-in/between,A crew of five carpenters were installing a roof truss system when the trusses collapsed. The employer did not ensure adequate ground and truss bracing were installed on the single-story wood framed building. The employee was hospitalized to treat unspecified fractures.,real,True,sha256:9dc64febec01c93d775dd15a7f2cddb8c9d0ed710f8764fae1e6c52960606e85,238,source_published_annotation,source_published_annotation_unreviewed
120424.015,electrocution,"Employee #1 was preparing to install a wire reinforcement panel, on top of a concrete block wall, during residential construction. Employee #1 was moving wire reinforcement, within 54 inches, of a 7.2 kV, overhead transmission power line and accidentally, contacted the power line. Employee #1 suffered severe electrical shock, was electrocuted and killed.",real,True,sha256:9dc64febec01c93d775dd15a7f2cddb8c9d0ed710f8764fae1e6c52960606e85,239,source_published_annotation,source_published_annotation_unreviewed
120425.015,electrocution,"Employee #1 was cleaning up the worksite, after installing new exterior cladding (roofing shingles), during residential construction. Afterwards, Employee #1 then carried a ladder, in an extended and upright position, and came within (4 feet) of a high voltage, overhead power line. As a result, a conductive pathway for an (arc-flash) was provided between Employee #1, the ladder and the high voltage, overhead power line and Employee #1 sustained electrical shock (electrocution), after the electrical arc-flash and died instantly.",real,True,sha256:9dc64febec01c93d775dd15a7f2cddb8c9d0ed710f8764fae1e6c52960606e85,240,source_published_annotation,source_published_annotation_unreviewed
119942.015,caught-in/between,"Employee #1 and a coworker, employed by a water and sewer line construction company, were drilling to replace the water lines to houses along a roadway. The Vermeer D10x15 horizontal directional drill's vice clamp needed repair. As the coworker sat on the drill's operator seat, Employee #1 put his hand in the vice to align the clamp. The machine activated and closed the drill clamp on Employee #1's fingers. Employee #1's right index finger was amputated, and the right middle finger was severely lacerated. Employee #1 was hospitalized for treatment of the finger injuries. During the subsequent investigation, it was established that the drill had not been locked out prior to the attempted repair.",real,True,sha256:9dc64febec01c93d775dd15a7f2cddb8c9d0ed710f8764fae1e6c52960606e85,241,source_published_annotation,source_published_annotation_unreviewed
119641.015,caught-in/between,"Employee #1 was working at the site of a multifamily residential structure. He was using a shovel to dig out soil from a trench in preparation for waterproofing. The trench dimensions were 17 feet long by 80 inches wide by 72 inches deep, with a spoil pile of 4 feet placed next to the trench. The employee was working at a depth of 5 feet 6 inches when the side of the trench behind him separated and pinned the employee to the building's foundation wall. No PPE or cave-in protection was being used. Employee # 1 was hospitalized to treat contusions to the legs and hand, hand and knee lacerations, and leg pain.",real,True,sha256:9dc64febec01c93d775dd15a7f2cddb8c9d0ed710f8764fae1e6c52960606e85,242,source_published_annotation,source_published_annotation_unreviewed
124340.015,struck-by,"Employee #1 was operating a Superior manually guided concrete trowel machine (powered, rotating-blade type) at a commercial building job site. The machine was not equipped with the required control or switch, and it began to revolve after the employee removed both hands from the equipment handles. The sharp edge of a handle struck and seriously injured the employee's arm as he attempted to regain control of the machine to stop it. The employee was hospitalized for treatment of the arm injury.",real,True,sha256:9dc64febec01c93d775dd15a7f2cddb8c9d0ed710f8764fae1e6c52960606e85,243,source_published_annotation,source_published_annotation_unreviewed
124254.015,electrocution,"Employee #1, a foreman, and Employee #2, his helper, employed by an electrical contractor, were installing an additional series of circuits and a breaker panel at a plastics factory. The employer had agreed to do the installation while the factory was operating and electrical power was not shut off. Employee #1 was using a hand held, battery powered hand drill to remove panels on the live 480-volt electrical cabinet when an arc flash occurred. Neither employee was using hazard controls or wearing PPE. Employee #1 required hospitalization for burns to his face and right hand and temporary blindness. Employee #1 sustained minor injuries plus possible vision problems but was not hospitalized.",real,True,sha256:9dc64febec01c93d775dd15a7f2cddb8c9d0ed710f8764fae1e6c52960606e85,244,source_published_annotation,source_published_annotation_unreviewed
123365.015,caught-in/between,"Employee #1 and coworkers were installing a new water pipe in a ditch/trench. To stab the pipes together, the employees used a Lift-It continuous round sling, Model RS90W, placed around the open ball end of the pipe and attached to an excavator, although this was not the manufacturer's intended vertical lifting usage for the continuous round sling. As the excavator applied horizontal force to stab the pipes together, the strap slipped, and the water pipe fell. Employee #1 sustained a partial amputation of his right ring finger. He received medical treatment for the amputation and was released without hospitalization.",real,True,sha256:9dc64febec01c93d775dd15a7f2cddb8c9d0ed710f8764fae1e6c52960606e85,245,source_published_annotation,source_published_annotation_unreviewed
120430.015,electrocution,"Employee #1, employed by a renovation company, was engaged in electrical work in the attic of a one-story residence. He had not turned off the electrical power. As he handled an electric wire, he was exposed to live electrical current. Employee #1 was electrocuted.",real,True,sha256:9dc64febec01c93d775dd15a7f2cddb8c9d0ed710f8764fae1e6c52960606e85,246,source_published_annotation,source_published_annotation_unreviewed
122062.015,struck-by,"Employee #1, employed by a construction company, was working at the site of a new one-story commercial building. He was positioning lumber (dunnage) under a bundle of roof trusses that was being set on the ground. The bundle was 85 feet long and weighed 5,000 pounds. The spreader bar used to lift the bundles of trusses, a 3,000-pound steel beam, wasn't connected to the fork lift with the chain. As the load was lowered with the forks angled forward, the load slid off the forks and crashed to the ground, striking the employee. The employee was hospitalized for treatment of multiple fractured ribs and multiple abrasions and bruises to his face, back, and head.",real,True,sha256:9dc64febec01c93d775dd15a7f2cddb8c9d0ed710f8764fae1e6c52960606e85,247,source_published_annotation,source_published_annotation_unreviewed
118959.015,caught-in/between,"An employee was working as a construction laborer for a firm that constructed water and sewer lines and related structures. He and two coworkers were working inside a trench. The employee was digging soil inside the excavation. He was erecting a culvert on an 11-foot-high (3.4-meter-high) vertical dirt wall of the excavation. The excavation was 30 feet long, 12 feet wide, and 11 feet deep (9.1 meters long, 3.7 meters wide, and 3.4 meters deep). The excavation had not been shored, sloped, benched, or fitted with a trench box. No appointed competent person was onsite. No egress had been provided. The dirt wall caved in and struck the employee. The employee was exposed to actual engulfment and a crushing injury for 17 minutes and 59 seconds before a call was made to emergency personnel for rescue. The employee suffered multiple fractures to his right and left arms, multiple fractures to his left leg, and spinal cord injuries. He was hospitalized for two or more days.",real,True,sha256:9dc64febec01c93d775dd15a7f2cddb8c9d0ed710f8764fae1e6c52960606e85,248,source_published_annotation,source_published_annotation_unreviewed
119244.015,struck-by,"Employee #1, employed by a concrete construction company, was working at the site of a new 15-story multifamily residential building. He was using compressed air to clean a concrete pipeline. As he attempted to disengage the fitting of the air hose reducer, which was still under pressure, the reducer struck the employee's forehead just below his hard hat. The employee required hospitalization and treatment of a concussion, a brain bleed, and a forehead laceration.",real,True,sha256:9dc64febec01c93d775dd15a7f2cddb8c9d0ed710f8764fae1e6c52960606e85,249,source_published_annotation,source_published_annotation_unreviewed
119120.015,struck-by,"An employee was working as a construction laborer for a firm that engaged in highway, street, and bridge construction. In this incident, the firm was paving a road surface. The employee was directing traffic at the entrance to and exit of a gas station. An eight-axle truck pulled up. It was pulling a lowboy equipment trailer. It was being driven by an employee of the project's prime contractor. The construction firm's employee climbed up on truck's steps to direct the truck driver on which way to go. She told him to go right, but he told her he had to go left to pick up equipment. When she stepped down, she was struck by the tires of the lowboy equipment trailer as the driver turned left. She suffered bumps and scratches on her head and a concussion. Her left arm was swollen, and she had a hematoma in her left leg. She experienced numbness on the whole left side of her body. She was hospitalized for three days. The employer had not provided advance warning signs or a merging taper for vehicular traffic. Instead, a worker instructed each vehicle's river by voice which way to go. There were two UPAs associated with this investigation. 1488085 was for the paving company. 1424744 was for the contractor.",real,True,sha256:9dc64febec01c93d775dd15a7f2cddb8c9d0ed710f8764fae1e6c52960606e85,250,source_published_annotation,source_published_annotation_unreviewed
118857.015,struck-by,"Employee #1, employed by a construction company, was working at a multiemployer construction project, a two-story cold storage facility. He was directing the installation of cold storage panels to a wall, which involved raising the panels 16 feet with a 55-ton Terex Crane. The panels, each weighing approximately 490 pounds and measuring approximately 49 feet long, 42 inches wide, and 3 inches thick, were attached to the crane by a bail. However, the bail was not properly screwed into one panel, and as that panel was lifted, it came loose and fell. The falling panel struck Employee #1's head. The employee, who was not wearing a hard hat, was killed.",real,True,sha256:9dc64febec01c93d775dd15a7f2cddb8c9d0ed710f8764fae1e6c52960606e85,251,source_published_annotation,source_published_annotation_unreviewed
118894.015,struck-by,"Employees #1 and #2, employed by a framing contractor, were working at a construction project for a new residence. They were on the second floor deck of the residence and unstrapping a load of exterior wall panels weighing approximately 250 pounds each. A gust of wind lifted two wall panels. One struck Employee #1, knocking him down and pinning him to the working surface. The other wall panel struck Employee #2, who fell to ground level. Both employees required hospitalization, Employee #1 for a fractured collarbone, and Employee #2 for multiple fractured ribs.",real,True,sha256:9dc64febec01c93d775dd15a7f2cddb8c9d0ed710f8764fae1e6c52960606e85,252,source_published_annotation,source_published_annotation_unreviewed
118873.015,electrocution,"An employee was working as an electrician for a contractor that installed electrical and other wiring. He was working in a residential condominium's electrical vault. He was installing a cable from two new transformers to a main cabinet. He had not deenergized the main electrical switch. The main cabinet electrical switch was energized at approximately 7.6 kV, according to the firm's president. The employee was working near an RA switch. He was manipulating the cable, getting ready to connect it later. The employee lost control of the cable and grabbed it, but it inadvertently touched the still energized cabinet top. An electric arc flash resulted. In addition to being exposed to the arc flash, the employee received an electric shock from being in direct contact with the energized cable. He suffered burns. He was hospitalized for two or more days. The employee was wearing or using an MSA protective hard hat, safety glasses, a 7005-4 yellow switch stick, type I class 2 Salisbury electrical gloves rated at 17,000 volts with leather protective gloves over the Salisbury gloves, and a flame-resistant shirt. His employer had not provided him with steel toed safety shoes with an EH rating, per the employer's footwear policy, at no cost.",real,True,sha256:9dc64febec01c93d775dd15a7f2cddb8c9d0ed710f8764fae1e6c52960606e85,253,source_published_annotation,source_published_annotation_unreviewed
118590.015,electrocution,"Employee #1, employed by a construction company, was working at the site of a new golf course. He was measuring decorative rock around a lake when lightning struck. Employee #1 was electrocuted.",real,True,sha256:9dc64febec01c93d775dd15a7f2cddb8c9d0ed710f8764fae1e6c52960606e85,254,source_published_annotation,source_published_annotation_unreviewed
118623.015,electrocution,"Employee #1, employed by an electrical services company, was repairing an electric stove inside a one-story residence. He crawled through a crawlspace to reach the metal exhaust vent/duct for the stove. The duct's casing was missing a ground wire, and the duct was energized. As Employee #1 made contact with the duct, he was electrocuted.",real,True,sha256:9dc64febec01c93d775dd15a7f2cddb8c9d0ed710f8764fae1e6c52960606e85,255,source_published_annotation,source_published_annotation_unreviewed
118869.015,struck-by,"Employees #1, #2, #3, and #4, plus two additional coworkers, employed by a construction company, were constructing a new residential structure that included multiple gables. They were attempting to lift a gable wall and position it between two previously erected gables that were approximately 30 feet high by 22 feet wide. The wall was 10 feet high by 16 feet wide and composed of 2-inch by 4-inch wooden boards. A strong wind blew the gable on the right down into the center gable braces, which caused the center gable wall to fall. Employees #1 and #2 were struck and killed. Employees #3 and #4 were also struck. They were transported by emergency services to the hospital for treatment of crushing injuries.",real,True,sha256:9dc64febec01c93d775dd15a7f2cddb8c9d0ed710f8764fae1e6c52960606e85,256,source_published_annotation,source_published_annotation_unreviewed
118621.015,struck-by,"Employee #1 and two coworkers, employed by a construction company, were working in a wooded park. Employee #1 was driving a Yamaha Rhino 660 off-road utility vehicle on a dirt trail, and the three employees were clearing trees that had fallen on the trail. As Employee #1 drove up an incline, a tree limb protruding onto the trail pierced the front of the vehicle's firewall and struck Employee #1 in the stomach. Employee #1 was transported to the hospital and admitted for treatment of internal hemorrhaging and multiple injuries. He died.",real,True,sha256:9dc64febec01c93d775dd15a7f2cddb8c9d0ed710f8764fae1e6c52960606e85,257,source_published_annotation,source_published_annotation_unreviewed
117915.015,struck-by,"Employee #1, a boilermaker, and two coworkers, employed by a refractory services company, were working at a multiemployer construction project, a refinery's tank farm. They were performing maintenance and repairs to a tank's interior floating roof and bottom. They made use of an employed-designed and fabricated jack stand to lift the floating roof inside the tank. The jack stand, which had not been designed to withstand the forces involved in lifting the floating roof, broke. The jack stand's metal top plate, which measured 24 inches by 24 inches and weighed approximately 50 pounds, struck Employee #1's face. Employee #1 sustained traumatic injuries to his face and was killed. The subsequent investigation determined that the employees had not been trained to use the lifting system. In addition, there were no employer records of employees having been trained to work in permit-required confined spaces or environments where exposure to heat-related illness could be reasonably anticipated, such as the interior of the tank where they were working when Employee #1 was killed.",real,True,sha256:9dc64febec01c93d775dd15a7f2cddb8c9d0ed710f8764fae1e6c52960606e85,258,source_published_annotation,source_published_annotation_unreviewed
117799.015,struck-by,"Employee #1 and Employee #2 were working for a pipeline construction company at a city intersection installing a steam manhole. The employees were working in a 20-foot by 20-foot trench box within a 16-foot deep excavation when the Groundforce Shorco 3M Megabrace System failed. The 3M Megabrace System was not installed per the manufacturer's requirements by not having twelve (12) restraining chains in place to support the Megabraces in the event of a mechanical or hydraulic failure. The employees were struck by a support beam at the base of the trench box when the system collapsed. Employee #1 was struck and pushed away from the beam while Employee #2 was pinned underneath the beam. Employee #1 sustained contusions to his arm while Employee #2 broke his right arm. The local Fire Department, Police, and EMS all responded to the site. Both employees were transported to the Hospital, where they were admitted.",real,True,sha256:9dc64febec01c93d775dd15a7f2cddb8c9d0ed710f8764fae1e6c52960606e85,259,source_published_annotation,source_published_annotation_unreviewed
117789.015,electrocution,"Employee #1, employed by an electrical contractor, was engaged in rehabilitation work at a commercial building. He was using fish tape to pull electrical wire in the vicinity of unenclosed electrical cabinets. The power source had not been deenergized, and contact with 480 volts occurred, causing an arc flash. The employee's arm was burned. He was transported to the hospital and admitted for treatment of third degree burns.",real,True,sha256:9dc64febec01c93d775dd15a7f2cddb8c9d0ed710f8764fae1e6c52960606e85,260,source_published_annotation,source_published_annotation_unreviewed
121312.015,struck-by,"Employee #1 and a coworker, after completing a waterproofing job at a commercial building, were riding unrestrained in the cargo area of a Ford van. The van was not equipped with rear seats and safety belts. Employee #1 was struck by unsecured work tools. He sustained a fractured spine and was paralyzed from the waist down. The employee was transported to the hospital and admitted for treatment.",real,True,sha256:9dc64febec01c93d775dd15a7f2cddb8c9d0ed710f8764fae1e6c52960606e85,261,source_published_annotation,source_published_annotation_unreviewed
117429.015,electrocution,"Employee #1 and coworkers, employed by an electrical contractor, were replacing a deteriorating utility pole and installing a new pole in a residential area. Employee #1 was working from the pole and removing wires and equipment from the pole when he cut into an energized 21 Kilovolt line. The employee was shocked and burned. Power to a secondary line had been de-energized, but the primary lines were energized. His coworkers used an aerial device to rescue Employee #1. He was transported to the hospital and admitted for treatment of electric shock and burns to the hands.",real,True,sha256:9dc64febec01c93d775dd15a7f2cddb8c9d0ed710f8764fae1e6c52960606e85,262,source_published_annotation,source_published_annotation_unreviewed
117191.015,electrocution,"Employee #1, employed by an electrical services company, was engaged in electrical work at a multiemployer job site. After removing a 2-foot by 4-foot florescent light assembly, he was attempting to replace it with a 2-foot by 2-foot LED light assembly. He was holding non-insulated wire strippers, apparently to strip insulation from a live wire that was carrying 227 volts. Employee #1 was electrocuted.",real,True,sha256:9dc64febec01c93d775dd15a7f2cddb8c9d0ed710f8764fae1e6c52960606e85,263,source_published_annotation,source_published_annotation_unreviewed
117574.015,struck-by,"An employee was working at a residential construction site as a laborer for a landscaping company (subcontractor) loading tools into a rented Marksman trailer attached to a work truck. It was the end of the work day and a coworker (foreman) drove the truck away without checking the trailer first. The trailer ramps were not secured with the pin and the employee fell approximately 13 feet off the trailer to the blacktop when the coworker drove the truck around a corner. In addition to striking the pavement, the employee was also struck in the head by the trailer. The employee incurred a swollen brain, skull fracture, broken ribs, back abrasions and a swollen eye and was hospitalized.",real,True,sha256:9dc64febec01c93d775dd15a7f2cddb8c9d0ed710f8764fae1e6c52960606e85,264,source_published_annotation,source_published_annotation_unreviewed
120362.015,electrocution,"Employee #1, employed by a roofing contractor, was inspecting a residential rooftop to determine the size/scope of work. The employee contacted the energized, uninsulated electric power lines at the weatherhead and sustained an electric shock. The employee was transported to the hospital and admitted for treatment.",real,True,sha256:9dc64febec01c93d775dd15a7f2cddb8c9d0ed710f8764fae1e6c52960606e85,265,source_published_annotation,source_published_annotation_unreviewed
117060.015,struck-by,"Employee #1, employed by a road and bridge construction company, was driving a water truck at a paving project. The truck brakes failed, and the employee jumped from the truck and was run over. The truck went over a cliff. The employee was transported to the hospital and admitted for treatment of fractures to the leg and pelvis.",real,True,sha256:9dc64febec01c93d775dd15a7f2cddb8c9d0ed710f8764fae1e6c52960606e85,266,source_published_annotation,source_published_annotation_unreviewed
116744.015,electrocution,"Abstract: Employee #1, employed by an electrical services company, was working from an aerial lift and attempting to remove a grounding lead from an electrical transmission line. He used his gloved hands rather than the hot stick that had been provided. Employee #1 received a fatal electrical shock through his gloves.",real,True,sha256:9dc64febec01c93d775dd15a7f2cddb8c9d0ed710f8764fae1e6c52960606e85,267,source_published_annotation,source_published_annotation_unreviewed
121644.015,electrocution,"Employees #1, #2, and #3, employed by an electrical contractor, were dismantling and removing electrically powered yard dying equipment from a closing factory. To remove large gauge copper electrical wiring from an electrical panel, Employee #1, the supervisor, used a hand-held battery powered grinder with a cutting wheel installed. The covers had been removed and the power had not been disconnected/secured. During the cutting, live electrical wires containing different phases of power came into contact with each other and created a phased electrical arc flash and explosion. The employees were transported to the hospital for treatment of electrical burns. Employee #1, who received the bulk of the arc flash, was hospitalized for treatment of severe burns to his upper body and arms. Employees #2 and #3 sustained minor to moderate burn injuries. They were treated and released without hospitalization.",real,True,sha256:9dc64febec01c93d775dd15a7f2cddb8c9d0ed710f8764fae1e6c52960606e85,268,source_published_annotation,source_published_annotation_unreviewed
116832.015,electrocution,"Employee #1, employed by an electrical contractor, was working at a commercial building, terminating wires in an electrical panel. The electrical panel was not de-energized. An arc flash occurred, and the employee was severely burned. The employee was transported to the hospital and admitted for treatment of second and third degree burns over 55% to 65% of his body.",real,True,sha256:9dc64febec01c93d775dd15a7f2cddb8c9d0ed710f8764fae1e6c52960606e85,269,source_published_annotation,source_published_annotation_unreviewed
117430.015,struck-by,"Employee #1, employed by a road construction company, was part of a crew that had completed the day's paving work and was picking up the traffic cones. The employee attempted to climb into the pickup truck bed. The tailgate came loose and opened, and the employee fell back onto the street and was struck by the towed arrow board. The employee was transported to the hospital and admitted for treatment of a fractured right arm.",real,True,sha256:9dc64febec01c93d775dd15a7f2cddb8c9d0ed710f8764fae1e6c52960606e85,270,source_published_annotation,source_published_annotation_unreviewed
117029.015,struck-by,"Employee #1, employed by a plumbing contractor, was connecting a Shark Bite Coupling onto the existing release valve for a large boiler tank. Employee #1 was wearing safety glasses, protective gloves, protective shoes, and fire resistant pants. The corroded top of the boiler unit and pipe came off when the employee was installing a pipe coupling for safety purposes to redirect the hot pressurized water below the tank. The employee was struck by hot pressurized water, stepped down from the ladder he was using, and was transported to the hospital. He was hospitalized for treatment of second degree burns across 20 percent of his body including chest, upper arms, and upper legs.",real,True,sha256:9dc64febec01c93d775dd15a7f2cddb8c9d0ed710f8764fae1e6c52960606e85,271,source_published_annotation,source_published_annotation_unreviewed
120287.015,struck-by,"Employee #1, employed by a plumbing contractor, was engaged in maintenance and rehabilitation work at a multifamily residential building. He was cutting copper pipes to install ball valves while taking out the gate valves. The employee was operating a Ridgid Sawzall (R8642 Gen5X) cordless reciprocating saw and was cutting a copper pipe. The stressed copper pipe caused the sawblade to kick back, striking the employee and causing a deep laceration on his left wrist. The employee required hospitalization for treatment of the wrist laceration.",real,True,sha256:9dc64febec01c93d775dd15a7f2cddb8c9d0ed710f8764fae1e6c52960606e85,272,source_published_annotation,source_published_annotation_unreviewed
121637.015,struck-by,An employee was installing a metal I-Beam for an automatic feed system when the safety latch on the hook failed to secure the strap. The employee incurred skull and arm fractures and was hospitalized.,real,True,sha256:9dc64febec01c93d775dd15a7f2cddb8c9d0ed710f8764fae1e6c52960606e85,273,source_published_annotation,source_published_annotation_unreviewed
116346.015,struck-by,"Employee #1 and a coworker, employed by a concrete construction company, were paving a parking lot at a multiemployer construction project. The coworker was operating a concrete pump truck, and Employee #1 was operating an end hose connected to the truck. The truck was set on ground and cribbing incapable of supporting the truck's outriggers. During concrete pouring, the outriggers on the load-bearing pouring side sank into the ground, the pump truck tipped over, and the truck's steel boom struck Employee #1 in the head and shoulder. Employee #1 sustained multiple blunt force injuries and was killed.",real,True,sha256:9dc64febec01c93d775dd15a7f2cddb8c9d0ed710f8764fae1e6c52960606e85,274,source_published_annotation,source_published_annotation_unreviewed
117233.015,struck-by,"Employees #1 and #2, employed by a steel erection company, were working at grade at a multiemployer construction project, a new eight-story commercial building. They were preparing materials for erection. A pallet loaded with 144 vertical 2-inch angle iron posts, with a total weight of approximately 2, 340 pounds, had been placed on unsecured decking on the building's second floor. The pallet fell through the decking and struck both employees. Employee #1 was killed when crushed by the falling material. Employee #2 survived. He was transported to the hospital, treated for abrasions and contusions, and released.",real,True,sha256:9dc64febec01c93d775dd15a7f2cddb8c9d0ed710f8764fae1e6c52960606e85,275,source_published_annotation,source_published_annotation_unreviewed
116122.015,struck-by,"Employee #1, employed by a dozer company, was working at a multiemployer construction project, an excavation landfill. He was walking toward the dozer when he was struck by falling tree branches. Emergency services transported Employee #1 to the hospital, where he died from his injuries. It was determined that Employee #1 had not been wearing a reflective safety vest when he approached the dozer.",real,True,sha256:9dc64febec01c93d775dd15a7f2cddb8c9d0ed710f8764fae1e6c52960606e85,276,source_published_annotation,source_published_annotation_unreviewed
115739.015,electrocution,"Employee #1, employed by a highway construction company, was using an Extech 430 Multi Meter to perform a diagnostic test on a 480 volt 50 amp circuit ITE circuit breaker that was not functioning in an emulsion tank electrical panel. When the employee touched the positive and negative test leads of the meter to the power supply side of the circuit breaker, an arc flash occurred. The arc flash burned the test leads of the meter and the tops of multiple fingers on the employee's hands. The employee, who had not been wearing personal protective equipment, was transported to the hospital, where he was admitted for treatment of the burns.",real,True,sha256:9dc64febec01c93d775dd15a7f2cddb8c9d0ed710f8764fae1e6c52960606e85,277,source_published_annotation,source_published_annotation_unreviewed
114588.015,struck-by,"Employee #1, employed by a tile company, was engaged in interior tile work at a new residential structure. He turned on the tile grinder. Before any work began, the grinder exploded and sent shrapnel from the stone wheel into the employee's face. Employee #1, who was not wearing a face shield, sustained a severe facial laceration. Emergency services transported the employee to the hospital, where he was admitted and received treatment that included several stitches needed to close the laceration.",real,True,sha256:9dc64febec01c93d775dd15a7f2cddb8c9d0ed710f8764fae1e6c52960606e85,278,source_published_annotation,source_published_annotation_unreviewed
114328.015,electrocution,"Employee #1 and a coworker were engaged in a cable television wiring installation at a new building. Employee #1 was working from a non-insulating bucket truck and pulling strand as his coworker worked from the ground. The strand kept getting caught in trees and vegetation. Employee #1, in frustration, threw up his hands, and his hands came into contact with high voltage electrical transmission lines. Employee #1 caught on fire sustained a fatal electric shock. His coworker was not injured.",real,True,sha256:9dc64febec01c93d775dd15a7f2cddb8c9d0ed710f8764fae1e6c52960606e85,279,source_published_annotation,source_published_annotation_unreviewed
114557.015,electrocution,"Employee #1 and coworkers, employed by an electrical contractor, were removing a metal streetlight pole. As a crane lifted the pole off its bolts in the foundation plate, Employee #1 used his hands to guide and stabilize the pole. During this lifting process, the metal pole rotated and came close - approximately 6 feet - to a 12.5-kilovolt distribution line. An electric arc flash occurred. The metal pole became energized, and the electric current, on its path to ground, crossed through the body of Employee #1. Emergency services transported Employee #1 to the hospital, where he was admitted and treated for electric shock and burns.",real,True,sha256:9dc64febec01c93d775dd15a7f2cddb8c9d0ed710f8764fae1e6c52960606e85,280,source_published_annotation,source_published_annotation_unreviewed
114510.015,electrocution,"Employee #1, employed by an electrical contractor, was working at a multiemployer project, the renovation of an office building. He was taking measurements to determine the amount of wire needed to run wire into an electrical panel. When the employee attempted to replace the cover for the upper section of the panel, the cover did not seat properly. The cover fell into the panel and struck energized equipment inside. An arc flash ensued, and Employee #1's face was burned. Emergency services transported the employee to the hospital, where he was admitted and treated for first and second degree burns to his face.",real,True,sha256:9dc64febec01c93d775dd15a7f2cddb8c9d0ed710f8764fae1e6c52960606e85,281,source_published_annotation,source_published_annotation_unreviewed
111441.015,electrocution,"An employee was working for a manufacturer of sheet metal work. He was receiving a piece of metal flashing from a worker on the ground. As he was receiving the metal flashing, a gust of wind blew the flashing into an overhead power line. The line was energized at 19 kilovolts (kV). The employee sustained an electric shock. He was hospitalized for two or more days.",real,True,sha256:9dc64febec01c93d775dd15a7f2cddb8c9d0ed710f8764fae1e6c52960606e85,282,source_published_annotation,source_published_annotation_unreviewed
115601.015,electrocution,"Employee #1, a superintendent employed by a construction company, was engaged in electrical work at a seven-story hospital. He was tracing an electrical line for an x-ray ""in use"" light fixture in an above-ceiling crawlspace. He had recently tested the wiring and was aware it was energized. As the employee proceeded with tracing the line without de-energizing the circuit, he received an electric shock from 277/480-volt energized conductors. The employee lost consciousness. Firefighters and emergency medical technicians arrived but were delayed from providing services for approximately 10 minutes while the electricity to the area was turned off. They then extracted the employee through an 18-inch access hatch. The employee required hospitalization for approximately one month.",real,True,sha256:9dc64febec01c93d775dd15a7f2cddb8c9d0ed710f8764fae1e6c52960606e85,283,source_published_annotation,source_published_annotation_unreviewed
108989.015,fall,"Employee #1, employed by an HVAC services company, was attempting to service an HVAC unit in the attic of a single family residence. He was using a 10-foot Type IA Louisville Aluminum A-frame ladder to access the attic entry, although the distance from floor to entry was 12 feet, exceeding the ladder's height. The employee climbed the ladder and then jumped up from the ladder's top cap into the entry opening. He became wedged in the opening, and then slipped out and fell to the floor, a fall height of 12 feet. The employee was transported to the hospital, admitted, and treated for a head laceration.",real,True,sha256:9dc64febec01c93d775dd15a7f2cddb8c9d0ed710f8764fae1e6c52960606e85,284,source_published_annotation,source_published_annotation_unreviewed
113362.015,fall,"Employee #1 and a Coworker, employed by a framing construction contractor, were working on the construction of three houses. The coworker, who was foreman and forklift operator, instructed Employee #1 to climb onto the JLG Telescopic Forklift, Model G10-55A, Serial Number 2015103-01, and ride it up to remove the outriggers from the three houses. During this operation at the second house, Employee #1 was lifted to the roof, where he removed two wooden planks from the roof and placed them onto the fork blades, to be used as a work platform. Employee #1 then stood on the two wooden planks and was lowered approximately 5 to 8 feet below the roof eaves to remove the outriggers. As he removed two outriggers, the forklift moved backward and jerked. Employee #1 lost his balance and stepped onto the plank beyond the fork blade. The plank tipped over, and Employee #1 fell, a fall height of approximately 15 feet. Employee #1 was transported to the hospital and admitted for treatment of injuries to his left femur (thighbone), left arm, left wrist, right arm, right wrist, and his back.",real,True,sha256:9dc64febec01c93d775dd15a7f2cddb8c9d0ed710f8764fae1e6c52960606e85,285,source_published_annotation,source_published_annotation_unreviewed
115727.015,struck-by,"Employee #1, employed by a concrete construction company, was engaged in construction of concrete parking structures. He was handling the rubber hose, 4-5 inches in diameter, that is used to deliver concrete slurry from a concrete boom truck to the pour location. As pumping resumed after a down time, there was a surge in the hose line as a clog cleared, and the hose whipped violently due to the release of energy/pressure that had built up. The hose struck the employee on the left side of his head, then whipped back and struck and fractured his right clavicle/shoulder bone. The employee was transported to the hospital and admitted for treatment of the fractured shoulder.",real,True,sha256:9dc64febec01c93d775dd15a7f2cddb8c9d0ed710f8764fae1e6c52960606e85,286,source_published_annotation,source_published_annotation_unreviewed
108784.015,struck-by,"An employee was in a trench trying to fit a 2,000 pound drain pipe into a manhole guided by a track hoe. At some point, the track hoe operator released tension on the chains used to guide the pipe allowing the pipe to swing around and strike the employee. The employee received a pelvis fracture and bladder rupture and was hospitalized.",real,True,sha256:9dc64febec01c93d775dd15a7f2cddb8c9d0ed710f8764fae1e6c52960606e85,287,source_published_annotation,source_published_annotation_unreviewed
108517.015,fall,An employee was installing a roof on a single residential home that was being constructed. The employee had not connected his fall protection system to the roof and fell from the roof while installing the anchor plate. The employee was killed.,real,True,sha256:9dc64febec01c93d775dd15a7f2cddb8c9d0ed710f8764fae1e6c52960606e85,288,source_published_annotation,source_published_annotation_unreviewed
109421.015,fall,"Employee #1, employed by a concrete construction company, was working at a multiemployer construction project, a new four-story commercial building. He was working from a ladder made onsite and performing carpentry work in preparation for installing concrete forms. Employee #1 leaned back and fell from the ladder, a fall height of approximately 5 feet. He was transported to the hospital, where he was admitted and treated for fractures to eight ribs.",real,True,sha256:9dc64febec01c93d775dd15a7f2cddb8c9d0ed710f8764fae1e6c52960606e85,289,source_published_annotation,source_published_annotation_unreviewed
108668.015,fall,"Employee #1 was performing maintenance/repair activities, adding sheath to a roof during residential construction. As Employee #1 removed his O-ring clip from his harness to reach for an item, he then fell 19 feet from the second story roof to a concrete/ground landing. Employee #1 fractured his elbow and ankle, He was transported to the hospital and was treated for approximately two days.",real,True,sha256:9dc64febec01c93d775dd15a7f2cddb8c9d0ed710f8764fae1e6c52960606e85,290,source_published_annotation,source_published_annotation_unreviewed
108384.015,fall,"Employee #1, employed by a construction company, was working from a 6-foot scaffold and plastering the exterior of a nine-story building as part of a multiemployer renovation project. He leaned over the scaffold's guardrail, and the scaffold tipped over and fell. Employee #1 fell, a fall height of 5.8 feet, and struck the concrete surface. He was transported to the hospital, admitted, and treated for two fractures to his left ankle.",real,True,sha256:9dc64febec01c93d775dd15a7f2cddb8c9d0ed710f8764fae1e6c52960606e85,291,source_published_annotation,source_published_annotation_unreviewed
108534.015,fall,"Employee #1 and a coworker were standing on A-frame ladders, performing exterior framing and maintenance/repair operations on single family or duplex dwellings, during residential construction. While replacing roofing shingles, on the eyebrow over the entryway, the ladder of Employee #1 somehow tipped over, possibly from being on an uneven surface. Employee #1's head then struck the lower concrete walkway, and he then sustained a fractured skull and broken ribs and was hospitalized for approximately two days.",real,True,sha256:9dc64febec01c93d775dd15a7f2cddb8c9d0ed710f8764fae1e6c52960606e85,292,source_published_annotation,source_published_annotation_unreviewed
113407.015,fall,"Employee #1, employed by a roofing contractor, was working on the roof of a one-story commercial building. He was installing a metal frame system to the existing roof as part of a new decking installation. The employee, who was not using fall protection, fell through an unprotected skylight, a fall height of 18 feet, and struck his head against the concrete surface. Emergency services transported the employee to the hospital, where he was admitted for treatment of a fractured skull.",real,True,sha256:9dc64febec01c93d775dd15a7f2cddb8c9d0ed710f8764fae1e6c52960606e85,293,source_published_annotation,source_published_annotation_unreviewed
109638.015,fall,"Employee #1, a carpenter employed by a construction company, was working at a new two-story residential structure, a multiemployer construction project. He was cleaning up at the end of the workday when he fell through a stairway opening that was not properly guarded and struck his head on the concrete floor, a fall height of 14 feet. Emergency services transported the employee to the hospital, where he was admitted and treated for serious head injuries.",real,True,sha256:9dc64febec01c93d775dd15a7f2cddb8c9d0ed710f8764fae1e6c52960606e85,294,source_published_annotation,source_published_annotation_unreviewed
113325.015,fall,"Employee #1, employed by a construction contractor, was engaged in drywall installation and painting for a new two-story residential structure. He was using an unfinished stairway to move from the second floor to the first floor while carrying a tray and work materials. The employee slipped and fell down the stairs, a fall height of 10 feet. Emergency services transported the employee to the hospital, where he was admitted for treatment of a fractured clavicle and multiple rib fractures that required surgery.",real,True,sha256:9dc64febec01c93d775dd15a7f2cddb8c9d0ed710f8764fae1e6c52960606e85,295,source_published_annotation,source_published_annotation_unreviewed
109412.015,fall,"Employee #1, employed by a construction company, was dismantling a scaffold at the job site for a new assisted living facility. He lost balance and fell, and his abdomen was impaled on a piece of uncapped rebar. Emergency services transported the employee to the hospital, where he was treated for the impalement injury.",real,True,sha256:9dc64febec01c93d775dd15a7f2cddb8c9d0ed710f8764fae1e6c52960606e85,296,source_published_annotation,source_published_annotation_unreviewed
108650.015,fall,"Employee #1, a Laborer, was removing hangers from a beam within a single family home remodel in San Diego, CA. At the time of the accident, Employee #1 setup an extension ladder to continue removing the hangers. While using a pry tool, he stood approximately four feet above the cement slab. As Employee #1 leaned left to reach another hanger, the ladder slipped to the side. As a result, Employee #1 then lost his balance, fell from the ladder, and landed on his back on top of a power strip on the ground beneath the ladder. Employee #1 was transported by Emergency Medical Service (EMS) to the hospital and suffered a fractured vertebrae. Afterwards, he was then hospitalized for more than 24 hours.",real,True,sha256:9dc64febec01c93d775dd15a7f2cddb8c9d0ed710f8764fae1e6c52960606e85,297,source_published_annotation,source_published_annotation_unreviewed
112958.015,caught-in/between,"Employee #1, employed by a fire protection systems company, was installing pipes for a system at a customer's location. He was using a foot switch to operate a Ridgid 300 Power Drive Pipe Threading Machine and a Ridgid 918 Groover. Employee #1, who was wearing gloves, reached into the point of operation. The groover moved and crushed the employee's fingers. Employee #1 was transported to the hospital, where he was admitted for treatment of his left hand's crushed and amputated index and middle fingers, and his lacerated ring finger.",real,True,sha256:9dc64febec01c93d775dd15a7f2cddb8c9d0ed710f8764fae1e6c52960606e85,298,source_published_annotation,source_published_annotation_unreviewed
108109.015,fall,"Employee #1, employed by a construction framing company, was working at a multiemployer construction project, a new residential building. He was installing a roof truss when the truss collapsed. Employee #1 fell, a fall height of 14 feet. He was using a personal fall arrest system, but the rope was too long and did not arrest his fall before he hit the ground. Emergency services transported the employee to the hospital, where he was admitted and treated for a fractured left tibia.",real,True,sha256:9dc64febec01c93d775dd15a7f2cddb8c9d0ed710f8764fae1e6c52960606e85,299,source_published_annotation,source_published_annotation_unreviewed
108128.015,fall,An employee was working from a wooden swing stage platform suspended scaffold while completing some masonry repairs around some window openings of a 4-story building. The platform was held in place by a synthetic rope and was raised or lowered by a block and tackle. The employee fell approximately 3 stories when one end of the platform slid down and tilted. The employee was transported to the hospital for treatment of multiple injuries including a fractured ribs with a punctured lung. The employee died.,real,True,sha256:9dc64febec01c93d775dd15a7f2cddb8c9d0ed710f8764fae1e6c52960606e85,300,source_published_annotation,source_published_annotation_unreviewed
111539.015,caught-in/between,"Employee #1, employed by a construction company, was working in the company welding shop. He was operating a drill press, Jet JDP-17MF SN.UNK, to place holes in the ends of 12 pieces of plate steel that measured 8 inches by 2.25 inches by 25 inches. The employee was wearing Radnor polyurethane-coated knit gloves in spite of the danger of entanglement. The employee's left gloved hand became entangled in the drill press, and his left index finger was amputated. The employee was transported to the hospital, where he received treatment for the finger amputation.",real,True,sha256:9dc64febec01c93d775dd15a7f2cddb8c9d0ed710f8764fae1e6c52960606e85,301,source_published_annotation,source_published_annotation_unreviewed
108043.015,fall,"Employee #1, employed by a steel erection company, was installing steel decking on the second floor of a new six-story building. He unhooked his retractable fall protection lanyard, stepped on a piece of unsecured decking, slipped, and fell, a fall height of 12 feet. Emergency services transported the employee to the hospital, where he was admitted and treated for a fractured hip.",real,True,sha256:9dc64febec01c93d775dd15a7f2cddb8c9d0ed710f8764fae1e6c52960606e85,302,source_published_annotation,source_published_annotation_unreviewed
108024.015,caught-in/between,"Employee #1, employed by a construction company, was operating a Luffing Boom Crane in windy conditions. He was taking wind speed readings when the luffing jib failed and the crane collapsed. Emergency services transported the employee to the hospital, where he was admitted and treated for a fractured lumbar vertebra.",real,True,sha256:9dc64febec01c93d775dd15a7f2cddb8c9d0ed710f8764fae1e6c52960606e85,303,source_published_annotation,source_published_annotation_unreviewed
108511.015,electrocution,"Employee #1 was working on a dredging project for a power transmission line, a multiemployer construction project. He was placing pins in an uninsulated power line when he sustained an electric shock of 7,620 kilovolts. The employee was transported to the hospital, admitted, and treated for electric shock.",real,True,sha256:9dc64febec01c93d775dd15a7f2cddb8c9d0ed710f8764fae1e6c52960606e85,304,source_published_annotation,source_published_annotation_unreviewed
112053.015,fall,"Employee #1, employed by a construction company, was engaged in the remodeling of a two-story commercial building owned by the employer. He was tasked with going up to the roof and tying tarps over the air conditioning units, which were near an unguarded skylight. The employee fell through the skylight, a fall height of approximately 13 feet. He was transported to the hospital, where he was admitted and treated for an injured back.",real,True,sha256:9dc64febec01c93d775dd15a7f2cddb8c9d0ed710f8764fae1e6c52960606e85,305,source_published_annotation,source_published_annotation_unreviewed
108134.015,fall,"Employee #1 and a coworker, employed by an insulation contractor, were installing gutters for a new residence. They were using a 6-foot ladder and a 10-foot ladder to access the roof line. As Employee #1 descended the 6-foot ladder, which was set on uneven ground, his foot caught in the third rung, and he fell. Employee #1 was transported to the hospital, admitted, and treated for a fractured ankle.",real,True,sha256:9dc64febec01c93d775dd15a7f2cddb8c9d0ed710f8764fae1e6c52960606e85,306,source_published_annotation,source_published_annotation_unreviewed
108004.015,fall,"Employee #1, a security installation technician, was working from an 8-foot stepladder and installing interior alarm strobes throughout a building being converted to medical offices. He was working with both hands overhead and leaning backward to install electrical boxes when he lost balance, fell a height of 3 to 4 feet, and struck his head on the concrete floor. Emergency services transported the employee to the hospital, where he was admitted and treated for traumatic brain injury.",real,True,sha256:9dc64febec01c93d775dd15a7f2cddb8c9d0ed710f8764fae1e6c52960606e85,307,source_published_annotation,source_published_annotation_unreviewed
110908.015,caught-in/between,"Employee #1 was feeding brush into a wood chipper. The chipper jammed, and without first de-energizing the machine, he tried to clear the jam with his foot. The machine amputated the employee's foot. Emergency services transported the employee to the hospital, where he was admitted and treated for the amputation.",real,True,sha256:9dc64febec01c93d775dd15a7f2cddb8c9d0ed710f8764fae1e6c52960606e85,308,source_published_annotation,source_published_annotation_unreviewed
110422.015,fall,"Employee #1, employed by a waterproofing company, was working at a one-story commercial building. He was working from a 10-foot stepladder that was in the closed position and leaning against an exterior wall. After caulking a joint, the employee began to descend the stepladder. The stepladder, which had been set on uneven ground, slipped. Employee #1 fell, a fall height of 7 feet. He was transported to the hospital and admitted for treatment, including surgery for a fractured lower leg and ankle.",real,True,sha256:9dc64febec01c93d775dd15a7f2cddb8c9d0ed710f8764fae1e6c52960606e85,309,source_published_annotation,source_published_annotation_unreviewed
109602.015,struck-by,"Employees #1 and #2 and a coworker, employed by a construction company, were working at an excavation site associated with power transmission lines. Employees #1 and #2 were laying pea gravel and grading the 5.4 feet deep excavation in preparation for the installation of an electrical vault. They exited the excavation, and then their coworker operated an excavator and finished removing excess pea gravel with the 1.27 cubic foot bucket. The coworker raised the bucket out of the excavation and halted it approximately 5 feet above surface level. Employees #1 and #2 went back down into the excavation to level the remaining pea gravel. The excavator bucket disconnected from the Wedgelock fully automatic quick coupler due to a failure of the I-Lock Safety Knuckle. The bucket dropped 5 feet, hit the top edge of the excavation, and rolled into the excavation and onto the two employees. Emergency services transported the employees to the hospital, where they were admitted. Employee #1 required treatment for a fractured right leg, and Employee #2 required treatment for a fractured left leg.",real,True,sha256:9dc64febec01c93d775dd15a7f2cddb8c9d0ed710f8764fae1e6c52960606e85,310,source_published_annotation,source_published_annotation_unreviewed
108067.015,fall,"Employee #1 and a coworker, employed by a construction company, were engaged in forming work for a multifamily residential building. Employee #1 was helping his coworker cut rebar in a hole. Employee #1 exited the hole, lost his footing, and fell back into the hole. He landed on a piece of uncapped rebar and was impaled through his abdomen. Emergency services transported the employee to the hospital, where he was admitted and treated for the impalement.",real,True,sha256:9dc64febec01c93d775dd15a7f2cddb8c9d0ed710f8764fae1e6c52960606e85,311,source_published_annotation,source_published_annotation_unreviewed
108012.015,electrocution,"Employee #1, employed by a construction company, was finishing a poured concrete floor for a three-story commercial building. The aluminum handle of the bull float he was using apparently came too close to overhead electrical power lines in the alley. The employee sustained an electric shock and electric burns. Emergency services transported the employee to the hospital, where he was admitted and treated for his injuries.",real,True,sha256:9dc64febec01c93d775dd15a7f2cddb8c9d0ed710f8764fae1e6c52960606e85,312,source_published_annotation,source_published_annotation_unreviewed
108136.015,fall,"Employee #1, employed by a roofing company, was engaged in roofing repair work at a commercial facility. The roof was deteriorated, and the employee fell through the roof to the concrete floor. Emergency services transported the employee to the hospital, where he was admitted and treated for a fractured shoulder and a severe head injury.",real,True,sha256:9dc64febec01c93d775dd15a7f2cddb8c9d0ed710f8764fae1e6c52960606e85,313,source_published_annotation,source_published_annotation_unreviewed
111424.015,fall,"Employee #1, a carpenter employed by a construction framing company, was working from a 6-foot ladder inside a two-story residential structure. The ladder was placed in a second floor doorway next to a floor opening that was guarded by railings. As Employee #1 attempted to install a 2 by 4 block of wood between two trusses, he overextended his body away from the ladder and toward a truss that was above the floor opening. Employee #1 fell from the ladder and through the floor opening, a fall height of greater than 15 feet. He was transported to the hospital, admitted, and treated for fractures to multiple ribs, a hip, and his spinal cord.",real,True,sha256:9dc64febec01c93d775dd15a7f2cddb8c9d0ed710f8764fae1e6c52960606e85,314,source_published_annotation,source_published_annotation_unreviewed
113277.015,struck-by,"Employee #1 and a coworker, employed by a drilling company, were drilling a water well. They were using a Speedstar Model SS25SD drill rig, a breakout rig tong, slips, and a breaker bar. Employee #1 was the helper for the coworker, who was operating the drill. In order to save time while breaking pipe from 40 foot sections to 20 foot sections, the drill operator and Employee #1 used a single rig tong (upper tong) and the turn table (rotary table) instead of using both upper and lower tongs to break the pipe section according to the engineered design. During this process of pipe breaking, the cable pulling the rig tong broke. The rig tong swung forward and struck Employee #1, who was standing within the rig tong's swing radius. Employee #1 was thrown onto the breaker bar. When he attempted to pull himself off the breaker bar, he was disemboweled. Emergency services transported the employee to the hospital, where he underwent multiple surgeries to repair internal organs.",real,True,sha256:9dc64febec01c93d775dd15a7f2cddb8c9d0ed710f8764fae1e6c52960606e85,315,source_published_annotation,source_published_annotation_unreviewed
112104.015,fall,"Employee #1, employed by a construction company, was working at a construction project for a 63-story commercial building. He was drilling holes for setting reinforcing steel in formwork. After climbing 2 by 4s nailed into the formwork and reaching an elevation of approximately 4 feet above the floor deck, the employee lost his grip and fell backward onto unprotected vertical rebar protruding from the floor deck. The employee's left thigh was punctured by the rebar. Employee #1 was transported to the hospital, admitted, and treated for the puncture wound.",real,True,sha256:9dc64febec01c93d775dd15a7f2cddb8c9d0ed710f8764fae1e6c52960606e85,316,source_published_annotation,source_published_annotation_unreviewed
107535.015,fall,"Employee #1, employed by a demolition company, was demolishing a canopy over a loading dock, part of a multiemployer construction project. He had excess rope hanging from his fall protection system. The rope became caught in a skid loader, and the employee was pulled off the canopy. He fell and struck the concrete floor. Employee #1 was transported to the hospital, admitted, and treated for a fractured pelvis and a shoulder injury.",real,True,sha256:9dc64febec01c93d775dd15a7f2cddb8c9d0ed710f8764fae1e6c52960606e85,317,source_published_annotation,source_published_annotation_unreviewed
108494.015,fall,"Employee #1, employed by a construction company, was engaged in demolition work at a one-story commercial building. He was standing on a wheeled scaffold platform and removing ductwork. The wheels were not locked. A wheel of the scaffold rolled over a hole in the floor, causing the scaffold to tip over. Employee #1 fell, a fall height of approximately 4 feet. The employee was transported to the hospital, where he was admitted and treated for an unspecified leg injury.",real,True,sha256:9dc64febec01c93d775dd15a7f2cddb8c9d0ed710f8764fae1e6c52960606e85,318,source_published_annotation,source_published_annotation_unreviewed
107642.015,fall,"Employee #1, employed by a construction company, was repairing a hole in the roof of a three-story structure. The roof had a pitch of 2/12. He unfastened his fall protection lanyard and stepped backward. Employee #1 fell from the roof, a fall height of approximately 20 feet. Emergency services transported him to the hospital, where he was admitted and treated for fractures and lacerations to his left arm.",real,True,sha256:9dc64febec01c93d775dd15a7f2cddb8c9d0ed710f8764fae1e6c52960606e85,319,source_published_annotation,source_published_annotation_unreviewed
111214.015,fall,"An employee was walking through the second story near an unprotected floor edge when his foot slipped through the drywall, lost his balance, and fell over the edge. The employee sustained multiple fractures and was hospitalized.",real,True,sha256:9dc64febec01c93d775dd15a7f2cddb8c9d0ed710f8764fae1e6c52960606e85,320,source_published_annotation,source_published_annotation_unreviewed
107268.015,electrocution,"An employee was rigging trusses onto a vehicle mounted crane to be lifted onto a residential structure under construction. After approximately 11-12 trusses were lifted onto the roof, the crane operator moved the load line to a new stack of trusses that were located near an overhead power line. The crane operator dropped the load line into the center of the trusses, inadvertently contacting the crane's boom with the power line. As the crane contacted the power line, the employee grabbed hold of the load line and was electrocuted.",real,True,sha256:9dc64febec01c93d775dd15a7f2cddb8c9d0ed710f8764fae1e6c52960606e85,321,source_published_annotation,source_published_annotation_unreviewed
107460.015,fall,"Employee #1, employed by a construction company, was engaged in forming work at a water and sewer treatment plant. As he was climbing down a form wall, he unhooked his twin turbo lanyards, part of his fall protection system, and put weight on a support bracket. The bracket was not secure, and Employee #1 fell, a fall height of 6 feet. As he fell, he cut his leg on a protruding rebar. Employee #1 was transported to the hospital, admitted, and treated for a laceration to his leg/thigh.",real,True,sha256:9dc64febec01c93d775dd15a7f2cddb8c9d0ed710f8764fae1e6c52960606e85,322,source_published_annotation,source_published_annotation_unreviewed
107542.015,electrocution,"Employee #1, employed by an electrical services company, was replacing a power pole and connecting lines to a new pole. He came into contact with an energized line while not wearing his PPE. The employee sustained an electric shock and burns to his back and both hands. Emergency services transported the employee to the hospital, where he was treated for his injuries.",real,True,sha256:9dc64febec01c93d775dd15a7f2cddb8c9d0ed710f8764fae1e6c52960606e85,323,source_published_annotation,source_published_annotation_unreviewed
107437.015,fall,"Employee #1, employed by a construction company, was engaged in roofing work as part of a multiemployer construction project. He unhooked his lanyard from the anchor point in order to reach an area of the roof he needed to measure. Employee #1 fell, a fall height of approximately 25 feet. Emergency services transported the employee to the hospital. He was admitted and treated for multiple injuries, including fractures to the left ankle, both heels, and his spinal tailbone, and lacerations to his right elbow and head.",real,True,sha256:9dc64febec01c93d775dd15a7f2cddb8c9d0ed710f8764fae1e6c52960606e85,324,source_published_annotation,source_published_annotation_unreviewed
107064.015,struck-by,"Employee #1 and a coworker, employed by a steel erection company, were working at a multiemployer construction project. The coworker, who was tied off to a piece of unsecured formwork, leaned back and fell on top of Employee #1, who was on the ground. Emergency services transported Employee #1 to the hospital, where he was admitted and treated for a fractured hip and fractured ankle.",real,True,sha256:9dc64febec01c93d775dd15a7f2cddb8c9d0ed710f8764fae1e6c52960606e85,325,source_published_annotation,source_published_annotation_unreviewed
107059.015,electrocution,"Employee #1, employed by a concrete construction company, was walking on the ground and operating a roadway paving machine. He was struck with 7,200 volts of electricity from an electric arc that occurred when the raised bed of a tandem dump truck made contact with uninsulated overhead power lines. The employee was transported to the hospital, admitted, and treated for electric shock and electrical burns to his left hand and right foot.",real,True,sha256:9dc64febec01c93d775dd15a7f2cddb8c9d0ed710f8764fae1e6c52960606e85,326,source_published_annotation,source_published_annotation_unreviewed
112132.015,fall,"Employee #1 and coworkers, employed by a construction company, were engaged in steel erection for a four-story commercial building. Employee #1 was welding a decorative structure onto a steel frame when he fell, a fall height of 20 feet, and struck a concrete deck. The employee was wearing his body harness but had not tied off. The employee was transported to the hospital, where he was admitted and treated for a skull fracture and multiple rib fractures.",real,True,sha256:9dc64febec01c93d775dd15a7f2cddb8c9d0ed710f8764fae1e6c52960606e85,327,source_published_annotation,source_published_annotation_unreviewed
108150.015,fall,"Employee #1, employed by a construction company, was engaged in roofing work at a two-story multifamily residential building. The roof had a 6/12 pitch. He was dismantling the old roof while not using fall protection. The employee fell, a fall height of approximately 30 feet. Emergency services transported the employee to the hospital, where he was admitted and treated for injuries to both feet and his lower back.",real,True,sha256:9dc64febec01c93d775dd15a7f2cddb8c9d0ed710f8764fae1e6c52960606e85,328,source_published_annotation,source_published_annotation_unreviewed
106991.015,struck-by,"Employee #1, employed by a construction company, was installing an electrical pole. He was working on the ground when an automobile, with a driver who had fallen asleep, ran through the construction barriers and struck the employee's right leg and foot. Emergency services transported Employee #1 to the hospital, where he was admitted and treated for a fractured foot and ankle.",real,True,sha256:9dc64febec01c93d775dd15a7f2cddb8c9d0ed710f8764fae1e6c52960606e85,329,source_published_annotation,source_published_annotation_unreviewed
107434.015,fall,"Employee #1, employed by a construction company, was working inside a two-story commercial building as part of a multiemployer construction project. He was working from a 5-foot high mobile bakers scaffold and stapling insulation onto a ceiling when he leaned over the scaffold's guardrail. Employee #1 fell, a fall height of 5 feet, and struck the concrete floor. He was transported to the hospital, admitted, and treated for a fractured wrist.",real,True,sha256:9dc64febec01c93d775dd15a7f2cddb8c9d0ed710f8764fae1e6c52960606e85,330,source_published_annotation,source_published_annotation_unreviewed
109418.015,fall,"Employee #1, employed by a window company, was engaged in installation work at the renovation of a three-story commercial building. After moving material and debris from the east side of the roof to the west side, he descended a 3-foot fixed ladder. As he moved off the ladder, he stumbled and placed his foot on top of an unguarded skylight. The skylight gave way, and Employee #1 fell, first striking a stair railing and then hitting the concrete floor, a fall height of approximately 23.7 feet. Emergency services transported the employee to the hospital, where he was admitted and treated for injuries that included a laceration to his head and abrasions to his ribs.",real,True,sha256:9dc64febec01c93d775dd15a7f2cddb8c9d0ed710f8764fae1e6c52960606e85,331,source_published_annotation,source_published_annotation_unreviewed
106888.015,electrocution,"Employee #1, employed by a construction company, was installing an aluminum sheet on top of a gas station canopy. As he handled the metal sheet, it came too close to a high voltage power line. An electric arc ensued, and Employee #1 sustained burns to his hands and an exit wound on his foot. He was transported to the hospital, admitted, and treated for electric shock and burns.",real,True,sha256:9dc64febec01c93d775dd15a7f2cddb8c9d0ed710f8764fae1e6c52960606e85,332,source_published_annotation,source_published_annotation_unreviewed
107590.015,fall,"Employee #1, employed by a construction company, was painting the exterior of an existing two-story multifamily residential building. He was lying down on the roof and leaning over the edge to paint the trim when he lost his balance and fell. Emergency services transported the employee to the hospital, where he was admitted and treated for contusions to his face and arm.",real,True,sha256:9dc64febec01c93d775dd15a7f2cddb8c9d0ed710f8764fae1e6c52960606e85,333,source_published_annotation,source_published_annotation_unreviewed
106785.015,electrocution,"Employee #1, employed by an electrical services company, was working at a multiemployer construction project, the renovation of a commercial building. He was attempting to install a light ballast, believing the circuit he was working on was de-energized. However, the breakers had not been correctly labeled, and the employee received an electric shock. He was transported to the hospital, admitted, and treated for electric shock and burns.",real,True,sha256:9dc64febec01c93d775dd15a7f2cddb8c9d0ed710f8764fae1e6c52960606e85,334,source_published_annotation,source_published_annotation_unreviewed
106691.015,fall,"Employee #1 and coworkers, employed by a roofing company, were engaged in reroofing activities at a three-story commercial building. Employee #1, without using fall protection, was on the low-sloped, unguarded roof and throwing trash down to the ground. He fell, a fall height of 31 feet. Emergency services transported the employee to a local hospital, and he was then flown to a larger hospital due to brain swelling. Employee #1 was admitted and treated for a fractured skull, a ruptured left eye, and memory loss.",real,True,sha256:9dc64febec01c93d775dd15a7f2cddb8c9d0ed710f8764fae1e6c52960606e85,335,source_published_annotation,source_published_annotation_unreviewed
106532.015,fall,"Employee #1 was engaged in reroofing activity at a one-story commercial building. He was moving lumber from a forklift to the roof's peak when he lost his grip on the lumber and, as a result, lost balance. Employee #1 slip down the roof and fell, a fall height of approximately 14 feet. He was wearing a harness connected to a vertical lifeline, but the system did not perform properly, and he hit the ground. Employee #1 was transported to the hospital, admitted, and treated for multiple sprains and contusions to his legs, torso, and arms.",real,True,sha256:9dc64febec01c93d775dd15a7f2cddb8c9d0ed710f8764fae1e6c52960606e85,336,source_published_annotation,source_published_annotation_unreviewed
111796.015,fall,"Employee #1, employed by an HVAC company, was climbing a ladder to access the roof of a two-story residence. The ladder slipped backward, and the employee fell. Emergency services transported the employee to the hospital, where he was admitted and treated for fractures to his elbow and hip. The subsequent investigation report indicated the employee was using the wrong ladder for the task.",real,True,sha256:9dc64febec01c93d775dd15a7f2cddb8c9d0ed710f8764fae1e6c52960606e85,337,source_published_annotation,source_published_annotation_unreviewed
106852.015,struck-by,"Employee #1, employed by a construction company, was pouring concrete for a road paving project. The concrete truck struck debris in the road, causing a tire to explode. Debris from the exploding tire struck Employee #1's chest. Employee #1 was transported to the hospital, admitted, and treated for musculoskeletal chest pain and atrial septal defect (ASD).",real,True,sha256:9dc64febec01c93d775dd15a7f2cddb8c9d0ed710f8764fae1e6c52960606e85,338,source_published_annotation,source_published_annotation_unreviewed
106828.015,fall,"Employee #1, a journeyman plasterer, and coworkers employed by a construction company, were engaged in the construction of a two-story school building. Employee #1 was working from the first tier of a metal scaffold with overlapping, unsecured planks. He was assisting his coworkers during masking/lathing activity. The planks shifted, and Employee #1 fell through the opening created, a fall height of approximately 55 inches. He was transported to the hospital, where he was treated for multiple rib fractures. Employee #1 remained hospitalized, when he died.",real,True,sha256:9dc64febec01c93d775dd15a7f2cddb8c9d0ed710f8764fae1e6c52960606e85,339,source_published_annotation,source_published_annotation_unreviewed
106542.015,fall,"Employee #1, employed by a roofing company, was engaged in roofing activity at a two-story commercial building. As he secured a wet and slippery 6-inch TPO membrane over the edge of the roof deck, he fell, a fall height of 21 feet. Employee #1 at the time was working outside the warning lines and without benefit of fall protection. Emergency services transported the employee to the hospital, where he was admitted and treated for multiple injuries. These included six fractured ribs, a fractured pelvis, a fractured left wrist requiring surgery, bruised lungs, and a head concussion.",real,True,sha256:9dc64febec01c93d775dd15a7f2cddb8c9d0ed710f8764fae1e6c52960606e85,340,source_published_annotation,source_published_annotation_unreviewed
106537.015,fall,"Employee #1, employed by a construction company, was engaged in roofing activity at a new one-story commercial building. He was installing metal roofing panels when he moved to a wet, shaded area. Employee #1, who was not wearing fall protection, slipped and fell from the roof. Emergency services transported the employee to the hospital, where he was admitted and treated for fractured vertebrae and a fractured wrist.",real,True,sha256:9dc64febec01c93d775dd15a7f2cddb8c9d0ed710f8764fae1e6c52960606e85,341,source_published_annotation,source_published_annotation_unreviewed
106395.015,fall,"A work-crew consisting of four employees was setting 40 ft. trusses on a new construction building with a concrete floor. The walls were framed and braced two days prior to the truss work. The crew was setting the trusses from east to west. A mobile crane lifted the trusses into place. Twelve trusses were set on the top-plates and were spaced 4 ft. on center. A 2 in. by 4 in. lateral top chord brace was nailed between each of the trusses on the south side of the structure with one 3 in. 16d nail at each end. Web bracing was nailed to the center of the first two trusses on the east end. Employee #1 was straddling trusses while nailing the lateral boards in place using a hammer and nails. Employee #2 was working on the north wall of the structure, positioning and nailing down the end of the truss. Employee #3 was working on the south wall of the structure nailing down the truss ends. Employee #4 was working on the ground, cutting boards and handing materials up to the other employees. As the crew was setting the thirteen truss in place, a gust of wind came through and tipped ten trusses over to the west. The set trusses were not braced in accordance with the building component safety information and failed. The first two trusses on the east end of the structure stayed up-right. Employee #1 was working from the twelfth truss and fell approximately 14 ft. onto the concrete floor. Employee #1 was not wearing a harness or lanyard while working from the elevated surface, nor was any other form of fall protection used. Employee #1 sustained blunt force trauma to the head and died.",real,True,sha256:9dc64febec01c93d775dd15a7f2cddb8c9d0ed710f8764fae1e6c52960606e85,342,source_published_annotation,source_published_annotation_unreviewed
106625.015,fall,"Employee #1, employed by a construction installations company, was working on the mezzanine level of a commercial building. He was installing metal decking when he stepped backward and fell through an undecked portion to the concrete floor, a fall height of 18 feet. The employee was transported to the hospital and admitted for 48 hours observation for concussion. The investigation determined that the employee had not attached his fall protection lanyard to a horizontal lifeline.",real,True,sha256:9dc64febec01c93d775dd15a7f2cddb8c9d0ed710f8764fae1e6c52960606e85,343,source_published_annotation,source_published_annotation_unreviewed
106529.015,fall,"Employee #1, employed by a construction company, was engaged in reroofing activity at a two-story commercial building. He was walking on the roof when he slipped and fell. The lifeline he was wearing for fall protection broke. Employee #1 was transported to the hospital, where he was admitted and treated for multiple fractures.",real,True,sha256:9dc64febec01c93d775dd15a7f2cddb8c9d0ed710f8764fae1e6c52960606e85,344,source_published_annotation,source_published_annotation_unreviewed
107374.015,fall,"Employee #1, employed by a home builder, was working at an existing two-story residential structure. He was on the balcony, and after removing the railings, he was labeling column trim. Employee #1, who was not using fall protection, fell from the balcony to the ground floor's stone pavers, a fall height of 13.75 feet. Emergency services transported him to the hospital, where he was admitted and treated for multiple injuries, including a fractured skull
Fractures to multiple ribs, vertebrae, and collarbone
And a bruised lung.",real,True,sha256:9dc64febec01c93d775dd15a7f2cddb8c9d0ed710f8764fae1e6c52960606e85,345,source_published_annotation,source_published_annotation_unreviewed
106457.015,electrocution,"Employee #1, employed by an electrical services company, was working on electrical power lines following a power outage. The electrical utility company did not ensure that the power was switched off where the employee was working. Employee #1 received an electric shock and electrical burns. He was transported to the hospital, admitted, and treated for his injuries.",real,True,sha256:9dc64febec01c93d775dd15a7f2cddb8c9d0ed710f8764fae1e6c52960606e85,346,source_published_annotation,source_published_annotation_unreviewed
106271.015,fall,"Employee #1 was engaged in roofing work at a two-story residence. He was applying shingles when he fell and struck the hard dirt surface, a fall height of 20 feet. Emergency services were called, and Employee #1 was transported to the hospital. He was admitted and treated for fall-related injuries. The investigation determined that at some point during the work, the fall protection system Employee #1 was using failed.",real,True,sha256:9dc64febec01c93d775dd15a7f2cddb8c9d0ed710f8764fae1e6c52960606e85,347,source_published_annotation,source_published_annotation_unreviewed
106791.015,fall,"An employee was working for a firm that manufactured custom architectural woodwork and millwork. He was at a jobsite. New residential construction was going up at the jobsite. The firm he worked for was there to install windows. He was a fulltime permanent employee, and he had a supervisor. The employee installed windows and performed other work. At the time of the incident, the employee and his coworkers were installing windows and their components. The employee was at the second level of the new construction of a condominium. He was using a utility bag he carried with him. The bag contained various tools in order to install the window with its component frame. The windows were either 125 by 175 millimeters (5 inches by 7 inches) big or 1.5 by 2.1 meters (5 feet by 7 feet) in size. When the employee stepped out onto a balcony or similar place through a window or window opening from the inside of the condominium, he lost his balance. He tried to hold on to the window or its frame, but he was not able. He fell approximately 4 meters (13 feet) to the ground. He was not using fall protection. The side and edge were not protected. The employee sustained a fracture to a right side rib fracture and a right clavicle fracture. He was transported to Desert Regional Medical Center, where he was hospitalized for five days. After learning of the hospitalization, his employer reported the serious injury to DOSH . The reporting was in compliance with the requirements of T8CCR 342. The DOSH investigator arrived on site. The factors that would have prevented the accident were the employee's use of fall protection and not stepping out. The employer was cited serious accident related violation for 1670(a).",real,True,sha256:9dc64febec01c93d775dd15a7f2cddb8c9d0ed710f8764fae1e6c52960606e85,348,source_published_annotation,source_published_annotation_unreviewed
109472.015,struck-by,"Employee #1 and a coworker, employed by a construction company, were working at the site of a new residential structure. The coworker was operating a crane to set in place an air conditioner condenser. Employee #1 was standing nearby and waiting for the crane operation to be completed. The crane, which did not have its stabilizers fully extended, tipped over, and the boom fell down and struck Employee #1. Emergency services transported Employee #1 to the hospital, where he was admitted and treated for fractures to a wrist, a shoulder, and multiple ribs.",real,True,sha256:9dc64febec01c93d775dd15a7f2cddb8c9d0ed710f8764fae1e6c52960606e85,349,source_published_annotation,source_published_annotation_unreviewed
106331.015,fall,"Employee #1, employed by a construction company, was engaged in roofing activity at a two-story residential structure. As he installed roofing shingles, he slipped and fell, a fall height of 19 feet, and struck a concrete slab at surface. Employee #1 was using fall protection, but the anchor broke and the system failed to protect him. Emergency services transported Employee #1 to the hospital, where he was admitted and treated for fractures to both ankles.",real,True,sha256:9dc64febec01c93d775dd15a7f2cddb8c9d0ed710f8764fae1e6c52960606e85,350,source_published_annotation,source_published_annotation_unreviewed
106290.015,electrocution,"Employee #1, employed by an electrical contractor, was engaged in power line work. A bucket truck was used to lift him to the power lines. Employee #1 grabbed a road phase line with his right hand while his left hand was in contact with a neutral line. He sustained an electric shock of 7,620 volts. Emergency services transported Employee #1 to the hospital, where he was admitted for treatment of electrical burns to both hands, arms, and chest. His left arm required medical amputation half-way up the forearm.",real,True,sha256:9dc64febec01c93d775dd15a7f2cddb8c9d0ed710f8764fae1e6c52960606e85,351,source_published_annotation,source_published_annotation_unreviewed
106174.015,fall,"An employee was working for a roofing and guttering contractor. He and some coworkers were working at a residential structure (a house). They were on the roof, re-roofing the house. The roof had a 10 in 12 pitch. he had come down off the roof, due to rain that had come through the area. After the rain had passed, the employee and his coworkers went back up on the roof to finish the re-roofing job they had started. The employee was not tied off at the time of the incident. He climbed a ladder at the back of the house and climbed up the roof to the peak. As he was walking on the peak of the roof, he lost his footing and slipped on the roof surface. He fell 3.59 meters (11 feet, 9.5 inches) to a concrete patio below. He sustained blunt force trauma to head, and he had developed a large brain bleed, or hemorrhage. He was transported to a hospital in Omaha, NE. He was admitted and placed on life support. Four days after he had been placed on life support, the doctors told the family that the employee would not get any better. The family decided to remove the employee from life support. He died a few hours later.",real,True,sha256:9dc64febec01c93d775dd15a7f2cddb8c9d0ed710f8764fae1e6c52960606e85,352,source_published_annotation,source_published_annotation_unreviewed
106097.015,fall,"Employee #1, employed by an exterior home improvements company, was working on the roof of a two-story residential building. He was installing valley tin when he unhooked his fall protection lanyard, because the rope was caught on a roof jack. Employee #1 fell onto the valley tin and then to the ground, a fall height of approximately 20 feet. Emergency services were called, and Employee #1 was transported to the hospital. He was admitted and treated for lacerations to his face and arms.",real,True,sha256:9dc64febec01c93d775dd15a7f2cddb8c9d0ed710f8764fae1e6c52960606e85,353,source_published_annotation,source_published_annotation_unreviewed
105536.015,fall,"Employee #1, a project foreman employed by a lathe and plaster company, was working at a two-story house that had a chimney extending above the roof. He was assigned to put a final color coat on the chimney's exterior. Employee #1 used a three-story metal scaffold with the third level approximately 20 to 22 feet in height, with guardrails and a fixed scaffold ladder extending 36 inches above the landing. Employee #1 climbed the fixed ladder while carrying a trowel in one hand, and he did not have three points of contact on the ladder. As he attempted to switch the hand carrying the trowel, he lost his balance and fell, a fall height of more than 20 feet. Emergency services were called, and Employee #1 was transported to the hospital, where he was treated for a right ankle fracture and left leg fractures. After two days at the hospital, he was transferred to a second hospital for further treatment. He was discharged.",real,True,sha256:9dc64febec01c93d775dd15a7f2cddb8c9d0ed710f8764fae1e6c52960606e85,354,source_published_annotation,source_published_annotation_unreviewed
106093.015,electrocution,An employee was working for a manufacturer of ornamental and architectural metal work. He was working a powered gate opener and closer. He was replacing an existing Q019 circuit board with a new Q400 circuit board and installing an Omni Control surge suppressor. He came into contact with an electrical circuit with exposed energized wires. He was electrocuted.,real,True,sha256:9dc64febec01c93d775dd15a7f2cddb8c9d0ed710f8764fae1e6c52960606e85,355,source_published_annotation,source_published_annotation_unreviewed
106558.015,fall,"Employee #1 and two apprentice coworkers, employed by a construction company, were installing ductwork at a four-story commercial building. They were using two manual lifting devices to raise a 350-pound HVAC duct. They were unable to effectively secure the duct to the lifting forks. The duct began to fall from the forks, and Employee #1 fell at grade while trying to avoid being struck by the duct. He avoided the duct but fell on a tool he was carrying in his coveralls. Employee #1 was transported to the hospital, admitted, and treated for a fractured femur at the hip joint.",real,True,sha256:9dc64febec01c93d775dd15a7f2cddb8c9d0ed710f8764fae1e6c52960606e85,356,source_published_annotation,source_published_annotation_unreviewed
105917.015,electrocution,"Employee #1 and a coworker, employed by an electrical services company, were preparing to install electrical wiring. Employee #1 was waiting for a metal fish line that his coworker was feeding through a 3.5-foot metal conduit pipe. Employee #1 removed his left hand's glove and reached into the pipe to grab the fish line. As he removed the fish line from the pipe, the line came into contact with an energized busbar conducting 480 volts. An arc flash occurred, and Employee #1's hand was burned. Emergency services were called, and Employee #1 was transported to the hospital. He was admitted and treated for second degree burns to his hand.",real,True,sha256:9dc64febec01c93d775dd15a7f2cddb8c9d0ed710f8764fae1e6c52960606e85,357,source_published_annotation,source_published_annotation_unreviewed
106430.015,fall,"Employee #1, employed by a construction company, was working at a multiemployer construction project, a one-story commercial building. He was moving a rolling scaffold on the existing roof, without being tied off for fall protection, when he fell through an opening in the roof to the cement floor, a fall height of 9 feet. Emergency services transported the employee to the hospital, where he was admitted and treated for fractures to his hip and leg.",real,True,sha256:9dc64febec01c93d775dd15a7f2cddb8c9d0ed710f8764fae1e6c52960606e85,358,source_published_annotation,source_published_annotation_unreviewed
105800.015,fall,"Employee #1, employed by a demolition company, was engaged in demolition work at a two-story commercial building. He was on the second floor and using a rivet buster to remove concrete. Employee #1 detached his safety harness before moving to a safe location. He fell, a fall height of 16 feet. Emergency services were called, and Employee #1 was transported to the hospital. He was admitted and treated for a concussion.",real,True,sha256:9dc64febec01c93d775dd15a7f2cddb8c9d0ed710f8764fae1e6c52960606e85,359,source_published_annotation,source_published_annotation_unreviewed
108066.015,struck-by,"Employee #1 and a coworker, employed by a construction company, were working at a multiemployer construction project, a development of new residences. They were engaged in erecting a wood frame wall. As they carried the frame over uneven ground, with Employee #1 walking backward, Employee #1 tripped and fell. The frame, which weighed approximately 200 pounds and was 12 feet long, 9 feet high, and 6 inches deep, fell on top of him. Employee #1 was transported to the hospital, treated for a back strain, and released.",real,True,sha256:9dc64febec01c93d775dd15a7f2cddb8c9d0ed710f8764fae1e6c52960606e85,360,source_published_annotation,source_published_annotation_unreviewed
105879.015,fall,"Employee #1, employed by a drywall company, was working at a multiemployer construction project, a new commercial building. He was working from a scissor lift and leaning against the lift's top guardrail as he screwed drywall sheet to the ceiling. The guardrail broke and collapsed, and Employee #1 fell and struck the concrete surface, a fall height of 34 feet. Emergency services were called, and Employee #1 was transported to the hospital. He was admitted and treated for multiple fractures to his head and shoulder areas.",real,True,sha256:9dc64febec01c93d775dd15a7f2cddb8c9d0ed710f8764fae1e6c52960606e85,361,source_published_annotation,source_published_annotation_unreviewed
106017.015,fall,"Employee #1, employed by a drywall company, was installing interior walls at a two-story multifamily residential building project. He was pushing a cart loaded with a stack of drywall when he tripped over a wire. Employee #1 fell through an unguarded opening. Emergency services were called, and Employee #1 was transported to the hospital. He was admitted and treated for fractures to his spine and scapula.",real,True,sha256:9dc64febec01c93d775dd15a7f2cddb8c9d0ed710f8764fae1e6c52960606e85,362,source_published_annotation,source_published_annotation_unreviewed
106211.015,struck-by,"Employee #1, employed by a construction company, was working at a multiemployer construction project, a five-story multifamily residential building. He was using a cart to transport a load of unsecured 12-foot sheetrock through a hallway. The floor was not even, and one of the pieces of sheetrock fell from the cart and struck Employee #1's shoulder and leg. Employee #1 was transported to the hospital, where he was treated for a fractured tibia.",real,True,sha256:9dc64febec01c93d775dd15a7f2cddb8c9d0ed710f8764fae1e6c52960606e85,363,source_published_annotation,source_published_annotation_unreviewed
106626.015,fall,"Employee #1, employed by a construction company, was working at a residence. He was placing material on the roof, which had a 22 degree pitch, when he tripped on loose roofing material, lost his balance, and fell, a fall height of 10 to 12 feet. Emergency services transported the employee to the hospital, where he was admitted and treated for multiple fractures, including a compound fracture of the left ankle and leg and a fractured hand. The employee was hospitalized for 2.5 weeks and required multiple surgeries.",real,True,sha256:9dc64febec01c93d775dd15a7f2cddb8c9d0ed710f8764fae1e6c52960606e85,364,source_published_annotation,source_published_annotation_unreviewed
106165.015,fall,"Employee #1, employed by a roofing company, was laying shingles on the roof of a two-story commercial building. He inadvertently stepped off the roof and fell, a fall height of approximately 16 feet. Emergency services transported Employee #1 to the hospital, where he was admitted and treated for multiple rib fractures.",real,True,sha256:9dc64febec01c93d775dd15a7f2cddb8c9d0ed710f8764fae1e6c52960606e85,365,source_published_annotation,source_published_annotation_unreviewed
105691.015,caught-in/between,"Employee #1, employed by a construction company, was working at a three-story commercial building project. He was using a hand-held Milwaukee power drill to mix concrete. When the mixing pedal came loose, the employee reached in to tighten it without first turning off the tool. The employee's left glove became caught in the mixer and his left pinky finger was amputated. Employee #1 was transported to the hospital, admitted, and treated for the finger amputation.",real,True,sha256:9dc64febec01c93d775dd15a7f2cddb8c9d0ed710f8764fae1e6c52960606e85,366,source_published_annotation,source_published_annotation_unreviewed
107348.015,fall,"Employee #1 and a coworker, employed by a concrete construction company, were engaged in concrete formwork for a new three-story residential structure. The coworker was operating the pump truck from which concrete was being poured into a 12-foot tall aluminum form. Employee #1 was working from an elevated platform that measured approximately 2 inches by 8 inches by 16 feet. The platform, which had no guardrail or other fall protection, was attached to the form. Employee #1 was holding the end of the hose attached to the pump truck when the bottom of the form blew out, causing the form to shake. Employee #1 fell from the platform, a fall height of 11.75 feet, and struck compacted soil. Emergency services transported the employee to the hospital, where he was treated for muscle strains to his right arm and shoulder. He was released without hospitalization.",real,True,sha256:9dc64febec01c93d775dd15a7f2cddb8c9d0ed710f8764fae1e6c52960606e85,367,source_published_annotation,source_published_annotation_unreviewed
105918.015,fall,"Employee #1, employed by a roofing company, was engaged in roofing repair work at a two-story residence. He was on the roof and not using fall protection as he cut and replaced plywood. Employee #1 lost balance and fell, a fall height of 16 feet. Emergency services were called, and Employee #1 was transported to the hospital. He was admitted and treated for fractures to both heels and a compression fracture in his back. Multiple surgeries have occurred to repair the damage.",real,True,sha256:9dc64febec01c93d775dd15a7f2cddb8c9d0ed710f8764fae1e6c52960606e85,368,source_published_annotation,source_published_annotation_unreviewed
105784.015,struck-by,"Employee #1 was working at the site of a two-story residential construction project. He was erecting a 2nd floor exterior wood-framed wall measuring 10 feet by 20 feet when a gust of wind blew the wall over. As the wall fell, it struck Employee #1. Emergency services were called, and Employee #1 was transported to the hospital. He was admitted and treated for multiple fractured spinal vertebrae.",real,True,sha256:9dc64febec01c93d775dd15a7f2cddb8c9d0ed710f8764fae1e6c52960606e85,369,source_published_annotation,source_published_annotation_unreviewed
105640.015,electrocution,"Employee #1, employed by a heating and air conditioning service, was replacing a furnace system at a residential property. Prior to beginning work, he did not shut off the power to the breaker. The employee made contact with an energized metal-clad cable and sustained an electric shock to his left arm. Employee #1 was transported to the hospital, where he was admitted and treated for the electrical injury.",real,True,sha256:9dc64febec01c93d775dd15a7f2cddb8c9d0ed710f8764fae1e6c52960606e85,370,source_published_annotation,source_published_annotation_unreviewed
105632.015,fall,"Employee #1, employed by an electrical services company, was working on the roof of a one-story residence. He was scouting for appropriate locations to install solar panel conduit. Employee #1, who was not using fall protection, fell from the roof, a fall height of approximately 16.7 feet. He required treatment for a fractured right finger and lacerations to his head and left finger. Employee #1 was not hospitalized.",real,True,sha256:9dc64febec01c93d775dd15a7f2cddb8c9d0ed710f8764fae1e6c52960606e85,371,source_published_annotation,source_published_annotation_unreviewed
105665.015,fall,"Employee #1, employed by a construction company, was working at a multiemployer construction project, a three-story multifamily residential building. He was holding a plank and walking on the second-story landing, from which a guardrail had been removed. Employee #1 fell off the landing, a fall height of 15 feet. Emergency services were called, and Employee #1 was transported to the hospital. He was admitted and treated for a dislocated shoulder.",real,True,sha256:9dc64febec01c93d775dd15a7f2cddb8c9d0ed710f8764fae1e6c52960606e85,372,source_published_annotation,source_published_annotation_unreviewed
107073.015,fall,"Employee #1, employed by a construction company, was working at a new two-story multifamily residential structure, a multiemployer construction project. He was engaged in concrete forming work. Employee #1 climbed an extension ladder to secure a 2 by 4 panel with a hammer. The ladder was not properly secured and slid out from underneath Employee #1. Employee #1 fell, a fall height of 13 feet, and upon reaching the ground was impaled on an uncapped rebar. Emergency services transported the employee to the hospital, where he was admitted and treated for the impalement injury.",real,True,sha256:9dc64febec01c93d775dd15a7f2cddb8c9d0ed710f8764fae1e6c52960606e85,373,source_published_annotation,source_published_annotation_unreviewed
105992.015,fall,"Employee #1, employed by a construction company, was installing ceramic roofing tiles to the roof of a new one-story residence as part of a multiemployer construction project. The portable ladder from which he was working was not positioned securely. The ladder shifted, and Employee #1 fell to the concrete walkway, a fall height of 11 feet. Emergency services were called, and Employee #1 was transported to the hospital. He was admitted and treated for injuries to his right leg and arm.",real,True,sha256:9dc64febec01c93d775dd15a7f2cddb8c9d0ed710f8764fae1e6c52960606e85,374,source_published_annotation,source_published_annotation_unreviewed
109437.015,fall,"Employee #1 and his supervisor, employed by a roofing company, were among multiple employees engaged in reroofing activity on the roof of a two-story residential structure. Employee #1, who was not using fall protection, was receiving instructions from the supervisor. When Employee #1 moved to reposition himself, his tool belt caught on a stack of roofing coverings, and he fell off the roof, a fall height of approximately 13.5 feet. He was transported to the hospital, admitted, and treated for a fractured heel bone and compression fractures of two lumbar vertebrae.",real,True,sha256:9dc64febec01c93d775dd15a7f2cddb8c9d0ed710f8764fae1e6c52960606e85,375,source_published_annotation,source_published_annotation_unreviewed
129826.015,fall,"Employee #1 and a coworker, employed by a drywall construction company, were working at a multiemployer construction site, a four-story commercial building. They were straddling the gap between a wall opening and a site-built wooden trash box that measured approximately 9 feet by 4.33 feet by 3.67 feet and that was elevated by a Genie GTH-1056 rough-terrain forklift. They were attempting to maneuver a Graco Texspray RTX 1500 machine into the trash box. The trash box was not secured to the forklift. As the coworker stepped back into the building, the trash box flipped off the forks, causing Employee #1 to fall a height of approximately 33 feet. The trash box, the Texspray machine, and some trash fell and landed on Employee #1. The employee was killed.",real,True,sha256:9dc64febec01c93d775dd15a7f2cddb8c9d0ed710f8764fae1e6c52960606e85,376,source_published_annotation,source_published_annotation_unreviewed
107411.015,electrocution,"Employee #1, employed by a power line construction company, was operating a battery operated, hydraulic, crimping tool to install clips on an underground cable inside a pad-mounted transformer. The crimping tool was not insulated. The crimping tool cut through a 120-volt cable, which caused an electric arc flash. Employee #1 was burned in the arc flash. Emergency services transported the employee to the hospital, where he was admitted and treated. His injuries included first degree burns to his face and second degree burns to his left arm, hand, and fingers.",real,True,sha256:9dc64febec01c93d775dd15a7f2cddb8c9d0ed710f8764fae1e6c52960606e85,377,source_published_annotation,source_published_annotation_unreviewed
105317.015,fall,"Employee #1, employed by a home builder, was preparing to work on the roof of a two-story residential structure. He stepped onto the roof, which had a 3.5:12 pitch, intending to install toe boards for fall protection. Frost had created a slippery surface on the roof decking, and Employee #1 slipped and fell, a fall height of 16 feet. Emergency services were called, and Employee #1 was transported to the hospital, admitted, and treated for fractures to his pelvis and left eye socket.",real,True,sha256:9dc64febec01c93d775dd15a7f2cddb8c9d0ed710f8764fae1e6c52960606e85,378,source_published_annotation,source_published_annotation_unreviewed
105254.015,caught-in/between,"Employee #1, employed by a construction company, was operating an Allen HED Screed Machine to finish a bridge's concrete deck, part of a multiemployer construction project. He received approximately 15 seconds of training on the machine controls, provided by the supervisor prior to the assignment. Employee #1 was leaning on the machine when he came into contact with the cable used to advance the machine. The cable was being retracted. His left index finger was caught in the nip point, and the fingertip was amputated. Employee #1 was transported to the hospital, where he was admitted and treated for the amputation.",real,True,sha256:9dc64febec01c93d775dd15a7f2cddb8c9d0ed710f8764fae1e6c52960606e85,379,source_published_annotation,source_published_annotation_unreviewed
105190.015,caught-in/between,"Employee #1 and a coworker, employed by a construction company, were installing new water mains at a hospital construction project. Employee #1 was operating a skid steer loader and his coworker was operating a hydraulic excavator. As Employee #1 attempted to hook a chain and attachments to the excavator arm, he placed his left gloved hand into the quick coupler for leverage and balance. The quick coupler slowly closed under the force of gravity, and Employee #1's hand was caught in the coupler and crushed. Emergency services transported Employee #1 to the hospital, where he was admitted and treated for the amputation of his forefinger and crushing and separation injuries to two other fingers.",real,True,sha256:9dc64febec01c93d775dd15a7f2cddb8c9d0ed710f8764fae1e6c52960606e85,380,source_published_annotation,source_published_annotation_unreviewed
105197.015,fall,"Employee #1, employed by a concrete contractor, was working at a multiemployer construction project, a six-story multifamily residential structure. He was cutting an opening in a concrete wall. The floor next to the wall opening became wet and slippery due to the wet concrete cutting process. As Employee #1 attempted to remove a wood pallet holding concrete debris from the cutting, he lost balance, slipped, fell through the wall opening, a fall height of 9.5 feet, and struck the first-level parking deck. Emergency services transported him to the hospital, where he was admitted and treated for multiple rib fractures.",real,True,sha256:9dc64febec01c93d775dd15a7f2cddb8c9d0ed710f8764fae1e6c52960606e85,381,source_published_annotation,source_published_annotation_unreviewed
110178.015,caught-in/between,"Employee #1 and his coworker, employed by a mechanical contractor, were working at a multiemployer construction project. Employee #1 was cleaning an inclined glass conveyor that was not locked out/tagged out and that was powered on. He was using a bar to clean the scraper underneath the conveyor. The bar hit the conveyor belt and was pulled into the belt and scraper, and Employee #1's hand and forearm also were pulled in. The conveyor continued running until the coworker reached the emergency stop and shut off the machine. The scraper needed to be disassembled to free Employee #1's hand and arm. Employee #1 required hospitalization and treatment for severe injuries to his right hand, fingers, wrist, and forearm.",real,True,sha256:9dc64febec01c93d775dd15a7f2cddb8c9d0ed710f8764fae1e6c52960606e85,382,source_published_annotation,source_published_annotation_unreviewed
105869.015,struck-by,"Employee #1 and two coworkers, employed by a home builder, were working at a multiemployer construction project, a residential building. They were carrying a granite slab into the building when Employee #1 tripped on a piece of scaffolding on the garage floor. As Employee #1 fell, the granite fell onto and punctured his forearm. Emergency services were called, and Employee #1 was transported to the hospital. He was admitted and treated for a laceration with tendon and nerve damage.",real,True,sha256:9dc64febec01c93d775dd15a7f2cddb8c9d0ed710f8764fae1e6c52960606e85,383,source_published_annotation,source_published_annotation_unreviewed
105014.015,fall,"Employee #1, employed by a roofing company, was engaged in roofing repair and maintenance work at a one-story multifamily residence. The roof had an 8:12 pitch, and its surface was covered with 30-pound felt paper still moist from the morning dew. Employee #1's assigned task was to install a metal nosing and a starter at the roof's edge. Employee #1 was wearing fall protection equipment and was tied to an anchor on the roof's ridge. As Employee #1 walked on the roof's surface, he slipped, fell, and struck the ground, a fall height of approximately 9 feet or more. Emergency services were called, and Employee #1 was transported to the hospital. He was admitted and treated for a fractured left knee that required surgery and fractured shoulder. Both Employee #1 and a coworker who came to his aid after he fell stated that the rope was long that attached Employee #1 to the anchor.",real,True,sha256:9dc64febec01c93d775dd15a7f2cddb8c9d0ed710f8764fae1e6c52960606e85,384,source_published_annotation,source_published_annotation_unreviewed
105040.015,fall,"Employee #1 and a coworker, employed by an electrical services company, were engaged in installation work inside a 24-foot building. They were pulling Cat 5E data cable from the top of a large walk-in freezer and attaching J-hooks. The employees were not using fall protection. Employee #1 fell, a fall height of 23 feet. Emergency services were called, and Employee #1 was transported to the hospital. He was admitted and treated for fractures to both ankles and injuries to multiple vertebrae.",real,True,sha256:9dc64febec01c93d775dd15a7f2cddb8c9d0ed710f8764fae1e6c52960606e85,385,source_published_annotation,source_published_annotation_unreviewed
106289.015,electrocution,"Employee #1, employed by an electrical services company, was conducting testing of electrical wiring at a multiemployer construction project, a 28-story commercial building. Employee #1 sustained an electric shock. Emergency services were called, and Employee #1 was transported to the hospital, where he was admitted and treated. It was determined that lockout/tagout procedures were not being utilized when Employee #1 was shocked.",real,True,sha256:9dc64febec01c93d775dd15a7f2cddb8c9d0ed710f8764fae1e6c52960606e85,386,source_published_annotation,source_published_annotation_unreviewed
106181.015,fall,"Employee #1, employed by a heating and air conditioning company, was installing equipment on the roof of a two-story residential building. As he climbed an 8-foot Gorilla dual purpose extension ladder, he slipped on the ladder's rungs, which were slippery from the morning dew. Employee #1 fell, a fall height of 8 feet. Emergency services were called, and Employee #1 was transported to the hospital. He was admitted and treated for a fractured leg.",real,True,sha256:9dc64febec01c93d775dd15a7f2cddb8c9d0ed710f8764fae1e6c52960606e85,387,source_published_annotation,source_published_annotation_unreviewed
104832.015,fall,"Employee #1, employed by a roofing company, was engaged in repairing the roof of a one-story building. As he walked on the roof, a weak part of the surface collapsed and he fell through, a fall height of 15 feet. Emergency services were called, and Employee #1 was transported to the hospital. He was admitted and treated for a fractured leg.",real,True,sha256:9dc64febec01c93d775dd15a7f2cddb8c9d0ed710f8764fae1e6c52960606e85,388,source_published_annotation,source_published_annotation_unreviewed
105063.015,fall,"Employee #1, employed by a construction framing company, was working at a multiemployer construction project, a four-story hotel. He was working on the roof when a guardrail system failed and he fell. Emergency services were called, and Employee #1 was transported to the hospital. He was admitted and treated for multiple fractures.",real,True,sha256:9dc64febec01c93d775dd15a7f2cddb8c9d0ed710f8764fae1e6c52960606e85,389,source_published_annotation,source_published_annotation_unreviewed
104749.015,caught-in/between,"Employee #1, employed by a drilling construction company, was operating an Akkerman Guided Boring Machine Model 308A with jacking 10-inch diameter steel casing. As he was removing steel wedges used to connect casing, he bumped and activated the thrust control lever. His head was caught between the machine's push plate and front frame. Emergency services were called, and Employee #1 was transported to the hospital. He was admitted and treated for multiple facial and jaw fractures and crushing injuries.",real,True,sha256:9dc64febec01c93d775dd15a7f2cddb8c9d0ed710f8764fae1e6c52960606e85,390,source_published_annotation,source_published_annotation_unreviewed
108476.015,fall,"An employee was working on a corner of a patio of a two story, single residential home and was installing several blocks on the framed patio structure. He had installed one or two blocks before walking away for a break. The employee returned and stepped on a block that had not been secured, lost his balance, and fell to the ground on his left side. The employee fractured both ankles and was hospitalized.",real,True,sha256:9dc64febec01c93d775dd15a7f2cddb8c9d0ed710f8764fae1e6c52960606e85,391,source_published_annotation,source_published_annotation_unreviewed
107240.015,fall,"Employee #1, employed by a construction company, was working at a private residence. He used a pressure washer to wash the driveway. The homeowner then asked Employee #1 to wash the windows and provided a 14-foot aluminum straight ladder. As Employee #1 worked from the ladder, water from the pressure washer pooled on the ground. The ladder slipped, and Employee #1 fell, a fall height of approximately 7 feet. Emergency services were called, and Employee #1 was transported to the hospital. He was admitted and treated for a vertebral fracture of his lower back/spine.",real,True,sha256:9dc64febec01c93d775dd15a7f2cddb8c9d0ed710f8764fae1e6c52960606e85,392,source_published_annotation,source_published_annotation_unreviewed
109218.015,fall,"Employee #1, a rigger employed by a construction framing company, was working at a multiemployer construction project, a seven-story multifamily residential building. He was on the fifth floor and unloading a bundle of two by four lumber. As he turned away from the load, he walked over a floor shaft hole that measured approximately 3 feet by 4 feet and that was not securely covered or labeled. The hole cover slipped, and Employee #1 fell through the hole to the concrete surface five stories below, a fall height of 50 to 60 feet. Emergency services were called, and Employee #1 was transported to the hospital. He was admitted and treated for massive head trauma and skull fractures. At the time of this report, Employee #1 was in a quadriplegic state and awaiting further surgeries to close skull fractures.",real,True,sha256:9dc64febec01c93d775dd15a7f2cddb8c9d0ed710f8764fae1e6c52960606e85,393,source_published_annotation,source_published_annotation_unreviewed
105070.015,fall,"Employee #1, employed by a roofing company, was engaged in roofing activity at a one-story manufacturing facility. As he crossed the roof placing material to be installed, he fell through an unguarded skylight, a fall height of 17.8 feet. Emergency services were called, and Employee #1 was transported to the hospital. He was admitted and treated for fractures to his face and ribs, and a dislocated finger.",real,True,sha256:9dc64febec01c93d775dd15a7f2cddb8c9d0ed710f8764fae1e6c52960606e85,394,source_published_annotation,source_published_annotation_unreviewed
105617.015,fall,"Employee #1, employed by a construction company, was working at a one-story commercial building. He was working from an 8-foot square concrete slab elevated approximately 9.5 feet above the lower level and installing a water softening system. As he attempted to climb down using a 24-foot fiberglass ladder, the ladder's feet slipped on the polished concrete floor. Employee #1 fell, a fall height of approximately 9.5 feet. Emergency services were called, and Employee #1 was transported to the hospital. He was admitted and treated for a concussion and brain hemorrhage. Employee #1 was hospitalized for five days.",real,True,sha256:9dc64febec01c93d775dd15a7f2cddb8c9d0ed710f8764fae1e6c52960606e85,395,source_published_annotation,source_published_annotation_unreviewed
104489.015,fall,"Employee #1 and a coworker, employed by a construction company, were working at a multiemployer construction project, a one-story commercial building. Employee #1 was working from a Werner Type 1 aluminum extension ladder, the top of which rested against a roof truss approximately 14 feet above the surface. He was clearing snow from a tarp that covered a roof opening. His coworker was standing at the base of the ladder and bracing it. The coworker walked away from the ladder. The ladder slipped, and Employee #1 fell, a fall height of 8 feet. Emergency services were called, and Employee #1 was transported to the hospital. He was treated for multiple fractures of the ankle, leg, and vertebrae.",real,True,sha256:9dc64febec01c93d775dd15a7f2cddb8c9d0ed710f8764fae1e6c52960606e85,396,source_published_annotation,source_published_annotation_unreviewed
104466.015,struck-by,"An employee was using the bucket of an excavator to disassemble a trench box. After instructing workers to remove the pins from the trench box and then to stand back, the employee maneuvered the bucket of the excavator to grab hold of the trench box side shield to release its spreaders. All the side shields, except for one, hit the ground. The side shield that remained in its receiver, caused the spreader to pop back up and strike the excavator's window. The employee was hit in the chest by the spreader, suffering severe injuries that resulted in his death.",real,True,sha256:9dc64febec01c93d775dd15a7f2cddb8c9d0ed710f8764fae1e6c52960606e85,397,source_published_annotation,source_published_annotation_unreviewed
104532.015,fall,"Employee #1, employed by an insulation company, was working at a multiemployer construction project, a new residential townhouse. He was standing on drywall and using it as a working surface as he installed insulation. The drywall broke, and Employee #1 fell, a fall height of approximately 7 feet. As he fell, he hit his neck on the edge of a staircase. Emergency services were called, and Employee #1 was transported to the hospital. He was admitted and treated for his injuries. At the time of this report, Employee #1 was paralyzed from the neck down.",real,True,sha256:9dc64febec01c93d775dd15a7f2cddb8c9d0ed710f8764fae1e6c52960606e85,398,source_published_annotation,source_published_annotation_unreviewed
104663.015,fall,"Employee #1, employed by a building maintenance company, was engaged in painting activity at a residential building. He was working from an extension ladder when the ladder's feet, which were set on a wet stone patio, slid backwards. Employee #1 fell, a fall height of 9.25 feet, and struck the stone surface. Emergency services were called, and Employee #1 was transported to the hospital. He was admitted and treated for a laceration to the head and possible concussion, and a bruised right arm.",real,True,sha256:9dc64febec01c93d775dd15a7f2cddb8c9d0ed710f8764fae1e6c52960606e85,399,source_published_annotation,source_published_annotation_unreviewed
104348.015,caught-in/between,An employee was installing helical piers to secure a foundation on a new construction site. The employee was outside the skid steer (track loader) cab. The equipment was on. A hydraulic hose that operates the skid steer helical pier driver attachment was wrapped around the right joystick of the skid steer causing the lift arms of the skid steer to activate and lower. The employee was caught between the lift arms and the cab of the track loader and is killed.,real,True,sha256:9dc64febec01c93d775dd15a7f2cddb8c9d0ed710f8764fae1e6c52960606e85,400,source_published_annotation,source_published_annotation_unreviewed
107118.015,fall,"Employee #1, employed by a drywall construction company, was working at a multiemployer construction project, a new residence. He was using a Falcon Sawhorse Model 130-FT as a stepladder and installing drywall. As Employee #1 walked side to side on the stepladder's top cap, he slipped and fell, a fall height of 3 feet. Emergency services were called, and Employee #1 was transported to the hospital. He was admitted and treated for a left elbow open fracture.",real,True,sha256:9dc64febec01c93d775dd15a7f2cddb8c9d0ed710f8764fae1e6c52960606e85,401,source_published_annotation,source_published_annotation_unreviewed
103964.015,fall,"Employee #1, employed by a building maintenance and construction company, was on the roof of a building and investigating a noise reported by a tenant. He slipped on the roof's icy surface and fell to a lower roof, a fall height of approximately 15 to 20 feet. Emergency services were called, and Employee #1 was transported to the hospital. He was admitted and treated for multiple injuries, including fractures to his hip, shoulder, and cheek bone, and a collapsed lung.",real,True,sha256:9dc64febec01c93d775dd15a7f2cddb8c9d0ed710f8764fae1e6c52960606e85,402,source_published_annotation,source_published_annotation_unreviewed
105519.015,fall,"Employee #1, employed by a construction company, was on the roof of a building and setting up equipment in preparation for roofing repair work. He was standing near a skylight when he was struck by a gust of wind. Employee #1 fell through the skylight, a fall height of approximately 18 feet. Emergency services were called, and Employee #1 was transported to the hospital. He was admitted and treated for fall-related injuries, including the amputation of his right leg.",real,True,sha256:9dc64febec01c93d775dd15a7f2cddb8c9d0ed710f8764fae1e6c52960606e85,403,source_published_annotation,source_published_annotation_unreviewed
103805.015,fall,"Employee #1, employed by a steel erection company, was installing steel decking for the roof of a two-story school addition. He stepped on an unsecured piece of decking material, which shifted and precipitated his fall from the roof, a fall height of 14.8 feet. Emergency services were called, and Employee #1 was transported to the hospital. He was admitted and treated for fractures to both hips.",real,True,sha256:9dc64febec01c93d775dd15a7f2cddb8c9d0ed710f8764fae1e6c52960606e85,404,source_published_annotation,source_published_annotation_unreviewed
103910.015,fall,"Employee #1, employed by a construction company, was working at the remodeling of a two-story residence. He was using an extension ladder set on a level 10.33 feet below the surface and installing wood floor decking. As Employee #1 climbed down the unsecured ladder, the ladder slipped and flipped, and Employee #1 fell and landed on his back, a fall height of 6 feet. Emergency services were called, and Employee #1 was transported to the hospital. He was admitted and treated for fall-related injuries, including multiple spinal fractures.",real,True,sha256:9dc64febec01c93d775dd15a7f2cddb8c9d0ed710f8764fae1e6c52960606e85,405,source_published_annotation,source_published_annotation_unreviewed
106455.015,fall,An employee was installing a metal roofing system at a two-story residence when he fell 17 feet and 11 inches. He was not wearing fall protection and was killed.,real,True,sha256:9dc64febec01c93d775dd15a7f2cddb8c9d0ed710f8764fae1e6c52960606e85,406,source_published_annotation,source_published_annotation_unreviewed
104948.015,fall,"Employee #1, employed by a construction company, was engaged in framing activities at a new commercial construction project on his first day at work. As he was walking on unsecured joists, he fell, a fall height of 9 feet. Emergency services were called, and Employee #1 was transported to the hospital. He was admitted and treated for a fractured left leg.",real,True,sha256:9dc64febec01c93d775dd15a7f2cddb8c9d0ed710f8764fae1e6c52960606e85,407,source_published_annotation,source_published_annotation_unreviewed
102907.015,fall,"Employee #1, employed by a plastering construction company, was working from a scaffold and engaged in exterior trim work at a residential construction project. The scaffold planks were slippery from rain and plaster, and the scaffold's railing had been removed. Employee #1 slipped and fell, a fall height of approximately 7 feet. Emergency services were called, and Employee #1 was transported to the hospital. He was admitted and treated for a fractured wrist. As the EE was working on the trim it was raining and the planks were",real,True,sha256:9dc64febec01c93d775dd15a7f2cddb8c9d0ed710f8764fae1e6c52960606e85,408,source_published_annotation,source_published_annotation_unreviewed
105671.015,fall,"Employee #1, employed by a plant maintenance services company, was working at a multiemployer job site. He was attempting to extract excess iron oxide from inside a kiln. Employee #1 was standing on an unguarded ramp used to access the kiln. He fell from the ramp into the kiln, a fall height of 30 feet. Emergency services were called, and Employee #1 was transported to the hospital, admitted, and treated for head trauma and fractures to his shoulder, ribs, and pelvis.",real,True,sha256:9dc64febec01c93d775dd15a7f2cddb8c9d0ed710f8764fae1e6c52960606e85,409,source_published_annotation,source_published_annotation_unreviewed
103494.015,caught-in/between,"Employee #1 and Coworker #1, employed by a steel erection company, were engaged in steel erection work at a multiemployer construction project, a two-story commercial building. Employee #1 was straddling a steel beam and preparing to connect it to the top plate of a four by eight steel column. Coworker #1 was operating a crane and lifting the column, which was rigged with a double choke wire rope sling. The column, which was wet from recent rain, slipped from the sling. Employee #1's hand was caught and crushed between the top plate of the column and the steel beam, which his hand was resting upon. Emergency services were called, and Employee #1 was transported to the hospital. He was admitted and treated for the following finger injuries: a severely lacerated index finger, which was almost fully amputated
Second and ring fingers, which were amputated
And the pinkie, which was mangled.",real,True,sha256:9dc64febec01c93d775dd15a7f2cddb8c9d0ed710f8764fae1e6c52960606e85,410,source_published_annotation,source_published_annotation_unreviewed
105587.015,fall,"Employee #1, employed by a construction company, was engaged in carpentry work on the roof of a two-story residential structure, a multiemployer construction project. A piece of oriented strand board, blown by high winds, struck Employee #1's head and knocked him unconscious. Employee #1 fell from the roof, a fall height of 18 feet. Emergency services were called, and Employee #1 was transported to the hospital. He was admitted and treated for multiple injuries, including a fractured orbital, fractured ribs, and a major laceration to the liver. .",real,True,sha256:9dc64febec01c93d775dd15a7f2cddb8c9d0ed710f8764fae1e6c52960606e85,411,source_published_annotation,source_published_annotation_unreviewed
105132.015,fall,"Employee #1, employed by a construction company, was working at a multiemployer construction project, a one-story commercial structure. He was working from an aerial lift in windy conditions and attempting to install metal siding on a wall. Employee #1 fell from the lift, a fall height of 20 feet. Emergency services were called, and Employee #1 was transported to the hospital. He was admitted and treated for fractures to both wrists.",real,True,sha256:9dc64febec01c93d775dd15a7f2cddb8c9d0ed710f8764fae1e6c52960606e85,412,source_published_annotation,source_published_annotation_unreviewed
103240.015,caught-in/between,"Employee #1, employed by a pipeline company, was connecting pipes inside a trench. The soil was saturated due to rainy weather. In addition, the trench box was set 4.83 feet above the bottom surface, which exceeded the allowable 2-foot gap. A trench wall caved in, and a large quantity of saturated soil landed on Employee #1's foot. Emergency services were called, and Employee #1 was transported to the hospital. He was admitted and treated for a fractured ankle.",real,True,sha256:9dc64febec01c93d775dd15a7f2cddb8c9d0ed710f8764fae1e6c52960606e85,413,source_published_annotation,source_published_annotation_unreviewed
103140.015,electrocution,"Employee #1, employed by an electrical services company, was working from an aerial lift and engaged in maintenance work on an energized high voltage power line. Employee #1 sustained an electric shock and burn. Employee #1 was wearing the appropriate rubber and leather gloves, but the gloves were found to have holes in the left thumb after the incident. Emergency services were called, and Employee #1 was transported to the hospital, where he was admitted and treated for second degree electric burns to his left thumb, left leg near the ankle, and left thigh.",real,True,sha256:9dc64febec01c93d775dd15a7f2cddb8c9d0ed710f8764fae1e6c52960606e85,414,source_published_annotation,source_published_annotation_unreviewed
103300.015,struck-by,"Employee #1 and Coworker #1, employed by a construction company, were engaged in trenching work. Coworker #1 was operating an excavator and lifting the excavator's bucket, which was full of gravel from the trench being dug. Employee #1 was holding plastic coverings down near the trench to collect the gravel. Coworker #1, as the result of a distraction, shut off the excavator with the bucket positioned mid-air and directly above Employee #1. The hydraulic system valve failed, and the bucket's load of gravel was released. Employee #1 was struck in the back by the falling gravel and the rear end of the bucket, and he fell into the trench. Emergency services were called, and Employee #1 was transported to the hospital, where he was treated and released.",real,True,sha256:9dc64febec01c93d775dd15a7f2cddb8c9d0ed710f8764fae1e6c52960606e85,415,source_published_annotation,source_published_annotation_unreviewed
103279.015,fall,"Employee #1 and Coworkers #1 and #2, employed by a construction company, were working at a multiemployer construction project, a one-story commercial building. After helping to cut and rig metal decking for hoisting by crane to the structure's roof, Employee #1 was sent to the roof to assist Coworkers #1 and #2, who were installing the roof decking. The decking had oil on its surface and, due to the weather, also had surface ice. While standing on the decking and tacking it into place, Employee #1 slipped and fell between the joists to the concrete surface, a fall height of 16 feet. Emergency services were called, and Employee #1 was transported to the hospital, admitted, and treated for fractures to his wrist and elbow and a laceration and contusion to his head.",real,True,sha256:9dc64febec01c93d775dd15a7f2cddb8c9d0ed710f8764fae1e6c52960606e85,416,source_published_annotation,source_published_annotation_unreviewed
104503.015,electrocution,"Employee #1, employed by a construction company, was working at a multifamily residential building that was being renovated. He was operating a grinder machine and using an extension cord that was not grounded and that was in contact with a wet surface. The extension cord was connected to a non-GFCI source. Employee #1 incurred an electric shock and fell unconscious to the floor. Emergency services were called, and Employee #1 was transported to the hospital. He was admitted and treated for electric shock injuries.",real,True,sha256:9dc64febec01c93d775dd15a7f2cddb8c9d0ed710f8764fae1e6c52960606e85,417,source_published_annotation,source_published_annotation_unreviewed
105012.015,caught-in/between,"Employee #1 was setting up a chain link fence fabrication machine. The process required the unguarded machine's parts to be moving. Employee #1's sweatshirt caught on a bolt protruding from an unguarded rotating shaft, and his arm was pulled into the moving machine. A fuse blew and caused the machine to stop. Emergency services were called, and Employee #1 was transported to the hospital. He was admitted and treated for two fractures to his forearm.",real,True,sha256:9dc64febec01c93d775dd15a7f2cddb8c9d0ed710f8764fae1e6c52960606e85,418,source_published_annotation,source_published_annotation_unreviewed
103106.015,struck-by,"Employee #1 and Coworker #1, employed by a construction company, were working at a multifamily residential building construction site. Employee #1 was holding a sign post that needed to be placed in the ground. Coworker #1 was operating a forklift that was being used to push the post into the ground. The pin that helped hold the forks in place was missing, and the forks fell off the forklift and struck Employee #1. Employee #1 fell to the ground. Emergency services were called, and Employee #1 was transported to the hospital. He was admitted and treated for injuries to his lips and back.",real,True,sha256:9dc64febec01c93d775dd15a7f2cddb8c9d0ed710f8764fae1e6c52960606e85,419,source_published_annotation,source_published_annotation_unreviewed
103055.015,fall,"Employee #1, employed by a construction company, was working at a multiemployer building construction project. He was standing tied off on the building's first-story roof, which had a pitch of 1 to 12. Employee #1 leaned against a second-story wall that was wrapped in Tyvek. An open window in the wall was covered in Tyvek, and the opening was not apparent. Employee #1 fell through the Tyvek-covered, unguarded window. Emergency services were called, and Employee #1 was transported to the hospital. He was admitted and treated for two fractured vertebrae in his neck, a fractured eye socket, and a head injury.",real,True,sha256:9dc64febec01c93d775dd15a7f2cddb8c9d0ed710f8764fae1e6c52960606e85,420,source_published_annotation,source_published_annotation_unreviewed
102914.015,fall,"Employee #1, employed by a roofing company, was engaged in roofing work at a two-story commercial building. As he attempted to connect his fall protection harness from one lifeline to another, he slipped on black ice and fell. Emergency services were called, and Employee #1 was transported to the hospital. He was admitted and treated for multiple rib fractures and a punctured lung.",real,True,sha256:9dc64febec01c93d775dd15a7f2cddb8c9d0ed710f8764fae1e6c52960606e85,421,source_published_annotation,source_published_annotation_unreviewed
105957.015,struck-by,"Employee #1, employed by a demolition company, was working at a demolition project. An unattached fire damper fell and struck Employee #1. Emergency services were called, and Employee #1 was transported to the hospital. He was admitted and treated for fractures to his shoulder, his spine, and two ribs.",real,True,sha256:9dc64febec01c93d775dd15a7f2cddb8c9d0ed710f8764fae1e6c52960606e85,422,source_published_annotation,source_published_annotation_unreviewed
107748.015,fall,"Employee #1, employed by a construction company, was engaged in framing work for a new two-story residence. As he ascended an 8-foot A-frame ladder placed on the hard dirt surface, the ladder kicked out, and Employee #1 fell, a fall height of 5 feet. Emergency services were called, and Employee #1 was transported to the hospital. He was admitted and treated for multiple rib fractures and a fractured collarbone.",real,True,sha256:9dc64febec01c93d775dd15a7f2cddb8c9d0ed710f8764fae1e6c52960606e85,423,source_published_annotation,source_published_annotation_unreviewed
105580.015,caught-in/between,"Employee #1 and Coworkers #1 and #2, employed by a municipal public works department, were working at the public works yard. Employee #1, operator of a John Deere 544G Number 30 front end loader, and Coworker #1, a mechanic, were instructed by Coworker #2, the supervisor, to work together to replace the roll pin on the right plunger of the front end loader. During the repair, no lockout/tagout procedure were performed and Employee #1's left middle finger became caught in the equipment as the hydraulics cycled. Emergency services were called, and Employee #1 was transported to the hospital, where he was treated for two fractures to the finger. He then was released without hospitalization.",real,True,sha256:9dc64febec01c93d775dd15a7f2cddb8c9d0ed710f8764fae1e6c52960606e85,424,source_published_annotation,source_published_annotation_unreviewed
107105.015,fall,"Employee #1, employed by a roofing company, was engaged in roofing repair work at a two-story residential structure. He was using an extension ladder to access the roof and provide materials to other employees. The unsecured ladder slipped, and Employee #1 fell and struck the concrete floor, a fall height of 5.5 to 6 feet. Emergency services were called, and Employee #1 was transported to the hospital. He was admitted and treated for a subarachnoid hemorrhage, subdural hematoma, skull fracture, cerebral salt wasting, hyponatremia, acute blood loss anemia, and left second toe fracture.",real,True,sha256:9dc64febec01c93d775dd15a7f2cddb8c9d0ed710f8764fae1e6c52960606e85,425,source_published_annotation,source_published_annotation_unreviewed
105499.015,fall,"Employees #1, #2, and #3, and Coworkers #1 and #2, employed by a drywall construction company, were preparing to install drywall to the ceiling of a pool party room, part of a multiemployer construction project, a new multifamily residential building. They were on a scaffold platform that had been loaded with approximately 30 sheets of 4 by 8 drywall, each weighing approximately 85 pounds. Also on the platform were a superintendent for the general contractor and a foreman for the framing contractor. The center of the platform collapsed over the scaffold's center truss, and Employees #1, #2, and #3 fell with the falling scaffold planks, a fall height of approximately 13 feet. Emergency services were called, and the three employees were transported to the hospital. Employees #1 and #2 sustained ankle fractures that required hospitalization. Employee #3 was treated and released.",real,True,sha256:9dc64febec01c93d775dd15a7f2cddb8c9d0ed710f8764fae1e6c52960606e85,426,source_published_annotation,source_published_annotation_unreviewed
104281.015,caught-in/between,"Employee #1, Coworker #1, and four additional members of the work crew, employed by a paving company, were laying ""skin patches"" of sheet asphalt to level a college football field. They were using a Leeboy Conveyor Paver, two HAMM rollers, a backhoe, and several dump trucks. After they spread a load of sheet asphalt from the paver's hopper onto the ground, Employee #1 was instructed by Coworker #1 to clear some old paving material from underneath the right side of the paver. The paver was still running and in operation mode. Coworker #1, believing Employee #1 had completed the cleaning and was clear of the paver, returned to the paver's controls and opened the gate. Employee #1 was caught between the paver's gate and the ground, and his arm was crushed. Emergency services were called, and Employee #1 was transported to the hospital, admitted, and treated for a fractured arm.",real,True,sha256:9dc64febec01c93d775dd15a7f2cddb8c9d0ed710f8764fae1e6c52960606e85,427,source_published_annotation,source_published_annotation_unreviewed
102855.015,fall,"Employee #1 and Coworker #1, employed by a roofing company, were working at a multiemployer construction site, a three-story building. Employee #1 was climbing down an unsecured extension ladder. Coworker #1 did not maintain a hold on the ladder. The ladder, set on a gravel surface, slipped, and Employee #1 fell. Emergency services were called, and Employee #1 was transported to the hospital, admitted, and treated for a fractured spine.",real,True,sha256:9dc64febec01c93d775dd15a7f2cddb8c9d0ed710f8764fae1e6c52960606e85,428,source_published_annotation,source_published_annotation_unreviewed
102560.015,struck-by,"Employee #1, employed by a construction company, was working at the site of a four-story building project. A scissor lift was being moved by a forklift, and Employee #1 was attempting to stabilize the unsecured load. The scissor lift slipped and fell onto Employee #1. Emergency services were called, and Employee #1 was transported to the hospital. He was admitted and treated for multiple leg and ankle fractures and a fractured upper arm. Employee #1 needed surgical repairs.",real,True,sha256:9dc64febec01c93d775dd15a7f2cddb8c9d0ed710f8764fae1e6c52960606e85,429,source_published_annotation,source_published_annotation_unreviewed
102501.015,caught-in/between,"Employee #1, a carpenter employed by a construction company, was installing Simon concrete forms inside an excavation. The excavation measured approximately 11 feet long by 22 feet wide by 4 feet deep. An unstable spoil pile along the west side of the excavation collapsed onto Employee #1 and pinned him from waist to head. Other employees in the area uncovered Employee #1's face and dug him out. Emergency services were called, and Employee #1 was transported to the hospital. He was admitted and treated for a fractured left hand and abrasions.",real,True,sha256:9dc64febec01c93d775dd15a7f2cddb8c9d0ed710f8764fae1e6c52960606e85,430,source_published_annotation,source_published_annotation_unreviewed
102434.015,electrocution,"Employee #1, employed by an electrical services company, was working from an aerial lift and changing light pole fixtures. He moved too close to a live power line and sustained an electrical shock. Emergency services were called, and Employee #1 was transported to the hospital, admitted, and treated for third degree electrical burns.",real,True,sha256:9dc64febec01c93d775dd15a7f2cddb8c9d0ed710f8764fae1e6c52960606e85,431,source_published_annotation,source_published_annotation_unreviewed
102664.015,struck-by,"Employee #1, employed by a steel erection company, was working at a construction site. He was moving an I beam when he inadvertently dropped the beam, which fell onto and crushed his finger. Emergency services were called, and Employee #1 was transported to the hospital. He was admitted and treated for the amputation of his finger.",real,True,sha256:9dc64febec01c93d775dd15a7f2cddb8c9d0ed710f8764fae1e6c52960606e85,432,source_published_annotation,source_published_annotation_unreviewed
103598.015,caught-in/between,"Employee #1, employed by a construction company, was working at a multiemployer construction project, a new single-family residence. He was inside a trench that was approximately 5 feet wide and ranged in depth from 7.25 feet to 9 feet. Employee #1 was using a shovel to clear excess dirt and sand that had accumulated on the bottom of the trench after a rain. As he worked, the pile of dirt above him, approximately 14 feet high by 8 feet wide, caved-in and buried Employee #1 up to his hair. Employee #1's coworkers and foreman rapidly extracted him from the cave-in. Emergency services were called, and Employee #1 was transported to the hospital. He was admitted and treated for fractures to both legs.",real,True,sha256:9dc64febec01c93d775dd15a7f2cddb8c9d0ed710f8764fae1e6c52960606e85,433,source_published_annotation,source_published_annotation_unreviewed
102113.015,struck-by,"Employee #1 and a coworker, employed by a construction company, were working at a multiemployer road project. Employee #1 had just retrieved a backpack left in a skid steer vehicle when he turned over the vehicle's operation to the coworker. The backpack's straps caught on the skid steer's controls, and the vehicle lurched forward and ran over Employee #1's foot and leg. Emergency services were called, and Employee #1 was transported to the hospital. He was admitted and treated for a fractured leg.",real,True,sha256:9dc64febec01c93d775dd15a7f2cddb8c9d0ed710f8764fae1e6c52960606e85,434,source_published_annotation,source_published_annotation_unreviewed
104811.015,electrocution,"Employee #1, employed by a construction company, was working at a multiemployer project. He was conducting injection testing of breakers when he reached into a breaker panel that apparently had not been deenergized. An electric arc flash occurred, and Employee #1 sustained burns to his upper body. Emergency service were called, and Employee #1 was transported to the hospital, admitted, and treated for electrical burns.",real,True,sha256:9dc64febec01c93d775dd15a7f2cddb8c9d0ed710f8764fae1e6c52960606e85,435,source_published_annotation,source_published_annotation_unreviewed
102015.015,caught-in/between,"Employee #1, employed by a construction company, was working at a multiemployer construction project, a commercial building. He was operating a cement mixer when his hand became caught in the unguarded opening at the bottom of the machine. The machine's rotating blade lacerated his finger. Emergency services were called, and Employee #1 was transported and admitted to the hospital. His left index finger required amputation at the knuckle.",real,True,sha256:9dc64febec01c93d775dd15a7f2cddb8c9d0ed710f8764fae1e6c52960606e85,436,source_published_annotation,source_published_annotation_unreviewed
101619.015,struck-by,"Employee #1, the owner of a construction company, was using a pneumatic nail gun to erect the wood frame for a residential structure. The nail gun inadvertently discharged, and he was struck by a 2.5-inch nail between the bridge of his nose and his eye socket. Emergency services were called, and Employee #1 was transported to the hospital, admitted, and treated for the puncture wound.",real,True,sha256:9dc64febec01c93d775dd15a7f2cddb8c9d0ed710f8764fae1e6c52960606e85,437,source_published_annotation,source_published_annotation_unreviewed
101609.015,struck-by,"Employee #1, employed by a concrete company, was pouring concrete at a multiemployer construction project. An unbraced 8-foot high chain link fence fell on him. Emergency services were called, and Employee #1 was transported to the hospital, where he was admitted and treated for a fractured left ankle.",real,True,sha256:9dc64febec01c93d775dd15a7f2cddb8c9d0ed710f8764fae1e6c52960606e85,438,source_published_annotation,source_published_annotation_unreviewed
105633.015,struck-by,"Employee #1, employed by a construction company, was working at a multiemployer construction project, a five-story commercial building. He was functioning as a tag liner for steel erection. Employee #1 walked to an I-beam that was being hoisted. The beam, which weighed 1,500 pounds, was 32 feet long, and had been set upon uneven ground, fell and rolled onto Employee #1's left leg. Emergency services were called, and Employee #1 was transported to the hospital. He was admitted and treated for a fractured leg.",real,True,sha256:9dc64febec01c93d775dd15a7f2cddb8c9d0ed710f8764fae1e6c52960606e85,439,source_published_annotation,source_published_annotation_unreviewed
101452.015,electrocution,"Employees #1 and #2, employed by an electrical contractor, were engaged in electrical work at the construction site for a multifamily residential building. They were installing a busbar with the electrical power turned on when Employee #1 touched the busbar. An arc flash ensued. Emergency services were called, and the employees were taken to the hospital and treated for electrical burns. Employee #2 was released after treatment. However, Employee #1 required hospitalization for his burns.",real,True,sha256:9dc64febec01c93d775dd15a7f2cddb8c9d0ed710f8764fae1e6c52960606e85,440,source_published_annotation,source_published_annotation_unreviewed
100952.015,struck-by,"Employee #1, employed by a construction materials company, was sorting through wood panels on a push truck. The panels weighed up to 300 pounds each, and the push truck, which measured 10 feet long by 3 feet wide, lacked brakes for locking its six wheels. Employee #1 stepped on the push truck, and 10 to 15 of the panels tumbled over and fell on him. Emergency services were called, and Employee #1 was transported to the hospital. He was admitted and treated for fractures to his left leg's fibula and tibia bones, plus contusions and abrasions to his legs.",real,True,sha256:9dc64febec01c93d775dd15a7f2cddb8c9d0ed710f8764fae1e6c52960606e85,441,source_published_annotation,source_published_annotation_unreviewed
102109.015,caught-in/between,"Employee #1, employed by a construction contractor, was working at a multiemployer construction project, a new one-story commercial building. He climbed a 14-foot steel form, used in the construction of a concrete column, to disconnect it from a crane. The form, which weighed more than 1,000 pounds, was not adequately braced, and it toppled over. Employee #1 fell with the form and was crushed when the form hit the ground. Emergency services were called, and Employee #1 was transported to the hospital. He was admitted and treated for crushing injuries, including a fractured pelvis and other fractures, deep lacerations, and bruised internal organs.",real,True,sha256:9dc64febec01c93d775dd15a7f2cddb8c9d0ed710f8764fae1e6c52960606e85,442,source_published_annotation,source_published_annotation_unreviewed
104229.015,struck-by,"Employee #1, employed by a modular home builder, was helping to install modular wall panels at a multiemployer construction project, a three-story multifamily residential building. The wind caused a panel to shift and break apart. Employee #1 was struck in the head. Emergency services were called, and Employee #1 was transported to the hospital. He was admitted and treated for severe head trauma.",real,True,sha256:9dc64febec01c93d775dd15a7f2cddb8c9d0ed710f8764fae1e6c52960606e85,443,source_published_annotation,source_published_annotation_unreviewed
101232.015,struck-by,"Employee #1 and Coworker #1, employed by a building services company, were cleaning the exterior windows of a twelve-story office building. They were suspended from a rooftop anchor system and had descended from the fourth to the third floor, 30 feet above the surface. Employee #1's primary lifeline rope, which hung down to the ground, became caught by a bus moving below the employees. Employee #1 was pulled downward, and the rope failed and broke. His secondary lifeline rope did not fail, and it prevented Employee #1 from falling further. The secondary lifeline pulled Employee #1 upward in a sling shot effect, and he struck the side of the building. Emergency services were called, and Employee #1 was transported to the hospital. He was admitted and treated for a laceration over his right eye and a fractured right pinky finger.",real,True,sha256:9dc64febec01c93d775dd15a7f2cddb8c9d0ed710f8764fae1e6c52960606e85,444,source_published_annotation,source_published_annotation_unreviewed
104511.015,struck-by,"Employee #1 and Coworker #1, employed by a construction company, were engaged in the construction of a new gas station. They were using a John Deere backhoe loader, Identification Number 1TO310ELVGG297191, to unload sumps from a flatbed trailer into the backhoe's bucket. Coworker #1, Employee #1's supervisor, was operating the backhoe. As Coworker #1 lowered the bucket, the sump, which was unsecured, fell out of the bucket and struck Employee #1. Emergency services were called, and Employee #1 was transported to the hospital. He was admitted and treated for injuries to his head, neck, and leg.",real,True,sha256:9dc64febec01c93d775dd15a7f2cddb8c9d0ed710f8764fae1e6c52960606e85,445,source_published_annotation,source_published_annotation_unreviewed
100453.015,caught-in/between,"Employee #1 and Coworker #1, employed by a company in the renewable energy industry, were working at the construction site for a new project. They were standing in an elevator that failed to move and were attempting to troubleshoot the problem. Employee #1 climbed halfway out through the overhead hatch and was moving onto the ladder when Coworker #1 pushed the elevator's up arrow and the elevator began to move. Employee #1 was crushed between the elevator and the ladder. Emergency services were called, and Employee #1 was transported to the hospital. He was admitted and treated for a fractured and punctured right arm. During the subsequent investigation, it was determined that the interlock switch, which should have prevented the elevator from moving with the overhead hatch open, was damaged and not functioning.",real,True,sha256:9dc64febec01c93d775dd15a7f2cddb8c9d0ed710f8764fae1e6c52960606e85,446,source_published_annotation,source_published_annotation_unreviewed
103174.015,struck-by,"Employee #1, employed by a construction company, was doing exterior carpentry repair and maintenance at a two-story commercial building. He was using a rope and pulley to raise a piece of lumber when he felt a splinter in his hand. He became distracted, and the lumber fell back down onto his left arm. Emergency services were called, and Employee #1 was transported to the hospital. He was admitted and treated for a fractured forearm.",real,True,sha256:9dc64febec01c93d775dd15a7f2cddb8c9d0ed710f8764fae1e6c52960606e85,447,source_published_annotation,source_published_annotation_unreviewed
100053.015,struck-by,"Employee #1, employed by a construction company, was working inside a tee-trench that measured 6.5 feet deep by 4 feet wide. He was connecting a new water pipe that had been installed. Most of the trench was shored, but one inside corner was not protected completely due to an electrical line obstruction. As Employee #1 bent down to examine the pipe, soil from the unshored area broke loose and struck the back of his head. His face struck the water pipe. Emergency services were called, and Employee #1 was transported to the hospital. He was treated for contusions and a laceration that required sutures and released the same day. At a later date, Employee #1 required additional treatment for pain management.",real,True,sha256:9dc64febec01c93d775dd15a7f2cddb8c9d0ed710f8764fae1e6c52960606e85,448,source_published_annotation,source_published_annotation_unreviewed
101174.015,caught-in/between,"Employee #1 and Coworker #1, employed by a pipeline company, were working at an excavation alongside a busy road. Employee #1, the site foreman, was inside a 5-foot excavation and overseeing the work crew's digging around gas pipes. The bucket of a backhoe truck was inside the trench and being used to load dirt for removal. Coworker #1, the backhoe truck operator, was in his vehicle, which was parked in the second lane of the road, inside a work zone coned off for traffic control. Coworker #1, whose back was to the oncoming traffic, subsequently reported that he thought he heard a vehicle entering the work zone. He attempted to secure his vehicle and prepare for impact. In so doing, he inadvertently operated the bucket controls, the boom swung, and the bucket struck Employee #1. Employee #1 was pinned between the bucket and the wall of the excavation. Emergency services were called, and Employee #1 was transported to the hospital. He was admitted and treated for a fractured pelvis.",real,True,sha256:9dc64febec01c93d775dd15a7f2cddb8c9d0ed710f8764fae1e6c52960606e85,449,source_published_annotation,source_published_annotation_unreviewed
103863.015,caught-in/between,"Employee #1, employed by a healthcare consortium, was working in a trench at a depth of approximately 6.5 feet. The trench's vertical walls had no shoring or protective devices. Employee #1 was manually clearing dirt away from a 6-inch diameter water pipe when part of the trench wall behind him collapsed. Employee #1 was struck and partially buried by the collapsing dirt. Emergency services were called, and Employee #1 was transported to the hospital. He was admitted and treated for a fractured pelvis and dislocated hip.",real,True,sha256:9dc64febec01c93d775dd15a7f2cddb8c9d0ed710f8764fae1e6c52960606e85,450,source_published_annotation,source_published_annotation_unreviewed
100150.015,struck-by,"Abstract: There are two inspections associated with this investigation
1272750, and 1272751. This narrative is based on inspection number 1272750. Employee #1 was working for a site preparation contractor. He was at a worksite where an existing residence was being renovated. He was removing roots, trash, and other material from the worksite. At the same time, his employer was grading and leveling the earth behind the residence under renovation. The employer was working in the far left corner of a back yard. He was using a New Holland Model Number C185 skid steer front end loader, with Serial Number N6449941. The employer was moving and grading earth to pour concrete for a carport approximately 6.1 meters long by 6.7 meters wide (20 feet long by 22 feet wide). Prior to the incident, Employee #1 was instructed by his employer to sit on the back of a pickup truck, because he appeared to be fatigued. The employer continued to work on leveling the dirt when he heard someone yell. The employer saw that Employee #1 had been struck by the skid steer. Emergency responders were called to the scene, and Employee #1 was transported to a local hospital. A left laparotomy and left-sided thoracotomy were performed. He died. Employee #1 had sustained the following injuries, which led to his death: compound fracture to left distal tibia and fibula
Fractures and symphysis of the left pubis bone, right and left sacroiliac joint, and bilateral ribs
And a laceration of the urinary bladder. The skid steer's backup alarm was not working, and there was no one signaling the skid steer's operator that it was safe for him to back up on a skid steer with an obstructed view to the rear.",real,True,sha256:9dc64febec01c93d775dd15a7f2cddb8c9d0ed710f8764fae1e6c52960606e85,451,source_published_annotation,source_published_annotation_unreviewed
100195.015,caught-in/between,"Employee #1, employed by a boiler services company, was conducting maintenance on a boiler. Lockout-tagout was not implemented. As Employee #1 removed the v-belt, the boiler's drive system activated. Employee #1's left middle finger was caught in the v-belt/pulley, and the fingertip was amputated. Employee #1 received treatment for the amputation but was not hospitalized.",real,True,sha256:9dc64febec01c93d775dd15a7f2cddb8c9d0ed710f8764fae1e6c52960606e85,452,source_published_annotation,source_published_annotation_unreviewed
99979.015,caught-in/between,"Employee #1, employed by a building contractor, was trying to remove a piece of cutout metal from a portable hydraulic punch press. His finger was inside the press when he inadvertently stepped on the control pedal. The press began to cycle, and Employee #1's left index finger was partially amputated but he was not hospitalized.",real,True,sha256:9dc64febec01c93d775dd15a7f2cddb8c9d0ed710f8764fae1e6c52960606e85,453,source_published_annotation,source_published_annotation_unreviewed
99937.015,caught-in/between,"Employee #1, employed by a construction company specializing in grain storage, was in the process of constructing a storage structure. He was kneeling on the ground and working with a metal rafter which lay flat on the ground. A gust of wind blew another nearby rafter, which struck and fell on top of Employee #1. Employee #1 was pinned between the two rafters. Emergency services were called, and Employee #1 was transported to the hospital. He was admitted and treated for a fractured foot, a fractured cheekbone, and facial lacerations.",real,True,sha256:9dc64febec01c93d775dd15a7f2cddb8c9d0ed710f8764fae1e6c52960606e85,454,source_published_annotation,source_published_annotation_unreviewed
101130.015,caught-in/between,"Employee #1 and Coworker #1, employed by a construction company, were working at a pile driver. Employee #1 was unhooking a rigging chain from the pile driver. Coworker #1, the pile driver operator, raised the driver hammer before the rigging chain was detached. Employee #1's finger was pinched between the hook and the lifting plate, and the fingertip was amputated. Employee #1 received medical treatment for the partial finger amputation, but was not hospitalized.",real,True,sha256:9dc64febec01c93d775dd15a7f2cddb8c9d0ed710f8764fae1e6c52960606e85,455,source_published_annotation,source_published_annotation_unreviewed
104327.015,electrocution,"Employee #1, an apprentice electrician, and Coworker #1, a journeyman electrician, both employed by an electrical services company, were engaged in electrical work at a job site. Coworker #1 was changing out buss fingers as Employee #1 stood behind and held open the cabinet door. Employee #1 was not wearing protective gloves or other protection. An electric arc flash occurred, and Employee #1's hand holding the cabinet door was exposed to the flash heat. Emergency services were called, and Employee #1 was transported to the hospital. He was admitted and treated for second and third degree burns to the back of his left hand.",real,True,sha256:9dc64febec01c93d775dd15a7f2cddb8c9d0ed710f8764fae1e6c52960606e85,456,source_published_annotation,source_published_annotation_unreviewed
99517.015,struck-by,"Employee #1, the foreman, and Coworkers #1 and #2, employed by a construction company, were working at a multiemployer project, a bridge construction. They were dismantling a mobile crane for transport off-site. In an attempt to lift the crane's rear outrigger, which weighed 5,600 pounds, and to place it on a carry-all trailer, Employee #1 used a worn/tattered double leg synthetic sling to rig the outrigger. As the outrigger was being lifted, the sling failed and released the outrigger, which deflected off the trailer's edge and rolled over Employee #1's leg. Emergency services were called, and Employee #1 was transported to the hospital and admitted. His leg injuries required the amputation of the lower leg.",real,True,sha256:9dc64febec01c93d775dd15a7f2cddb8c9d0ed710f8764fae1e6c52960606e85,457,source_published_annotation,source_published_annotation_unreviewed
99683.015,struck-by,"Employee #1, employed by an industrial services company, was driving a dual axle dump truck and hauling gravel. The truck's brakes failed. Emergency services were called, and Employee #1 was transported to the hospital. He was admitted and treated for multiple injuries, including eight fractured ribs, a punctured lung, head and wrist fractures. The subsequent investigation determined that the truck's brakes was not operational before Employee #1 began his route, and the other brakes failed as he drove.",real,True,sha256:9dc64febec01c93d775dd15a7f2cddb8c9d0ed710f8764fae1e6c52960606e85,458,source_published_annotation,source_published_annotation_unreviewed
99215.015,caught-in/between,"Employee #1 was talking to a dump truck operator. Nearby, a loader was being used to load material into the dump truck. The loader operator lost sight of Employee #1. The loader backed up pinning him between the loader and dump truck. Employee #1 suffered crushing injuries that killed him",real,True,sha256:9dc64febec01c93d775dd15a7f2cddb8c9d0ed710f8764fae1e6c52960606e85,459,source_published_annotation,source_published_annotation_unreviewed
100392.015,caught-in/between,"Employee #1 and Coworkers #1 and #2, employed by a construction company, were installing casing for an existing underground water/sewer line. Coworker #2 was operating a crane and Coworker #1 was flagging/providing direction to Coworker #2. Coworker #1 made the wrong call, and the crane lifted the casing while Employee #1's hand was on top of it. Employee #1's hand was pinched and crushed between the casing and the underground line. Emergency services were called, and Employee #1 was transported to the hospital. He was admitted and treated for the partial amputation of his right hand's index and middle fingers.",real,True,sha256:9dc64febec01c93d775dd15a7f2cddb8c9d0ed710f8764fae1e6c52960606e85,460,source_published_annotation,source_published_annotation_unreviewed
99400.015,struck-by,"Employee #1 and Coworker #1, employed by a construction company, were operating earth-moving scrapers at a multiemployer construction project, a new residential building development. They were grading the unimproved lots. Employee #1, who was operating a Caterpillar 637 Scraper, Identification Numbers K8E88, 5-323, and UF3L78, performed a cut/fill operation and dropped the load of dirt from his scraper's bowl. He then attempted to complete a 180-degree turn at a higher than normal rate of speed. Employee #1 lost positive control of the machine and was unable to stop. Employee #1's scraper collided with the scraper driven by Coworker #1. Employee #1, who was wearing a seat belt, lost consciousness. Emergency services were called, and Employee #1 was transported to the hospital. He was admitted and treated for a concussion, multiple rib fractures, and contusions to his left lung and left knee. During the subsequent investigation, the employer's mechanic stated that he had inspected the scraper operated by Employee #1, which was totaled in the collision, and that the machine's braking system was not functional.",real,True,sha256:9dc64febec01c93d775dd15a7f2cddb8c9d0ed710f8764fae1e6c52960606e85,461,source_published_annotation,source_published_annotation_unreviewed
99641.015,caught-in/between,"Employee #1 and Coworker #1, employed by a construction company, were engaged in excavation and trenching work at a residential property. They were tasked with removing an existing drainage pipe and replacing it with a new pipe. Coworker #1 was operating excavation equipment, and Employee #1 was working in the excavation made to access and remove the existing pipe and install new pipe. The excavation was reported to be 11 to 21 feet long, its width varied from 2.5 feet to 10 feet, and its depth was 6.2 feet. A 2.5 feet by 10 feet trench, where the new pipe would be installed, extended from the excavation. As Employee #1 worked in the excavation, a loose stone dislodged from the east vertical face, struck him, and knocked him to his knees. The east face of the excavation collapsed, and Employee #1 was buried and trapped up to his waist. Emergency services were called and, after Employee #1 was trapped for 30 to 40 minutes in the cave-in, emergency responders extracted him from the wet soil. Employee #1 was transported to the hospital, admitted, and treated for a fractured pelvis. He required four surgeries, a blood transfusion, and physical therapy. During the subsequent investigation, it was determined that the excavation had been made in Class C soil that was wet and had a compression strength of 0.25 to 0.5 ton per square foot. The soil had not been classified, and cave-in protective systems had not been used during the excavation work.",real,True,sha256:9dc64febec01c93d775dd15a7f2cddb8c9d0ed710f8764fae1e6c52960606e85,462,source_published_annotation,source_published_annotation_unreviewed
98373.015,caught-in/between,"Employee #1, employed by a construction company, and Coworker #1 were working at a multiemployer construction project that involved an excavation. Employee #1 was cleaning out residual debris from the excavation. Coworker #1, a backhoe operator, was preparing to drive the backhoe forward and out of the way. The machine's brakes disengaged, and the backhoe slid backwards, striking Employee #1 and pinning him between the backhoe and the excavation. Emergency services were called, and Employee #1 was transported to the hospital. He was admitted, and his leg, which had been amputated, was treated.",real,True,sha256:9dc64febec01c93d775dd15a7f2cddb8c9d0ed710f8764fae1e6c52960606e85,463,source_published_annotation,source_published_annotation_unreviewed
99243.015,electrocution,"Employee #1, employed by an electrical services company, was at a worksite and preparing to work on an irrigation booster. As he attempted to de-energize and disconnect a transformer, he disconnected the wrong transformer, one that was still energized. An arc flash ensued, and Employee #1 received flash burns. Emergency services were called, and Employee #1 was transported to the hospital. He was admitted and treated for flash burns to approximately 20 percent of his body.",real,True,sha256:9dc64febec01c93d775dd15a7f2cddb8c9d0ed710f8764fae1e6c52960606e85,464,source_published_annotation,source_published_annotation_unreviewed
98162.015,caught-in/between,"Employee #1 and Coworker #1, employed by a construction company, were working at a multiemployer construction project. Employee #1 was unhooking rigging chain from a pile driver operated by Coworker #1. Employee #1 raised the pile driver's hammer before the chain was cut loose. Employee #1's finger was pinched between the hook and the lifting plate and was amputated. Emergency services were called, and Employee #1 was transported to the hospital where he was treated and released.",real,True,sha256:9dc64febec01c93d775dd15a7f2cddb8c9d0ed710f8764fae1e6c52960606e85,465,source_published_annotation,source_published_annotation_unreviewed
98404.015,struck-by,"Workers employed by a county transportation department were patching a road. They had parked their vehicles inside the marked-off work zone. The moving vehicle's brakes failed while traveling down a hill, the driver lost control, and the vehicle ran into the rear of a worker's parked vehicle. No one was injured.",real,True,sha256:9dc64febec01c93d775dd15a7f2cddb8c9d0ed710f8764fae1e6c52960606e85,466,source_published_annotation,source_published_annotation_unreviewed
97810.015,electrocution,"Employee #1, employed by a construction company, was performing electrical work at a multiemployer construction site, a medical building. He was installing a new circuit breaker in an existing, live, 480-volt circuit breaker panel. Three straps, each with one screw, were required to install the breaker. Employee #1 had installed two straps and was working on the last strap when he dropped the screw. The screw struck live parts, causing an arc flash. Employee #1 was burned in the flash. Emergency services were called, and Employee #1 was transported to the hospital. He was admitted and treated for burns to his face, arms, and chest. The subsequent investigation determined that Employee #1 had not been wearing eye and face protection or arc flash protection.",real,True,sha256:9dc64febec01c93d775dd15a7f2cddb8c9d0ed710f8764fae1e6c52960606e85,467,source_published_annotation,source_published_annotation_unreviewed
101403.015,caught-in/between,"Employee #1, employed by a drywall construction company, was loading painting materials into a vehicle in preparation for painting newly constructed residences at a job site. He was standing behind his vehicle's tailgate when a second, driverless vehicle began to roll toward him. The second vehicle struck Employee #1 and pinned him against his vehicle's tailgate. Emergency services were called, and Employee #1 was transported to the hospital. He was admitted and treated for a crushed leg. During the subsequent investigation, it was determined that the second vehicle's parking brake had not been set when its operator exited.",real,True,sha256:9dc64febec01c93d775dd15a7f2cddb8c9d0ed710f8764fae1e6c52960606e85,468,source_published_annotation,source_published_annotation_unreviewed
97665.015,caught-in/between,"An employee was working for a firm that provided waste management services. He was replacing a tine arm on the bucket of a crane used in a garbage pit. The tine arm was held in place by two pins. The employee did not secure the tine arm. As he was removing the two pins for replacement, the arm shifted. The employee was struck by the arm and caught between the tine and the crane bucket. He sustained a chest contusion. He was hospitalized.",real,True,sha256:9dc64febec01c93d775dd15a7f2cddb8c9d0ed710f8764fae1e6c52960606e85,469,source_published_annotation,source_published_annotation_unreviewed
97346.015,electrocution,"Employees #1, #2, and #3, employed by a roofing company, were engaged in roofing work at a residential building construction site. They were installing roof shingles when lightning struck the roof and made contact with all three employees. Emergency services were called to transport the injured employees to the hospital for treatment of electrical shock and burns. The subsequent investigation report indicated that Employees #1 and #2 required admission and hospitalization.",real,True,sha256:9dc64febec01c93d775dd15a7f2cddb8c9d0ed710f8764fae1e6c52960606e85,470,source_published_annotation,source_published_annotation_unreviewed
101470.015,struck-by,"Employee #1, employed by a construction company specializing in solar power systems, was working at a jobsite. He was checking the status of the task of pulling wire from a reel into a conduit. He walked up to the wire reel, which weighed approximately 500 pounds and was attached to a Skytrak-style forklift. The wire reel fell off the forklift and onto Employee #1. Emergency services were called, and Employee #1 was transported to the hospital. He was admitted and treated for a fractured right leg tibia, a laceration above his left eye that required four stitches, and lacerations to the occipital region of his head that required 14 stitches. The subsequent investigation determined that the wire reel had been improperly secured to the forklift using an unauthorized attachment.",real,True,sha256:9dc64febec01c93d775dd15a7f2cddb8c9d0ed710f8764fae1e6c52960606e85,471,source_published_annotation,source_published_annotation_unreviewed
102311.015,caught-in/between,"Employee #1, a carpenter employed by a construction company, was part of a crew setting wooden forms for a two-story building's 25-foot tall concrete column. As Employee #1 was climbing down from the top of the wooden form, which was not supported/braced, the form started to fall toward the second floor concrete deck. The form came to rest on top of the decking, pinning Employee #1 between the decking and the form. Emergency services were called, and Employee #1 was transported to the hospital. He was admitted and treated for a crushed pelvis and crushed legs.",real,True,sha256:9dc64febec01c93d775dd15a7f2cddb8c9d0ed710f8764fae1e6c52960606e85,472,source_published_annotation,source_published_annotation_unreviewed
97371.015,electrocution,"An employee was installing gutters and downspouts on the third level of a newly built townhouse. During work, high winds caused the employee to move a metal ladder he was using from the north side of the house when the ladder contacted overhead power lines. The employee was electrocuted.",real,True,sha256:9dc64febec01c93d775dd15a7f2cddb8c9d0ed710f8764fae1e6c52960606e85,473,source_published_annotation,source_published_annotation_unreviewed
98835.015,electrocution,"Employee #1, employed by an electrical services company, was working in a building's corridor. He was changing the direction of an exit sign. As he attached the exit sign to the ceiling, Employee #1 touched an energized wire. He received an electric shock. Emergency services were called, and Employee #1 was transported to the hospital. He was admitted and treated for the electric shock.",real,True,sha256:9dc64febec01c93d775dd15a7f2cddb8c9d0ed710f8764fae1e6c52960606e85,474,source_published_annotation,source_published_annotation_unreviewed
101836.015,caught-in/between,"Employee #1 and Coworker #1, employed by an excavation company, were working alongside a road. They were preparing to install a precast manhole in a trench. Coworker #1 was operating a hoisting machine, and Employee #1 was in the trench and disconnecting the load (the precast manhole). Coworker #1 hoisted the load before it was fully disconnected. Employee #1 was caught between the load and the side of the trench. Emergency services were called, and Employee #1 was transported to the hospital, admitted, and treated for injuries.",real,True,sha256:9dc64febec01c93d775dd15a7f2cddb8c9d0ed710f8764fae1e6c52960606e85,475,source_published_annotation,source_published_annotation_unreviewed
97137.015,electrocution,"Employees #1 and #2, employed by a construction company, were engaged in rigging work at a construction site. They were working from a crane. A metal rigging cable came too close to a power line, and an electric arc occurred. The two employees sustained electrical shocks. Emergency services were called, and Employees #1 and #2 were transported to the hospital, admitted, and treated for electrical shock.",real,True,sha256:9dc64febec01c93d775dd15a7f2cddb8c9d0ed710f8764fae1e6c52960606e85,476,source_published_annotation,source_published_annotation_unreviewed
97024.015,electrocution,"A 52 year old male employee was installing concrete forms for a foundation addition to an existing single family home. The employee, the crew foreman, was using a Skilsaw hand held circular saw which was plugged into an extension cord which was plugged into a second extension cord. The second extension cord was plugged into an existing non-GFCI outlet in the basement of the home. The employee was electrocuted and died as a result of his injuries.",real,True,sha256:9dc64febec01c93d775dd15a7f2cddb8c9d0ed710f8764fae1e6c52960606e85,477,source_published_annotation,source_published_annotation_unreviewed
97123.015,caught-in/between,"Employee #1, employed by an electrical services company, was engaged in electrical installation work at the multiemployer construction site for a large office complex. He was using a Maxis 3K Cable Puller powered by a Milwaukee Super Hawg Drill to pull wires through an electrical panel in a server room. The rope that was going through the cable puller's capstan became overwrapped. Employee #1 reached over with his right hand to turn off the equipment, and his hand became caught on the rope being pulled. Emergency services were called, and Employee #1 was transported to the hospital. He was treated for the partial amputation of his right pinkie finger and then discharged.",real,True,sha256:9dc64febec01c93d775dd15a7f2cddb8c9d0ed710f8764fae1e6c52960606e85,478,source_published_annotation,source_published_annotation_unreviewed
99249.015,caught-in/between,"Employee #1, employed by a company specializing in transportation-related electrical services, was helping repair the brakes on the back of a bread truck. He was under the truck, which was jacked up with no jack stands. The jack sank into the soft dirt, crushing Employee #1. Emergency services were called, and Employee #1 was transported to the hospital. He was admitted and treated for a fractured back and damaged kidney.",real,True,sha256:9dc64febec01c93d775dd15a7f2cddb8c9d0ed710f8764fae1e6c52960606e85,479,source_published_annotation,source_published_annotation_unreviewed
101671.015,electrocution,"Employee #1, employed by an electrical supply company, was working at a multiemployer job site. Employee #1 had climbed a ladder to roll and bundle data cable hanging from the ceiling. The employee did not see a junction box hanging open from the ceiling with an exposed live wire. The wire struck Employee #1's neck. Employee #1 received an electric shock and fell from the ladder. Emergency services were called, and Employee #1 was transported to the hospital, admitted, and treated for a head injury requiring stiches plus shoulder and neck injuries.",real,True,sha256:9dc64febec01c93d775dd15a7f2cddb8c9d0ed710f8764fae1e6c52960606e85,480,source_published_annotation,source_published_annotation_unreviewed
96911.015,caught-in/between,"Employee #1, a foreman, and Coworker #1, employed by an electrical contractor, were working at a multiemployer job site, the construction of a new commercial building. They were engaged in interior electrical work, installing video monitors. As they moved a boxed video monitor on a wooden dolly from one hallway area to another, the box shifted forward. It struck Employee #1, who was in the front position, on the left side of his chest and pinned him against the hallway wall. Employee #1 felt a sharp pain in his chest, but the pain subsided when Employee #1 and Coworker #1 repositioned the box on the dolly. They continued to work. Over the weekend, Employee #1 experienced growing discomfort in his chest. Employee #1 reported to his employer that he was experiencing chest pain and difficulty breathing. He was transported to the hospital, admitted, and treated for a pneumothorax (collapsed lung). Employee #1 required 12 days' hospitalization. During the subsequent investigation, measurements showed the dolly measured 33 inches long, 19.5 inches wide, and 7.25 inches high. This small dolly had been used to carry a boxed monitor that weighed approximately 300 pounds. The box that held the monitor measured 55 inches tall, 93 inches wide, and 18 inches deep. The investigation concluded that, while the dolly could support the weight of the load, it could not support the monitor's lateral dimension. Employee #1 and Coworker #1 were required to not only control the motion and direction of the monitor, but also support its lateral movement during the moving process.",real,True,sha256:9dc64febec01c93d775dd15a7f2cddb8c9d0ed710f8764fae1e6c52960606e85,481,source_published_annotation,source_published_annotation_unreviewed
96278.015,electrocution,"Employee #1, employed by a concrete drilling contractor, was working at a commercial building. He was inside an electrical cabinet and drilling three 5-inch holes in the cabinet's concrete floor. Power to the cabinet's electric panel was not shut off. Employee #1 was electrocuted. Emergency services were called, and Employee #1 was transported to the hospital. He was admitted and treated for second and third degree burns to his upper body and a fractured back.",real,True,sha256:9dc64febec01c93d775dd15a7f2cddb8c9d0ed710f8764fae1e6c52960606e85,482,source_published_annotation,source_published_annotation_unreviewed
96453.015,electrocution,"Employee #1, employed by an electrical services company, was working at a multiemployer job site. He was installing grounding bushing on the inside of an electrical panel to which power had been turned off. The power company turned on the electrical power, and 480 volts flowed to the panel. An arc flash ensued. Employee #1 sustained burns to his upper body. Emergency services were called, and Employee #1 was transported to the hospital. He was admitted and treated for burns.",real,True,sha256:9dc64febec01c93d775dd15a7f2cddb8c9d0ed710f8764fae1e6c52960606e85,483,source_published_annotation,source_published_annotation_unreviewed
97648.015,struck-by,"Employee #1, employed by a company providing fire sprinkler systems, was engaged in fireproofing work at a seven-story building. He was gathering tools and material to extend a standpipe up one floor. Employee #1 began to unscrew the 6-inch Grinnell Mechanical Grooved Lock-In Cap with a ratchet and pipe wrench. He removed the cap before verifying that the pipe had been depressurized and the compressor disabled. The standpipe was under compressed air pressure, and the cap flew off and struck Employee #1's face. Emergency services were called, and Employee #1 was transported to the hospital. He was admitted and treated for a fractured jaw, a fractured nose, and a tooth that broke off when he was struck.",real,True,sha256:9dc64febec01c93d775dd15a7f2cddb8c9d0ed710f8764fae1e6c52960606e85,484,source_published_annotation,source_published_annotation_unreviewed
95671.015,electrocution,"Employee #1, employed by an electrical services company, was part of a work crew working in a residential neighborhood and preparing to string wire from a utility pole that another crew had replaced. Employee #1 was assigned to prep cable on the ground next to a bucket truck. For an undetermined reason, he went up in the bucket without rubber gloves or other PPE and without testing or grounding. Employee #1 made contact with energized 4 kilovolt conductors. Several coworkers ran to his aid, brought him down, and removed him from the bucket. Emergency services were called, and Employee #1 was transported to the hospital in critical condition. He was admitted and treated for electrical burns to his left neck, left cheek, left hand and fingers
An electrical energy wound on his right hand that resulted in the loss of his index finger and partial loss of his thumb
And an exit wound on his right shoulder approximately 2 inches in diameter.",real,True,sha256:9dc64febec01c93d775dd15a7f2cddb8c9d0ed710f8764fae1e6c52960606e85,485,source_published_annotation,source_published_annotation_unreviewed
95757.015,struck-by,"Employee #1 and coworkers, employed by a concrete construction company, were working at a single family residential construction site. They were engaged in the installation of a concrete garage floor measuring 20 feet wide and 22 feet 6 inches long. In order to ensure an even concrete pour, the employees were snapping chalk lines along the form walls of the garage and running strings between nails they were hammering into the garage form walls at the level of the chalk lines. Employee #1 was using a hand-held hammer to manually strike a nail and drive it into the concrete wall. He was not wearing safety glasses. The nail deflected and became a flying projectile, striking and embedding in Employee #1's left eye. Employee #1 manually pulled the nail out of his eye. Emergency services were called, and Employee #1 was transported to the hospital. His eye puncture wound was treated with laser eye surgery, an eye wash, and medication. Employee #1 was released from the hospital the same day. The eye injury resulted in temporary near-sightedness.",real,True,sha256:9dc64febec01c93d775dd15a7f2cddb8c9d0ed710f8764fae1e6c52960606e85,486,source_published_annotation,source_published_annotation_unreviewed
99803.015,caught-in/between,"Employee #1, employed by a concrete pumping equipment rental company, was working at the construction site of a multifamily residential project. Employee #1, operating a 1999 Putzmierter concrete pump truck, had delivered concrete to the site. He then began to perform a washout on the concrete pump truck, a regular procedure operators perform after every delivery. This procedure requires that the motor be running in order to operate the pump system. Employee #1 had the truck's engine on and idling. As EE1 was rinsing the equipment, he pulled on the water hose. The hose pressed on the control levers on the side of the equipment, causing the auger to engage and start rotating. A cutout switch that would have shut off power was missing parts, including its guard, and did not work properly. Employee #1's right foot was caught in the rotating paddles of the auger. Emergency services were called, and Employee #1 was transported to the hospital. He was admitted and treated for a fractured ankle that required surgery.",real,True,sha256:9dc64febec01c93d775dd15a7f2cddb8c9d0ed710f8764fae1e6c52960606e85,487,source_published_annotation,source_published_annotation_unreviewed
95228.015,struck-by,"Employee #1 and Coworkers #1 and #2, employed by a plumbing and heating company, were leaving the construction site for a new hospital at the end of their shift. Coworker #3, an excavator operator, was working outdoors. Employee #1 and Coworkers #1 and #2 left the building and walked along an un-delineated dirt and gravel path toward an adjacent parking structure. A Bobcat excavator, PT6E93, E45 *B2VY12385*, 10502602, operated by Coworker #3, was positioned next to the parking structure. As Employee #1 and Coworkers #1 and #2 passed the excavator, Employee #1 tripped over some pebbles, fell forward, and struck his head on the bucket of the excavator. His left eye made contact with the rock tooth (fork) mounted on the corner of the bucket. Emergency services were called, and Employee #1 was transported to the hospital. He was admitted and treated for a puncture wound that destroyed his left eye. He subsequently was transferred to another hospital for advanced treatment, including a surgical procedure for placing a prosthetic eye in the eye socket. During the subsequent investigation, it was determined that no barriers were in place to restrict access to the excavation area.",real,True,sha256:9dc64febec01c93d775dd15a7f2cddb8c9d0ed710f8764fae1e6c52960606e85,488,source_published_annotation,source_published_annotation_unreviewed
97507.015,electrocution,"Employee #1, employed by an electrical services company, was upgrading the electrical equipment at a commercial building. He tried to install a ground wire on an electrical panel while electrical power was flowing from the panel. Employee #1's left hand made contact with a live 277-volt busbar, and an electrical flash occurred. Emergency services were called, and Employee #1 was transported to the hospital. He was admitted and treated for fourth degree burns to his hand. Employee #1 required hospitalization for approximately two weeks. The subsequent investigation determined that no personal protective equipment had been used.",real,True,sha256:9dc64febec01c93d775dd15a7f2cddb8c9d0ed710f8764fae1e6c52960606e85,489,source_published_annotation,source_published_annotation_unreviewed
97550.015,electrocution,"Employee #1, employed by a demolition company, was working at a multi-employer construction site, of a commercial building. He was demolishing a first floor interior wall. Electrical power in the building had not been shut off, and nearby electrical wires had current flowing through them. Employee #1's left arm came into contact with a conduit containing live electrical wires, and he received a shock. Emergency services were called, and Employee #1 was transported to the hospital. He was treated for an electrical shock injury to his left lower arm. During the subsequent investigation, it was determined that the electrical rating for the building was 120 volts/20 amps.",real,True,sha256:9dc64febec01c93d775dd15a7f2cddb8c9d0ed710f8764fae1e6c52960606e85,490,source_published_annotation,source_published_annotation_unreviewed
95000.015,struck-by,"An employee was operating a bulldozer crushing and moving garbage. The employee fell out of operator's cabin of bulldozer as it was moving sharply downhill. The employee was crushed and suffered blunt force trauma to hips and legs. The employee was killed by heavy equipment, either by tracks of his dozer, or wheels of loader working nearby. There was no evidence of the employee wearing a seatbelt.",real,True,sha256:9dc64febec01c93d775dd15a7f2cddb8c9d0ed710f8764fae1e6c52960606e85,491,source_published_annotation,source_published_annotation_unreviewed
94416.015,caught-in/between,"Employees #1 and #2, employed by a construction contractor, were engaged in trench excavation work related to a commercial building construction project. Employee #1 was taking his lunch break while standing inside the 2- to 3-foot excavation, which had just been dug next to an existing concrete block wall. Employee #2 was outside the trench near Employee #1. The concrete block wall's footing had been exposed and weakened by the digging. The wall collapsed, completely burying Employee #1 and trapping Employee #2's left foot. Emergency services were called. Employee #1, when freed from the collapse, and found to have fatal head and chest injuries. Employee #2's foot was freed from the collapsed wall. He was transported to the hospital, admitted, and treated for fractures to his foot.",real,True,sha256:9dc64febec01c93d775dd15a7f2cddb8c9d0ed710f8764fae1e6c52960606e85,492,source_published_annotation,source_published_annotation_unreviewed
94138.015,struck-by,"An employee and a coworker entered an unprotected excavation approximately 15-18 feet deep. The employee was talking to his supervisor approximately 10 feet away from an excavation wall when a section of the wall partially collapsed. The employee was struck by soil material falling down. The employee suffered from bruised legs and body system and was treated and released from the local hospital. During the same incident two surveyors employed by a separate company were also injured
The injuries were not specified. One of them was treated and released
The other employee was hospitalized for approximately three days.",real,True,sha256:9dc64febec01c93d775dd15a7f2cddb8c9d0ed710f8764fae1e6c52960606e85,493,source_published_annotation,source_published_annotation_unreviewed
94988.015,struck-by,An employee and coworkers were paving a parking lot. The employee was too close to a backhoe which ran over his foot. The employee fractured his ankle for which he was hospitalized.,real,True,sha256:9dc64febec01c93d775dd15a7f2cddb8c9d0ed710f8764fae1e6c52960606e85,494,source_published_annotation,source_published_annotation_unreviewed
93557.015,struck-by,"An employee was working as part of a construction crew and moving temporary road signage from one section of highway to another to prepare for concrete culvert construction. The employee was riding in the back of a 2007 Dodge 3500HD Dually with the tailgate down picking up the fabric signs as a coworker drove at approximately 10 to 12 mph. Strong winds caused one of the fabric signs in the truck to strike the employee which caused the worker to fall out of the back of the truck onto the pavement. The employee suffered head, face, neck and body trauma when he stuck the pavement and was killed from his injuries.",real,True,sha256:9dc64febec01c93d775dd15a7f2cddb8c9d0ed710f8764fae1e6c52960606e85,495,source_published_annotation,source_published_annotation_unreviewed
93292.015,struck-by,"An employee was performing his duties as a spotter/ inspector and was walking behind a Kawasaki front end Loader, Serial Number VG7N38 that was loading trash into trailers that were parked in the middle of the recycling yard. The loader operator scooped a load of trash and began to back and turn the loader toward the dump trailer. The operator was unaware of the employee's presence which was behind and to the right of Kawasaki loader. The employee was knocked to the ground, ran over and then crushed to death by the right rear tire of the Kawasaki Front end loader.",real,True,sha256:9dc64febec01c93d775dd15a7f2cddb8c9d0ed710f8764fae1e6c52960606e85,496,source_published_annotation,source_published_annotation_unreviewed
93333.015,electrocution,"Employee #1, employed by a construction-related services company, was performing electrical work. He was terminating a ground wire onto a mechanical lug on the lower half of a 480-volt, 200-amp disconnect. When he loosened the mechanical ground lug, the ground wire came into contact with an energized A Phase at the top of the disconnect, which was not fully insulated. This caused an arc flash, and Employee #1 was burned. Emergency services were called, and Employee #1 was transported to the hospital. He was admitted and treated for burns to his face and left hand.",real,True,sha256:9dc64febec01c93d775dd15a7f2cddb8c9d0ed710f8764fae1e6c52960606e85,497,source_published_annotation,source_published_annotation_unreviewed
94450.015,struck-by,"An employee was using a forklift to deliver construction materials when two metal fence panels on the ground got blown by a gust of wind into the forklift. The employee was struck by the fencing, sustaining a fractured right arm and multiple lacerations. He was hospitalized and received treatment for his injuries.",real,True,sha256:9dc64febec01c93d775dd15a7f2cddb8c9d0ed710f8764fae1e6c52960606e85,498,source_published_annotation,source_published_annotation_unreviewed
92314.015,caught-in/between,"Employee #1 who was a superintendent for a road crew, was operating a Crawler Dozer to free up the assigned operator to use another piece of heavy equipment. Employee #1 was grading some compacted soil on the side of a roadway where another lane was being added. The employee was not wearing a seatbelt and was ejected from his seat and subsequently pulled under the tracks of the dozer, crushing him to death.",real,True,sha256:9dc64febec01c93d775dd15a7f2cddb8c9d0ed710f8764fae1e6c52960606e85,499,source_published_annotation,source_published_annotation_unreviewed
90735.015,caught-in/between,"An employee was operating a Caterpillar telehandler forklift Model 1055C, serial number KDE01436. The employee was traveling down a dirt slope ramp that was approximately twenty percent grade with the forks downgrade and the plate compactor attached to the fork with a chain. The employee was driving with the cab door open at the time of the accident. The employee operating the forklift lost control, went into the trench and was ejected from the cab. The employee was pinned between the forklift and the dirt wall. The employee suffered internal injuries and a fractured pelvis and was fatally injured.",real,True,sha256:9dc64febec01c93d775dd15a7f2cddb8c9d0ed710f8764fae1e6c52960606e85,500,source_published_annotation,source_published_annotation_unreviewed
89137.015,caught-in/between,Employee #1 was part of a crew demolishing a wooden staircase. A structure which allowed the staircase to support a 5 foot tall concrete retaining wall had been removed. The concrete wall became unstable and an approximately 29 foot section collapsed. Employee #1 was partially trapped underneath the wall and suffered fractured ribs and pelvis and died from asphyxiation.,real,True,sha256:9dc64febec01c93d775dd15a7f2cddb8c9d0ed710f8764fae1e6c52960606e85,501,source_published_annotation,source_published_annotation_unreviewed
84978.015,struck-by,An employee had been assisting the bull dozer operator in filling in a low spot on the corner of the project site. The employee went behind the bull dozer at some point during the back filling operation to shoot a grade and the bull dozer operator did not see the employee in his blind spot. The bull dozer struck the employee and dragged him under the tracks. The employee was killed by bulldozer.,real,True,sha256:9dc64febec01c93d775dd15a7f2cddb8c9d0ed710f8764fae1e6c52960606e85,502,source_published_annotation,source_published_annotation_unreviewed
84673.015,caught-in/between,"Employee #1 and a coworker were removing dirt from a trench that measured 10.25 feet deep. While Employee #1 used a shovel to scoop the dirt from the trench, the coworker was instructed to lower the bucket of a backhoe into the trench, where the dirt would be placed. As the coworker operated the backhoe controls, he unintentionally maneuvered the bucket in a forward direction, striking Employee #1 and pinning him between the bucket and the trench wall. Employee #1 died as a result of his injuries. The incident investigation revealed that the coworker was untrained in the operation of the backhoe.",real,True,sha256:9dc64febec01c93d775dd15a7f2cddb8c9d0ed710f8764fae1e6c52960606e85,503,source_published_annotation,source_published_annotation_unreviewed
79900.015,electrocution,An employee was framing a residential house. The employee was struck by lightning while installing decking on second story residential home. The employee was killed.,real,True,sha256:9dc64febec01c93d775dd15a7f2cddb8c9d0ed710f8764fae1e6c52960606e85,504,source_published_annotation,source_published_annotation_unreviewed
80583.015,struck-by,"An employee was working for a firm engaged in commercial and institutional building construction. The employee was stringing welding leads. The project at hand called for a 2.49-meter by 3.66-meter (8-foot by 12-foot) steel plate to be welded in place next to a building. The steel plate weighed 1,724 kilograms (3,800 pounds). It was to have a 68.0-kilogram (150-pound) section of I-beam welded to it. The purpose of the assembly was to prevent slurry from a future trenching operation from entering the building. The steel plate stood on end in preparation for being welded in place. With its attachment, it weighed approximately 1,814 kilograms (4,000 pounds). It was not supported or secured against falling. Concrete was being jackhammered for removal nearby. The employee placed welding leads over the top of the plate. The welding leads pulled the plate off center and dislodged it. The employee then immediately walked in front of the plate as it fell on him. When the plate fell, it struck the employee's the entire body, most notably the employee's face. The employee sustained severe head trauma and likely broken bones to his torso. He was killed.",real,True,sha256:9dc64febec01c93d775dd15a7f2cddb8c9d0ed710f8764fae1e6c52960606e85,505,source_published_annotation,source_published_annotation_unreviewed
77829.015,caught-in/between,Employee #1 was in an unprotected excavation measuring approximately 20 foot long by 6 foot wide with varying depths of 6 to 10 feet. He was to locate and terminate a sanitary sewer line which was in the deepest area of the trench. The trench collapsed and covered him from his chest down. Employee #1 died of asphyxiation.,real,True,sha256:9dc64febec01c93d775dd15a7f2cddb8c9d0ed710f8764fae1e6c52960606e85,506,source_published_annotation,source_published_annotation_unreviewed
77535.015,caught-in/between,"Employee #1 was working in a trench that did not contain a trench box. A large portion of the trench caved in trapping and burying him in soil to the waist. Employee #1 suffered massive blunt force trauma, fractured legs, and a massive cut across the pelvic region which caused him to bleed out and Employee #1 died.",real,True,sha256:9dc64febec01c93d775dd15a7f2cddb8c9d0ed710f8764fae1e6c52960606e85,507,source_published_annotation,source_published_annotation_unreviewed
73937.015,caught-in/between,"Three iron workers were erecting a steel stairway on a multi-story apartment and retail building. The stairway was being erected inside a shaft that consisted of masonry walls on three sides. The iron workers had rigged a horizontal wire rope between to the east and west walls of the shaft near the top of the shaft on the 3rd floor. A ? ton Harrington Chain Hoist (Model CF4) was supported by the horizontal wire rope and the hoist was used to lift the steel staircase members that weighed between 28-and-123 pounds. The first two levels of the stairway were placed with this system & 17, and work did not continue & 19 due to extreme winter conditions. On the morning, the temperature was approximately 8 degrees Fahrenheit, with wind speeds of approximately 7 mph and max gusts of approximately 28 mph. The three iron workers were working from the first floor of the stairwell and were attempting to lift a stair stringer and then lower it for stairway access to the basement. The west section of the 3rd floor masonry wall that was supporting the horizontal wire rope collapsed into the stairwell. Iron worker #1 was welding from an 8 foot tall Werner step ladder that was on the first floor, leaning against the east wall. The collapsing section of wall that was approximately 11 blocks high and 7.5 blocks wide, struck iron worker #1 causing fatal injuries. The masonry walls had been erected for the first 3 floors a couple weeks prior to the accident, but the masonry walls were not complete and were planned to be extended for the remaining floors in the future. The masonry walls had also not been filled with grout nor had the permanent rebar been installed. The masonry wall was attached to the wood structure of the building, but the top portion was greater than 8 feet tall and was not braced to prevent overturning or collapse. A determination was not made to assure that the masonry walls could adequately support the rigging method used for the stairway. Iron worker #1 received crushing injuries to the head, spine, back, and ribs area, and was killed.",real,True,sha256:9dc64febec01c93d775dd15a7f2cddb8c9d0ed710f8764fae1e6c52960606e85,508,source_published_annotation,source_published_annotation_unreviewed
70382.015,caught-in/between,"Employee #1 and two crews of coworkers, employed by a steel erection company, were working at a commercial warehouse construction site. They were installing metal cross braces along open webbed steel joists. Employee #1 was operating an Illini Hi-Reach JLG Lift, a telescopic boom aerial lift and was connecting the cross braces to an affixed joist. He was trailing and setting the cross braces approximately 50 to 100 feet behind his coworkers, the erecting crew. During this operation Employee #1 appears to have leaned over the control panel of the lift, causing it to engage and pinning him between the frame of the lift basket and the base of the open webbed joists. Employee #1 was killed. Cause of death was determined to be asphyxia.",real,True,sha256:9dc64febec01c93d775dd15a7f2cddb8c9d0ed710f8764fae1e6c52960606e85,509,source_published_annotation,source_published_annotation_unreviewed
70037.015,struck-by,"A drywall delivery truck (boom lift truck operator) was placing a load of drywall in a second story window, directly over the employee. The employee was unloading the drywall, and the boom lift truck operator took a break. The load was suspended above the employee, and partially inside the second story window. Movement of the load resulted in the drywall falling out of the boom lift truck cradle, landing on the employee causing fatal injuries. The employee was killed and crushed by 4X10 foot sheets of drywall panels.",real,True,sha256:9dc64febec01c93d775dd15a7f2cddb8c9d0ed710f8764fae1e6c52960606e85,510,source_published_annotation,source_published_annotation_unreviewed
75911.015,caught-in/between,"Employee #1, employed by a construction company, was operating a power saw to cut concrete at a construction site. Employee #1 removed the saw's belt guards and he started up the saw and heard a problematic noise. He went around to the front of the saw to check the belt. The saw was running, but the belt was damaged. A belt tail that he could not see caught his hand and pulled it into the spinning saw blade. Emergency services were called, and Employee #1 was transported to the hospital. He was admitted and treated for an amputated thumb and two amputated fingers.",real,True,sha256:9dc64febec01c93d775dd15a7f2cddb8c9d0ed710f8764fae1e6c52960606e85,511,source_published_annotation,source_published_annotation_unreviewed
70180.015,struck-by,"Employee #1 and coworker, employed by a concrete company, were involved in constructing a mock-up concrete wall in the employer's work yard. Employee #1 was standing on a form panel and setting tie rods to the mock panel. The coworker was operating a forklift, JCB Model 509-42, which was carrying materials such as tie rods and panels. The coworker apparently became confused and stepped on the forklift's acceleration pad. The machine, which was moving slowly, struck Employee #1. Emergency services were called, and Employee #1 was transported to the hospital. He was admitted and treated for a lower back sprain and a right elbow sprain.",real,True,sha256:9dc64febec01c93d775dd15a7f2cddb8c9d0ed710f8764fae1e6c52960606e85,512,source_published_annotation,source_published_annotation_unreviewed
73705.015,electrocution,"Employee #1, employed by an electrical contractor, was working at a building jobsite. He was testing wires with a voltage meter to verify voltage. Employee #1 hit a live wire with his hand and sustained an electrical shock. Emergency services were called, and Employee #1 was transported to the hospital. He was admitted and treated for a thermal burn to his index finger. Subsequent investigation determined that Employee #1 was not wearing gloves when he came into contact with the bare electrical wire.",real,True,sha256:9dc64febec01c93d775dd15a7f2cddb8c9d0ed710f8764fae1e6c52960606e85,513,source_published_annotation,source_published_annotation_unreviewed
69297.015,caught-in/between,"Employee #1 was working with a crew that was preparing a Liebherr LTM 1220 5.2 265 ton mobile crane for transit by coupling the crane's boom to a boom dolly. The crane operator backed the crane into position in front of the dolly and positioned the boom over the dolly. Air lines from the dolly were connected to the cranes pneumatic system in order to inflate the dolly's suspension and power the pneumatic pins that secure the boom to the dolly. The dolly was designed to release its spring applied brakes once air is introduced into its pneumatic system. The dolly was parked on an incline of approximately 5 degrees without chock blocks. After the air lines were connected, the brakes were released and the dolly rolled forward pinning Employee #1 against the back of the crane crushing him. Employee #1 was killed.",real,True,sha256:9dc64febec01c93d775dd15a7f2cddb8c9d0ed710f8764fae1e6c52960606e85,514,source_published_annotation,source_published_annotation_unreviewed
69363.015,struck-by,An employee was using a pry bar to open a manhole cover when a front end loader backed over him. The employee was crushed and killed by the weight of the equipment. The incident investigation revealed that the operator of the front end loader did not see the employee.,real,True,sha256:9dc64febec01c93d775dd15a7f2cddb8c9d0ed710f8764fae1e6c52960606e85,515,source_published_annotation,source_published_annotation_unreviewed
69016.015,caught-in/between,An employee was framing interior walls. A 24-ft framed wall with drywall material installed fell away from interior framing because of lack of adequate bracing crushing and killing the employee.,real,True,sha256:9dc64febec01c93d775dd15a7f2cddb8c9d0ed710f8764fae1e6c52960606e85,516,source_published_annotation,source_published_annotation_unreviewed
68869.015,struck-by,An employee was walking towards the paving equipment in a construction work zone. A dump truck containing paving material was backing up to the paver in order to dump the material into the paver. An employee was walking towards the paver with his back to the dump truck. The driver of the dump truck did not see the employee and the employee did not hear the truck approach him. The truck then ran over the employee. The employee suffered from massive crushing to his body and was killed.,real,True,sha256:9dc64febec01c93d775dd15a7f2cddb8c9d0ed710f8764fae1e6c52960606e85,517,source_published_annotation,source_published_annotation_unreviewed
68359.015,electrocution,"Employee #1 was installing ductwork. He crawled into a tight space where gas pipes were running across the attic floor. A junction box with faulty wiring coming into contact with metal ductwork causing a neutral current to pass through someone in contact with both the ductwork and a ground path. The employee was electrocuted when coming into contact with the gas pipes and metal ductwork carrying a neutral current. The metallic ductwork was lying across a junction box that did not have a neutral conductor. The neutral wire was tied to a bare wire that was poorly attached to the junction box. Employee #2 tried to assist in pulling Employee #1 away from the workspace and touched the gas pipes for stability, and sustained an electrical shock.",real,True,sha256:9dc64febec01c93d775dd15a7f2cddb8c9d0ed710f8764fae1e6c52960606e85,518,source_published_annotation,source_published_annotation_unreviewed
68342.015,caught-in/between,"Employee #1 was using a hose attached to a sump/muck pump to suction mud and water from the floor of an 11 to 13 foot deep unprotected trench in the rear yard of the home. Employee #2, a foreman was working in front of the residential home. While working at the floor of an unprotected trench which was approximately 45 feet long by 4 feet wide by 11 to 12 feet deep, the West wall of the trench collapsed burying Employee #1. The foreman was alerted by another worker of an emergency. The Foreman, responding to worker calls for help, accessed the trench and a secondary collapse of the West wall buried the foreman. Both the Employee #1 and Employee #2 suffered from mechanical asphyxia as a result of dirt collapsing on top of them and were killed.",real,True,sha256:9dc64febec01c93d775dd15a7f2cddb8c9d0ed710f8764fae1e6c52960606e85,519,source_published_annotation,source_published_annotation_unreviewed
64291.015,electrocution,"An employee was working for an electric power distribution utility. He was a member of a crew of power line workers. They were tapping into an existing overhead power line and routing a new power line to a meter pole located approximately 270 meters (880 feet) away. The employee was connecting overhead power lines to a transformer on a utility pole. A transformer had been installed on a dead-end pole next to the meter pole. As the employee was connecting the transformer to the new power line, the power line became energized, at 14.4 kV. Protective grounds had not been applied. The employee was electrocuted.",real,True,sha256:9dc64febec01c93d775dd15a7f2cddb8c9d0ed710f8764fae1e6c52960606e85,520,source_published_annotation,source_published_annotation_unreviewed
54508.015,caught-in/between,Employee #1 was placing a sanitary sewer line in a trench. The 14 ft trench was without any means of protective systems and it caved-in on Employee #1 as he worked. Employee #1 was struck by and engulfed in Class B soil from a trench collapse and died.,real,True,sha256:9dc64febec01c93d775dd15a7f2cddb8c9d0ed710f8764fae1e6c52960606e85,521,source_published_annotation,source_published_annotation_unreviewed
52788.015,struck-by,"Employee #1 was working as a spotter for an auger operator. The employee instructed the operator, through hand signals, to continue taking in slack on the auxiliary cable with the hoist and drum. The cable was hooked to a D-ring that was intended to be used only for tie down purposes. The tension on the D-ring exceeded the tensile strength and caused it to snap, creating a whiplash effect on the hook and cable, striking Employee #1 in the right upper arm and chest. The blunt force trauma the employee received to his torso, right arm and right ribs killed him.",real,True,sha256:9dc64febec01c93d775dd15a7f2cddb8c9d0ed710f8764fae1e6c52960606e85,522,source_published_annotation,source_published_annotation_unreviewed
42679.015,caught-in/between,"Employee #1, employed by a construction subcontractor, was engaged in excavation work at a multiemployer residential construction site. He was working in a trench for a storm sewer pipeline. The trench was approximately 8 feet deep, 8 feet wide, and 17 feet long in previously disturbed soil. The trench collapsed, trapping Employee #1. Employee #1 was fatally crushed. The subsequent investigation determined the trench had no shoring, and a trench box had not been provided.",real,True,sha256:9dc64febec01c93d775dd15a7f2cddb8c9d0ed710f8764fae1e6c52960606e85,523,source_published_annotation,source_published_annotation_unreviewed
42539.015,electrocution,"Employee #1 and Coworker #1, employed by an electrical contractor, were performing utility work. Employee #1, who was wearing leather gloves, was holding one end of a guy wire, and Coworker #1 was cutting the wire with a large wire cutter. The guy wire was not properly grounded from inductive energy from two overhead power wires carrying 230 KV of electrical energy. Employee #1 was electrocuted. The subsequent investigation reported what appeared to have been thermal burns to Employee #1's left hand, left forearm, and lower extremities.",real,True,sha256:9dc64febec01c93d775dd15a7f2cddb8c9d0ed710f8764fae1e6c52960606e85,524,source_published_annotation,source_published_annotation_unreviewed
41140.015,electrocution,"Employee #1 was climbing an extension ladder and guiding a 4 ft by 8 ft sheet of plywood . The plywood sheet was hoisted to an open section of a second story roof by a section of rope. As Employee #1 climbed the ladder, he contacted an energized overhead power line that was running parallel to the south side of the house and was measured approximately 12 in. from the ladder. The line voltage was 7,200 volts. The power lines were not guarded or otherwise made safe. After contacting the power lines, Employee #1 fell approximately 22 ft to the sidewalk. He sustained internal bleeding from blunt trauma to the head and torso and an electrical burn on the right index finger and is killed.",real,True,sha256:9dc64febec01c93d775dd15a7f2cddb8c9d0ed710f8764fae1e6c52960606e85,525,source_published_annotation,source_published_annotation_unreviewed
27615.015,caught-in/between,"An employee was serving as a rigger during a lifting operation using an excavator. As the employee was standing between a stack of crane mats and the bucket of an excavator being used as a lifting device, when the bucket struck and pinned him between the mats and the excavator's bucket. The employee was killed as a result of his injuries sustained. The incident investigation revealed that the operator's shirt became entangled with the excavator's control, while he was attempting to raise the front windshield of the excavator. This caused the unintentional lowering of the bucket.",real,True,sha256:9dc64febec01c93d775dd15a7f2cddb8c9d0ed710f8764fae1e6c52960606e85,526,source_published_annotation,source_published_annotation_unreviewed
25655.015,electrocution,"An employee was working at a construction site as a power line worker. His employer was an subcontractor that performed electrical utility work. The employee had set up his bucket truck and had attached a tool tray and tool bag to the bucket of the truck. The employee then boomed the bucket up to the location of the work activity approximately 9.8 meters (32 feet) high. The employee was disconnecting a guy approximately 380 to 458 millimeters (15 to 18 inches) below an overhead power line energized at 7,200 volts single phase and a lower overhead power line, which was neutral with respect to ground. Using an adjustable wrench, like a Crescent wrench, the employee took off the nut to the eye bolt that was holding the guy wire in place. The eye bolt went through a utility pole. The guy stretched approximately 6.7 meters (22 feet) through the top of another pole. It acting as a support, and it was anchored into the ground. The employee grabbed the guy in his right hand and began to remove it from the eye bolt. The weight of the guy caused him to shift his position. He unconsciously reached up and grabbed the overhead power line energized at 7,200 volts. Initial reports indicate that an electric current entered his left hand at the web between his thumb and index finger and exited his right hand at the wrist. He was electrocuted. From an initial investigation, it appeared that the employee was not wearing the necessary PPE to engage in the work that he was performing.",real,True,sha256:9dc64febec01c93d775dd15a7f2cddb8c9d0ed710f8764fae1e6c52960606e85,527,source_published_annotation,source_published_annotation_unreviewed
17756.015,caught-in/between,"Employee #1 was installing a lateral pipe to a sewer line in an unprotected excavation trench approximately 8 feet deep, 12-14 feet wide and 12 feet long when the walls collapsed. Employee #1 was trapped and killed when the side walls of the trench collapsed on top of him.",real,True,sha256:9dc64febec01c93d775dd15a7f2cddb8c9d0ed710f8764fae1e6c52960606e85,528,source_published_annotation,source_published_annotation_unreviewed
4254.015,struck-by,"Employee #1, a maintenance technician, was attempting to unload glass from a Low Boy A-Frame trailer. Employee #1 was working alone while using a John Deere Front End Loader (Model# 544J) which had been modified with a fabricated hitch attached to the bucket. Employee #1 loaded glass to the South End Cullet Recycling Area to crush and dispose of the glass. Employee #1 parked the trailer, carrying 10 tons of glass, on a previous load that he had taken out to the site. Parking the trailer on the previous load caused the trailer to sit unevenly at a 4 to 5 degree angle leaning to the left. Employee #1 exited the front end loader to un-strap the load of the glass on the trailer. Due to the angle of the trailer, the load of glass (5 tons of glass) tipped and fell off the trailer, striking the employee. Employees #2 and 3 went looking for Employee#1 approximately one hour later and found Employee #1 on a pile of glass lying facing up with 5 tons of glass on top from the chest down. Employees #2 and 3 called 911 immediately. Emergency responders arrived and Employee #1 was pronounced dead at the scene The angle of the trailer parked on top of a previous load was the contributing factor in the death of employee #1. The employee suffered crushing injuries to the chest and pelvic area. The employee died as a result of his injuries.",real,True,sha256:9dc64febec01c93d775dd15a7f2cddb8c9d0ed710f8764fae1e6c52960606e85,529,source_published_annotation,source_published_annotation_unreviewed
3830.015,caught-in/between,"Employee #1 was operating a Case skid loader to back fill basement walls. Employee #2 was operating a Tamper/Compactor adjacent to the basement walls
He was tamping the back fill dirt as it was dumped from the loader. The loader operator was maneuvering in position to dump a load of dirt next to the basement wall. The operator had the loaded bucket elevated as he approached the excavation across unlevel terrain when the loader tipped forward. The bucket of the loader pinned Employee #2 who was operating the tamper against the basement wall. Employee #2 was crushed in the abdominal area and killed.",real,True,sha256:9dc64febec01c93d775dd15a7f2cddb8c9d0ed710f8764fae1e6c52960606e85,530,source_published_annotation,source_published_annotation_unreviewed
